node_id,lon,lat
267620065,114.3293486,30.5188887
286073041,114.361352,30.5777167
286073497,114.4119831,30.539114
286073586,114.4219307,30.5208124
286073597,114.4190094,30.5127194
286074115,114.3943652,30.5089064
286074133,114.3933608,30.5091649
286074140,114.3927648,30.5080906
286074142,114.3931581,30.5076935
286074405,114.3777069,30.5316786
286075945,114.2290168,30.6611332
286076008,114.2463933,30.6114348
286076143,114.2856725,30.5952403
286076166,114.3021308,30.5983886
286085676,114.2660039,30.5994882
299847938,114.3053629,30.614423
299847951,114.2967809,30.6194152
299848027,114.2985135,30.6184361
299848269,114.285806,30.6254949
299848302,114.3511153,30.5826851
299848306,114.345782,30.5867469
299851814,114.337959,30.5926445
299851875,114.3521058,30.5819381
299853235,114.3351856,30.5946514
299853238,114.3343442,30.5951134
299853241,114.3355625,30.5940529
299853805,114.3350402,30.5945677
299855721,114.3095848,30.6118048
299855747,114.2997449,30.6175328
299855760,114.3052889,30.61434
299855779,114.2899136,30.6226102
299855783,114.2960513,30.6195357
299855787,114.296559,30.6193053
299989195,114.3383372,30.5919842
299989224,114.3507464,30.5825271
299989225,114.3515363,30.5818891
299992443,114.3628686,30.5775139
299992458,114.3607494,30.5779641
300798309,114.2647814,30.6225615
300799139,114.1637285,30.6124529
300799145,114.1783304,30.606325
300799148,114.1902983,30.6003266
300799151,114.1984191,30.5962069
300799156,114.2077758,30.5934504
300799159,114.2111728,30.5890405
300799472,114.2504047,30.4808893
300800971,114.2203622,30.5004725
300802226,114.2202413,30.5003742
300802424,114.2502394,30.4808374
303295850,114.3322301,30.5481828
303296886,114.3314179,30.5484814
316974470,114.2613239,30.5562523
316974478,114.2607535,30.5603872
316991016,114.2473213,30.5574784
316991022,114.2568721,30.5548969
316995510,114.2637409,30.5835424
317003603,114.2909676,30.575625
317003611,114.2776791,30.5852432
317005531,114.3005407,30.5582167
317005532,114.3004363,30.5577359
317005546,114.3111125,30.5553582
317006206,114.2958221,30.5470187
317114802,114.2675516,30.5809609
317116256,114.2890693,30.5765028
317123313,114.2245145,30.5678292
317123612,114.1842396,30.5313491
317183591,114.3014466,30.5435861
317183699,114.2995223,30.5454749
317184167,114.2926279,30.5423098
317184173,114.3008847,30.5420203
317184176,114.3013766,30.5424945
317184183,114.3066965,30.5427283
317406902,114.3031724,30.6101105
317407286,114.2889893,30.5809441
317408037,114.291013,30.5793198
317747466,114.2748158,30.5510124
317747516,114.2576073,30.5520024
317751542,114.2034821,30.5737591
317751693,114.1970095,30.5703747
317751726,114.2115707,30.568158
317751805,114.2178295,30.5710315
317751895,114.2156647,30.567162
317751904,114.2079232,30.5679422
317752112,114.2220711,30.5597448
317756854,114.3041156,30.5430419
317756858,114.3044588,30.5427353
317756898,114.3040875,30.5427462
319230024,114.249648,30.6421139
319230036,114.1786129,30.6278624
319230122,114.2976859,30.6837511
385057814,114.3260818,30.5910853
385057927,114.3299765,30.5955962
385057960,114.334695,30.5993687
385057973,114.3310511,30.5977592
385062593,114.2975881,30.683763
506157801,114.3031109,30.5235614
597420850,114.3375295,30.5450707
597420860,114.3381983,30.5477924
597420882,114.3423267,30.5435595
597420892,114.3425087,30.5480512
597420896,114.3425825,30.5472049
597420913,114.3314708,30.5465224
597420919,114.3324208,30.5461692
597420987,114.333209,30.5478493
613500233,114.3441863,30.6083988
613500236,114.3352609,30.5999276
613500237,114.3407511,30.5956933
613500254,114.3382002,30.592882
617551820,114.33597,30.5561355
617564308,114.3486277,30.5416206
617564324,114.3420797,30.551392
617564331,114.3381083,30.5492775
617564335,114.3388063,30.5513908
617564342,114.3422758,30.5561042
617564354,114.3132086,30.5459306
635971940,114.4159538,30.4674486
635971975,114.4907629,30.473715
635971996,114.5621513,30.4627858
642989453,114.2886916,30.6202375
642989469,114.2819613,30.6204048
642989629,114.261781,30.5557053
642989721,114.260654,30.5561876
642989728,114.2606719,30.5566132
642989740,114.2600549,30.5563379
642989747,114.2602872,30.5567004
642989764,114.260462,30.5557041
642989769,114.2602536,30.5561283
642993863,114.2462579,30.57225
642993879,114.2461377,30.5723466
642993896,114.2457397,30.5723067
648969693,114.2625996,30.605762
648969695,114.2681637,30.6037888
648969698,114.2659959,30.60389
648969731,114.2712326,30.6038442
648969735,114.2689163,30.6037842
648969744,114.2783595,30.6034783
648969763,114.28197,30.5956334
648969776,114.2809585,30.5992083
648969813,114.2828847,30.6039997
648969815,114.2809697,30.6038126
648969832,114.2939492,30.6066258
648969839,114.2591964,30.6092211
648969857,114.2676342,30.6153819
648969870,114.2739799,30.6156297
648969887,114.2754789,30.6204847
648969895,114.2852895,30.6123967
648969898,114.2807912,30.6158936
648969899,114.2839006,30.6134409
651691750,114.2834592,30.6351573
651691756,114.2865721,30.6388082
651691764,114.2825424,30.6371067
651691783,114.2946169,30.642819
651691788,114.2850559,30.6414965
651691796,114.2830839,30.6426675
653438798,114.317143,30.5727448
653438806,114.2659539,30.601133
653438810,114.2715803,30.6028194
653438824,114.2880446,30.5965329
656217792,114.2988859,30.6015778
656217809,114.2790271,30.616875
656217810,114.2760556,30.6172032
656217811,114.2744041,30.6174
656217812,114.28069,30.6165604
656217817,114.3058826,30.6043134
656217818,114.3065678,30.6053742
656217819,114.3023696,30.6073162
694059597,114.3488371,30.6039721
694059639,114.3458276,30.6068558
694059734,114.343139,30.6045757
694059793,114.3471265,30.5977754
694059799,114.3415746,30.6059173
694060932,114.3447937,30.5966328
694060938,114.3524998,30.6003879
694061157,114.3453634,30.6007593
696952512,114.3705708,30.6270832
696952526,114.3740792,30.6292643
696981355,114.252364,30.5459612
837956951,114.3048517,30.5022352
837956968,114.3071646,30.4997274
837956972,114.309509,30.4997431
837956985,114.3093233,30.4965635
837956998,114.3077421,30.4938641
837957019,114.3079174,30.4832417
837957033,114.3078805,30.4782684
837957036,114.3079437,30.4770334
837957043,114.3084908,30.472069
837957265,114.3025017,30.5066865
837959231,114.3228367,30.4692529
837959232,114.3185241,30.4703282
837970927,114.2610601,30.4739353
838312901,114.3170856,30.531145
838312904,114.317021,30.5289237
838312921,114.3151115,30.5263672
838312926,114.3142016,30.5231548
838313533,114.3211502,30.5387409
838313738,114.3281901,30.5322157
838320673,114.4255855,30.4723104
838320717,114.4229081,30.4749131
838320720,114.4240296,30.4774973
838320724,114.4235133,30.4758786
838320725,114.4242835,30.4794293
845686557,114.36991,30.5308796
858236881,114.2802581,30.6380989
895719146,114.2577176,30.5276787
895719158,114.2418396,30.5162006
895719192,114.2467974,30.5136738
895719416,114.2466148,30.5126477
895719436,114.2614922,30.536516
901269356,114.4090952,30.5340347
914652005,114.2069124,30.6520489
979935996,114.3545872,30.5389922
979935998,114.3539274,30.5395945
979936015,114.3523717,30.543912
979937331,114.3567673,30.5398627
979940440,114.347758,30.5483159
1014368356,114.3380223,30.5922258
1014368363,114.3402182,30.5947617
1014368372,114.337759,30.5924325
1014368377,114.3409361,30.5955777
1014368379,114.3382348,30.5924324
1014368382,114.3354077,30.5900907
1014368387,114.3355889,30.5899967
1014368392,114.3322637,30.5869002
1014368393,114.3400821,30.5948532
1014368397,114.3340868,30.5888848
1080932492,114.4547452,30.4725989
1084460426,114.2121097,30.6414323
1084461959,114.1987784,30.6433761
1084461960,114.1942733,30.6428147
1084461963,114.1946232,30.6441393
1084461972,114.199595,30.6417646
1124348558,114.3334581,30.4821686
1124414181,114.3502788,30.4793769
1124414182,114.3502164,30.4759987
1124414187,114.3520784,30.4760152
1124414212,114.3478393,30.4794389
1124414216,114.3475249,30.4760029
1124414301,114.3479424,30.4812623
1124414305,114.3480575,30.4807241
1124414313,114.3508424,30.4808601
1124414320,114.3487858,30.4792897
1124414321,114.3494547,30.4787744
1124414324,114.3546826,30.478685
1124414325,114.3547393,30.4760129
1124414329,114.3366809,30.4775394
1124470906,114.3464452,30.4794318
1124470908,114.345413,30.4783157
1124470941,114.3464677,30.4783285
1124470943,114.3473942,30.4735369
1124470962,114.3564554,30.4786865
1124470964,114.3581538,30.47929
1124470968,114.3528206,30.4760035
1124470970,114.349018,30.4735723
1124470972,114.3440021,30.4734789
1124470973,114.3490162,30.4760001
1124470975,114.3433129,30.4734636
1124470979,114.3395345,30.4644523
1124470996,114.3303544,30.4646792
1124471008,114.3414001,30.4765544
1124474696,114.4091919,30.5153804
1124474698,114.4089561,30.51341
1124474701,114.4114504,30.513187
1124474705,114.4156158,30.5176573
1124474713,114.4266532,30.5144121
1124474715,114.4263115,30.5116074
1124475789,114.4133375,30.5129899
1124475792,114.4139271,30.5178087
1124476633,114.4055772,30.5185572
1124476636,114.4054558,30.5175524
1124476637,114.4052362,30.5157339
1124476777,114.4071046,30.5155669
1124476778,114.4068772,30.5135958
1124484612,114.4049983,30.5137638
1124484621,114.4027264,30.512279
1124505152,114.4116882,30.5151573
1124505156,114.4288682,30.5172037
1124505158,114.4287893,30.5161667
1124507245,114.4136802,30.5158746
1124507255,114.4092978,30.5162722
1124510061,114.4069912,30.5145838
1124730360,114.4117954,30.5160449
1124730362,114.4120288,30.5179789
1124737702,114.4028509,30.5188014
1124737704,114.4027312,30.5177715
1124737707,114.4016704,30.5178572
1124745594,114.4072079,30.5164624
1124851790,114.3492246,30.4783615
1124851792,114.349221,30.4775385
1124851793,114.3502913,30.4775414
1124851797,114.3497526,30.4775409
1124851799,114.3497318,30.4759988
1124861508,114.3456411,30.4760064
1124861512,114.3456891,30.4734968
1125840424,114.393894,30.5076098
1125840426,114.3943045,30.5078168
1125840430,114.3945382,30.5081505
1125840454,114.352798,30.4747156
1125840460,114.3205458,30.4840429
1125840591,114.3340656,30.5079898
1136871011,114.178095,30.5495491
1137627685,114.2549517,30.5297812
1137627691,114.2489051,30.5288065
1137627699,114.247468,30.5280349
1137627722,114.2515902,30.5263019
1137627740,114.2497329,30.526273
1137627809,114.2467633,30.5132149
1137627915,114.243464,30.525331
1140350466,114.3332404,30.4789858
1140350477,114.3479182,30.4828193
1140522925,114.350977,30.4742172
1140522966,114.4259349,30.5082623
1140522989,114.3538994,30.476005
1140522995,114.3501775,30.4742111
1140523115,114.3639869,30.4791817
1140523149,114.3489981,30.4744796
1140523153,114.3520519,30.474713
1140523161,114.3519597,30.4742405
1140540207,114.3352647,30.4962455
1143279375,114.4308792,30.5144251
1143279379,114.4290866,30.5145847
1143279392,114.4215813,30.5147598
1143279393,114.427575,30.5120083
1143279404,114.4302919,30.5167544
1143279407,114.4267035,30.5147967
1143279408,114.4276638,30.5104133
1143279420,114.4298709,30.5145149
1143279423,114.4263653,30.5120902
1143279425,114.4301928,30.516033
1143279434,114.4199314,30.5150737
1143279438,114.4298877,30.5167818
1143279452,114.4298118,30.5160678
1143279462,114.4300297,30.5160479
1143289197,114.4047735,30.5118066
1143289220,114.4066521,30.5116447
1143290647,114.4093554,30.511403
1143290820,114.4134301,30.5137729
1143290821,114.4095146,30.5182043
1143293129,114.4119077,30.5169757
1143293131,114.4137957,30.5167855
1143293140,114.4053447,30.5166319
1143293142,114.4018209,30.5169524
1143293143,114.4073145,30.5173862
1143293694,114.400067,30.5157519
1143293696,114.4005813,30.5106052
1143293729,114.4020087,30.5160332
1143293735,114.3987572,30.5140527
1143293737,114.4003415,30.5119046
1143293738,114.400126,30.5130552
1143293739,114.4025137,30.5134011
1143333550,114.3557482,30.478687
1143403093,114.3484055,30.4760047
1143403095,114.3480527,30.4764817
1143420682,114.3513456,30.4795495
1143420691,114.3545968,30.4790803
1143420701,114.3512083,30.4767376
1143420755,114.3545756,30.4786865
1143420778,114.354902,30.4793784
1143420783,114.3566958,30.4794159
1143420793,114.3542405,30.4793828
1143420852,114.3482998,30.4803798
1143420978,114.3520844,30.4767275
1143424420,114.3494445,30.4783641
1143424421,114.3486587,30.4793104
1143424422,114.3486606,30.4783542
1143424431,114.3482327,30.4783496
1143435675,114.350755,30.4812229
1143435678,114.3499039,30.4812249
1143435692,114.3498868,30.4821343
1143435693,114.3507408,30.4818605
1143435698,114.3472218,30.4815801
1143435705,114.3498929,30.4818106
1143435706,114.3489727,30.481928
1143435710,114.3499088,30.4809663
1143435712,114.3498907,30.4819283
1143435714,114.3489719,30.4821892
1143435718,114.3498988,30.4814995
1143435730,114.3472246,30.4819273
1143435736,114.3479226,30.4822156
1143435737,114.3490601,30.4815551
1143435738,114.3479347,30.4815717
1143435740,114.3479267,30.4819276
1143435747,114.3471812,30.4794371
1143435749,114.3507503,30.4814987
1143453703,114.3405663,30.4772603
1143453707,114.3413959,30.4778001
1143453718,114.3395585,30.4770205
1143453726,114.3414006,30.4783538
1143453728,114.3413988,30.477532
1143453729,114.3414017,30.4772593
1143453733,114.3408245,30.4791298
1143453735,114.3405525,30.4780468
1143453739,114.3405599,30.4785642
1143453742,114.3422594,30.4780522
1143453768,114.340559,30.4776949
1143453792,114.3399152,30.4803213
1143453799,114.3414009,30.4785803
1143453800,114.3421949,30.477243
1143453804,114.3422721,30.4777932
1143453805,114.3405533,30.478333
1143453811,114.3386054,30.4824822
1143453813,114.3405649,30.477376
1143453825,114.3395394,30.4783452
1143453839,114.3369928,30.4806745
1143453845,114.3405882,30.4803718
1143453858,114.3405621,30.4775285
1143453865,114.3407038,30.4800301
1143453872,114.3405573,30.4777875
1143453883,114.3395462,30.4776915
1143453885,114.3414044,30.4770107
1143453888,114.3397634,30.4802352
1143453889,114.3421951,30.4775096
1143453903,114.340046,30.4793424
1143453928,114.3413932,30.4780543
1143465468,114.3430075,30.4787012
1143465488,114.3412453,30.4803701
1143465509,114.3430153,30.4788584
1143465545,114.3447833,30.4783143
1143465550,114.3443135,30.4784784
1143465563,114.3443069,30.4783065
1143465621,114.3425325,30.479108
1143465667,114.3434283,30.4787012
1143465682,114.3430017,30.4784836
1143750553,114.4312991,30.5157611
1143750600,114.4321987,30.5156697
1143771119,114.4159798,30.5182452
1143771146,114.3994561,30.5265638
1143771207,114.4122441,30.5198766
1143771303,114.4184945,30.519893
1143771359,114.4247959,30.5134889
1143780465,114.4121512,30.5189929
1143783990,114.4098872,30.5133268
1143790416,114.4037167,30.5187239
1143790451,114.4034997,30.5167997
1143790467,114.4035964,30.5177016
1143965868,114.4170353,30.4978245
1144975763,114.330495,30.5180625
1144975815,114.3303416,30.5179361
1144975841,114.3557436,30.5272995
1145134716,114.2487224,30.4812235
1145134717,114.2496587,30.4838295
1145134720,114.2478052,30.4798137
1145134725,114.264381,30.4730796
1145134735,114.2650006,30.4717417
1145134746,114.2642867,30.4722966
1145134762,114.2491963,30.4821763
1145134764,114.2487694,30.4808196
1145157769,114.263024,30.4712978
1145157779,114.2630279,30.4739407
1145157800,114.2682991,30.4700796
1145214736,114.4130076,30.4670912
1145214738,114.4200058,30.4673386
1145214740,114.4129487,30.4671946
1145221979,114.4154801,30.4670251
1145226097,114.4360522,30.4694544
1145226098,114.4362049,30.4696392
1145360184,114.3336974,30.4796145
1145360186,114.3334525,30.4790319
1145360194,114.3337462,30.4821502
1145360210,114.3354891,30.4961882
1145360212,114.3384918,30.5016543
1145371753,114.324317,30.4632727
1145371755,114.3245997,30.4632572
1145375839,114.3462931,30.4761537
1145375841,114.347681,30.4780381
1145375852,114.3486661,30.4780342
1145375881,114.3468457,30.4761769
1145375904,114.3465666,30.4761903
1145375914,114.3477246,30.4760025
1145375918,114.3465768,30.4760047
1145375920,114.3483892,30.477434
1145375946,114.3477254,30.4761168
1145375947,114.3475944,30.4768011
1145382348,114.3464446,30.4789845
1145382356,114.347071,30.4791866
1145382361,114.3471184,30.4791022
1145382383,114.3460547,30.4794315
1145382385,114.3460177,30.4789764
1145382388,114.3460189,30.478323
1145382389,114.3477791,30.479111
1145382390,114.3477927,30.4791953
1145387973,114.3456133,30.4771915
1145387974,114.3461107,30.477194
1145387982,114.3451398,30.4771986
1145387995,114.3475155,30.4791113
1145387996,114.3471081,30.4788647
1145387997,114.3464365,30.479203
1145387998,114.3460303,30.479203
1145388000,114.3460146,30.4786986
1145388001,114.3454018,30.4786986
1145388004,114.344717,30.4763832
1145388007,114.3450486,30.4763757
1145388008,114.3450608,30.4759892
1145388010,114.3447197,30.4766061
1145388012,114.3451398,30.4764727
1145388013,114.3456264,30.4764702
1145388014,114.3461054,30.4764774
1145394689,114.3472273,30.4812623
1145398059,114.3483476,30.4807214
1146760278,114.3421656,30.552109
1146762322,114.3486011,30.5515148
1146762345,114.3286775,30.552749
1146762346,114.3426168,30.5532513
1146762352,114.3407468,30.5541071
1146762353,114.3313911,30.5579696
1146763173,114.3328641,30.5463506
1146763175,114.3487199,30.542101
1146763177,114.3301021,30.5470026
1146763179,114.3309215,30.5486634
1146763186,114.3298416,30.5475349
1146763187,114.3302576,30.5483411
1146763189,114.3333531,30.5473465
1146771949,114.3670062,30.5247765
1146779999,114.3666865,30.5210223
1146780001,114.3678244,30.5205834
1146780004,114.3624553,30.5173723
1146780897,114.3671164,30.5206244
1146781913,114.3608088,30.5231708
1148539504,114.3028363,30.6097114
1148732144,114.3448971,30.5164431
1148735588,114.3478063,30.5177854
1148735605,114.3495539,30.517787
1148735623,114.3525714,30.514957
1148735635,114.3552909,30.523948
1148735639,114.351821,30.5159047
1148740592,114.348868,30.5198199
1148740602,114.3467534,30.5266392
1148740604,114.3468663,30.5260853
1148740619,114.3409901,30.5239012
1148743737,114.3488778,30.521786
1148743739,114.3488585,30.5177786
1148743742,114.3488894,30.5226942
1148754888,114.3371429,30.518303
1148754902,114.3392801,30.5129616
1148754905,114.3360512,30.5163713
1148754906,114.3399741,30.5163541
1148754908,114.3448053,30.51928
1148754909,114.3367298,30.5169143
1148754925,114.3393381,30.5132316
1148754927,114.3407591,30.5204389
1148754930,114.3444787,30.5159568
1148754935,114.3381008,30.5156026
1148754942,114.3334211,30.5150224
1148754946,114.3402518,30.5178806
1148754949,114.3397413,30.5151907
1148772842,114.346281,30.5241459
1148772845,114.3456052,30.5238086
1148772855,114.3462053,30.524267
1148772858,114.3462991,30.524044
1148772860,114.3460243,30.5237142
1148772872,114.3455705,30.5237239
1148772875,114.3462465,30.5243862
1148772885,114.3454983,30.5240494
1148772889,114.3459798,30.5236046
1148772893,114.3458641,30.5243879
1148772901,114.3459001,30.5244791
1148784406,114.3245945,30.4943372
1148784409,114.32483,30.4986804
1148784410,114.3082639,30.5067362
1148784411,114.3199829,30.4997124
1148784417,114.3088015,30.5200119
1148784419,114.3254111,30.5014434
1148784425,114.3199648,30.5028746
1148790330,114.3337416,30.4904296
1148794191,114.3309278,30.5131708
1148794192,114.3303201,30.5105513
1148953421,114.222588,30.4990014
1148953466,114.2236395,30.4991235
1148953475,114.2211899,30.4960693
1148953479,114.225902,30.4966739
1148953483,114.223809,30.4980381
1148953525,114.2227941,30.4979139
1148956332,114.2239206,30.4981189
1148956338,114.2237757,30.4990455
1149005206,114.2228895,30.5345532
1149012764,114.2134527,30.5205037
1149012770,114.211028,30.5224799
1149012796,114.2176935,30.5195012
1149012819,114.2172794,30.519049
1149012832,114.211088,30.5230873
1149018692,114.2088524,30.5079645
1149018742,114.2020305,30.5122805
1149018778,114.2085862,30.5079636
1149024768,114.2060379,30.509764
1149024784,114.2056077,30.510281
1149024786,114.205956,30.5096669
1149073373,114.2058554,30.5100954
1149116429,114.2746929,30.5078353
1149116528,114.2869304,30.5212292
1149116541,114.2824969,30.5140429
1149116648,114.2899787,30.526149
1149116723,114.2875857,30.525119
1149116808,114.2935279,30.5238403
1149116812,114.2863456,30.5233549
1149116817,114.3000849,30.5226577
1149116818,114.2858644,30.5179918
1149116847,114.2910534,30.5087602
1149116850,114.2742634,30.5066312
1149116855,114.2829344,30.4998586
1149116892,114.2873911,30.5250083
1149116905,114.2917044,30.5237936
1149116962,114.2727352,30.5061257
1149116976,114.283133,30.5153485
1149117055,114.2812657,30.5135561
1149117089,114.2857859,30.5178479
1149139774,114.3050496,30.4678
1149139800,114.3083237,30.4661622
1149163822,114.5611179,30.4629316
1150242435,114.3197931,30.5287144
1150257032,114.3307082,30.5465012
1150257036,114.3184939,30.5463486
1150257040,114.3184085,30.5335069
1150257043,114.3214238,30.5449742
1150257044,114.3309082,30.5460662
1150257045,114.3048838,30.526459
1150257046,114.3013213,30.5277826
1150257050,114.328611,30.5422464
1150257051,114.3321754,30.5485547
1150257057,114.3300191,30.5444391
1150257059,114.3330333,30.5505251
1150257063,114.3329354,30.5505587
1150257067,114.3329279,30.5500344
1150257071,114.3296283,30.54417
1150257073,114.32984,30.5443225
1150257075,114.3305094,30.5468608
1150257080,114.3325469,30.5500978
1150257082,114.3287325,30.5421999
1150580612,114.2116814,30.5562599
1150580614,114.2017272,30.5690473
1150580615,114.2142073,30.5562798
1150589797,114.2610299,30.545309
1150589801,114.2589976,30.5558238
1150589813,114.2693394,30.5476818
1150591377,114.218568,30.5485778
1150591381,114.219195,30.5505463
1150600080,114.2188132,30.5728482
1150600103,114.2419198,30.5422719
1150600145,114.2443409,30.5662969
1150600152,114.2406936,30.5660578
1150600186,114.2186925,30.5722217
1150600243,114.2119624,30.5757748
1150600246,114.2395765,30.5641219
1150600399,114.2399234,30.5549887
1150600501,114.2443552,30.5664398
1150606474,114.2609213,30.5483743
1150606478,114.2552798,30.5495937
1150606488,114.2575872,30.5483197
1150606490,114.2554706,30.5522863
1150606500,114.2558102,30.5482769
1150751864,114.3410856,30.5037861
1150751885,114.3602166,30.506369
1150752044,114.3550292,30.5061494
1150752059,114.3395652,30.5043226
1150752129,114.3649144,30.4968579
1150752133,114.347031,30.5058661
1150752185,114.3399641,30.5042601
1150752241,114.3649879,30.5032435
1150752244,114.3604204,30.5073419
1150752247,114.3471753,30.5123773
1150768887,114.3879906,30.4961705
1150768894,114.3758845,30.5066887
1150768990,114.3565876,30.5181233
1150821133,114.4258044,30.4707976
1150821136,114.4200216,30.4705456
1150821216,114.4307319,30.4768581
1150821221,114.4200311,30.4851378
1150841396,114.4868391,30.4917182
1150841564,114.3972335,30.5060386
1150844342,114.4344904,30.4920253
1150844388,114.4378949,30.5062189
1150849631,114.4043173,30.5062074
1150849649,114.4038529,30.5097697
1150854713,114.4323964,30.5324309
1150854718,114.432343,30.510561
1150854721,114.4355301,30.5269324
1150854726,114.4351996,30.5261684
1150854740,114.4336991,30.5304338
1150854753,114.4297795,30.5118989
1150854755,114.4327272,30.5196299
1150854758,114.429045,30.5276655
1150854765,114.4314826,30.5141242
1150854770,114.4308854,30.5140471
1150854777,114.4251553,30.5324536
1150858918,114.4301131,30.5006117
1150858930,114.4477127,30.5014721
1150858950,114.4408363,30.5001621
1150858951,114.4292709,30.5016149
1150858952,114.4318206,30.513773
1150868396,114.4220593,30.5227895
1150899579,114.2790738,30.5592914
1150899587,114.276772,30.5550038
1150899716,114.2443916,30.5187622
1150899722,114.269574,30.5583969
1150899741,114.2674185,30.5524034
1150922211,114.2623198,30.5635128
1150922236,114.2610049,30.5607579
1150922270,114.2610414,30.5609263
1150922273,114.2601428,30.5637389
1150922293,114.2606023,30.5589786
1150931293,114.1945696,30.5786292
1150931303,114.2040819,30.5735999
1150931493,114.1832707,30.5688525
1150931686,114.1680928,30.5902224
1150931791,114.1825591,30.5685027
1150931879,114.1812649,30.5829765
1150947742,114.1916809,30.5517891
1150947800,114.2027671,30.5719063
1150947861,114.2008347,30.5724668
1150947906,114.2003936,30.5712195
1150947910,114.188321,30.5545387
1150947944,114.2062537,30.5495091
1150947984,114.2064125,30.5491403
1150947999,114.2023033,30.5707004
1150948041,114.1880328,30.5776737
1150948074,114.199547,30.5520712
1150948084,114.1865689,30.5739295
1150948206,114.2014893,30.5742903
1150948247,114.2066557,30.5495353
1153929758,114.350936,30.4815583
1153929765,114.3509301,30.4817426
1153929766,114.350699,30.4732052
1153929768,114.3509225,30.4819778
1153929769,114.350743,30.4817423
1153929783,114.3580412,30.4796906
1153929791,114.3509162,30.4821746
1153929798,114.350738,30.4819778
1153929803,114.3557541,30.4760255
1153929910,114.3502311,30.4792735
1153929911,114.3506621,30.479275
1153929918,114.3502397,30.4790174
1153929925,114.3502279,30.4789637
1153929931,114.3502341,30.4786864
1157116559,114.4258516,30.5063722
1157116561,114.4289855,30.5061448
1157121747,114.3531642,30.4786922
1157121749,114.358256,30.4782602
1159482845,114.3479838,30.5295816
1159482849,114.3472772,30.5292685
1159482853,114.3481304,30.5294225
1159482855,114.3484468,30.5289521
1159482898,114.347193,30.5289809
1159482953,114.3477324,30.5283756
1159496450,114.3656134,30.5210778
1174444365,114.2225391,30.5168536
1174444405,114.1890821,30.5354884
1174444412,114.2070519,30.5249774
1174444426,114.2021877,30.5276547
1174444428,114.2046942,30.5272315
1174444429,114.1883226,30.5354616
1174444445,114.204316,30.5265311
1174444450,114.1889031,30.5349371
1174444468,114.2007169,30.5287743
1174444476,114.2097594,30.5231803
1174444486,114.1882804,30.5362024
1174444493,114.2221971,30.5163994
1174444524,114.1876826,30.535374
1174975371,114.4467736,30.4636055
1174975446,114.4469288,30.4636375
1175005932,114.3465275,30.6018539
1176702926,114.4313679,30.4791113
1176704368,114.4206659,30.4652808
1177341074,114.4285395,30.4925205
1177341496,114.4292117,30.4914668
1179094299,114.3523113,30.4792767
1179094320,114.3525746,30.4792874
1179101395,114.3450498,30.5213946
1180187243,114.3647466,30.5211709
1180187253,114.3633742,30.5218298
1180187256,114.3638492,30.5214333
1180187263,114.3639857,30.5216764
1182230239,114.2605843,30.5561419
1185995089,114.3523081,30.5276111
1186631495,114.2759314,30.582329
1186631537,114.2808641,30.5875078
1186631539,114.2886052,30.5941424
1186631543,114.2818687,30.5881152
1186631575,114.27468,30.5841529
1186631581,114.2559098,30.5763097
1186631624,114.2660249,30.5805221
1186631634,114.2789653,30.5859428
1186764762,114.3890181,30.5104407
1186768322,114.4074304,30.5183911
1186768334,114.4093982,30.5172
1186768347,114.4075499,30.5194042
1186770505,114.4170506,30.5179562
1186770508,114.4185029,30.5208216
1186770519,114.4183239,30.5178397
1186770528,114.4188737,30.5177958
1186770543,114.4197347,30.517909
1186770550,114.4211146,30.5184611
1186770558,114.4209378,30.5185073
1186770560,114.4205528,30.5201433
1186770564,114.4200244,30.5201063
1186770566,114.4204477,30.5185039
1186770568,114.4186407,30.5197955
1186770571,114.4206547,30.520067
1186770574,114.4205926,30.5196555
1186784632,114.4198204,30.5185745
1186784633,114.4199618,30.5197071
1186784651,114.420462,30.518618
1186784654,114.4184205,30.5180338
1186784690,114.4174962,30.5185423
1186784696,114.418489,30.5187416
1186784783,114.4198378,30.5186958
1186784787,114.4276661,30.5147111
1189254393,114.2101876,30.5229436
1189254497,114.2105263,30.5233821
1192679526,114.2359393,30.6348483
1192679528,114.4516731,30.4924256
1192679539,114.312224,30.6758525
1192679618,114.3123828,30.6757729
1192679809,114.2790935,30.6628956
1192679822,114.4515963,30.4877155
1192679951,114.3854969,30.6363108
1192679974,114.4449323,30.5547903
1192679975,114.2027708,30.6272156
1192679980,114.4480343,30.4765944
1192679985,114.4525164,30.4830845
1192680080,114.1778725,30.6283064
1192680154,114.4461588,30.4751132
1192680209,114.4523579,30.4825698
1192680218,114.4497603,30.5077871
1192680240,114.1905733,30.6267458
1192680246,114.4493746,30.5136155
1192680277,114.2799971,30.6630542
1192680320,114.5516947,30.4652517
1192680345,114.4496191,30.5084288
1192680467,114.4492287,30.5136388
1192680562,114.4907474,30.4736312
1192680592,114.4405225,30.5598114
1192680663,114.4513954,30.488085
1192680936,114.4406453,30.5598814
1192680964,114.4506122,30.4722224
1194085209,114.2604534,30.5626584
1194085250,114.2613899,30.5629676
1194098099,114.2701038,30.5822322
1194178824,114.2219527,30.5330814
1194178830,114.213867,30.5202813
1194178885,114.2083358,30.5132073
1194178929,114.2381248,30.5581733
1194178944,114.2379466,30.558204
1194178986,114.2079658,30.5131602
1194178988,114.2033714,30.5070489
1194179115,114.2221149,30.532832
1194179190,114.2149214,30.521887
1194867142,114.4292013,30.5157626
1194867193,114.4292521,30.516119
1194980510,114.4289556,30.5133743
1194980519,114.4275218,30.5135093
1194980539,114.4265524,30.5136108
1194992390,114.4034163,30.5159264
1194992442,114.4115436,30.5139593
1194992457,114.3998992,30.5166744
1194993407,114.4318218,30.4605566
1194993413,114.4586561,30.4654499
1194993415,114.4347231,30.4635568
1194993419,114.443906,30.4630052
1194993435,114.4368229,30.4664209
1194993450,114.4431695,30.4652622
1194993456,114.4373915,30.4640905
1194993458,114.4401741,30.4646631
1194993478,114.439548,30.4669573
1194993482,114.4312313,30.4652785
1194993486,114.4341943,30.4658938
1194994830,114.387586,30.5075157
1195044782,114.3049726,30.5035777
1195044787,114.2885908,30.5097902
1195097715,114.5597217,30.51724
1195135429,114.3587176,30.6108469
1195135525,114.390502,30.6217024
1195135536,114.3815958,30.6216804
1195135563,114.380312,30.6215724
1195139567,114.4586119,30.4778727
1195154107,114.3699108,30.536026
1195154114,114.366349,30.5342871
1195154242,114.365298,30.531334
1196672307,114.3623429,30.5319545
1196672318,114.3577595,30.5394262
1196672361,114.3580403,30.5366999
1196680428,114.3661961,30.5310415
1196680429,114.3686147,30.5310037
1196680453,114.3661618,30.5311555
1196689510,114.3692443,30.5374524
1196689526,114.3604838,30.5378382
1196689538,114.3618555,30.5390142
1196691551,114.3648452,30.5219423
1196701859,114.3584877,30.5442203
1196701863,114.3570292,30.5410712
1196701880,114.3533821,30.5362134
1196701888,114.3621,30.5426629
1196701892,114.3576321,30.5414551
1196701894,114.3581257,30.5393439
1196701902,114.3569451,30.5400078
1196701906,114.3649671,30.5439603
1196701909,114.355413,30.5348517
1196701912,114.3651652,30.5436096
1196701915,114.3569924,30.5400759
1196701923,114.368329,30.5365194
1196701925,114.3651723,30.5457073
1196701946,114.3617945,30.5401016
1196701958,114.3552922,30.534829
1196701971,114.3604115,30.5400083
1196701977,114.3579505,30.5391213
1196701982,114.3521874,30.5423196
1197776359,114.368877,30.5356397
1197804617,114.384399,30.5147165
1197804623,114.3855252,30.5173239
1197839355,114.3596729,30.5324175
1197845980,114.3600202,30.5392329
1197846084,114.3602543,30.5393679
1197850795,114.3545169,30.5377458
1197871890,114.320375,30.5394487
1197871900,114.333512,30.5333339
1197871927,114.3205199,30.5396428
1197877667,114.3194144,30.5396425
1197877668,114.3218904,30.5383543
1197877713,114.3212091,30.5364799
1197877757,114.3227572,30.5397685
1197877760,114.3200142,30.5369074
1197877765,114.3190339,30.5395042
1197879673,114.3474822,30.5283629
1197953414,114.4140472,30.5188221
1197953415,114.4141513,30.5197049
1197953443,114.4050596,30.5196268
1198264393,114.4115708,30.5141845
1198264398,114.4134592,30.5140085
1198286930,114.4156893,30.5176507
1198286979,114.4135754,30.5149806
1198286988,114.4145712,30.5157277
1198287015,114.4144743,30.514904
1198287040,114.4136727,30.5158108
1198331351,114.4100025,30.5143247
1198336301,114.4112595,30.5115316
1198336316,114.4096767,30.5116733
1198416098,114.4056967,30.5195703
1198416101,114.4058008,30.520453
1198416104,114.4059091,30.521371
1198416180,114.3995354,30.5175747
1198416197,114.4039985,30.521562
1199722376,114.3589796,30.5385309
1199738793,114.3616721,30.5401402
1199764889,114.3498153,30.539471
1199764912,114.3508469,30.53661
1199764915,114.3510117,30.5376438
1199764926,114.3488563,30.5414436
1199766382,114.3498838,30.5397815
1199766388,114.3490951,30.5407634
1199771741,114.3495265,30.5336138
1199771744,114.3490685,30.5318638
1199771756,114.3491201,30.5325013
1199771757,114.3482802,30.5303348
1199771758,114.3493971,30.5332143
1199771771,114.348681,30.5310596
1199792114,114.3437259,30.5301744
1199818949,114.3512697,30.5420021
1199821232,114.3558632,30.5440952
1199831183,114.3528536,30.5411537
1199831201,114.3570169,30.5405872
1199831232,114.3542828,30.5414018
1199840461,114.352333,30.531885
1199840465,114.3527479,30.5318786
1199840469,114.3550806,30.5321295
1199840474,114.3522869,30.5300686
1199840493,114.3520341,30.5290737
1199840502,114.3530005,30.5318828
1199840512,114.3545326,30.533648
1199840514,114.3519853,30.5337074
1199840542,114.3523887,30.5325698
1199840585,114.3563226,30.5290671
1199840610,114.3550739,30.5290689
1199846255,114.1717449,30.5505579
1201319397,114.3978192,30.5065952
1201323300,114.355073,30.5282555
1201323459,114.3563215,30.5282541
1201512498,114.4351188,30.5260154
1201512535,114.4400257,30.5218509
1201512618,114.4391405,30.5203975
1201512632,114.4394629,30.5219155
1201512649,114.4474205,30.5198176
1201512669,114.4394436,30.521398
1201512671,114.4472301,30.520966
1201512689,114.4326816,30.5178093
1201613329,114.2920499,30.6633952
1201613363,114.2935881,30.6679078
1201613376,114.2918657,30.6661275
1201613481,114.2925253,30.6655159
1201613492,114.2915778,30.6626826
1201613510,114.2912707,30.6650116
1201613542,114.2318891,30.6317967
1201613624,114.2323121,30.6319623
1201613635,114.2304405,30.6308041
1201613642,114.289456,30.6653376
1201613713,114.2307352,30.6314584
1201613728,114.2964233,30.6681406
1201613769,114.2298153,30.630285
1201613775,114.2951917,30.6680341
1201613798,114.295272,30.6675177
1201613816,114.2927577,30.6680399
1201613827,114.2929274,30.6663398
1201613837,114.2901763,30.6657193
1201613868,114.294006,30.6671525
1201613879,114.2931779,30.6645646
1201613909,114.292407,30.6637504
1201613939,114.2291168,30.6314336
1201613944,114.2307419,30.632434
1201666076,114.1953945,30.5370355
1201666103,114.2153533,30.5540885
1201666109,114.195866,30.5356782
1201666112,114.1964839,30.5304944
1201666170,114.1966492,30.537714
1201666190,114.1944784,30.5379731
1201666222,114.1966697,30.537349
1201666229,114.2176503,30.5566852
1201666243,114.2008172,30.5382294
1201666392,114.1907846,30.533853
1201666394,114.1956375,30.5371182
1201666400,114.1903418,30.5341262
1201666424,114.1947374,30.5376735
1201666426,114.1951742,30.5384884
1201666446,114.1942751,30.5362891
1201666457,114.1950584,30.5381411
1201666488,114.1939738,30.5325765
1201666516,114.2218661,30.5145908
1201666576,114.1953119,30.5374167
1201666617,114.1959554,30.5307922
1201666639,114.194725,30.5380851
1201666668,114.1958795,30.5373522
1201666695,114.1964854,30.5370736
1201666721,114.2148131,30.5576832
1201666729,114.2031984,30.5343687
1201666732,114.1906962,30.5345434
1201666756,114.1958012,30.5383698
1201666848,114.1990995,30.5351174
1201666863,114.2299144,30.5104063
1201666876,114.1962156,30.5378984
1201666934,114.1973002,30.5306108
1201666944,114.1975983,30.5386008
1201666966,114.1916558,30.5339545
1201666995,114.1963945,30.5381738
1201667003,114.2166202,30.5544218
1201667004,114.1943537,30.5378377
1201667009,114.1992189,30.5350906
1201667015,114.1950367,30.5384493
1201667020,114.1960217,30.5375825
1201667025,114.1927681,30.536957
1201667060,114.1949162,30.5381208
1201667130,114.215942,30.5513218
1201667154,114.195741,30.5371967
1201667163,114.1961457,30.5365723
1201667164,114.194267,30.537742
1201667191,114.2189079,30.5605435
1201667221,114.1969944,30.5301866
1201667227,114.1947874,30.5371709
1201667233,114.1962655,30.5312094
1201667245,114.1913218,30.5335298
1201667269,114.1984806,30.5385503
1201667271,114.1967167,30.5309385
1201667272,114.1971797,30.5381703
1201667288,114.1936755,30.5256084
1201667298,114.1910949,30.5342974
1201667310,114.1938984,30.5385426
1201667327,114.1963255,30.5368215
1201667333,114.1937575,30.5382835
1201667356,114.1955775,30.5377272
1201667369,114.2203866,30.5544486
1201667370,114.1970557,30.5378984
1201667387,114.1936545,30.5379964
1201667392,114.2160502,30.5612474
1201667395,114.2106503,30.5304079
1201667429,114.1932935,30.5378189
1201667449,114.1941288,30.5374712
1201714529,114.2672874,30.5624931
1201714582,114.2793801,30.5614907
1201714637,114.2637419,30.5631583
1201714639,114.2801633,30.5632414
1202521087,114.3687778,30.5284562
1203937265,114.4245855,30.5072341
1203937266,114.4259126,30.50693
1203937276,114.4259325,30.5071402
1203939648,114.4260498,30.5094831
1204185471,114.3540737,30.5300638
1204185541,114.3550761,30.5300631
1204185595,114.3546728,30.5321303
1205094856,114.3235538,30.542008
1205094857,114.3204049,30.5432324
1205094860,114.324732,30.5415478
1205094862,114.3260224,30.5432548
1205094865,114.3247146,30.5437272
1205094867,114.3276552,30.5404392
1205330291,114.4193176,30.5201469
1205330299,114.4201775,30.520117
1205330320,114.4193456,30.52042
1205330341,114.4185555,30.5201732
1205351186,114.4177282,30.5194943
1205351248,114.4185725,30.5194276
1205351413,114.4171177,30.5191528
1205351434,114.4185251,30.5190384
1205356278,114.4185558,30.5192906
1205356280,114.4164146,30.5186381
1205356298,114.4184265,30.5180959
1205356300,114.4172117,30.5181871
1205356302,114.4197755,30.5182255
1205356304,114.4184509,30.5183481
1205356306,114.4198951,30.5191629
1205356307,114.4197692,30.5181768
1205356309,114.420389,30.5181203
1205357467,114.4205432,30.5192629
1205357469,114.419869,30.5189508
1205357471,114.4199144,30.5193203
1205357473,114.4204963,30.5188905
1205377266,114.4167951,30.5206239
1205377281,114.4168428,30.5189625
1205377295,114.4168097,30.5202104
1205404342,114.3850099,30.505419
1205404350,114.3871323,30.503002
1205404356,114.3859723,30.5054251
1205404357,114.385049,30.5030036
1205404372,114.3850414,30.5035444
1205404394,114.3850939,30.5013057
1205404402,114.3758027,30.5154899
1205404404,114.3856221,30.5019348
1205404412,114.3835332,30.5036692
1205404418,114.3761737,30.5187084
1205404421,114.3866406,30.5035372
1205404423,114.3840693,30.502318
1205404430,114.3870465,30.5051143
1205404431,114.3840659,30.5031228
1205404434,114.3866138,30.5051203
1205404439,114.3859259,30.5062522
1205404441,114.3835343,30.5037244
1205404447,114.3862808,30.50185
1205404453,114.3863277,30.5030113
1205404454,114.3843321,30.5062462
1205404469,114.3829622,30.506241
1205404476,114.3875132,30.505142
1205404478,114.3850503,30.5023242
1205404487,114.3871107,30.5035351
1205404498,114.3850391,30.5036832
1205404522,114.3850488,30.5031072
1205415375,114.3179613,30.5565768
1205415378,114.3502109,30.5897493
1205415387,114.3131618,30.5560145
1205415425,114.3638092,30.61403
1205415464,114.3566267,30.5939562
1205470751,114.3563224,30.5289328
1205470752,114.3550737,30.5289298
1205476686,114.3863666,30.5144767
1205476693,114.359607,30.5207193
1205476694,114.3604657,30.5178005
1205476695,114.3566722,30.5207594
1205476699,114.3870271,30.5159643
1205476706,114.3866336,30.5148622
1205476710,114.3558728,30.5226839
1205476711,114.3939905,30.5125022
1206996874,114.4077622,30.5212045
1206996876,114.407654,30.520287
1207481030,114.2952061,30.5845678
1207481080,114.2936055,30.5858957
1207481161,114.2912927,30.5865024
1210058560,114.352527,30.5276307
1210058570,114.3557455,30.5267844
1210058585,114.3557036,30.5264493
1210058586,114.3534884,30.5272595
1210058592,114.3531952,30.527449
1210058612,114.3615833,30.5227686
1210058619,114.360147,30.5238232
1210058621,114.3482033,30.5286836
1210068000,114.3675613,30.525696
1210074921,114.3592188,30.5264535
1210074928,114.3603361,30.5270362
1210074934,114.361135,30.5272185
1210354188,114.3677741,30.5206766
1210354196,114.3761905,30.518789
1210354215,114.3650715,30.5220192
1210354254,114.3653553,30.5213197
1210354256,114.3884914,30.5113261
1210354261,114.3857959,30.5136528
1210354266,114.3844846,30.5148013
1210444169,114.3951248,30.5063717
1211806340,114.399479,30.6331654
1211806352,114.3994841,30.6216566
1211806413,114.3949842,30.6331771
1211806430,114.3819799,30.633383
1211806432,114.381905,30.6334793
1211806440,114.3817467,30.6335519
1211806444,114.3813578,30.6333079
1211806445,114.3813795,30.6331757
1211806446,114.381479,30.6330612
1211806457,114.381813,30.633026
1211806458,114.3819302,30.6331036
1211806478,114.3817888,30.6338881
1211889426,114.3994901,30.6235646
1211889428,114.3949677,30.6235563
1211889430,114.3973627,30.6235607
1211889431,114.3815866,30.6235471
1211889452,114.3967281,30.6216476
1211889485,114.3966887,30.6221123
1211889487,114.396693,30.6224361
1211889511,114.3981647,30.6220485
1211889512,114.3984003,30.6220496
1211889524,114.3989316,30.6223258
1211889526,114.3989295,30.6226068
1211889532,114.3994904,30.6226175
1211889536,114.3986939,30.6226109
1211889537,114.3983011,30.6226176
1211889539,114.3980159,30.6226225
1211889545,114.3978588,30.6226252
1211889546,114.3973544,30.6226338
1211889558,114.3973573,30.6229483
1211889562,114.3973595,30.6232045
1211889563,114.3991693,30.6231974
1211889576,114.3986856,30.6231999
1211889578,114.3984665,30.6232011
1211889580,114.3980242,30.6232034
1211889582,114.3978257,30.6232045
1211889583,114.3969892,30.6232078
1211889590,114.3964037,30.6231369
1211889595,114.3954818,30.6232223
1211889600,114.3964037,30.6229744
1211889603,114.3958373,30.6228879
1211889604,114.394966,30.6228879
1211889608,114.3958388,30.6226033
1211889609,114.3958398,30.6224289
1211889612,114.3958403,30.6223365
1211889614,114.3958414,30.6221195
1211889615,114.3951759,30.6221195
1211889619,114.3991651,30.6229483
1211889620,114.3986939,30.6229521
1211889621,114.3984624,30.6229539
1211889622,114.3980242,30.6229574
1211889623,114.3978257,30.622959
1211889625,114.3991734,30.6223258
1211889627,114.3983921,30.6223319
1211889628,114.3983053,30.6223329
1211889629,114.3981647,30.6223345
1211889631,114.397863,30.6223379
1211889633,114.3973669,30.6223436
1211889638,114.3952131,30.6223329
1211889643,114.3952048,30.6226033
1212025346,114.3994893,30.6256313
1212025347,114.3949717,30.6256244
1212025348,114.3904925,30.6256197
1212025349,114.3860101,30.6256151
1212025351,114.3816205,30.6256106
1212025353,114.3905016,30.6331888
1212025354,114.3904949,30.6276088
1212025355,114.3904879,30.6235563
1212025358,114.3859869,30.6332006
1212025359,114.386004,30.6276119
1212025360,114.3860147,30.6235563
1212025361,114.3860438,30.6217145
1212025367,114.3994886,30.6276024
1212025368,114.3949749,30.6276024
1212025371,114.3816356,30.6276279
1212025373,114.3816356,30.6276056
1212025381,114.3770521,30.6256933
1212025383,114.3933678,30.6401586
1212025384,114.3864128,30.6367236
1214475497,114.3568336,30.5259835
1214508973,114.3013892,30.5431613
1214512647,114.3770804,30.5309533
1214524215,114.3385238,30.53162
1215715193,114.304222,30.5269261
1215715200,114.3086184,30.5286433
1215715222,114.3109223,30.5332343
1215715223,114.3087461,30.52875
1215715230,114.3084934,30.5282914
1215715244,114.305018,30.5266953
1215715261,114.3055773,30.5275623
1215715273,114.3110736,30.534702
1215715301,114.3082494,30.5270042
1215715311,114.3060193,30.5270332
1215715312,114.3051702,30.5269605
1215715322,114.311601,30.5354702
1215715347,114.3095414,30.5311331
1215715352,114.3115223,30.5351857
1215715392,114.3113859,30.5346965
1215717600,114.3110186,30.5276697
1215717603,114.3149373,30.5257287
1215717616,114.3157652,30.5340763
1215717617,114.3149936,30.5327814
1215728045,114.2942334,30.5502327
1215728050,114.312801,30.5485813
1215728066,114.2907818,30.5324073
1215728092,114.287688,30.5488259
1215728094,114.2930447,30.5290812
1215728134,114.2899172,30.530387
1215728142,114.297135,30.5575197
1215728165,114.3121149,30.5528879
1215728170,114.2930677,30.5520553
1215728219,114.2947729,30.5516451
1215728244,114.2943049,30.558127
1215728255,114.2865267,30.5428512
1215728279,114.293906,30.5486998
1215728284,114.2882318,30.5500068
1215728298,114.2949379,30.5283247
1215728302,114.2907455,30.5526223
1215728305,114.2898117,30.5528709
1215728306,114.3012978,30.5231067
1215728315,114.303341,30.5474053
1215729803,114.2925745,30.5506714
1215729830,114.2959381,30.5468481
1215730769,114.31018,30.542927
1215730771,114.3088762,30.5429214
1215730772,114.3088768,30.542809
1215732338,114.3127134,30.5452202
1215732343,114.3044773,30.5430301
1215740592,114.2987022,30.5440537
1215740597,114.2993721,30.5442152
1215743622,114.2954437,30.5497053
1215754727,114.2932717,30.5456403
1215754947,114.2903418,30.5430384
1215754979,114.2917485,30.5423737
1215755003,114.289543,30.5455564
1215755012,114.2872715,30.5453123
1215755044,114.2891238,30.5424393
1215926846,114.3601882,30.5778161
1215926906,114.3550419,30.577777
1215926909,114.3543631,30.5773294
1215926916,114.3612058,30.5776419
1215926921,114.3578164,30.5787545
1215926948,114.3649221,30.5769868
1215926967,114.3586457,30.5783543
1217544772,114.3816386,30.6310851
1217544780,114.3859935,30.6310516
1217544792,114.390499,30.6310482
1217544793,114.3949806,30.6310482
1217544794,114.3994873,30.6310482
1217544906,114.22887,30.66115
1217544941,114.2294511,30.6328928
1217545071,114.2295499,30.6329246
1217545094,114.2308114,30.6315467
1217604716,114.3770906,30.6125315
1217604718,114.3669486,30.6248668
1217604728,114.3777145,30.6315343
1217604731,114.3797507,30.628993
1217604732,114.3816417,30.6289733
1217604752,114.3949874,30.6355328
1217604754,114.3905095,30.6355101
1217604755,114.3860487,30.6354875
1217604759,114.3903473,30.6375658
1217604777,114.3924241,30.6376139
1217604814,114.3897403,30.6384543
1217604818,114.3851308,30.6456832
1217609009,114.3734798,30.6234648
1217609010,114.3747573,30.6219494
1217609013,114.37645,30.6198211
1218839819,114.3022865,30.5678196
1218839825,114.2898932,30.5510749
1218839853,114.2881401,30.5500318
1218839899,114.2871582,30.5453255
1218840150,114.2889414,30.5514155
1218840207,114.2942153,30.5581795
1218840236,114.2918295,30.5510749
1218840292,114.2897156,30.552928
1218840355,114.2894371,30.5497193
1218840359,114.2864174,30.5428774
1218844775,114.294264,30.5486268
1218865055,114.2927124,30.5565903
1218865063,114.2973767,30.5537717
1218865072,114.2979681,30.5527647
1218865076,114.2947645,30.5554226
1218865082,114.2970869,30.5530276
1218865085,114.2990838,30.5522346
1218865088,114.3034585,30.5516964
1218865100,114.2926583,30.5553141
1218865104,114.2926264,30.5566442
1218865111,114.2963989,30.5520521
1218865115,114.2920141,30.5557018
1218865124,114.3010975,30.552006
1218865125,114.2966735,30.5520608
1218865126,114.3027075,30.5475438
1218865131,114.2950915,30.5524357
1218865132,114.2977853,30.5509013
1218865137,114.2939698,30.5558358
1218865144,114.3032019,30.550106
1218865146,114.2961542,30.5513039
1218865154,114.29973,30.5521726
1218865159,114.2977722,30.5528511
1218865163,114.299484,30.5506238
1218865167,114.2961082,30.5549607
1218865172,114.2985273,30.5528843
1218865185,114.2933898,30.5561698
1218865187,114.294339,30.5547682
1218865195,114.3009064,30.5504222
1218865200,114.2958384,30.5543046
1218865202,114.2928068,30.5554442
1218886535,114.3004893,30.5578155
1218886538,114.3037111,30.552945
1218886544,114.3070346,30.5505399
1218886556,114.3120359,30.5459292
1218886557,114.3043944,30.5509388
1218886626,114.3057303,30.5507325
1218886647,114.3044796,30.5513147
1218886663,114.3002863,30.5572128
1218886670,114.3122827,30.5528372
1218886677,114.3133227,30.5464699
1218886680,114.3084847,30.5478989
1218886699,114.3089046,30.5491777
1218886725,114.3034225,30.5514732
1218886728,114.3133108,30.5455151
1218886739,114.3027277,30.5532567
1218886742,114.3072837,30.551972
1218886744,114.3024369,30.5518357
1218886771,114.309284,30.5501488
1218886776,114.3081928,30.549305
1218886780,114.2971481,30.5576184
1218886790,114.3053365,30.552103
1218886811,114.3065696,30.5555304
1218886815,114.3077873,30.5481484
1218886839,114.3100701,30.5531421
1218886842,114.3131283,30.5463859
1218886869,114.2942709,30.5582461
1218886872,114.3052395,30.5514009
1218886891,114.3134016,30.5459529
1218886895,114.3138752,30.5460238
1218886898,114.3070621,30.5465392
1218886923,114.3058006,30.5513277
1218886944,114.2943596,30.5581945
1218886948,114.3104343,30.5472104
1218886977,114.3112431,30.5487782
1218887008,114.3093698,30.5515393
1218887023,114.3045204,30.5566067
1218887024,114.3135171,30.5453868
1218887032,114.313565,30.5449714
1218887034,114.3096258,30.5532213
1218887053,114.3088038,30.5515671
1218887073,114.3084882,30.5503037
1218887076,114.304199,30.5499671
1218901108,114.3008946,30.5581667
1218901118,114.3117306,30.5599722
1218901138,114.3001043,30.5577918
1218901184,114.3011185,30.5577373
1218937043,114.2874008,30.537872
1218937132,114.2882654,30.5454654
1218937226,114.289445,30.5425003
1218937231,114.2884841,30.5424801
1218937279,114.2884603,30.5424263
1218937311,114.2943661,30.5468782
1218937314,114.2864468,30.5429531
1218937316,114.2865577,30.5429259
1218937341,114.2917411,30.5424443
1218937366,114.2938481,30.542376
1218937375,114.2905194,30.5425379
1218937407,114.2986572,30.5405127
1218937447,114.2938469,30.5423005
1218937499,114.2926401,30.5423864
1218937503,114.293816,30.5406385
1218937505,114.2924179,30.5411652
1218942837,114.2960454,30.5483121
1220521008,114.2997515,30.5247783
1220521134,114.3016688,30.5250072
1220521236,114.2895274,30.5372403
1220521285,114.3007174,30.5238326
1220521382,114.3026373,30.5260495
1220521419,114.3021579,30.5245885
1220521556,114.3014747,30.5231692
1220521619,114.2964575,30.530031
1220521677,114.3037444,30.5358989
1220521726,114.3111788,30.5352639
1220521837,114.3018598,30.5343635
1220521988,114.2864925,30.5379262
1220522102,114.2887006,30.5354569
1220522186,114.2911502,30.5339579
1220522229,114.305109,30.5263745
1220522236,114.2906896,30.5321871
1220522301,114.2959105,30.5331699
1220522348,114.300943,30.526303
1220522384,114.3041641,30.5396611
1220522636,114.2916252,30.5367995
1220522696,114.2977066,30.5405515
1220522974,114.3044695,30.525784
1220523019,114.2962054,30.5405617
1220523224,114.2957432,30.5297995
1220523468,114.2959911,30.5302482
1220523595,114.3021735,30.5361435
1220523651,114.3016919,30.5276406
1220958814,114.3513259,30.4760074
1220958895,114.3501844,30.474478
1220989408,114.3482699,30.4741772
1220989412,114.3484709,30.4741763
1220989446,114.3489955,30.4741738
1220989449,114.3489987,30.4745435
1220989469,114.3484725,30.4745419
1220989480,114.3490009,30.4748025
1221037675,114.3528369,30.4775324
1221037689,114.3517283,30.4787029
1221037715,114.3520827,30.4775362
1221037724,114.3539407,30.4738903
1221037832,114.3517262,30.4783087
1221037945,114.350178,30.4738436
1221088100,114.3455969,30.4783179
1223075207,114.5234207,30.5596561
1223075479,114.5123397,30.5343622
1223996767,114.3479231,30.4821771
1224008790,114.3477098,30.4783433
1224844637,114.3442493,30.5298182
1224844640,114.3435042,30.5300984
1224845045,114.3424543,30.5305513
1224846294,114.3493585,30.5368741
1224846313,114.3474971,30.5376549
1224846323,114.3505036,30.5361686
1224846338,114.3475615,30.5377524
1224846340,114.3503044,30.5364097
1224846343,114.3498363,30.5365009
1226483315,114.4823833,30.5060267
1226483339,114.48536,30.5104749
1226483355,114.482513,30.5038235
1226483387,114.4842336,30.5034827
1226483394,114.4858371,30.5093986
1226504565,114.4902046,30.5021873
1226504588,114.4877902,30.502831
1226504944,114.489091,30.5015503
1226504953,114.4839589,30.5037487
1226505260,114.4847005,30.5040419
1226505432,114.4893513,30.5021746
1226520171,114.4963411,30.5079844
1226520359,114.4993023,30.5074829
1227775835,114.4716557,30.520857
1227775988,114.4797813,30.5167051
1227776017,114.4673639,30.5193803
1227776072,114.4798886,30.5217006
1227776124,114.4721745,30.516303
1227776191,114.4698546,30.508869
1227776284,114.471637,30.5209421
1227776321,114.4753932,30.5169593
1227776439,114.4799637,30.5164463
1227776475,114.4733761,30.516132
1227776524,114.4721799,30.5182902
1227776578,114.4795674,30.5165284
1227792102,114.4742881,30.513618
1227792202,114.4718624,30.5151132
1227798565,114.4659255,30.5121159
1227798713,114.4650284,30.5117482
1227798805,114.4768287,30.5213871
1227798813,114.4704901,30.5251294
1227798817,114.4736497,30.5109513
1227798906,114.4751786,30.5104799
1227798913,114.4783221,30.5122639
1227798921,114.4790268,30.5087014
1227798975,114.4790789,30.5085974
1227798985,114.4742345,30.5105862
1227799044,114.4805286,30.5091454
1227799090,114.4698223,30.5087767
1227799091,114.4660729,30.5121017
1227799113,114.4666323,30.5114134
1227799163,114.4674226,30.5174178
1227799164,114.4761506,30.5078923
1230843637,114.2714249,30.5850957
1230843643,114.2586317,30.5817158
1230843648,114.27129,30.5860468
1230843658,114.2910775,30.6003568
1230843661,114.2603597,30.5845833
1230843685,114.2794867,30.5885681
1230843691,114.2628335,30.5724233
1230843697,114.2717779,30.5855274
1230843704,114.2635504,30.5719877
1230843717,114.2878428,30.5972262
1230843720,114.2627958,30.5718471
1230843723,114.2630508,30.5719718
1230843724,114.2610376,30.582245
1230843728,114.2606437,30.5581565
1230843735,114.2747062,30.5864512
1230843749,114.2708194,30.585575
1230843757,114.2627364,30.5713468
1230843774,114.2738894,30.5861385
1230843775,114.275499,30.5866839
1230843783,114.2988556,30.6084554
1230843784,114.286924,30.5967186
1230843785,114.2612856,30.5828795
1230843791,114.2614983,30.5829339
1230843792,114.280009,30.5887405
1230843813,114.2569231,30.5808222
1230843831,114.2818507,30.5910339
1230843843,114.2628132,30.5693739
1230843852,114.2630407,30.5718559
1230843855,114.2609782,30.5827324
1230843864,114.2628037,30.5719599
1230843877,114.2911365,30.6002645
1230843892,114.258667,30.5818174
1230843906,114.260532,30.5573646
1230843930,114.2634924,30.5718665
1230843931,114.2771231,30.5871443
1230843948,114.2610412,30.5823691
1230843953,114.2613047,30.561969
1230843969,114.3007923,30.611413
1230843971,114.2611837,30.5821974
1230843972,114.2608307,30.5827049
1230843983,114.262269,30.5719311
1230843987,114.2601363,30.5638405
1230843995,114.2928494,30.6023454
1230844008,114.2617111,30.5824651
1230844014,114.2857453,30.5950329
1230844023,114.2819151,30.5908769
1230844027,114.2616223,30.5823288
1230844037,114.2936604,30.6026592
1230844038,114.2630159,30.5712521
1230844039,114.2630955,30.5723745
1230844045,114.2881324,30.5979419
1230844057,114.2625492,30.5676583
1230844080,114.2611762,30.5620908
1230844107,114.2719032,30.5858856
1230844115,114.2623032,30.5718337
1230844119,114.2709577,30.5853005
1230844176,114.2623457,30.5804448
1230844228,114.2609167,30.5828416
1230844244,114.2872312,30.5964874
1230844248,114.2746493,30.5866074
1230844294,114.2932384,30.6019161
1230844312,114.2876988,30.5975173
1230844348,114.2636898,30.5782963
1230844353,114.2610541,30.5828116
1230844358,114.2616073,30.5825146
1230844416,114.296532,30.6054434
1230844417,114.2877064,30.5966398
1230844440,114.2895272,30.599027
1230844461,114.2605251,30.5580469
1230844495,114.2939088,30.6024756
1230844507,114.2624361,30.5676787
1230844512,114.2614022,30.5828584
1230844538,114.2987184,30.608519
1230844545,114.2624744,30.5805001
1230844556,114.2619519,30.5623881
1230844563,114.2928859,30.6019729
1230844570,114.2871478,30.5973274
1230844585,114.2892144,30.598824
1230844592,114.2615442,30.5629492
1230844601,114.2769727,30.5872706
1230844617,114.2613726,30.5829755
1230844633,114.2895808,30.5989393
1230844634,114.2967712,30.6053137
1233161318,114.2494072,30.5293251
1233161331,114.2524282,30.5271663
1233306571,114.2753485,30.6444473
1233306574,114.2772799,30.6349064
1233306602,114.2735524,30.6293837
1233306607,114.2760366,30.6319043
1233306621,114.2713902,30.6323305
1233306625,114.2753807,30.6300838
1233306685,114.2687856,30.6312606
1233306701,114.284544,30.6379619
1233306703,114.2721682,30.6323064
1233306709,114.272766,30.6306121
1233306724,114.2776552,30.6325579
1233306745,114.2747746,30.6313947
1233306758,114.2752091,30.6443965
1233306780,114.2780567,30.6311227
1233306781,114.2738058,30.6335417
1233306803,114.2773009,30.6347932
1233306818,114.2779549,30.6310856
1233306828,114.2780844,30.6293406
1233306833,114.275752,30.6287572
1233306834,114.2759279,30.6289298
1233306847,114.2728375,30.6306395
1233306850,114.2718677,30.6325289
1233306857,114.2719379,30.6325581
1233306859,114.262711,30.6292613
1233306904,114.2771838,30.6348664
1233306905,114.2738441,30.6333742
1233306924,114.2721825,30.6320421
1233306942,114.2729187,30.6362666
1233306957,114.27721,30.6347642
1233306960,114.2718281,30.6326949
1233306968,114.2734517,30.6293471
1233306989,114.2826187,30.6369752
1233306997,114.2744519,30.6320801
1233307015,114.2738939,30.6332656
1233307019,114.2738228,30.633434
1233307028,114.2711249,30.6299921
1233307057,114.2801004,30.6360739
1233307068,114.2804514,30.6362281
1233307105,114.2762229,30.6288559
1233307111,114.2981524,30.6453888
1233307114,114.2733808,30.6293104
1233307119,114.275726,30.6325971
1233307141,114.2751844,30.6338047
1233322729,114.3100134,30.6566862
1233322731,114.2848527,30.6452454
1233322771,114.2842306,30.6450078
1233322782,114.2759303,30.6407365
1233322804,114.2690882,30.6382095
1233322810,114.3225432,30.6591779
1233322827,114.276088,30.6406833
1233322845,114.2849897,30.6454372
1233322882,114.2892211,30.6475813
1233322893,114.3034664,30.6541938
1233322931,114.3225526,30.6592706
1233322935,114.2760591,30.6407805
1233322958,114.2858735,30.645938
1233322979,114.2843625,30.6451973
1233322986,114.2759712,30.6406504
1233327085,114.2717969,30.6286667
1233591046,114.5443584,30.4661013
1233591059,114.5461068,30.4915619
1233591067,114.5382754,30.4910806
1233591072,114.5455285,30.4893847
1233591090,114.5439449,30.4899625
1233591139,114.5500443,30.4866989
1233591148,114.5455033,30.4928723
1233591158,114.5391543,30.5004095
1233591163,114.5436876,30.4899894
1233591266,114.5454043,30.4895256
1233591325,114.546158,30.4922268
1233591411,114.5343301,30.5187099
1233591466,114.5460156,30.4916867
1233591468,114.5405762,30.4914931
1233591470,114.5511386,30.4857176
1233608763,114.5652792,30.4893338
1233608858,114.5527469,30.4911163
1236966384,114.544519,30.4650718
1236966400,114.5446326,30.4655357
1236966423,114.5519662,30.4654155
1236966433,114.5448516,30.4638875
1236966447,114.5443506,30.4655911
1236966507,114.5445683,30.4656702
1236966511,114.5460049,30.4646551
1236966531,114.5444752,30.4654406
1236966533,114.5444015,30.465467
1236966590,114.5451604,30.4654835
1236977974,114.5585617,30.5161507
1244064968,114.3850471,30.5012194
1244207266,114.3843338,30.5069209
1244207307,114.3830528,30.5069306
1244207309,114.3833746,30.5065216
1244207357,114.3829255,30.5054118
1244207376,114.38352,30.5054103
1244207394,114.3859585,30.5068604
1252118537,114.383085,30.5027177
1252118554,114.3840676,30.5027122
1252128835,114.3837415,30.506244
1252128847,114.3837362,30.5069254
1252128855,114.3849271,30.5062484
1252128861,114.3837363,30.505411
1252128877,114.3849244,30.5068751
1252128880,114.3849352,30.5054185
1252128900,114.3877404,30.5030197
1252134748,114.3172182,30.6224731
1252153292,114.3804628,30.5073135
1252153299,114.3859792,30.5072091
1252153326,114.380184,30.5073156
1252153341,114.3843348,30.5072093
1252153372,114.3875837,30.5074385
1252153374,114.3754186,30.5075483
1252153390,114.3859398,30.5072753
1252153479,114.3843263,30.5072735
1252166369,114.3866443,30.5071476
1252166374,114.3866776,30.5057235
1252166398,114.3859559,30.5057182
1252166405,114.3866918,30.5051192
1252203014,114.380128,30.5066196
1252203068,114.3797949,30.5050358
1252207125,114.2913788,30.5968476
1252207466,114.2892616,30.5985835
1252209425,114.2915309,30.5967349
1252215062,114.3065263,30.6134573
1252221314,114.3933095,30.5050703
1252221335,114.3822723,30.5060155
1252221351,114.3934958,30.5059977
1252221363,114.3823094,30.507272
1260824446,114.4022494,30.5126014
1260824452,114.402604,30.5129317
1260824455,114.4021931,30.5128741
1260824457,114.4026598,30.5126493
1260846846,114.3963412,30.5133076
1260846975,114.3972196,30.5140062
1260847065,114.398744,30.5135328
1260847121,114.3962683,30.5140133
1260847139,114.3972584,30.5142987
1260847152,114.3973307,30.5126894
1260847156,114.3972588,30.5133928
1260850886,114.3947153,30.5135858
1260850889,114.3959437,30.513623
1260850901,114.3963061,30.5136474
1260855371,114.3987277,30.5128856
1260855399,114.3974965,30.5127127
1260855422,114.399696,30.5140872
1260855499,114.3999929,30.5139508
1260855521,114.3957353,30.5132545
1260855523,114.3957459,30.5128285
1260855526,114.3958213,30.5124863
1260855535,114.3987009,30.5131444
1260855563,114.3999355,30.5143064
1260871286,114.401539,30.5185321
1270123876,114.4286638,30.5075037
1270123891,114.4431745,30.5086268
1270123922,114.431769,30.4979762
1270123927,114.4311934,30.5024235
1270123944,114.4276109,30.5062484
1270123955,114.4324878,30.4973377
1270123978,114.4289591,30.5078238
1270123987,114.4538282,30.5026553
1270123988,114.4334756,30.5005592
1270124001,114.4318746,30.497144
1270124008,114.4283382,30.5078756
1270124013,114.4275977,30.5035066
1270137396,114.2755704,30.573812
1270137468,114.2765831,30.5718288
1270140835,114.2870517,30.5731176
1270140836,114.2852026,30.5740014
1270140840,114.2891689,30.5720998
1272837643,114.3518029,30.5351126
1272837647,114.3503941,30.5358304
1272837648,114.3505854,30.535774
1272848048,114.3639371,30.5207318
1272848052,114.3629793,30.5192259
1272848066,114.3639787,30.5209708
1272848071,114.3611478,30.5100788
1272848096,114.3625229,30.5172657
1274040835,114.4544182,30.4814982
1277004924,114.3359237,30.4807781
1277004932,114.3354597,30.4799577
1277041547,114.3353621,30.4959209
1277053813,114.4255147,30.5031603
1277053819,114.4219508,30.5037455
1277053843,114.4217288,30.5018978
1277053869,114.4219152,30.5034825
1280132328,114.3769011,30.5074716
1280132331,114.3769067,30.5074131
1280140548,114.3877834,30.5018372
1280140580,114.3891749,30.5017642
1280140617,114.3893373,30.50324
1280140657,114.3877269,30.5033995
1280140691,114.3892058,30.5027015
1280141686,114.3895009,30.5039864
1280144163,114.3877138,30.5037691
1280144173,114.3884146,30.503783
1280158880,114.3961966,30.506766
1280158927,114.3962547,30.5069906
1280163394,114.4038581,30.5095749
1280163397,114.4022157,30.5095427
1280163403,114.4045884,30.5100669
1280163418,114.406973,30.5097892
1282419737,114.3882267,30.5116355
1282419755,114.3881798,30.5115896
1282419819,114.3707925,30.5201297
1282419829,114.3845367,30.5148512
1282419904,114.3762266,30.5189006
1282419911,114.38584,30.5137164
1282419915,114.3761578,30.5185901
1282419935,114.3746498,30.5192565
1282419952,114.3726112,30.5193743
1282420001,114.3843285,30.5150455
1282420011,114.3884199,30.5118435
1282420017,114.3776711,30.5182508
1282420026,114.3752911,30.5187796
1282420048,114.3840532,30.5148174
1282429032,114.37227,30.5196737
1282429040,114.3723024,30.5195663
1282442268,114.388869,30.5106665
1282442278,114.3881467,30.510037
1282442280,114.3866534,30.5083365
1282442286,114.3866571,30.5088481
1282443430,114.3970044,30.5101753
1282443435,114.3972236,30.5090814
1282469915,114.3835979,30.5154174
1282469917,114.3826531,30.512865
1282469919,114.3834948,30.5153103
1290380869,114.3569443,30.5181066
1290380885,114.3526827,30.5273747
1290380889,114.3554765,30.5256291
1290380893,114.356134,30.5207664
1290380898,114.3555644,30.5259261
1290380900,114.3570264,30.5207576
1290380907,114.3570096,30.5193177
1290380910,114.3554629,30.5259497
1290380922,114.3522642,30.5228886
1290380975,114.3569039,30.5154455
1290380989,114.3529672,30.5228838
1290381006,114.3562978,30.5212787
1290381024,114.352261,30.5219204
1290394927,114.3555098,30.5188865
1290394943,114.3569177,30.5171061
1290394950,114.3586981,30.5150792
1290394951,114.3564849,30.5183497
1290394975,114.3562977,30.518124
1290395067,114.3567539,30.514833
1290395091,114.3587781,30.513868
1290395169,114.3516225,30.5171461
1290395171,114.3560706,30.517097
1290395179,114.356861,30.5151433
1290395232,114.3616467,30.5133189
1290395236,114.3559361,30.5145351
1290395254,114.359114,30.5149445
1290413683,114.3591951,30.5207254
1290413687,114.3570176,30.5200776
1290413690,114.3525265,30.5185307
1290413693,114.3555319,30.5200905
1290413695,114.3533473,30.5188681
1290413703,114.3516551,30.5246463
1290413704,114.3525852,30.5208128
1290413709,114.35257,30.5201163
1290413712,114.3522782,30.5235097
1290433804,114.3549677,30.5207817
1295643063,114.3478301,30.4750048
1295643076,114.3473081,30.4750929
1310735360,114.2540171,30.6180407
1313895558,114.2208345,30.4959589
1313970927,114.2557096,30.477099
1313971252,114.2548239,30.4766361
1313971328,114.2929174,30.538497
1313971330,114.2952832,30.5384046
1313971337,114.2934221,30.5387326
1313971338,114.2934191,30.5385107
1313971366,114.2876022,30.4801807
1313971587,114.2874214,30.495834
1313972308,114.2517302,30.474681
1313972503,114.2930159,30.5401236
1313974511,114.294162,30.5388343
1313974512,114.2919621,30.5386698
1313974515,114.2934344,30.5388509
1313975082,114.2935501,30.5385122
1313975089,114.2937551,30.5372405
1313976918,114.2929708,30.53724
1313976924,114.2954335,30.536765
1313976926,114.2928034,30.5373583
1313976929,114.2927141,30.5372985
1313976931,114.2926975,30.5370693
1313976964,114.2931771,30.5368523
1313976965,114.2931932,30.5372402
1313983208,114.2942577,30.537216
1313983210,114.2942447,30.5368133
1314091755,114.2634182,30.4741075
1314091763,114.2644141,30.4683736
1314091867,114.2656661,30.4755086
1314092069,114.2660069,30.477478
1314092117,114.2629498,30.4712029
1314092196,114.2621272,30.4744741
1316199064,114.2950211,30.4794477
1316199089,114.2953738,30.4772205
1321744010,114.2466833,30.4768433
1321744101,114.2451596,30.4764472
1321744109,114.2465717,30.4777937
1321744157,114.2263844,30.4905788
1321744201,114.2464064,30.4770997
1330929815,114.3261066,30.5371844
1330929832,114.3248716,30.5369308
1330929841,114.3273231,30.535956
1330929860,114.3258586,30.537074
1330934311,114.3842872,30.5146087
1358787400,114.35841,30.5449822
1358787402,114.3719431,30.5374778
1363228250,114.2468906,30.6398349
1363228259,114.2547952,30.6158068
1363228263,114.2467957,30.639983
1363228265,114.2499572,30.6426311
1363228269,114.250186,30.6422993
1370770959,114.351979,30.5279125
1370771059,114.3538175,30.52739
1370792955,114.353221,30.5557515
1370792963,114.3664963,30.5760594
1370792972,114.3544898,30.5585389
1370793002,114.3559008,30.5622556
1370793009,114.3670543,30.5763379
1370793022,114.3666326,30.5764019
1370793026,114.3484981,30.5514181
1370793061,114.3630623,30.5714246
1370793063,114.3545724,30.5582446
1370793084,114.3668441,30.5767729
1370793090,114.3490832,30.5542868
1370793095,114.3667691,30.5767567
1370793097,114.3565189,30.5629356
1370793110,114.3671604,30.5765333
1370793118,114.3588138,30.5657449
1370793135,114.3666963,30.5756629
1370793147,114.3557634,30.5622613
1370793149,114.3593187,30.5666925
1370793167,114.3547111,30.5587996
1370793181,114.3575075,30.564694
1370793183,114.3584103,30.5657781
1370793189,114.3590593,30.566576
1370793209,114.3591408,30.566141
1370793214,114.3669557,30.5761412
1370793226,114.3649466,30.5731196
1370793231,114.3493364,30.5537703
1370793237,114.3666111,30.5764368
1370793248,114.3499201,30.5540138
1370819263,114.3659186,30.5652328
1370819264,114.3652099,30.5650037
1370819266,114.3590893,30.5657285
1370819272,114.3648166,30.5649551
1370819282,114.369379,30.5768235
1370819304,114.3687484,30.5758069
1370819348,114.3670937,30.5699045
1370819371,114.3659859,30.5650926
1370819386,114.3591898,30.5658615
1370819388,114.3651244,30.5651594
1370819464,114.3668486,30.5722541
1370819499,114.3617785,30.5649996
1370831372,114.3748708,30.5765444
1371798842,114.3678801,30.5441947
1371798845,114.3602886,30.5479426
1371798950,114.3520982,30.5477037
1371798985,114.401004,30.5469417
1371799041,114.4069862,30.5424311
1371799070,114.3987438,30.5524343
1371799075,114.4113526,30.5394955
1371799436,114.4094096,30.5449283
1371799462,114.4059352,30.5450436
1371799463,114.4053218,30.5450639
1371799468,114.4058561,30.5450614
1379619930,114.3608766,30.5452064
1379619936,114.3607274,30.5477478
1399501468,114.3514591,30.4751135
1399501513,114.3520602,30.4752299
1399508867,114.3485815,30.4785774
1399508868,114.3482371,30.4785774
1399508887,114.3485897,30.4787909
1399508900,114.3485936,30.4789956
1399508922,114.3482413,30.4787903
1399517914,114.3534189,30.4760082
1399517930,114.3502358,30.4783649
1399517950,114.353452,30.4780863
1399536155,114.3414157,30.4789325
1401793830,114.3386542,30.4802117
1401794576,114.338501,30.4799835
1401818336,114.3436468,30.4760777
1401818348,114.3429552,30.4757672
1401818349,114.3407436,30.4756821
1401832398,114.3394931,30.4799948
1401832404,114.3413305,30.4801335
1401832407,114.340716,30.4799395
1401832427,114.3414646,30.4796434
1401832429,114.3407552,30.4796494
1401832433,114.340016,30.4798489
1401832439,114.3413761,30.4798792
1401832444,114.3407362,30.4797904
1401832447,114.3399896,30.4800505
1401832938,114.3425965,30.4788552
1401837429,114.355733,30.4777687
1401837432,114.3547379,30.4777652
1401837714,114.3562897,30.4802059
1401839438,114.3557358,30.4772539
1401839443,114.3566326,30.4786968
1401839457,114.3566215,30.4789285
1401840215,114.3557232,30.4793761
1401841140,114.3582547,30.4784603
1405249844,114.3699663,30.5774026
1406772737,114.3398348,30.5313682
1406772738,114.3289529,30.5349509
1406772739,114.3415683,30.5306635
1406772764,114.3281238,30.5353372
1406772766,114.3261529,30.5361717
1406772784,114.3404397,30.5313574
1406772788,114.3276885,30.535661
1406772789,114.3263416,30.5362712
1406772800,114.3305308,30.5345248
1406772811,114.3289982,30.5351107
1406772824,114.3298982,30.5349293
1406781216,114.3379141,30.5401048
1406781220,114.3356104,30.5430342
1406781246,114.3427972,30.5391314
1406781273,114.3353842,30.5430203
1406781274,114.3354518,30.5429462
1406781278,114.3457753,30.5385346
1406781285,114.3506416,30.536576
1406781301,114.3405122,30.5396625
1406781304,114.3387892,30.5397939
1406781339,114.3460493,30.5384394
1406794579,114.3501684,30.5352194
1406794580,114.3498687,30.5340099
1408353522,114.3699198,30.5307117
1408364582,114.340766,30.5411717
1408364584,114.3422989,30.5434931
1408364586,114.3406812,30.5411226
1408364619,114.3389829,30.5401948
1408367568,114.3405953,30.5402121
1408367590,114.3459,30.5403592
1408367592,114.3459148,30.542328
1408369113,114.3440112,30.5430128
1408369118,114.348523,30.541914
1408369130,114.3483032,30.5416151
1408369138,114.3482055,30.5417349
1417701738,114.3554345,30.5450052
1417701861,114.3555484,30.5440801
1417701862,114.3552624,30.5449907
1417701865,114.3549016,30.5478742
1419140443,114.2868625,30.5815407
1419140459,114.2887323,30.5805545
1419140487,114.2860769,30.580333
1419140489,114.2857604,30.58037
1419140490,114.287491,30.5811584
1419147998,114.292111,30.5780319
1419152466,114.2905838,30.5789195
1419796812,114.2888118,30.5722482
1419796816,114.289275,30.5724807
1419796820,114.283267,30.5775418
1419796825,114.2802837,30.5748846
1419796827,114.2806354,30.5748673
1419796829,114.2830717,30.5771643
1419796830,114.2800561,30.5747004
1419796831,114.2824247,30.5754941
1419796832,114.2889393,30.5718743
1419796840,114.2840018,30.5793137
1419796852,114.2910798,30.5755775
1419796854,114.2809396,30.5783381
1419796855,114.2846346,30.5766949
1419796859,114.2890773,30.5721362
1419796860,114.2801094,30.5749891
1419796862,114.2840713,30.5757343
1419796866,114.283646,30.574697
1419796873,114.2813137,30.5785277
1419796884,114.2822992,30.5747944
1419797124,114.2802272,30.5761806
1419797125,114.2844917,30.57646
1419797128,114.2803969,30.5769443
1419797129,114.2829295,30.5768949
1419797130,114.2799279,30.5778818
1419797131,114.2807564,30.5763578
1419797132,114.2813675,30.5752595
1419797133,114.2795469,30.5766243
1419797134,114.2797289,30.5760574
1444683895,114.2499297,30.5915471
1444683940,114.2467936,30.5910002
1445954811,114.27586,30.6241934
1445954842,114.2806696,30.6261262
1445954913,114.2807734,30.6262566
1445954917,114.2807627,30.6287677
1445954923,114.2822741,30.6268525
1445954967,114.2855478,30.6253934
1445955069,114.2805703,30.6205357
1445955083,114.2791443,30.6255103
1445955095,114.279079,30.6257798
1446233440,114.3350096,30.5542
1446233446,114.3356978,30.556248
1446238252,114.3403476,30.561531
1446238253,114.3500804,30.5727735
1455682647,114.2659139,30.6202961
1455682657,114.2647328,30.611726
1455682660,114.2584888,30.6162306
1455682668,114.2578098,30.6183688
1455682669,114.2652661,30.6124564
1455682671,114.2620345,30.6196471
1455682674,114.2576238,30.6189502
1455682700,114.2648274,30.6203441
1455682705,114.2661732,30.6207346
1455682708,114.2630132,30.6103098
1455682736,114.2665238,30.6167926
1455682744,114.2668391,30.6175289
1455682766,114.2623399,30.6180998
1455682768,114.2638462,30.6104989
1455682774,114.265824,30.6132593
1455682776,114.2622568,30.6162672
1455682781,114.2661784,30.6195572
1455682782,114.2656682,30.6132915
1455682792,114.2583628,30.6162178
1455682796,114.266484,30.6157185
1455686591,114.2651075,30.6207344
1455686599,114.2580852,30.6187285
1455686608,114.261028,30.6196724
1459106935,114.2147739,30.5673716
1459106938,114.2405451,30.5518985
1459106940,114.2422047,30.5541516
1459106947,114.2149327,30.565147
1459170113,114.2248692,30.5568667
1459170126,114.2316609,30.5558634
1459170163,114.2257163,30.5591259
1459170181,114.2284089,30.5588018
1459170183,114.218827,30.5664013
1459170185,114.2611905,30.5432468
1459170196,114.2207344,30.5659185
1459170199,114.2238019,30.5651034
1459181644,114.2737626,30.5494028
1459181732,114.2693184,30.5501111
1459181734,114.2649253,30.5522625
1459181737,114.2633285,30.5490615
1459181738,114.2608796,30.5491955
1459192808,114.2678553,30.5425222
1459192809,114.2692067,30.5453843
1459192828,114.2693348,30.552465
1459478787,114.2221551,30.549883
1459555678,114.2414501,30.5346029
1459555830,114.246663,30.5534443
1459609771,114.2549411,30.5253468
1460229244,114.1933825,30.6048358
1460229246,114.1790219,30.6085322
1460229249,114.1958818,30.5899426
1460229271,114.1793324,30.6084343
1460229295,114.1865302,30.5950138
1460229297,114.2133371,30.6093711
1460229345,114.2091847,30.6002
1460229370,114.2059913,30.5884783
1460229440,114.1968847,30.6106178
1460737023,114.2882147,30.5873692
1460737032,114.2843784,30.5904442
1460756443,114.2501924,30.554523
1462111096,114.2179448,30.5638299
1462111112,114.1981087,30.5680888
1462111117,114.1988141,30.569862
1462111126,114.2010113,30.5674563
1462111133,114.2118543,30.5623363
1462111137,114.1961221,30.5685153
1462111145,114.1964447,30.5684411
1462111173,114.1894064,30.5641273
1462120184,114.2280665,30.5559187
1462120185,114.2165775,30.553221
1462120186,114.2295632,30.5557108
1462120188,114.2287048,30.5558345
1462120198,114.2286566,30.5556045
1462120203,114.2294935,30.5554706
1462120208,114.2287238,30.5561771
1462120210,114.2295257,30.5553366
1462120211,114.2286137,30.5547361
1462120212,114.2286566,30.5549116
1462129244,114.2040719,30.5714618
1462129249,114.2037438,30.5695813
1462129254,114.2184794,30.5544244
1462129255,114.2235871,30.553924
1462129256,114.2179277,30.5533041
1462129258,114.2034265,30.5685754
1462129259,114.2199121,30.5529287
1462129263,114.2320365,30.5579149
1462129264,114.2182647,30.5544227
1462129266,114.2039018,30.5684479
1462129268,114.2188509,30.5558464
1462129269,114.233405,30.5613045
1462134260,114.2120269,30.5662364
1462134297,114.2149013,30.5650317
1477535177,114.5187909,30.5542151
1477535212,114.5169985,30.5594535
1478793788,114.3441192,30.5127946
1478793790,114.3436212,30.5125872
1479067753,114.314279,30.5119823
1479967272,114.2943609,30.6017405
1479967280,114.2880274,30.5962764
1479967285,114.2919514,30.5993645
1481892118,114.3478146,30.5165963
1481892133,114.347781,30.5240548
1481934126,114.3613619,30.5032307
1481937291,114.3621333,30.5093918
1481937295,114.3604843,30.505475
1481940371,114.3669707,30.5076473
1484762135,114.169137,30.5560368
1486517235,114.3491534,30.516001
1501481789,114.2680629,30.4784943
1501481901,114.2858643,30.5026555
1501481915,114.28833,30.505179
1501481940,114.290229,30.5071706
1501481989,114.293193,30.5126754
1501482000,114.2938686,30.5134735
1501482132,114.3039634,30.5245388
1501482169,114.3062039,30.5269112
1501482203,114.301081,30.5595576
1501482206,114.3029336,30.563232
1501482208,114.3001567,30.5644259
1501482212,114.3051,30.5666713
1501482216,114.3023799,30.5677799
1540320825,114.296787,30.545516
1540320826,114.2964299,30.5438218
1540325166,114.2391424,30.6240536
1540325184,114.2473254,30.6361966
1540325204,114.2442088,30.6351146
1540325243,114.2369075,30.6301297
1540325251,114.2568399,30.629021
1540325268,114.2682087,30.6080399
1540325269,114.250012,30.6293604
1540325291,114.2369935,30.6234059
1540325292,114.2594975,30.6297587
1540325293,114.2358428,30.6324317
1540325301,114.2708764,30.6093837
1540325309,114.2507649,30.6273071
1540325311,114.2449941,30.6256625
1540325324,114.248318,30.6340529
1540325326,114.2423412,30.6249854
1540325330,114.2493413,30.631342
1540325333,114.2688441,30.6102933
1540325336,114.2542649,30.6283205
1540326760,114.2425938,30.6320868
1540326762,114.2863726,30.634067
1540326763,114.2918682,30.6381206
1540326765,114.2814197,30.6323362
1540326771,114.2302449,30.6239949
1540326775,114.2276437,30.6231677
1540326779,114.2250439,30.6222604
1540326780,114.2351497,30.6256638
1540326781,114.2926919,30.6362505
1540326783,114.2893284,30.6437042
1540326785,114.2907094,30.6405399
1540326788,114.2831661,30.6396964
1540326790,114.2434041,30.6298433
1540326793,114.2322535,30.6247278
1540326795,114.2472716,30.6239072
1540326796,114.2382765,30.6264192
1540326798,114.2204897,30.6206632
1540326801,114.2226275,30.6214606
1540326802,114.2450663,30.6329562
1561300862,114.2515979,30.6433101
1561300867,114.2545159,30.645214
1561300938,114.2199018,30.6521013
1561301031,114.273717,30.6697725
1561301032,114.2802762,30.6720429
1561301035,114.2848268,30.673607
1563235401,114.4252905,30.4647324
1563268800,114.4291428,30.4665437
1563625855,114.4258359,30.4651069
1563639020,114.4293153,30.4655005
1563639024,114.4292301,30.4660182
1570591800,114.3677621,30.6304269
1589269997,114.2352541,30.5027827
1589270039,114.2310304,30.5049111
1589270056,114.2276988,30.5047585
1589270072,114.2293569,30.5057513
1589270096,114.2292854,30.5057097
1589270164,114.2402536,30.5146803
1589270185,114.2354355,30.5166176
1589270212,114.2186183,30.5183183
1589270240,114.2190137,30.5187866
1589270243,114.2174655,30.5189468
1589270268,114.2178231,30.5194313
1617993856,114.5167676,30.5596134
1625350112,114.3654239,30.5079665
1625350125,114.3610366,30.5101276
1625350151,114.3691273,30.5074264
1625350178,114.3655259,30.508187
1627795783,114.4188727,30.5086092
1627795786,114.4188083,30.5089107
1627798084,114.4259088,30.508075
1627798085,114.4258366,30.5071388
1627798086,114.4260283,30.5080635
1627798087,114.4257477,30.5063827
1627798088,114.4254152,30.5031678
1627803463,114.3440591,30.5118753
1627803479,114.345022,30.5205612
1627803501,114.344312,30.5126347
1627803518,114.3433524,30.5123125
1628031446,114.4368748,30.5278229
1628031599,114.4353271,30.5313288
1663906512,114.3514687,30.5420654
1664012967,114.3550884,30.5463283
1669802006,114.1930117,30.5716793
1669802054,114.1935815,30.5729435
1676342440,114.2977614,30.6188641
1676342441,114.3070981,30.6301018
1676342445,114.3071477,30.6300046
1685310325,114.3035198,30.4846701
1685324011,114.3005667,30.4810789
1685324012,114.3000985,30.4842761
1685324013,114.3039384,30.48282
1685331223,114.3012161,30.4802508
1685331232,114.3010837,30.4811273
1685339552,114.306933,30.4813608
1685339553,114.3062231,30.4780808
1685339554,114.3041581,30.4814289
1685339555,114.3064495,30.4796189
1685339558,114.3046302,30.4777678
1685339571,114.3043332,30.4793546
1685345095,114.3057483,30.4795313
1685355701,114.3053069,30.4829677
1685355706,114.3067429,30.4881043
1685355720,114.3041327,30.4816032
1685355722,114.3041715,30.4856268
1685355725,114.3051149,30.4816899
1685355730,114.3034069,30.4855587
1685355744,114.3054329,30.482134
1685355751,114.3075276,30.4889718
1685355752,114.3043518,30.4875777
1685355754,114.3062054,30.4818349
1685355760,114.3052326,30.4875598
1685363314,114.2993065,30.4839575
1685363315,114.2993656,30.4833241
1685363316,114.3001907,30.4837283
1685363317,114.30383,30.4828084
1685363318,114.3002372,30.4834003
1685363319,114.2993495,30.4836477
1685363322,114.3001283,30.4840405
1685364809,114.3042509,30.4804815
1688268491,114.2893832,30.5909603
1688268503,114.2891622,30.5930203
1688268507,114.2845448,30.5931032
1688268509,114.2842089,30.5933591
1688268511,114.2890678,30.5937033
1688268517,114.2892273,30.5945016
1688268520,114.2886517,30.5946686
1688268524,114.2881506,30.596379
1688268540,114.2900764,30.597779
1688268541,114.293166,30.5984343
1688268544,114.2560657,30.6331215
1705316758,114.2674214,30.6213814
1706129822,114.3519852,30.620061
1706129824,114.2436807,30.6143599
1706129825,114.3697878,30.5919966
1706129840,114.3708256,30.5901684
1706129851,114.3718307,30.5846295
1706129915,114.3722497,30.5856621
1706129931,114.2867687,30.6282705
1706129933,114.307345,30.6349464
1706129980,114.3695464,30.5921212
1706129995,114.3713255,30.5841256
1706130014,114.3251815,30.6390705
1706612169,114.2907466,30.6598481
1706612174,114.2810336,30.6396587
1706612176,114.281581,30.6310571
1706612187,114.2909987,30.6601035
1706612194,114.2811403,30.6402044
1717910613,114.4759256,30.4648677
1717910616,114.4757646,30.4648701
1717910635,114.4763108,30.4654149
1717910637,114.4758494,30.4654203
1717910659,114.4759662,30.4658619
1717910662,114.475766,30.4658643
1717910671,114.4759786,30.4700562
1717910703,114.4758076,30.4775952
1717910705,114.4760044,30.4774977
1717910711,114.4763284,30.4779105
1717910713,114.4755735,30.4779809
1717910716,114.4758244,30.4779663
1717910730,114.4760019,30.4785317
1717910733,114.4758102,30.4786738
1717910741,114.476041,30.4845053
1717910747,114.4755795,30.4881894
1717910750,114.475358,30.489327
1717910751,114.4755558,30.4893314
1717910760,114.4749703,30.4897118
1717910765,114.4742414,30.4897844
1717910777,114.47543,30.4898919
1717910780,114.4741832,30.4899261
1717910782,114.4753965,30.4900476
1717910785,114.4762781,30.4900964
1717910787,114.4746829,30.4901209
1717910803,114.4758,30.4901938
1717910811,114.4750521,30.4906807
1717910813,114.4752439,30.4906931
1717910824,114.4744618,30.4926199
1717910846,114.4733721,30.495631
1717910871,114.4697047,30.5011845
1717910894,114.4693255,30.5015791
1717910901,114.4698454,30.501822
1717910914,114.4690919,30.5020036
1717910992,114.4656764,30.5110833
1717910994,114.4655311,30.5111101
1717911017,114.4663135,30.511398
1722777301,114.4443105,30.5125071
1722777787,114.5445545,30.470452
1722778159,114.5593345,30.4748817
1722778279,114.4853036,30.4773846
1722778329,114.4807113,30.4778853
1722778460,114.4886619,30.4777909
1722778482,114.4891352,30.4778234
1722778491,114.4919821,30.4778421
1722778519,114.4896614,30.4778571
1722778538,114.4924919,30.4778913
1722778633,114.4927017,30.4779844
1722778637,114.4922439,30.4779457
1722778661,114.4507432,30.4779401
1722778662,114.4498638,30.477939
1722778715,114.4927926,30.4780872
1722778726,114.4892912,30.4783383
1722778728,114.4920715,30.4781059
1722778739,114.4485966,30.4779696
1722778756,114.4493136,30.4781591
1722778760,114.4764943,30.4781493
1722778819,114.4751331,30.4782682
1722778943,114.4974737,30.4784114
1722779005,114.4976433,30.4785299
1722779034,114.5255411,30.4785665
1722779051,114.497463,30.4785066
1722779090,114.5406947,30.4785189
1722779117,114.5482263,30.4785175
1722779145,114.5406675,30.4786203
1722779190,114.507942,30.4786747
1722779240,114.5149654,30.4786071
1722779247,114.537561,30.4786382
1722779341,114.51497,30.4787179
1722779345,114.4720812,30.4784464
1722779391,114.4317176,30.4788567
1722779402,114.4321638,30.4790939
1722779407,114.4343648,30.4789099
1722779458,114.4397835,30.4793443
1722779642,114.4758235,30.4821298
1722779716,114.4887406,30.4828728
1722779734,114.5077504,30.4832285
1722779736,114.5434917,30.483113
1722780291,114.5417803,30.487382
1722780313,114.5353613,30.487459
1722780351,114.5077783,30.4875125
1722780565,114.54962,30.4914931
1722780610,114.5488527,30.495676
1722780624,114.5481482,30.4959984
1722780659,114.5524476,30.4983835
1722780678,114.5498687,30.4992487
1722780872,114.4308513,30.5076721
1722780879,114.4308283,30.5077734
1722780886,114.4298963,30.5078379
1722780899,114.4272989,30.5079608
1722780909,114.4273464,30.5080621
1722780913,114.5535005,30.5081153
1722780967,114.4359869,30.5091741
1722780979,114.4359217,30.5092673
1722781047,114.5368042,30.5107536
1722781066,114.5544926,30.5109861
1722781096,114.4411986,30.5117434
1722781104,114.441145,30.5118377
1722781106,114.4650464,30.5118435
1722781219,114.4535207,30.5127519
1722781232,114.4541049,30.5127938
1722781248,114.4467373,30.5128776
1722781398,114.5565548,30.5158574
1722781523,114.5557489,30.5182597
1722781556,114.5553711,30.5184175
1722781659,114.5547814,30.5188071
1722781675,114.5459345,30.5188733
1722781924,114.5583684,30.5197927
1722781977,114.5475863,30.5202189
1722782082,114.5509705,30.5210913
1722782084,114.5445036,30.5211017
1722782133,114.5075601,30.5217276
1722782389,114.5579431,30.5246722
1722782427,114.5410047,30.5253059
1722782539,114.5497643,30.5275497
1723596138,114.5351354,30.4908913
1723596141,114.5351248,30.4910846
1723596147,114.5380666,30.4912864
1723596723,114.535186,30.5039148
1723596783,114.5231567,30.5022717
1723596989,114.520294,30.5062768
1723597015,114.5387187,30.5064516
1723597241,114.5044415,30.508337
1723597266,114.4989329,30.5084859
1723597272,114.4997687,30.5085221
1723597287,114.537148,30.5086254
1723597303,114.5378514,30.5086691
1723597328,114.5056906,30.5087724
1723597664,114.5225061,30.5111484
1723597782,114.4965761,30.511664
1723597908,114.5002863,30.512125
1723597916,114.5002848,30.5122047
1723598048,114.5033325,30.5135133
1723598134,114.5027938,30.5140686
1723598193,114.524856,30.5143233
1723598322,114.5128127,30.5147764
1723598474,114.5261662,30.5153103
1723598526,114.5251988,30.5154453
1723598546,114.5252085,30.5156451
1723598593,114.5265771,30.5155848
1723598660,114.5281695,30.5160169
1723598676,114.4962807,30.5161268
1723598726,114.5051425,30.5168444
1723654064,114.5190477,30.4627547
1723654090,114.5297457,30.4652342
1723654094,114.5239321,30.4663317
1723654098,114.529633,30.4676358
1734799428,114.309833,30.5207875
1734799458,114.3100421,30.5223637
1734799459,114.3087691,30.5194687
1734799460,114.3049836,30.5147869
1734799479,114.3142076,30.5209267
1734799498,114.324825,30.5315756
1734799514,114.3052905,30.5163216
1734799520,114.3140362,30.5153775
1734799533,114.3071041,30.5209254
1734799534,114.3209215,30.5152362
1734799552,114.3178029,30.5203838
1734799600,114.3113326,30.5221771
1734799601,114.3129991,30.5193093
1734799602,114.3114008,30.5224436
1734799605,114.3243784,30.53298
1734799615,114.3207312,30.5146397
1734799643,114.3119615,30.5195922
1734799647,114.3130009,30.5218545
1734799661,114.3167103,30.5154157
1734799679,114.3051311,30.5153276
1734799682,114.3201799,30.5129474
1734799703,114.3086212,30.5152241
1734799743,114.3199775,30.5121014
1734799744,114.3135756,30.5197275
1734799745,114.3245389,30.5322397
1734799763,114.3250395,30.5313076
1734799769,114.3162866,30.5154095
1734799770,114.3245246,30.5324304
1734799782,114.3245904,30.5315536
1734799787,114.3103999,30.5192018
1734808331,114.3051964,30.5120052
1734808344,114.3047968,30.5194704
1734808364,114.3029544,30.5237505
1793010264,114.3058061,30.4685601
1793010347,114.3037627,30.469919
1793010353,114.3071268,30.4831673
1807168531,114.3568894,30.5414791
1807168533,114.3534633,30.53613
1807209529,114.3847265,30.5334053
1807209556,114.3508422,30.5403541
1807209562,114.3902574,30.5332902
1807209565,114.3530939,30.5407503
1807231833,114.3777021,30.5074525
1807231834,114.3791801,30.5082319
1807231836,114.379089,30.5100412
1807231843,114.3777699,30.5082733
1807231849,114.3786598,30.5100921
1807231854,114.3781073,30.5099373
1807231857,114.3800921,30.5110441
1807231860,114.379384,30.5092394
1807231863,114.3801914,30.5082041
1807231887,114.3791587,30.5104526
1807231888,114.3794108,30.510448
1807231891,114.3800682,30.5083378
1807231899,114.3800831,30.5100251
1807231903,114.3786303,30.5093318
1807231905,114.3829827,30.5138226
1807231916,114.3818591,30.5096436
1807231920,114.3802365,30.511037
1807231923,114.3791265,30.5138448
1807231933,114.3780751,30.5092394
1807231940,114.3800867,30.5104294
1807231944,114.3801832,30.5073754
1807272842,114.3800606,30.5086851
1807272926,114.3777861,30.5086432
1807273224,114.3793203,30.5086969
1807273503,114.3788556,30.510136
1807273549,114.3781001,30.5100504
1807273631,114.3800651,30.5092294
1807274080,114.3791775,30.5092417
1814595867,114.3936504,30.5104055
1814595872,114.3940592,30.509116
1814595877,114.3940942,30.5120608
1814651040,114.4314386,30.479551
1814651048,114.4324293,30.485977
1814651119,114.4341605,30.4912784
1814651127,114.4311196,30.4743634
1814651134,114.4313002,30.4782646
1814651166,114.4002193,30.5045751
1821061746,114.4319746,30.4835222
1821061778,114.4321136,30.484301
1821061787,114.4253446,30.4843993
1827193772,114.3685918,30.5308041
1827210269,114.3470322,30.5265335
1834257323,114.3170003,30.5731845
1834257335,114.3176874,30.5739699
1834257344,114.3156514,30.5719611
1834257349,114.3118748,30.5599759
1834257355,114.3151737,30.5712571
1834257357,114.3164482,30.5725622
1834257366,114.3185531,30.5720635
1835360721,114.3297324,30.5548267
1837322201,114.3268043,30.5805929
1837322207,114.315786,30.5739069
1837322214,114.3239471,30.5800274
1837322220,114.3301787,30.5811055
1837322222,114.3287355,30.5798077
1837322231,114.3272223,30.5734786
1837322243,114.326631,30.5817161
1837322247,114.3260537,30.581238
1837322250,114.3314184,30.5741226
1837322254,114.3273622,30.5810919
1837322258,114.3270956,30.5808541
1837322285,114.3192876,30.5761242
1837322288,114.3228386,30.5790807
1837322290,114.3279024,30.5832645
1837322295,114.3292344,30.5788471
1837322301,114.3285424,30.5796392
1837322311,114.3265523,30.5777895
1837322314,114.327362,30.5785421
1838340274,114.3264502,30.5816659
1838340275,114.3261489,30.5813968
1838340277,114.3258423,30.5816349
1838340278,114.3290352,30.5821736
1838340279,114.3281712,30.581412
1838340280,114.3273193,30.5806609
1838340281,114.3252309,30.5805118
1839449479,114.3833901,30.6074642
1852387870,114.3277776,30.5782244
1852387875,114.3292694,30.5787723
1862924836,114.4093002,30.6115942
1862925000,114.4123344,30.6031603
1862925066,114.4092506,30.6117358
1862925100,114.412393,30.602471
1862925211,114.4121028,30.603171
1862951296,114.4096146,30.6013704
1862951354,114.4115472,30.6015252
1862951358,114.4130792,30.6035113
1862951388,114.4114812,30.6051125
1862951415,114.409618,30.6109315
1862951464,114.4120862,30.6013902
1862951493,114.4120859,30.6039139
1862956878,114.4144665,30.6037102
1862971592,114.3757155,30.5919789
1862971616,114.3756747,30.5920533
1863058938,114.3855058,30.5965062
1863058969,114.3722772,30.5903534
1863058976,114.3720829,30.5876832
1863058995,114.3672957,30.5880202
1863059013,114.3726356,30.5904059
1863926471,114.3871419,30.5976084
1863926556,114.4094624,30.6111311
1863926570,114.4086506,30.6114762
1863926576,114.4086117,30.6116436
1863926667,114.4090055,30.6124359
1865252930,114.4444509,30.5124129
1865252948,114.4494077,30.5130254
1865252953,114.4502223,30.5131911
1865252974,114.4480825,30.511406
1865252996,114.4497053,30.5131298
1865252999,114.4487398,30.5130221
1865253019,114.4450537,30.5548843
1865253045,114.4512739,30.513111
1865253047,114.4483034,30.5130796
1865253066,114.4508886,30.5133894
1865253067,114.4499796,30.5158732
1865253070,114.4514034,30.5130296
1865253084,114.4498112,30.5158979
1865253094,114.4494939,30.5160213
1865253096,114.4501294,30.5115414
1865257996,114.4553026,30.4872201
1865258010,114.4516407,30.4931753
1865258084,114.4511782,30.4877487
1865266531,114.4585954,30.4747349
1865266535,114.4635114,30.4731414
1865266564,114.4477852,30.4715488
1865266573,114.458682,30.4747607
1865266579,114.445218,30.4674904
1865266582,114.4449008,30.4741359
1865266585,114.4492751,30.4721888
1865266590,114.4439282,30.471135
1865266636,114.4586268,30.4704066
1865266649,114.4590859,30.4727409
1865266682,114.4578499,30.4728988
1865266694,114.4394324,30.4699124
1865266710,114.4403481,30.4704981
1865266720,114.4468871,30.475684
1865266726,114.4591402,30.4729447
1865266749,114.4599782,30.4727622
1865266754,114.4456234,30.4674686
1865266755,114.443757,30.4713269
1865266774,114.4581919,30.4727184
1865266775,114.4584857,30.4736874
1865280090,114.3288717,30.4604241
1865280106,114.3147554,30.4604212
1865291672,114.2226383,30.4979815
1865291674,114.222549,30.4988644
1876183710,114.351864,30.6143938
1876183739,114.3543962,30.6149727
1876183768,114.3571488,30.6185305
1876183790,114.3547525,30.6166665
1876183856,114.3552538,30.6170876
1876183903,114.3695666,30.5906038
1877156562,114.2769417,30.5706259
1877156579,114.276914,30.5714038
1877156587,114.2766561,30.5706663
1877156632,114.2763384,30.569499
1877156636,114.2712774,30.5703905
1877156736,114.2771029,30.5681295
1877156741,114.2792599,30.5692712
1877156751,114.273307,30.5695873
1877156757,114.2769386,30.568072
1877156797,114.2766453,30.5694742
1877156809,114.2770633,30.5713952
1877156815,114.277123,30.5676156
1877156819,114.2787783,30.5693625
1877156826,114.276988,30.5667579
1877156861,114.2733105,30.5704829
1877156872,114.2775534,30.5673212
1877156874,114.2795383,30.5708709
1877156885,114.2713096,30.5693698
1877156887,114.2792896,30.569368
1877160161,114.2850264,30.5705615
1877160184,114.2870935,30.5696337
1877160185,114.2856594,30.5709264
1877160227,114.2871726,30.5695736
1877160231,114.2849212,30.5687392
1877160498,114.2771091,30.5667512
1877160500,114.2770707,30.567476
1877164579,114.28683,30.5726597
1877164581,114.2865759,30.5727573
1877164583,114.2821033,30.5706739
1877164586,114.2832766,30.5736139
1877164588,114.2796724,30.5716043
1877164594,114.2844496,30.5732063
1877164597,114.2848394,30.5741694
1877164598,114.2838455,30.5722204
1877164600,114.2807187,30.5707813
1877164601,114.2829501,30.5727276
1877164604,114.2835885,30.5734943
1877164610,114.2852957,30.5729389
1877164614,114.2834383,30.5714529
1877164616,114.2809009,30.571439
1877164618,114.2836799,30.570506
1877165238,114.2785526,30.5717334
1877165240,114.2770914,30.571526
1877168008,114.2772877,30.5741297
1877168009,114.2773953,30.5741537
1877168102,114.2756083,30.5736345
1877168103,114.2769501,30.5715731
1877175163,114.2752035,30.5737367
1877175199,114.2761212,30.5751315
1877175208,114.2767488,30.5754616
1877175230,114.2727902,30.5729955
1877184720,114.2799462,30.573318
1877184736,114.2782361,30.5697566
1877184747,114.2783702,30.5707451
1877189253,114.2765168,30.5738975
1880311320,114.2668605,30.5727159
1880311372,114.2748045,30.5757027
1880311382,114.2754843,30.5760074
1880311415,114.2668002,30.5728271
1880327541,114.2726277,30.5644736
1880327551,114.2457014,30.5692257
1880327553,114.2726601,30.5644006
1880327572,114.2577963,30.5668848
1880327575,114.2624812,30.565847
1880327599,114.2707299,30.5691711
1880327613,114.2671452,30.5698569
1880327634,114.2685533,30.5648998
1880327643,114.2626441,30.5703704
1880327665,114.2676706,30.5678924
1880327688,114.2685654,30.5648263
1880327693,114.2441728,30.5701517
1880327704,114.2670882,30.5706044
1880327732,114.269447,30.5719741
1880327743,114.2629064,30.5702117
1880327770,114.2627634,30.5672669
1880327798,114.271556,30.5674021
1880327814,114.2712568,30.5724864
1880334701,114.2709485,30.5646033
1880334703,114.2693056,30.5686047
1880334708,114.268094,30.5664958
1880334756,114.2721612,30.5694625
1880334758,114.269936,30.5669033
1880334797,114.272307,30.56767
1880337929,114.2701283,30.5683206
1880337933,114.2702413,30.568352
1880337934,114.2708256,30.5685146
1880337937,114.270037,30.5689859
1880337938,114.2652583,30.5653808
1880337939,114.2651024,30.5672919
1880337941,114.2694816,30.5681381
1880341138,114.2698196,30.5720785
1880341141,114.2696952,30.568886
1880341143,114.2650315,30.570384
1880341152,114.2692082,30.570194
1880341156,114.2641367,30.5702912
1880341164,114.26905,30.5735956
1880341174,114.2647592,30.5719148
1880341177,114.2643885,30.5672186
1880341181,114.263884,30.5718571
1880341184,114.2671992,30.5694152
1880363655,114.263403,30.5773672
1880363670,114.2653041,30.5756081
1880363671,114.2642006,30.5774362
1880363672,114.2648786,30.576164
1880363677,114.2722834,30.5782327
1880363679,114.2636542,30.57737
1880363680,114.2634414,30.5755831
1880363681,114.2652102,30.5755678
1880363685,114.2711757,30.5803267
1880367362,114.2695521,30.5770571
1880367363,114.2674727,30.5811375
1880367364,114.2708312,30.5744221
1880367367,114.273862,30.5751836
1880367371,114.2701739,30.5820814
1880367373,114.2738127,30.5752803
1880367374,114.2684812,30.5792001
1880367678,114.2689109,30.5736818
1880367680,114.2674513,30.5763041
1880367684,114.2700204,30.5760798
1880367685,114.272859,30.5772093
1880372550,114.2649633,30.5720874
1880372579,114.2632254,30.5735793
1880387814,114.279098,30.5776276
1880387815,114.279148,30.5775628
1880395944,114.2738817,30.5801455
1880395949,114.2746089,30.579157
1880395953,114.2732701,30.5812012
1880395957,114.2713335,30.5854044
1880395959,114.2733794,30.5812475
1880395961,114.2752012,30.5781233
1880395963,114.276232,30.5763302
1880395965,114.2717482,30.5792609
1880395969,114.2758907,30.5797044
1880395976,114.2752291,30.5807315
1880395986,114.2750863,30.5780758
1880395990,114.2772992,30.5803018
1880395996,114.2768449,30.5781608
1880395997,114.2761544,30.5764518
1880395999,114.277941,30.5793509
1880396005,114.2765201,30.5787125
1880396007,114.2765951,30.5813451
1880396008,114.2747865,30.5840247
1880396010,114.276053,30.576406
1880396013,114.2782891,30.5788342
1880396016,114.2739945,30.5801945
1880396017,114.2775078,30.5770348
1880396021,114.2775928,30.5768976
1880396025,114.2744816,30.5791026
1880396026,114.2715355,30.5851365
1880396029,114.2746041,30.5817664
1880400414,114.27341,30.5786705
1880400427,114.2739726,30.5776448
1880400462,114.2722463,30.5807731
1880400488,114.2728413,30.57971
1880421332,114.2757973,30.5835591
1880421338,114.2792821,30.5834862
1880421367,114.2767327,30.5839501
1880421372,114.2835375,30.5797129
1880421383,114.2783418,30.5832396
1880421399,114.2791811,30.5810933
1880421412,114.2798393,30.5793858
1880421436,114.2776108,30.5853557
1880421441,114.2810411,30.5819652
1880421453,114.2752512,30.5833308
1880421477,114.2780848,30.5819385
1880421483,114.2806181,30.5782858
1880421489,114.2763252,30.5825162
1880421493,114.2782466,30.5846159
1880421504,114.2817045,30.5788437
1880421508,114.277366,30.5829546
1880421511,114.2787757,30.5809617
1880421531,114.2772669,30.5829129
1880421824,114.2806629,30.5782114
1880447270,114.2847865,30.581188
1880447678,114.2857594,30.5824576
1880447679,114.2846729,30.5808562
1880455427,114.2832385,30.5824803
1880455433,114.2835168,30.5822584
1880455444,114.279072,30.5858555
1880455463,114.2821322,30.581011
1880455505,114.2815336,30.5838397
1880455514,114.282364,30.5831776
1880455525,114.280743,30.5844701
1880477799,114.2871201,30.5846678
1880477801,114.2881527,30.5870853
1880477807,114.2874493,30.5879206
1880477808,114.2833419,30.5869413
1880477810,114.2874053,30.5854294
1880477840,114.2867034,30.5856732
1880477857,114.2866742,30.5885603
1880477858,114.2844951,30.5903586
1880477864,114.2858693,30.5892246
1880477872,114.2842129,30.5862238
1880477876,114.2868944,30.5841193
1880477880,114.2849952,30.5856059
1880477884,114.2858747,30.5849083
1880480111,114.285172,30.5883245
1880480112,114.285804,30.5863688
1880480113,114.285848,30.587776
1880480114,114.2872825,30.5866618
1880480115,114.2874642,30.5854212
1880480117,114.2850281,30.5869977
1880480119,114.287226,30.58771
1880480122,114.2850144,30.5884523
1880480128,114.2835949,30.5895866
1880480130,114.2866486,30.5871654
1880480133,114.2841455,30.5876674
1880480136,114.2827237,30.5888518
1880480139,114.2826024,30.5889424
1880480143,114.289162,30.5846798
1880480166,114.2861112,30.5880258
1880483285,114.2835921,30.5881284
1880483301,114.2828312,30.5873482
1880504365,114.2918846,30.5915719
1880504367,114.2881723,30.5874067
1880504369,114.2934952,30.5904692
1880504371,114.2911782,30.5903825
1880504387,114.2891921,30.5884393
1880504390,114.2911186,30.5904319
1880504395,114.2919441,30.5915415
1880504401,114.2951192,30.589337
1880506150,114.2906831,30.5839542
1880506151,114.2951171,30.5846345
1880506156,114.287594,30.5820693
1880506158,114.2892366,30.5847866
1880506160,114.2916396,30.5884961
1880506161,114.291163,30.5878754
1880506163,114.2900812,30.5862056
1880509259,114.2903372,30.5798642
1880509263,114.2920081,30.5828817
1880509264,114.2936057,30.5860555
1880509275,114.292724,30.5876723
1880510915,114.2883934,30.5833658
1880510916,114.2898887,30.5825847
1880510918,114.2912557,30.5815229
1880510919,114.287416,30.5838199
1880510921,114.2871948,30.5846664
1880510922,114.2877164,30.582267
1880510924,114.2926034,30.5804097
1880510926,114.2928676,30.5801725
1880527291,114.2897087,30.588768
1880527294,114.2914178,30.5852872
1880527297,114.2938049,30.5884853
1880527298,114.2927571,30.5842006
1880527299,114.2943333,30.5898928
1880527300,114.2964296,30.586831
1880527301,114.2923089,30.5869144
1880527307,114.2938432,30.5867717
1880527319,114.2903897,30.5894238
1880527320,114.2903115,30.5894669
1880527325,114.2896506,30.5888581
1880527329,114.2944321,30.5880194
1880527335,114.2955764,30.5854296
1880527338,114.2925076,30.5894293
1880527340,114.2963146,30.586873
1880527342,114.2933452,30.5888329
1881962445,114.2952843,30.5942836
1881962506,114.2936402,30.5935116
1881981626,114.2977284,30.5953319
1881981628,114.3020967,30.5983301
1881981633,114.2990647,30.5947283
1881983314,114.2918444,30.5963838
1881983315,114.2943037,30.593102
1881983316,114.2941677,30.5912202
1881983318,114.2964413,30.5908896
1881983319,114.2978917,30.5903517
1881983320,114.2968651,30.5914968
1881983321,114.2953107,30.5942271
1881983322,114.2932666,30.5918566
1881983324,114.2924216,30.5924939
1881983326,114.2952567,30.5925234
1881983328,114.2936053,30.5935642
1881983329,114.292375,30.5925174
1881983568,114.2970303,30.5917245
1881983569,114.2983288,30.5912078
1881983570,114.2984294,30.5911684
1881984010,114.2979501,30.5930595
1881984011,114.2957835,30.5944044
1881984012,114.2957175,30.594447
1881984013,114.2964351,30.5939733
1881986247,114.2998994,30.5943827
1881986248,114.3000038,30.5943433
1881986250,114.2958176,30.5962117
1881989360,114.3009751,30.5964744
1881989361,114.3010562,30.5964362
1881989363,114.2989831,30.5974078
1881989364,114.2983391,30.5963778
1881989893,114.2980942,30.6002298
1881989900,114.3001602,30.599285
1881989910,114.2980419,30.6001381
1881989912,114.299547,30.5983097
1881989914,114.3001075,30.5991909
1882003758,114.2991268,30.5925973
1882003792,114.2990399,30.5926299
1882024029,114.2886351,30.5939249
1882024041,114.2891146,30.5940831
1882026444,114.2876297,30.5893779
1882026445,114.2878876,30.5928744
1882026448,114.2893272,30.5909889
1882026450,114.288558,30.5894554
1882026451,114.2876491,30.593072
1882026452,114.2875272,30.5931819
1882026453,114.2881244,30.5920457
1882026454,114.2873535,30.5905738
1882026456,114.2892965,30.5894964
1882026459,114.2892542,30.5921751
1882026464,114.2883363,30.59078
1882034688,114.2928972,30.5946534
1882034692,114.2908398,30.5937061
1882034696,114.2908317,30.5935798
1882034702,114.2892092,30.5934878
1882034705,114.2905646,30.593624
1882035259,114.2937931,30.5950755
1882037538,114.2931048,30.5961636
1882037539,114.2944938,30.5993429
1882037540,114.2939493,30.5988731
1882037542,114.2927492,30.5967601
1882037543,114.2938145,30.5989811
1882037548,114.294087,30.5976445
1882044588,114.294611,30.5954767
1882060973,114.2939439,30.602095
1882060975,114.2931667,30.6022095
1882060998,114.2938571,30.6019465
1882071489,114.3043256,30.6064046
1882077229,114.301731,30.6062308
1882077235,114.3058076,30.6043483
1882077240,114.3037079,30.6053269
1882081953,114.3019098,30.6065348
1882081958,114.3000245,30.6072054
1882081961,114.2999333,30.607367
1882081962,114.2985819,30.6079761
1882081965,114.3022394,30.6103993
1882087714,114.2951751,30.6035681
1882087716,114.2968559,30.6025066
1882087718,114.2966928,30.6025953
1882088837,114.3010492,30.6006849
1882088839,114.3030105,30.599839
1882095039,114.3003237,30.6038887
1882095040,114.3026709,30.6035177
1882095042,114.3038823,30.601249
1882095044,114.2968063,30.6058159
1882095045,114.2972319,30.6055761
1882095050,114.3048407,30.6026163
1882095053,114.2970523,30.6056821
1882095054,114.2984297,30.6048977
1882095056,114.2969132,30.6054987
1882095057,114.3022973,30.6028659
1882095058,114.2972185,30.606423
1882095059,114.3014524,30.6013918
1882095060,114.2969912,30.6057157
1882095061,114.3013906,30.6056523
1882095062,114.30338,30.6047547
1882095063,114.3047556,30.6026523
1882095064,114.3039786,30.6012055
1882095065,114.2998655,30.6030735
1882095066,114.2982423,30.6049917
1882095067,114.3018717,30.6021306
1882095068,114.3006255,30.6043518
1882095072,114.3002292,30.6037176
1882095558,114.3033483,30.6068601
1882095560,114.3023879,30.6052023
1882095562,114.3027367,30.6057709
1882138508,114.303375,30.6154422
1882138513,114.3058673,30.6143913
1882138516,114.3052354,30.6141851
1882138526,114.3043754,30.6147435
1882138530,114.3041487,30.615392
1882138546,114.2991289,30.6178241
1882138557,114.3041185,30.6148253
1882138559,114.3097522,30.6114477
1882138568,114.3044069,30.6152
1882138571,114.3052767,30.6163408
1882138574,114.3036089,30.614651
1882138577,114.3041668,30.6148358
1882138579,114.3040086,30.6153865
1882138594,114.3063053,30.6135801
1882138596,114.3037645,30.6151321
1882138597,114.3031271,30.6139589
1882138599,114.3061302,30.6141659
1882138604,114.3048082,30.6149408
1882138609,114.3037835,30.6150153
1882138612,114.3035229,30.6154832
1882138613,114.3081392,30.6124631
1882138620,114.304423,30.6151151
1882138646,114.3099671,30.611885
1882138648,114.3030189,30.6155688
1882138650,114.299315,30.6179975
1882138673,114.3045011,30.6156353
1882144961,114.3103503,30.6124423
1882145004,114.3064759,30.6054118
1882149799,114.3091898,30.6096103
1882149800,114.3048991,30.6114858
1882149808,114.3079416,30.6100981
1882149816,114.3071482,30.6087557
1882149822,114.3083901,30.6081785
1882149834,114.3039677,30.6099051
1882149836,114.3005061,30.611244
1882149840,114.3049392,30.6095894
1882149846,114.3055014,30.6125079
1882149848,114.3082949,30.608222
1882159772,114.3066262,30.611928
1882159795,114.3075148,30.6114698
1882159834,114.3071434,30.613119
1882165516,114.3058082,30.6092617
1882165519,114.3020605,30.6067908
1882165521,114.3037819,30.6075408
1882165523,114.3034019,30.6089885
1882165525,114.3040711,30.6080056
1882165527,114.3030663,30.6063578
1882165528,114.304957,30.6082949
1882165530,114.3043003,30.6072951
1882165532,114.3028105,30.6080164
1882165534,114.3040168,30.6058658
1882165536,114.3045922,30.6077555
1882165538,114.30437,30.6085673
1882271290,114.2838297,30.5923733
1882271295,114.2797262,30.5883845
1882271296,114.2852401,30.5911944
1882271316,114.2843088,30.5919518
1882271321,114.2827353,30.5917655
1882271322,114.2835248,30.5926238
1882271324,114.2834459,30.5911949
1882284060,114.2871684,30.5928636
1882284061,114.2872703,30.5927298
1882284062,114.2859254,30.5917911
1882284064,114.2860807,30.5945206
1882284069,114.2906365,30.5997969
1882284071,114.2857149,30.595001
1882302779,114.2684475,30.5848736
1882302783,114.2684851,30.584611
1882302787,114.2677745,30.5881618
1882311543,114.2684284,30.5936969
1882311545,114.2713772,30.5857348
1882311546,114.2684553,30.5938308
1882311549,114.2711469,30.586036
1882311553,114.2663693,30.5988856
1882311565,114.2683481,30.5939554
1882311566,114.2684849,30.5939901
1882315265,114.2790833,30.5887698
1882315268,114.2681579,30.5937517
1882315271,114.2746654,30.58708
1882315274,114.268638,30.5938233
1882315337,114.2715804,30.5893672
1882315361,114.2791552,30.5888062
1882315364,114.2797565,30.5888876
1882315375,114.2790464,30.5881605
1882315411,114.268635,30.5937425
1882318596,114.2612245,30.592655
1882326245,114.2678245,30.5955174
1882326247,114.2676866,30.5955076
1882402521,114.2753464,30.5868196
1882402547,114.2738108,30.5877254
1882405950,114.2718622,30.5922928
1882405954,114.271166,30.5910452
1882413350,114.2663922,30.5932385
1882413363,114.2660718,30.5940851
1882413366,114.2655857,30.5953696
1882413367,114.265524,30.5930381
1882413369,114.2649689,30.5946822
1882413370,114.2652419,30.5938736
1882413371,114.2649041,30.592938
1882413376,114.2643739,30.5953098
1882421165,114.2639177,30.5961622
1882421175,114.2609157,30.5968282
1882421179,114.2671185,30.5968774
1882421187,114.2634821,30.5975264
1882421190,114.262415,30.5971143
1882421193,114.2585415,30.5965935
1882421205,114.260729,30.5944459
1882421209,114.2634489,30.5976315
1882421211,114.2609006,30.596723
1882440894,114.2631888,30.5950328
1882440895,114.2647198,30.5937623
1884975438,114.239543,30.5735812
1884975510,114.2458791,30.5741828
1884975517,114.2393308,30.5736488
1884975545,114.2396646,30.5736489
1884975558,114.2497014,30.572164
1884975563,114.2371534,30.5747728
1884975569,114.2392617,30.5737992
1884975605,114.2530943,30.5717799
1884979283,114.256502,30.5671044
1884979285,114.2563139,30.5670728
1884979288,114.2566821,30.5698526
1884979292,114.2559178,30.5761976
1884979297,114.2563944,30.5716351
1884979298,114.2564134,30.5715149
1884979300,114.2563694,30.5673987
1884979303,114.2563334,30.5671499
1884979306,114.2560592,30.5671843
1884981393,114.2565721,30.5706452
1884981395,114.2530757,30.5708524
1884981405,114.2624276,30.5699402
1884981410,114.2509353,30.5707277
1884981412,114.2462521,30.5707507
1884982982,114.2480277,30.5689586
1884982995,114.2565041,30.5683307
1884983026,114.2471963,30.5690741
1884983029,114.2621555,30.5673536
1884983682,114.2594857,30.5701859
1884983683,114.2569708,30.5696937
1884983686,114.2623291,30.5691746
1884983694,114.2595839,30.571642
1884983695,114.258056,30.5680844
1884983696,114.2594124,30.5693487
1884985369,114.2574309,30.5681795
1884985370,114.2571893,30.5669869
1884990073,114.2497008,30.5719794
1884990079,114.2510273,30.5695977
1884990085,114.2481775,30.5697277
1884990088,114.250908,30.5687395
1884990097,114.2473273,30.5697551
1884990100,114.2475334,30.570618
1884990103,114.2492502,30.5688485
1884990106,114.2494325,30.569677
1884990112,114.2495995,30.56967
1884990115,114.2497009,30.5706562
1884998921,114.2590279,30.5666766
1884998931,114.2592495,30.5678972
1885006540,114.2529674,30.56857
1885021148,114.2618894,30.5741963
1885021153,114.2600117,30.5751336
1885021155,114.2603591,30.5777792
1885021156,114.2607676,30.5752288
1885021157,114.2561734,30.5735779
1885021158,114.2583898,30.5716896
1885021160,114.2560616,30.5746315
1885021161,114.2597435,30.577523
1885021163,114.2601844,30.5751553
1885021164,114.2582791,30.5737021
1885021166,114.2601629,30.5718096
1885021167,114.2630327,30.5742598
1885021173,114.2631709,30.5755092
1885021174,114.2583009,30.5749181
1885021176,114.2612242,30.5752863
1885021177,114.2600174,30.5738304
1885021178,114.2613645,30.5739418
1885021180,114.261765,30.5753557
1885026697,114.2483434,30.5745228
1885026707,114.2467349,30.5739099
1885026709,114.2542816,30.5717656
1885026713,114.24828,30.5727617
1885026716,114.2539443,30.5744603
1885026725,114.2467709,30.572228
1885026726,114.2497468,30.5727243
1885026728,114.2482686,30.5721926
1885037341,114.2511013,30.5677455
1885037343,114.2513204,30.5687098
1885048823,114.2468385,30.5792814
1885048863,114.2465962,30.5790832
1885061251,114.2477726,30.5808499
1885061257,114.2477652,30.5801567
1885061273,114.2555587,30.5799736
1885061277,114.2464971,30.579967
1885061282,114.2562818,30.5806417
1885061285,114.2561782,30.58075
1885061287,114.2478585,30.5803708
1885061289,114.2558319,30.5804664
1885061290,114.2483765,30.5803924
1885061299,114.2544745,30.5800659
1885061302,114.2476089,30.5809116
1885061311,114.2474125,30.5800623
1885061324,114.2470269,30.5802418
1885061341,114.2550754,30.5802501
1885061345,114.2541627,30.5802415
1885063418,114.2471206,30.5837928
1885074430,114.246148,30.5864215
1885074475,114.257453,30.5861459
1885074498,114.2568057,30.595848
1885074503,114.2497921,30.589869
1885074506,114.2476652,30.5869744
1885074524,114.259886,30.5849014
1885074530,114.2577389,30.5964408
1885074561,114.2474438,30.5861918
1885074567,114.257407,30.5963859
1885074572,114.2505168,30.5906715
1885074583,114.2467107,30.5863675
1885074591,114.2475803,30.5862753
1885074638,114.2471587,30.5866955
1885074667,114.247225,30.5865763
1885074671,114.2506412,30.5905946
1885077247,114.2543529,30.5886364
1885077254,114.2476661,30.5815086
1885077857,114.2468798,30.574438
1885079870,114.2565677,30.5794514
1885079872,114.2556088,30.5793491
1885079876,114.2562916,30.5804644
1885079887,114.2571165,30.576663
1885080775,114.2571756,30.5809394
1885080776,114.2579084,30.5795836
1885080778,114.2583907,30.5771272
1885084584,114.2517625,30.5901176
1886635180,114.27485,30.5955548
1886635187,114.2770897,30.5964367
1886641077,114.2452238,30.579196
1886641096,114.2146999,30.5801082
1886641104,114.2339722,30.5780546
1886641117,114.2460858,30.5794145
1886641124,114.2429344,30.5778034
1886641151,114.2424703,30.577868
1886641177,114.2356826,30.5750611
1886641239,114.2361578,30.5779959
1886641243,114.2263503,30.579817
1886641269,114.2458989,30.5749823
1886641296,114.2416282,30.5777156
1886641308,114.2392484,30.5779759
1886645310,114.2293393,30.5837916
1886645325,114.2294307,30.583823
1886645341,114.2337752,30.5775416
1886645359,114.2379608,30.5779259
1886645363,114.2330152,30.578515
1886645369,114.240472,30.5734747
1886645376,114.2379355,30.5772455
1886645379,114.2327508,30.5782085
1886645393,114.2264846,30.5888128
1886645401,114.236493,30.57521
1886645407,114.241743,30.5761501
1886645428,114.2303301,30.5817533
1886654488,114.2435946,30.5863286
1886663555,114.2455496,30.5816689
1886663557,114.243067,30.5862602
1886663560,114.2274462,30.5873346
1886663565,114.2290446,30.5892296
1886667408,114.2302886,30.5820468
1886667410,114.2463316,30.5802492
1886667412,114.2315907,30.5835878
1886678503,114.2388387,30.5757574
1886678511,114.2384187,30.5770477
1886678524,114.2407718,30.5741715
1886678558,114.2372358,30.5762411
1886691314,114.2338683,30.5793325
1886691318,114.2323853,30.5805698
1886691320,114.2338458,30.578208
1886691331,114.231591,30.5800348
1886708854,114.2424636,30.5842748
1886708947,114.2439022,30.5861088
1886723067,114.2425643,30.5816422
1886723068,114.2386278,30.5822307
1886723070,114.2316558,30.5869338
1886723071,114.2393054,30.5860192
1886723072,114.2403714,30.5841248
1886723073,114.2391123,30.5804174
1886723074,114.2389908,30.5804993
1886723077,114.239818,30.5835227
1886723079,114.2414503,30.5803267
1886723081,114.2369686,30.5781014
1886723082,114.243039,30.5832807
1886723085,114.2416872,30.583216
1886723086,114.2411553,30.582607
1886723087,114.2437514,30.5805685
1886723088,114.2438947,30.5807312
1886723089,114.2399789,30.5813193
1886723090,114.2444459,30.5813789
1886723148,114.2373545,30.5816029
1886723150,114.2381628,30.5825444
1886727440,114.2349782,30.5846927
1886727441,114.2372669,30.5805421
1886727442,114.2355727,30.5806291
1886727443,114.2359496,30.5840374
1886727444,114.2324946,30.586368
1886727445,114.2304541,30.588162
1886727446,114.2343219,30.5820753
1886727447,114.2341331,30.583725
1886727448,114.2319483,30.5872285
1886727449,114.2387368,30.5853866
1886727450,114.2401726,30.5854889
1886727452,114.2320529,30.5859429
1886727453,114.2352674,30.581449
1886727454,114.2371881,30.5878817
1886727457,114.2408608,30.5877835
1886727458,114.2312333,30.5865579
1886727463,114.2315488,30.585458
1886727466,114.2298319,30.5868089
1886727470,114.2360653,30.5791704
1886727472,114.2397292,30.5849874
1886727473,114.2377122,30.5860562
1886727475,114.2406251,30.5844008
1886727477,114.2377909,30.5827953
1886727480,114.2337693,30.5833084
1886727481,114.2349173,30.5810501
1886727485,114.2405427,30.5852625
1886727487,114.2367037,30.579877
1886727489,114.2405885,30.5874747
1886727492,114.236948,30.5833639
1886731243,114.2268045,30.5885395
1886731250,114.2269761,30.5890354
1886777643,114.2230918,30.5878298
1886777686,114.2226635,30.5879334
1886777795,114.2221965,30.5868052
1886777802,114.2224905,30.5879541
1886777826,114.2211156,30.5830278
1886777892,114.2225468,30.5874807
1886777918,114.2210135,30.5839562
1886777957,114.224668,30.5880512
1886777969,114.2234241,30.5877428
1886777976,114.2211951,30.5845329
1886803757,114.218806,30.5825286
1886803774,114.2152316,30.5798269
1886803793,114.2151733,30.579765
1886803802,114.2163381,30.5811643
1886803837,114.2147594,30.5801684
1886803844,114.2165177,30.5810765
1886803858,114.219107,30.5822738
1886808397,114.2197803,30.5839994
1886808401,114.2206397,30.5840081
1886808405,114.2205446,30.5834445
1886808407,114.2197314,30.5830765
1886808410,114.219728,30.5836926
1886808413,114.2177405,30.5852295
1886808419,114.2151086,30.5872812
1886816090,114.2148869,30.5875697
1886816117,114.2189097,30.5912619
1886820898,114.2154816,30.6000151
1886820901,114.2186685,30.5915115
1886820913,114.2200417,30.5921123
1886820945,114.2186558,30.5910876
1886828443,114.218377,30.5850085
1886828446,114.2215682,30.5855805
1886828478,114.2165842,30.5864155
1886828482,114.2201052,30.5901711
1886831760,114.2185424,30.5873236
1886831786,114.21799,30.587656
1886831795,114.2176251,30.5856033
1886831798,114.2210298,30.5893131
1886840630,114.2229881,30.5814188
1886840632,114.2196079,30.5815188
1886840634,114.2173065,30.5780752
1886840646,114.220194,30.5760413
1886846389,114.2260876,30.5753334
1886883617,114.2259179,30.5885562
1886883649,114.2275627,30.6081646
1886883651,114.2230351,30.5997936
1886883669,114.2266896,30.5884385
1886883680,114.2278,30.6082588
1886887076,114.2238374,30.5962739
1886887082,114.2263106,30.5894006
1886887085,114.2261469,30.5893949
1886887096,114.226191,30.6069892
1886887097,114.2259276,30.5887267
1886887104,114.2271392,30.5892673
1886894556,114.2220709,30.5854173
1886894566,114.2235769,30.5853267
1886894581,114.2242582,30.5858114
1886894612,114.2224787,30.5864341
1887089821,114.2596455,30.5819068
1887089822,114.2595017,30.5822446
1887801443,114.215838,30.6000676
1887801453,114.2172414,30.6005071
1887801456,114.2156584,30.599483
1887801483,114.2154727,30.6005155
1887801490,114.2150913,30.5999509
1887801496,114.2155684,30.5994759
1887801501,114.2153784,30.6005265
1887801505,114.2159299,30.5999221
1887802712,114.2299229,30.6066222
1887802715,114.2297125,30.6085473
1887802718,114.2221633,30.6084388
1887802723,114.2298496,30.6087247
1887802735,114.2313931,30.6056107
1887802754,114.2208404,30.6056293
1887802757,114.2213396,30.6068413
1887802763,114.2274928,30.6083978
1887802766,114.2311218,30.6059808
1887802767,114.2272052,30.60795
1887802768,114.2220024,30.6087349
1887802773,114.2268293,30.6083182
1887802775,114.2219863,30.6084948
1887802783,114.2262605,30.608348
1887807343,114.2235394,30.6064333
1887807351,114.223659,30.6084309
1887807355,114.2244105,30.6044947
1887807367,114.2251022,30.6057045
1887807372,114.2223485,30.6055514
1887808810,114.2250681,30.5988633
1887808815,114.2242366,30.5995144
1887808818,114.223203,30.5991841
1887808821,114.2232522,30.5993481
1887811458,114.2216605,30.5979523
1887811459,114.2221057,30.5993144
1887811484,114.2229883,30.5990758
1887811487,114.2225215,30.5991482
1887811488,114.2230955,30.5955258
1887811503,114.2226717,30.5990789
1887815637,114.2315101,30.5963187
1887815696,114.2303055,30.5971251
1887815738,114.226139,30.5896784
1887818871,114.2180677,30.6011743
1887818888,114.2162433,30.596372
1887818899,114.2173524,30.5988948
1887818931,114.2174789,30.5990605
1887818958,114.2187221,30.600731
1887822985,114.2341059,30.6071845
1887822987,114.2343172,30.6096138
1887822992,114.2310395,30.6089097
1887822995,114.2384945,30.6078794
1887822998,114.2338259,30.6077544
1887823004,114.231839,30.6054726
1887823006,114.2347222,30.608412
1887823007,114.2315551,30.6059253
1887823012,114.2340404,30.6071651
1887823030,114.2336935,30.6081013
1887823035,114.2352274,30.6069463
1887823038,114.2317978,30.6059162
1887823040,114.2332379,30.6093976
1887823073,114.2352503,30.6068618
1887823077,114.2323866,30.6077039
1887828526,114.2484063,30.60113
1887828535,114.2478712,30.6008039
1887828536,114.2449433,30.6057915
1887828541,114.249965,30.6086866
1887828546,114.2448529,30.6018279
1887828555,114.2503837,30.6093311
1887828564,114.2474182,30.6013246
1887828568,114.2493554,30.6092284
1887828569,114.2479794,30.6012135
1887828570,114.2480248,30.6013866
1887828571,114.2516463,30.6014561
1887828574,114.248824,30.6044321
1887828597,114.2396846,30.602884
1887828603,114.2509998,30.6012441
1887828605,114.2481268,30.6017754
1887828608,114.2371397,30.6034989
1887828611,114.2365853,30.6036055
1887828613,114.236471,30.6036242
1887828618,114.2563728,30.6064686
1887828620,114.248457,30.6012986
1887828621,114.2449353,30.6020188
1887828648,114.2521116,30.6016877
1887830140,114.2531704,30.6066882
1887830145,114.2495289,30.6070814
1887830148,114.2538454,30.6051491
1887830155,114.2476135,30.6069952
1887830163,114.2460021,30.5985285
1887830171,114.254894,30.6031902
1887830202,114.2468038,30.6016348
1887830206,114.2467593,30.6014544
1887830208,114.2476069,30.6046857
1887830224,114.2508106,30.6040785
1887830230,114.2553818,30.6034469
1887830243,114.2469773,30.6022986
1887830257,114.255131,30.6033149
1887830259,114.2511204,30.6068044
1887830264,114.2549931,30.603512
1887886069,114.2602385,30.5849565
1887886071,114.2567195,30.6040319
1887886077,114.2574102,30.6039077
1887886078,114.2576243,30.5957724
1887886083,114.254318,30.6096473
1887886090,114.2582291,30.599867
1887886095,114.2578405,30.5970918
1887886113,114.2581327,30.5971411
1887886126,114.2570184,30.6042934
1887886135,114.2580485,30.59196
1887886136,114.2561765,30.606365
1887886144,114.2592515,30.588141
1887886148,114.2580137,30.5998676
1887886151,114.2541215,30.6095282
1887886153,114.2577428,30.5934723
1887886156,114.2579091,30.595975
1887886168,114.2577257,30.5937196
1887886170,114.2581666,30.5919877
1887886171,114.2571469,30.6050077
1887886179,114.2575998,30.5933843
1887886198,114.257567,30.6035254
1887891554,114.2464109,30.6017147
1887891561,114.2469169,30.6020697
1887891571,114.2452953,30.60501
1887891576,114.2364297,30.603524
1887891580,114.234959,30.5974731
1887891587,114.2351808,30.5972261
1887891595,114.244073,30.6020092
1887891601,114.2386227,30.6053495
1887891612,114.245404,30.605409
1887891617,114.2458201,30.6051661
1887891619,114.2399619,30.6042384
1887891620,114.2472147,30.6013647
1887891627,114.2471235,30.602853
1887891631,114.2463649,30.599934
1887891640,114.2466805,30.6011499
1887891642,114.2366325,30.6039665
1887891657,114.238722,30.6013511
1887891663,114.2271958,30.5977206
1887891670,114.2391546,30.5957433
1887891678,114.2367586,30.6040136
1887891697,114.242291,30.60378
1887891715,114.2463602,30.6015397
1887891717,114.2418084,30.6025646
1887891725,114.2448658,30.603288
1887891748,114.244638,30.6024656
1887891750,114.2392682,30.6012443
1887891752,114.2441593,30.6021168
1887891757,114.2384597,30.5971326
1887891768,114.24438,30.6015298
1887891841,114.2359466,30.6037282
1887905953,114.2238966,30.5964843
1887905967,114.250158,30.590361
1887905980,114.2212458,30.5843346
1887908204,114.2551743,30.6032335
1887908209,114.2514265,30.6019099
1887914085,114.2665594,30.5840666
1887914087,114.2672383,30.5810409
1887914096,114.2638602,30.5832201
1887914598,114.2614895,30.5916789
1887914599,114.258469,30.5910068
1887926169,114.2586468,30.5967032
1887928599,114.2580144,30.5997946
1887932230,114.2557795,30.5951405
1887932233,114.2583661,30.5909114
1887932239,114.255693,30.5952424
1887932252,114.2558659,30.5935284
1887932257,114.2553763,30.590613
1887932259,114.2574919,30.593692
1891150000,114.276132,30.6040925
1891150005,114.2665872,30.5984038
1891150037,114.2658405,30.5985244
1891150089,114.2755809,30.6032979
1891150133,114.272526,30.6015866
1891150158,114.2668165,30.5989867
1891150206,114.2722316,30.6013932
1891150282,114.2728701,30.6016297
1891154866,114.2727687,30.6013775
1891154878,114.2832682,30.5926054
1891154882,114.27799,30.5967594
1891195554,114.2774022,30.6026368
1891195559,114.2701806,30.6004752
1891195560,114.2745926,30.599836
1891195564,114.2729023,30.5952464
1891195569,114.2719407,30.5983329
1891213408,114.2760095,30.6034437
1891226592,114.2763448,30.6032523
1891226597,114.2797521,30.6047494
1891226654,114.2778771,30.6061439
1891226671,114.2811632,30.5972364
1891226717,114.2786594,30.6056014
1892532853,114.2124829,30.507088
1892533014,114.21632,30.5121939
1892533036,114.2317249,30.5140606
1892533037,114.212449,30.5141168
1892533040,114.2244695,30.5177827
1907856815,114.3476786,30.5288343
1907856818,114.3477971,30.529134
1907856822,114.3478819,30.5287753
1907856823,114.3479982,30.5290735
1919974849,114.4221573,30.5208103
1919974851,114.41882,30.5120539
1920006833,114.4220592,30.5112537
1920006881,114.4221152,30.5118468
1926866245,114.2847008,30.5941563
1926866253,114.2803828,30.5947118
1926866262,114.2830381,30.5961967
1926866264,114.2844448,30.5969385
1926866272,114.2869389,30.5973473
1926866285,114.2846129,30.5980564
1926866291,114.2835539,30.5986506
1926866302,114.2849934,30.5994001
1926866307,114.2851824,30.5994818
1926866309,114.2852888,30.5995279
1926866313,114.280981,30.59999
1926866318,114.2847973,30.6002671
1926866319,114.2879533,30.6007302
1926866333,114.2841975,30.6018116
1926866334,114.2843085,30.6018463
1926866345,114.2867534,30.6024959
1926866347,114.293022,30.6025896
1926866350,114.2810386,30.6026731
1926866352,114.2865888,30.6028523
1926866356,114.2831745,30.6034018
1926866368,114.2906666,30.6035691
1926866370,114.2907369,30.6036469
1926866376,114.2827901,30.6039433
1926866385,114.2822697,30.6045033
1926866395,114.2883424,30.6049325
1926866410,114.2845456,30.6057322
1926866413,114.2809311,30.6058356
1926866423,114.281001,30.6059385
1926866429,114.2777902,30.6062024
1926866441,114.2858605,30.606799
1926866443,114.2859412,30.6068566
1926866455,114.2795263,30.6071891
1926866459,114.2788898,30.6071795
1926866464,114.2796266,30.6072597
1926866535,114.2827711,30.6076793
1926866545,114.27954,30.607896
1930506193,114.2333797,30.5132143
1930506199,114.233162,30.5133229
1930506207,114.2328161,30.5134992
1930506210,114.2331919,30.5136062
1930506213,114.2353031,30.5162004
1930506214,114.2351849,30.5162614
1930506216,114.2334848,30.5179348
1930506226,114.273877,30.5495404
1930506236,114.2793372,30.5608163
1930527255,114.2202744,30.5174395
1930527256,114.2159996,30.519671
1930527257,114.2162742,30.5203078
1930527270,114.2198368,30.5246762
1935052512,114.2138013,30.5618324
1935052528,114.1911777,30.5683968
1935052570,114.1854795,30.5695983
1973301960,114.2811243,30.609736
1973301969,114.2993111,30.6266461
1973301981,114.2703372,30.6128019
1973301982,114.3008334,30.6281473
1992854998,114.3126804,30.5406806
1992855011,114.3154081,30.541554
1993306191,114.2535697,30.6301672
2045952130,114.2296265,30.4965351
2045952153,114.2354834,30.5017568
2045952160,114.2357764,30.5022561
2045952211,114.249726,30.515645
2045952232,114.2497923,30.5193477
2045952234,114.2468386,30.5214002
2045952236,114.238742,30.5291416
2045952239,114.2476024,30.5297969
2045952241,114.2474697,30.5298895
2045952245,114.2479968,30.530351
2045952271,114.2401585,30.532121
2045952299,114.2420156,30.5434185
2045952302,114.2421819,30.5449929
2045952305,114.186079,30.5481092
2045952326,114.1942649,30.554037
2045952397,114.1691113,30.5672702
2045952502,114.2015584,30.5744366
2045952524,114.1944317,30.5762693
2045952536,114.1674809,30.5767964
2045952564,114.1949713,30.5773876
2045952572,114.1880676,30.5777979
2045952573,114.1701881,30.5778656
2045952586,114.1845407,30.5781039
2045952616,114.1884405,30.5790561
2045952628,114.1887851,30.5797279
2045952637,114.1739748,30.5829
2075724308,114.3927088,30.5085123
2124844327,114.3541062,30.5321314
2134613633,114.436702,30.5287784
2134613651,114.4368962,30.5306586
2135916406,114.3058862,30.4875616
2135916409,114.3058423,30.4855349
2135916414,114.3052094,30.4815742
2135916447,114.3000537,30.4850936
2135916450,114.2990951,30.4850235
2135916454,114.2990747,30.4853549
2135925896,114.3051871,30.4855739
2139758145,114.3022459,30.5486887
2139758149,114.3028263,30.5479735
2139758155,114.3025409,30.5480209
2140813071,114.2956509,30.6401939
2140813072,114.2875989,30.6365937
2140813078,114.313808,30.6474631
2140813082,114.2884432,30.6347825
2140813084,114.2933449,30.6461868
2140813085,114.2925144,30.6493743
2152848555,114.3598078,30.6151241
2152853234,114.368367,30.6161213
2152853235,114.3630969,30.6224718
2152896631,114.3384286,30.6135145
2152896649,114.3609059,30.6320961
2168395368,114.2581887,30.6001308
2168408831,114.260137,30.6004823
2168408833,114.2594506,30.6048021
2265085273,114.3193268,30.5830555
2265085277,114.3284833,30.5933763
2288655186,114.3503752,30.5385754
2288655187,114.3505809,30.5386864
2288656705,114.3487476,30.5412352
2288665463,114.3489344,30.5413043
2289778025,114.27804,30.5855286
2289778029,114.2777311,30.5864902
2289778033,114.2774984,30.5871823
2289778034,114.2784805,30.5874786
2293587299,114.2689694,30.6019983
2293587319,114.2712718,30.6063063
2320987456,114.2493619,30.6136391
2320987457,114.2440692,30.614292
2320987467,114.246037,30.6152601
2320987470,114.2480284,30.6158933
2383219152,114.1833909,30.5861689
2383219162,114.1813849,30.5883538
2383219217,114.1736313,30.6059858
2383219223,114.1776632,30.6066478
2383219224,114.1782523,30.6066845
2383219229,114.1778923,30.6068514
2383219230,114.1783431,30.6069628
2383219253,114.1649198,30.6077619
2383219259,114.1710153,30.6078679
2383219265,114.1788514,30.6080232
2383219281,114.1790908,30.6087097
2383219287,114.1720934,30.6094704
2383219288,114.1791722,30.609738
2383219289,114.1793506,30.6097208
2383219302,114.1795528,30.6110413
2383219304,114.1793985,30.6110645
2383219368,114.1800029,30.6132263
2383219372,114.179737,30.6133207
2383219384,114.18004,30.6135025
2383219396,114.1803797,30.6134782
2383219400,114.17956,30.61355
2383219402,114.1797835,30.6135242
2383219413,114.1798429,30.6137695
2383219414,114.1794947,30.6137871
2383219419,114.1798812,30.6139831
2383219423,114.1800823,30.613878
2383219439,114.1711335,30.6147655
2383219481,114.1805198,30.6165854
2383316997,114.1744491,30.610459
2383317010,114.1794635,30.6115703
2383317016,114.1749309,30.612114
2383317040,114.1755096,30.6140771
2389480346,114.2990386,30.4775416
2389799437,114.3146476,30.524825
2389799565,114.3138275,30.5249609
2389799731,114.3122786,30.5252719
2389799766,114.3122431,30.5253406
2389799849,114.3115291,30.5254599
2389799918,114.3141208,30.5255276
2389800330,114.3124822,30.5262828
2389800463,114.3125676,30.5264229
2389800547,114.3120075,30.5265016
2389800550,114.3132609,30.5265073
2389800566,114.3132035,30.526534
2389800706,114.3127555,30.5267315
2389800809,114.3134242,30.5268817
2389800950,114.3130258,30.5270882
2389801437,114.3165665,30.5281126
2389824396,114.311769,30.5237783
2389824598,114.3105586,30.524901
2389824602,114.3106532,30.5250139
2389824615,114.3145013,30.5296861
2389851237,114.3123174,30.5233936
2389851241,114.3163634,30.5248095
2389851514,114.31695,30.5263104
2389868701,114.3140536,30.5295864
2389868714,114.3144483,30.5300964
2393234816,114.2717108,30.6183308
2393234819,114.2736852,30.6079135
2393234823,114.2666903,30.6165606
2393234827,114.2757165,30.6036788
2393234836,114.2725573,30.6065061
2393234841,114.2662888,30.6155975
2393234842,114.2754069,30.6100971
2393234847,114.275402,30.6099687
2393234849,114.2725377,30.6058649
2393234853,114.2671296,30.6167511
2393234856,114.2721453,30.6119035
2393234858,114.266451,30.615561
2393234862,114.2717423,30.6062405
2393234864,114.2682175,30.6067607
2393234866,114.2737566,30.6078823
2393234870,114.2722054,30.6119851
2393234871,114.2753271,30.6100161
2393234873,114.2703964,30.6128848
2393264981,114.2826415,30.6121621
2393264995,114.2791872,30.6075069
2393264996,114.2802467,30.6086427
2393265007,114.2801718,30.6085668
2393265009,114.3236044,30.6395136
2393265011,114.2905591,30.619501
2393265020,114.2906945,30.61944
2393265026,114.2705366,30.6208833
2393265038,114.2790911,30.6075878
2393265041,114.280173,30.6086989
2393265043,114.2791683,30.6076733
2393265050,114.2827168,30.6121314
2393265055,114.289957,30.6564282
2393265057,114.2753001,30.6230992
2393265064,114.2838397,30.6135082
2393265087,114.2800968,30.6086282
2393265092,114.3024108,30.631138
2393265096,114.3024522,30.6328806
2393265097,114.279268,30.6075907
2393265099,114.2754584,30.6211049
2393265100,114.2806461,30.6132003
2397254942,114.2712118,30.4715433
2397254976,114.2714009,30.4716021
2397254996,114.2706176,30.4716321
2397255127,114.2711266,30.471859
2397255157,114.271634,30.471912
2397255168,114.2695177,30.4719192
2397255192,114.2685374,30.4719374
2397255197,114.2716577,30.4719706
2397255210,114.2703123,30.4720007
2397255242,114.2713135,30.4720706
2397255268,114.2702935,30.4721338
2397255321,114.2718234,30.4722573
2397255325,114.2697391,30.4722596
2397255345,114.2718644,30.4723084
2397255390,114.2725938,30.4724286
2397255416,114.2714602,30.4725137
2397255441,114.2699536,30.472586
2397255450,114.2719939,30.4726214
2397255456,114.2691749,30.4726448
2397255476,114.270696,30.4727053
2397255477,114.2700333,30.4727072
2397255489,114.2696344,30.4727486
2397255505,114.2695256,30.472804
2397255510,114.2717907,30.4728358
2397255518,114.2711813,30.4728609
2397255538,114.270198,30.4729578
2397255566,114.2714853,30.4730601
2397255611,114.2705632,30.4731625
2397255613,114.2715489,30.4731687
2397255639,114.2703996,30.4732424
2397255674,114.2694553,30.4733343
2397255702,114.2700209,30.473444
2397255710,114.2656802,30.4734769
2397255723,114.2707803,30.4735009
2397255935,114.2709908,30.473829
2397256040,114.2710683,30.4739498
2397256056,114.2719891,30.4739204
2397256069,114.2719735,30.473994
2397256080,114.2699081,30.4740131
2397256114,114.2716764,30.4741283
2397256174,114.271255,30.4742471
2397256192,114.2721838,30.4743333
2397256216,114.2710694,30.4744026
2397256227,114.2701847,30.4744278
2397256254,114.271899,30.4744864
2397256285,114.2706867,30.4745756
2397256308,114.2734261,30.4746114
2397256329,114.2723964,30.474675
2397256348,114.270359,30.4746968
2397256383,114.2713084,30.4747638
2397256484,114.2721333,30.4748708
2397256528,114.2710006,30.4749083
2397256567,114.272577,30.4749653
2397256582,114.2726377,30.4749924
2397256608,114.273661,30.4750358
2397256620,114.2706055,30.4750589
2397256630,114.2722696,30.4750685
2397256658,114.2715259,30.475133
2397256685,114.2722064,30.4751714
2397256758,114.2732009,30.4752444
2397256817,114.2737062,30.4753342
2397256825,114.265868,30.475368
2397256845,114.2708497,30.475425
2397256872,114.2721803,30.4754681
2397256893,114.2731149,30.475507
2397256905,114.2713834,30.4755276
2397256932,114.2738576,30.4755651
2397257008,114.2723804,30.4756899
2397257034,114.2728518,30.4757328
2397257048,114.2767567,30.4757629
2397257060,114.2876558,30.4757764
2397257063,114.2715121,30.4757796
2397257070,114.2768358,30.475754
2397257087,114.2721072,30.4758185
2397257121,114.2739811,30.47588
2397257142,114.2729413,30.4759191
2397257201,114.2716583,30.4760195
2397257286,114.2722812,30.4761605
2397257304,114.2730739,30.476195
2397257424,114.2714829,30.4763744
2397257475,114.2717435,30.4764211
2397257482,114.2724136,30.4764254
2397257496,114.2731929,30.4764427
2397257640,114.2721777,30.4766061
2397257732,114.2721471,30.4767396
2397257789,114.2715204,30.4770287
2397257811,114.2724467,30.4772173
2397257866,114.2718598,30.4775207
2397257904,114.2646347,30.4776373
2397257975,114.2705581,30.4780529
2397258011,114.2700687,30.4783416
2397258022,114.2705329,30.4784281
2397258030,114.2677348,30.4786801
2397258033,114.2689737,30.4787162
2397258063,114.2691078,30.4789085
2397258073,114.2684432,30.4790495
2397258081,114.2681659,30.4792044
2397258099,114.2676292,30.479506
2397258113,114.2678125,30.4796903
2397258119,114.2686076,30.4797933
2397258122,114.26107,30.4797962
2397258129,114.2544451,30.4840284
2397258133,114.2523509,30.4855892
2397258146,114.254353,30.4874762
2397290039,114.2594855,30.4796074
2397290159,114.2584568,30.4807278
2397290165,114.2583564,30.4808357
2397290171,114.2634843,30.4812351
2398267583,114.2818659,30.4722799
2398267584,114.2819119,30.4761926
2398267586,114.2767499,30.4753801
2398267588,114.2818161,30.4753533
2398267607,114.2773491,30.4757228
2398267609,114.2810615,30.4757398
2398267612,114.2824305,30.4757498
2398267615,114.2773531,30.4757973
2398267616,114.2762944,30.4758226
2398267617,114.2810641,30.4758031
2398267620,114.2824233,30.4758248
2398267624,114.2762999,30.4758855
2398267642,114.2818106,30.4762123
2398267723,114.287517,30.4845928
2398267725,114.2877526,30.4845956
2398267737,114.2875138,30.484785
2398267817,114.2605321,30.4886289
2398267821,114.26065,30.4887699
2398267823,114.2615405,30.4887818
2398267839,114.260959,30.4891141
2398267843,114.262004,30.4891747
2398267855,114.2587167,30.4893772
2398267875,114.2624174,30.4895164
2398267883,114.2638608,30.489546
2398267885,114.2589958,30.4895709
2398267893,114.2612357,30.4896371
2398267905,114.2591588,30.4897003
2398267907,114.262705,30.4897332
2398267919,114.2628948,30.4898638
2398267927,114.2594214,30.4900299
2398267929,114.2631468,30.4900327
2398267970,114.2596993,30.4903369
2398267974,114.2635668,30.4903481
2398267988,114.2637748,30.4905355
2398268002,114.2622366,30.4908566
2398268020,114.2617918,30.49116
2398268146,114.2876234,30.4958295
2398268310,114.2829789,30.4995699
2398268331,114.2834014,30.4997518
2398268335,114.2832027,30.499816
2398268337,114.2839294,30.4998913
2398268352,114.2834839,30.500132
2398924982,114.3225817,30.5205567
2398924984,114.3222982,30.5208956
2398924990,114.3229102,30.5210858
2398924991,114.3228405,30.5211918
2398925006,114.3143688,30.522919
2398925021,114.3252531,30.5274399
2398925097,114.3219993,30.5332133
2398925098,114.31823,30.5332407
2398925109,114.3194814,30.5333834
2398925113,114.3186074,30.5334388
2398925119,114.3180109,30.5335003
2398925128,114.3156308,30.5338508
2398925132,114.3160208,30.5339358
2398925134,114.3157262,30.5340108
2398925136,114.3154848,30.5340676
2398925148,114.3129126,30.5347192
2398925151,114.3129354,30.5348181
2398925153,114.3118489,30.5349864
2398925164,114.318565,30.5402419
2398925165,114.3173819,30.5407877
2398925167,114.3101702,30.5428157
2398938471,114.3603104,30.5069929
2398938484,114.3611145,30.5098627
2398938491,114.3591833,30.5109183
2398938501,114.344357,30.5125284
2398938507,114.3524565,30.5126573
2398938509,114.348474,30.51273
2398956533,114.3749127,30.5075818
2398956548,114.3706083,30.5102537
2398956549,114.3706619,30.5103071
2398956553,114.368172,30.5118226
2398956564,114.3646968,30.5147921
2398956565,114.3647585,30.5148556
2398956570,114.363365,30.5164186
2398956574,114.362485,30.5170514
2398956576,114.3627188,30.5170273
2398956582,114.3625407,30.5173544
2398956660,114.3155731,30.5417681
2398956673,114.3132958,30.542445
2398956680,114.3128575,30.5425108
2398956693,114.3133858,30.5427741
2398956702,114.3129611,30.5428846
2398972186,114.37976,30.5044888
2398972187,114.3796747,30.5045445
2401080972,114.3037673,30.5360151
2401080977,114.2916406,30.536891
2401080980,114.286504,30.538003
2401081003,114.3014231,30.5594104
2401081013,114.2974069,30.5616088
2401081017,114.3000692,30.564467
2401081021,114.3117384,30.5679083
2401081040,114.304037,30.5702805
2401081043,114.3039483,30.5703241
2401081073,114.3083024,30.5709953
2401081077,114.307966,30.5712659
2401081114,114.3048281,30.5719494
2401101548,114.3495169,30.554164
2401101603,114.3449176,30.5549163
2401101611,114.3437528,30.5551542
2401101618,114.3527565,30.5554409
2401101619,114.3529769,30.5554515
2401101631,114.3528243,30.5555933
2401101633,114.3531113,30.5556167
2401101644,114.3530648,30.5557138
2401101659,114.3533119,30.5559158
2401101660,114.3421983,30.5560149
2401101673,114.3530062,30.5560052
2401101680,114.3530846,30.5561575
2401101694,114.3540666,30.5580587
2401101700,114.356025,30.5628553
2401101701,114.3613696,30.5647947
2401101713,114.3611385,30.5650294
2401101716,114.3611783,30.565092
2401101717,114.3604705,30.5652755
2401101722,114.3604673,30.5653432
2401101742,114.3583173,30.5661682
2401101751,114.3587751,30.5662527
2401101752,114.3584393,30.5663068
2401101758,114.3573769,30.5670902
2401101759,114.3572381,30.5671181
2401101762,114.3571284,30.5671854
2401101767,114.3572963,30.5672602
2401101770,114.3569253,30.5673818
2401101772,114.3569663,30.5674573
2401101779,114.3609986,30.5683998
2401101780,114.3612462,30.5688638
2401101781,114.3652742,30.5736944
2401101782,114.3651691,30.5737681
2401101783,114.3657266,30.5740871
2401101784,114.3653736,30.5742541
2401122562,114.3118305,30.555284
2401122564,114.3121919,30.555243
2401122623,114.3081055,30.556737
2401122630,114.3081393,30.5568483
2401122633,114.3120118,30.5571377
2401122641,114.304079,30.5573153
2401122643,114.3040913,30.5574169
2401122665,114.3044539,30.559274
2401122681,114.3045433,30.5597469
2401122693,114.3084291,30.5598265
2401122715,114.30788,30.5599895
2401122731,114.3019666,30.5606347
2401122765,114.3056866,30.5618073
2401122781,114.3031624,30.5631279
2401139360,114.5061931,30.5216401
2401139370,114.5064633,30.5222351
2401139375,114.5066824,30.522562
2401139376,114.5065351,30.5225715
2401139383,114.5078409,30.5254408
2401139385,114.5077276,30.5254704
2401139451,114.3021061,30.5431532
2401146976,114.4740322,30.4942203
2401146977,114.4736702,30.4953717
2401146981,114.473669,30.4957927
2401146985,114.4733529,30.495993
2401146989,114.4786161,30.4981316
2401146990,114.4718946,30.4984251
2401146998,114.4720145,30.4987272
2401147000,114.4716648,30.4987641
2401147002,114.4813392,30.4994278
2401147004,114.4706598,30.4998706
2401147006,114.4768227,30.5009786
2401147021,114.4750132,30.503851
2401147042,114.4777463,30.5051397
2401147052,114.480248,30.5063192
2401147066,114.4733225,30.5080569
2401147067,114.4733228,30.5081588
2401160890,114.3346785,30.5536829
2401160891,114.3345318,30.553731
2401160898,114.3421623,30.556184
2401160905,114.3403232,30.5573614
2401160906,114.3405931,30.5573491
2401160940,114.3383869,30.5590238
2401160948,114.3384099,30.559425
2401160958,114.3376821,30.5594217
2401160967,114.3381406,30.5594965
2401160974,114.3353186,30.5602452
2401160975,114.335355,30.5603625
2401160976,114.3336107,30.5611314
2401160981,114.3422188,30.5636959
2401160982,114.342049,30.5637137
2401177359,114.3002944,30.5364111
2401177361,114.3003173,30.5365257
2401177363,114.2985146,30.5366165
2401177365,114.2985214,30.5367273
2401177367,114.2975324,30.5367556
2401177369,114.2986192,30.5390828
2401177371,114.296315,30.539163
2401177372,114.2976503,30.539158
2401177374,114.3014179,30.5399334
2401177389,114.3015754,30.5418238
2401177399,114.3013435,30.5422667
2401208952,114.3148824,30.5031272
2401208955,114.3146308,30.5067224
2401208957,114.303454,30.5070017
2401208964,114.3037877,30.5096627
2401208966,114.3040243,30.5119069
2401208968,114.3040323,30.5119878
2401208970,114.3099765,30.5119763
2401208972,114.3128749,30.511967
2401208974,114.3181753,30.5120251
2401209005,114.3181521,30.5128237
2401209016,114.3142295,30.5130352
2401209020,114.3155632,30.5130522
2401209022,114.3181445,30.5130851
2401209040,114.3041195,30.5135511
2401209046,114.3095416,30.5137914
2401209048,114.3132727,30.5137946
2401209050,114.3141846,30.5138009
2401209052,114.308555,30.5137897
2401209075,114.3111911,30.5142324
2401209086,114.318204,30.5143891
2401209093,114.3113769,30.5150131
2401209095,114.3114921,30.5150157
2401209115,114.3111754,30.5152081
2401209123,114.3116605,30.5152206
2401209126,114.3078627,30.5152382
2401209132,114.3063203,30.5152807
2401209144,114.3182163,30.5153919
2401209150,114.3114875,30.5153561
2401209156,114.315005,30.5153736
2401209162,114.3154598,30.5153863
2401209197,114.3078728,30.5155232
2401209200,114.3070095,30.5155303
2401209203,114.3067612,30.5155403
2401209244,114.3086412,30.5157954
2401209253,114.3065448,30.5158131
2401209283,114.311458,30.5159273
2401209285,114.3117982,30.5159468
2401209294,114.3064708,30.515958
2401209325,114.3064655,30.5163115
2401209334,114.3114336,30.5163976
2401209338,114.3129494,30.516428
2401209351,114.3064609,30.5166141
2401209355,114.3073758,30.5166237
2401209359,114.3126469,30.516649
2401209361,114.312936,30.5167089
2401209377,114.3116251,30.5168323
2401209378,114.3135554,30.516836
2401209379,114.3125911,30.5168421
2401209382,114.3086841,30.5168524
2401209384,114.3083367,30.5168696
2401209389,114.3109486,30.5169631
2401209395,114.3125375,30.5170274
2401209401,114.3167567,30.5170562
2401209407,114.3086899,30.5170908
2401209413,114.3112121,30.5171492
2401209418,114.3064521,30.5172041
2401209419,114.3052269,30.5172139
2401209422,114.3150398,30.5173001
2401209424,114.3168743,30.5173105
2401209426,114.3114593,30.5173237
2401209434,114.3124279,30.5174064
2401209442,114.3127703,30.5175066
2401209443,114.3156982,30.5175212
2401209445,114.3156383,30.5176
2401209446,114.3168153,30.5176135
2401209472,114.3132732,30.5178368
2401209474,114.3166853,30.5178541
2401209484,114.3162448,30.5180925
2401209486,114.3153643,30.5181058
2401209489,114.3087239,30.5181525
2401209497,114.3164906,30.5182182
2401209527,114.3149506,30.5187394
2401209529,114.3048196,30.518712
2401209536,114.3140432,30.518877
2401209556,114.3134185,30.5193013
2401209577,114.3099022,30.5195951
2401209585,114.309296,30.5197865
2401209606,114.3106195,30.5199467
2401209625,114.3103009,30.5205346
2401209627,114.3076653,30.5205006
2401209643,114.3081873,30.5213948
2401209646,114.3076037,30.5216947
2401209653,114.3085031,30.5219357
2401209654,114.3094415,30.5220007
2401209657,114.3079518,30.5222137
2401209660,114.3064443,30.5222874
2401209668,114.3082881,30.5227016
2401209669,114.3068117,30.5227886
2401209673,114.3074632,30.5231396
2401239653,114.3199187,30.5066893
2401239656,114.3943442,30.5136228
2401239657,114.3210143,30.5152295
2401312941,114.3653246,30.5770316
2401312947,114.3608046,30.577757
2401312986,114.3569561,30.5802058
2401313005,114.3524564,30.5816316
2401313006,114.3516032,30.5822019
2401313009,114.3519571,30.5817233
2401313018,114.3490054,30.5838464
2401313019,114.3490126,30.5842645
2401313021,114.3483536,30.5846437
2401313023,114.3454983,30.586518
2401313025,114.3376989,30.5919111
2401313029,114.3378106,30.5920237
2401313033,114.3385599,30.5921666
2401313034,114.337549,30.5922096
2401313048,114.3374423,30.5926531
2401313051,114.3384372,30.5926525
2401313054,114.3385208,30.5927542
2401313062,114.3376599,30.5928745
2401313065,114.3360611,30.594095
2401313074,114.3339116,30.5953156
2401313077,114.3339525,30.5957025
2401313078,114.3323931,30.596466
2401313079,114.332643,30.5966808
2401313080,114.3322262,30.5970054
2401362835,114.3331746,30.4781229
2401362853,114.333363,30.4795683
2401362886,114.3334628,30.481923
2401362913,114.3332465,30.4821738
2401362928,114.3332843,30.4822536
2401362943,114.3334582,30.4823675
2401362946,114.3337212,30.4824613
2401362952,114.3236397,30.4839687
2401362955,114.3236592,30.484031
2401362976,114.3079556,30.4848852
2401362978,114.3079536,30.4849485
2401362985,114.3334997,30.4849961
2401362993,114.3225076,30.4873627
2401363001,114.3207706,30.4898265
2401363004,114.3338892,30.4905099
2401363005,114.3337662,30.4906326
2401363015,114.3339722,30.4924285
2401363028,114.3183567,30.4936426
2401363037,114.3149296,30.4953887
2401363046,114.3093618,30.4966485
2401363059,114.314397,30.4978018
2401363060,114.3128403,30.4978145
2401363071,114.3084169,30.4980572
2401363072,114.3087966,30.4980622
2401363073,114.3093145,30.4980622
2401363075,114.3087942,30.4982524
2401363076,114.3094028,30.4982625
2401363078,114.3128315,30.4983495
2401363079,114.3144264,30.4983774
2401363080,114.3150558,30.4983644
2401363082,114.3366353,30.4984322
2401363083,114.3365049,30.4984945
2401363085,114.3084228,30.4985567
2401363086,114.3087903,30.4985593
2401363087,114.3092144,30.4985617
2401363091,114.3127725,30.4989047
2401363092,114.3121723,30.498914
2401363093,114.3119261,30.4989178
2401363094,114.3087838,30.4990714
2401363095,114.3095584,30.4990825
2401363097,114.3371228,30.4992105
2401363100,114.3369082,30.4994417
2401363116,114.3152688,30.4996684
2401363130,114.3121754,30.4997762
2401363131,114.3087723,30.4997329
2401363132,114.3151578,30.4997499
2401363141,114.33816,30.5017971
2401363147,114.3400099,30.5043417
2401363152,114.3392371,30.5043914
2401363155,114.3400923,30.5046389
2401363165,114.3447007,30.5122112
2401363166,114.3449966,30.5125189
2401390710,114.3128057,30.5014141
2401390730,114.3106832,30.5018143
2401390734,114.3148915,30.5021717
2401390735,114.3138618,30.5021903
2401390748,114.3114483,30.5032632
2401390749,114.3105477,30.5033008
2401390751,114.3081257,30.5034327
2401390759,114.3315828,30.5036465
2401390789,114.3114722,30.504589
2401390795,114.3105541,30.504697
2401390801,114.3098298,30.5049423
2401390804,114.3137464,30.5049935
2401390805,114.3147356,30.5049997
2401390847,114.3124118,30.5060649
2401390848,114.3103311,30.5060886
2401390849,114.3146594,30.5062516
2401390852,114.3124223,30.5062984
2401390870,114.3124276,30.5067289
2401390871,114.3105016,30.5067346
2401390880,114.3067955,30.5074548
2401390892,114.3039504,30.5084138
2401390901,114.3084435,30.5096838
2401390902,114.307674,30.5097042
2401390903,114.3069505,30.5097134
2401390906,114.3058741,30.509834
2401390917,114.3064353,30.5102095
2401390926,114.306472,30.5110573
2401390934,114.3064737,30.5120932
2401503891,114.3268668,30.4837293
2401503893,114.3271765,30.4873524
2401503896,114.3274603,30.4900744
2401503901,114.3247607,30.4926036
2401503915,114.329766,30.4975451
2401503919,114.3316705,30.5036214
2401503924,114.3322787,30.5056318
2401503926,114.3217255,30.5065804
2401503939,114.3388031,30.5085609
2401503951,114.321649,30.5099436
2401503952,114.3199057,30.5099368
2401503967,114.3225333,30.5121011
2401503980,114.3360487,30.5137159
2405707918,114.3150898,30.6429523
2405710249,114.3164653,30.6435653
2405716102,114.3143869,30.6549604
2418522238,114.3831431,30.4973093
2418537468,114.363675,30.580827
2418537489,114.3661544,30.5833536
2418537515,114.372016,30.5849522
2418537539,114.3637115,30.5862636
2418537551,114.3689002,30.5862407
2418537599,114.3684755,30.5885748
2418537605,114.3685757,30.5887327
2418537615,114.3696739,30.5887965
2418537621,114.3694282,30.5890206
2418537644,114.3707852,30.5897911
2418537651,114.3707792,30.589919
2418537654,114.3710941,30.5899396
2418537707,114.3720526,30.5903939
2418537762,114.371377,30.5911741
2418537766,114.3738922,30.5909996
2418537807,114.3800241,30.5941016
2418537813,114.3814683,30.5946524
2418537832,114.3844865,30.5963628
2418537837,114.3871699,30.5972954
2418537840,114.3870495,30.5975486
2418537879,114.3939614,30.599813
2418537889,114.3937725,30.6000011
2418537895,114.3965619,30.6004207
2418537901,114.3972465,30.600572
2418537904,114.3965095,30.6006366
2418537913,114.3972146,30.6007643
2418537935,114.4014877,30.6011536
2418537945,114.401489,30.6013183
2418582873,114.2554596,30.5522041
2418582877,114.2607197,30.5525513
2418582878,114.2606305,30.5525428
2418582894,114.2398821,30.5549051
2418582899,114.2368241,30.5553955
2418582903,114.2373767,30.5557546
2418582906,114.2366421,30.5555908
2418582907,114.237839,30.5557592
2418582913,114.2361031,30.5562384
2418582914,114.2373137,30.5564254
2418582915,114.2365587,30.5561969
2418582920,114.2372068,30.556694
2418582922,114.2313341,30.5580856
2418582923,114.2313798,30.558165
2418582928,114.2283925,30.5587225
2418582931,114.2220974,30.5598203
2418582932,114.2188852,30.5604737
2418582933,114.2160267,30.56118
2418582934,114.2137753,30.561752
2418582935,114.211817,30.562267
2418582938,114.2081479,30.5634264
2418582944,114.2046486,30.5647624
2418582958,114.3663471,30.5758418
2418582968,114.3628991,30.5776291
2418582977,114.2149475,30.6026651
2418582978,114.2150294,30.6026791
2418603936,114.2645266,30.4680566
2418603943,114.2950683,30.5212733
2418603946,114.2952015,30.5220694
2418671283,114.2746494,30.5507793
2418671292,114.2745563,30.5510883
2418671299,114.2745801,30.5511379
2418671305,114.2748983,30.5511885
2418671320,114.2611332,30.5521146
2418671357,114.2693318,30.552396
2418671381,114.3117392,30.5665914
2418671430,114.311433,30.5682892
2418671436,114.3125571,30.5686955
2418671441,114.3139694,30.5701969
2418671444,114.3142902,30.5706844
2418671450,114.3500647,30.5725014
2418671453,114.3499792,30.5726059
2418671455,114.3176302,30.5741708
2418671457,114.3195695,30.5762237
2418671481,114.3417658,30.5781599
2418671489,114.3261678,30.5819074
2418671494,114.3391262,30.5821773
2418671497,114.3350439,30.5850679
2418671499,114.3319845,30.5866772
2418671504,114.3324625,30.5867699
2418671506,114.3317061,30.5867214
2418671537,114.3327969,30.5873478
2418671547,114.331825,30.5872662
2418671553,114.3329061,30.5877611
2418671582,114.4127724,30.6013994
2418671589,114.41291,30.6014038
2418671594,114.4175439,30.6014964
2418671634,114.4119647,30.6015834
2418671641,114.4128508,30.6016034
2418671644,114.4132109,30.6016108
2418671665,114.4175456,30.6016646
2418671686,114.4125286,30.6021031
2418671689,114.4127808,30.6018395
2418671775,114.3842035,30.6076692
2418750180,114.5376019,30.4712426
2418750183,114.5446276,30.4727615
2418750189,114.5380272,30.4747255
2418750191,114.5158034,30.4754056
2418750192,114.5288834,30.4754251
2418750195,114.5217526,30.475781
2418750204,114.529188,30.4759811
2418750207,114.5288834,30.4761129
2418750209,114.5286917,30.476113
2418750211,114.5298002,30.4761691
2418750214,114.5326823,30.4762691
2418750217,114.5291645,30.4763122
2418750226,114.5288834,30.4766585
2418750227,114.5288834,30.4769289
2418750231,114.5290296,30.4772499
2418750232,114.489262,30.4776107
2418750233,114.489131,30.4776043
2418750238,114.5288834,30.4781968
2418750241,114.5290472,30.4783745
2418750242,114.4891804,30.4783444
2418750247,114.529581,30.4785697
2418750249,114.5300087,30.4786406
2418750251,114.5291589,30.4787993
2418750263,114.5288956,30.4791733
2418750264,114.528898,30.479363
2418750267,114.529049,30.4797344
2418750271,114.551151,30.4805365
2418750272,114.5290509,30.4805533
2418750281,114.5482982,30.4808619
2418750282,114.5445269,30.4808816
2418750284,114.5400056,30.4808992
2418750285,114.5368177,30.4809025
2418750286,114.5327204,30.4809144
2418750287,114.5294236,30.4809333
2418750293,114.5290525,30.4812483
2418750294,114.5290531,30.4814959
2418750297,114.5289166,30.4818877
2418750302,114.5289166,30.4825068
2418750307,114.5290562,30.4828354
2418750308,114.528694,30.4830738
2418750312,114.5293581,30.4830769
2418750313,114.5149987,30.4831686
2418750316,114.5217819,30.4831853
2418750317,114.5360858,30.4830679
2418750318,114.547841,30.4830183
2418750319,114.5327175,30.483079
2418750320,114.5394014,30.4830932
2418750326,114.5286986,30.4831513
2418750329,114.5290477,30.4834126
2418750333,114.5289278,30.4836972
2418750334,114.5289301,30.4839474
2418750336,114.5290768,30.4842126
2418750346,114.5424971,30.4853145
2418750348,114.5387681,30.4853395
2418750349,114.5355569,30.4853517
2418750350,114.5290932,30.4853877
2418750351,114.5290966,30.4856356
2418750354,114.5289507,30.4862092
2418750357,114.5289581,30.4870176
2418750362,114.5291765,30.4872883
2418750364,114.5381576,30.4874351
2418750366,114.529909,30.4873961
2418750367,114.5150055,30.4874733
2418750368,114.5295753,30.4874658
2418750374,114.5290693,30.4876821
2418750376,114.5289513,30.48799
2418750379,114.5289537,30.4884365
2418750382,114.5291152,30.4887957
2418750383,114.529114,30.4893103
2418750386,114.5289598,30.4895784
2418750387,114.5289629,30.4901555
2418750391,114.5290763,30.4905028
2418750400,114.5315984,30.4907294
2418750402,114.5344806,30.4907369
2418750409,114.5365763,30.4908354
2418750415,114.5341727,30.4908474
2418750420,114.5369198,30.4909686
2418750421,114.5289632,30.491115
2418750422,114.5316456,30.491064
2418750424,114.4869611,30.4910628
2418750425,114.487082,30.4910701
2418750428,114.527619,30.4911713
2418750431,114.5325397,30.491186
2418750432,114.5319247,30.4911927
2418750435,114.5312354,30.4912024
2418750436,114.5255759,30.4912231
2418750441,114.5242138,30.4912505
2418750448,114.5271675,30.4913169
2418750449,114.5375018,30.491358
2418750450,114.536626,30.4912987
2418750455,114.5260562,30.4913424
2418750461,114.5238036,30.4913964
2418750469,114.4867227,30.4914022
2418750470,114.5221432,30.4914341
2418750474,114.5322366,30.491479
2418750475,114.486325,30.4914508
2418750479,114.4877616,30.4915344
2418750492,114.5322792,30.4941073
2418750493,114.5362465,30.4941214
2418750494,114.528309,30.4941178
2418750498,114.5371478,30.4963009
2418750499,114.5322511,30.4963305
2418750504,114.5265478,30.49834
2418750506,114.5309487,30.4997949
2418779068,114.5482044,30.471916
2418779082,114.5410873,30.4736405
2418779090,114.5482439,30.4749778
2418779092,114.5446369,30.4749779
2418779101,114.528694,30.4755208
2418779107,114.5284801,30.4758412
2418779113,114.5280185,30.4761632
2418779116,114.5284762,30.4762952
2418779124,114.5286897,30.4766166
2418779126,114.5286892,30.476738
2418779128,114.5285369,30.4771617
2418779130,114.5285356,30.4775423
2418779132,114.5286849,30.4778635
2418779134,114.528684,30.4780929
2418779144,114.5284862,30.4784195
2418779148,114.5282295,30.4785664
2418779149,114.502645,30.4786796
2418779150,114.5282049,30.4786665
2418779151,114.5026511,30.478778
2418779153,114.5285096,30.4788331
2418779160,114.5286913,30.4791856
2418779162,114.5286813,30.4799733
2418779164,114.5285564,30.4803168
2418779166,114.5285579,30.4806683
2418779174,114.5281041,30.4809641
2418779176,114.5217847,30.4809851
2418779180,114.5149675,30.4809671
2418779182,114.5109233,30.4810199
2418779184,114.508429,30.481027
2418779190,114.528559,30.4811749
2418779192,114.5285639,30.4820603
2418779194,114.5286642,30.4823625
2418779200,114.528671,30.4827158
2418779206,114.5284981,30.4829561
2418779210,114.5109227,30.4832123
2418779212,114.5281328,30.4831369
2418779214,114.502676,30.4832709
2418779218,114.5284605,30.4832767
2418779230,114.5287034,30.4837019
2418779232,114.5287001,30.4844919
2418779234,114.5285477,30.4849361
2418779236,114.5285602,30.4853759
2418779238,114.5218052,30.4854169
2418779240,114.5149946,30.4853974
2418779243,114.5285509,30.4863958
2418779245,114.5287031,30.4866767
2418779247,114.5287036,30.4870689
2418779255,114.528516,30.4872365
2418779260,114.5280399,30.4874085
2418779262,114.5218251,30.4874397
2418779264,114.5109154,30.4875157
2418779268,114.5026524,30.4875259
2418779270,114.528197,30.4874879
2418779274,114.5285513,30.4876429
2418779284,114.5287045,30.4878392
2418779290,114.5287051,30.489085
2418779294,114.5286319,30.4893982
2418779296,114.4762954,30.4898073
2418779298,114.4769247,30.489853
2418779299,114.5286335,30.4898623
2418779301,114.4756918,30.4899047
2418779305,114.4763307,30.4899441
2418779307,114.4794887,30.4900961
2418779309,114.5287274,30.4900994
2418779313,114.4788173,30.4901459
2418779317,114.4773619,30.4901696
2418779321,114.4807054,30.4902597
2418779323,114.5287142,30.4904065
2418779325,114.4778677,30.4903547
2418779332,114.4813396,30.4905008
2418779342,114.5285867,30.4906522
2418779344,114.4813448,30.490675
2418779346,114.5150446,30.4906369
2418779348,114.4831208,30.4906969
2418779349,114.4825399,30.490704
2418779350,114.4806771,30.4907052
2418779353,114.5284361,30.4907934
2418779360,114.4824959,30.4908671
2418779364,114.5262502,30.4908713
2418779368,114.5078062,30.4908954
2418779379,114.5233597,30.4909452
2418779381,114.5152157,30.4909585
2418779383,114.5279882,30.4909478
2418779387,114.5225142,30.4909668
2418779391,114.5267264,30.4909816
2418779393,114.52148,30.4909851
2418779395,114.4846121,30.4910106
2418779399,114.4824869,30.491015
2418779403,114.5194892,30.4910362
2418779411,114.5229057,30.4910838
2418779417,114.5168674,30.4911035
2418779419,114.5220192,30.4911076
2418779423,114.5148965,30.4911168
2418779433,114.5158046,30.4911307
2418779436,114.5210174,30.4911344
2418779438,114.4831008,30.4911426
2418779446,114.520094,30.4911507
2418779450,114.5027043,30.4911964
2418779452,114.5127644,30.4912022
2418779458,114.5113159,30.4912399
2418779462,114.4851451,30.4912511
2418779466,114.5162802,30.4912364
2418779476,114.5153384,30.4912524
2418779480,114.5095421,30.4912861
2418779482,114.5199811,30.4913634
2418779483,114.5075562,30.4913287
2418779485,114.5089024,30.4913027
2418779489,114.5141837,30.491311
2418779495,114.5135149,30.4913271
2418779503,114.5178215,30.4914136
2418779505,114.5107313,30.4913944
2418779507,114.5049269,30.4914334
2418779515,114.521286,30.491456
2418779523,114.5090218,30.4914357
2418779529,114.5030914,30.4914842
2418779531,114.5204575,30.4914844
2418779533,114.508278,30.4914537
2418779540,114.5132895,30.4915251
2418779542,114.5023322,30.4915053
2418779546,114.50203,30.4915136
2418779548,114.5069138,30.4914867
2418779552,114.497472,30.4915002
2418779556,114.5173925,30.4915624
2418779558,114.505517,30.4915204
2418779563,114.5001923,30.4915645
2418779565,114.5080022,30.491459
2418779567,114.4859768,30.4915909
2418779569,114.4991107,30.4915945
2418779573,114.4973859,30.4915616
2418779575,114.5105139,30.4915581
2418779578,114.4984242,30.4916135
2418779582,114.5154647,30.4916065
2418779584,114.4873656,30.491587
2418779590,114.5146619,30.4916245
2418779601,114.485515,30.4916458
2418779603,114.501363,30.4916208
2418779605,114.488744,30.4916211
2418779611,114.5137729,30.4916447
2418779613,114.5007428,30.4916358
2418779616,114.5069114,30.4916528
2418779618,114.4953804,30.4916405
2418779629,114.4883476,30.4916801
2418779630,114.4986213,30.4916871
2418779632,114.5047052,30.4917125
2418779633,114.5100064,30.4917068
2418779634,114.4979234,30.4917039
2418779637,114.5037878,30.4917289
2418779639,114.4927315,30.4917116
2418779647,114.4911653,30.4917267
2418779651,114.4968786,30.4917292
2418779653,114.4958453,30.4917542
2418779656,114.5085532,30.49174
2418779660,114.4863735,30.4917714
2418779664,114.5073536,30.4917724
2418779670,114.5064003,30.4917853
2418779672,114.5003384,30.4918204
2418779674,114.490831,30.4918135
2418779676,114.4933024,30.4918156
2418779680,114.4879522,30.4918275
2418779682,114.5052638,30.4918249
2418779693,114.5032722,30.4918684
2418779697,114.4976764,30.4918796
2418779699,114.5030954,30.4918765
2418779703,114.5022173,30.4919014
2418779704,114.4965919,30.4919066
2418779714,114.5008454,30.4919343
2418779718,114.4877218,30.49196
2418779722,114.4940936,30.4919689
2418779726,114.4872517,30.4920026
2418779727,114.5151001,30.4921146
2418779731,114.4933365,30.4919877
2418779744,114.4869991,30.4920951
2418779748,114.496119,30.4920556
2418779753,114.4947239,30.4920901
2418779755,114.4892135,30.4920924
2418779761,114.4928594,30.4921361
2418779766,114.5026531,30.4922493
2418779768,114.5079067,30.4920793
2418779772,114.4978112,30.4924879
2418779774,114.49747,30.4924925
2418779777,114.4752229,30.4928611
2418779785,114.5224122,30.4941631
2418779799,114.4806669,30.4948726
2418779809,114.4978078,30.495337
2418779810,114.4974067,30.4953511
2418779816,114.5026578,30.4953978
2418779830,114.4876281,30.4956476
2418779855,114.507957,30.4965954
2418779880,114.5404902,30.497479
2418779897,114.5131154,30.4984968
2418779951,114.5389773,30.4999419
2418780025,114.4850722,30.5012708
2418780085,114.5246682,30.5030517
2418780099,114.5288062,30.5050576
2419491814,114.5283776,30.4646395
2419491827,114.5286257,30.4649563
2419491875,114.528638,30.4658677
2419491881,114.5284867,30.4663824
2419491900,114.5289934,30.4676718
2419491901,114.5284941,30.4676768
2419491902,114.5288566,30.4676794
2419491903,114.5286625,30.4676849
2419491914,114.5284979,30.4685302
2419491919,114.5286792,30.4689213
2419492354,114.5456517,30.4850476
2419492509,114.5463308,30.4873304
2419492722,114.5359878,30.4926714
2419492734,114.534134,30.4940569
2419492739,114.5413649,30.4944629
2419492753,114.5341444,30.4963021
2419544411,114.4720164,30.4604568
2419544576,114.4720158,30.465407
2419544577,114.4677467,30.4654124
2419544578,114.475021,30.4654174
2419544579,114.4633056,30.4654316
2419544620,114.4757717,30.4668822
2419544627,114.4756311,30.467331
2419544643,114.5169653,30.4693513
2419544653,114.4756285,30.469957
2419544657,114.5177715,30.4703282
2419544660,114.4757366,30.4707188
2419544683,114.5184609,30.4711137
2419544829,114.5255119,30.4760174
2419544871,114.5255388,30.4786734
2419544873,114.5086064,30.4787512
2419544874,114.5073309,30.4787855
2419544890,114.5081165,30.4789714
2419544892,114.5075705,30.4790047
2419544895,114.5079334,30.4792733
2419544896,114.5076941,30.4792755
2419544897,114.5079363,30.4795717
2419544902,114.5081382,30.4798689
2419544904,114.5077049,30.4800748
2419544908,114.5081392,30.4801761
2419544910,114.5076041,30.4803897
2419544911,114.5079548,30.4806507
2419544923,114.5255,30.4809704
2419544934,114.5081234,30.481927
2419544936,114.5076099,30.482003
2419544937,114.5077465,30.4822751
2419544939,114.5079685,30.4823032
2419544943,114.5079904,30.4826909
2419544944,114.5077483,30.4827081
2419544953,114.5081849,30.4830104
2419544954,114.5075334,30.4830348
2419544957,114.5255508,30.4831707
2419544958,114.5088292,30.4832132
2419544959,114.5079909,30.4832221
2419544960,114.5069218,30.4832269
2419544963,114.4975729,30.4833035
2419544965,114.4929273,30.4833332
2419544968,114.5075912,30.4834834
2419544969,114.5081312,30.4834981
2419544972,114.5079898,30.4837834
2419544973,114.5077485,30.4837881
2419544975,114.4718726,30.4838772
2419544981,114.4706314,30.4840574
2419544983,114.4758324,30.4841125
2419544986,114.507989,30.4842049
2419544988,114.50813,30.4845548
2419544990,114.5077455,30.4846324
2419544993,114.5075878,30.4849895
2419544998,114.4676223,30.4855515
2419545002,114.5081288,30.4856171
2419545013,114.5079854,30.4860274
2419545016,114.507585,30.4862834
2419545021,114.5077387,30.486606
2419545027,114.5077374,30.4869848
2419545028,114.5079836,30.4869802
2419545047,114.4657758,30.4872557
2419545051,114.4683631,30.4872835
2419545056,114.5082056,30.4873678
2419545058,114.507518,30.4873935
2419545066,114.4571058,30.4874743
2419545068,114.5085964,30.4875054
2419545069,114.5079557,30.4875121
2419545073,114.4976036,30.4875432
2419545075,114.4922803,30.4875653
2419545078,114.4621872,30.4876234
2419545084,114.4562388,30.4876125
2419545085,114.4614735,30.4876626
2419545087,114.5075106,30.4877086
2419545088,114.4683145,30.4877053
2419545094,114.5081891,30.4877523
2419545095,114.4550765,30.487662
2419545103,114.463558,30.4878592
2419545108,114.463797,30.4879039
2419545117,114.5078053,30.4880651
2419545119,114.5079862,30.4880878
2419545123,114.4645766,30.4882115
2419545127,114.4704747,30.488318
2419545133,114.4651966,30.4884697
2419545136,114.4667988,30.488475
2419545138,114.4660935,30.4884891
2419545140,114.4647468,30.4885213
2419545142,114.465934,30.4886081
2419545143,114.468058,30.4887162
2419545146,114.4680246,30.4888425
2419545147,114.4665047,30.4888487
2419545149,114.4689554,30.4888848
2419545151,114.4679926,30.4889945
2419545152,114.5078056,30.4890507
2419545153,114.4696167,30.4891339
2419545155,114.4691841,30.4892181
2419545156,114.4709035,30.4892179
2419545157,114.4685922,30.4892386
2419545158,114.470235,30.4892451
2419545159,114.4717145,30.4893562
2419545163,114.507685,30.4895
2419545164,114.4706454,30.4894776
2419545165,114.4727272,30.4894849
2419545166,114.4728805,30.4895028
2419545169,114.4727054,30.4896118
2419545172,114.4734741,30.4896982
2419545173,114.471285,30.4897232
2419545175,114.5079996,30.4900325
2419545176,114.4738406,30.4900361
2419545177,114.5076907,30.4901891
2419545179,114.5078061,30.4904925
2419545180,114.5080053,30.4908651
2419545183,114.5117567,30.4912271
2419545184,114.4918486,30.491434
2419545189,114.4976474,30.4917106
2419545190,114.4921004,30.4917244
2419545191,114.4915113,30.4917258
2419631482,114.4317621,30.4629207
2419631539,114.4314737,30.4652963
2419631655,114.4329748,30.4878353
2442852025,114.4070772,30.5477254
2442852033,114.4070055,30.5477475
2442852383,114.4003129,30.5518117
2442852407,114.4001553,30.5520638
2445420319,114.3002864,30.5224231
2446633718,114.2821062,30.5144266
2446633741,114.2815616,30.5184651
2446633747,114.2905622,30.5267945
2446633751,114.2899671,30.5280503
2446646296,114.3338706,30.4822139
2446646308,114.3386085,30.4825725
2446646309,114.3415636,30.4825817
2446661085,114.2876443,30.5475722
2446661086,114.2875313,30.5475768
2446664686,114.3014305,30.5228513
2446691413,114.3027128,30.5560296
2446691494,114.300161,30.5566904
2446691517,114.3068788,30.5571057
2446691528,114.3050773,30.5573102
2447737146,114.3622588,30.5318328
2457589086,114.4957698,30.5173736
2457589091,114.49575,30.5167608
2457589094,114.4924423,30.5125577
2457589107,114.495856,30.5150516
2457597175,114.4983943,30.4918617
2457597176,114.4970142,30.4918961
2457597179,114.4980361,30.4920106
2457597180,114.4973663,30.4920416
2457597204,114.5034904,30.5467471
2457597205,114.5033081,30.5467684
2457597235,114.5096528,30.5542216
2457597236,114.509485,30.5543656
2457597238,114.5106209,30.5552817
2457597717,114.5162967,30.5455176
2457597719,114.5163589,30.5456905
2457597739,114.5069567,30.5512639
2457597742,114.5071209,30.5514351
2457597746,114.5063522,30.5516788
2457597748,114.5065018,30.5518268
2457600891,114.4986617,30.5366032
2457600897,114.4994111,30.5368965
2457600898,114.4988446,30.536994
2457600900,114.4986736,30.5370126
2457600905,114.4994221,30.5382147
2457600906,114.5021917,30.5441102
2457600907,114.5020298,30.5441718
2457600908,114.5022269,30.5441855
2457600909,114.5020657,30.5442473
2457600915,114.5006896,30.5446256
2457600924,114.5003584,30.544818
2457600925,114.5008736,30.5448208
2457600934,114.5006816,30.5450545
2457600935,114.500583,30.54506
2457600953,114.4974769,30.5466083
2457600960,114.4970495,30.5467733
2457600962,114.4975707,30.5468726
2457600968,114.4974217,30.5470083
2457600969,114.4972169,30.5470097
2457601001,114.4939107,30.5510215
2457601002,114.4935644,30.5510403
2457601014,114.4935536,30.5513643
2457601015,114.4939117,30.5513919
2457601065,114.4912926,30.5537101
2457601071,114.4916325,30.5537896
2457601073,114.4911676,30.5538393
2457601079,114.4916589,30.5539847
2457601082,114.4912161,30.55406
2457601083,114.4915488,30.5541025
2457601089,114.4865689,30.5542595
2457601125,114.4935258,30.556468
2457601129,114.4931439,30.5565994
2457603164,114.5115778,30.5217099
2457603193,114.5115778,30.5245442
2466017213,114.2644745,30.5796841
2466017214,114.2643679,30.5798241
2475620724,114.4406217,30.5578655
2475620855,114.4402618,30.5573647
2477288373,114.5198256,30.5207614
2477288376,114.4799669,30.5210743
2477288403,114.5214586,30.5227434
2477288464,114.5214707,30.5245284
2477288469,114.5268002,30.5248995
2477288470,114.516311,30.5248963
2477288473,114.5184312,30.5250624
2477288483,114.481109,30.5253882
2477288543,114.4670008,30.5263284
2477288567,114.4681062,30.5267519
2477288611,114.5182246,30.5273896
2477288665,114.4781251,30.5287557
2477288773,114.4951928,30.5306191
2477288781,114.4949658,30.5307417
2477288861,114.5348123,30.5312234
2477289204,114.547291,30.5536365
2477289209,114.5482953,30.5537205
2477289227,114.5437467,30.5540175
2477289239,114.5437974,30.5544147
2477289266,114.5467908,30.5552455
2477289375,114.5372357,30.5596019
2478523647,114.3336409,30.5148074
2478523650,114.3323164,30.5143604
2478523652,114.3320704,30.5143803
2478523656,114.3318595,30.5140239
2478523657,114.3309994,30.5135083
2478523661,114.3306953,30.5134351
2478523674,114.3324872,30.5141418
2478523681,114.3292955,30.5137091
2478523691,114.3303611,30.5153957
2478523704,114.3248578,30.5148384
2478523705,114.3247265,30.5147462
2478523712,114.3235421,30.5118815
2478523739,114.3251102,30.5115599
2478523745,114.3257657,30.5141665
2478523750,114.3256209,30.5144439
2478523759,114.3238449,30.5136543
2478523760,114.3255567,30.5133383
2478523768,114.3286891,30.5151675
2478523776,114.3288185,30.5157192
2478523790,114.3278847,30.5081492
2478523793,114.3262101,30.5052616
2478523794,114.3236627,30.5125193
2478523797,114.3231381,30.5137905
2481896069,114.3317975,30.5165567
2481896253,114.3316246,30.5164118
2481896254,114.3308442,30.5169812
2481908669,114.3364785,30.51612
2481908675,114.3367546,30.5148474
2481908684,114.3358386,30.5145781
2481908688,114.3381906,30.5146366
2481908690,114.3384028,30.514602
2481908692,114.3389229,30.5154181
2481908693,114.3387615,30.5145435
2481908694,114.3379023,30.5146837
2481908695,114.3374869,30.5158009
2481908703,114.3388551,30.5154352
2481908704,114.3392388,30.5162664
2481908706,114.3379337,30.5157739
2481908708,114.338353,30.5166326
2481908712,114.3384299,30.5181586
2481908714,114.3390358,30.5180662
2481908715,114.3402966,30.5192898
2481908718,114.3393545,30.5180175
2481908723,114.341819,30.522082
2481908733,114.3417765,30.5239204
2481908734,114.3418048,30.5231278
2481908737,114.3452702,30.5232168
2481908738,114.3444365,30.5240122
2481908739,114.3444513,30.5231849
2481908740,114.3435818,30.5239774
2481908741,114.3436145,30.5231591
2481908742,114.3426109,30.5239379
2481908743,114.342646,30.5231422
2481908745,114.3425336,30.5261374
2481908746,114.3435563,30.5252845
2481908747,114.3425701,30.5252908
2481908749,114.3453706,30.5240502
2481908750,114.3451111,30.5240396
2481908751,114.3451212,30.523211
2481908752,114.3449072,30.5240313
2481908753,114.3449157,30.5237904
2481908754,114.3444407,30.5237748
2481908758,114.3451153,30.5236932
2481908759,114.3425947,30.5246254
2481908760,114.3409829,30.5246122
2481908761,114.3412257,30.5252559
2481909850,114.3477723,30.5226238
2481909852,114.3471715,30.5209076
2481909853,114.3477844,30.5209063
2481909854,114.3453262,30.520906
2481909855,114.3471743,30.521784
2481909856,114.347792,30.519819
2481909860,114.3493701,30.5240394
2481909863,114.3486253,30.5240495
2481909864,114.3486071,30.5232252
2482878544,114.3063063,30.4939303
2482878546,114.3283621,30.4939761
2482878558,114.3267031,30.4943181
2482878560,114.3050364,30.4944161
2482878567,114.3253509,30.4946398
2482878574,114.3266525,30.4947752
2482878576,114.3271764,30.4948166
2482878579,114.3282276,30.4950238
2482878583,114.3265047,30.4951756
2482878593,114.3292099,30.4957942
2482878600,114.3246513,30.4963141
2482878628,114.3247407,30.4978882
2482878636,114.3191203,30.546392
2482878639,114.3189841,30.5476767
2482878649,114.3189732,30.5516669
2482882198,114.2916554,30.5140847
2482882210,114.2936833,30.5155575
2482882212,114.292234,30.5157203
2482882214,114.2902482,30.51595
2482882218,114.2885661,30.5162439
2482882220,114.2945326,30.5166872
2482882222,114.2941735,30.5167196
2482882224,114.2923836,30.5169286
2482882226,114.2920005,30.5169703
2482882228,114.2890194,30.5172972
2482882242,114.2863202,30.5191954
2482884826,114.2913787,30.5142291
2482884829,114.2938345,30.5147996
2482884832,114.2942294,30.5149752
2482884838,114.2915144,30.5150691
2482884841,114.2938874,30.5150625
2482884843,114.2915321,30.5151786
2482884846,114.2901665,30.5153683
2482884849,114.2916319,30.5157967
2483380330,114.3309743,30.5131836
2483380333,114.3310549,30.5132381
2483380335,114.3310998,30.5133657
2483380347,114.3319785,30.5138867
2484585622,114.3228938,30.5147191
2484585634,114.3296068,30.5042249
2485874010,114.3176705,30.5368089
2485874022,114.3189572,30.5398774
2485875765,114.3227546,30.5341159
2485875767,114.3220195,30.534127
2485875771,114.3195761,30.5345714
2485875780,114.3196341,30.5354093
2490691423,114.5194457,30.5060192
2505909443,114.3509934,30.5359345
2505909452,114.3592335,30.5325669
2505909463,114.3592939,30.5326892
2541055416,114.4265443,30.5063305
2541055419,114.4270301,30.5062896
2553781008,114.3787053,30.5302721
2553813165,114.3784063,30.5314748
2570974075,114.3275423,30.5140365
2570974076,114.3260308,30.5143024
2607696026,114.199478,30.5153117
2607696031,114.2074684,30.5169098
2607696033,114.2006136,30.5179437
2607696041,114.2017932,30.5207724
2607696046,114.2119984,30.5218677
2684402007,114.2201481,30.6278533
2684402028,114.2235761,30.6281333
2684402043,114.2262107,30.6291887
2684402077,114.2292899,30.6301609
2700934439,114.305234,30.5666089
2700935078,114.307712,30.5644807
2700937511,114.3212978,30.5941532
2700939197,114.309642,30.5791806
2700940173,114.3160606,30.579275
2700940174,114.3161146,30.5793451
2700986660,114.3101634,30.5789675
2700993729,114.3221263,30.5810975
2701015860,114.3295172,30.5926574
2701015866,114.3342226,30.5890186
2710620417,114.343106,30.5267672
2710620418,114.343099,30.527056
2710620419,114.3431238,30.5258944
2710620420,114.3431167,30.5261566
2713731829,114.3210384,30.5127414
2713731833,114.3225798,30.5127431
2713731849,114.3218507,30.5127182
2713731853,114.3215378,30.5139046
2716778370,114.3829553,30.5370793
2730580466,114.3236071,30.5060397
2733169133,114.3381295,30.5071561
2733169134,114.3369401,30.5084838
2733169135,114.3389525,30.5062351
2733169136,114.3374096,30.5066673
2733170295,114.3379158,30.5074026
2733181779,114.3389881,30.511304
2733263580,114.3211879,30.5132424
2733263582,114.321744,30.513282
2733773944,114.3171194,30.5119905
2733773945,114.3171783,30.5082159
2733773947,114.3144474,30.509464
2733773948,114.3171591,30.5094455
2733773949,114.31629,30.5119809
2733773950,114.3163305,30.5094512
2733773952,114.3143446,30.5110022
2733773953,114.3171346,30.5110123
2733773954,114.3145448,30.5080085
2733773956,114.3165668,30.5079941
2733773957,114.3165721,30.5067167
2733773958,114.3165721,30.5082205
2733773959,114.3165719,30.5082105
2733773961,114.3175,30.5067139
2733773962,114.3199156,30.508824
2733773964,114.3171657,30.5090236
2733796742,114.3155455,30.5094565
2733796743,114.3155423,30.5067197
2733796942,114.3181857,30.5067119
2733796946,114.3181967,30.5088299
2733796949,114.317487,30.5076302
2733796951,114.3181873,30.5076254
2733796960,114.3189756,30.5067055
2733796962,114.319,30.5088451
2733822558,114.3171333,30.5104351
2733822559,114.3184027,30.5104404
2733822560,114.3173093,30.5113109
2733822562,114.319464,30.5113074
2733822563,114.3184942,30.5120371
2733822566,114.3176274,30.5113104
2733822568,114.3176274,30.5098871
2733822572,114.3174457,30.5110418
2733822573,114.3184993,30.5110445
2733822575,114.319359,30.5109914
2733822576,114.318755,30.5109951
2733822606,114.3194753,30.5104003
2733822608,114.3199011,30.5103957
2733822609,114.3194747,30.5102201
2733822610,114.3199013,30.5102153
2733822615,114.3194745,30.5101287
2739341904,114.3259389,30.5038426
2739341905,114.3269861,30.50357
2739341906,114.3272507,30.5046817
2739341915,114.3263356,30.5027753
2739341916,114.3267697,30.5026607
2739341917,114.3266386,30.5021101
2739341918,114.3289169,30.504426
2739341919,114.3288299,30.5042219
2739341931,114.3293452,30.5022975
2739341941,114.3291309,30.5016546
2741897798,114.3251963,30.5005071
2741897799,114.3260797,30.5003811
2741897822,114.3297832,30.4984362
2741897836,114.3263749,30.5006579
2741897857,114.3295681,30.4997799
2741993977,114.3275597,30.4989431
2742026851,114.3113781,30.5148326
2742026854,114.3115014,30.5148352
2742026863,114.3102568,30.514744
2742026871,114.3098129,30.5138953
2742026877,114.309833,30.5143348
2742026886,114.3126288,30.5147126
2742026892,114.3130151,30.5143221
2742026901,114.3129869,30.5139271
2742026915,114.3111858,30.5148318
2742026918,114.3115923,30.5148342
2742026921,114.3116082,30.5142206
2744841598,114.311682,30.5635416
2751698634,114.3084655,30.510293
2751698635,114.3143932,30.5102752
2751749653,114.310587,30.5119769
2751749659,114.3122044,30.5119692
2751749661,114.3084996,30.5112413
2751749663,114.3093559,30.5112298
2751749667,114.3105888,30.5114262
2751749673,114.3104772,30.5114268
2751749675,114.3093547,30.5109363
2751749677,114.3104722,30.5109223
2751749679,114.3122156,30.5112194
2751749681,114.3143297,30.5112124
2751749683,114.3134517,30.5119733
2751749685,114.3134705,30.5112152
2751749687,114.3131581,30.5112162
2751749688,114.3131617,30.5102799
2751749690,114.3131591,30.5109514
2751749696,114.3131605,30.5105855
2751749769,114.3098049,30.5102927
2751749771,114.3098228,30.5095513
2751749773,114.3097119,30.5094292
2751749776,114.3098352,30.5093137
2751749778,114.3099522,30.5094411
2751749780,114.3084345,30.5094351
2751749782,114.3112523,30.5094346
2751749784,114.3098442,30.5085911
2751749787,114.3084047,30.5086075
2751749789,114.3109046,30.5085694
2751749791,114.3095442,30.5085957
2751749793,114.3095683,30.5080127
2751749815,114.3108048,30.5075308
2751749827,114.3089311,30.5080185
2751749835,114.3112818,30.5072272
2751749838,114.3097975,30.5075007
2751749840,114.3097882,30.507337
2751749842,114.3103785,30.5073651
2751749844,114.3103969,30.5067349
2751749846,114.3146799,30.5059149
2751749849,114.3155307,30.5059343
2751749853,114.315549,30.5050971
2751749855,114.3147319,30.5050606
2751749859,114.3164101,30.5050387
2751749880,114.3181732,30.5053467
2751749894,114.3194795,30.505368
2751749911,114.3190112,30.5053727
2751749918,114.317409,30.5067142
2751749920,114.3173996,30.5062533
2751749930,114.3156436,30.5035404
2751749932,114.3148411,30.5035742
2751749934,114.317123,30.5034672
2751749936,114.3241174,30.5242408
2751749952,114.3294595,30.5231865
2787766107,114.3522526,30.5348353
2828214527,114.3477782,30.5217812
2828214530,114.347797,30.5241513
2828214531,114.3486322,30.5241448
2828214533,114.3495768,30.5225556
2828214544,114.3488903,30.522617
2828216713,114.3360047,30.526738
2828216718,114.3401056,30.5284834
2828216725,114.3422983,30.5304467
2828216817,114.344208,30.5284821
2828217452,114.3119839,30.5085503
2828217453,114.3145077,30.5085631
2828217454,114.3135232,30.5085581
2828217474,114.3133485,30.5102792
2828217475,114.312545,30.5102823
2828217482,114.312616,30.5098102
2829220477,114.3346561,30.517888
2829220480,114.3329445,30.5186725
2829220481,114.3340229,30.5185593
2829220482,114.3343285,30.5182354
2829220483,114.3356066,30.519122
2829225699,114.3348363,30.517702
2829225700,114.3361312,30.5185875
2829227801,114.3355433,30.5181816
2829227802,114.3350376,30.5187273
2829227803,114.3344523,30.5193357
2829227806,114.3329249,30.5199053
2829227807,114.3331821,30.5196193
2829227813,114.3334576,30.5193096
2829227816,114.3359789,30.5177338
2829227817,114.3365689,30.5181415
2829241482,114.3352608,30.5194903
2829241483,114.3369034,30.5178068
2829241484,114.3366478,30.5189472
2829257344,114.3348253,30.5196578
2829263273,114.3417386,30.5290766
2829263275,114.3415744,30.5285517
2829269100,114.3420439,30.5199344
2829277913,114.3950299,30.6216532
2829277925,114.3907077,30.6149919
2835707681,114.3397279,30.5208168
2844101208,114.3419262,30.5294962
2844115711,114.3411569,30.5267597
2844115712,114.3414881,30.5267701
2844115716,114.3407769,30.5267452
2844115722,114.3407916,30.5264313
2844115729,114.3402228,30.5264251
2844115731,114.3402994,30.5259054
2844115732,114.3393065,30.5257831
2844115733,114.3402522,30.526179
2844115734,114.3393871,30.5260695
2844115735,114.3420949,30.5274763
2860042068,114.3389195,30.5256954
2860042070,114.3408484,30.5252198
2860042071,114.3403725,30.5252156
2860045412,114.3407521,30.5239144
2860045413,114.3394807,30.5238775
2860045414,114.3394681,30.5252076
2860045417,114.339541,30.5238793
2860045419,114.3394646,30.5250979
2860045420,114.340369,30.5250951
2860045421,114.3403812,30.5239036
2860053104,114.3359533,30.5250417
2860065701,114.3424995,30.5218677
2860065703,114.3437548,30.5209411
2860065704,114.3438164,30.521472
2860065705,114.3430324,30.5218214
2860065706,114.3428076,30.5211511
2860065707,114.3431589,30.5222552
2861349029,114.3398348,30.5198052
2861349031,114.3395103,30.5204227
2861349032,114.3394079,30.5197781
2861349038,114.3386746,30.5204207
2861349039,114.3390759,30.5206681
2861349040,114.3390639,30.5210597
2862381325,114.3285067,30.5186613
2864420720,114.3938143,30.5292069
2864420724,114.3934075,30.5238959
2864420725,114.3933589,30.5213502
2864420726,114.3933859,30.5229105
2864420735,114.3901987,30.5249812
2864431745,114.3920763,30.5239055
2864431746,114.3920665,30.521351
2864431748,114.3910952,30.5246583
2864431749,114.392076,30.5246299
2864431750,114.3920811,30.5247536
2864431751,114.3934294,30.5247368
2864431754,114.3934443,30.525428
2864431755,114.3909299,30.5254125
2864431756,114.3888738,30.5229828
2864431757,114.3895203,30.5229909
2864431758,114.389502,30.5249019
2864431759,114.3901868,30.524089
2864431760,114.3895096,30.5241052
2864431765,114.3882122,30.5206044
2864431773,114.3855688,30.5172571
2864431774,114.3888824,30.520599
2864431775,114.3909463,30.5205823
2864431776,114.3889981,30.520598
2864431778,114.3872738,30.5186123
2864431779,114.3883529,30.5183806
2864431791,114.3961445,30.5256305
2864434503,114.3961488,30.5252909
2864434504,114.3954331,30.5252881
2864434505,114.3961524,30.5250069
2864434506,114.3954331,30.5250068
2864434507,114.3947363,30.5255418
2864434510,114.3947393,30.5242851
2864434512,114.3935931,30.5256546
2864434519,114.3957887,30.524755
2864434520,114.3947274,30.524767
2864434522,114.3960489,30.5247322
2864434525,114.3963498,30.5244654
2864434526,114.3953944,30.5247595
2864434527,114.3953906,30.5244157
2864434528,114.3953931,30.5246464
2864434529,114.3947301,30.5246569
2864434533,114.3966496,30.5253311
2864434535,114.3968143,30.5251621
2864441873,114.3960797,30.5228705
2864441874,114.3991793,30.5228609
2864441876,114.3977966,30.5228525
2864441877,114.3987787,30.5252726
2864441881,114.3976998,30.5228537
2864441883,114.3957959,30.5209356
2864441887,114.3985215,30.5228577
2864441888,114.3985218,30.5209113
2864441889,114.3985394,30.5201235
2864441890,114.3977182,30.5201278
2864441892,114.3965957,30.5190324
2864441893,114.3977257,30.5190278
2864441895,114.3977138,30.5216208
2864441896,114.3985252,30.5216097
2864441897,114.3999593,30.5233284
2864441899,114.3991747,30.5233283
2864441900,114.4012306,30.5233238
2864443001,114.3991667,30.5221239
2864443002,114.3985217,30.5221261
2864443003,114.3991669,30.5225919
2864443004,114.3999181,30.5225952
2864448080,114.3942304,30.5300172
2864448083,114.3951578,30.5292194
2864448084,114.3941036,30.5316447
2864448086,114.3948687,30.5308648
2864448087,114.394172,30.5308209
2864448088,114.3949211,30.5308091
2864448089,114.3959464,30.5308893
2864448090,114.394995,30.5296403
2864448093,114.3958894,30.5315028
2864448094,114.3957752,30.5321185
2864448095,114.3949442,30.5302784
2864448096,114.3959934,30.530359
2864448097,114.3958376,30.5317897
2864448098,114.3947912,30.5317022
2864448803,114.3941528,30.5310521
2864448804,114.3924311,30.5310136
2864448805,114.3925004,30.5316871
2864448807,114.391459,30.5317322
2864448809,114.3914694,30.5313868
2864448810,114.3924618,30.5313126
2864448811,114.3920875,30.5313406
2864448812,114.3921148,30.5317038
2864454213,114.386263,30.5210395
2864454215,114.385832,30.5211355
2864454216,114.3870072,30.5208732
2864454220,114.3860319,30.5190391
2864460542,114.3719919,30.5198468
2864460543,114.3720986,30.5198226
2864460558,114.3728668,30.5221214
2864460569,114.3737531,30.5220607
2864460570,114.3725323,30.5223379
2864460576,114.3726363,30.5221717
2864460583,114.3730495,30.5222205
2864460588,114.3695252,30.5204119
2864460687,114.3722312,30.5224062
2864460689,114.3749856,30.5226121
2864460690,114.3739794,30.5228452
2864460691,114.3730237,30.5230571
2864460692,114.3740077,30.5263407
2865944161,114.395567,30.521956
2872101165,114.5094854,30.5250115
2872101166,114.5098557,30.5261181
2872101167,114.511121,30.5274329
2872101171,114.5122599,30.5251576
2872101174,114.5092625,30.5266223
2875670869,114.3974485,30.5286222
2875675191,114.3941814,30.5307082
2875675195,114.3927796,30.5309961
2875675196,114.3942119,30.5303404
2875675199,114.3935025,30.5304716
2875675200,114.3934724,30.5307344
2875697589,114.3948164,30.5314295
2875697590,114.3960093,30.5317637
2875697591,114.3966273,30.5317689
2875697592,114.3960886,30.5318932
2875705904,114.3934433,30.5310077
2875717311,114.3908459,30.5325561
2875717312,114.3907379,30.5325865
2875717314,114.3913012,30.5322863
2875717315,114.3925665,30.5320627
2875717317,114.3933608,30.5316413
2875728310,114.3896364,30.5331492
2875733858,114.3920625,30.5203536
2877837871,114.3999359,30.5209062
2877837881,114.3985405,30.5194495
2877837882,114.4004235,30.5194636
2877837883,114.3994414,30.5194492
2877837885,114.3985464,30.51886
2877837886,114.3994467,30.5188722
2877837888,114.3985481,30.5191401
2877837889,114.399443,30.5191534
2877837891,114.4018046,30.5201987
2877898282,114.3387518,30.5050382
2877898285,114.3333456,30.5041715
2877898286,114.3323541,30.5045023
2877898290,114.3333898,30.5031222
2877898295,114.3334492,30.5051562
2877898303,114.3372301,30.5016078
2877898304,114.3340443,30.5025449
2877898305,114.3351546,30.5022183
2877898306,114.3347406,30.5011459
2877898307,114.3346898,30.502355
2877898309,114.3354388,30.5009306
2877898310,114.3358552,30.5020122
2877898311,114.3357669,30.5017829
2877898312,114.3365683,30.5015652
2877898313,114.3370853,30.501414
2877898314,114.3355663,30.5012618
2877898315,114.3363643,30.5010248
2877898316,114.3355037,30.5010993
2877898317,114.3363025,30.5008611
2877903706,114.3438081,30.5022817
2879254203,114.339359,30.4900219
2969491767,114.2129396,30.5813822
2969491769,114.213021,30.58144
2969491774,114.2101596,30.5833214
2969491819,114.2022444,30.5903265
2969491827,114.202378,30.5906313
2969491830,114.1974595,30.590711
2969492141,114.2005525,30.5912776
2969492147,114.1997262,30.5913781
2969492159,114.2005874,30.5916298
3011145967,114.2744745,30.6485056
3012599228,114.3231949,30.6422884
3012599775,114.3289814,30.660305
3012599776,114.3289045,30.6604177
3018675912,114.4523923,30.4875245
3018675918,114.4518695,30.4880588
3018675921,114.4505795,30.4883225
3018675924,114.4476845,30.4886687
3018675926,114.4468919,30.4889172
3018675928,114.4460494,30.4891827
3018675929,114.4474703,30.4891972
3018675931,114.4443547,30.4898626
3018677933,114.4454464,30.4898346
3018677934,114.4451042,30.4899487
3018677940,114.4432203,30.4904993
3025210514,114.2878685,30.4757748
3025210517,114.2878682,30.4758771
3025210518,114.2876554,30.4758772
3030037805,114.2004681,30.5661082
3030037964,114.201603,30.565639
3030037984,114.1904647,30.5685802
3030038002,114.2045542,30.5645472
3044752001,114.3236775,30.5797971
3044752002,114.323588,30.5798722
3044752009,114.3247252,30.5843283
3044752011,114.3251715,30.5848705
3044752017,114.3264077,30.586314
3044752024,114.3289453,30.5892253
3044755047,114.1798926,30.5941335
3044755070,114.3430105,30.5981571
3044755082,114.3377825,30.6022793
3044755085,114.1839037,30.6035486
3044755091,114.3621476,30.605124
3044755092,114.1859748,30.606708
3044755094,114.244253,30.6068279
3044755096,114.3676012,30.6079242
3044755098,114.1867944,30.6083232
3044755100,114.3780237,30.6088388
3044755102,114.2426087,30.6096158
3044755103,114.3720087,30.6100547
3044755108,114.3760647,30.6120698
3044755109,114.1875034,30.6126317
3044755111,114.2480962,30.6126886
3044755114,114.3789802,30.6150721
3044755124,114.4027362,30.6217066
3044755136,114.2029692,30.6234102
3044755138,114.1974445,30.6236044
3044755141,114.226577,30.6258119
3044755147,114.2476641,30.6264175
3044755148,114.2414877,30.6272095
3044755155,114.2331364,30.6278533
3044755159,114.2246135,30.6284139
3044755161,114.237526,30.6284536
3044755162,114.2467644,30.6285639
3044755166,114.2236918,30.6290607
3044755167,114.2407611,30.6291991
3044755172,114.2460401,30.6305053
3044755179,114.2399292,30.6313242
3044755183,114.2116473,30.6330403
3044755190,114.2210375,30.6328717
3044755196,114.2672126,30.6341738
3044755215,114.2658333,30.6368128
3044755216,114.2657771,30.636919
3044755218,114.2179746,30.6372209
3044755223,114.2690417,30.6382894
3044755228,114.2114035,30.6387504
3044755229,114.2647348,30.638888
3044755234,114.3885978,30.6401075
3044755235,114.2178173,30.6401535
3044755237,114.2176759,30.6401871
3044755238,114.2178741,30.6403291
3044755239,114.2177394,30.6403613
3044755241,114.2676113,30.6408282
3044755246,114.3827304,30.641806
3044755250,114.3863678,30.6435689
3044755253,114.3812108,30.6438781
3056327835,114.2275825,30.5546399
3061061131,114.4006545,30.5233259
3061061233,114.4002226,30.5238196
3074054600,114.330962,30.5976812
3078510536,114.2398388,30.5798578
3081671522,114.3721702,30.4954961
3081671524,114.373347,30.4943335
3081671525,114.3733424,30.495491
3081671526,114.3724114,30.4943055
3081671528,114.3735198,30.4954902
3081671530,114.3746597,30.4962747
3081671532,114.3748579,30.4954843
3081674733,114.3761935,30.4992111
3083960664,114.3201711,30.4771408
3083960665,114.349612,30.5125242
3083960668,114.3496375,30.5059794
3090394031,114.395315,30.5209433
3110802177,114.3508159,30.5359132
3110802187,114.3534851,30.5357769
3113066251,114.3522843,30.5450368
3123587154,114.353015,30.5300662
3123587187,114.3503945,30.554015
3123587193,114.3502294,30.5549727
3123587201,114.3503349,30.5549752
3123587214,114.3509834,30.5570327
3123587223,114.3484874,30.5569194
3123587229,114.3510407,30.5558748
3123587230,114.3513773,30.5570522
3125538790,114.3546842,30.5594868
3125538797,114.3461393,30.5633938
3125538801,114.3449034,30.5642269
3125538808,114.3547372,30.569185
3125538809,114.3481315,30.5703148
3125538811,114.3632182,30.5716174
3125538821,114.359238,30.5739515
3125538822,114.3592642,30.5742829
3125538824,114.33596,30.5748843
3125539232,114.3356928,30.5755115
3125539236,114.3333358,30.5757883
3125539238,114.3355394,30.57582
3125539242,114.338972,30.5762103
3125539247,114.3550763,30.5765727
3125539249,114.3541966,30.5767006
3125539254,114.3349036,30.5771492
3125539257,114.358446,30.5773748
3125539260,114.3404482,30.5775742
3125539262,114.3408362,30.5780082
3125539263,114.3396682,30.5780764
3125539265,114.3588524,30.5780584
3125539267,114.3341403,30.578701
3125539269,114.339764,30.5793601
3125539270,114.3396834,30.5795051
3125539273,114.3407314,30.5797149
3125539275,114.3406318,30.5798682
3125539278,114.3174227,30.5808316
3125539279,114.3141671,30.5807311
3125539280,114.3387534,30.5809415
3125539281,114.3218962,30.5812584
3125539282,114.3395803,30.5814864
3125539283,114.3153508,30.5821526
3125539284,114.3186792,30.5822992
3125539285,114.323114,30.5825637
3125539286,114.3237718,30.5832842
3125539287,114.3493993,30.5835509
3125539288,114.3165151,30.5835958
3125539289,114.3243762,30.583946
3125539290,114.3365851,30.5839838
3125539291,114.3207637,30.5840564
3125539292,114.3204016,30.5842864
3125539294,114.3375798,30.5847647
3125539297,114.3431315,30.5848913
3125539298,114.3281029,30.5850807
3125539300,114.3284969,30.5853302
3125539301,114.3390326,30.5858259
3125539302,114.3302352,30.5855053
3125539306,114.3179642,30.5854094
3125539311,114.3286569,30.5867083
3125539312,114.3421321,30.5868088
3125539313,114.3271323,30.5870815
3125539315,114.3302246,30.5883762
3125539317,114.3277705,30.5873179
3125539319,114.3274979,30.5875054
3125539321,114.3438362,30.5877872
3125539323,114.3375835,30.5880457
3125539328,114.3344358,30.5888141
3125539331,114.3410707,30.5898949
3125539332,114.3310015,30.5917391
3125539333,114.3340378,30.5951517
3125903501,114.2979248,30.6617659
3125903504,114.2948422,30.6646649
3125903505,114.2966108,30.6663864
3125903506,114.3001126,30.6633003
3135788300,114.3717268,30.5350188
3147241023,114.3522955,30.5290733
3151899811,114.3618227,30.5395075
3184921965,114.2957632,30.5498842
3198375045,114.3204383,30.4823071
3198375046,114.3136282,30.482421
3198375047,114.3203783,30.4806235
3198375049,114.3167467,30.4806788
3198376161,114.3167961,30.4823768
3198376162,114.3168004,30.4828198
3207443872,114.349445,30.5569641
3214727128,114.3272657,30.498131
3217552039,114.294593,30.6429333
3217552040,114.2892385,30.6477512
3225481868,114.281999,30.5866071
3226612093,114.1972622,30.5666791
3226612094,114.1972552,30.5667703
3226612098,114.1960646,30.567131
3226612100,114.1932111,30.5674356
3226612107,114.1912196,30.5682329
3226612109,114.1913297,30.5683406
3230353729,114.2397106,30.6029865
3248177013,114.3437646,30.6659829
3248177033,114.350437,30.6684838
3248177042,114.3332073,30.6697122
3248177054,114.3536038,30.6703705
3270664780,114.2441326,30.6279059
3317600965,114.320007,30.5766987
3317600973,114.3176517,30.5782189
3317600974,114.3177401,30.5782778
3365908820,114.4460014,30.474013
3365908821,114.4454243,30.4716235
3366155967,114.2397983,30.6653062
3366220843,114.2505516,30.6417637
3366220859,114.2518012,30.6381612
3366220873,114.2543125,30.6453565
3366220879,114.2399585,30.6653025
3366220890,114.2519382,30.6376936
3366221006,114.2525444,30.6371029
3366221031,114.2550144,30.634717
3366221056,114.2475126,30.6457537
3367156795,114.2618278,30.6270237
3367156798,114.2656922,30.6208906
3367156804,114.2591425,30.6296585
3367156807,114.2610523,30.6276808
3367156817,114.2609006,30.6281974
3367156823,114.2655754,30.6211933
3367156825,114.2592266,30.6295494
3367156831,114.2605065,30.6280555
3367156838,114.2650391,30.6225723
3367156850,114.2656573,30.6202652
3367156851,114.2576317,30.6313586
3367156861,114.2655436,30.6205386
3367156863,114.2608156,30.6282863
3367156873,114.2653207,30.6211243
3367156880,114.2657937,30.6206186
3367156885,114.2607658,30.628342
3367156896,114.2579322,30.6314995
3367156900,114.2578809,30.6315566
3367260934,114.2510832,30.6417746
3367260943,114.2479448,30.6425468
3367260950,114.2517442,30.6441523
3367260965,114.2440492,30.6384565
3367260984,114.2474566,30.6408777
3381058707,114.2722733,30.632702
3381058713,114.272023,30.6321986
3381058723,114.2718738,30.632607
3381058724,114.2732912,30.629274
3381058725,114.2726812,30.6305795
3381058727,114.2721247,30.6323248
3381058729,114.2729181,30.6306715
3381095020,114.2800748,30.6261416
3381095038,114.2830022,30.627486
3381095045,114.2818998,30.6293878
3381095048,114.2877989,30.6284041
3382169772,114.2811325,30.6325043
3382183115,114.2836083,30.6268365
3382183116,114.2850857,30.625678
3382183118,114.2724398,30.6232179
3382183124,114.2836717,30.6271026
3382183129,114.2826476,30.6273478
3382183139,114.2826288,30.6272699
3382183141,114.2836884,30.6272175
3382183149,114.2654353,30.6208156
3382183153,114.2821953,30.6293985
3382183161,114.2831464,30.6267592
3382183168,114.2758608,30.6244991
3382183170,114.2784247,30.6254234
3382183172,114.2830804,30.6276693
3382183191,114.2834362,30.6276058
3382183197,114.2829191,30.6268075
3382195193,114.3001021,30.63161
3382195200,114.3023927,30.6322655
3382195209,114.3029111,30.6325164
3382195234,114.2989387,30.6315585
3382195242,114.2995985,30.6317686
3382195253,114.3034,30.6327206
3382233218,114.3300434,30.6606233
3382233230,114.329902,30.6607028
3382233247,114.3295371,30.6592575
3382233252,114.3277572,30.6548884
3382233254,114.3229749,30.6423709
3382233273,114.3216811,30.6398377
3382258800,114.3208979,30.6379684
3382258810,114.3191138,30.6359867
3382258813,114.3181033,30.6364282
3382258820,114.3213809,30.6387452
3382258824,114.319374,30.6363139
3382258833,114.3178102,30.6342195
3382258845,114.3249938,30.6391236
3382258851,114.3187121,30.6363798
3382258869,114.3188287,30.6363181
3382258874,114.3179075,30.633878
3382260092,114.3026073,30.6327086
3397897387,114.2532665,30.6362372
3397897388,114.2534868,30.6363561
3397897389,114.2521784,30.6378097
3404840772,114.3944982,30.5213654
3404840773,114.3945009,30.5219671
3404840774,114.3933649,30.5219555
3404840775,114.3945156,30.5223703
3404840776,114.3933743,30.5223816
3474318391,114.3515191,30.5218959
3474324640,114.3506529,30.5220995
3486619633,114.2325489,30.647712
3486619634,114.226727,30.6373568
3486619636,114.2304545,30.6323987
3486619637,114.2335237,30.6348205
3486619644,114.2296657,30.6387625
3486619651,114.2458838,30.656409
3486619652,114.1968378,30.6259606
3486619656,114.19684,30.6271103
3486619658,114.1905169,30.6265833
3486619668,114.2028111,30.6270744
3488315346,114.2899284,30.5278537
3488332197,114.2705216,30.482127
3488332199,114.2708826,30.4826743
3488332200,114.2777891,30.4802032
3488332201,114.2709504,30.4821753
3488332202,114.2875994,30.4802626
3488332205,114.2710228,30.482296
3488383273,114.3048795,30.5251406
3488384199,114.3066936,30.5260271
3488384201,114.3022876,30.5276016
3488384205,114.3048204,30.5260625
3488417921,114.3080505,30.5256195
3488417924,114.3445202,30.5136269
3488417935,114.3406876,30.5128167
3488417938,114.3399148,30.5130552
3488417942,114.3443281,30.513328
3488417963,114.3462425,30.5129851
3491027877,114.2900723,30.5277524
3491027878,114.2938571,30.5287758
3491030912,114.2629216,30.5402369
3491030917,114.2612643,30.5424623
3491030918,114.2616405,30.5381452
3491030925,114.2629294,30.5400981
3491047923,114.237594,30.5516963
3491047951,114.2345382,30.5524293
3491054004,114.2420764,30.5440595
3491054005,114.2453535,30.5411459
3491054010,114.2456326,30.5411536
3491063046,114.2036511,30.5601999
3491063050,114.2048781,30.5596706
3491063059,114.2318826,30.5536986
3500331221,114.2904009,30.6512282
3500352711,114.2963031,30.6514949
3500352713,114.2957683,30.6522501
3500352716,114.2961748,30.6538484
3500352717,114.2963334,30.6544745
3500352722,114.2997085,30.6565878
3500352723,114.2933968,30.6499867
3500352725,114.2930337,30.6505097
3500352727,114.2930057,30.6509436
3500352729,114.2932065,30.651723
3500352762,114.298134,30.6549854
3500352763,114.2972868,30.6555742
3500352765,114.2975839,30.6551412
3500352771,114.2988177,30.6551874
3500352772,114.2969775,30.6533844
3500352781,114.2958004,30.6524816
3500352782,114.2968846,30.6530227
3500352789,114.2959572,30.6531399
3500352790,114.2967696,30.6525821
3500353297,114.2958592,30.6528068
3500353307,114.2913644,30.6511172
3500353314,114.2941057,30.6521036
3500353322,114.2938862,30.6520341
3500353327,114.2937972,30.6516434
3500353328,114.2953629,30.6520323
3500353335,114.2943105,30.6528402
3500353343,114.2946707,30.6524363
3500353348,114.2971078,30.6536944
3500353353,114.2972352,30.6541054
3500353360,114.2964323,30.6548091
3500353364,114.2973531,30.6546643
3500366627,114.300204,30.6556729
3500366628,114.3024872,30.6565002
3500366629,114.3039064,30.6570119
3500366630,114.3056536,30.657637
3500366632,114.3094628,30.6588877
3500366634,114.3122797,30.6505287
3500366640,114.3063482,30.6574529
3500366643,114.3014669,30.6589212
3500366644,114.3045642,30.6513014
3500366645,114.3057916,30.6482327
3500528263,114.2811517,30.634441
3500528272,114.2813515,30.6343977
3500528275,114.2812261,30.6342605
3500528281,114.2807109,30.6346042
3500528283,114.2808721,30.6340381
3501002854,114.3054431,30.6397088
3501002858,114.3162086,30.645598
3501002863,114.3040406,30.644032
3501002864,114.3029998,30.6472639
3501002866,114.3154263,30.6460351
3501002869,114.3187421,30.6501363
3501002870,114.3184691,30.6527647
3501002872,114.3177206,30.6590823
3501002873,114.317296,30.6632051
3501002876,114.3090873,30.6609871
3501002878,114.3129222,30.6620151
3501002879,114.3136088,30.6582056
3501002880,114.3147836,30.6514776
3501002884,114.3156666,30.6487207
3501002889,114.2992052,30.6422485
3501032377,114.2936884,30.620725
3501032386,114.2845699,30.6112103
3501032388,114.2990113,30.6121617
3501032390,114.2946277,30.6137806
3501032391,114.2943405,30.6151655
3501032495,114.2925598,30.6175753
3501032500,114.3032868,30.6248895
3501032503,114.3096851,30.622549
3501048381,114.3023349,30.6313652
3501048383,114.3024839,30.6326717
3501048385,114.3024316,30.6313414
3501050294,114.3023429,30.631472
3501074203,114.3099194,30.6224388
3501074204,114.3139356,30.628081
3501074205,114.3140196,30.6282125
3501074206,114.3137504,30.6282761
3501074207,114.3136804,30.62818
3501074208,114.3068933,30.6183342
3501074214,114.3070681,30.6182572
3503089269,114.181988,30.5897364
3503089278,114.176671,30.5785302
3503089279,114.1768197,30.5833867
3503089287,114.1818435,30.589783
3503125189,114.4425673,30.5215121
3503125708,114.444542,30.5230841
3503125771,114.4525109,30.52729
3523329189,114.3199843,30.5007503
3523329190,114.3210533,30.5007663
3523329191,114.3210564,30.5011538
3523330393,114.3202153,30.5013901
3523330394,114.3202107,30.5017056
3523330398,114.3215385,30.501798
3523330399,114.3202111,30.502169
3523330406,114.3237541,30.5012959
3523330407,114.3238582,30.5016478
3523330411,114.3215319,30.5011146
3523330412,114.3231618,30.5007509
3523330413,114.3203346,30.500322
3523330416,114.3210588,30.5004491
3523330430,114.3239306,30.5000141
3523330446,114.3247572,30.5014104
3523330448,114.3238185,30.5011006
3523330450,114.3239534,30.5007186
3523330452,114.3239908,30.5006191
3523330469,114.3240275,30.5006949
3523330473,114.3248954,30.5007033
3523330483,114.321726,30.5017639
3523330484,114.321646,30.5010891
3523330485,114.3214993,30.5004537
3523330486,114.3210574,30.5005305
3523330487,114.3225407,30.5001936
3523330506,114.3252363,30.5006161
3523337822,114.3363488,30.5157248
3523339654,114.3395774,30.5144103
3523480831,114.2751913,30.4892586
3523480833,114.275545,30.490039
3523480836,114.2736219,30.4867765
3523480838,114.2733664,30.4868954
3523483594,114.3042271,30.5266247
3523519321,114.2567398,30.4861941
3523949881,114.2036196,30.5599946
3523951199,114.204197,30.5600516
3523951207,114.2038001,30.562062
3523951211,114.2036873,30.5620722
3523973519,114.2596941,30.4941013
3524739604,114.2587727,30.4811618
3524739605,114.2555337,30.4786799
3524739608,114.2639202,30.4780938
3524739609,114.2628177,30.4768487
3527724425,114.2598317,30.4939144
3541539571,114.3212685,30.5389708
3541539572,114.3186212,30.5403361
3541539573,114.3220335,30.5385793
3541539575,114.3245763,30.5369253
3578501280,114.2700614,30.6221925
3578501283,114.2541454,30.6177333
3578501287,114.2370908,30.6111161
3578501289,114.2323222,30.6093644
3578501290,114.2474903,30.6160106
3578501593,114.2437792,30.6141482
3578501594,114.3178701,30.6379858
3578501595,114.237251,30.6108689
3578501607,114.2503964,30.6166176
3578501610,114.2758199,30.6243719
3578501613,114.2512974,30.6172693
3578501615,114.2409186,30.6130841
3578501618,114.2510762,30.6172053
3578501627,114.2388997,30.6119272
3578501631,114.2514305,30.6169217
3578501633,114.2606973,30.6194521
3578501635,114.2438645,30.6145549
3578501636,114.2512092,30.6168615
3578501637,114.2405337,30.6125
3578501642,114.2463517,30.6155259
3578501648,114.2330686,30.6094237
3578548936,114.1832876,30.5299471
3578548975,114.1833902,30.5299026
3583675268,114.3262244,30.5578701
3583675271,114.3257373,30.5599513
3583675281,114.3289172,30.5622303
3584782000,114.2064906,30.6333339
3584782004,114.1917309,30.6363071
3584782896,114.1899347,30.6435221
3587564113,114.3334845,30.4808104
3587564114,114.3330843,30.4807943
3587564119,114.3331067,30.4793701
3589067752,114.2833311,30.6657476
3593772417,114.2269557,30.6577805
3593772849,114.2057189,30.5147857
3597602310,114.3603384,30.6257663
3597602311,114.3641867,30.6281666
3597602312,114.371407,30.6325796
3631666382,114.3510507,30.5393913
3631666593,114.3510225,30.5378716
3631666607,114.3510455,30.5377807
3631666613,114.3526117,30.5382877
3642074630,114.3036982,30.4890113
3642074632,114.3030131,30.4894776
3642074633,114.303012,30.490205
3642074634,114.3021459,30.4901947
3642074639,114.3008548,30.4897333
3642074641,114.3021468,30.489791
3642081153,114.303326,30.4912682
3642081159,114.3021497,30.4885409
3645171737,114.4765988,30.4654232
3651009544,114.4924303,30.4784201
3654389857,114.2252696,30.5010293
3660025403,114.5492359,30.5316362
3663252673,114.4090733,30.5144078
3663373176,114.3083363,30.5708159
3663373177,114.3084127,30.570908
3663373178,114.3082305,30.5709102
3667339627,114.1959422,30.5471484
3667339628,114.1997209,30.5451146
3667340207,114.1967924,30.603955
3683236537,114.1895038,30.5383294
3683236539,114.1937122,30.5404375
3683236550,114.1934464,30.5401517
3683236563,114.1940123,30.5447715
3683236572,114.1899008,30.5386732
3683236574,114.1932798,30.5435446
3684963089,114.3339975,30.5144204
3684963096,114.3360133,30.5134963
3684963100,114.31449,30.5228203
3684963103,114.3234807,30.5203129
3684965258,114.3456554,30.5123763
3684965660,114.3440615,30.5122773
3684965662,114.3427024,30.5126452
3684965667,114.3424772,30.5131551
3692819369,114.3452329,30.5269894
3692819370,114.3456604,30.5275037
3692819371,114.3469357,30.5271126
3717241826,114.3250127,30.6465723
3717243426,114.3192573,30.6438551
3717279126,114.3247873,30.6343811
3717279127,114.324173,30.6334071
3717279129,114.3231699,30.6311177
3717284537,114.34281,30.6649527
3717284540,114.3437903,30.6660514
3717829106,114.3147556,30.5031304
3722243884,114.355208,30.5122678
3722396180,114.3839613,30.6401277
3722396185,114.3874729,30.6418539
3725020167,114.3022214,30.5450464
3732339980,114.2486221,30.6100098
3732339988,114.2487416,30.6093867
3732361089,114.2388128,30.6210648
3732361093,114.2386982,30.6212138
3732361098,114.2445629,30.6215818
3732361107,114.2436317,30.6225846
3732361114,114.2436688,30.6227113
3732361115,114.2435753,30.6226823
3732361539,114.2516476,30.6249524
3732361543,114.2417819,30.6343223
3732365332,114.2575413,30.6265846
3732365333,114.2562563,30.6308537
3732372470,114.2205921,30.6192971
3732372477,114.2256362,30.6210038
3732372482,114.2283627,30.6219458
3732372485,114.2206862,30.6221749
3732372490,114.2307823,30.6227771
3732372494,114.2278553,30.623109
3732372499,114.2279806,30.6232889
3732372501,114.2277656,30.6233275
3732372504,114.2327746,30.6234659
3732372505,114.2244865,30.6234764
3732372510,114.2272353,30.6244147
3732372513,114.235966,30.6246705
3732372514,114.2238121,30.6249473
3732372515,114.2296709,30.6252481
3732372516,114.2200976,30.6250699
3732372517,114.2316664,30.6259478
3732372518,114.2233208,30.6261016
3732372519,114.2290515,30.6265648
3732372520,114.226076,30.6269782
3732372521,114.2310736,30.6271801
3732372522,114.228615,30.6274318
3732373427,114.2326268,30.62889
3732414486,114.2787861,30.6740067
3732414496,114.2822263,30.6768864
3732417022,114.228491,30.6315009
3732417023,114.2290662,30.6315667
3732462438,114.2274991,30.6340908
3732462441,114.2283124,30.6342432
3732462455,114.227408,30.6355378
3734086270,114.1910656,30.5859426
3734086275,114.1919993,30.5888176
3734086278,114.1972778,30.5896222
3734086280,114.1936527,30.5911616
3734092007,114.1920235,30.6051734
3734092008,114.1900549,30.6056914
3734092009,114.1884143,30.6061007
3734092010,114.1930579,30.6066539
3734092013,114.1906712,30.6072927
3734092014,114.1952587,30.6075546
3734092015,114.18899,30.6077313
3734092016,114.1940319,30.6080607
3734092017,114.1934916,30.6082664
3734092019,114.191333,30.6088498
3734092021,114.1892251,30.609327
3734092023,114.1871326,30.6098333
3734096425,114.1938329,30.610231
3734096426,114.191635,30.610499
3734096427,114.1872381,30.6106581
3734096428,114.1894575,30.6107593
3734096430,114.1872869,30.6110398
3734096431,114.1969716,30.6115176
3734096432,114.1796618,30.6115465
3734096433,114.1941124,30.6117908
3734096434,114.1919023,30.6120715
3734096435,114.1897154,30.6123492
3734096441,114.1969344,30.6153795
3734096442,114.1881003,30.6160263
3734096445,114.1803296,30.6166038
3734097209,114.2102713,30.6027359
3734097211,114.2055831,30.6042347
3734097214,114.196779,30.6070566
3734111094,114.2089097,30.5703929
3756850074,114.3949772,30.629003
3756850075,114.3994881,30.6290067
3762099174,114.2649091,30.5523213
3762099185,114.2648513,30.5542129
3799105871,114.344553,30.5132694
3799158620,114.3353032,30.5096194
3799178041,114.3437523,30.511789
3799178051,114.3456421,30.5124987
3799178055,114.3339035,30.5148428
3799179958,114.330612,30.517664
3799206016,114.3106774,30.52506
3799279903,114.3139049,30.5230483
3799307713,114.3177073,30.5220095
3799307717,114.317793,30.5220074
3799313446,114.3176639,30.5218704
3799320408,114.3279046,30.5193629
3804452212,114.2544346,30.4875568
3822173753,114.23777,30.6076632
3822173754,114.2379665,30.6072058
3822173755,114.2385024,30.6073755
3822173857,114.2380754,30.6069202
3822173858,114.2386124,30.6070895
3822173866,114.2374294,30.6067459
3822173867,114.2379698,30.6066476
3822173875,114.237522,30.6060118
3822225891,114.2323027,30.629684
3822225895,114.2337023,30.6280707
3822225896,114.2340569,30.6276139
3822225902,114.2465935,30.6115407
3822227969,114.2654999,30.6068261
3822227971,114.2633894,30.6097808
3822227972,114.2634279,30.6098684
3822227978,114.2636858,30.6095925
3822227982,114.2656622,30.606886
3822227987,114.2661649,30.603879
3822227989,114.2661258,30.6011197
3822229319,114.246887,30.6117398
3822229323,114.246347,30.6117998
3822229324,114.2469486,30.6111877
3822229326,114.2468805,30.6116354
3822229334,114.2518901,30.6147256
3822229339,114.2494169,30.6135739
3822229340,114.2481558,30.6126231
3822581259,114.2480815,30.6101202
3822581260,114.2487439,30.609694
3822581267,114.244308,30.613985
3822581268,114.2442596,30.6143893
3822581270,114.2444712,30.6141118
3822581274,114.2445765,30.6145514
3822581275,114.2440617,30.6146542
3822581276,114.243707,30.6147591
3822581281,114.2438229,30.6149471
3822581285,114.2444038,30.6148217
3822581286,114.2436946,30.6144748
3822581287,114.2439052,30.614209
3822581290,114.234237,30.6098828
3822581300,114.237796,30.6076027
3822581301,114.238522,30.6078121
3822581305,114.242656,30.6095347
3822581307,114.2464574,30.6113696
3822581308,114.2466451,30.6114857
3822581309,114.2395373,30.6055837
3822581311,114.2386117,30.6078396
3822581312,114.2385821,30.6079074
3822581314,114.2373357,30.6109098
3822581315,114.2371789,30.6111617
3822581400,114.2580445,30.5966768
3822581402,114.2580207,30.596547
3822581403,114.2577627,30.5965842
3822581404,114.2662747,30.5987174
3822581405,114.2664364,30.5983967
3822581407,114.2664226,30.5987811
3822581408,114.2662259,30.5988214
3822581409,114.2662354,30.5991877
3822581410,114.2661228,30.59913
3822581413,114.2659781,30.5987149
3822581416,114.2667938,30.5990724
3822583395,114.2394474,30.6055577
3824026474,114.2313781,30.6058132
3824026475,114.2312571,30.605699
3824026476,114.2315025,30.6057188
3824026477,114.2379136,30.6093711
3824026478,114.2347103,30.6084521
3824026479,114.2347364,30.6083748
3824026480,114.2379396,30.6093033
3824033004,114.2574281,30.6044094
3824033005,114.2573801,30.6045382
3824033006,114.2575664,30.6045649
3824033019,114.2603554,30.5851387
3824033020,114.2601813,30.5852561
3842095840,114.3607031,30.5466519
3859970557,114.3410827,30.6111055
3859979679,114.3583261,30.6114709
3859979682,114.3564191,30.6142184
3874109285,114.2914642,30.6044112
3874109287,114.2948978,30.6037624
3875830511,114.2580447,30.4759646
3875830517,114.2492288,30.482574
3875830518,114.2485692,30.4807984
3875830524,114.2579731,30.4758207
3916009589,114.394296,30.5682208
3916334970,114.3724229,30.5875924
3918617112,114.371448,30.5886127
3955578662,114.2572245,30.6185374
3955578663,114.2576968,30.6183838
3955578665,114.2575256,30.6189255
3955578666,114.2576205,30.6186253
3955578671,114.2577202,30.6186475
3955578672,114.2580202,30.6190502
3955578675,114.2575252,30.6193125
3955578676,114.2574106,30.6192898
3955578679,114.2571867,30.6188401
3955578685,114.2581816,30.6187499
3955578687,114.2580902,30.6190678
3955578688,114.2570934,30.6188166
3955578694,114.2571687,30.6185251
3955578695,114.2484862,30.6164382
3955578698,114.2486329,30.616066
3955578699,114.2569942,30.6209973
3955578701,114.2565607,30.6226634
3955578706,114.2562761,30.6225777
3955578708,114.2568732,30.6209638
3955578709,114.2553307,30.625429
3955578716,114.2554242,30.6254957
3955578718,114.250828,30.618281
3955578719,114.2507065,30.6182436
3955578721,114.250849,30.6184961
3955578722,114.2522603,30.6189187
3955578723,114.2527223,30.6176695
3955578732,114.2536628,30.6191772
3955578733,114.2536165,30.6193216
3955625171,114.2018129,30.5576796
3966495425,114.2254277,30.5009635
3966495426,114.2261061,30.4966976
3969572085,114.303248,30.6249036
3969574963,114.2977025,30.6486169
3969574964,114.3110935,30.6537364
3972971335,114.2567063,30.5315647
3972971336,114.2520011,30.5349701
3972971337,114.2544772,30.5331844
3972971338,114.2520144,30.5307717
3974639545,114.2889049,30.5941835
3974639546,114.2890205,30.594305
3974639547,114.2887988,30.5943348
3974639549,114.2889324,30.5944595
3974640384,114.2875051,30.5968126
3974640385,114.2876039,30.5969317
3974640387,114.2872417,30.5970557
3974640388,114.2873458,30.5971556
3974663149,114.2934511,30.6020923
3974663150,114.2936284,30.602244
3974663151,114.2933937,30.6024166
3977329418,114.352345,30.5405905
3999821875,114.2759892,30.4724692
4033245965,114.1724774,30.6209819
4033245975,114.1724708,30.6210883
4050649060,114.3049322,30.5719134
4050649061,114.3049789,30.5720093
4050649062,114.2396199,30.5736489
4050649063,114.2685466,30.5936981
4050649066,114.2522918,30.6151003
4050649067,114.2389745,30.6211801
4050649068,114.2927311,30.6211756
4050649069,114.292577,30.6212452
4050649070,114.2388834,30.621294
4050649071,114.2929594,30.6213815
4050649072,114.2928078,30.6214463
4050649073,114.23716,30.6234918
4050649074,114.2354733,30.6257618
4050649075,114.2807442,30.6264692
4050649077,114.3070813,30.6300267
4050649078,114.3071681,30.6300833
4050649081,114.3024361,30.6314508
4050649082,114.3006736,30.6317558
4050649083,114.3024689,30.6322905
4050649084,114.3024284,30.632653
4050649085,114.2563271,30.6332632
4050649086,114.3247803,30.6466132
4050649087,114.2985992,30.6523755
4050649088,114.2986303,30.6524982
4050653691,114.3099862,30.6567951
4050653692,114.3136454,30.6580528
4050653693,114.3177428,30.6589804
4052353031,114.3488909,30.5331548
4052353034,114.3493022,30.533048
4052778594,114.3648694,30.5435307
4052821769,114.3371218,30.5579883
4052824491,114.3274498,30.5518627
4052824494,114.3172497,30.5551937
4054718328,114.4591945,30.4751224
4054718330,114.45995,30.475119
4054718333,114.4604028,30.4751522
4054718336,114.4604065,30.4749216
4054718339,114.4599452,30.4749551
4054718343,114.458683,30.4749455
4054718344,114.4585965,30.4749448
4054718346,114.4586839,30.4751229
4054718347,114.4585974,30.475123
4054718357,114.4608391,30.4750325
4054718366,114.4656827,30.476298
4054718370,114.4680223,30.4764431
4054718373,114.4702639,30.4764295
4054718380,114.4684628,30.4759398
4054718383,114.4684676,30.4764404
4054718384,114.4680242,30.4784048
4054718386,114.4680176,30.4780642
4054718396,114.4651721,30.4757615
4054718400,114.4651428,30.476551
4054718405,114.4630833,30.4781865
4054718409,114.4632903,30.4773648
4054718410,114.4635071,30.4782194
4054718412,114.4634743,30.4774407
4054718415,114.4651267,30.4773905
4054718416,114.46329,30.4733935
4054718419,114.4630893,30.473147
4054718447,114.459194,30.4749489
4061038689,114.2601398,30.5566173
4062263458,114.3877956,30.5006942
4068066351,114.2325902,30.5101415
4068066746,114.2001696,30.5290848
4068066756,114.1975661,30.5324485
4068066761,114.194887,30.5340513
4068066784,114.1920171,30.5357458
4068238330,114.2383633,30.5121797
4069531653,114.2228567,30.6294159
4103995019,114.2695828,30.6065576
4104000619,114.2725529,30.6175231
4104000626,114.2699833,30.6220198
4104009763,114.2617971,30.6113392
4104009764,114.2619104,30.6113972
4123428331,114.4405369,30.4851297
4123428334,114.4418206,30.4820385
4123428338,114.4428528,30.4815875
4123428341,114.4422707,30.4799956
4123428346,114.4468577,30.4817813
4123428350,114.4443016,30.4797647
4123428352,114.4441626,30.4839841
4123428353,114.4431432,30.4843266
4123428354,114.4433913,30.4852802
4123428358,114.4403008,30.4866594
4123440797,114.4454616,30.4819141
4133842089,114.2992399,30.6076795
4149553620,114.3034198,30.65431
4154270306,114.2858847,30.5786532
4159413722,114.3571828,30.546553
4162357199,114.3498606,30.5339796
4181217433,114.3413691,30.5900569
4181217437,114.347402,30.5933582
4181217438,114.3398851,30.5911796
4181217439,114.343185,30.5929876
4181217442,114.3464737,30.5945337
4181217445,114.3442252,30.591594
4181217446,114.3357817,30.5901699
4181217448,114.3349947,30.5880025
4181217449,114.3366743,30.5890505
4181217450,114.3391926,30.5913198
4181217451,114.3373919,30.5896078
4181217452,114.3396999,30.5909367
4182085029,114.3285902,30.5189735
4182747485,114.3983283,30.5054852
4182747486,114.3976773,30.5041636
4182747503,114.3951319,30.5050879
4182760054,114.3063152,30.489598
4182760058,114.3069464,30.4896794
4182760059,114.3073267,30.4897463
4182760075,114.3050879,30.4890166
4182760086,114.3053714,30.4891003
4182794765,114.3017541,30.4912758
4182794767,114.3030317,30.4944171
4182794769,114.3036082,30.4944164
4182794776,114.3049736,30.4967769
4182794920,114.2991767,30.4897981
4182794921,114.3008547,30.4897922
4182794922,114.3008516,30.4908603
4182794924,114.3008536,30.4901764
4183073303,114.2998545,30.4847245
4183073306,114.2991259,30.4846717
4183263205,114.3034793,30.4871731
4183263206,114.3043116,30.4871429
4183263207,114.3052055,30.4870983
4197007127,114.311452,30.4950007
4197007128,114.311666,30.4949777
4197007137,114.3085892,30.4912108
4197007138,114.309161,30.4942634
4197007139,114.3094093,30.4943003
4197042117,114.3404156,30.586256
4197042118,114.3384493,30.5867625
4197064149,114.3395994,30.5939468
4197064151,114.3416829,30.594881
4197064152,114.3419429,30.5946002
4197064153,114.3430183,30.5952314
4197064155,114.3440003,30.5934328
4197064156,114.3491463,30.5987381
4197064157,114.3519736,30.594539
4197064159,114.3535903,30.5919649
4200233015,114.3489054,30.5914206
4200233022,114.3461944,30.5908286
4200233025,114.345253,30.5919254
4200233026,114.3457969,30.5911963
4200233027,114.3479888,30.5923702
4200233028,114.3427801,30.5890195
4204511113,114.3478986,30.5927095
4204511118,114.3492523,30.5909765
4204511119,114.3485354,30.5918947
4204511120,114.3501811,30.5927995
4208446727,114.3425991,30.5859128
4208446728,114.3420813,30.5857544
4208446738,114.3418965,30.5847944
4208446749,114.3405965,30.5853433
4208446753,114.341151,30.5857968
4208446754,114.3411078,30.5859241
4208446755,114.340908,30.5864122
4208446756,114.3418441,30.5861098
4208446757,114.3418842,30.5861814
4208446758,114.34222,30.5862795
4208446759,114.3419211,30.586001
4208446762,114.3419181,30.5857968
4208446772,114.3408517,30.585047
4208446774,114.341357,30.5855403
4208446775,114.3412908,30.5856421
4208446776,114.3410447,30.5860783
4208446778,114.3423956,30.5861337
4208446779,114.3411395,30.5846529
4208446781,114.3409754,30.5840942
4208446782,114.3411879,30.5846146
4208446783,114.3413512,30.5843541
4208446784,114.3419771,30.5846773
4208446788,114.3421113,30.584522
4208446789,114.3423361,30.5843517
4208946477,114.395732,30.5209381
4236726908,114.3102555,30.5668247
4236726910,114.3071638,30.5692999
4242305020,114.2917627,30.5859188
4242305021,114.2892629,30.5883442
4251921107,114.3750857,30.585133
4251921109,114.3759645,30.5851251
4251921119,114.3719696,30.5864978
4251921149,114.3782701,30.5845007
4251921158,114.374799,30.5855738
4251921174,114.394674,30.5682561
4251936181,114.415777,30.5373363
4251936182,114.4148055,30.5379811
4251936183,114.4182227,30.5361584
4251936184,114.4180086,30.536146
4251936185,114.4147134,30.5376221
4251936186,114.4156691,30.5372401
4251936187,114.4176124,30.5361881
4251936188,114.4181739,30.5357621
4251953592,114.3788153,30.5872975
4251953600,114.3914757,30.5699929
4251953603,114.3917375,30.5702463
4251953614,114.3914384,30.5704549
4251953618,114.3873948,30.5730674
4251953623,114.3876019,30.5731025
4251953633,114.406002,30.5440847
4251953634,114.4062324,30.5441428
4251953636,114.4100655,30.5405091
4251953637,114.4122603,30.5392955
4251976699,114.4220753,30.5231482
4254629150,114.3535194,30.5360605
4261883420,114.317195,30.5728124
4261883421,114.3158722,30.5739835
4261883432,114.2913808,30.5865774
4265783499,114.3729007,30.5307653
4265783518,114.3728863,30.5308289
4265829520,114.4010433,30.5303919
4265829521,114.4010855,30.5304316
4266567983,114.4538545,30.5426571
4266609479,114.4671856,30.5193356
4269200625,114.2718908,30.5459619
4269200635,114.2730738,30.5481362
4283634151,114.4720216,30.472651
4285954502,114.2751133,30.655935
4285954509,114.2755862,30.6601586
4285954518,114.2748675,30.6543492
4285954527,114.2742821,30.6685862
4285954538,114.2757388,30.6608316
4285954550,114.2744274,30.6686481
4285954559,114.2550908,30.6609599
4285957102,114.2459368,30.6563384
4285957115,114.2738896,30.6697177
4285957144,114.2740371,30.668333
4285957158,114.2680209,30.6667872
4285957307,114.2823432,30.6677735
4285957311,114.2199107,30.6522045
4285957333,114.2738411,30.6698174
4285957340,114.2737572,30.6696731
4333453886,114.3086028,30.5683558
4353370983,114.3004521,30.5598686
4353370985,114.2997456,30.5577694
4360449878,114.2999559,30.5588621
4360449882,114.2997179,30.558071
4360488928,114.2872913,30.5779022
4360488929,114.2919461,30.5776754
4360489003,114.2974935,30.5615574
4360489047,114.3099008,30.5578944
4360489051,114.3083136,30.558102
4360538741,114.3043132,30.558525
4360538744,114.306939,30.5582376
4360538745,114.3075582,30.5581743
4360538747,114.3075518,30.5597355
4360538748,114.306589,30.5580889
4360538749,114.3065272,30.5572789
4360538750,114.3054459,30.558383
4360538751,114.3053594,30.5573836
4360538752,114.3065081,30.5595783
4360538753,114.306615,30.5583631
4360538849,114.3071689,30.557047
4516215262,114.3160879,30.5414202
4516217255,114.2617948,30.5658845
4516217337,114.2423728,30.5595208
4516217357,114.2245658,30.567939
4516217367,114.2605523,30.5557202
4516217402,114.247356,30.5575554
4516217466,114.2618149,30.56597
4516217487,114.2624559,30.5657622
4516217491,114.2234882,30.5636744
4516217646,114.2624711,30.5687099
4516217708,114.2337142,30.5660602
4516217728,114.2178754,30.5710974
4516243227,114.3019356,30.5429045
4516243230,114.3289882,30.5621677
4516243231,114.3320858,30.5870376
4516243237,114.3194089,30.5829983
4516243239,114.3262039,30.5579657
4516243241,114.3314414,30.5580662
4516243243,114.3467001,30.5749019
4516243245,114.3466635,30.5748357
4516243251,114.3391997,30.5822235
4516243257,114.3138673,30.5461021
4516243272,114.3204716,30.5842419
4516243277,114.3285868,30.5932992
4516243278,114.3257864,30.5907796
4516243281,114.332486,30.5870917
4516243283,114.3220183,30.5860406
4516243284,114.3322983,30.58721
4516243296,114.3324917,30.5604072
4516243301,114.3131937,30.5560912
4516243303,114.3221028,30.5859872
4516243304,114.3238839,30.5880961
4516243306,114.3407939,30.579745
4516243314,114.3172942,30.5463415
4516243336,114.3127893,30.5460144
4516243337,114.3382057,30.5477124
4516243339,114.3305529,30.5488485
4516243341,114.3501111,30.5725644
4516243345,114.3408418,30.5540698
4516243351,114.3390918,30.5822123
4516243353,114.3360083,30.55621
4516243354,114.3326604,30.561551
4516243365,114.3425171,30.547955
4516243371,114.3200574,30.57675
4516243372,114.3106848,30.5457687
4516243374,114.3418083,30.5782022
4516243376,114.3422701,30.584416
4516243382,114.3327218,30.586938
4516243391,114.3257716,30.559878
4516243409,114.3416524,30.605856
4516243413,114.344259,30.6083326
4516243417,114.317291,30.540703
4516243418,114.3391642,30.5822615
4516243421,114.3216465,30.5855894
4516243422,114.293887,30.5486215
4516243423,114.3191125,30.5464647
4516243427,114.3225529,30.5865259
4516243433,114.3133805,30.5460689
4516243435,114.3026836,30.5474462
4516243449,114.3261656,30.5911695
4516243456,114.3417602,30.5782425
4516243457,114.33573,30.556316
4516243464,114.342667,30.5533769
4516243465,114.3378603,30.602218
4516243469,114.3033091,30.547299
4516243486,114.3500335,30.5726582
4516243495,114.3127488,30.5458963
4516243498,114.3262852,30.5910894
4516243500,114.3261975,30.5910016
4516243501,114.3180433,30.5404646
4516243506,114.3468239,30.574819
4516243510,114.3341119,30.5787625
4516243513,114.331313,30.5581122
4516243523,114.3495599,30.554248
4516243530,114.3236558,30.5882582
4516243539,114.3290244,30.5893219
4516243541,114.3467856,30.5747449
4516243542,114.3131888,30.546054
4516243551,114.3280819,30.5928139
4516243559,114.3319657,30.5874125
4516243563,114.3325997,30.5617277
4516243565,114.3162099,30.5792823
4516243567,114.3485066,30.5515341
4516243570,114.3430874,30.5849758
4516243572,114.323824,30.5881479
4516243573,114.3161506,30.5792196
4516243574,114.3353398,30.5998673
4516243576,114.32123,30.585084
4516243585,114.3477643,30.548243
4516243593,114.3454155,30.5865845
4516243599,114.3406943,30.5798983
4516243601,114.3335791,30.5610299
4516243610,114.3312688,30.5580181
4516248184,114.3702106,30.5306824
4516248589,114.3507025,30.5360737
4516248596,114.3902552,30.5332031
4516248609,114.3698332,30.5307188
4516248621,114.3699894,30.5308733
4516248637,114.3697334,30.5303126
4516248646,114.384716,30.5333195
4517322335,114.331349,30.5432732
4517322338,114.329035,30.5352447
4517322341,114.3289206,30.5392564
4517322342,114.3383549,30.5316744
4517322343,114.338429,30.5318294
4517322350,114.3272975,30.5394717
4517322366,114.2727906,30.5484932
4517322370,114.2733167,30.5485773
4517322371,114.269354,30.5475911
4517323595,114.2791586,30.5592839
4517323600,114.2794338,30.560881
4517328368,114.3057371,30.5617653
4517328376,114.3043855,30.5585159
4517328379,114.304164,30.557409
4517328381,114.3041485,30.5573077
4517328385,114.3099306,30.5694719
4519138593,114.2130315,30.5036605
4519138598,114.2137833,30.504618
4519170201,114.2712468,30.5856975
4519170206,114.2425806,30.566169
4519170217,114.180215,30.5720527
4519170220,114.1826345,30.5683871
4519170228,114.1823406,30.5682754
4519170232,114.1674999,30.5669666
4519170249,114.2362967,30.5544542
4519170251,114.2478811,30.580168
4519170254,114.246074,30.5741871
4519170264,114.1770673,30.5738266
4519170265,114.2358107,30.5538998
4519170276,114.246619,30.5797358
4519170281,114.2714556,30.5854382
4519170288,114.2329844,30.5532719
4519170299,114.2349962,30.5526373
4519170302,114.2428374,30.5660483
4519170305,114.1810426,30.5680902
4519170306,114.2353832,30.5529102
4519170338,114.2073875,30.5635967
4519229445,114.1969814,30.6117086
4519229451,114.2396239,30.613688
4519229456,114.2135092,30.6091583
4519229459,114.2134511,30.6093598
4519229464,114.2294652,30.6128468
4519229467,114.2309927,30.6092164
4519229476,114.2540757,30.599188
4519229482,114.2145354,30.6046907
4519229486,114.2360166,30.6019549
4519229487,114.2163347,30.6072594
4519229589,114.2175685,30.6041197
4519229590,114.2237374,30.608653
4519229591,114.2172918,30.6052001
4519229592,114.1968257,30.6117282
4519229599,114.2244457,30.6102604
4519229604,114.2282814,30.6084799
4519229611,114.2148028,30.6048201
4519229623,114.1875398,30.6128169
4519229626,114.1919273,30.6122589
4519229627,114.1897368,30.6124742
4519229637,114.2147244,30.6046951
4519229638,114.1941344,30.6119786
4519229654,114.227886,30.6080223
4519229661,114.2401742,30.6129104
4519229668,114.2369019,30.6113961
4519229672,114.23953,30.6053756
4519229677,114.2296034,30.6088059
4519229680,114.2294716,30.6088751
4519229681,114.2173862,30.6052186
4519229682,114.2140791,30.6070829
4519229800,114.251354,30.6011958
4519229802,114.2808867,30.5901431
4519229803,114.2764189,30.5903064
4519229805,114.2763583,30.5902425
4519229809,114.2440737,30.6003044
4519229830,114.2381886,30.6157158
4519229833,114.2146246,30.6046755
4519229836,114.2142413,30.6071155
4519242545,114.2769816,30.6194383
4519242547,114.277532,30.6152236
4519242551,114.2761675,30.6129581
4519242557,114.2749067,30.6141544
4523403987,114.2570502,30.540285
4523404097,114.2608954,30.5450637
4523404110,114.2504489,30.5403428
4523404125,114.2387608,30.5214189
4523404137,114.2538795,30.5399878
4523404147,114.2553892,30.5421563
4523404164,114.2388154,30.5212644
4523404168,114.2545323,30.5409996
4523404182,114.2557395,30.542286
4523404296,114.2543526,30.5403115
4523470648,114.3040896,30.6099402
4523470651,114.30718,30.6088095
4523470652,114.3057458,30.6483278
4523470654,114.338677,30.6591349
4523470655,114.3049942,30.6114515
4523470659,114.312235,30.6506378
4523470661,114.3021381,30.6104713
4523470663,114.3029648,30.647333
4523470665,114.3005968,30.6109689
4523470666,114.2801122,30.6359543
4523470668,114.3083457,30.6083057
4523470670,114.2772404,30.5676798
4523470672,114.2889971,30.5886197
4523470675,114.3021706,30.6105359
4523470677,114.3040145,30.6098885
4523470679,114.2866596,30.6386568
4523470680,114.2907739,30.6404051
4523470682,114.3095817,30.6179659
4523470684,114.3022819,30.6104742
4523470688,114.3341263,30.6595288
4523471893,114.3040011,30.6099694
4523471894,114.3184641,30.6528745
4523471898,114.3058413,30.6093214
4523471901,114.2804623,30.6360836
4523471902,114.2771104,30.567837
4523471905,114.3312511,30.6591548
4523471907,114.3327844,30.6593543
4523471908,114.3282039,30.6561208
4523471915,114.2888179,30.5888041
4523471917,114.3084439,30.6082613
4523471919,114.3055903,30.6124621
4523471920,114.3220478,30.6543743
4523471923,114.3006725,30.6110641
4523471928,114.3047599,30.6143726
4523471930,114.3252354,30.6565916
4523471931,114.3147854,30.6515398
4523471932,114.3288394,30.6574379
4523471933,114.3351729,30.6569902
4523487468,114.2894447,30.6351285
4523487471,114.3164988,30.6555141
4523487472,114.2919778,30.6378718
4523487473,114.2886628,30.6395159
4523487474,114.2931559,30.6380043
4523487475,114.288925,30.637068
4523487476,114.2924694,30.6494862
4523487477,114.2923157,30.6494033
4523487692,114.293867,30.6366119
4523487693,114.2864425,30.6460905
4523487699,114.3290466,30.660463
4523487708,114.3209006,30.6556848
4523487709,114.2897004,30.6373453
4523487712,114.318433,30.6549096
4523487714,114.3286379,30.6607982
4523487725,114.3158867,30.6588377
4523487728,114.3208362,30.6547527
4523487731,114.3158308,30.6589531
4523487732,114.3288264,30.6607533
4523487738,114.2945114,30.6428847
4523487745,114.2905678,30.6355166
4523487748,114.2906238,30.6353779
4523487750,114.3297013,30.6596534
4523487752,114.2904629,30.6373442
4523487757,114.3182666,30.6548809
4523487765,114.292379,30.6493035
4523487779,114.2924966,30.6490375
4523487782,114.2888903,30.6391273
4523487785,114.2838076,30.64379
4523487788,114.2925877,30.6490929
4523487795,114.2932948,30.6461254
4523487801,114.2895536,30.6376682
4523487806,114.2944006,30.6500215
4524689850,114.3609882,30.6320108
4524689852,114.3505092,30.6215509
4524689853,114.3860334,30.6214886
4524689854,114.3520989,30.6201371
4524689857,114.3432137,30.5980096
4524689858,114.384579,30.6214839
4524689865,114.3618227,30.6049838
4524689870,114.3455505,30.6005527
4524689873,114.3561256,30.6142382
4524689876,114.3485781,30.6117158
4524691291,114.381267,30.6438015
4524691292,114.338519,30.6134274
4524691295,114.3521568,30.6188703
4524691298,114.3490249,30.6037994
4524691301,114.3555493,30.6171985
4524691303,114.3904777,30.6214738
4524691317,114.3639632,30.6138448
4524691323,114.3596257,30.6084806
4524691326,114.3592877,30.6199133
4524691327,114.355141,30.6164005
4524691330,114.3572673,30.6125874
4524691343,114.3550538,30.6171593
4524691344,114.3574205,30.6184176
4524691360,114.3534829,30.6157303
4524691373,114.399582,30.6214613
4524691379,114.3741605,30.6291662
4524691384,114.3711954,30.5833815
4524691387,114.3319904,30.5967799
4524691390,114.3553518,30.6167207
4524691392,114.3482768,30.6116002
4524691394,114.3981463,30.6214679
4524691404,114.3684851,30.6159246
4524691408,114.3530379,30.6187931
4524691413,114.3568476,30.6130944
4524691418,114.3588703,30.6106278
4524691424,114.4182435,30.5091479
4524691428,114.3994848,30.6214643
4524691433,114.385178,30.6456025
4524691444,114.3567183,30.6224955
4524691448,114.3551772,30.6159029
4524691449,114.3598154,30.6090197
4524691456,114.3537974,30.6156203
4524691462,114.3320729,30.5967171
4524691464,114.3616734,30.6214414
4524691470,114.3499902,30.621771
4524691475,114.361531,30.6214848
4524691477,114.3535473,30.6187533
4524691480,114.3509202,30.6137587
4524691482,114.3544365,30.6169849
4524791219,114.4182151,30.5090019
4524791224,114.418653,30.5022228
4524791227,114.3719825,30.5854126
4524791231,114.3698199,30.5817463
4524791274,114.3713999,30.5839172
4524791279,114.4219107,30.520213
4524791398,114.4221102,30.5221042
4524791413,114.4252644,30.5017453
4524791425,114.367474,30.5772311
4524791455,114.3177388,30.4605285
4524791460,114.3675639,30.5772132
4524791462,114.4217505,30.5019995
4524791476,114.3712858,30.5882519
4524874168,114.2905062,30.6592584
4524874179,114.2497206,30.6429741
4524874185,114.2487931,30.6412773
4524874187,114.1976926,30.6268062
4524874593,114.2907684,30.6599323
4524874620,114.1957416,30.6267315
4524874629,114.2417007,30.6555205
4524874649,114.2522909,30.6454864
4524874670,114.2652586,30.6530267
4524874681,114.2493093,30.6435742
4524874682,114.3995904,30.6276023
4524874695,114.287875,30.6640371
4524874696,114.2417548,30.6542446
4524874699,114.2417014,30.6543317
4524874706,114.2884651,30.6605255
4524874715,114.2885538,30.6606228
4524874747,114.3995919,30.6235646
4524874766,114.2914167,30.6621036
4524874823,114.3949843,30.6332755
4524874824,114.3859885,30.6332863
4524874843,114.2421034,30.654506
4524874856,114.3994592,30.6332766
4524874889,114.2421445,30.6544196
4524874905,114.256752,30.6466094
4524874906,114.3904979,30.6332814
4524874917,114.2906704,30.6600931
4524874920,114.2491813,30.6434611
4524874930,114.2500665,30.6422081
4524874948,114.294911,30.6646002
4524874949,114.2879952,30.6639563
4524874950,114.2966478,30.6663228
4524882310,114.4253785,30.5017356
4524882339,114.5658147,30.4981779
4524882371,114.4402955,30.4907662
4524882373,114.4344032,30.4918232
4524882381,114.4307518,30.4926456
4524882493,114.4252571,30.5016033
4524882503,114.4358418,30.4919968
4524882504,114.4253664,30.5016029
4524882513,114.4431308,30.5086958
4524882572,114.4346404,30.4920008
4525399227,114.4752205,30.4900249
4525399237,114.5079882,30.4916141
4525399238,114.507815,30.4916245
4525399269,114.5077932,30.492091
4525399299,114.5078274,30.49655
4525399319,114.4208594,30.4959247
4525399322,114.4165221,30.4941158
4525399332,114.5289621,30.4909264
4525399357,114.5286963,30.4909322
4525399362,114.4206248,30.4958923
4525399456,114.5078061,30.4914623
4525399457,114.4752625,30.4898783
4525429395,114.4586142,30.4781458
4525429415,114.5151607,30.4874649
4525429491,114.5077129,30.4786779
4525429500,114.5108995,30.4787172
4525429544,114.4397881,30.4791064
4525429608,114.5151606,30.4853979
4525429631,114.4361368,30.4789458
4525429646,114.515136,30.478722
4525429680,114.5151336,30.4809714
4525429681,114.5151648,30.4831729
4525429684,114.5079449,30.4787949
4525449183,114.5026532,30.4875838
4525449190,114.5109151,30.4875933
4525449205,114.5086019,30.4875804
4525449208,114.4266555,30.479548
4525449211,114.5417573,30.4874481
4525449228,114.4976042,30.4876011
4525449230,114.5216796,30.4875082
4525449346,114.4922738,30.4876232
4525449372,114.5079588,30.4875712
4525449376,114.5150033,30.4875482
4528317379,114.3719767,30.5862977
4532811147,114.4311313,30.4754206
4532811148,114.4307787,30.475175
4532847760,114.5641517,30.5070799
4532847767,114.5550322,30.5072509
4532847769,114.5511269,30.5082446
4532847959,114.5283174,30.463577
4532854685,114.5218516,30.4983541
4532854686,114.5208054,30.5012058
4532854688,114.5547486,30.5034196
4532855292,114.5579811,30.5020294
4532855293,114.5587447,30.5065748
4532890405,114.5000233,30.5504222
4532890410,114.50065,30.5520411
4532890413,114.4984515,30.557456
4532890418,114.5024209,30.5547123
4532890421,114.5059933,30.5572119
4532910574,114.2479022,30.6454466
4532970302,114.3203757,30.645406
4532970303,114.3196204,30.6458495
4532970304,114.3173935,30.6455096
4532970328,114.3189202,30.6466395
4532970329,114.3183137,30.6466992
4532970330,114.317071,30.6450927
4532970378,114.3179062,30.6484446
4532970379,114.3174529,30.6488082
4532970412,114.2999633,30.6584017
4532970413,114.2981028,30.6455212
4532987094,114.212527,30.6236268
4532987099,114.2118839,30.626157
4532987110,114.2134221,30.6204664
4532987111,114.2062124,30.620511
4532987112,114.2078471,30.6201604
4532987141,114.1857268,30.5906372
4533346268,114.3494539,30.5835087
4534553725,114.1876377,30.535896
4534553726,114.1883004,30.5364524
4534553728,114.1875043,30.5353442
4534666335,114.2026068,30.5509142
4534666336,114.2007427,30.547949
4534666342,114.2085175,30.5519703
4534666347,114.206253,30.5528492
4534666349,114.207916,30.556046
4534666359,114.2344889,30.5228072
4534666367,114.2199242,30.5295766
4534666383,114.2207671,30.5297509
4534667098,114.2205497,30.530462
4534667106,114.2310923,30.5325516
4534667110,114.2244954,30.5230813
4534667112,114.2206168,30.5179076
4534667116,114.2046107,30.5272166
4534667117,114.2068937,30.5245021
4534667120,114.2004246,30.5283173
4534667139,114.2097849,30.5237817
4534667142,114.2096997,30.5232179
4534667157,114.2025181,30.5223518
4534712534,114.3238068,30.4625637
4534712540,114.3250816,30.4605321
4534712558,114.3238229,30.4629902
4534772652,114.1880939,30.5359304
4534772656,114.1990429,30.5522729
4534772674,114.1961539,30.5669955
4534772676,114.1961345,30.5669128
4534772800,114.1850046,30.5529122
4534772814,114.1956729,30.5612117
4534772843,114.186165,30.5480542
4534772857,114.189707,30.5505236
4534772863,114.1897579,30.550442
4534772875,114.1960319,30.5670224
4534772881,114.2005559,30.5659509
4534772989,114.199674,30.545049
4534772995,114.1898163,30.5504811
4534773012,114.1917877,30.5517538
4534773028,114.1845285,30.5311623
4534773029,114.1943834,30.5540245
4534773031,114.189652,30.5504862
4534773033,114.1877926,30.5360978
4534773195,114.1849853,30.5528587
4534773219,114.1960146,30.566937
4534773222,114.1956616,30.5473875
4534773223,114.1957647,30.56353
4534773224,114.1958697,30.5612104
4534773227,114.1956263,30.5473091
4534773247,114.1879412,30.535754
4534773267,114.2048493,30.5644355
4534773274,114.1958972,30.5471004
4534895081,114.4425176,30.4905675
4534895082,114.4311317,30.4783678
4534895087,114.4306231,30.4789153
4534895089,114.4306546,30.479164
4534895093,114.4312906,30.4797225
4534895105,114.4670564,30.4654174
4534895110,114.46773,30.4647815
4534895111,114.4677603,30.4659907
4534895116,114.4683357,30.4654202
4534945182,114.4976443,30.4914151
4534945183,114.5077184,30.4787976
4534945186,114.5081415,30.4808546
4534945187,114.5081426,30.4812047
4534945196,114.5077811,30.4875704
4534945197,114.5071097,30.4875162
4534945198,114.5070996,30.4875719
4534945208,114.4330804,30.4922153
4534994332,114.5288878,30.4785664
4534994334,114.4759943,30.4782014
4534994335,114.5216544,30.4757736
4534994348,114.5216823,30.4874406
4534994349,114.5360642,30.4831741
4534994354,114.3251186,30.5006383
4534994360,114.5216784,30.4786835
4534994364,114.3084759,30.5086068
4534994388,114.3083085,30.5049474
4534994697,114.3267917,30.4837437
4534994698,114.3083855,30.5067344
4534994699,114.3247485,30.4985616
4534994703,114.3201028,30.4996255
4534994727,114.5657806,30.4979991
4534994733,114.5327185,30.4831851
4534994738,114.4922745,30.4780488
4534994740,114.5151363,30.4786036
4534994757,114.5286976,30.4786652
4534994773,114.5423963,30.4853154
4534994780,114.5328306,30.4809146
4534994796,114.308258,30.5034218
4534994797,114.436156,30.4792267
4534994800,114.5393794,30.4831991
4534994833,114.3151561,30.4996685
4534994841,114.532827,30.4831843
4534994846,114.3296737,30.4975667
4534994864,114.335229,30.4961747
4534994865,114.309524,30.4996777
4534994866,114.4892826,30.4778326
4534994867,114.5362028,30.4830646
4534994886,114.3085099,30.5094348
4534994889,114.4311669,30.4788833
4534994913,114.3085368,30.510293
4534994915,114.3253026,30.501464
4534994922,114.5288885,30.4786624
4534994932,114.3273526,30.490086
4534994946,114.3085147,30.5096819
4534994951,114.5216788,30.4785729
4534994954,114.5361715,30.4831747
4534994956,114.3354519,30.49611
4534994969,114.3088562,30.5017136
4534994997,114.3247103,30.4987041
4534995006,114.5416592,30.487384
4534995013,114.3297309,30.4974499
4534995020,114.5434671,30.4832191
4534995022,114.3261085,30.5052912
4534995043,114.3291401,30.495812
4534995046,114.5433936,30.4831055
4534995055,114.4313294,30.4788728
4534995069,114.3296497,30.4974741
4534995074,114.5433544,30.4832187
4534995076,114.5327938,30.4762572
4534995083,114.5217875,30.4785666
4534995089,114.5217872,30.4786833
4534995096,114.3085695,30.5112404
4534995103,114.5216759,30.4809849
4534995104,114.5216731,30.4831851
4534995108,114.5416485,30.4874505
4534995115,114.3121751,30.4996996
4534995118,114.528695,30.4785664
4534995120,114.547739,30.4830829
4534995142,114.4976363,30.4784419
4534995152,114.5444268,30.4808828
4534995164,114.4758184,30.4782062
4534995181,114.5403943,30.4974452
4534995291,114.5216964,30.4854166
4535043715,114.5128601,30.5364251
4535043725,114.501107,30.5361552
4535043726,114.4984451,30.5365252
4535043730,114.4980054,30.5369999
4535043734,114.4772146,30.535777
4535043736,114.4784876,30.5356817
4535081777,114.3920371,30.6393087
4535081779,114.393215,30.6399393
4535081782,114.3898833,30.6382325
4535082610,114.3863765,30.6366285
4535082611,114.3855547,30.6362301
4535082613,114.3814565,30.6336799
4535082614,114.3813231,30.6336123
4535082615,114.3808591,30.6333114
4535082616,114.3778177,30.6314158
4535082617,114.3730462,30.6392309
4535099585,114.3135237,30.6171708
4535099586,114.308161,30.6197915
4535099587,114.310365,30.6186697
4536372800,114.213416,30.6095652
4537595042,114.1976678,30.5323899
4537595044,114.2009209,30.538187
4537595084,114.1937658,30.5255468
4537595420,114.2162667,30.512123
4537595478,114.2016006,30.5202982
4537595485,114.212404,30.5140417
4537595494,114.2074119,30.5168408
4537595505,114.1937174,30.5254838
4537615877,114.3314365,30.4611847
4537626338,114.3268585,30.4657715
4537626495,114.3271155,30.4655695
4539343757,114.3236169,30.5493658
4539343759,114.290052,30.5072721
4539343771,114.325606,30.5365924
4539343775,114.364253,30.5212978
4539343777,114.2937693,30.5255941
4539343781,114.3364977,30.5462936
4539343786,114.3205216,30.5465713
4539343788,114.3082076,30.5276949
4539344291,114.27038,30.4824455
4539344292,114.2932444,30.5213842
4539344296,114.3203188,30.5484586
4539344307,114.2958824,30.5297481
4539344310,114.32527,30.5491117
4539344313,114.3247827,30.546879
4539344315,114.2960567,30.5331668
4539344316,114.3247602,30.5467988
4539344319,114.2936058,30.5201157
4539344321,114.2933237,30.5055419
4539344325,114.2933264,30.5039537
4539344333,114.2704668,30.4825725
4539344341,114.324427,30.5488161
4539344344,114.3378578,30.5457784
4539344348,114.3180119,30.5510705
4539344353,114.3644565,30.5215265
4539344357,114.2947322,30.5237241
4539344359,114.3191328,30.5489828
4539344360,114.2925994,30.5237305
4539344363,114.3257655,30.5365223
4539344369,114.2936241,30.5238395
4539344372,114.2933905,30.5127516
4539344375,114.3355479,30.5431116
4539344380,114.3081936,30.5269547
4539344388,114.3215058,30.5491724
4539344390,114.2912559,30.5086784
4539344395,114.3266425,30.5483911
4539344402,114.2959479,30.5343844
4539344406,114.2948272,30.5202374
4539344411,114.2930484,30.5236534
4539344415,114.293083,30.5202887
4539344422,114.3121044,30.5386532
4539344423,114.3181935,30.5489453
4539344424,114.3643532,30.521267
4539344432,114.3241823,30.5491515
4539344434,114.2932122,30.5347662
4539344439,114.295071,30.5282629
4539344443,114.3079819,30.5276597
4539344453,114.3121662,30.5380162
4539344454,114.3255229,30.5364582
4539344457,114.3185361,30.5464303
4539344459,114.3645592,30.5214975
4539353913,114.3062103,30.6343032
4539353916,114.2604828,30.605395
4539353919,114.2938847,30.6301276
4539353922,114.2598833,30.6050297
4539353923,114.3041691,30.6335265
4539353925,114.302454,30.6317967
4539426485,114.2368113,30.6042125
4539426488,114.2575764,30.6045087
4539426607,114.2575047,30.6046966
4539426639,114.2620115,30.6113255
4539426644,114.2652906,30.6122551
4539426650,114.2365521,30.6035019
4539426660,114.2618914,30.611263
4539426664,114.2651351,30.6122616
4539465296,114.2663206,30.6432534
4539465301,114.2649513,30.6514029
4539465305,114.2676831,30.6441738
4539844094,114.2940858,30.6698293
4539844575,114.2946901,30.6682547
4539844578,114.3111945,30.6769494
4539844583,114.2748344,30.6578098
4540132015,114.2287102,30.6494177
4540132016,114.2310532,30.6466189
4540132020,114.2580722,30.6516673
4540132054,114.2858612,30.6806278
4540133293,114.2585785,30.6556323
4540133295,114.265917,30.6615689
4540133306,114.2491616,30.6512819
4540133307,114.2481655,30.6529602
4540133313,114.2686727,30.6606299
4540133321,114.2340209,30.6484154
4540133330,114.25968,30.648927
4540133337,114.2449727,30.64937
4540133339,114.2715161,30.6628231
4540133341,114.2707594,30.664769
4540133345,114.2563469,30.6546355
4540133350,114.2929494,30.6735288
4540133381,114.2452171,30.6495239
4540133407,114.2506596,30.6486169
4540133425,114.2491531,30.6579244
4540133438,114.2275599,30.651532
4540133448,114.2378721,30.653128
4540133485,114.238447,30.6495223
4540133500,114.2359136,30.6434111
4540133502,114.2331122,30.6424051
4540133509,114.233473,30.6468362
4540133530,114.2376959,30.646063
4540133545,114.2268137,30.6477511
4540133551,114.2551751,30.6608846
4540133566,114.2406608,30.6418515
4540133595,114.2458546,30.6562934
4540133602,114.2491169,30.6579977
4540133606,114.2492555,30.6513502
4540133609,114.2476942,30.6601564
4540133614,114.2959623,30.6712441
4540133615,114.2274928,30.6438663
4540133617,114.2480753,30.6528892
4540133638,114.2268795,30.6393035
4540133640,114.2507519,30.648666
4540133644,114.2470848,30.6467814
4540133654,114.2327103,30.6515203
4540133655,114.2444658,30.651149
4540133669,114.2317509,30.6515073
4540133671,114.2513947,30.6545811
4540133703,114.2893767,30.6714895
4540234732,114.2648316,30.5342588
4540234733,114.2734057,30.5485544
4540234734,114.2629343,30.5459115
4540234735,114.2694681,30.541489
4540234755,114.2574402,30.5440192
4540234760,114.2588063,30.544357
4540234761,114.2610447,30.5451308
4540235196,114.2548222,30.5391078
4540235200,114.2527046,30.5379873
4540235201,114.2522947,30.5375873
4540235207,114.2567326,30.5401528
4540235221,114.2528192,30.5411359
4540271829,114.2783058,30.6621835
4540338059,114.241946,30.617376
4540338071,114.2091238,30.6000341
4540338074,114.2006969,30.6112402
4540338082,114.2314285,30.6163446
4540338489,114.1968046,30.6037418
4540338490,114.2316491,30.6183981
4540338496,114.2035782,30.6079525
4540338500,114.2326748,30.6190557
4540338501,114.1994603,30.6112012
4540338507,114.2274595,30.614354
4540338508,114.200675,30.6110488
4540338518,114.1793277,30.6081996
4540338520,114.2588185,30.6269133
4540338534,114.2040311,30.6108199
4540338540,114.1932724,30.6048651
4540338550,114.1899921,30.6004658
4540338559,114.1986329,30.6064636
4540338563,114.2289976,30.6149859
4540338566,114.1932559,30.6046549
4540338579,114.1931354,30.6046816
4540338593,114.178804,30.6082928
4540338594,114.1789364,30.6082647
4540338595,114.1858796,30.6065366
4540338596,114.2290205,30.616847
4540338598,114.2303885,30.6182827
4540338607,114.1802314,30.6137218
4540338608,114.2039954,30.610632
4540338610,114.1988785,30.6080245
4540338617,114.1788945,30.6085648
4540338618,114.1976666,30.6078925
4540338627,114.2297585,30.6154097
4540338630,114.1800679,30.613742
4540338634,114.1862084,30.5952169
4540338637,114.1994628,30.6113958
4540338642,114.2384619,30.6215153
4540338644,114.2278887,30.6170132
4540338645,114.2364348,30.6200741
4540338647,114.2323847,30.6170218
4540338650,114.2516716,30.6248913
4540472539,114.3415281,30.5628362
4540472541,114.3256933,30.5363814
4540472545,114.3600293,30.5833419
4540472547,114.3599009,30.5834354
4540472571,114.4360234,30.5093117
4540472572,114.4360767,30.5092174
4540472577,114.4379639,30.5062546
4540472578,114.4379105,30.5063382
4540472579,114.4378353,30.5063088
4540474320,114.2317449,30.5191274
4540474321,114.2290918,30.515411
4540474322,114.2267875,30.5120101
4540474323,114.2241906,30.5083164
4540474331,114.2234927,30.5163324
4540474332,114.2269281,30.5035643
4541276609,114.4535843,30.5526187
4541276621,114.3817166,30.621682
4541276628,114.3740758,30.6162381
4541276631,114.3686789,30.6086064
4541276640,114.3943152,30.6216575
4541276653,114.361117,30.6320744
4541276684,114.3924431,30.6203953
4541277401,114.3529672,30.6263872
4541277403,114.3771974,30.6125735
4541277453,114.3728122,30.6179095
4541277467,114.3678692,30.6121651
4541277470,114.3695805,30.6141743
4541277471,114.366061,30.6188971
4541277473,114.3689102,30.6224475
4541277476,114.3754848,30.6407998
4541277490,114.3670387,30.6249195
4541277492,114.4597238,30.5570212
4541277493,114.3620076,30.6163869
4541277501,114.3712447,30.6197733
4541277505,114.3659165,30.6109648
4541277517,114.3802859,30.6218664
4541277562,114.3872593,30.5973412
4541277568,114.3817062,30.6214814
4541277569,114.3942683,30.6214632
4541277581,114.3647625,30.6125487
4541277590,114.3700176,30.6101361
4541277608,114.3717146,30.6106112
4541277614,114.378341,30.6241477
4541277620,114.3662811,30.6105756
4541277629,114.3711898,30.6197325
4541277661,114.3671466,30.6247752
4541277669,114.3950323,30.6214761
4541277683,114.3670379,30.6213175
4541277707,114.3610481,30.6321689
4541277719,114.3846115,30.6192794
4541277760,114.3755718,30.6406881
4541277766,114.3860814,30.6182083
4541277767,114.3709702,30.6199759
4541277779,114.381747,30.6256107
4541277784,114.381734,30.6276279
4541277892,114.3815916,30.6214776
4541277898,114.3698999,30.6212614
4541277899,114.3683195,30.6129648
4541277909,114.364298,30.6282388
4541277911,114.3699662,30.6212975
4541277960,114.3705223,30.6125171
4541277967,114.3802734,30.6213657
4541278092,114.3670511,30.624723
4541278096,114.3661729,30.6148842
4541278101,114.3660796,30.61507
4541278127,114.3995917,30.6311254
4541278130,114.367442,30.6078459
4541278148,114.3741618,30.6162877
4541278171,114.3807965,30.6216598
4541278306,114.3995902,30.6216537
4541278308,114.3835265,30.6075066
4541278338,114.367712,30.6169059
4541278361,114.4568539,30.5436054
4541278379,114.4074293,30.6216963
4541278385,114.3665173,30.6094135
4541278501,114.3834448,30.6073065
4541278504,114.390448,30.619224
4541278505,114.3658051,30.6108904
4541278508,114.3571678,30.6135422
4541278512,114.3687561,30.6084925
4541278514,114.3714486,30.6110291
4541278519,114.3835869,30.6073375
4541460508,114.2241827,30.6577446
4541460566,114.206182,30.6441265
4541460767,114.2101228,30.6485369
4541460914,114.2073534,30.6467921
4541460981,114.223745,30.6520118
4541644163,114.3524692,30.5750301
4541689039,114.4073356,30.6214888
4541689064,114.3710814,30.6018108
4541689067,114.3648152,30.5981225
4541689081,114.3767897,30.5923756
4541689891,114.3710902,30.5791555
4541697549,114.3179062,30.6379288
4541698702,114.3201135,30.5927465
4541698712,114.3213626,30.5942289
4542896310,114.2026144,30.522366
4544864897,114.3496582,30.5177885
4544864903,114.3488648,30.5191269
4565554181,114.4311934,30.4791205
4580519154,114.3717767,30.4972398
4644139100,114.3575799,30.5062696
4644139102,114.3575506,30.5078915
4644139103,114.3551012,30.5078902
4644139106,114.3550905,30.5096092
4644139109,114.3577187,30.5097288
4644139110,114.3584712,30.5110277
4644139111,114.3576301,30.5094763
4644139112,114.3567113,30.5090876
4644139113,114.3558494,30.5090946
4644139115,114.3567479,30.5082644
4644139121,114.3601832,30.5073608
4644139130,114.3600155,30.5103289
4703442133,114.2064597,30.6308087
4703442135,114.2162111,30.6308104
4703442136,114.2065533,30.6324342
4703442140,114.2158787,30.6333304
4703618035,114.1936303,30.6304737
4703618036,114.2022693,30.6301857
4703618037,114.2032459,30.6339222
4703618038,114.1926043,30.6335504
4703618039,114.2026075,30.6315606
4714717963,114.4021514,30.512868
4714717966,114.4022145,30.5125896
4725421669,114.2926644,30.5373034
4736395736,114.2314931,30.6488501
4736395743,114.2271749,30.6494452
4736395747,114.2340282,30.646268
4736395751,114.234188,30.6461129
4736395756,114.2344508,30.6458291
4736395757,114.2347733,30.6455043
4736395764,114.2290821,30.6421017
4736395765,114.2329261,30.6414725
4736395770,114.2394775,30.6438925
4736395772,114.2274986,30.6423217
4736395776,114.2282175,30.6475361
4736395785,114.2401911,30.6488893
4736395790,114.2432717,30.6518157
4736395792,114.2370562,30.652777
4736395796,114.2255566,30.6391437
4736395799,114.2257632,30.6425854
4736395809,114.2338792,30.6447711
4736395820,114.2328386,30.6405725
4736397129,114.2399583,30.6430632
4736397132,114.2276772,30.6448059
4736397134,114.22805,30.6432652
4736397136,114.2284777,30.6446703
4736397137,114.2290887,30.6460718
4736397139,114.2306343,30.6461418
4736397140,114.2279652,30.6462726
4736397141,114.2265584,30.6464958
4736397142,114.2260724,30.644106
4736397143,114.2277288,30.6450686
4736397144,114.2263121,30.6452846
4736397156,114.2283695,30.6381424
4736397157,114.2277672,30.6393415
4736397162,114.22712,30.6402953
4736397164,114.2253361,30.6405464
4736397166,114.2322186,30.6337907
4736397167,114.2298327,30.636122
4736397168,114.2311579,30.6370693
4736397170,114.2295597,30.6333359
4736397171,114.231327,30.6346778
4736397172,114.2309688,30.6350342
4736397173,114.2322621,30.6360044
4736397186,114.2327155,30.645532
4736397187,114.2305108,30.6459849
4736397189,114.2315153,30.6426516
4737495304,114.2422737,30.6391262
4737499993,114.227621,30.6517734
4737499997,114.2281328,30.6517475
4737499998,114.228134,30.6515102
4739304746,114.2262988,30.6392187
4739304747,114.2261997,30.6404147
4739304749,114.2276859,30.6433217
4739304750,114.2292855,30.6430736
4739304751,114.2292698,30.6429983
4739304754,114.2317441,30.6438024
4739304756,114.2323436,30.6449586
4739304757,114.2296403,30.6444735
4739304758,114.2295396,30.6441661
4739304759,114.2375226,30.6496146
4739304761,114.2386085,30.6504538
4739304762,114.2383907,30.6503674
4739304763,114.2312489,30.6314943
4739304765,114.231934,30.6305431
4739304773,114.2390213,30.6361927
4739304777,114.2311222,30.6315235
4739304789,114.2314913,30.6312141
4739304792,114.2311094,30.6316681
4739304793,114.2311216,30.630812
4739304812,114.2316056,30.6301678
4741651072,114.3508102,30.5683918
4741651094,114.3501167,30.5706424
4741651100,114.3479604,30.5739555
4741651103,114.3452513,30.5668998
4741651119,114.3475592,30.5722357
4741652422,114.3499318,30.5726376
4741652440,114.3481977,30.5702711
4741652445,114.3535408,30.5694762
4741652447,114.3539542,30.5698229
4741652450,114.3499671,30.5726894
4741652453,114.3534979,30.5685986
4741652455,114.3560161,30.5681532
4741696249,114.3118366,30.5554191
4741696262,114.3139478,30.5599913
4741696267,114.3111697,30.5553206
4741696280,114.3118654,30.5544094
4741696294,114.3120311,30.5554139
4741696296,114.3118558,30.5560058
4741696300,114.3139471,30.5599539
4741696307,114.3120346,30.5559979
4741696314,114.317976,30.5566731
4741696317,114.3120258,30.5552716
4741696422,114.3126036,30.5560274
4741713789,114.2560695,30.6063092
4741713798,114.257375,30.6049335
4741734913,114.247257,30.6173287
4741734917,114.2541053,30.6180656
4741734918,114.2508623,30.6273345
4741736323,114.2471247,30.6173327
4741736332,114.2605484,30.6280159
4741736333,114.2543387,30.6283404
4741736334,114.2517336,30.6249855
4741736336,114.2569783,30.6137938
4741736339,114.2478778,30.6162561
4741736344,114.2593219,30.6139552
4741736348,114.2508881,30.6183746
4741736351,114.2537192,30.6193502
4741736360,114.2472134,30.6174094
4741736367,114.2536496,30.6301876
4741736376,114.2516445,30.6187188
4741736387,114.2460513,30.6191131
4741736394,114.2582435,30.6103695
4741736395,114.2517616,30.6249134
4741736397,114.2522915,30.6188321
4741736405,114.2491196,30.6179273
4741736411,114.2477815,30.6161974
4741736414,114.2537651,30.6192044
4742252589,114.2896255,30.5269399
4742252600,114.3096256,30.4997472
4742252602,114.3270793,30.4873548
4742252604,114.3329319,30.4775353
4742252608,114.3096609,30.4976414
4742252615,114.3096301,30.4996781
4742253030,114.3337396,30.4869706
4742253048,114.3281036,30.4922196
4742253053,114.3296132,30.4920774
4742253058,114.3411313,30.4764874
4742253060,114.3300196,30.4852323
4742253061,114.32177,30.4749363
4742253063,114.3133215,30.471438
4742253066,114.3329375,30.4902951
4742253067,114.3439642,30.47595
4742253069,114.3137111,30.4770679
4742253082,114.343657,30.475975
4742253084,114.3366856,30.4774356
4742253086,114.3429481,30.4760683
4742253087,114.3269749,30.4852199
4742253089,114.3407026,30.4933815
4742253096,114.3094529,30.4966251
4742253110,114.3299552,30.4893651
4742253111,114.3051536,30.4677274
4742253121,114.321816,30.4697687
4742253122,114.3078204,30.4938467
4742253142,114.3299415,30.4870255
4742253143,114.2882184,30.5265712
4742253153,114.3334251,30.4869429
4742253154,114.3012967,30.462233
4742678831,114.2964459,30.5091163
4742678832,114.3135789,30.5445002
4742678835,114.2921468,30.5089816
4742678840,114.3156665,30.5400244
4742678847,114.3126027,30.5407691
4742678850,114.3169956,30.5393517
4742678851,114.3151019,30.5387787
4742678853,114.2927042,30.5113029
4742678856,114.2934073,30.5126555
4742678862,114.3124217,30.5394896
4742678867,114.2925391,30.5114902
4742678869,114.2973557,30.5111703
4742678870,114.2969302,30.5088254
4742678871,114.2979173,30.5108589
4742678880,114.3143018,30.5387593
4742678881,114.3134754,30.5446741
4742678882,114.3136158,30.5347167
4742678884,114.312216,30.5386339
4750189175,114.3598907,30.4981626
4767722410,114.3118733,30.5600129
4769398247,114.2322444,30.6475469
4769398248,114.2326556,30.6477699
4769398249,114.2303142,30.6469945
4769398257,114.2322124,30.6479507
4769398260,114.2281454,30.6351737
4774047270,114.2286178,30.6322419
4774047271,114.2281542,30.6320381
4775191316,114.2711807,30.5446298
4775191317,114.2712687,30.544591
4796325177,114.3417141,30.5781953
4806115390,114.3958388,30.5228741
4806115391,114.3977188,30.5185879
4806115392,114.3950576,30.5173646
4806115394,114.398973,30.5175236
4806115397,114.3977426,30.5174392
4806115398,114.3985488,30.5185919
4806115399,114.4001228,30.5191492
4806115401,114.4000727,30.5188701
4806115413,114.4012223,30.5218935
4806115414,114.4012245,30.5226543
4806115416,114.4018008,30.5206828
4806115418,114.400808,30.521415
4806115419,114.400804,30.5208986
4806115420,114.4018115,30.5214193
4807101957,114.3948926,30.5294829
4807101962,114.4011763,30.5187546
4807101976,114.4008059,30.521142
4807101977,114.4018075,30.5211445
4807101979,114.3999152,30.5216259
4807101980,114.3977057,30.5219701
4807101981,114.3985217,30.5219701
4807102000,114.3986378,30.5236369
4807102001,114.3986778,30.52382
4807102322,114.4020487,30.5233108
4807102324,114.4020378,30.5223079
4807102327,114.3999328,30.5228578
4807102328,114.4009475,30.5228461
4807102329,114.3999082,30.5221215
4807102330,114.399176,30.5230172
4807102331,114.3999677,30.5230251
4807108540,114.3905266,30.5246554
4807241917,114.392065,30.5232545
4807241918,114.3915709,30.5232486
4807242030,114.3956001,30.5223704
4807242031,114.3933919,30.5231832
4807242032,114.3952791,30.5228807
4807242092,114.4036121,30.5280979
4807242093,114.4037045,30.5281583
4807242095,114.3990484,30.5262727
4807242104,114.3951117,30.5173701
4807265693,114.3940997,30.5122674
4807265712,114.4077243,30.509864
4807268931,114.4120274,30.5261082
4807268939,114.390061,30.5339527
4807859874,114.3966011,30.5195871
4807859875,114.396595,30.5185824
4807859897,114.396139,30.5228699
4807859899,114.3977127,30.5209289
4834257052,114.2369741,30.604731
4834257054,114.237327,30.6047317
4834257057,114.2370135,30.6044491
4834257077,114.2348014,30.5954595
4834257083,114.2347684,30.5953912
4834257091,114.2345271,30.5958395
4834257092,114.2344455,30.595531
4834257094,114.2343313,30.5955541
4834257097,114.2343626,30.5952172
4834257098,114.2344259,30.5954568
4834845065,114.2204401,30.528375
4834845069,114.2232328,30.5283664
4834845070,114.2165636,30.5317833
4834845072,114.2193029,30.5315957
4834845097,114.2186265,30.5293698
4834845107,114.22327,30.5284451
4834845114,114.2219797,30.5303917
4834845129,114.2171654,30.5313823
4834845137,114.2225537,30.5367048
4834845151,114.2387782,30.5292282
4834845170,114.2186607,30.5393907
4834845172,114.2036966,30.543402
4834845178,114.2036427,30.5432888
4834845193,114.2186164,30.5393242
4834845202,114.225197,30.5349025
4834845211,114.2310521,30.5324893
4834845218,114.2248416,30.5285864
4834845219,114.2275411,30.5272482
4834845221,114.2290795,30.5295907
4834845223,114.2233432,30.532075
4834845225,114.2279729,30.5333787
4834845231,114.2362072,30.5235549
4834845232,114.237476,30.5263079
4834845246,114.2113663,30.5249344
4834845250,114.2098629,30.5237511
4834845261,114.1999132,30.5310497
4834845275,114.2007442,30.5287428
4834845276,114.2004785,30.5282912
4834845314,114.2062516,30.5310531
4835000346,114.2330224,30.6024349
4835000364,114.2335524,30.604383
4835911365,114.2326399,30.5678904
4835911366,114.2344369,30.5671886
4835911373,114.2380671,30.5648986
4835911376,114.236447,30.5661944
4835986316,114.2650007,30.53417
4835986320,114.2577689,30.5275171
4835990023,114.2610472,30.5299931
4835990033,114.2530755,30.5231114
4835990043,114.2458874,30.5141334
4835990044,114.2448296,30.5123317
4835990052,114.2456974,30.5141942
4835990064,114.2352115,30.5027296
4835990077,114.2529629,30.5231954
4835990079,114.2609744,30.5300879
4835990080,114.2585316,30.5334545
4835990094,114.2643174,30.5426858
4835990099,114.262575,30.5358519
4835990229,114.2241855,30.5133123
4835990230,114.2214562,30.5096205
4835990231,114.2203615,30.5127721
4835990232,114.2227935,30.5115003
4835990233,114.2254978,30.5101612
4835990234,114.2280359,30.5088448
4835990235,114.2293914,30.5106565
4835990237,114.2309775,30.5048628
4835990238,114.2353812,30.5026139
4835990245,114.2277485,30.506566
4835990257,114.2276771,30.5065147
4835990270,114.211729,30.5168789
4835990271,114.2136384,30.5160139
4835990272,114.2155868,30.5150646
4835990273,114.2177079,30.5140777
4835990274,114.2133652,30.5189677
4835990275,114.2149988,30.518123
4835990276,114.2169387,30.5171165
4835990277,114.2191311,30.5159899
4835990279,114.2180194,30.5186429
4835990280,114.2143181,30.513196
4835990282,114.2086633,30.5220169
4835990285,114.2084087,30.5215368
4835990286,114.207866,30.5217839
4835990288,114.2106841,30.5203587
4835990290,114.208957,30.5185686
4835990291,114.2109166,30.5115944
4835990292,114.2143762,30.5096076
4835990293,114.2241304,30.5082486
4835990295,114.2214055,30.5095614
4835990296,114.2172775,30.5038932
4835990297,114.2293736,30.5204806
4835990298,114.2265912,30.5166935
4835990299,114.2279558,30.5185674
4835990300,114.2304339,30.5173061
4835990302,114.2219675,30.5242434
4835990303,114.2183554,30.519139
4835990304,114.2156293,30.5223567
4835990305,114.2172804,30.5215721
4835990306,114.2193593,30.5204869
4835990307,114.221663,30.519332
4835990309,114.2167971,30.5243542
4835990310,114.2187835,30.5233158
4835990311,114.2206947,30.522416
4835990312,114.2231373,30.5213018
4835990313,114.2261066,30.5195649
4835990314,114.2224359,30.5279243
4835990315,114.2265233,30.5258651
4835990316,114.2298596,30.5242383
4835990317,114.2149486,30.527101
4835990318,114.212437,30.5224061
4835990320,114.2131154,30.523682
4835990422,114.2141617,30.5256993
4835991673,114.1971364,30.5200776
4836121180,114.1956522,30.524286
4836121181,114.1938742,30.5220838
4836936391,114.2208516,30.537745
4836936398,114.2138084,30.5283351
4836936401,114.2123306,30.5329658
4836936402,114.215717,30.5313186
4836936419,114.2012643,30.5319498
4836937621,114.2047401,30.5366073
4846958604,114.4632901,30.4754641
4846958606,114.4671733,30.4780668
4846958616,114.4671696,30.4764483
4846958920,114.458655,30.472237
4846958921,114.4586644,30.4714564
4846958922,114.4586272,30.4707325
4846958924,114.4587008,30.4778738
4847000860,114.4220851,30.5232365
4847000862,114.4223993,30.5231234
4847000866,114.4221062,30.5235809
4847000869,114.4212109,30.5233038
4847000870,114.4212112,30.5232262
4847000873,114.4224042,30.5232063
4847000879,114.4222724,30.5216877
4847000886,114.4199576,30.5236203
4847000908,114.4226294,30.508352
4847000910,114.4220705,30.5085837
4847000912,114.4147625,30.5092123
4847114618,114.4974523,30.4918852
4847114619,114.497442,30.4917156
4847114620,114.4974519,30.4876017
4847114921,114.4974523,30.4875438
4847114922,114.4974204,30.4833045
4847114924,114.5222816,30.496935
4847114999,114.5410263,30.495776
4847115013,114.5362042,30.4940074
4847115016,114.5410979,30.4955399
4847115121,114.5384821,30.4947472
4847115122,114.5384345,30.4948428
4847115152,114.5664863,30.5075096
4847115174,114.537636,30.5093059
4847164358,114.5516563,30.4784507
4847164359,114.5517095,30.4749166
4847164360,114.5516877,30.471084
4847164361,114.5567922,30.4748959
4847164362,114.5567304,30.4704041
4847164368,114.5610813,30.4704073
4847164369,114.5611761,30.4678244
4847164371,114.5566724,30.4680075
4847164374,114.5560867,30.4657877
4847164377,114.5512737,30.46943
4847164401,114.5604589,30.4648503
4847164407,114.5599543,30.4788566
4847164410,114.5638831,30.4829018
4847228187,114.338887,30.556865
4848956856,114.4327901,30.4878736
4848963452,114.365335,30.5730493
4848963920,114.3474214,30.5292304
4848964027,114.3472628,30.5289625
4849010172,114.3237288,30.4624962
4849010210,114.3227129,30.4613759
4849010230,114.3231892,30.4623957
4849010250,114.3215806,30.4612195
4849025183,114.3136589,30.4748418
4849025184,114.3198585,30.4748656
4849025185,114.3215875,30.4748612
4849593441,114.3354101,30.5219214
4849687519,114.246996,30.6108711
4849710986,114.2330332,30.5519178
4850262941,114.3104755,30.6124828
4850958098,114.2020768,30.5580114
4850958226,114.2113663,30.5586069
4850958227,114.2133791,30.5606294
4850958229,114.2031781,30.5603478
4850958238,114.210066,30.5589569
4850958240,114.2126127,30.5583536
4850958241,114.2148609,30.5578244
4850958242,114.2030945,30.5601353
4850958250,114.2099709,30.5588284
4850958252,114.2125545,30.5582204
4850958256,114.2064657,30.5595258
4850958257,114.2065415,30.5596896
4850958281,114.217683,30.5567855
4850958284,114.2207634,30.5556157
4850958288,114.2241124,30.5550727
4850958290,114.2283986,30.55454
4850958291,114.2287148,30.554499
4850958294,114.2312686,30.5541772
4850958308,114.2176386,30.5566232
4850958312,114.2207073,30.5554626
4850958316,114.2239746,30.5549091
4850958317,114.225765,30.5547143
4850958321,114.2312573,30.5539957
4850958344,114.2155461,30.5574905
4850958345,114.2137782,30.5579353
4850961984,114.2504878,30.5402214
4850964543,114.2403387,30.5237032
4850964544,114.2345268,30.5228812
4850964555,114.2370794,30.5190799
4850964556,114.2359889,30.5218178
4858759890,114.3074237,30.5422998
4858760341,114.3083051,30.5414108
4860002928,114.2518077,30.6174131
4860002937,114.2519777,30.617088
4860002963,114.2433462,30.6154841
4860002988,114.2193744,30.6087929
4860002991,114.219263,30.6086947
4860003000,114.2205832,30.6086111
4860003002,114.2206261,30.6087054
4860003008,114.222463,30.6087407
4860003013,114.2246521,30.6083679
4860003290,114.2175909,30.608834
4860003297,114.2179588,30.6090668
4860003313,114.2164152,30.609205
4860003317,114.2163352,30.6089867
4860003319,114.2075473,30.6103067
4860003522,114.2124157,30.6097111
4860003523,114.207368,30.6102737
4860003526,114.2109844,30.609685
4860003527,114.1819998,30.6134374
4864116763,114.223162,30.5625724
4864116764,114.2198564,30.5633348
4864116765,114.2147738,30.5646512
4864116766,114.2199467,30.5661179
4864116768,114.2185584,30.567293
4864116769,114.2195764,30.5670389
4864116772,114.2174526,30.5692673
4864116774,114.2239901,30.5658234
4864116777,114.2241343,30.5663748
4864116778,114.2236144,30.5641816
4864116780,114.2257393,30.5642394
4864116790,114.2257926,30.5637789
4864116791,114.2234202,30.56331
4864116797,114.2209835,30.5634501
4864116798,114.2192392,30.556179
4864116799,114.2197075,30.5572881
4864116802,114.2214194,30.5573658
4864116803,114.220455,30.557636
4870120605,114.2499167,30.6094759
4870120618,114.2482812,30.6047116
4870152459,114.2455723,30.6000225
4870152460,114.2442257,30.6002747
4870152462,114.2371736,30.6016534
4870152464,114.2391867,30.6007977
4870152474,114.239803,30.595868
4870152484,114.2399943,30.6011355
4870152490,114.2439798,30.5999227
4870152497,114.2437339,30.6004009
4870152509,114.2463311,30.5997998
4870152511,114.245965,30.6000109
4870152514,114.2459222,30.5998846
4870153823,114.2359789,30.601812
4870153826,114.2368505,30.6017887
4870153828,114.2368049,30.6016502
4870153829,114.2390695,30.5960824
4870153835,114.2380431,30.5952392
4870153837,114.2386132,30.5954389
4870153842,114.2376233,30.5951517
4870153843,114.2377376,30.5950802
4873221601,114.2619168,30.5787035
4873221602,114.2620637,30.5785847
4873221608,114.2631378,30.5794089
4873221609,114.2629997,30.5793265
4873221616,114.2633584,30.5790942
4873221618,114.2631046,30.5790045
4873564199,114.3518203,30.5816724
4873674651,114.4335226,30.5310251
4873674687,114.434213,30.5284167
4873674695,114.4390877,30.5264445
4873674701,114.4376748,30.5237495
4873685867,114.4427178,30.5214697
4873685869,114.4432257,30.5199069
4873730066,114.4338948,30.5108033
4873730069,114.4351843,30.5129747
4873730113,114.4345886,30.5118591
4875277182,114.5638811,30.4829882
4875277184,114.5642332,30.4880639
4899642721,114.3069038,30.6238284
4899642725,114.3109093,30.6289336
4899643503,114.3127844,30.6361411
4899656112,114.312365,30.6319559
4899656115,114.3081553,30.6335086
4899656119,114.3053131,30.633702
4899657022,114.3042581,30.6309014
4899657023,114.3177404,30.6341162
4899657027,114.3139906,30.6362321
4939256531,114.2923634,30.6208825
4939256534,114.2931138,30.6209935
4939256535,114.292207,30.6209269
4939256538,114.2920599,30.6214996
4939256539,114.2923407,30.6216642
4939256542,114.2931024,30.6216801
4939256544,114.2932784,30.6216344
4939256548,114.2933839,30.6211952
4939256581,114.2899166,30.6197929
4942991713,114.2886393,30.6177568
4942999926,114.2896099,30.6199123
4942999927,114.2880185,30.6191892
4942999935,114.2842829,30.618614
4942999946,114.2860684,30.6183638
4942999962,114.2871961,30.6207014
4942999963,114.2847467,30.6182304
4942999967,114.2846419,30.6200838
4942999969,114.2863737,30.6278957
4942999970,114.2862135,30.6272631
4942999971,114.2942132,30.625466
4942999981,114.2939176,30.6299113
4942999987,114.2930233,30.6221536
4942999992,114.2915468,30.6220638
4942999995,114.2935492,30.6267811
4943000007,114.2931579,30.6217244
4943000008,114.2934623,30.6232033
4943000009,114.2942342,30.6225843
4943000010,114.2940015,30.6247429
4943000014,114.2960872,30.6240798
4943000015,114.2858298,30.6251118
5000219258,114.3047223,30.6597735
5000219259,114.3029515,30.6593018
5058363075,114.3089387,30.61722
5058363077,114.3101689,30.6160038
5058363080,114.3115154,30.6147968
5064348745,114.4183871,30.5089947
5064369542,114.4173624,30.4982236
5121388658,114.3047011,30.4774773
5121388663,114.3003633,30.4758925
5164457618,114.3540065,30.5804747
5164461573,114.3596048,30.5781869
5165225436,114.3576712,30.5783171
5165225460,114.3574888,30.5804405
5165225478,114.358688,30.5820706
5165225483,114.3572953,30.5807936
5165245449,114.3549054,30.5779203
5167550053,114.4100949,30.5402169
5167550061,114.4081551,30.542328
5167550070,114.4077786,30.5419576
5175110986,114.3156848,30.6203368
5175110997,114.3098851,30.6153624
5175111000,114.309293,30.614155
5175111006,114.3076833,30.6157484
5175111014,114.3084615,30.6166665
5175111019,114.3082016,30.6129138
5175111151,114.3167794,30.6239616
5175111153,114.3160649,30.6230654
5178930088,114.2562212,30.5472133
5178930097,114.2504797,30.5449449
5178930145,114.2748944,30.5509768
5178960088,114.3201902,30.525625
5180395767,114.3785391,30.5846766
5180395789,114.378762,30.5842308
5180414409,114.3762736,30.5852714
5180414413,114.3744571,30.5856573
5180414420,114.372709,30.5863414
5180958605,114.2454966,30.5466898
5180958611,114.2462691,30.5536112
5180958620,114.2455865,30.5475766
5180959121,114.2430634,30.547987
5186267841,114.2070985,30.5611979
5186267842,114.203973,30.5622064
5186267858,114.2081241,30.5637722
5186267859,114.2079345,30.5634969
5186267866,114.2153651,30.5592758
5186267867,114.2146305,30.5594598
5186267868,114.2157581,30.5604252
5186267871,114.2152093,30.5605122
5186267875,114.2213739,30.5604931
5186267876,114.2211989,30.5600241
5186267879,114.2220837,30.5627595
5186267882,114.2217807,30.5614827
5197391125,114.3652109,30.5214285
5203198731,114.2855449,30.635881
5203198732,114.2859275,30.6340943
5203198738,114.2842939,30.6333574
5203198739,114.2837706,30.6344518
5203198743,114.2829156,30.6330376
5227950258,114.364779,30.5946429
5227950360,114.3834038,30.6078599
5227950370,114.4007975,30.6102067
5227950373,114.4004926,30.6098499
5227950378,114.3998831,30.6100535
5227950379,114.4002727,30.610338
5227950380,114.4003228,30.6101236
5227950381,114.4004389,30.6096029
5248725252,114.3300418,30.5850484
5248725253,114.3298781,30.5852035
5262354962,114.5257002,30.5190026
5262354963,114.5062124,30.5215301
5262354973,114.4950099,30.514232
5262354992,114.505299,30.5214741
5285129031,114.3565032,30.5200821
5285129037,114.356734,30.5195003
5285129038,114.3570116,30.519495
5285129039,114.3555132,30.519621
5285129050,114.3586882,30.5207329
5285129051,114.3586889,30.5187734
5285129055,114.3578483,30.5180739
5285129063,114.3569885,30.518829
5285129074,114.3595701,30.5195099
5285129078,114.3593429,30.5190144
5285129089,114.3592627,30.5180233
5285129216,114.3578482,30.5178017
5285129217,114.3577487,30.517743
5285129218,114.3577513,30.5171799
5285129219,114.3569201,30.5171949
5285129231,114.3569061,30.5161389
5300641304,114.2895797,30.6231109
5300641307,114.2856108,30.6254818
5300641312,114.3049522,30.614253
5300641317,114.3033376,30.6144897
5300643121,114.2942221,30.6154771
5300643126,114.2850572,30.6208176
5300643127,114.2862006,30.6208402
5323894264,114.3303263,30.5811391
5323894265,114.3306759,30.5813981
5323894267,114.3316597,30.5815101
5323894269,114.3316766,30.58181
5323894270,114.3310629,30.5815084
5323894272,114.3304407,30.5811292
5323894273,114.3307434,30.5806438
5323894274,114.3292678,30.5802863
5323894287,114.3300624,30.5820044
5323894288,114.3295842,30.5816608
5323894292,114.3283012,30.5828652
5323894295,114.3298025,30.5828093
5323894298,114.3275718,30.5804428
5323894299,114.3255415,30.5786578
5323894301,114.32543,30.5806695
5323894302,114.3261774,30.580024
5323894303,114.3266282,30.5796132
5323894305,114.3258968,30.5802705
5323894306,114.3253093,30.5797418
5323894320,114.3254601,30.5801212
5323894621,114.3263638,30.5793807
5323894623,114.3269301,30.578905
5323894624,114.3255901,30.578616
5323894626,114.3244703,30.5776168
5323894636,114.3266115,30.5765996
5323894641,114.3265885,30.5778232
5323894646,114.3267975,30.5769513
5323894647,114.3274242,30.5770776
5323894650,114.3272064,30.577272
5323894651,114.3282966,30.5775794
5323894668,114.3278362,30.5817234
5323894669,114.3287358,30.5824557
5323894678,114.3288365,30.5759315
5323894680,114.3302296,30.5767
5324941511,114.3293187,30.5819088
5324941791,114.3279633,30.5816053
5324941800,114.3310825,30.5796001
5325049697,114.3248253,30.5792731
5325049703,114.3251676,30.578979
5325049704,114.3246161,30.578518
5325049705,114.3250511,30.5781621
5325049834,114.3286919,30.5785587
5325049835,114.3295858,30.5765861
5325049882,114.3276936,30.5768145
5325050466,114.3326183,30.5818203
5325050468,114.3349163,30.5829127
5325050469,114.3362699,30.5802885
5325050471,114.3335983,30.5747492
5325050492,114.320941,30.5717379
5325050639,114.3196924,30.5710774
5325050682,114.3199441,30.5768368
5325050683,114.3198877,30.5767822
5325050688,114.3203236,30.5763723
5325050690,114.3205499,30.5763644
5325050694,114.3203247,30.5769928
5325050696,114.3206337,30.5774157
5325050700,114.3195958,30.5770828
5325050701,114.3195066,30.5763929
5325050705,114.3192923,30.5771237
5325077198,114.3258683,30.5818034
5325077199,114.3236638,30.5831659
5331308864,114.2237331,30.6518822
5331308877,114.2425603,30.6138678
5331308887,114.2439576,30.614266
5331308890,114.2398882,30.6122855
5331309732,114.2453697,30.6126522
5331335544,114.2497104,30.6089693
5331335550,114.2485906,30.6058686
5331335585,114.24717,30.6109297
5335177714,114.2254784,30.6057956
5335177717,114.2263048,30.6065928
5343190972,114.1969661,30.6205969
5343190974,114.1968876,30.6234722
5343190976,114.1966494,30.6205947
5343190977,114.1966494,30.6204992
5343190978,114.1969661,30.6204982
5343190979,114.1969209,30.6164435
5343190981,114.1969765,30.6191897
5343190982,114.201968,30.6192371
5343190985,114.2052417,30.6191423
5343190990,114.2045596,30.6144991
5343190991,114.2012794,30.6148779
5343190992,114.1966425,30.6191992
5343190994,114.196814,30.6163897
5343190995,114.196815,30.6163111
5343191008,114.1966643,30.618038
5343191009,114.2079241,30.614088
5343191010,114.2085107,30.6180136
5343191011,114.2136757,30.6118416
5343191012,114.2101467,30.6123422
5343195714,114.1951981,30.6075845
5343195715,114.1963938,30.6090731
5343198021,114.1968796,30.6090617
5343198025,114.1924415,30.6157085
5343198026,114.1972763,30.5969791
5343198034,114.1960438,30.5995606
5343198035,114.1947763,30.6001929
5343198036,114.1949585,30.5979545
5343198037,114.1969703,30.5991097
5343198039,114.1981979,30.5997731
5343198040,114.217356,30.5931455
5343198041,114.2172632,30.5931139
5343198047,114.2117332,30.588565
5343198049,114.2105463,30.5854757
5343198052,114.2101091,30.5832749
5343198053,114.2105145,30.5853803
5343198057,114.2139638,30.5852798
5343198063,114.2081722,30.585652
5343198064,114.2080657,30.585637
5343200403,114.1968268,30.6153785
5383145936,114.3701149,30.5311527
5383145941,114.3703201,30.5308569
5485663117,114.33348,30.6697403
5504441244,114.203891,30.5537628
5504441245,114.20543,30.5570911
5504441246,114.2108926,30.5550111
5508348780,114.3183325,30.5049779
5521090061,114.193064,30.6415121
5521090062,114.1915674,30.636229
5522651149,114.192086,30.6030226
5522651153,114.1919694,30.603072
5522651156,114.1840785,30.5918371
5522651157,114.1837648,30.5920536
5535918109,114.2180836,30.5003997
5535918115,114.2019436,30.5046542
5535918621,114.2148865,30.5054747
5535918623,114.2200522,30.5022831
5535918628,114.2248213,30.5035427
5535918629,114.2167025,30.5082511
5535918630,114.2220533,30.5051604
5535918631,114.2160666,30.5086267
5535918632,114.2193282,30.5067041
5538098685,114.296211,30.5060108
5538098699,114.2886803,30.5003485
5538098703,114.3028059,30.5097517
5538098704,114.3026939,30.5088662
5538098706,114.2986858,30.5095292
5538098708,114.3032775,30.5135468
5538099628,114.2982436,30.5080737
5570733296,114.1967313,30.6239187
5570733299,114.1913087,30.6238577
5570733300,114.1889162,30.623826
5570733311,114.1966595,30.6229677
5570733312,114.1955846,30.6229668
5570781491,114.2142263,30.6236075
5570791431,114.2115211,30.6358147
5570791433,114.2118357,30.6358298
5570791434,114.2115834,30.6350421
5570791452,114.2089715,30.6400502
5570791453,114.2200253,30.626382
5570791454,114.2200295,30.6263091
5570856449,114.1943782,30.6238846
5570856450,114.1912878,30.6261001
5589851503,114.2180906,30.6275937
5589851510,114.2221134,30.6277407
5589851513,114.2201783,30.6275776
5589851514,114.2196491,30.6275664
5611476066,114.5141625,30.5575553
5611476101,114.5161084,30.5539044
5611476104,114.5107995,30.5551461
5611476112,114.5115202,30.5556585
5649788632,114.3100416,30.535295
5649788634,114.3101458,30.5353903
5649788635,114.3115348,30.5397132
5649839793,114.3123132,30.5395665
5649839794,114.2913343,30.5319682
5649839798,114.2923646,30.5293623
5649839799,114.2794311,30.5624088
5736019559,114.3223309,30.57479
5753680274,114.3399448,30.5614503
5753680275,114.3401473,30.5613116
5753680276,114.3438926,30.5587307
5753680278,114.3445272,30.5586406
5753680280,114.3508855,30.5683376
5753680281,114.3478596,30.5650885
5753680283,114.3426891,30.559572
5753680285,114.3413365,30.5580879
5758380582,114.4125917,30.5391516
5758564980,114.4224957,30.5256724
5758564981,114.4222908,30.5252771
5758564982,114.4227094,30.5253393
5758564983,114.4226463,30.5258324
5758574039,114.4162561,30.4982139
5758615073,114.3344097,30.5475674
5758615079,114.3353978,30.5502735
5758615080,114.3364145,30.5522858
5758615083,114.345044,30.5584934
5758615089,114.3509861,30.55909
5758615108,114.3490691,30.5614552
5758615109,114.3506445,30.5631911
5758615112,114.3414483,30.5604162
5758615114,114.3465208,30.5660251
5758622274,114.4002852,30.4999187
5758622275,114.3976069,30.5001169
5758622276,114.394235,30.5003213
5758622278,114.385723,30.5007838
5758622284,114.391293,30.5002432
5758622290,114.3802844,30.5040723
5758622295,114.3747084,30.5074147
5758622300,114.3701544,30.5074651
5758622311,114.3494378,30.5127071
5758622942,114.3215331,30.5210507
5758622961,114.3027612,30.5235951
5758622965,114.301754,30.5276807
5758622968,114.3013848,30.5278909
5758622977,114.3053894,30.5265776
5758622986,114.2959062,30.5298279
5758622995,114.2952561,30.5287869
5758622998,114.2944433,30.5285476
5758622999,114.2473862,30.5319728
5758623005,114.2614807,30.5403342
5758623025,114.2423898,30.5436127
5758623026,114.2451602,30.5409724
5758623032,114.2459021,30.5409838
5758623040,114.245859,30.5407064
5758623049,114.2614985,30.5400382
5758623050,114.2640619,30.540029
5758623056,114.2640967,30.5403038
5758623066,114.2680771,30.5388962
5758623067,114.2681779,30.5388535
5758623068,114.2554704,30.5404033
5758623078,114.2595619,30.5444873
5758623083,114.2558334,30.5427065
5758623089,114.2550828,30.5410117
5758623093,114.2548386,30.540411
5758623094,114.2577275,30.5439001
5758623098,114.2573977,30.5437145
5758623099,114.2525258,30.5401893
5758623110,114.2505609,30.5350365
5758623111,114.2506419,30.5349694
5758623327,114.2530682,30.5401773
5758623335,114.2382271,30.5513178
5758623349,114.233186,30.5495965
5758623351,114.2350768,30.5523211
5758623352,114.2351586,30.5524332
5758623355,114.2370599,30.5558762
5758623356,114.2371181,30.5560027
5758623359,114.2348112,30.5525255
5758623360,114.234719,30.5524051
5758623364,114.2328916,30.5494474
5758628902,114.2276774,30.5545831
5758628905,114.2241487,30.5551827
5758628913,114.2213049,30.5553623
5758628915,114.2075139,30.5593948
5758657630,114.3912063,30.5701758
5758657660,114.3676443,30.5959935
5758657661,114.3677138,30.5957849
5758657668,114.365949,30.5988111
5758657673,114.3679677,30.5950377
5758657675,114.3662107,30.5987391
5758657680,114.3648349,30.6014078
5758657682,114.3660888,30.5988961
5758657688,114.3675654,30.5957263
5758657697,114.3523184,30.6146146
5758657705,114.3531666,30.6196666
5758657708,114.3500429,30.6222551
5758660748,114.2893531,30.6288008
5758660752,114.2930267,30.6297232
5758669226,114.3651826,30.573364
5758722230,114.1689202,30.6166579
5758722235,114.1897676,30.6124154
5758722241,114.1972553,30.6114779
5758722245,114.2029825,30.6108333
5758722246,114.2029698,30.6108898
5758722250,114.197295,30.611672
5758722261,114.2280577,30.6080955
5758722262,114.2285682,30.6076984
5758722266,114.2286652,30.6082799
5758722267,114.227395,30.6077273
5758722272,114.2285395,30.6076163
5760052935,114.4345667,30.4917966
5760065739,114.3638682,30.6016532
5760065740,114.3643273,30.6018665
5760065741,114.3645397,30.601976
5760065742,114.3695663,30.6045389
5760065763,114.3610876,30.6046383
5760065765,114.3578973,30.6100547
5760065766,114.3577921,30.6102603
5760065768,114.3588794,30.6083901
5760065771,114.3626077,30.6099684
5760065776,114.3544592,30.6159421
5760065777,114.3540985,30.6164055
5760065781,114.3514774,30.621142
5760065783,114.3561221,30.6131719
5760208343,114.2704291,30.6297276
5760208345,114.2702012,30.6316981
5760208352,114.2517039,30.6248044
5760208361,114.2517958,30.6248205
5771031975,114.3121077,30.6178233
5802906481,114.3931062,30.5090586
5804079253,114.2909831,30.6035223
5804079267,114.2960233,30.6011263
5804079271,114.2910306,30.6033887
5804110884,114.3351225,30.5851537
5804140852,114.3317704,30.5875064
5804141662,114.3318206,30.5873533
5804153587,114.3223285,30.5866559
5804153590,114.3256526,30.591485
5804292744,114.2985974,30.599977
5804309055,114.2961247,30.596777
5804309057,114.2985878,30.5999089
5805853194,114.2464525,30.5785391
5809837010,114.2609921,30.5624097
5810570966,114.2010863,30.5607904
5810571007,114.1799123,30.5594371
5825383367,114.302195,30.5635571
5825383368,114.3014419,30.5619011
5825383369,114.3021032,30.5616029
5825396610,114.2704233,30.550112
5825396611,114.2702997,30.5477397
5825396613,114.2647193,30.5446218
5826204152,114.2456527,30.5715689
5826204156,114.246084,30.571468
5826204162,114.2452857,30.5697208
5826204177,114.2448019,30.5695222
5826204180,114.2416317,30.5673944
5826204181,114.2442388,30.5663359
5826204183,114.2416681,30.5674935
5869826684,114.3991057,30.5278768
5869827590,114.3997898,30.5302547
5874445786,114.2852318,30.5776353
5874445788,114.2861313,30.5772323
5874445789,114.2867493,30.5768718
5874445790,114.2871273,30.5766443
5874445793,114.2887143,30.5758754
5874445794,114.2870786,30.5770748
5874445796,114.2878343,30.5775829
5874445797,114.2866513,30.5778273
5874445798,114.2856881,30.5774246
5874445799,114.2854646,30.5770153
5874445800,114.2849748,30.5772635
5874445805,114.2880909,30.5757167
5874445807,114.2885207,30.5755457
5874445808,114.2874949,30.5747197
5874445809,114.2879207,30.5745238
5874445810,114.2860406,30.5753888
5874445811,114.2883483,30.5752521
5874445812,114.2879301,30.5754477
5874445813,114.2873648,30.575735
5874445818,114.2864379,30.5761725
5874445820,114.2861836,30.5766999
5874445825,114.2852618,30.5759652
5874445826,114.2854994,30.5770023
5874445830,114.2853111,30.5763286
5874445831,114.2855349,30.5762039
5874445833,114.2859396,30.575944
5874445834,114.2860998,30.5761217
5874445835,114.285802,30.5763275
5874445838,114.2847547,30.5769267
5874445840,114.2852587,30.5769599
5874445841,114.2855363,30.5771467
5874445842,114.2850756,30.57741
5874445843,114.2860996,30.577246
5874445844,114.2859427,30.5770024
5874445846,114.286381,30.5767256
5874445847,114.2866715,30.5769171
5874445848,114.2862724,30.576654
5874445852,114.2871104,30.5775594
5874445853,114.2874138,30.5773254
5874445855,114.2857671,30.5782544
5874445856,114.2871213,30.5771163
5874445858,114.2876119,30.576824
5874445859,114.2874447,30.576908
5874445861,114.2877351,30.5771423
5874445862,114.2880063,30.5769434
5874445863,114.2878861,30.5772086
5874445864,114.2881634,30.5768346
5874445866,114.2887336,30.576693
5874445868,114.2888898,30.5761744
5874445869,114.2872945,30.576877
5874445870,114.2868936,30.5763194
5874445871,114.2862109,30.5759565
5874445879,114.2877116,30.5750822
5874445880,114.2868825,30.5757416
5874445883,114.2863711,30.5758185
5874445884,114.2854241,30.57682
5874448488,114.2859585,30.5764762
5874448489,114.2864975,30.5756893
5874448490,114.2861553,30.5753361
5874448496,114.2848565,30.5763096
5874448497,114.2850548,30.5764582
5874448498,114.284523,30.5765115
5874448499,114.28514,30.5760222
5874448505,114.2850321,30.5753307
5874448509,114.286018,30.5753494
5874448510,114.2856283,30.5758006
5874448511,114.2855363,30.5756212
5874448513,114.2849181,30.5744952
5874448514,114.2854054,30.5742814
5874448515,114.2844128,30.5747259
5874448517,114.2846716,30.5751663
5874448518,114.2871892,30.5774986
5874448520,114.2869306,30.5772127
5874448523,114.2865979,30.5773872
5874448524,114.286359,30.5770995
5874448526,114.2866891,30.5775927
5874448528,114.2867653,30.5777682
5874448530,114.2869815,30.5778814
5874448531,114.286852,30.5777233
5874448532,114.2882673,30.5767603
5874448533,114.2881515,30.5766207
5874448534,114.2879744,30.57675
5874448535,114.2881886,30.5761382
5874448536,114.2884114,30.5764445
5874448537,114.2874096,30.5760582
5874448540,114.2876928,30.5762374
5874448541,114.287532,30.5759968
5874448542,114.286165,30.5760906
5874448543,114.2872672,30.5755539
5874448545,114.2872701,30.5752555
5874448546,114.2846861,30.5791435
5874448547,114.2841961,30.5783029
5874448548,114.2839623,30.5786357
5874448549,114.2843169,30.5785102
5874448550,114.2841369,30.5785739
5874448551,114.284012,30.5783603
5874448552,114.2835604,30.5781893
5874448556,114.2847653,30.5777572
5874448557,114.2852141,30.5776106
5874448558,114.283742,30.5781252
5874448560,114.2844009,30.5782213
5874448563,114.2851278,30.5785469
5874448564,114.2845101,30.5788416
5874448568,114.2856159,30.5782168
5874448569,114.2850545,30.5790582
5874448570,114.2849088,30.578826
5874448571,114.2848175,30.578695
5874448574,114.2845142,30.5785325
5874448577,114.2842723,30.5784336
5874448578,114.2846606,30.5787698
5874448579,114.2848943,30.5782136
5874448580,114.2850746,30.5781184
5874448581,114.2848738,30.5780119
5874448582,114.2846911,30.5777234
5874448583,114.2847233,30.5777742
5874448584,114.2846528,30.5781766
5874448587,114.2844589,30.5778179
5874448588,114.2842784,30.5780521
5874448589,114.284624,30.5783335
5874448590,114.284556,30.5782144
5874448591,114.2844278,30.5779858
5874448592,114.2832075,30.5774228
5874448594,114.2838856,30.5772117
5874448598,114.2847681,30.5769527
5874448599,114.2834635,30.5779343
5874448600,114.2836268,30.5778987
5874448602,114.2843333,30.5775635
5874448603,114.2835898,30.577835
5874448604,114.2837514,30.5778424
5874448607,114.2844585,30.5773449
5874448608,114.2848909,30.5771416
5874448609,114.2838503,30.5775259
5874448610,114.2837386,30.5772525
5874448611,114.2841617,30.5773926
5874448614,114.2844823,30.5778084
5874448615,114.2839165,30.5777662
5874448616,114.2837988,30.5775479
5874448622,114.2850912,30.5774327
5874448623,114.2838109,30.5774294
5874448625,114.2835416,30.5773073
5874448627,114.2830845,30.5771886
5874448628,114.2834455,30.5771141
5874448632,114.2839058,30.5769235
5874448633,114.283822,30.5766831
5874448634,114.2837944,30.576953
5874448635,114.2840652,30.5770592
5874448636,114.2840254,30.5769664
5874448637,114.2841445,30.5769349
5874448638,114.2841384,30.5768912
5874448642,114.2840937,30.5767967
5874448643,114.2842565,30.5771224
5874448646,114.2832225,30.5771461
5874448649,114.2831357,30.5768494
5875248301,114.2836018,30.5783026
5875248304,114.2822849,30.5790352
5875248305,114.2826145,30.5761263
5875248306,114.2832841,30.5759461
5875248308,114.2824218,30.5774007
5875248309,114.2822658,30.5769149
5875248310,114.2823515,30.5771818
5875248313,114.2829995,30.5770276
5875248316,114.2818532,30.5776665
5875248317,114.2807807,30.5771855
5875248318,114.2815723,30.5778691
5875248319,114.2806205,30.5774295
5875248320,114.2812949,30.5780524
5875248321,114.2804695,30.5776789
5875248322,114.2814477,30.5779589
5875248323,114.2805373,30.5775569
5875248324,114.2817205,30.5777622
5875248326,114.2820031,30.5775715
5875248327,114.2808555,30.5770548
5875248330,114.2819608,30.5770582
5875248332,114.2821291,30.5769665
5875248339,114.2822809,30.5757724
5875248340,114.2821012,30.5768349
5875248343,114.2828444,30.576701
5875248344,114.2821002,30.5766492
5875248345,114.2827561,30.5764804
5875248347,114.2822099,30.5763342
5875248348,114.282654,30.576225
5875248349,114.282474,30.5757534
5875248352,114.281191,30.5755767
5875248353,114.2810491,30.5758317
5875248357,114.2796564,30.5762832
5875248359,114.2804516,30.576513
5875248360,114.2798631,30.5766638
5875248361,114.2799302,30.5763501
5875248362,114.2799021,30.5764815
5875248363,114.2803745,30.5766658
5875248374,114.2848516,30.5758512
5875248376,114.2848746,30.5754927
5875248377,114.2850851,30.5759343
5875248379,114.285277,30.5757808
5875248380,114.2849601,30.5758752
5875248383,114.2846512,30.5759979
5875248384,114.2844483,30.576387
5875248385,114.2847843,30.5762371
5875248386,114.2842541,30.5760372
5875248387,114.2844527,30.5759476
5875248388,114.2846061,30.5757637
5875248389,114.2846381,30.5754589
5875248390,114.2854438,30.5743484
5875248392,114.2862803,30.5743623
5875248393,114.2858591,30.5741428
5875248394,114.2855974,30.5738127
5875248396,114.286739,30.5739351
5875248397,114.2866103,30.5741868
5875248398,114.2865198,30.5740571
5875248401,114.2862991,30.5737619
5875248403,114.2861489,30.5737272
5875248405,114.2863742,30.5736095
5875248408,114.2861532,30.5742182
5875248409,114.2865727,30.5737134
5875248410,114.2863541,30.573451
5875248413,114.285453,30.5733196
5875248414,114.2856326,30.5737959
5875248416,114.2861432,30.5722293
5875248417,114.2863065,30.5722001
5875248418,114.2865096,30.57211
5875248419,114.2856377,30.5732484
5875248420,114.2854723,30.5728856
5875248421,114.2858998,30.5731358
5875248422,114.2857574,30.5729133
5875248423,114.2860379,30.5730695
5875248424,114.2858797,30.5727777
5875248425,114.2858198,30.5727879
5875248426,114.2856454,30.5724687
5875248427,114.2862084,30.5727325
5875248430,114.2861588,30.5725282
5875248433,114.2859404,30.5723268
5875248434,114.2865295,30.5727528
5875248435,114.2864905,30.5724759
5875248436,114.2866775,30.5723981
5875248442,114.2834324,30.5739979
5875248445,114.283922,30.5738882
5875248447,114.2846973,30.5738513
5875248466,114.2815286,30.5728436
5875248473,114.2829672,30.5727781
5875248485,114.2843205,30.5729497
5875248486,114.2839444,30.5730943
5875248487,114.2839921,30.5733935
5875248488,114.2838733,30.5731556
5875248489,114.2838651,30.5730488
5875248491,114.2841196,30.5727469
5875248492,114.28424,30.5729912
5875248495,114.2839882,30.5727966
5875248496,114.2837933,30.5724298
5875248497,114.2838764,30.5728389
5875248498,114.2837717,30.5726287
5875248499,114.2833656,30.5730991
5875248500,114.2834866,30.5733136
5875248501,114.2837492,30.5731914
5875248502,114.2834729,30.5728635
5875248503,114.2833012,30.5725749
5875248573,114.2846554,30.5737413
5875248577,114.2843198,30.5737739
5875248579,114.2841134,30.5735975
5875248584,114.2839008,30.5737368
5875248585,114.2838207,30.5735166
5875248588,114.2839408,30.5735789
5875248589,114.2838749,30.5734306
5875248590,114.2838483,30.5735926
5875248591,114.2839335,30.5735626
5875248592,114.2843429,30.5735551
5875248593,114.2845595,30.5734893
5875248594,114.283896,30.574259
5875248595,114.283784,30.5739191
5875248596,114.2855683,30.5735816
5875248597,114.2837228,30.572016
5875248603,114.2834934,30.5723966
5875248608,114.2836599,30.5719111
5875248609,114.2829887,30.5715148
5875248612,114.2830361,30.571718
5875248613,114.2834989,30.5715861
5875248615,114.282893,30.570988
5875248616,114.2832313,30.5714471
5875248623,114.2831268,30.570841
5875248757,114.2814906,30.5763189
5875248763,114.2810015,30.5768231
5875248764,114.2807219,30.5767003
5875248769,114.2805608,30.5773006
5875248772,114.2803191,30.5770979
5875248773,114.2803135,30.5777789
5875248774,114.2818981,30.5776341
5875248776,114.2823893,30.5775907
5875248777,114.282372,30.5772457
5875248778,114.2820037,30.5773693
5875253697,114.2894407,30.5817676
5875253698,114.2907866,30.5806758
5875253699,114.2895334,30.5819366
5875253700,114.2903099,30.5813113
5875253701,114.2900231,30.5815423
5875253702,114.2898833,30.5814086
5875253703,114.2897302,30.5812607
5875253704,114.2905475,30.5802439
5875253708,114.291532,30.5794041
5875253709,114.2913435,30.5790363
5875253710,114.291214,30.5796753
5875253711,114.2905608,30.580268
5875253713,114.2902929,30.5806095
5875253715,114.2898268,30.5811825
5875253716,114.2904154,30.5807059
5875253717,114.2904236,30.5812225
5875253718,114.2908839,30.5808515
5875253732,114.2916914,30.5811511
5875253735,114.2923289,30.5815955
5875253736,114.2918544,30.581299
5875253738,114.2922542,30.5806828
5875253739,114.290923,30.5825531
5875253740,114.2906048,30.5820285
5875253744,114.292281,30.5833622
5875253745,114.2923692,30.5835176
5875253746,114.2917149,30.5840508
5875253750,114.29119,30.5848756
5875253752,114.2919388,30.5848574
5875253753,114.2923565,30.5834952
5875253755,114.2930744,30.5829223
5875253756,114.2927358,30.5832012
5875253757,114.292563,30.5830364
5875253760,114.2877896,30.5823852
5875253761,114.288159,30.582237
5875253763,114.2889747,30.5816611
5875253764,114.28832,30.5824807
5875253765,114.288029,30.5817185
5875253766,114.2883989,30.5820629
5875253769,114.2893701,30.5816387
5875253770,114.288229,30.5819047
5875253772,114.2891868,30.5813044
5934019236,114.2418059,30.6024631
5934019237,114.2423525,30.6023547
5934019239,114.2415914,30.6010942
5934019248,114.2418588,30.6010562
5934019249,114.2418786,30.6021681
5934019256,114.2421311,30.6021034
5934019278,114.242555,30.6037275
5934019279,114.2423606,30.6024596
5934019280,114.2420353,30.6027608
5934019288,114.2422855,30.6027297
5934019289,114.2422273,30.6035309
5934019295,114.2424851,30.6034706
5938739380,114.2651418,30.5983559
5938739383,114.2647245,30.5997099
5941524176,114.2202173,30.6237277
5941810171,114.292383,30.6012354
5941810176,114.2940015,30.6019354
5941852301,114.2940347,30.6019908
5942140625,114.32021,30.5840669
5947444887,114.2945792,30.603059
5947609952,114.2477264,30.5803486
5947609982,114.2476186,30.5816118
5947612785,114.2465062,30.5798483
5952494976,114.3176501,30.5586984
5952495078,114.3219425,30.5590496
5952495079,114.3223026,30.5573541
5952650602,114.3151078,30.5562169
5952650788,114.3141868,30.5598587
5952650790,114.3150457,30.5574812
5952650791,114.3141789,30.5599424
5957618716,114.3388231,30.5598554
5957618719,114.331505,30.5584843
5957618722,114.33119,30.5583013
5957618725,114.3306817,30.5583332
5957618726,114.3316329,30.5584337
5957619819,114.334257,30.5569073
5957619826,114.3364406,30.5575758
5960527575,114.3324865,30.5537931
5960527580,114.3337753,30.5569933
5960527582,114.3346809,30.5542336
5982860394,114.2987113,30.5442783
5988973349,114.3243324,30.5827527
5988973350,114.3222205,30.5810186
5988973381,114.3288151,30.5843338
5988973489,114.322462,30.5851841
5988973490,114.3227574,30.5855731
5988973639,114.3224915,30.5840892
5988973640,114.321833,30.5833773
5988973718,114.3264781,30.5823061
5988973731,114.3246927,30.58253
5988973737,114.3260673,30.5827203
5988973781,114.3347615,30.5774201
5988973783,114.3362317,30.5801931
5988973946,114.3276198,30.5832674
5988974091,114.3255098,30.5852464
5988974095,114.3272641,30.5842786
5988974097,114.3280476,30.5837099
5988974098,114.3281646,30.5850041
5988974314,114.3318653,30.5797349
5988974316,114.3326173,30.5777539
5989455849,114.3279791,30.5801056
5989455850,114.3288074,30.5807636
5996496903,114.3396391,30.4949993
5997379336,114.3399052,30.5041551
5997379337,114.3410501,30.5037024
6011922691,114.4573451,30.4881903
6011922694,114.4604956,30.4884122
6038421908,114.4256859,30.5047178
6038421909,114.4275789,30.5045739
6038421910,114.4255827,30.5047258
6046622302,114.339113,30.5058369
6046624926,114.3382883,30.5056073
6046759215,114.3040511,30.5153881
6102775860,114.3191181,30.5137306
6102775862,114.3204064,30.5136666
6102776407,114.3191251,30.5140612
6102776411,114.3188748,30.5143269
6105986690,114.2449853,30.5122548
6106172705,114.196962,30.5393967
6106172711,114.2012142,30.5389525
6106172712,114.2013271,30.5389268
6106172713,114.2014733,30.5391932
6106172714,114.2013629,30.5392233
6106172721,114.197051,30.5395044
6106172722,114.2009113,30.5390074
6106172726,114.2010914,30.5387289
6106172727,114.2014843,30.5394444
6106172730,114.2009813,30.539307
6106172731,114.2229929,30.5287101
6106172760,114.2194287,30.5247691
6106172795,114.2217965,30.5349073
6106172801,114.2213392,30.5352983
6106172804,114.2212263,30.5350624
6106172813,114.2227392,30.5343079
6106172818,114.2218656,30.5350535
6106172838,114.2179698,30.5376652
6106172839,114.217956,30.5376085
6106179340,114.2484198,30.6439445
6106179347,114.2487913,30.6432977
6106179353,114.2494448,30.6425169
6106179366,114.2496609,30.6405145
6106179367,114.2507662,30.6410539
6106179372,114.2499244,30.6412569
6106188688,114.496088,30.5119451
6106188694,114.4940807,30.5131466
6106188695,114.4939093,30.5131869
6106188696,114.4957617,30.5106855
6106188700,114.4959921,30.5155467
6106188701,114.4959413,30.5157177
6106188703,114.4956198,30.5152049
6106188704,114.4955938,30.5149114
6106188705,114.4955958,30.5141756
6106188709,114.4955102,30.5104007
6106188712,114.4952498,30.5143627
6195429101,114.3517689,30.5082476
6195429110,114.3502918,30.5063639
6195429111,114.3524798,30.510329
6195429120,114.351283,30.5098578
6195429121,114.3504208,30.5098488
6195429124,114.3504485,30.5082565
6195429125,114.3496283,30.5082554
6195429141,114.3498188,30.5101788
6195429144,114.3497935,30.5091577
6195429145,114.3504242,30.5091657
6195429146,114.3524818,30.5096805
6195429147,114.351283,30.5096795
6195429149,114.3524167,30.5088483
6195429150,114.3512701,30.5088366
6195429151,114.3512692,30.508251
6195429152,114.3517609,30.5068576
6195429153,114.3522744,30.5068606
6195429154,114.3517657,30.5071473
6195429155,114.3523593,30.5071457
6195429156,114.3517883,30.5088419
6195429157,114.3504236,30.5092209
6195429158,114.3512809,30.5092371
6205236761,114.3753336,30.5097372
6220274445,114.3714236,30.4834345
6220274469,114.3716781,30.4972299
6221241023,114.3738681,30.5005152
6221318599,114.3507377,30.5279546
6221318600,114.3515489,30.5277124
6225938327,114.449723,30.523638
6225938335,114.448594,30.5217046
6225938338,114.4487521,30.5210237
6225938342,114.4483556,30.5198712
6252939908,114.2640829,30.5835033
6252939909,114.2641048,30.5834468
6267224427,114.2526911,30.6100414
6267239899,114.2538056,30.6106802
6267300036,114.2013175,30.5805336
6267300046,114.201523,30.5806205
6286565888,114.3714595,30.4835157
6313616307,114.3983875,30.507842
6313616308,114.4012049,30.5082786
6314844779,114.2926794,30.6024214
6314844783,114.2928109,30.6026948
6314844784,114.3109106,30.6290584
6314844885,114.3193834,30.6358368
6314844886,114.3192315,30.6361297
6314844887,114.3194988,30.6359799
6314844890,114.2816749,30.6310863
6314844896,114.2805595,30.635417
6314844899,114.282822,30.6422901
6314844900,114.2822313,30.6420682
6314844903,114.2880469,30.6508795
6314844906,114.2892004,30.6540231
6314844907,114.2889579,30.6545801
6314844910,114.2878843,30.6507878
6316055320,114.3320989,30.6413369
6316055375,114.3286694,30.63854
6316055377,114.3299563,30.6363043
6316060085,114.3313292,30.6410275
6316060087,114.3304601,30.6404829
6316060089,114.3275821,30.6395967
6316060093,114.3251011,30.6343141
6316060098,114.3284592,30.6370582
6316060100,114.3295329,30.6364359
6316060113,114.327051,30.6371194
6316060127,114.327775,30.6378896
6316060140,114.3257366,30.6356224
6324355807,114.2804718,30.5631571
6324562164,114.2699735,30.5524254
6324562169,114.2699616,30.5546123
6324562170,114.270051,30.5537347
6324562171,114.2672602,30.5534126
6329951921,114.4852874,30.4745565
6329963508,114.4807007,30.4746494
6330133714,114.4889403,30.4764372
6330133717,114.4872782,30.4771871
6330133718,114.4872838,30.4774448
6330133721,114.4864242,30.4749109
6339401090,114.4764259,30.4690871
6339401094,114.4760999,30.4693345
6339401095,114.4760684,30.4698989
6339401098,114.4761157,30.4688781
6339416660,114.4806291,30.4690028
6339416665,114.4842286,30.4618795
6345002745,114.476998,30.4820913
6345002746,114.4760124,30.4779491
6345002750,114.4760174,30.482593
6345002751,114.4760096,30.4816005
6345002757,114.4750721,30.4913115
6345002764,114.4738063,30.4949387
6356387603,114.488344,30.477193
6359967502,114.487936,30.4747922
6359967504,114.4868488,30.474919
6359967574,114.485468,30.4752123
6359967575,114.4869016,30.475159
6359967576,114.4854772,30.4756606
6359967577,114.4869101,30.4756233
6359968301,114.4869045,30.4753198
6359968302,114.4881329,30.4753084
6364061418,114.406772,30.5126845
6376672082,114.3566971,30.5675803
6397662588,114.1822652,30.5683861
6397662610,114.1799324,30.5723786
6397662613,114.1857608,30.5642393
6397662615,114.1851402,30.5648569
6397662618,114.1862879,30.5617035
6397662631,114.187919,30.5612863
6397662652,114.1899026,30.561422
6397662655,114.1873146,30.5614777
6405616346,114.3460934,30.6201965
6405616347,114.3460063,30.6202655
6405616349,114.3495938,30.6168784
6405616351,114.3519599,30.6145629
6405616353,114.3455842,30.6134039
6405616354,114.3478154,30.6112615
6405616355,114.3426768,30.6097726
6405616370,114.3591823,30.6200153
6418023363,114.3931762,30.5051159
6418023365,114.3938986,30.511901
6418023897,114.4008567,30.5092857
6419939986,114.4021661,30.5097417
6448983531,114.3926684,30.5175552
6450706889,114.3163043,30.5110093
6450706972,114.3296507,30.5078304
6450708505,114.3310998,30.492112
6450708506,114.3310998,30.4924531
6450708507,114.3300819,30.4924548
6450708508,114.3290396,30.4921018
6450708515,114.3291271,30.492083
6450708517,114.3320319,30.4920125
6450708519,114.3300779,30.4921142
6450708520,114.3293604,30.4919143
6450708534,114.3320534,30.4906026
6460710198,114.4051581,30.5204624
6480234611,114.2723655,30.5829939
6480234612,114.2722641,30.5829518
6480234613,114.2722817,30.5831454
6480234614,114.2721799,30.5831025
6480234629,114.276849,30.5755125
6480234637,114.276128,30.5762863
6480234638,114.2708847,30.5742963
6480234659,114.2556218,30.581561
6480234670,114.2834817,30.5797785
6480234673,114.2332046,30.5780571
6480234674,114.2333061,30.5780556
6480234675,114.233228,30.5782928
6480234679,114.2332535,30.5782094
6480253653,114.2472988,30.5867896
6480253662,114.247385,30.5866741
6480253681,114.2264038,30.5889529
6480253682,114.226544,30.5890128
6480253684,114.2266229,30.5888755
6483531290,114.4389984,30.5295565
6483531359,114.4403265,30.5278891
6483545100,114.408176,30.5327976
6483545134,114.4067863,30.5310794
6483545173,114.4122626,30.5304502
6486973395,114.3941993,30.5132537
6486973396,114.3927646,30.5135599
6486973397,114.3963558,30.5089634
6486973398,114.3961905,30.5097383
6486973399,114.3963058,30.5092242
6486973400,114.3956245,30.509125
6486973401,114.3969793,30.5093222
6486973402,114.3962496,30.5094805
6486973403,114.3955767,30.5093748
6486973404,114.3969142,30.5095849
6486973405,114.3967875,30.5098322
6486973406,114.3955108,30.5096381
6488155784,114.4323108,30.5325204
6488155995,114.4312402,30.5336575
6488156009,114.4334848,30.5349827
6488156010,114.4335992,30.5350859
6488156011,114.4286387,30.5326435
6488156026,114.4298618,30.5341865
6496850701,114.4279059,30.5301972
6496960418,114.3925654,30.5323831
6496960419,114.3925637,30.5329038
6497099078,114.4022432,30.528256
6497099081,114.4023298,30.5277424
6497135531,114.4049617,30.5291006
6497135535,114.4029486,30.5296162
6497135540,114.4019639,30.529962
6497135542,114.402034,30.5301545
6497135543,114.4020903,30.5303532
6497135544,114.4020903,30.5303901
6497135545,114.4030693,30.5301637
6497135562,114.4031523,30.5308384
6497185020,114.4081309,30.5327447
6497185032,114.4059503,30.5337096
6497185039,114.4109646,30.537327
6497185046,114.411524,30.5362518
6497185056,114.4101351,30.5379899
6497185062,114.4107263,30.539839
6497185063,114.414089,30.5379579
6497185065,114.4140804,30.5372908
6497185070,114.4145682,30.5368531
6497185076,114.4142023,30.5368181
6497185077,114.4136128,30.5368216
6497185080,114.417567,30.5360705
6497185986,114.4169837,30.5359019
6497186007,114.4159043,30.5365543
6497186064,114.4099876,30.5439707
6497296609,114.4132196,30.5377077
6497296610,114.4128394,30.5363472
6497296611,114.4129977,30.5351035
6497296612,114.4122248,30.5363032
6497296613,114.4123955,30.5350369
6497296614,114.40894,30.5338014
6497296616,114.4091389,30.533594
6497296619,114.4094503,30.5333397
6497296622,114.4097295,30.5332888
6497296624,114.4090476,30.533446
6497296627,114.4094127,30.5332703
6497296632,114.4093483,30.5332241
6497296633,114.4095577,30.5330668
6502960013,114.3994907,30.5250836
6502960014,114.3987772,30.5250781
6502960015,114.39869,30.5250758
6502960016,114.3979785,30.525085
6502960017,114.397958,30.5243041
6502960018,114.3986778,30.5242995
6502960019,114.3988021,30.5242801
6502960020,114.3979453,30.5238204
6502960021,114.3979408,30.5236469
6502960022,114.3990413,30.523639
6502960023,114.398602,30.5233212
6503011897,114.4039363,30.5205711
6505352881,114.3859581,30.5967245
6505352882,114.3865381,30.5966482
6505353286,114.3919939,30.5992242
6505353313,114.3855165,30.5960128
6505353370,114.3832211,30.5910566
6505353392,114.3878384,30.5897032
6505353477,114.3732136,30.5867082
6505353698,114.3503753,30.5832448
6505353700,114.3516606,30.5845245
6505353701,114.3496523,30.5837998
6505353705,114.3538483,30.5873941
6505394751,114.3469555,30.5858569
6505394759,114.3522927,30.5884014
6507420194,114.4040399,30.5215369
6507420200,114.4026104,30.5243938
6508153495,114.3937565,30.5113881
6508153502,114.3896418,30.5118581
6508153505,114.3905834,30.5125086
6508153506,114.3903299,30.5116924
6508153507,114.394615,30.5152446
6508153508,114.393756,30.5153921
6508153509,114.3948993,30.5166065
6508153512,114.3939802,30.5170637
6508153513,114.3943868,30.5173867
6508153514,114.3943051,30.5170119
6508233850,114.3969027,30.5251451
6508233851,114.3970357,30.5250098
6508233863,114.4011541,30.5305812
6508233867,114.4015631,30.5303422
6508233875,114.4019878,30.5296005
6508233880,114.4060942,30.5303773
6508258587,114.4039665,30.5319341
6508258588,114.4033811,30.5320881
6508258601,114.4065351,30.5308744
6508258608,114.4055377,30.5320109
6508258618,114.4078893,30.5329207
6508258619,114.4050304,30.529178
6508258633,114.4061118,30.5303972
6510368630,114.4362197,30.512397
6510368649,114.4486171,30.5166518
6510368665,114.4470604,30.5168959
6510375199,114.4620177,30.5260661
6510375200,114.461168,30.5257895
6510375204,114.4590478,30.524643
6510375207,114.4585349,30.5194192
6510375232,114.4597346,30.5251393
6510375235,114.4592111,30.5193989
6510375236,114.4604666,30.5255403
6510375238,114.4600605,30.5211245
6510375239,114.4598765,30.5193135
6510375245,114.4599623,30.5201586
6510375246,114.459289,30.5202018
6510375247,114.4586062,30.5202475
6510375248,114.4586976,30.5212523
6510375249,114.4593846,30.521186
6510375250,114.4607203,30.5210691
6510375251,114.4608175,30.5220146
6510375252,114.4601554,30.5220932
6510375253,114.4594809,30.5221775
6510375254,114.458794,30.5222645
6510375255,114.4588817,30.5231851
6510375256,114.4595717,30.5231246
6510375257,114.4602506,30.5230652
6510375258,114.4609197,30.5230066
6510375259,114.4596623,30.5240787
6510375260,114.4603409,30.524027
6510375261,114.461012,30.5239759
6510537496,114.4584339,30.5120414
6510537548,114.4741241,30.505311
6510537555,114.4701547,30.5057202
6510537561,114.466078,30.5062749
6514721038,114.3934647,30.5332085
6514721039,114.3934769,30.5335039
6514721042,114.3943625,30.5347527
6514721043,114.3947987,30.5349904
6514721052,114.3954713,30.5348171
6514721060,114.3949761,30.5337048
6514765002,114.397497,30.5287189
6514765008,114.3978778,30.5306966
6514765016,114.3984465,30.5295553
6514765019,114.4024874,30.5288797
6514765023,114.4015672,30.5297506
6514765027,114.3997148,30.5307024
6517392287,114.404221,30.5221764
6517392288,114.4097688,30.5200979
6517392289,114.4098779,30.5210151
6517392290,114.4117388,30.52086
6517392291,114.4049402,30.5186143
6559762760,114.4010795,30.5090122
6596275811,114.4368715,30.5308373
6600251771,114.2666168,30.5585482
6600251772,114.2653817,30.5609343
6600251774,114.2694667,30.5622586
6600289732,114.2637703,30.560932
6624482558,114.235348,30.5639507
6624482562,114.2314664,30.566082
6624482563,114.2318518,30.5667582
6624482566,114.2337496,30.5648062
6624482567,114.232333,30.5627862
6624482568,114.2330046,30.563744
6624482579,114.2342133,30.5620071
6624482580,114.234395,30.5621014
6624482583,114.2365219,30.5609388
6624482584,114.2355171,30.5614881
6624483585,114.2354083,30.561351
6624491687,114.2330675,30.5651835
6624491688,114.2320962,30.5638061
6771286624,114.1968137,30.5308832
6805911915,114.3235933,30.5121148
6805911916,114.330366,30.5107855
6805911917,114.3286013,30.5110272
6845262302,114.4209369,30.4959312
6845262307,114.4228314,30.4949902
6845262337,114.4178413,30.4971519
6845262360,114.4229398,30.4951515
6845262361,114.4230552,30.4951066
6845262362,114.4251858,30.4999165
6851571636,114.4163628,30.4679872
6852308561,114.4174594,30.4667299
6852308569,114.4245398,30.4675485
6861269085,114.46329,30.4736085
6861290124,114.4293263,30.465434
6861290125,114.4311949,30.4654895
6861290126,114.4314395,30.4655031
6861290127,114.4314294,30.4655742
6861290128,114.4311882,30.465572
6861290162,114.4223354,30.4706349
6861290163,114.4224075,30.4682907
6861387077,114.2638787,30.6240762
6861387084,114.264188,30.6238625
6861394589,114.2631273,30.6293803
6861394601,114.2550876,30.6342592
6861394609,114.252838,30.6369368
6861394611,114.249866,30.6425587
6864174254,114.2376882,30.5226844
6864174268,114.2417611,30.5197074
6864174269,114.238019,30.5212365
6864179585,114.2393556,30.520714
6864179624,114.2405158,30.5236407
6864179626,114.2424226,30.5195779
6864179631,114.2402886,30.5223476
6864179633,114.2372521,30.5189529
6864179638,114.2406983,30.5199051
6868767874,114.3933347,30.5071797
6868767880,114.3936425,30.5071508
6868783278,114.2423903,30.5652465
6868869285,114.2419417,30.5654601
6868869299,114.2386261,30.5588721
6868869307,114.2381991,30.5590478
6868869317,114.2392642,30.5618076
6868869322,114.2423166,30.5594641
6868869325,114.2368359,30.5634856
6868869343,114.2367746,30.5634368
6868869350,114.2398764,30.5613805
6868869351,114.2395315,30.5616219
6868869353,114.2403299,30.5629745
6868869357,114.2406447,30.5632858
6868869358,114.240908,30.5633955
6868869362,114.2407144,30.5629107
6868869363,114.2383303,30.5627142
6868869366,114.2393025,30.5617808
6868869370,114.2396471,30.5618215
6868869376,114.2399732,30.5615552
6868869380,114.2396113,30.5617586
6868869381,114.2393184,30.5611966
6868869390,114.2396695,30.5610021
6868869391,114.2391412,30.5615583
6868869397,114.2392449,30.5610549
6868869405,114.2396374,30.5609352
6868869411,114.239948,30.560993
6868869412,114.2397406,30.5611383
6868869413,114.2394071,30.5613736
6868869420,114.2383135,30.5624707
6868869425,114.2380489,30.5626548
6868869431,114.2369895,30.5633883
6868869434,114.2375761,30.5679348
6868869435,114.2393981,30.5666809
6868962757,114.2507508,30.5719859
6868962764,114.2486524,30.5721919
6868962768,114.2458393,30.5745737
6868989218,114.2460397,30.5732643
6868989235,114.2472713,30.5838847
6868989262,114.2471209,30.5799151
6868989291,114.2492532,30.580425
6868989296,114.2519796,30.5801877
6868989313,114.2461261,30.5891431
6868989316,114.2457239,30.5913392
6870973614,114.2355647,30.5222097
6870973625,114.2419784,30.5163382
6870973642,114.2442778,30.5187556
6870973645,114.2493116,30.5153281
6870973650,114.2206258,30.5296444
6871098177,114.2625417,30.5556357
6871539702,114.2491775,30.5151956
6871539706,114.2459721,30.5179527
6871539709,114.2443166,30.5186271
6871539710,114.245882,30.5171153
6872564072,114.248281,30.5156692
6872598526,114.2484068,30.5161981
6880302276,114.2682345,30.5025632
6880302277,114.2716043,30.4996078
6880302280,114.2676848,30.5017886
6880302281,114.2715189,30.4994754
6880333189,114.2653898,30.4993115
6880333190,114.2654455,30.4992416
6880333198,114.2693693,30.5007742
6880333200,114.2695924,30.5014128
6914328310,114.2878204,30.4801823
6914328311,114.2878177,30.4802658
6914328312,114.2744864,30.4806435
6914328313,114.2743527,30.4806834
6914328314,114.2742949,30.4805928
6914328315,114.2744239,30.4805487
6914328316,114.2759656,30.4802257
6914328318,114.2760905,30.4803364
6914328320,114.2760391,30.4802157
6914328321,114.2760198,30.4803493
6914349242,114.2877476,30.484786
6914349249,114.2818732,30.488086
6914349254,114.2818731,30.4882068
6914349255,114.2876769,30.4881814
6914349256,114.2874734,30.488181
6914349257,114.287679,30.4880835
6914349258,114.2874744,30.4880869
6914401814,114.2742716,30.480329
6914401818,114.274712,30.4804876
6914401819,114.2739576,30.480716
6914401824,114.27414,30.4803639
6914401831,114.2768573,30.4761976
6914401832,114.2778731,30.4802041
6914401834,114.2777442,30.4800772
6914401835,114.2778409,30.4800751
6914401836,114.2821818,30.4821975
6914401837,114.2908048,30.4822612
6914401838,114.2877972,30.4822397
6914401839,114.2875526,30.4822389
6914401843,114.2937076,30.4724527
6914401846,114.2934067,30.4915612
6914401847,114.2936204,30.4922565
6914401849,114.2937967,30.4723889
6914401852,114.2934496,30.4880647
6914401853,114.2934486,30.4881584
6914401854,114.2936642,30.4881579
6914401856,114.2936653,30.4880632
6914401858,114.2937891,30.4802291
6914401859,114.2935595,30.4802273
6914401860,114.2937873,30.4803302
6914401861,114.2935577,30.4803277
6914401862,114.2937437,30.4758006
6914401863,114.2936368,30.4757953
6914401864,114.2937523,30.4758949
6914401865,114.2936343,30.4759118
6914425454,114.2934944,30.495956
6914425459,114.2934993,30.4958098
6914425470,114.2874348,30.4959567
6914425471,114.2876326,30.495953
6914658058,114.2566602,30.4861148
6914658059,114.2548378,30.4873162
6914658064,114.2547335,30.487852
6914658065,114.2547614,30.4872365
6914658070,114.2541172,30.4872474
6914663485,114.2538575,30.4798384
6914663491,114.2688392,30.4935039
6914663494,114.2801066,30.502038
6914663495,114.2801944,30.5019666
6914663498,114.2688953,30.4934596
6914663502,114.2539618,30.4797528
6914663503,114.2568049,30.4823316
6914663505,114.2590034,30.4847698
6914663506,114.2590692,30.4848434
6914663507,114.2566872,30.4824046
6914663508,114.258908,30.4848264
6914663509,114.2589749,30.4848994
6914731354,114.3879183,30.5004242
6914731355,114.3926448,30.5001816
6914731378,114.3927056,30.5003513
6914731379,114.3926677,30.5003532
6914731381,114.3835059,30.5020595
6914731383,114.3839863,30.5015033
6914731384,114.3848019,30.5010669
6914766689,114.384908,30.5012346
6914766691,114.3851043,30.4947383
6914766692,114.381084,30.495308
6914766693,114.3826781,30.4950961
6915679315,114.3838003,30.4929399
6915679322,114.380925,30.4939938
6915679323,114.3824762,30.4941554
6915679369,114.2707393,30.4824379
6915679370,114.2706591,30.4823226
6915679371,114.2831101,30.4997104
6915679375,114.2688119,30.4795849
6922784034,114.4295934,30.4885424
6922784036,114.4322097,30.487958
6922784040,114.4296824,30.4885213
6922784042,114.4297062,30.4886116
6922784046,114.4293439,30.4864942
6922784047,114.4285122,30.4867084
6922784049,114.4282577,30.4868984
6922784050,114.429351,30.4865904
6922784052,114.4296186,30.4886398
6922784053,114.4292787,30.4866329
6922784054,114.4292707,30.486533
6922784059,114.4362487,30.4824869
6922784063,114.4322958,30.4852408
6923707416,114.2814365,30.492372
6923707444,114.3336325,30.4894216
6923707455,114.3296886,30.4898314
6923707468,114.3319163,30.4891847
6923707480,114.3340293,30.490969
6923707483,114.3340885,30.492413
6936295743,114.3068865,30.5757103
6936295754,114.3104778,30.5733371
6936295755,114.3069159,30.5757691
6936295772,114.311163,30.5740573
6936295773,114.3070079,30.5757145
6936295774,114.3069777,30.575657
6936295782,114.3144589,30.5775837
6936295784,114.314548,30.5775149
6936297685,114.3144175,30.577541
6936297687,114.3154892,30.5767679
6936297696,114.3180394,30.5749853
6936297705,114.317814,30.5747491
6936297712,114.3145048,30.5774739
6937363621,114.5114767,30.4606749
6952913990,114.5097914,30.4754386
6952914009,114.5220925,30.4731053
6952914019,114.5167326,30.4725814
6952914024,114.5170653,30.4726175
6952914028,114.5159472,30.4754161
6952914033,114.5169358,30.4726041
6952914036,114.5279478,30.4759858
6952914040,114.5381286,30.4746893
6952914041,114.544531,30.4727846
6952914044,114.525507,30.4758389
6952914051,114.516019,30.4752752
6952914052,114.5158667,30.475268
6952914054,114.5097842,30.4752879
6952914072,114.5216595,30.4755902
6952914073,114.5216744,30.475423
6952914074,114.5217359,30.4755936
6952914075,114.5216744,30.4732433
6952914081,114.521273,30.4730408
6952914083,114.5129232,30.4831931
6952914084,114.5128946,30.4809964
6952914087,114.5128871,30.4764241
6952914088,114.5129011,30.4754303
6952914089,114.5129033,30.475299
6952914090,114.5128494,30.472284
6984995931,114.3251648,30.5117771
6984995932,114.326878,30.5113502
6984995933,114.3268596,30.5112819
6984995934,114.3285839,30.5109622
6985021434,114.2877051,30.53062
6985021435,114.2875737,30.5302457
6985021436,114.2879116,30.5301649
6985021463,114.2658765,30.5001932
7018253638,114.3331234,30.490389
7018253667,114.3361189,30.4886028
7018253679,114.336219,30.4884503
7022966528,114.5580762,30.4889415
7022966610,114.5361278,30.4666237
7022966613,114.5372834,30.4696488
7022966614,114.5371627,30.4697133
7022966615,114.5359809,30.4666468
7022966656,114.5356018,30.4648511
7022966657,114.5354314,30.4648587
7041282295,114.4294264,30.4666065
7041282296,114.4209353,30.4643531
7056024999,114.2134691,30.6134215
7056025000,114.213511,30.6151413
7056025005,114.2131993,30.6148801
7056025010,114.2136973,30.6136859
7056025011,114.2138968,30.612656
7056025017,114.2141771,30.6147053
7056025018,114.2141557,30.6144058
7056025030,114.2126772,30.6236345
7056025031,114.2125056,30.6240402
7056025041,114.2126421,30.6254797
7056025046,114.2124347,30.6254733
7056025051,114.212657,30.6240482
7056025053,114.1984405,30.5963881
7056025055,114.1987915,30.598526
7056025063,114.1995345,30.603006
7056025064,114.1995631,30.6031873
7056025066,114.1984885,30.5987696
7056025067,114.1926692,30.599103
7056025081,114.1935024,30.6018857
7056025215,114.1811648,30.5882361
7056025241,114.2074816,30.5848668
7059127309,114.337708,30.4739751
7059127313,114.3375549,30.4711202
7076775236,114.1968342,30.6115278
7097958255,114.3379551,30.5134601
7097958256,114.3381641,30.5134272
7097958259,114.3140959,30.5227805
7097958266,114.3141502,30.5229829
7115765458,114.3015349,30.5665136
7115765463,114.3043401,30.5655822
7115800222,114.3026566,30.5663379
7115808933,114.3037983,30.5658453
7115808934,114.304523,30.5669093
7115808935,114.302866,30.5663279
7115808937,114.3035401,30.565821
7115808959,114.3014562,30.5663919
7115808962,114.3024713,30.5659018
7115808973,114.3015439,30.5644993
7115808975,114.3012634,30.5644858
7115808977,114.3009315,30.5640935
7115808983,114.3040972,30.5651716
7115808984,114.3030695,30.5651293
7115820587,114.303463,30.5654494
7115820588,114.3016124,30.5663145
7115820595,114.3015128,30.5647375
7140534362,114.3079032,30.5690209
7140534363,114.3072338,30.5693962
7140534364,114.3091915,30.5700884
7140575737,114.3037326,30.5698095
7140575738,114.3063971,30.5685917
7150348305,114.2495728,30.6167627
7150348309,114.2463522,30.619226
7150348316,114.2443182,30.6184546
7150348317,114.2623288,30.6162602
7150348322,114.2603553,30.6129597
7150411313,114.2642503,30.6120955
7150411321,114.2712003,30.6139895
7150411323,114.2721945,30.6134539
7150411324,114.2719793,30.6145117
7150411330,114.2717878,30.618352
7150411331,114.2731279,30.6209992
7150411343,114.2736375,30.6224561
7150411355,114.2768396,30.620953
7150411358,114.2791083,30.6181847
7150411360,114.2767474,30.6189163
7150411361,114.2789917,30.6162799
7150411363,114.2806347,30.6182237
7150411367,114.2830521,30.6178359
7150411368,114.2836046,30.6175727
7150411369,114.2775394,30.6114659
7150411370,114.27764,30.6116719
7150411376,114.2801985,30.6166347
7150411377,114.2756439,30.6103785
7150411378,114.2734377,30.6111815
7150411380,114.2723304,30.6086489
7150411384,114.2699465,30.6109073
7150417187,114.2708566,30.6125452
7150417188,114.272564,30.6124717
7150417189,114.2809431,30.6102336
7150417191,114.2814342,30.6103584
7150417192,114.2839153,30.6081874
7150417193,114.2829289,30.6086998
7150417194,114.2884754,30.6092426
7150417202,114.2852007,30.6147285
7150417205,114.2863351,30.613395
7150417206,114.2851108,30.6147987
7150417210,114.2841625,30.6165519
7150417211,114.2832452,30.6153931
7150417214,114.2846238,30.6172029
7150417218,114.2897201,30.6155663
7150417221,114.2881698,30.6172526
7150417222,114.2910433,30.6164394
7150417224,114.289248,30.618173
7150417225,114.2908466,30.6162993
7150417234,114.2914796,30.6143591
7150417235,114.2929287,30.6134455
7150417239,114.2943871,30.61851
7150417241,114.2935663,30.6166213
7150417242,114.2958198,30.614793
7150417248,114.2969837,30.6135193
7150417250,114.2986251,30.6130717
7150417255,114.2972251,30.6144192
7150417258,114.2989444,30.6139477
7150417259,114.3000201,30.6136573
7150417260,114.2974995,30.6154859
7150417264,114.2979486,30.6171521
7150417266,114.2982491,30.6183025
7150417267,114.296029,30.6153929
7150417273,114.3009878,30.6115131
7150417275,114.3017748,30.6166298
7150417282,114.3017524,30.6203925
7150417283,114.2975038,30.6172948
7150417286,114.2970434,30.620086
7150417287,114.2986898,30.622553
7150417289,114.2986952,30.6231393
7150417293,114.2982447,30.6257457
7150417298,114.3011654,30.6224329
7150417299,114.2912165,30.6232142
7150417300,114.2913667,30.6237541
7150417303,114.2920104,30.6259609
7150417304,114.2903423,30.6239664
7150417305,114.2899668,30.6228953
7150417309,114.2907928,30.625397
7153019279,114.2565041,30.6228537
7153019282,114.2606616,30.6240401
7153032671,114.2571833,30.6203973
7153032672,114.2570595,30.6203834
7153032675,114.2558068,30.6200562
7153032684,114.255071,30.6209185
7153036788,114.2552955,30.6209485
7153036789,114.2556389,30.6199341
7153036802,114.2600201,30.6195417
7153048486,114.2635919,30.624355
7153048487,114.256193,30.6227937
7153048491,114.2546373,30.6222675
7153048495,114.2606517,30.6197209
7154149994,114.4155113,30.5151603
7154150072,114.430091,30.5342911
7154150077,114.4308793,30.5340324
7154150080,114.4305415,30.5339671
7154150085,114.411785,30.5388018
7154150088,114.4081345,30.5373554
7154150091,114.4069728,30.5380153
7154150092,114.4081867,30.5375979
7154150111,114.4043603,30.5411265
7154150118,114.4035128,30.5387188
7154171928,114.3991031,30.5403488
7154171931,114.3979613,30.5403683
7154171939,114.3988944,30.5403178
7154171940,114.3996879,30.5402423
7154171953,114.4027564,30.5400563
7154178068,114.3747255,30.5191219
7154182726,114.4099112,30.5354119
7154182732,114.409463,30.5346209
7154182733,114.4070941,30.5324634
7154182734,114.4076799,30.5321968
7154182735,114.40314,30.5321344
7154182740,114.4007757,30.535687
7154184125,114.3866172,30.5244523
7154184129,114.3878352,30.523123
7154184130,114.3883683,30.5230726
7154184131,114.38824,30.5215394
7154184132,114.3888857,30.5215348
7154184133,114.3869395,30.5206401
7154184134,114.3861941,30.5208049
7154184158,114.3741204,30.5235755
7154184159,114.3732387,30.5237709
7154184166,114.3747764,30.5218284
7154185640,114.282863,30.6249933
7154185657,114.2702955,30.6261716
7154185659,114.2650196,30.6250614
7154185661,114.2681122,30.6257031
7154185662,114.2697607,30.6223101
7154185663,114.2690322,30.6238104
7154185727,114.2547391,30.6326973
7154185729,114.2553203,30.6320275
7154185730,114.2547385,30.6304659
7154185731,114.2563977,30.6327353
7154185733,114.2541352,30.6313
7154185736,114.2521166,30.6298372
7154185737,114.2513216,30.6307553
7154185739,114.2509671,30.6317457
7154206506,114.3650248,30.5145972
7154206514,114.3678474,30.5146249
7154206522,114.3594504,30.5179939
7154206527,114.3547365,30.5146334
7154206529,114.3508307,30.517754
7154206530,114.3470929,30.5243894
7154206531,114.3470822,30.5241544
7154206532,114.3470769,30.5240587
7154206541,114.3281649,30.5321442
7154206544,114.3277191,30.5354157
7154206548,114.326558,30.5334317
7154206551,114.3291275,30.5367988
7154206557,114.3336811,30.5378073
7154206561,114.3377578,30.5388187
7154206563,114.33361,30.5424377
7154206575,114.3553901,30.5120621
7154206577,114.3438155,30.5026903
7154206578,114.3437663,30.5030048
7154206590,114.3426933,30.5069264
7154206596,114.3420514,30.5033066
7154206599,114.3431496,30.5026736
7154206600,114.3302966,30.5061681
7154206603,114.3199381,30.5050742
7154206605,114.3216274,30.5046884
7154206611,114.3257814,30.5034851
7154206612,114.3179141,30.4996844
7154206618,114.3208821,30.4962199
7154206620,114.3208446,30.4970983
7154206627,114.3202224,30.4962137
7154206643,114.3198037,30.4884828
7154206644,114.3160906,30.489099
7154206653,114.3169928,30.4889311
7154206654,114.3158613,30.484376
7154206656,114.318327,30.4861411
7154206658,114.3180067,30.4842638
7154206659,114.3207937,30.4873622
7154206670,114.3206162,30.4865325
7154206671,114.3118852,30.4857642
7154206674,114.3118048,30.4845363
7154206675,114.3114642,30.4797587
7154206679,114.3117994,30.4844734
7154206680,114.3416184,30.5073622
7154206681,114.3413533,30.5074771
7154206685,114.3080566,30.4848668
7156903280,114.2807459,30.6710759
7156903281,114.2772719,30.6698284
7156903282,114.2768641,30.6707546
7156903283,114.2788752,30.6665527
7156939669,114.280322,30.67196
7157578621,114.2580063,30.6000615
7157578623,114.2618359,30.6064017
7157578628,114.2558534,30.6074491
7157578632,114.2725945,30.6015276
7159564900,114.2656526,30.5447411
7159564901,114.2653809,30.5455101
7159564902,114.2653039,30.5457321
7159564908,114.2670374,30.5498595
7159564909,114.2676406,30.5472335
7159632306,114.255153,30.6259277
7159632307,114.2552277,30.6259551
7159632308,114.2551778,30.6258688
7159632309,114.2552597,30.6258899
7160832674,114.2551571,30.5357987
7160832675,114.2534057,30.5339539
7160832676,114.2601973,30.5351889
7160832677,114.2601039,30.5352479
7160832684,114.2570092,30.5400987
7160849911,114.2418708,30.5312763
7160849912,114.247427,30.5382706
7160849914,114.248399,30.5402516
7160849915,114.2432422,30.5338204
7160849926,114.2496103,30.5401977
7160849932,114.2459008,30.5436346
7160849936,114.2496237,30.5404052
7160875785,114.256761,30.540393
7170382600,114.2972589,30.5889505
7170382601,114.2963579,30.5892908
7178800021,114.3538069,30.6689668
7178831308,114.2450361,30.569475
7178831313,114.2563175,30.5716365
7178831314,114.2558212,30.5762869
7178831318,114.2559853,30.5746264
7178831325,114.2563329,30.5715164
7178831326,114.2451179,30.5695793
7178831327,114.256494,30.5706499
7178831333,114.2562051,30.567088
7178831335,114.2558342,30.5761767
7178831339,114.2560973,30.5735706
7178831340,114.2556678,30.5778256
7178831343,114.2562935,30.5674073
7178831345,114.25643,30.5683383
7178831348,114.2562284,30.567163
7178873140,114.2665824,30.5840017
7178878583,114.2668591,30.5968194
7178879888,114.3122332,30.6320042
7178879889,114.3126672,30.636116
7178879894,114.2720333,30.6180813
7178879905,114.2644242,30.5978082
7178879910,114.2671635,30.6231003
7178879911,114.268551,30.6218904
7178879915,114.3132264,30.6349152
7178879923,114.2776087,30.6115952
7178879930,114.2698919,30.621986
7178879945,114.2637311,30.6101992
7178879947,114.2795064,30.6206424
7178879948,114.2805312,30.6132413
7178879956,114.2850238,30.6207471
7178879957,114.2731041,30.6209307
7178879962,114.3099694,30.632835
7178879963,114.2805102,30.6182258
7178879978,114.2809953,30.6097697
7178879979,114.2805653,30.6165681
7178879986,114.2819649,30.6203375
7178879994,114.3107391,30.6356637
7178879995,114.270433,30.6208517
7178879998,114.2724934,30.617481
7178880000,114.2804457,30.6205571
7178880008,114.2739223,30.6155981
7178880009,114.2704932,30.620789
7178880013,114.2673264,30.5957303
7178880017,114.275459,30.6210369
7178880021,114.2705659,30.6208107
7178880022,114.3107954,30.6289519
7178880029,114.3108017,30.6290882
7178880030,114.3131019,30.6349407
7178880041,114.2804463,30.620474
7178880047,114.3068134,30.6238588
7178880057,114.3108752,30.6166667
7178880058,114.3118905,30.6353443
7178880063,114.2665427,30.6166001
7178880068,114.3124449,30.6360685
7190268914,114.4806944,30.4735425
7215552538,114.2606583,30.6211664
7215552541,114.2651359,30.6216072
7215552546,114.2584601,30.6103299
7216530624,114.269021,30.5878916
7216530628,114.268607,30.5877739
7216530632,114.2703809,30.5885186
7216530741,114.2698341,30.5852925
7216531557,114.2535397,30.5855619
7216531559,114.2533546,30.5843708
7216532182,114.2489207,30.5800694
7216532215,114.2458626,30.5793548
7216532239,114.2466075,30.5783012
7216532241,114.2515186,30.5800837
7216532257,114.2478301,30.5807632
7216532270,114.2428505,30.5779356
7216532277,114.2536754,30.5802025
7216532282,114.2560916,30.5808665
7216532284,114.2564465,30.581006
7216532286,114.2578837,30.5816206
7216532313,114.2563667,30.5829923
7216532314,114.2563507,30.5834719
7216532315,114.2563133,30.5839212
7216532316,114.2563011,30.5845131
7216532321,114.255521,30.583455
7216532326,114.2578708,30.5839502
7216532327,114.2555078,30.5839062
7216532357,114.2555352,30.5829732
7216532366,114.2547241,30.5879735
7216532369,114.2539676,30.5878709
7216532374,114.2549223,30.584428
7216532375,114.2509615,30.5841603
7216532379,114.2521637,30.5842827
7216532381,114.2528397,30.584352
7216532383,114.2589779,30.5849489
7216532386,114.2573108,30.5857812
7216532388,114.2554951,30.5844489
7216532389,114.2576227,30.5860164
7216554375,114.2475099,30.5802972
7216601028,114.2794298,30.5881161
7216601040,114.280024,30.5881555
7216601045,114.2554452,30.5800085
7216601049,114.2555551,30.5801251
7216601065,114.2551513,30.580083
7216601068,114.2556825,30.5804159
7217380402,114.2343114,30.5954786
7217380411,114.2392282,30.5955952
7217380413,114.2339692,30.5940283
7217380414,114.2348602,30.5970995
7217380419,114.2361376,30.6019305
7217380420,114.2361005,30.60179
7217380433,114.2481993,30.6020517
7217380440,114.2480656,30.604556
7217380447,114.2517079,30.6013474
7217380452,114.2447474,30.6001918
7217380463,114.2385991,30.5971766
7217380464,114.2393608,30.5956422
7217380468,114.2385545,30.6013856
7217380470,114.2415127,30.6008053
7217380471,114.2417848,30.6007509
7217380480,114.2429288,30.5957055
7217380483,114.2428006,30.5956131
7217380484,114.2428298,30.5957252
7217427468,114.2425035,30.603539
7217427469,114.2422419,30.6035892
7217427470,114.2420456,30.6038288
7217427471,114.2428398,30.6036709
7217427480,114.2392839,30.5957943
7218133981,114.2266808,30.5804972
7218151400,114.2260875,30.5827142
7218151435,114.2202962,30.5836248
7218151436,114.2203636,30.5832486
7218151437,114.2201089,30.5834266
7218151463,114.2207919,30.5829494
7218151509,114.2197405,30.5826465
7218151617,114.2228355,30.5872182
7218151621,114.2228179,30.5877517
7218151631,114.2375287,30.5746192
7218151634,114.2365509,30.575283
7218151635,114.235702,30.5751369
7218151636,114.2355329,30.5758315
7218151642,114.2350723,30.5752461
7218151646,114.2310659,30.5804076
7221376524,114.5282277,30.4831638
7221376525,114.5293998,30.4831453
7221376526,114.5282703,30.4830835
7221376528,114.5289207,30.4831529
7221376531,114.5289194,30.4830796
7221376532,114.5328277,30.4830786
7221376542,114.5286617,30.491772
7221376543,114.5263738,30.4982827
7221376545,114.528088,30.4941195
7221376550,114.5286966,30.4911294
7221376557,114.5244598,30.5029511
7221376563,114.5208603,30.5011367
7221376570,114.5288596,30.5049263
7221376573,114.5376591,30.5092376
7221391897,114.4043172,30.5063214
7221391918,114.4010888,30.5082608
7221412129,114.5247099,30.502947
7221412130,114.5244997,30.5028545
7221412131,114.5287046,30.4874041
7221412132,114.5287052,30.4874777
7221412137,114.5351154,30.4907644
7221412138,114.5356492,30.4907807
7221412140,114.5289535,30.4874024
7221412141,114.5354317,30.4874588
7221412142,114.5289527,30.4874728
7221412143,114.5151652,30.4875424
7221412144,114.5218217,30.4875088
7221412145,114.5353605,30.4875354
7221412146,114.5354383,30.4875352
7221412147,114.5356602,30.4853513
7221412148,114.5369244,30.4809024
7221412149,114.5376954,30.4785343
7221412150,114.5328213,30.4785563
7221412151,114.5375893,30.4785356
7221412152,114.5376658,30.4786392
7221412154,114.5133498,30.491187
7221412157,114.5129711,30.4875533
7221412158,114.5129691,30.4874731
7221412162,114.5109469,30.4854393
7221412163,114.512919,30.4854211
7221412165,114.5134074,30.4933429
7221412166,114.5096629,30.4972286
7221412167,114.5115094,30.4933501
7227313002,114.3860642,30.6193928
7227313003,114.3852121,30.6193949
7227313184,114.3816089,30.6125585
7227313185,114.3817649,30.6125597
7227313196,114.3855312,30.6167912
7227313199,114.3816741,30.6165557
7227313200,114.3815117,30.6165442
7227316393,114.399443,30.6170703
7227316394,114.3950498,30.6170705
7227316395,114.3910217,30.6170751
7227316398,114.4014448,30.6205398
7227316404,114.3994652,30.6201635
7227316405,114.4023219,30.6192425
7227316407,114.3994608,30.6192494
7227347420,114.3627681,30.6096901
7227347421,114.3617293,30.6093074
7227347422,114.3616126,30.6115466
7227347427,114.3648049,30.6064901
7227347429,114.3656212,30.6048335
7227374356,114.382049,30.6112487
7227374359,114.377618,30.609508
7227374523,114.3798237,30.6058978
7227374525,114.3826115,30.6101413
7227374526,114.3824594,30.6100906
7227374528,114.3739622,30.6067609
7227374533,114.375591,30.6039389
7227374539,114.3735794,30.597862
7227374542,114.3766217,30.5926143
7227374550,114.3852811,30.602296
7227374551,114.3853776,30.6023283
7227374671,114.3905335,30.6087607
7227374672,114.3905631,30.6085514
7227374871,114.4059346,30.6170356
7227374875,114.4084706,30.6142929
7227374877,114.4028985,30.6139819
7227374887,114.4082148,30.6170706
7227624527,114.3620627,30.5966124
7227624534,114.3597661,30.6039878
7227624535,114.3606055,30.6022779
7227624537,114.357698,30.6012137
7227625018,114.3550929,30.5963589
7227625036,114.3628103,30.6011235
7227625039,114.3636423,30.6015276
7227625273,114.3667108,30.6094499
7227649500,114.3689953,30.5797547
7227649501,114.3688595,30.5797973
7227649503,114.3664058,30.5803422
7229678932,114.2932847,30.5457045
7229678933,114.2939265,30.5456544
7229765806,114.2941874,30.5463808
7229765810,114.2951937,30.5463241
7230701731,114.3802661,30.5964622
7230701734,114.379957,30.596976
7230701735,114.3798785,30.597111
7230701736,114.3827498,30.5980622
7230701741,114.3751168,30.5951277
7230783610,114.368976,30.6224868
7230791032,114.3817311,30.6289741
7230791813,114.3765585,30.6196363
7230801846,114.378418,30.6269817
7230801847,114.3797889,30.6277818
7230801848,114.3799394,30.627456
7230812514,114.3727369,30.6309308
7230812516,114.3691853,30.628788
7230845348,114.3546615,30.6246295
7230845350,114.3589819,30.6273751
7230845352,114.3628101,30.6298211
7230845353,114.362908,30.629878
7230845359,114.3558947,30.6233245
7230845362,114.366445,30.6320882
7230845363,114.3699725,30.6342414
7230845366,114.3736554,30.636494
7230883794,114.3729862,30.6393061
7230885076,114.3560239,30.6254756
7230885077,114.3571258,30.6240702
7232485266,114.3080289,30.651097
7232495134,114.3169255,30.6482248
7232495576,114.327197,30.6723094
7232495579,114.329567,30.6674656
7232495582,114.3256832,30.6658511
7232495583,114.3255638,30.6658316
7232506362,114.3004328,30.6465751
7232506364,114.2994783,30.6493854
7232506365,114.2999151,30.6480611
7232506368,114.302242,30.6489282
7232506373,114.3050568,30.6500618
7232531427,114.3004895,30.6530883
7232531428,114.3017159,30.6501898
7232540837,114.3219048,30.6710084
7232558601,114.3161049,30.6663521
7232612059,114.3072849,30.6451959
7232612063,114.309154,30.6413326
7232629370,114.3011141,30.6706401
7232629376,114.2952052,30.6687091
7232629379,114.2966789,30.6663546
7232629380,114.3000296,30.6632382
7232634519,114.3129065,30.6375614
7232634520,114.3109185,30.6377891
7232634521,114.3127334,30.6381774
7232634523,114.313864,30.6385146
7232634537,114.3124517,30.6393774
7232634538,114.3112045,30.6400629
7232634554,114.3169927,30.6412373
7232634563,114.3119045,30.6428692
7232634573,114.3144885,30.638136
7232650674,114.2436328,30.6519943
7232650676,114.2460347,30.6531857
7232650677,114.2472339,30.6537791
7232650678,114.2455199,30.6539406
7232650680,114.2467135,30.6522326
7232650681,114.2474006,30.6538725
7232650682,114.2474927,30.6539303
7232650683,114.2507351,30.6555384
7232653516,114.2884519,30.6606037
7232653520,114.2837189,30.6587415
7232653522,114.2807721,30.657218
7232653524,114.2771247,30.6554211
7232653528,114.2778789,30.653332
7232653529,114.2789007,30.6507379
7232653574,114.2746469,30.6520919
7232653578,114.2745167,30.6513283
7232653579,114.2749733,30.651917
7232659587,114.2822843,30.6550336
7232659589,114.2850891,30.6567862
7232659593,114.2878731,30.6574882
7232659594,114.2880132,30.6574762
7232659595,114.2895313,30.6561334
7232659598,114.2836472,30.6531197
7232659602,114.2877341,30.6552012
7232659607,114.2851825,30.6509701
7232659608,114.2844629,30.6504794
7232659618,114.2885641,30.6605278
7232659624,114.2878037,30.6552251
7232659625,114.2876612,30.6551591
7232659633,114.2846682,30.6628849
7232659656,114.2789052,30.6599115
7232659657,114.2789687,30.6598327
7232659666,114.2872937,30.6497663
7232659667,114.2862546,30.6544644
7232659670,114.2819128,30.661373
7232659671,114.2818508,30.6614468
7232659672,114.2808554,30.6628398
7232659673,114.2878893,30.6639521
7232659683,114.276866,30.6587108
7232659775,114.2744581,30.6682419
7232659777,114.2703113,30.6684873
7232659778,114.2703895,30.6683697
7232659779,114.2711851,30.6670127
7232670185,114.256883,30.658249
7232670186,114.2590031,30.6591412
7232670187,114.2572776,30.6619049
7232670190,114.2606573,30.6565078
7232670191,114.2617607,30.6569725
7232670199,114.2709276,30.6562333
7232670200,114.2707429,30.6564066
7232670201,114.2702606,30.656038
7232670219,114.2745061,30.6522178
7232670220,114.2742169,30.6522746
7232670221,114.2742544,30.65245
7232670222,114.2745348,30.6524086
7232993504,114.234955,30.6335498
7232993506,114.234704,30.6320893
7232993509,114.2348474,30.6301252
7232993511,114.233023,30.6289436
7233004112,114.2383102,30.6353919
7233004114,114.2390613,30.6334945
7233048699,114.2431713,30.6374765
7233099366,114.2702081,30.6353758
7233099367,114.2703589,30.6356044
7233099368,114.2705738,30.6351973
7233099380,114.2707029,30.6354933
7233099381,114.2687358,30.6313191
7233099382,114.2686788,30.6313885
7233099383,114.267249,30.634067
7233099384,114.2646742,30.6331141
7233154385,114.2659525,30.6303081
7233154386,114.2659229,30.6303836
7233154387,114.2658856,30.6304756
7233154390,114.264637,30.6331893
7233154392,114.2631713,30.6350262
7233154393,114.2630957,30.6351092
7233154394,114.2617253,30.6368228
7233154396,114.259543,30.6394159
7233161009,114.2630277,30.6293553
7233161010,114.2629558,30.6294257
7233161011,114.2629039,30.6294962
7233161013,114.261621,30.631064
7233161014,114.2615828,30.6311257
7233161017,114.2600679,30.6329425
7233161018,114.260005,30.6329986
7233161019,114.2585534,30.6346491
7233161072,114.2659984,30.630225
7233179332,114.256116,30.6438219
7233179334,114.2635197,30.6482683
7233179335,114.2631501,30.6489288
7233179337,114.2594755,30.6457213
7233179342,114.2632635,30.6415439
7233179343,114.2689852,30.6450375
7233179346,114.2704964,30.6421822
7233179350,114.2719038,30.6392905
7233179351,114.2719494,30.6391784
7233461589,114.2617024,30.6432746
7235343214,114.2652938,30.6507154
7235350847,114.3059,30.6577139
7235350851,114.3064907,30.6583999
7235350852,114.3068344,30.6580127
7235350855,114.306676,30.6586021
7235350859,114.3071192,30.6581075
7235350860,114.3061723,30.6571966
7235350863,114.3057738,30.6576745
7235357723,114.2751012,30.6672377
7235357725,114.2758809,30.6658446
7235357736,114.2730958,30.6594685
7235357749,114.2755489,30.6657134
7235357752,114.2750493,30.6670853
7235357762,114.2715964,30.6648563
7235363846,114.274083,30.6517538
7235363847,114.2743282,30.6510709
7235363855,114.2716647,30.6467911
7235363857,114.2728017,30.6432907
7235363860,114.2743329,30.6484233
7235363892,114.265911,30.6509081
7235363916,114.2695901,30.6483011
7235375773,114.2784736,30.6605455
7235406825,114.2887006,30.6749188
7239273289,114.3322568,30.5102844
7241074856,114.166419,30.567089
7241082958,114.2702524,30.635274
7241082962,114.2649937,30.6263764
7241082969,114.2632787,30.6293636
7241082970,114.2628974,30.6293207
7241082979,114.26493,30.6263617
7241517376,114.2548113,30.4775986
7241517382,114.2500879,30.4836338
7241517383,114.2502353,30.483531
7241542785,114.2521069,30.4817772
7241542790,114.2560831,30.4783311
7241542793,114.2513125,30.4815265
7241542794,114.2516764,30.4815515
7241542795,114.2511847,30.4821271
7241542799,114.2533391,30.4800173
7271085110,114.3953569,30.5185764
7281336492,114.3926992,30.5084292
7281336505,114.3916488,30.5090938
7281336511,114.391807,30.5093524
7281336521,114.3884016,30.5111707
7281336558,114.393929,30.5095378
7281336559,114.3935782,30.5095971
7281336562,114.4031414,30.5098675
7281336573,114.4038269,30.5099683
7281336578,114.3983023,30.5090728
7281336581,114.4023152,30.5093643
7281336594,114.398446,30.5092557
7281336598,114.398146,30.509212
7281336601,114.3983049,30.5089103
7281336619,114.3979502,30.5091874
7281336620,114.3979692,30.5088614
7281789514,114.3344637,30.5141258
7281789523,114.3323135,30.5103602
7281789529,114.3311091,30.5086863
7281789558,114.3225222,30.5120574
7281789562,114.3299417,30.4984052
7281878528,114.4008464,30.4997699
7281878535,114.3747624,30.5071833
7281878563,114.3748608,30.5074442
7281878567,114.376765,30.5061509
7281878568,114.3768055,30.5064193
7281878569,114.3740322,30.5072731
7281878576,114.3771127,30.5059483
7281878582,114.3537116,30.5124204
7281878596,114.3583565,30.5110758
7281964550,114.3724344,30.5073195
7281964553,114.3710772,30.5038817
7281964567,114.3649399,30.4999329
7281964569,114.361048,30.49957
7281964572,114.3619841,30.4994048
7281964582,114.3649292,30.498894
7281964608,114.3639757,30.4990154
7281964624,114.3632728,30.5032433
7281964630,114.3632683,30.5028876
7281964635,114.3633072,30.5028095
7281964781,114.3389413,30.5085054
7288767625,114.2649843,30.5492948
7288767626,114.2643495,30.5491481
7288767627,114.265063,30.5490419
7288767628,114.264409,30.5489029
7288767629,114.2651013,30.5487765
7288767630,114.264471,30.548647
7288767631,114.2650937,30.5485245
7288767632,114.264527,30.548416
7288767633,114.2645471,30.5483332
7288767634,114.2640131,30.5482309
7288767635,114.2644876,30.5485784
7288767636,114.2639496,30.5484808
7288767637,114.2644314,30.5488103
7288767638,114.2643713,30.5490582
7288767639,114.2640483,30.5480921
7288767640,114.2635728,30.5479753
7288767641,114.2639682,30.5484073
7288767642,114.2635031,30.5482903
7288767643,114.2638917,30.5487083
7288767644,114.2634265,30.5486181
7288767645,114.2638309,30.548948
7288767646,114.2633737,30.548857
7288767647,114.2640728,30.5479959
7288767648,114.2637689,30.549192
7288767649,114.2645824,30.5481876
7288767650,114.2643007,30.5493495
7288767651,114.2615193,30.5507031
7288767656,114.2625875,30.550787
7288767659,114.2629382,30.5516155
7288767666,114.2608469,30.5502698
7288767668,114.268485,30.549368
7288767669,114.2693248,30.5493749
7288767670,114.2684314,30.5488298
7288767671,114.2693295,30.5488321
7288767672,114.2674126,30.5481238
7288767675,114.269334,30.5483077
7288767676,114.2686003,30.5514931
7288767677,114.2654783,30.5515901
7288785087,114.2682704,30.5515046
7288785090,114.2693244,30.551135
7288785091,114.2658269,30.5513036
7288785093,114.2647689,30.5510268
7288820604,114.2676785,30.5471365
7288820606,114.2630774,30.5458481
7288825615,114.2622623,30.5433135
7288825616,114.261986,30.5432997
7288825617,114.2619803,30.5439017
7288825630,114.2620477,30.5439049
7288825631,114.2611391,30.5438584
7288825632,114.264105,30.5420684
7288825633,114.2629673,30.5419896
7288825634,114.2636275,30.5423064
7288825635,114.2629394,30.5422531
7288825636,114.2622573,30.5417146
7288825639,114.2620944,30.5425134
7288825640,114.2642385,30.5418344
7288825641,114.261411,30.5416659
7288825642,114.2629918,30.5417589
7288825643,114.262906,30.5425674
7289755963,114.1981444,30.5400893
7289755975,114.1984396,30.5412463
7295164898,114.1832306,30.5436238
7295164899,114.1864577,30.5416203
7295164904,114.1871738,30.5384693
7295164907,114.1860637,30.5370522
7295164908,114.1859817,30.5369331
7296625775,114.1841817,30.5402728
7296625776,114.1840887,30.5403141
7296625782,114.1825307,30.5391963
7296661992,114.1926035,30.5488893
7296661993,114.1926591,30.5489256
7296661995,114.194354,30.5508999
7296661997,114.1927349,30.5488841
7296661998,114.1926736,30.5488509
7296662003,114.1865487,30.5415773
7296662010,114.1826165,30.5391421
7296662011,114.1825195,30.5390322
7296662016,114.1918916,30.5493455
7296662017,114.1918461,30.5493037
7296662018,114.1883218,30.5469518
7296662020,114.1810262,30.5421424
7333095718,114.2606635,30.472176
7341371591,114.2060029,30.6472101
7385521332,114.2882672,30.5862255
7385521333,114.2884705,30.5867602
7385521334,114.287977,30.5854625
7385521335,114.2880992,30.5857838
7385521336,114.2886442,30.5861147
7385521338,114.2887706,30.586444
7385521339,114.2888446,30.5860559
7385521340,114.2878718,30.5863297
7385521341,114.2890012,30.5860099
7385521342,114.2889357,30.5862758
7385521345,114.2879684,30.5851989
7385526868,114.2923467,30.5869899
7390688860,114.2600103,30.6191781
7390688861,114.2628568,30.620207
7390688862,114.2621307,30.6199294
7390688863,114.2621601,30.6197919
7390688864,114.2630403,30.6199097
7390688865,114.2751995,30.6239491
7390688867,114.2716489,30.6226359
7390688872,114.2756742,30.624196
7393377011,114.2798123,30.4960749
7393377012,114.276953,30.4916857
7393377023,114.276622,30.4959663
7393377025,114.2741235,30.4976619
7393377026,114.2849274,30.4920118
7393377029,114.2804875,30.4924426
7393377039,114.2795983,30.4963696
7393377049,114.2779814,30.4947026
7393377061,114.2784298,30.4944142
7393377062,114.2785693,30.4940541
7393377074,114.278228,30.4939183
7393377075,114.2758649,30.4961417
7393389895,114.2769188,30.4921405
7393389897,114.275865,30.4902878
7393389898,114.2860489,30.4921735
7393389903,114.2949035,30.4919975
7393389907,114.2860941,30.4920331
7393389913,114.3333806,30.4874331
7393389919,114.2686771,30.5013978
7393389921,114.2717134,30.5041952
7393389922,114.271788,30.5041279
7393389925,114.2826364,30.4993738
7393389930,114.320405,30.4900086
7411545946,114.5594754,30.4748742
7411545947,114.5377025,30.4712257
7414953042,114.3507544,30.5361976
7414953048,114.3401871,30.5309819
7417044593,114.3123659,30.6652417
7417044603,114.3079483,30.6637604
7438202414,114.2490986,30.6423921
7438202431,114.2492496,30.6426037
7438202432,114.2494176,30.6426121
7438202446,114.2496359,30.6427627
7438202447,114.2421777,30.6375333
7438202466,114.2508608,30.639235
7440011348,114.246823,30.6466507
7440011355,114.2413618,30.6549207
7440011362,114.2401539,30.6595868
7440011363,114.2400177,30.6594326
7440011368,114.2390366,30.6583456
7440011369,114.2391668,30.6584108
7440011370,114.2391101,30.6584953
7440011371,114.23898,30.6584285
7440038928,114.2485809,30.4811848
7440038938,114.2500955,30.4821718
7440038940,114.2542185,30.4876567
7440038946,114.2743689,30.4973039
7440038947,114.2743052,30.4973713
7440038948,114.2744727,30.4973825
7440038949,114.2743967,30.4974359
7440052674,114.292934,30.4922922
7440052677,114.2161983,30.5320642
7440056753,114.2284203,30.5064718
7440056754,114.2286385,30.5078063
7440056755,114.2272147,30.5049007
7440056756,114.2281292,30.5060078
7441939710,114.2389753,30.5505144
7441939731,114.2330462,30.5499546
7474938417,114.3208771,30.515239
7474938420,114.3210831,30.515224
7474938421,114.3216228,30.5176425
7512416579,114.2016881,30.5202498
7512416580,114.2018848,30.5207187
7515952529,114.3565835,30.6703775
7516046072,114.2534087,30.6205672
7516046073,114.2531288,30.6205273
7516046074,114.2536545,30.6195509
7516049786,114.2530334,30.6208017
7516049790,114.253558,30.6194945
7516058177,114.2398965,30.6199631
7516058178,114.2397314,30.6199091
7516058184,114.2433603,30.615204
7539398225,114.2695606,30.6074252
7539398230,114.2629218,30.6038488
7539398237,114.2732293,30.6032703
7539398242,114.275773,30.5935313
7604043545,114.2731596,30.5918307
7604043546,114.2737227,30.592812
7604043554,114.2763346,30.5882818
7604043556,114.2767597,30.5872115
7614769859,114.4861619,30.476148
7614804271,114.1959944,30.566821
7614804272,114.196112,30.5667953
7614804273,114.1970157,30.5613441
7614804283,114.1957548,30.5637259
7614809185,114.1959384,30.5638448
7614809187,114.1957416,30.5639849
7614809188,114.1956204,30.5639114
7614809190,114.1953936,30.5638308
7614809193,114.1956211,30.5636699
7614809196,114.2001322,30.5635095
7614809197,114.200236,30.5634882
7614809214,114.189271,30.5612578
7614809215,114.1809198,30.5592862
7614809224,114.1852035,30.560805
7614809225,114.1849029,30.5609502
7614809249,114.1865437,30.5611002
7614809251,114.1862729,30.5610681
7614809252,114.1865202,30.5613653
7614809253,114.1862519,30.5613181
7614809282,114.1997358,30.5611537
7614809283,114.1998556,30.5611531
7614809285,114.2027778,30.5603043
7614809286,114.2028196,30.5604083
7614809289,114.1998966,30.5612318
7614809293,114.1958629,30.5613937
7614809294,114.1956674,30.5613983
7614809296,114.1892595,30.5614562
7614809299,114.1997938,30.5612519
7614809312,114.2083378,30.5632714
7614809313,114.207743,30.5634701
7614809319,114.2064557,30.5596977
7614809320,114.2063547,30.5595355
7614809321,114.2049578,30.5646599
7614809327,114.2014185,30.5658556
7614809330,114.2002615,30.5660319
7614809336,114.2063805,30.5678784
7614809339,114.2076484,30.5707986
7614809341,114.2071179,30.5707017
7614809345,114.2078704,30.5713882
7614809347,114.2087341,30.5728599
7614809348,114.2060198,30.5679172
7614809357,114.2093446,30.573778
7614809358,114.207573,30.5716646
7614809360,114.2074114,30.5711111
7614809361,114.2074867,30.5708629
7614809363,114.2140069,30.5714727
7614809368,114.2106711,30.5720831
7614809369,114.2106156,30.5718896
7614809371,114.2119435,30.5715384
7614809374,114.214014,30.5713796
7614809375,114.2102965,30.5721609
7614809385,114.2101835,30.5745396
7614809387,114.2083902,30.5722605
7614809392,114.2102469,30.5719586
7614809401,114.2106361,30.5721421
7614809408,114.2103589,30.5721996
7614809410,114.2069878,30.5728032
7614809411,114.2036389,30.5738562
7614809412,114.2036332,30.5740622
7614809414,114.2049587,30.5765959
7614809415,114.2047611,30.5766005
7614809418,114.2069737,30.5730292
7614809421,114.20394,30.5737728
7614809432,114.2073755,30.5729663
7614809434,114.2072988,30.5730727
7614809439,114.2072236,30.5727446
7614809445,114.2080447,30.5723643
7614809446,114.2083522,30.572784
7614809482,114.2070525,30.5730888
7618118625,114.4818945,30.4819683
7618118631,114.4816825,30.4841975
7618118637,114.4803789,30.4866198
7618118642,114.4798559,30.4898072
7618118643,114.4790122,30.4820247
7618118644,114.47905,30.4841638
7618118646,114.4761593,30.484196
7618118647,114.4760137,30.4821236
7618118650,114.4761746,30.4853249
7618118657,114.4761651,30.4803599
7618118658,114.4760089,30.481014
7618118659,114.4760035,30.4789868
7618118660,114.4761686,30.4796272
7618118672,114.4757993,30.4794538
7618118673,114.4756646,30.4787072
7618118674,114.4756612,30.4856719
7618118675,114.4758177,30.4851816
7618118676,114.4755245,30.4871555
7618145159,114.4778161,30.4820643
7618145161,114.4778162,30.4824056
7618145171,114.4780146,30.4832747
7618145172,114.4778027,30.4825928
7618145176,114.4778913,30.4833926
7618145183,114.4776026,30.4833503
7618145186,114.4766457,30.4834087
7618145187,114.4769126,30.4834214
7618145188,114.4768669,30.4840325
7618145200,114.4766449,30.4829628
7618145201,114.4769903,30.482975
7618145228,114.4636442,30.4601382
7618145233,114.4746419,30.492677
7618209688,114.5219332,30.4931291
7618209689,114.5150905,30.4933414
7618209690,114.5079676,30.4934156
7618209691,114.5078676,30.4934251
7618209692,114.5113599,30.4978501
7618209693,114.5119842,30.496524
7618209694,114.5136876,30.4971426
7618209695,114.5213444,30.499844
7618209696,114.5143029,30.4956865
7618209698,114.5116732,30.4894431
7618209699,114.5133404,30.4894456
7618209700,114.515192,30.4894668
7618209701,114.5183628,30.4894413
7618209702,114.5150299,30.4894649
7618209705,114.5218402,30.4893638
7618209710,114.518426,30.4854072
7618209715,114.5180077,30.4874305
7618209721,114.5175449,30.4894479
7618209722,114.5181385,30.4908179
7618209723,114.5238259,30.4831774
7618209724,114.5238098,30.4854047
7618209725,114.5238097,30.4874424
7618209726,114.5238065,30.4875254
7618209731,114.5220932,30.4852443
7618209732,114.5238181,30.484255
7618209733,114.5243946,30.4842458
7618209734,114.5244428,30.4841441
7618209735,114.5244321,30.4834876
7618209736,114.5238237,30.4834737
7618209740,114.5260252,30.483458
7618209741,114.5238148,30.4847127
7618209742,114.5257357,30.4847173
7618209743,114.5244107,30.4847141
7618209748,114.5244405,30.4840008
7618209749,114.5242338,30.4842484
7618209751,114.5238225,30.4836402
7618209752,114.5240359,30.4836476
7618209753,114.5240516,30.4842513
7618209758,114.5238097,30.4858268
7618209762,114.5244535,30.4858248
7618209763,114.522077,30.4854153
7618209767,114.5238097,30.4870657
7620877410,114.370565,30.5901224
7620877411,114.3715484,30.5883132
7638241901,114.3395203,30.4614193
7654235640,114.3512492,30.4612173
7654235659,114.3688807,30.5284427
7654235695,114.35528,30.5615546
7674661165,114.3062148,30.4687759
7674711338,114.2718283,30.4701843
7674711339,114.2742986,30.4762193
7674711340,114.2743336,30.4762842
7674711341,114.2759741,30.4723949
7674711343,114.2789336,30.4721412
7674711344,114.2819487,30.4722136
7674711345,114.2877305,30.4722272
7674711346,114.2877314,30.4723445
7674711350,114.2787152,30.4685574
7674711351,114.2818682,30.4722187
7674711354,114.2819442,30.4722807
7674711358,114.2878097,30.4695341
7674711359,114.2819909,30.4695056
7674711360,114.285154,30.4722022
7674711361,114.285187,30.469533
7674711362,114.2852241,30.4657924
7674713292,114.2817959,30.4801226
7674713293,114.2817927,30.48023
7674713294,114.2818968,30.4845584
7674713295,114.2819002,30.4846917
7674713296,114.2818049,30.4923275
7674713301,114.2816415,30.4923586
7674713302,114.2817516,30.4846894
7674713303,114.2817519,30.484557
7674713304,114.2817345,30.4802289
7674713305,114.2817343,30.4801221
7674713321,114.2879597,30.4722252
7674713322,114.2937142,30.4722959
7674713323,114.2879575,30.4723477
7674713324,114.2909536,30.4724023
7674713325,114.2909382,30.4757862
7674713326,114.2909181,30.4802065
7674713327,114.2909177,30.4802991
7674713330,114.2908048,30.4802979
7674713331,114.2908048,30.4802056
7674713332,114.2908455,30.4758943
7674713333,114.2908589,30.475786
7674713334,114.2908656,30.4724007
7674713339,114.287854,30.4780223
7674713340,114.2908254,30.4780271
7674713341,114.290928,30.478027
7674713370,114.3050133,30.4997368
7674713379,114.2933579,30.5004888
7674713380,114.2886969,30.5004568
7674713382,114.2933591,30.5004364
7674713389,114.3050026,30.4996602
7674713391,114.3027416,30.5000534
7674713392,114.3031172,30.5036684
7674713427,114.2931898,30.5079052
7674713429,114.2938075,30.5077856
7674713438,114.3013931,30.5074763
7674713447,114.2963675,30.5079854
7674713451,114.2933157,30.507424
7674713454,114.291301,30.508744
7674713459,114.2825855,30.5141253
7674713460,114.2886274,30.5098387
7674713464,114.288497,30.509826
7674713465,114.2885267,30.5098787
7674713467,114.2915616,30.5141336
7678645164,114.2755207,30.6703952
7678645166,114.2739805,30.6736595
7678645170,114.272234,30.6732171
7678645171,114.2732901,30.6709886
7705322720,114.2295455,30.5054736
7705322735,114.2289043,30.4969066
7705322752,114.2297217,30.5053834
7705322753,114.2281624,30.5031107
7705322754,114.2282387,30.5030896
7705322756,114.2302361,30.5020855
7705322761,114.226813,30.5008453
7705322762,114.2268699,30.5008107
7705322764,114.2382687,30.515659
7705322774,114.2378135,30.5159929
7705324188,114.2355506,30.5165473
7705324196,114.2377505,30.5197012
7705324206,114.2336557,30.5181158
7705324217,114.2432103,30.5268981
7705324236,114.2433963,30.526823
7705324241,114.2482321,30.5228391
7705324242,114.2449098,30.529215
7705324249,114.2035893,30.543445
7705324250,114.2035319,30.5433325
7705324254,114.2083179,30.5390855
7705324255,114.2082885,30.5390438
7705324267,114.2068435,30.5324916
7705324269,114.2063492,30.5312711
7705324271,114.2073669,30.5353743
7705324276,114.2063104,30.5310205
7705324277,114.2064067,30.531245
7705324281,114.2069173,30.5324502
7705324287,114.2074739,30.535322
7705324293,114.2083445,30.5390238
7705324294,114.2083702,30.5390663
7705324297,114.2074229,30.5360745
7705324298,114.2075219,30.5360325
7705324302,114.2124919,30.533698
7705324308,114.2124831,30.5338407
7705324311,114.2074391,30.536383
7705324312,114.2075422,30.5363329
7705324317,114.2126465,30.5335431
7705324318,114.2088938,30.5353446
7705324320,114.2160482,30.5318405
7705324325,114.2090136,30.5356229
7705324333,114.2158106,30.5400406
7705324337,114.2217537,30.5352962
7705324340,114.2225988,30.536608
7705324341,114.2226432,30.5366653
7705324342,114.2225164,30.5366484
7705324345,114.2215571,30.5353614
7705324347,114.227981,30.533448
7705324350,114.2252406,30.5349714
7705324354,114.2229803,30.5341575
7705324358,114.224444,30.5337065
7705324359,114.2244793,30.5337693
7705324363,114.2232299,30.5345416
7705324364,114.2127714,30.5337744
7705324369,114.2134125,30.5363581
7705324374,114.2125822,30.5393585
7705324375,114.2125499,30.5394544
7705324376,114.2124538,30.5394247
7705324377,114.2124901,30.5393313
7705324390,114.2127453,30.5337873
7705324391,114.2087617,30.5365042
7705324392,114.2112648,30.5352533
7705324393,114.2149261,30.5334512
7705324401,114.2212621,30.5346971
7705324402,114.2212894,30.5349256
7705324406,114.2214738,30.5348182
7705324408,114.2165797,30.5326407
7705324414,114.2209171,30.5378123
7705324415,114.2195825,30.5364797
7705324416,114.2196393,30.536537
7705324417,114.220856,30.5378615
7705324418,114.220789,30.5377985
7705324423,114.2164959,30.5326818
7705324424,114.2195389,30.5365303
7705324425,114.2195945,30.5365866
7705324436,114.2157946,30.539949
7705324437,114.2098607,30.5359576
7705324448,114.2130636,30.5378522
7705324449,114.2131553,30.5378501
7705324450,114.2161183,30.5376915
7705324455,114.2161012,30.5377586
7705324466,114.2130421,30.5379157
7705324467,114.2131363,30.5379114
7705324482,114.2179495,30.53477
7705324483,114.2133039,30.5363212
7705324484,114.2134084,30.5363102
7705324485,114.2161815,30.5358153
7705324486,114.2178838,30.5348139
7705324487,114.2180067,30.5348374
7705324488,114.2179436,30.5348851
7705324492,114.2161988,30.5358936
7705324505,114.2112293,30.535271
7705324506,114.2133034,30.5363691
7705324507,114.2130611,30.5343692
7705324508,114.2129791,30.5344095
7705324515,114.2263364,30.5307923
7705324516,114.2290454,30.5295389
7705324527,114.2263806,30.530858
7705324529,114.2184054,30.5344981
7705324532,114.2204347,30.5334436
7705324533,114.2205615,30.5336358
7705324535,114.2184191,30.534567
7705324538,114.2257548,30.5310586
7705324539,114.2257681,30.5311415
7705324541,114.2234861,30.5322869
7705324543,114.2375243,30.5264141
7706784489,114.2231548,30.5158916
7706784495,114.2260155,30.5196182
7706784498,114.2347566,30.5307047
7706784499,114.23485,30.5306585
7706784502,114.2347161,30.5306251
7706784510,114.2348121,30.5305785
7706784515,114.2233248,30.5164306
7706784516,114.2229765,30.5159861
7706784522,114.2188019,30.510837
7706784523,114.2188548,30.5109034
7706784524,114.227543,30.5215586
7706784526,114.232664,30.5278859
7706784527,114.2327183,30.5279546
7706784528,114.2310969,30.5257516
7706784536,114.2167892,30.5082
7706784537,114.2189232,30.5107764
7706784538,114.2189775,30.5108427
7706784539,114.2205036,30.5126978
7706784540,114.2220094,30.5145118
7706784541,114.2246174,30.5177067
7706784543,114.2276545,30.5214933
7706784545,114.2327965,30.5278341
7706784546,114.2328507,30.5279006
7706784547,114.2145178,30.5054141
7706784552,114.2148591,30.5058369
7706784990,114.1990715,30.5140166
7706784991,114.2253251,30.5010955
7706785013,114.2138002,30.5047014
7706785014,114.2139011,30.5046417
7706785015,114.2097314,30.5073227
7706785037,114.2158638,30.5241909
7706785039,114.2157589,30.5238083
7706785042,114.2162663,30.5238792
7706785043,114.2160362,30.5237375
7706785044,114.2165595,30.5243167
7706785048,114.2167418,30.5245888
7706785049,114.2160186,30.5247481
7706785050,114.21623,30.5247644
7706785054,114.2160749,30.5245215
7706785059,114.2195109,30.5246192
7706785062,114.21465,30.5228921
7706785063,114.2089552,30.5138531
7706785064,114.2085128,30.5140848
7706785080,114.2011272,30.5127928
7706785082,114.2087224,30.5137144
7706785086,114.2084634,30.5137826
7706785087,114.2099575,30.5150562
7706785090,114.2103273,30.5150588
7706785092,114.2119513,30.5142747
7706785093,114.2121493,30.5142705
7706785095,114.2105102,30.5152374
7706785098,114.2103584,30.5155375
7706785105,114.2076124,30.5167197
7706785107,114.2093582,30.5155944
7706785111,114.2094701,30.5152709
7706785112,114.2098494,30.5157547
7706785119,114.2075463,30.5168629
7706785125,114.2095553,30.5157705
7706785128,114.2114169,30.5168696
7706785132,114.2116272,30.5171353
7706785133,114.2108911,30.5173439
7706785134,114.2117782,30.5198
7706785135,114.2102353,30.5177966
7706785136,114.2097828,30.5194305
7706785137,114.2109663,30.5187458
7706785138,114.2124571,30.519444
7706785144,114.2130082,30.5189712
7706785149,114.2132317,30.5192926
7706785153,114.2127379,30.5194659
7706785158,114.2125437,30.5191878
7706785159,114.2111118,30.5173332
7706785162,114.2109839,30.5171743
7706785163,114.2118598,30.5180771
7706785164,114.2116494,30.518001
7706785165,114.212092,30.5177224
7706785166,114.2121615,30.5180391
7706785174,114.2143997,30.5219314
7706785179,114.2149732,30.5228934
7706785182,114.2177021,30.5254986
7706785185,114.2175331,30.5257836
7706785186,114.2171706,30.5252352
7706785198,114.2175637,30.5252935
7706785199,114.2171111,30.5260379
7706785202,114.2167817,30.5259728
7706785209,114.2150411,30.5270276
7706785211,114.2151051,30.5269032
7706785221,114.2167243,30.5254666
7706785222,114.2165368,30.5258047
7706785227,114.21526,30.5223636
7706785232,114.2154521,30.522652
7706785239,114.2147899,30.5225874
7706785245,114.2158326,30.5018505
7706785246,114.2165504,30.5028472
7706785247,114.2165824,30.5028917
7706789979,114.2493797,30.5337231
7706789980,114.2490636,30.5335304
7706799985,114.247658,30.5323518
7706799993,114.2456623,30.5296827
7706799995,114.2473141,30.5320108
7706799997,114.2448315,30.5292728
7706800001,114.2406529,30.5248013
7706800009,114.2361721,30.5234748
7706800023,114.2470833,30.5316325
7706800027,114.2472118,30.5315691
7706800028,114.2488026,30.5333446
7706800034,114.2477029,30.533796
7706800041,114.2483008,30.5330354
7706800048,114.2464654,30.5348136
7706800051,114.2406992,30.5247488
7706800052,114.2519889,30.5373675
7706800058,114.2495146,30.5392804
7706800059,114.2526472,30.5385152
7706800060,114.2530509,30.5387401
7706800065,114.2527442,30.538738
7706800066,114.2462215,30.5358822
7706800075,114.2422175,30.5398484
7706800077,114.2420673,30.5398674
7706800078,114.2420721,30.5398143
7706800091,114.246089,30.5358027
7706800092,114.243917,30.5386512
7706800093,114.2439451,30.5386906
7706800095,114.2421155,30.5394234
7706800100,114.2425259,30.5395625
7706800101,114.2410782,30.5289811
7706800102,114.2408275,30.5287003
7706800108,114.2432701,30.5273992
7706800109,114.2432048,30.5274517
7706800110,114.2434117,30.527556
7706800117,114.2408502,30.5287721
7706800118,114.2433449,30.5276085
7706800122,114.2487555,30.523362
7706800127,114.2488305,30.5234329
7706800130,114.244449,30.5266993
7706800145,114.2462207,30.5299689
7706800166,114.2638948,30.5349201
7706985765,114.2499282,30.5192701
7706985770,114.2485476,30.5174829
7706985774,114.2491301,30.517511
7706985779,114.2488623,30.5178951
7706985783,114.2500581,30.5173008
7707034991,114.24273,30.5243731
7707034992,114.2427706,30.5243437
7707034995,114.2435183,30.5253075
7707035003,114.2485414,30.5177503
7707035005,114.2482158,30.5177345
7707035008,114.2483693,30.5175159
7707035015,114.2452385,30.5191878
7707035016,114.2448568,30.5192273
7707035021,114.2451851,30.5195744
7707035022,114.2445327,30.5264879
7707035023,114.2445586,30.5264539
7707035026,114.2467344,30.5248899
7707035028,114.246767,30.5249473
7707035031,114.2446765,30.5266475
7707035032,114.2447105,30.5266213
7707035033,114.2480812,30.5302909
7707035037,114.2520562,30.5349302
7707035040,114.256659,30.5401101
7707035041,114.2475533,30.5298312
7707035046,114.2565597,30.5401122
7707035047,114.2566585,30.5403938
7707035048,114.2497617,30.5324189
7707035049,114.2498231,30.532374
7707035051,114.2542989,30.5290671
7707039179,114.2931695,30.5286489
7707109295,114.2453436,30.5135156
7707109297,114.2435597,30.5179277
7707109301,114.2441397,30.5178626
7707109307,114.2441738,30.5185469
7707109309,114.2468613,30.5160729
7707109310,114.2471537,30.5160516
7707109314,114.2469316,30.5157899
7707109326,114.2473357,30.516018
7707109336,114.2479757,30.5167944
7707109341,114.2271015,30.5266389
7707109342,114.23039,30.5250636
7707109343,114.2304943,30.5250172
7707109344,114.23565,30.5223949
7707109345,114.2385353,30.5210876
7707109346,114.2386608,30.5210436
7707109347,114.2269311,30.5264125
7707109354,114.2442238,30.5185936
7707109355,114.2302065,30.5248275
7707109356,114.2303104,30.5247711
7707109357,114.2384063,30.5209107
7707109358,114.2385322,30.5208624
7707109359,114.2228688,30.5284134
7707109360,114.2272595,30.5262578
7707109365,114.2309099,30.5245873
7707109367,114.230969,30.5246493
7707109372,114.227409,30.5264988
7707109378,114.255292,30.5213776
7707109379,114.2553249,30.5214113
7707109381,114.2551432,30.5251735
7707109386,114.257499,30.5232155
7707109388,114.2578238,30.5275908
7707109391,114.2695731,30.541464
7707128086,114.2901407,30.5276042
7707128092,114.2938761,30.5284348
7710756209,114.2272251,30.5978487
7710756214,114.2278096,30.6003615
7710756215,114.2322479,30.5994782
7710756216,114.2325307,30.6005577
7710756217,114.2280648,30.601427
7710756218,114.2302932,30.6009932
7710756219,114.2300226,30.5999211
7710756221,114.2456498,30.5943349
7710756228,114.2474024,30.6011834
7710797894,114.2219047,30.6312242
7710797895,114.2218237,30.6313428
7710797897,114.2161917,30.6309644
7710797914,114.227414,30.6357084
7710797926,114.2288683,30.6607904
7710797934,114.2268483,30.6515967
7710797935,114.2269027,30.6518342
7710797944,114.2286407,30.6608009
7710797951,114.2244166,30.6410296
7710797959,114.2273931,30.635561
7710797960,114.226623,30.6516184
7710797961,114.2266762,30.6518527
7710797962,114.2239329,30.6385006
7710797965,114.2252485,30.6392481
7710797970,114.2251659,30.6393769
7710797971,114.224989,30.6391508
7710797979,114.2232723,30.6390461
7710797980,114.2233789,30.6388581
7710807188,114.2243704,30.6389487
7710807189,114.2246207,30.6390199
7710807192,114.2251361,30.6389184
7710807193,114.2247184,30.6427461
7710807194,114.2249641,30.6427083
7710807195,114.2256487,30.6519364
7710807197,114.2315586,30.6516028
7710807198,114.2299009,30.6516943
7710807201,114.2353118,30.6523246
7710807202,114.2353486,30.6522356
7710807205,114.2290139,30.6577954
7710807206,114.2330587,30.6578944
7710807207,114.2249039,30.6392852
7713099732,114.2750161,30.6605961
7713099733,114.2736445,30.6595969
7713099734,114.2722477,30.6585814
7713099749,114.2759514,30.66114
7713099758,114.2752269,30.6558244
7713099769,114.2749764,30.6543379
7713099771,114.2766466,30.6379492
7713099779,114.2802321,30.6378894
7713110785,114.2766284,30.6380364
7713110793,114.2811304,30.6322408
7713117333,114.2561023,30.6376669
7713117334,114.2550474,30.6391251
7713117335,114.2524177,30.6375425
7713117336,114.2581123,30.6412371
7713193280,114.3012969,30.6101847
7713206999,114.3061783,30.6136514
7713207003,114.3064231,30.6139933
7713207009,114.3065505,30.6139146
7713207022,114.3102736,30.611464
7713207025,114.3101303,30.6118654
7713207040,114.310403,30.6121244
7713207041,114.3099277,30.6106542
7713207051,114.3098675,30.6111577
7713207058,114.3092932,30.609779
7713857918,114.3287557,30.6576509
7713857922,114.3298832,30.660985
7713857926,114.3306806,30.6629134
7713857931,114.3301645,30.6609617
7713857935,114.3291327,30.660125
7713857940,114.3292103,30.659147
7713857941,114.3284198,30.6601176
7713857946,114.3291419,30.6599167
7713857947,114.3291452,30.66035
7713857948,114.3273506,30.6625855
7713857957,114.3274869,30.6626472
7713857958,114.3276003,30.6626985
7713857959,114.3277065,30.6627466
7713857960,114.3308667,30.6633836
7713857972,114.3273027,30.6626591
7713857973,114.3274365,30.6627245
7713857974,114.3275482,30.6627791
7713857975,114.3276522,30.66283
7713857976,114.3334421,30.6696178
7716106451,114.1761986,30.6141048
7716106459,114.1723507,30.6144435
7716106466,114.1762433,30.6140192
7716138256,114.2133869,30.6198836
7716138261,114.2135853,30.6183244
7716138267,114.2135453,30.6199091
7716138272,114.2122427,30.6158298
7716138277,114.2127018,30.6154359
7716138279,114.2126485,30.6153212
7716138281,114.2127888,30.6153425
7716148386,114.2114913,30.6121568
7716148387,114.2117644,30.613617
7716148389,114.213705,30.6131667
7716148392,114.2137659,30.6125982
7721368019,114.3570075,30.6094534
7721368080,114.3501556,30.5940393
7721417285,114.3472964,30.5949998
7721417286,114.3463308,30.5964682
7721417287,114.3479669,30.5972948
7721417292,114.3475163,30.5979951
7721417296,114.3453594,30.5959203
7722128132,114.3281542,30.6601752
7729962734,114.4229818,30.4949315
7729962737,114.4210384,30.4910284
7782310154,114.2954911,30.5497209
7811795452,114.4259738,30.5322582
7830905967,114.4477637,30.5623465
7836434207,114.4168295,30.5369176
7836434208,114.416869,30.5369826
7836434209,114.4233443,30.5344097
7836434220,114.4167525,30.5375321
7836434351,114.4098515,30.5407247
7849794845,114.3670457,30.5880284
7852937645,114.3227811,30.48052
7852937647,114.3080593,30.4770395
7852963922,114.3085814,30.4720655
7852963941,114.3395425,30.4780493
7852963942,114.3395496,30.477366
7922766793,114.3424398,30.6099855
7922766795,114.3408626,30.608212
7922766798,114.3376822,30.6098559
7922768498,114.3443612,30.6123883
7922768501,114.3436267,30.6109142
7922768504,114.3432249,30.6128129
7922768533,114.3448217,30.6141409
7922768537,114.3449309,30.6129377
7922794457,114.3484587,30.6179659
7922794458,114.3456187,30.6157387
7922794460,114.3451676,30.6163177
7922794461,114.3478375,30.6174788
7922794462,114.3485832,30.61676
7922794463,114.3490304,30.6171075
7922794465,114.3456535,30.6166904
7922794466,114.3461926,30.6161888
7922794467,114.3462763,30.6171683
7922794468,114.3468066,30.6166703
7922794469,114.3475416,30.6159641
7922794470,114.3467989,30.6175692
7922794471,114.3473207,30.6170735
7922799102,114.3488874,30.6190976
7922799103,114.3479439,30.6184591
7922799107,114.3502765,30.6190833
7922799108,114.3512777,30.6181871
7922799111,114.3500621,30.6197997
7922799112,114.3489549,30.6185858
7922799113,114.3504958,30.6185654
7922799114,114.3496075,30.6190902
7922799115,114.3496126,30.6185771
7922799116,114.3496064,30.6183309
7926594849,114.347563,30.6133448
7926632610,114.3490784,30.6143959
7926632612,114.3486344,30.6140535
7926632613,114.349803,30.6129054
7926632614,114.3484884,30.6139407
7926632615,114.3496491,30.6127883
7926632620,114.3483787,30.612543
7926632621,114.3470134,30.6133694
7926632622,114.3485735,30.611893
7926632623,114.3481132,30.6123288
7926632624,114.3492374,30.6131942
7926632625,114.3493906,30.6133054
7926632626,114.3504768,30.6141754
7926632627,114.3501992,30.613953
7926632628,114.3492847,30.6153463
7926688148,114.339753,30.6007749
7926688152,114.3435383,30.6039381
7926697968,114.3343446,30.595503
7926697969,114.3372757,30.5984278
7926697970,114.3369229,30.5980712
7926697975,114.3358882,30.596321
7926709190,114.3342655,30.5988008
7926709191,114.3361758,30.5973162
7926709192,114.3358554,30.5975659
7926709196,114.335337,30.5979698
7926709197,114.3348974,30.5971407
7926709198,114.3355622,30.5977943
7933396653,114.3316473,30.5105519
7933396687,114.3318844,30.5115985
7933396689,114.3329893,30.5113815
7940934616,114.393028,30.5094269
7947070546,114.3397728,30.5544981
7947070552,114.3605818,30.5778713
7966694333,114.3566121,30.4760325
7966694356,114.3564827,30.4772513
7966695411,114.3501844,30.4733288
7972424404,114.32008,30.6266281
7972424408,114.3200186,30.6263958
7979226803,114.3053306,30.5407874
7985465585,114.3194857,30.5334372
8005194132,114.1995879,30.5152433
8082927283,114.2653844,30.5595754
8082927284,114.2666456,30.5595773
8082927288,114.2653862,30.5586222
8082927289,114.265383,30.5602592
8082927290,114.2666477,30.5602549
8101553460,114.1841003,30.5509855
8101553477,114.1842233,30.5509205
8101909384,114.356127,30.5464307
8114033137,114.2545414,30.6606805
8114033143,114.2545384,30.6611825
8114033160,114.2472848,30.660311
8114033162,114.2475441,30.6602778
8114033165,114.2477468,30.6603099
8114033167,114.2478593,30.6604018
8114033168,114.2546655,30.6612425
8114033173,114.2556017,30.6611997
8130341076,114.299891,30.6029948
8130341077,114.2959681,30.6010324
8130341080,114.2958721,30.6012012
8130341081,114.2958057,30.6011081
8130420792,114.2455251,30.591519
8130420811,114.2461851,30.5886212
8130425936,114.2489937,30.589079
8130425937,114.2436825,30.5863132
8132697368,114.4564875,30.5443027
8132697390,114.4613305,30.5308198
8145508829,114.3560597,30.5174505
8145508830,114.3569267,30.517443
8145508832,114.3569346,30.5177429
8145508833,114.3594381,30.5177566
8145508835,114.3586902,30.5199013
8165971086,114.3249341,30.4636822
8166012120,114.3014218,30.4618029
8168565431,114.3072588,30.4608345
8168565450,114.3249245,30.4626128
8168565463,114.323367,30.4625631
8168565466,114.3232074,30.4624575
8168565467,114.3228733,30.4625688
8185568586,114.3080551,30.4849302
8185640026,114.1965792,30.530437
8185640029,114.1996797,30.5286928
8185640035,114.2016994,30.5280694
8185640037,114.208003,30.5298907
8185640040,114.2080089,30.5294977
8185640043,114.2083222,30.5296431
8185640050,114.2075928,30.5271127
8185640052,114.2039991,30.5256022
8185640060,114.1986768,30.5221414
8185640061,114.1997664,30.5232976
8185640065,114.1999594,30.5230901
8185640068,114.2025961,30.5225333
8185640069,114.2026921,30.5225475
8185640074,114.2063125,30.5223216
8185640075,114.2064592,30.5228433
8185640076,114.2063837,30.5220576
8185640082,114.2060087,30.5222072
8185640083,114.2061208,30.5220686
8185640086,114.2061861,30.5218436
8185640089,114.2064312,30.5219521
8185640090,114.2058321,30.5204357
8185640092,114.2053905,30.5182369
8185640093,114.2053544,30.5181524
8185640098,114.200339,30.5270471
8185645518,114.2079733,30.5301714
8185645521,114.2081945,30.5314966
8185645522,114.2081502,30.5317616
8185645527,114.208465,30.5315817
8185645545,114.2113302,30.5245655
8185645548,114.2106657,30.5247794
8185645563,114.2134981,30.5260517
8185645564,114.2131601,30.5259673
8185645569,114.2132347,30.5263315
8185645573,114.2128563,30.527391
8185645577,114.2129393,30.5276504
8185645580,114.2126315,30.5276027
8185645582,114.2098434,30.5291144
8185645584,114.2099434,30.5288443
8185645589,114.2095381,30.5289778
8185645864,114.2007217,30.5178769
8192055437,114.1795384,30.5832478
8192055441,114.1788612,30.5785801
8192055442,114.1790701,30.5783919
8192055445,114.1786967,30.5784106
8192055446,114.1807065,30.5781817
8192055448,114.1807155,30.5783097
8192055458,114.1804563,30.5718387
8192055461,114.1787528,30.5749602
8192055462,114.1786614,30.5753485
8192055466,114.1764674,30.5799993
8192055473,114.1770215,30.5834397
8192055474,114.1770488,30.5785044
8192055475,114.1771071,30.5783875
8192055481,114.1786126,30.5749618
8192055482,114.1767466,30.5784166
8192055484,114.1761771,30.5798164
8192087158,114.1861473,30.594686
8192087162,114.1880419,30.5971452
8192087165,114.1876921,30.5972675
8192087169,114.1859938,30.594682
8192087170,114.1837136,30.5965752
8192087171,114.1872387,30.6015867
8192087174,114.1876236,30.6016557
8192087175,114.1857905,30.5995278
8192087176,114.1883901,30.5982322
8192087177,114.1814129,30.5933105
8192087180,114.1801943,30.5984912
8192087398,114.1986589,30.5977907
8192087400,114.1988762,30.5989395
8192087405,114.1984569,30.5989363
8192138340,114.2215966,30.627637
8192138375,114.219316,30.6294496
8192138376,114.2190742,30.6320637
8192138377,114.2191591,30.6311458
8192138378,114.2191717,30.6310093
8192138449,114.2201691,30.6339414
8192138450,114.2202866,30.6340024
8192138451,114.1964591,30.6352819
8192138452,114.1953141,30.6303697
8192138453,114.1959039,30.6328935
8192138454,114.2011737,30.6399259
8192138455,114.2002001,30.6360669
8192138456,114.1991279,30.6362737
8192138458,114.2009346,30.6344761
8192138459,114.2009511,30.6343867
8192138460,114.1987833,30.6361421
8192138468,114.2003901,30.6320015
8192138469,114.1999178,30.6300915
8192138486,114.199353,30.6402988
8192138487,114.1996788,30.6402012
8192138488,114.1996974,30.6404769
8192138493,114.1996304,30.6399741
8192138495,114.2230374,30.6295614
8192138500,114.223198,30.6293195
8192233548,114.2081636,30.6408924
8192233549,114.2082142,30.6408082
8192233578,114.2319302,30.6313124
8192233585,114.2321286,30.6317014
8192233586,114.2321922,30.6313992
8192233593,114.2348629,30.6337906
8192233594,114.2348839,30.6334954
8192233595,114.234545,30.6335836
8192233609,114.2441537,30.6424071
8192233610,114.2452447,30.6404133
8194368726,114.2953595,30.5219195
8194368730,114.2935268,30.5135179
8194368738,114.2966308,30.5488461
8194368748,114.3116007,30.5745173
8194368749,114.3116712,30.574465
8194368751,114.3100495,30.5794346
8194368752,114.3099794,30.5795091
8194368754,114.3165243,30.5733107
8194368764,114.3131661,30.5760533
8194368772,114.3301712,30.5949906
8194368773,114.3302842,30.5949632
8194368775,114.3340657,30.5986199
8194368780,114.3334654,30.5989927
8194368781,114.3340074,30.5987329
8194368782,114.3355343,30.6000423
8194368785,114.3354548,30.6001021
8194368848,114.3817179,30.6310841
8194368850,114.3859998,30.6289885
8194368851,114.3904966,30.6289978
8194866790,114.2601914,30.4895893
8194866803,114.2691677,30.5020543
8194866805,114.2690317,30.50166
8194866806,114.2683144,30.5023095
8194866807,114.2688789,30.5018102
8194866809,114.2685241,30.5015053
8194884725,114.2681437,30.5017143
8194884729,114.2681748,30.5012395
8194884734,114.2686046,30.5020423
8194884739,114.2784596,30.5111646
8194884742,114.2784199,30.5111285
8194884745,114.2864134,30.5180129
8194884996,114.2300114,30.5085499
8196196734,114.3128478,30.6736477
8196196810,114.3432959,30.6663821
8196196817,114.3456477,30.6664433
8196196818,114.3463599,30.6664787
8196196825,114.3457124,30.6661517
8196196856,114.3230773,30.6312958
8196196862,114.3202195,30.6264702
8196196870,114.3114969,30.624655
8196196874,114.3156058,30.6309891
8196196878,114.3075839,30.6183981
8196196879,114.3071387,30.6183563
8196196884,114.3074204,30.6187518
8196909737,114.3727784,30.5865279
8196909741,114.3725833,30.5865765
8197458287,114.5381648,30.466293
8197458296,114.528825,30.4644982
8197458297,114.5102755,30.4764784
8197458300,114.5153016,30.4764213
8197495938,114.5033938,30.5340648
8197495939,114.5011252,30.5321866
8197495949,114.5022614,30.5545808
8197495950,114.5006761,30.5521131
8197495969,114.5018749,30.554225
8197495970,114.4983567,30.5572807
8197495977,114.4964168,30.5549324
8197496049,114.4945206,30.554285
8197496050,114.4956137,30.555461
8197496051,114.4955423,30.5555013
8197496052,114.4944305,30.554348
8197496053,114.4988657,30.5532598
8197496056,114.5006497,30.5550696
8197496066,114.4977302,30.5540354
8197496067,114.5028512,30.5506157
8197496074,114.5044087,30.5524731
8197496075,114.5047868,30.5507455
8197496104,114.4985068,30.5550258
8197496105,114.4997645,30.5542236
8197496106,114.5012665,30.5534223
8197496137,114.504728,30.5506706
8197496138,114.497089,30.5561527
8197496139,114.4984356,30.5549673
8197496140,114.4996953,30.5541495
8197496141,114.50123,30.5533564
8197496142,114.5036467,30.5513333
8197496431,114.5037074,30.5514015
8197523797,114.2634154,30.497418
8197523799,114.2634995,30.4973633
8197531617,114.3997228,30.612692
8197531618,114.3995391,30.613473
8197531687,114.4023838,30.6014135
8197531688,114.4024032,30.6012734
8197531720,114.3994412,30.5943734
8197531871,114.4149562,30.6016909
8197552595,114.3143873,30.5848272
8197552596,114.3143291,30.5848738
8197630155,114.3761909,30.6400661
8197630176,114.3478317,30.6217758
8197630177,114.3477497,30.6218331
8197630184,114.3502717,30.6240911
8197635881,114.3503652,30.6240098
8197650528,114.3257948,30.545634
8197650529,114.3320356,30.5603312
8197650535,114.3322602,30.5599424
8197650540,114.3400744,30.5612335
8197650541,114.3398736,30.5613699
8197650542,114.3357099,30.5642251
8197650543,114.3358089,30.5641586
8197650544,114.3355669,30.5642754
8197650561,114.3490547,30.5789982
8197650564,114.3491196,30.5789463
8197650576,114.3560225,30.5860319
8197650577,114.3559601,30.5860736
8197650583,114.3516767,30.5822725
8197650602,114.3802295,30.5965134
8197650603,114.3753791,30.5946707
8197650614,114.3596581,30.589356
8197656620,114.3635029,30.5863239
8197656621,114.3636141,30.586211
8197656623,114.3599591,30.5888737
8197656628,114.360011,30.5889635
8197656631,114.360054,30.5889179
8197656632,114.3636044,30.5863779
8197656633,114.3675312,30.5882519
8197656637,114.3656329,30.5914969
8197656641,114.36586,30.5910144
8197656642,114.365533,30.5914604
8197656646,114.3657658,30.5909812
8197656655,114.3410464,30.5836172
8197663918,114.3530362,30.6263035
8197663919,114.3210874,30.6480708
8197663930,114.2885782,30.639661
8197663931,114.2870488,30.6424614
8197663933,114.2814746,30.6403485
8197663969,114.2828061,30.6441587
8197663975,114.2834514,30.6438696
8197663987,114.285517,30.6461815
8197663989,114.2416064,30.6170934
8197668393,114.2169363,30.5739378
8197668396,114.2154468,30.5713257
8197701259,114.2212578,30.5483576
8197701267,114.2255737,30.5536707
8197701277,114.2275394,30.5544904
8197701278,114.2232568,30.5524903
8197701708,114.233185,30.5499775
8197701709,114.2318167,30.5508242
8197713597,114.2258001,30.5798727
8197713603,114.2264506,30.5795452
8197713604,114.2261365,30.5769807
8197713610,114.2207673,30.5772349
8197713611,114.2232225,30.5754781
8197713612,114.2237794,30.5770049
8197713614,114.2242516,30.5784919
8197722093,114.2084935,30.53482
8197722094,114.2082303,30.5317158
8197771522,114.1889431,30.5355498
8197771538,114.189446,30.5384625
8197771539,114.1897516,30.538324
8197771540,114.1928181,30.5370391
8197771541,114.1894933,30.5385286
8197771542,114.1897986,30.5383918
8197771544,114.1915912,30.5414581
8197771545,114.191821,30.5413408
8197771553,114.1979009,30.5392933
8197771556,114.2011427,30.5389656
8197771557,114.2011667,30.5392699
8197771559,114.1979487,30.5394184
8197771567,114.1916557,30.5415481
8197771569,114.1918932,30.5414413
8197771579,114.1942908,30.5509257
8197771585,114.1890805,30.5528924
8197771599,114.191736,30.5518276
8197771600,114.1942466,30.5508797
8197771601,114.1943207,30.5508507
8197771603,114.1918416,30.551791
8197771610,114.2007883,30.5480215
8197771622,114.205421,30.5480614
8197771629,114.2058064,30.547941
8197771633,114.2051874,30.547761
8197771639,114.2055486,30.5474151
8197771640,114.199985,30.5484418
8197771645,114.1977979,30.5497303
8197771646,114.197568,30.5494018
8197771652,114.1999543,30.548353
8197771653,114.1979647,30.5495448
8197771660,114.1978708,30.5493462
8197771662,114.1993772,30.5520265
8197771665,114.1995002,30.5522324
8197771666,114.2009041,30.554926
8197771667,114.2002629,30.5544499
8197771681,114.1954637,30.5470915
8197771683,114.195175,30.546484
8197771684,114.1953473,30.5465354
8197771686,114.196733,30.5482445
8197771688,114.1970422,30.5489313
8197771689,114.1969467,30.5490082
8197771691,114.1963904,30.5484232
8197771693,114.2001986,30.5537697
8197771695,114.2006469,30.5543517
8197771696,114.2001391,30.5539831
8197771697,114.2005906,30.5551642
8197771701,114.1968157,30.5572846
8197771702,114.1969033,30.5572343
8197771703,114.1967685,30.5572221
8197771707,114.2005551,30.5550962
8197771708,114.1968563,30.5571721
8197771709,114.1978842,30.552742
8197771715,114.2014286,30.5608204
8197771716,114.1994701,30.5556848
8197771717,114.1994938,30.5557475
8197771718,114.2014014,30.5607473
8197771719,114.1979923,30.5587624
8197771720,114.1981075,30.5587201
8197771722,114.2017099,30.5576568
8197771723,114.2020196,30.5575708
8197771724,114.2004187,30.5580283
8197791960,114.2488592,30.6096472
8197791961,114.2473745,30.6073447
8197791962,114.2467437,30.6074558
8197791968,114.2476456,30.6077961
8197792008,114.2537384,30.6097474
8197792009,114.2537723,30.6100859
8197792010,114.254038,30.6101181
8197792014,114.252176,30.6097549
8197792016,114.249076,30.6092667
8197792028,114.2537003,30.6102245
8197792029,114.2539717,30.6102496
8197792031,114.253457,30.6108678
8197792038,114.2529795,30.6101
8197792043,114.2549225,30.6101221
8197792063,114.272427,30.6059321
8197792076,114.2805709,30.6204532
8197792077,114.2871605,30.6206398
8197792078,114.2895609,30.6198568
8197792079,114.2905032,30.6194502
8197792080,114.2906372,30.6193898
8197792140,114.3001183,30.6584728
8197792151,114.2979941,30.661823
8197792176,114.2786427,30.6738603
8197792177,114.2747333,30.6715074
8197792179,114.2749277,30.6716648
8197792180,114.2755591,30.6730924
8197792181,114.276592,30.6752829
8197792182,114.2764773,30.6753257
8197792183,114.2754994,30.6731138
8197792184,114.2748701,30.6717865
8198470815,114.2879606,30.6640446
8198567118,114.2933056,30.5983153
8201673846,114.1694787,30.5868629
8201673894,114.2223523,30.5723486
8201673900,114.2215465,30.569667
8201673902,114.2215882,30.5694355
8201673906,114.2212765,30.5695939
8201820477,114.276612,30.5656936
8201820482,114.2755238,30.5682272
8201820483,114.2756105,30.5670231
8201820491,114.2757385,30.5648816
8201820492,114.2744996,30.5644634
8201820498,114.2736771,30.5660601
8202663572,114.2894656,30.5775423
8202663573,114.2895762,30.5777727
8202679125,114.3042197,30.6308294
8202679138,114.3279216,30.6548334
8202679148,114.3276964,30.6547273
8202679149,114.3278726,30.6546774
8202679152,114.3220676,30.6545497
8202679154,114.322481,30.6592676
8202679156,114.3219174,30.6543161
8202679157,114.3219399,30.6544928
8202679158,114.3224714,30.659176
8202702074,114.3198825,30.663908
8202702078,114.3253413,30.6656687
8202702079,114.32548,30.6657262
8202702080,114.3254242,30.6658117
8202702081,114.3252723,30.6657745
8202725243,114.296816,30.6374658
8202725250,114.2983596,30.6379032
8202725261,114.2962597,30.6386114
8202725283,114.297216,30.6350463
8202725286,114.2890069,30.6335111
8202725291,114.2749515,30.6254987
8202725295,114.2788299,30.6269052
8202725296,114.2688474,30.6311554
8202725298,114.2693697,30.6277143
8202725300,114.2703891,30.6281151
8202725301,114.2575709,30.6265159
8202725302,114.2582145,30.6244893
8202725328,114.2437226,30.622614
8202725335,114.2438345,30.6224535
8202725337,114.2437467,30.6224058
8202725351,114.233214,30.6283135
8202725356,114.2335991,30.6276383
8203895740,114.5132067,30.5469939
8203895741,114.5133441,30.5471242
8203895742,114.512635,30.5458737
8203895749,114.5098282,30.5471052
8203895750,114.5109173,30.5487422
8203895751,114.5107918,30.5486088
8203895758,114.507954,30.5436346
8203895764,114.5164608,30.5543747
8203895769,114.5133772,30.5535433
8203895774,114.5134979,30.5536677
8205159813,114.5195128,30.5446297
8205167918,114.519268,30.5404668
8205167920,114.5179604,30.542868
8205167921,114.5194045,30.542688
8205167922,114.5040991,30.5333999
8205167926,114.5091587,30.5379015
8205167930,114.5208639,30.5267879
8205167932,114.5282136,30.5226734
8205167938,114.5153008,30.524633
8205167944,114.5184335,30.5255373
8205167945,114.5166767,30.5255408
8205167946,114.5231263,30.5272996
8205167948,114.5240498,30.5244855
8205167949,114.5248844,30.5221188
8205167955,114.5249405,30.5204694
8205599938,114.2938573,30.6725248
8205642824,114.2927839,30.6681909
8205642840,114.2942772,30.671521
8205642870,114.2964892,30.6798492
8205642875,114.296739,30.6795374
8205642881,114.2941446,30.67026
8205642883,114.2940251,30.670354
8205642889,114.2946939,30.6717085
8207331791,114.1901204,30.5685711
8207331792,114.1918095,30.5720822
8207331793,114.1901637,30.5686645
8207331795,114.1900313,30.5685978
8207331796,114.1900743,30.5686912
8209518239,114.3573986,30.5802202
8209518241,114.3576133,30.5805913
8209518244,114.3581195,30.5805898
8209518248,114.3578743,30.580882
8209518254,114.3622232,30.5801751
8209518256,114.3634741,30.5799465
8209518259,114.3634553,30.5798647
8209518262,114.3607257,30.5802266
8209518265,114.3602118,30.5780718
8209518274,114.3388546,30.6032879
8209518287,114.3310904,30.603112
8209518289,114.3321225,30.6042972
8209518298,114.3335147,30.6074474
8221151205,114.5610922,30.4702874
8238666029,114.1999034,30.6235316
8238666030,114.1999951,30.6251048
8299158002,114.2822883,30.607801
8299158003,114.2822251,30.6076933
8301765446,114.336679,30.5598632
8301765449,114.3381504,30.5625512
8301765450,114.3382029,30.5625946
8301765451,114.3374038,30.5612266
8301765452,114.3360369,30.5619387
8301765453,114.33712,30.5632265
8306162997,114.1967032,30.6271042
8306162999,114.1966955,30.6267681
8306163000,114.1968158,30.6267727
8306163002,114.1967057,30.6259859
8306163003,114.1972372,30.6252232
8306163006,114.1968483,30.6255473
8342188639,114.2906348,30.58706
8342188650,114.2810737,30.6098749
8342265691,114.1822879,30.5324798
8343338429,114.246075,30.5742939
8358666767,114.3436086,30.5651049
8358725960,114.3642044,30.5854963
8434929754,114.3944756,30.5228995
8445134878,114.329637,30.5187203
8445134880,114.3295989,30.5190119
8463138833,114.3556837,30.5272989
8474624052,114.3910961,30.5233203
8474624053,114.3904035,30.5233203
8474631019,114.3910983,30.5250779
8479338458,114.2960845,30.6535585
8479338459,114.3295508,30.6586924
8479338460,114.3297396,30.6592246
8479338490,114.3265273,30.5361817
8479351427,114.3108698,30.533849
8480288453,114.2301523,30.498482
8480288456,114.2301223,30.4975929
8480339482,114.1958648,30.6353999
8480339483,114.195882,30.6354816
8480339486,114.1973671,30.6366287
8480339487,114.1987131,30.636365
8480339511,114.1974707,30.635174
8480345723,114.1975376,30.6354504
8480345769,114.1941102,30.6358294
8480345770,114.19419,30.6361954
8480345782,114.1935371,30.6359445
8480345783,114.1935015,30.6358619
8480345784,114.1933003,30.6359
8480345785,114.1934323,30.6357684
8480345786,114.1936321,30.635837
8480387118,114.1988755,30.6365024
8480387200,114.198337,30.6404689
8480387201,114.1923889,30.6388763
8480387202,114.19767,30.6378281
8480387211,114.1956801,30.6334136
8480387212,114.1934938,30.6333733
8480387213,114.1935987,30.6338118
8480471017,114.3311822,30.5813009
8480471019,114.325588,30.5799926
8480471037,114.3323094,30.5969441
8480471038,114.3366655,30.5840469
8480471039,114.335943,30.5749278
8480471058,114.30453,30.5592853
8480471067,114.3226747,30.5208053
8480471069,114.3226916,30.5205258
8480471071,114.32279,30.5207781
8480471075,114.3184987,30.511309
8480471076,114.3176274,30.5110423
8480471077,114.3176274,30.5104372
8485585489,114.3440189,30.47605
8487621045,114.3819546,30.6010329
8488290723,114.3291213,30.4639501
8500990586,114.5625009,30.5177658
8500990588,114.5607006,30.5171596
8500990592,114.5343065,30.5185661
8507615432,114.3056029,30.4806245
8507615433,114.3003855,30.4824121
8507615434,114.3034017,30.4859426
8507615444,114.3029306,30.4845751
8512183970,114.4441821,30.4788763
8512204007,114.3441627,30.5193193
8512204008,114.3441757,30.5196755
8512222855,114.4186464,30.5021597
8512222859,114.4291738,30.5017216
8512222860,114.4311571,30.5025297
8512505601,114.3029693,30.4852774
8512505602,114.3034356,30.4853105
8512575875,114.3003049,30.4829314
8512575876,114.3022529,30.4831377
8512575877,114.302393,30.4821195
8512575878,114.3004552,30.4818959
8512575882,114.3037418,30.4827953
8519735827,114.2987096,30.5533462
8519892715,114.3004505,30.4843149
8519925917,114.3011055,30.4843872
8526783238,114.3449534,30.5060015
8526783240,114.3366508,30.5017782
8526783241,114.3155438,30.5080014
8544145204,114.3342162,30.4797627
8544145208,114.3342333,30.4800192
8544145209,114.3338184,30.480363
8544145212,114.3338411,30.4794939
8544154464,114.336557,30.4801345
8544154527,114.3353351,30.479689
8544154530,114.3337713,30.4781983
8544154557,114.334919,30.4776977
8544154558,114.3349662,30.47807
8544154559,114.3366641,30.4780469
8547857341,114.364985,30.4838084
8565449509,114.2842402,30.5744466
8583413141,114.3442111,30.4709438
8583413328,114.3441092,30.4712199
8597604786,114.1688183,30.6165345
8597640205,114.2240661,30.6086404
8597640209,114.2259163,30.6084752
8597640211,114.2263345,30.6084485
8600114948,114.2966093,30.6195308
8600114949,114.2958586,30.6197389
8600114950,114.2959219,30.6198586
8600114951,114.2994747,30.6178332
8600114954,114.3091457,30.6217346
8600114957,114.3064498,30.6178851
8600114958,114.3068888,30.6181046
8600114961,114.3098176,30.6224867
8600114962,114.3106037,30.6234002
8600119055,114.2499628,30.5533304
8626248756,114.3436187,30.4783576
8640236585,114.3416636,30.5074522
8640236586,114.3414031,30.5075627
8640236587,114.3389831,30.508591
8640236592,114.3353582,30.5096991
8658252418,114.2642971,30.6653882
8658252424,114.2662226,30.6632783
8676919184,114.3582625,30.4789923
8676919185,114.3588951,30.4799721
8676919190,114.3588671,30.4790267
8676919191,114.3589306,30.4785367
8677779481,114.3346004,30.4899748
8695368556,114.5545995,30.5167456
8695368557,114.5544689,30.5165886
8695368562,114.5563447,30.523276
8695368565,114.5095849,30.5298038
8695416413,114.5488069,30.4955311
8695416415,114.541263,30.494429
8701614535,114.3492241,30.4772933
8707957581,114.3866589,30.5073632
8707957600,114.38592,30.5083472
8719897073,114.5611959,30.4704058
8733507217,114.3349083,30.477588
8733826961,114.4656821,30.5115614
8733826962,114.4657306,30.5116613
8733826963,114.4658234,30.5115253
8733826964,114.4658759,30.5116211
8734423211,114.3439336,30.4757795
8809166315,114.3118094,30.5635327
8809166316,114.3137412,30.5635367
8816632004,114.4294112,30.4649065
8816632006,114.4278986,30.4673357
8816632007,114.4280812,30.4664224
8816632008,114.4273837,30.4672999
8816632009,114.4275339,30.4663567
8816632010,114.4279685,30.466986
8816632011,114.4282615,30.467026
8816632012,114.4274505,30.4668802
8816632015,114.4274661,30.466782
8816632016,114.4280544,30.4665565
8816640017,114.4273969,30.4672167
8816640018,114.4279589,30.4670342
8816640023,114.4263418,30.4659779
8816640025,114.4267436,30.4662112
8816640029,114.425085,30.4661648
8816640030,114.4238539,30.4660225
8816640032,114.4240249,30.4649465
8816640034,114.4239608,30.4653501
8816640036,114.4226864,30.4654232
8816640038,114.4219506,30.4655587
8816640040,114.4231185,30.4660164
8816640041,114.4230282,30.4661865
8816640042,114.4238084,30.4663093
8816640043,114.4208211,30.4653533
8816640045,114.4211168,30.4653889
8816640050,114.4277662,30.4663837
8816640055,114.4279117,30.4653192
8816640057,114.428939,30.4654026
8816640061,114.4258289,30.4649587
8816640062,114.4280067,30.4646247
8816640067,114.4257172,30.467111
8816640068,114.4258596,30.4662999
8816640069,114.4257942,30.4666721
8816640070,114.4251591,30.46565
8816640073,114.4259686,30.4655737
8816640074,114.4256859,30.4656289
8816640075,114.4257121,30.465282
8816640077,114.4257459,30.4651085
8816640079,114.4255236,30.4651946
8816640080,114.4252488,30.465026
8816640081,114.4253736,30.4651025
8816640083,114.4258289,30.46491
8816640084,114.4253996,30.4656726
8816640086,114.4253835,30.4656711
8816640087,114.4254914,30.4661827
8816640088,114.4249836,30.4668698
8816640089,114.4253329,30.466977
8816640090,114.4253166,30.4670653
8816640091,114.4257425,30.466967
8816640092,114.4239973,30.4651198
8816640093,114.4252182,30.4652387
8816640094,114.4233347,30.4652679
8816640095,114.4234307,30.4648745
8816640096,114.4278305,30.4659134
8816683696,114.4214351,30.4660927
8816683697,114.4227788,30.4661718
8816683698,114.4226504,30.4668034
8816683699,114.421961,30.4660946
8816683700,114.4283476,30.4668013
8816683702,114.4285866,30.466641
8816683704,114.4282543,30.466872
8816971868,114.4264207,30.466754
8826256279,114.3386893,30.4877766
8826256280,114.3394099,30.4877574
8826275156,114.2679554,30.6143085
8826275157,114.2681118,30.6143869
8826275178,114.2674156,30.6129558
8826275179,114.2654629,30.6133459
8826278354,114.275798,30.6036253
8826283095,114.2472071,30.5983007
8826283098,114.245538,30.5952692
8826283102,114.2460031,30.5951901
8869190630,114.5327103,30.4785575
8869190631,114.5328199,30.4786439
8869190632,114.5327085,30.4786438
8869190633,114.5446669,30.4785039
8869190634,114.5446691,30.4786213
8869190635,114.5445702,30.4785022
8869190636,114.5445723,30.4786204
8874097409,114.3209631,30.5556926
8882508782,114.182018,30.5760659
8882508784,114.1836242,30.5758659
8882508806,114.2078777,30.5934293
8887307681,114.1965704,30.568411
8887307682,114.1971232,30.5703415
8887307688,114.1986223,30.5751751
8887307689,114.1985598,30.5750387
8887307693,114.198887,30.5751122
8887307694,114.1988335,30.5749695
8887307696,114.1976621,30.5719504
8887307701,114.2063085,30.5883262
8887307707,114.2092438,30.5999914
8887307708,114.2093018,30.6001557
8887307710,114.2103959,30.6027311
8887307711,114.2129979,30.5813137
8887307712,114.2130916,30.5813765
8887307715,114.2140839,30.585275
8887307716,114.2145812,30.587296
8887319017,114.2147131,30.5872319
8887319018,114.2146688,30.5874679
8887319025,114.190401,30.6004696
8887319027,114.1840174,30.6037205
8887319028,114.1784078,30.6066107
8891401447,114.1858141,30.554736
8891401453,114.1856499,30.5547576
8906573068,114.2059301,30.6442541
8906573074,114.2062451,30.6442415
8906573129,114.3067261,30.569486
8906573130,114.307074,30.5694933
8906573137,114.3068648,30.5692166
8906573140,114.3149441,30.5709926
8906573145,114.3167954,30.5696011
8906573146,114.3204331,30.5714889
8906573151,114.317672,30.5738504
8909899980,114.3272068,30.4900497
8909961508,114.424235,30.4796422
8909980850,114.4287005,30.4868262
8909980863,114.4263346,30.486991
8909980868,114.4264069,30.4872397
8909980876,114.4293133,30.4871427
8909980880,114.4274238,30.489491
8909980888,114.4272623,30.4893691
8909980897,114.4295817,30.4881118
8909980902,114.4306402,30.4883031
8909980909,114.4269615,30.4795127
8909980913,114.4248815,30.4793441
8909980914,114.424516,30.4791094
8909980949,114.4266241,30.479431
8909980963,114.4272198,30.4794833
8909980964,114.4251732,30.4796175
8909981017,114.429154,30.4908072
8910265151,114.4532527,30.4779012
8910265152,114.4532811,30.4734825
8910265162,114.4483358,30.4729504
8910265178,114.4458321,30.4781284
8910265196,114.4440561,30.4755098
8910278091,114.4306653,30.4919904
8910278098,114.428309,30.4930983
8910278104,114.4338763,30.4918443
8910278108,114.4334334,30.4921924
8910278114,114.4277179,30.4933933
8910280433,114.4382292,30.4915605
8910280435,114.4392771,30.4912815
8910280437,114.4383615,30.4911625
8910280438,114.4408121,30.4907891
8910280460,114.4302791,30.4906856
8910280461,114.4301868,30.4907126
8910280462,114.42919,30.4909434
8910280464,114.4266294,30.4916132
8910280478,114.4333276,30.4895594
8910280479,114.4301534,30.4906113
8910280480,114.4302478,30.4905924
8910280519,114.419618,30.4879173
8910280522,114.420053,30.4874751
8910280527,114.4201129,30.4855471
8910280529,114.4204157,30.4874249
8910280532,114.4209099,30.4876718
8910280582,114.4226565,30.4675622
8910280583,114.4203307,30.4675508
8910291760,114.4853035,30.4736442
8910291761,114.4853227,30.4690019
8910291762,114.486644,30.4689867
8910291763,114.4867317,30.4689395
8910291765,114.4760941,30.4710763
8910291766,114.4873296,30.4710554
8910291767,114.4874226,30.4710255
8910291769,114.4806531,30.4710678
8910291770,114.4853142,30.4710592
8910291772,114.4829914,30.4690024
8910291773,114.4830424,30.473742
8910291774,114.4830136,30.4710634
8910291775,114.4785427,30.4736143
8910291776,114.4785317,30.4710718
8910291777,114.4785154,30.4690452
8910857092,114.433469,30.4901353
8910857106,114.4297367,30.4908245
8910857111,114.4303098,30.4911858
8910857113,114.4303922,30.4910147
8910857119,114.4307827,30.4905793
8910857120,114.429526,30.4907278
8910857126,114.4300244,30.4902228
8910857128,114.4301355,30.490146
8910857135,114.4312858,30.4903784
8910857136,114.4291926,30.4888221
8910857142,114.4297341,30.4891188
8910857143,114.4298319,30.4890083
8910857149,114.4302386,30.4884957
8910857157,114.4349242,30.4927823
8910857171,114.4338419,30.4921304
8910857177,114.434776,30.4926794
8910857178,114.4343775,30.4913403
8910857185,114.4329038,30.488321
8910857189,114.4322991,30.4880293
8910857197,114.4327049,30.4874517
8910857199,114.4330499,30.4881939
8910857204,114.4333157,30.4877567
8910857208,114.4328862,30.4873986
8910857231,114.4254215,30.484393
8928882876,114.2866812,30.5226715
8928882877,114.2895269,30.5149477
8928882882,114.2886257,30.5162335
8928882892,114.291485,30.5214183
8928882897,114.2909464,30.5231806
8946817065,114.1844777,30.577983
8946817067,114.1834841,30.5752169
8946817068,114.1834184,30.5740116
8946817070,114.1810757,30.5740753
8946817071,114.1936968,30.576317
8946817073,114.1917115,30.5721145
8946817074,114.1935756,30.5763489
8946817075,114.1936325,30.5764641
8946817077,114.1937482,30.5764357
8946817078,114.1975591,30.571978
8946817080,114.1925272,30.5736406
8946817081,114.1923906,30.5736934
8946817082,114.2026733,30.5771894
8947526062,114.46485,30.5335541
8947526070,114.46207,30.5326447
8947694372,114.2579851,30.5982501
8947694373,114.2514909,30.5990711
8947753833,114.1897069,30.5933503
8947753834,114.1918484,30.5962819
8947753837,114.1990815,30.6001438
8947753838,114.2022102,30.5995484
8947753839,114.2029302,30.5995057
8947753840,114.2024393,30.6022231
8947753843,114.2084779,30.5966454
8947753844,114.2100468,30.5962264
8947753845,114.2085884,30.5966159
8947753846,114.2063863,30.6075722
8947753847,114.2071394,30.6088399
8947753848,114.2105278,30.6083691
8947753850,114.2073603,30.6102076
8947753851,114.2070467,30.608326
8947753852,114.2111308,30.6096655
8947753853,114.2062912,30.6058949
8947753854,114.2110073,30.6043357
8947753856,114.2133816,30.6092093
8947753857,114.1859544,30.5941975
8947854512,114.1901993,30.545961
8947854513,114.1902591,30.5459252
8947854514,114.1934412,30.5442384
8947854515,114.200933,30.5549905
8947854516,114.203927,30.5538214
8948030517,114.2062893,30.5529174
8948030518,114.2085774,30.5520349
8948030523,114.2086549,30.5519839
8948030526,114.2117666,30.5562321
8948030527,114.2126456,30.5582009
8948030532,114.2127009,30.5583321
8948030537,114.2138805,30.5617254
8948030538,114.2139151,30.5618028
8948030540,114.2148608,30.5646287
8948030541,114.215699,30.5671615
8948030542,114.2179048,30.5709944
8948030543,114.2179518,30.5710647
8948030545,114.1957034,30.5288698
8948030546,114.1956049,30.5289214
8948030547,114.1898355,30.5324871
8948030548,114.1990812,30.5290241
8948030549,114.1982868,30.527854
8948030551,114.1956971,30.5243405
8948044393,114.3022231,30.5983474
8948044394,114.3122797,30.5818207
8948044395,114.3123524,30.5819122
8958991920,114.2074985,30.6201639
8958991929,114.2082992,30.6204683
8958991935,114.2078673,30.6200563
8958991936,114.208621,30.620421
8958991937,114.2134363,30.620416
8958991956,114.2089391,30.6198206
8958991972,114.2135755,30.6184418
8958991981,114.2140524,30.6181718
8958991998,114.2132907,30.620464
8958992001,114.2133055,30.6204109
8958992004,114.2131957,30.6208369
8958992010,114.2127865,30.6204645
8958992012,114.2127865,30.6204079
8958992017,114.2133458,30.6200436
8967690575,114.2424207,30.5441879
8967690580,114.2486065,30.5440474
8967690582,114.2534326,30.540203
8967690585,114.2539561,30.5403835
8967690586,114.2538571,30.5403238
8967690587,114.2263329,30.5530741
8967690589,114.2279034,30.5562874
8967690592,114.2281091,30.558848
8967690600,114.2293784,30.5622328
8967690601,114.2254674,30.5592549
8967690612,114.2246546,30.5623439
8967690616,114.211676,30.5694248
8967690732,114.1961866,30.5671065
8968180282,114.180875,30.5805871
8968180283,114.1790173,30.5806823
8968180294,114.199592,30.5773544
8968180295,114.1999256,30.5773924
8968180308,114.1941257,30.5775953
8968180309,114.194235,30.5775682
8974257772,114.3921,30.5254359
8977008659,114.2528894,30.5829342
8983070952,114.3466199,30.5571805
8986590746,114.2501243,30.6182273
8992630410,114.3990486,30.5133182
8992630412,114.3973107,30.5145821
8992828579,114.5026605,30.4722111
8992828581,114.4945189,30.4754342
8992828582,114.4945189,30.4753672
8992828583,114.5099224,30.4740624
8992828584,114.5161553,30.4740281
8992828585,114.5128809,30.4740461
8992828586,114.5146105,30.4752867
8992828587,114.5145889,30.4715951
8992828588,114.5145937,30.4724092
8992828589,114.5194785,30.4728803
8992828590,114.5194931,30.4786858
8992828596,114.5196916,30.4809808
8992828602,114.5179526,30.4875038
8992828607,114.5225158,30.4941623
8992828611,114.5223873,30.4969698
8992828613,114.520952,30.5011773
8992828614,114.5209011,30.501247
8992842719,114.5118906,30.508662
8992842787,114.5081532,30.4896372
8992842788,114.5082267,30.4911588
8992842789,114.5081514,30.4894575
8992842792,114.5525364,30.4910106
8992842795,114.5646081,30.4891359
8992856406,114.3506103,30.4738303
8992856413,114.3484242,30.4767766
8997889202,114.3441148,30.5450085
8997889203,114.3439017,30.5480194
8997889204,114.3428356,30.5449154
9003111384,114.3433095,30.5652883
9003111386,114.3464219,30.5682515
9003111387,114.3491308,30.5664797
9003262326,114.3195673,30.4588109
9003262347,114.3190145,30.4584665
9003262364,114.3227726,30.4619156
9003262380,114.3236296,30.4625022
9004601167,114.4532767,30.4752951
9004601177,114.4503297,30.4765578
9004601183,114.448796,30.4755428
9004601187,114.4488879,30.4753167
9004601189,114.4485048,30.4753227
9004635766,114.4259462,30.4685684
9007445751,114.4178995,30.4934795
9007445760,114.4178932,30.4934213
9013079772,114.2504857,30.5271053
9013079777,114.2469393,30.5248211
9013079778,114.2468852,30.5247756
9049793746,114.3182749,30.5779144
9049793753,114.3182295,30.5778635
9054721654,114.2937945,30.4799176
9054721655,114.2909377,30.4758949
9054721665,114.2654458,30.4771892
9054721669,114.2683201,30.4793661
9054721670,114.2685579,30.4792161
9067266335,114.2922527,30.4919959
9067266402,114.2951649,30.4917123
9067266445,114.2998601,30.5004482
9067266446,114.2998141,30.5003405
9067303127,114.2937372,30.5079124
9067341316,114.3039696,30.4729276
9067344126,114.3084919,30.4721483
9067344127,114.303916,30.4728282
9080888576,114.2921247,30.5791333
9124653700,114.5516565,30.4785738
9124653703,114.5617457,30.47856
9124653714,114.5617913,30.4784287
9124653715,114.5604179,30.4786135
9124701118,114.5598037,30.478617
9124701121,114.5522935,30.4785697
9124701122,114.5522533,30.4784475
9124701125,114.5552386,30.4783456
9124701126,114.5552332,30.4786391
9124701128,114.5563179,30.4783837
9124701129,114.5562265,30.4783815
9124701130,114.5560724,30.4786276
9124701131,114.5559736,30.478629
9124701132,114.5556518,30.4789438
9124701139,114.556428,30.4781844
9139398479,114.429019,30.5338688
9139428086,114.4495465,30.5406562
9139889936,114.1975942,30.5380072
9139889940,114.1985115,30.5380904
9139889961,114.1964768,30.5367087
9158437416,114.3546421,30.5377168
9166353164,114.3990313,30.5396624
9207747193,114.4326526,30.4837036
9207747194,114.4321516,30.4833371
9207747202,114.4323025,30.4841836
9207747210,114.4364835,30.4871388
9208000667,114.4196639,30.4914091
9208000671,114.4208997,30.4910879
9208010654,114.4399828,30.5029435
9208010656,114.4398175,30.5027839
9208010658,114.4400809,30.5027938
9208010661,114.4375456,30.5017657
9208010662,114.4384204,30.4996821
9208010730,114.4570747,30.5234451
9208010758,114.4409281,30.500178
9208010767,114.449099,30.5164894
9208010768,114.4508978,30.5202008
9208010769,114.4497927,30.5163936
9208010782,114.4611086,30.5251487
9211882329,114.3994805,30.5944292
9213686973,114.2615721,30.4831698
9213687000,114.2689164,30.4935634
9213687003,114.2637884,30.4817757
9213687005,114.2646386,30.4816049
9213687007,114.2643927,30.4813053
9213687010,114.2637892,30.4815439
9213687014,114.2641679,30.481303
9213687020,114.263942,30.4819084
9213687029,114.2631134,30.4890036
9213687030,114.2633922,30.4889882
9213687034,114.2631048,30.4887451
9213687037,114.2649632,30.4813265
9213687042,114.2648558,30.4811702
9213881177,114.5146032,30.4740366
9213881178,114.5113218,30.4752934
9213881179,114.5113006,30.4740548
9213881200,114.519485,30.4754523
9213881201,114.5194935,30.4756382
9213881202,114.5177325,30.4831777
9213881203,114.5194931,30.478565
9213942747,114.4677939,30.4720164
9213942750,114.4668932,30.4727506
9213942771,114.4586835,30.4621042
9214394625,114.4807114,30.4776563
9214394626,114.5171618,30.4809756
9214394627,114.5171458,30.4786978
9214394631,114.4891325,30.4776915
9214394632,114.4892706,30.477703
9214394634,114.4891337,30.4777508
9214394635,114.4892763,30.4777643
9214394640,114.4807113,30.477806
9214394644,114.4758211,30.478098
9214394645,114.4760084,30.4780896
9214394652,114.4807114,30.477742
9214394654,114.4758224,30.4780443
9214394655,114.47601,30.4780327
9214394659,114.4730757,30.4782265
9214394660,114.4740789,30.4780554
9214394663,114.4704161,30.4782739
9214394677,114.4710485,30.4782262
9214394701,114.458706,30.4781477
9214394707,114.4514953,30.4779215
9214394711,114.451261,30.4781774
9214394712,114.4518584,30.478158
9214406805,114.5530134,30.4816075
9214406808,114.5530218,30.4815071
9214406809,114.5530799,30.4815429
9214406810,114.5529601,30.4815672
9214406811,114.548798,30.4830046
9214406813,114.5515714,30.4829202
9214406814,114.5516643,30.4829185
9214406815,114.5514001,30.4831787
9214406816,114.5513217,30.4831627
9214416119,114.4459373,30.4783462
9214416120,114.4459951,30.4786085
9214416129,114.4586132,30.4780307
9214416130,114.4587039,30.4780378
9214416133,114.4586129,30.4779928
9214416134,114.4587032,30.4779995
9214416160,114.44596,30.4784489
9214416162,114.4459702,30.4784952
9214416179,114.4397863,30.4792011
9214416183,114.4397852,30.4792583
9214416188,114.433996,30.4790727
9214416205,114.4327411,30.4791379
9214416208,114.4355402,30.4790461
9214416210,114.4311211,30.4771858
9214416217,114.4311197,30.4765314
9214416225,114.4311776,30.4789789
9214416226,114.4313453,30.4789715
9214416228,114.431183,30.4790279
9214416229,114.4313531,30.4790198
9214425921,114.5487411,30.4830774
9214425922,114.5580179,30.483307
9214425924,114.5558126,30.4829068
9214425926,114.5593736,30.4829451
9214425927,114.5593091,30.4830342
9214425930,114.5555997,30.4831151
9214425931,114.5581903,30.4830918
9214425937,114.5578609,30.4830948
9214514666,114.1993509,30.6151005
9214514667,114.2000818,30.6192192
9214514668,114.196989,30.6174322
9214514669,114.1997035,30.6170876
9214515593,114.2881626,30.4649246
9214515616,114.2878386,30.4649273
9214515677,114.2941997,30.4624602
9214515685,114.2940611,30.4625311
9214515692,114.3270218,30.490196
9214515696,114.3203878,30.4902526
9216077658,114.2290387,30.6087686
9216077679,114.231883,30.598118
9216077682,114.2347269,30.5970567
9216077704,114.2086022,30.5519174
9216130975,114.2425492,30.5135102
9216130976,114.2439444,30.5150876
9216130977,114.245624,30.5169352
9216130979,114.24732,30.51368
9216130983,114.2478292,30.5139117
9216130987,114.2459508,30.5121535
9216130999,114.2995416,30.5000796
9216131000,114.2996621,30.5008151
9216131001,114.3027274,30.4999606
9216131002,114.3025178,30.5070706
9216131003,114.3025368,30.5072185
9216131007,114.3032796,30.5134483
9216131008,114.3041114,30.5134471
9216150518,114.3035696,30.5069773
9216150520,114.3032181,30.5036632
9216150521,114.3028445,30.5000398
9216150522,114.3028319,30.4999492
9216150629,114.3284887,30.4935355
9216150630,114.3283879,30.4935597
9216150633,114.3245934,30.494432
9216150642,114.3202341,30.4954576
9216150646,114.3149381,30.4954697
9216150649,114.3094754,30.4966893
9216150650,114.3093844,30.4967115
9216150654,114.3200865,30.4953788
9216150655,114.3202317,30.4953714
9216150663,114.328362,30.4934674
9216150664,114.3284629,30.4934436
9216150679,114.3152687,30.4997516
9216150682,114.3148308,30.4954868
9216150683,114.3148202,30.4953997
9216224479,114.2885311,30.5004173
9216224480,114.288507,30.5003439
9216224482,114.281328,30.4976304
9216224483,114.2812682,30.4975661
9216224485,114.2843939,30.4958852
9216224486,114.2844247,30.4959884
9216224490,114.285251,30.4999767
9216224501,114.314083,30.5806316
9255390790,114.3415806,30.4845468
9255428257,114.3359929,30.4805919
9255428259,114.3338164,30.4806478
9255428260,114.3365498,30.4805434
9255428262,114.3335439,30.4718215
9255428273,114.3367188,30.477099
9287969764,114.3493222,30.5953268
9287969765,114.3492987,30.59791
9287969766,114.3484729,30.5975286
9287969769,114.3498124,30.5958639
9287969770,114.3491645,30.5955721
9287969771,114.3504186,30.5961448
9287969788,114.3472725,30.5950362
9287969789,114.3464314,30.5945863
9310144589,114.4018532,30.5393142
9310144605,114.3999152,30.5376318
9310144654,114.4082603,30.5343178
9312502108,114.4524668,30.5266527
9312502113,114.4520446,30.5238551
9317633958,114.1804513,30.5893979
9317633959,114.1817617,30.5884521
9320573625,114.2607014,30.6051424
9320573627,114.2580851,30.60865
9328966032,114.2595862,30.6036321
9328966117,114.2580644,30.5923266
9328966118,114.2611417,30.592946
9341257264,114.424042,30.5166394
9344334991,114.3387193,30.4789439
9344334992,114.3393073,30.4783483
9344334994,114.3366122,30.4790536
9344334995,114.3374768,30.4790489
9344334997,114.3384947,30.4790513
9344335000,114.3388189,30.4798516
9344335001,114.336766,30.4800059
9344335003,114.338484,30.4794939
9344335008,114.3386248,30.4794962
9344335009,114.3375157,30.4799793
9344335010,114.3374808,30.4787479
9344335011,114.3367861,30.4787484
9346639920,114.4048519,30.5125516
9346639921,114.4048897,30.5128648
9349974908,114.3443311,30.5803043
9349976144,114.2302284,30.5585107
9349976147,114.2310356,30.5613713
9350057975,114.420166,30.4883671
9350057984,114.4205299,30.488316
9350071620,114.3484443,30.5781755
9366842949,114.4123447,30.5208333
9369164286,114.511752,30.4916789
9369164287,114.5126517,30.4951301
9369164302,114.5079639,30.4945246
9383211099,114.4112762,30.5216954
9401807033,114.4106772,30.5142644
9424855160,114.2146679,30.5058059
9424855166,114.2096957,30.4993776
9424855167,114.2177019,30.4943476
9424855168,114.2124535,30.4976449
9424855169,114.2149827,30.496056
9424855172,114.1745345,30.544027
9424855173,114.1746681,30.543945
9424855174,114.209777,30.5359968
9425057197,114.2667369,30.5395556
9425057200,114.2681492,30.5388007
9425057201,114.2680495,30.5388452
9425057202,114.2669065,30.539346
9425057210,114.2297535,30.52429
9425057211,114.2462482,30.5535053
9425060318,114.247719,30.5532859
9425060321,114.2471087,30.5480029
9425060322,114.2498381,30.5529694
9425060330,114.2421583,30.5542569
9425060331,114.2430022,30.5571149
9425060332,114.2356388,30.5564082
9425060338,114.23434,30.5535538
9425819485,114.2041368,30.5636014
9425819486,114.2020416,30.5642403
9425819487,114.2037088,30.5626211
9425819488,114.2013451,30.5634107
9425819489,114.2033457,30.5617176
9425819490,114.2001793,30.562749
9425819491,114.1854085,30.5527144
9425819492,114.1853862,30.5526616
9425819506,114.1886868,30.5980545
9425844020,114.1660382,30.6116238
9425844026,114.1748144,30.6081072
9425844027,114.1928149,30.5992441
9425844028,114.1993039,30.5959386
9425844032,114.1996879,30.5981873
9425844033,114.2049372,30.6015314
9425844035,114.2049041,30.6006715
9425844038,114.2079377,30.6004762
9425844039,114.206902,30.6003567
9425844044,114.2048612,30.6025135
9425844045,114.2068925,30.6074617
9425844046,114.2073871,30.6103957
9425844047,114.1930197,30.6191734
9425844049,114.176715,30.6100624
9425844050,114.1828085,30.6093122
9425844051,114.2091164,30.6049609
9425844052,114.210232,30.6068235
9425844053,114.2118551,30.6061681
9425844054,114.2097599,30.6070102
9428099032,114.2740839,30.6400264
9428099033,114.2068255,30.5914127
9428099034,114.2070762,30.5912383
9428099035,114.2134989,30.6095538
9428099038,114.2525383,30.6529104
9428518614,114.2385861,30.5983488
9428518615,114.2384524,30.5983719
9428518616,114.2353516,30.5989578
9428550617,114.2352316,30.5989735
9428550618,114.2346796,30.5990869
9428550620,114.2288408,30.5893511
9428550623,114.2299317,30.5926763
9435866180,114.4105497,30.5132676
9440489573,114.1947781,30.5506605
9440489575,114.1970316,30.5497329
9440489577,114.1971537,30.5495632
9440489578,114.1974049,30.5499244
9440489582,114.1948037,30.5507274
9440489587,114.1971148,30.5499315
9440500496,114.3941222,30.5990512
9440500500,114.3915376,30.5988209
9440500502,114.3693456,30.5923644
9440500503,114.3690828,30.5928607
9440500504,114.3695905,30.592458
9440500505,114.3693158,30.592945
9442093363,114.3965158,30.5125644
9442093409,114.4052111,30.5155259
9442093410,114.40561,30.5157005
9476409414,114.3402758,30.492277
9476412290,114.3434259,30.4895833
9480961757,114.3317399,30.5190124
9480961760,114.3296255,30.5199932
9481522243,114.3146052,30.4997537
9481522245,114.3087732,30.4996793
9481522251,114.2940582,30.5005161
9481522263,114.2940544,30.5004474
9481522268,114.2993187,30.5005834
9481522277,114.2990984,30.5003905
9482275245,114.3334693,30.4815874
9482275248,114.3334233,30.4848754
9482275254,114.3334053,30.4861282
9482275255,114.332227,30.4852316
9482836740,114.5037711,30.5072032
9482836741,114.5043317,30.5072864
9482836743,114.504463,30.5067664
9482836744,114.5040178,30.50657
9482836745,114.5032609,30.5063361
9482836749,114.5029584,30.5070576
9482836752,114.5016843,30.5067665
9482836758,114.4994581,30.5074273
9482836765,114.4543236,30.5126829
9482836784,114.5181498,30.5101876
9482836799,114.5197717,30.5117591
9482836810,114.5207583,30.520293
9484489995,114.3298553,30.4819875
9486041525,114.3225489,30.5204634
9486211038,114.3321363,30.5164717
9486211039,114.332352,30.5162739
9486211046,114.3371583,30.5215659
9486325520,114.3031042,30.5134994
9486325528,114.3006699,30.513481
9486325529,114.2965935,30.5134743
9486842278,114.2910948,30.508824
9486842279,114.2906495,30.5089462
9486842284,114.2908678,30.5084811
9486842285,114.2908821,30.5089092
9486842289,114.2913235,30.5092053
9486842290,114.291829,30.5085503
9486842293,114.2914709,30.5090093
9486842294,114.2908848,30.5081047
9486842297,114.2916005,30.5085386
9487411550,114.2522873,30.5271922
9487411554,114.2584075,30.5335156
9487411564,114.2606605,30.5517741
9487411565,114.2440319,30.518702
9487411566,114.2441899,30.5188689
9487411567,114.2467347,30.5214722
9487411568,114.2481263,30.5229066
9487411569,114.2486538,30.5234385
9487411570,114.2487221,30.5235114
9487411571,114.2500676,30.5248967
9487411572,114.2507344,30.5255576
9487411573,114.2514937,30.5263651
9487411574,114.2523317,30.5272366
9487411575,114.2541972,30.5291536
9487411576,114.2565911,30.5316453
9487411577,114.2607679,30.5483703
9487411579,114.2608931,30.5452436
9487411580,114.261057,30.5432402
9487411581,114.2613237,30.5403349
9487411582,114.2607711,30.5517721
9487411584,114.2613455,30.5400391
9495274922,114.4428704,30.5262188
9495274987,114.4343425,30.5283118
9497638844,114.1847457,30.5717651
9499906903,114.1900303,30.5743841
9499906904,114.1885227,30.5691802
9499906906,114.1896757,30.5728425
9499906907,114.190955,30.5770377
9499906908,114.1909992,30.5771656
9499906909,114.1914323,30.5782755
9499909453,114.1934933,30.5758513
9499909454,114.195577,30.5749378
9499909455,114.1939981,30.5713381
9499909456,114.1946382,30.5729431
9499909459,114.1959146,30.575734
9500015966,114.2883743,30.6092929
9500015971,114.2890513,30.6099055
9500017026,114.2900453,30.6089037
9500017045,114.289861,30.6085795
9500914449,114.2611193,30.5522276
9500914453,114.26008,30.5520685
9500914457,114.2600813,30.5522023
9500914460,114.2607516,30.5522184
9500914461,114.2607599,30.5520963
9500914462,114.2606499,30.5520934
9500914463,114.2606445,30.552216
9501913773,114.3159945,30.5427049
9502190629,114.3890545,30.5280482
9504145233,114.2903854,30.5823739
9504145234,114.290284,30.5822777
9504727197,114.2648751,30.5496424
9504785942,114.2658788,30.549669
9504785943,114.2658598,30.5497413
9506833727,114.301283,30.5272492
9506833728,114.3014393,30.5271782
9506833730,114.3011246,30.5275545
9506833731,114.3015657,30.5274011
9506884765,114.3214101,30.5219978
9506884768,114.3197703,30.5235232
9506884776,114.3205783,30.5219133
9506884779,114.3205511,30.5213928
9506938435,114.3004954,30.6213728
9506938436,114.3003646,30.6214227
9509566787,114.3037121,30.5531242
9516709167,114.4290988,30.4645688
9517489231,114.2701083,30.6177618
9517489232,114.2706838,30.6167145
9520799127,114.2200858,30.6576937
9520799141,114.220027,30.6521993
9520799142,114.2200208,30.6520952
9520817014,114.1781778,30.6063978
9521376083,114.3986411,30.5092881
9521376084,114.3986476,30.5089611
9552100025,114.3522898,30.5297311
9559536926,114.3251041,30.5368125
9587497118,114.31181,30.5426756
9593380986,114.2420189,30.4716594
9593381001,114.2430328,30.4726997
9593390842,114.2464642,30.4770491
9593390843,114.2465343,30.4769867
9593390847,114.2483025,30.4800581
9593390854,114.2491146,30.4804215
9593390865,114.2520541,30.4796522
9593390873,114.2542742,30.4779522
9593390909,114.2512275,30.4797829
9593390928,114.2518201,30.4804569
9599748058,114.2694709,30.5830901
9599748107,114.2668248,30.5823323
9606136210,114.2631152,30.5861842
9606136211,114.2629995,30.5861576
9606164081,114.2622516,30.5897735
9606164082,114.2620233,30.5897129
9608485461,114.2582645,30.5814446
9608485462,114.2581046,30.5817179
9614330239,114.202897,30.6204976
9614330240,114.2030036,30.6257884
9614330241,114.2085899,30.6204681
9614330242,114.2084867,30.6235435
9614330255,114.2140209,30.618309
9626376711,114.4876152,30.5114397
9626376712,114.4876807,30.5112839
9626752363,114.4013189,30.5082936
9626752364,114.4025646,30.5095922
9626752365,114.4025934,30.5094074
9626752367,114.4025547,30.5093318
9626752368,114.4023341,30.5093011
9626752369,114.4022734,30.509552
9631280040,114.2190742,30.5912563
9631280041,114.2190056,30.5913263
9631280042,114.2189784,30.5911919
9631280043,114.2190371,30.5912943
9631280044,114.2155117,30.5998177
9631280045,114.2158762,30.6000586
9631280047,114.2152103,30.5997669
9631280048,114.2155725,30.6000306
9631280050,114.2156063,30.5998516
9631462867,114.4046554,30.5090279
9631462870,114.4042135,30.5072333
9631488686,114.4059446,30.5090936
9631488690,114.4046527,30.5090901
9631488691,114.4059328,30.508989
9631488697,114.4060072,30.5096504
9631564679,114.4046807,30.509901
9632492173,114.4012125,30.5059515
9633345158,114.4015762,30.5073349
9633345159,114.4022288,30.5074165
9633345160,114.4015145,30.5075591
9633345161,114.4025525,30.5077024
9633345162,114.4021931,30.5076492
9633345164,114.4022118,30.5069187
9633345171,114.4014014,30.5069601
9633499053,114.3993875,30.5078433
9633499054,114.3993592,30.5079926
9633499055,114.3984137,30.5071719
9633499056,114.3982161,30.5072339
9641299714,114.4093224,30.5311851
9641299716,114.4096279,30.5313263
9641330617,114.4094539,30.53149
9641330618,114.410693,30.5317996
9641330620,114.4096497,30.5318736
9641330621,114.4101942,30.5321161
9641330622,114.4096523,30.5321023
9641330789,114.4034994,30.5374944
9641330814,114.4059684,30.5381828
9641330815,114.4059574,30.5381653
9641330832,114.408326,30.5411051
9641330871,114.4346278,30.5313367
9641468488,114.4117089,30.5388371
9641468493,114.4123503,30.5388612
9641468494,114.4121799,30.5389757
9643085509,114.4515967,30.5424738
9643085513,114.4532007,30.5425281
9643085516,114.4541526,30.542126
9643085539,114.4520688,30.5404352
9643085554,114.4504618,30.5406529
9643085578,114.4545673,30.541391
9643085579,114.4539732,30.5404306
9643085586,114.4525006,30.5401349
9643085587,114.4523478,30.5397144
9643085588,114.4521439,30.5398992
9643085592,114.4511865,30.5391262
9643085595,114.4508048,30.5400956
9643085598,114.4502047,30.5400563
9643085599,114.4500598,30.5407124
9643085616,114.451476,30.5383907
9643085623,114.4512507,30.537834
9643085746,114.4517415,30.5340894
9643085755,114.45503,30.5338327
9643085818,114.4584417,30.5333383
9643085819,114.4586948,30.5334186
9645634438,114.441778,30.5590281
9652914542,114.3737894,30.5856054
9652914547,114.3738691,30.5852236
9681727748,114.3585011,30.5439541
9686297309,114.3967855,30.5977505
9686297315,114.3955839,30.6002031
9704772666,114.2363276,30.5710326
9704772667,114.2388594,30.5699229
9704772670,114.2407754,30.56855
9718331459,114.2999234,30.6029732
9718331466,114.2962477,30.5970374
9718331470,114.2971167,30.5982268
9722186846,114.3220715,30.5065019
9722186847,114.3209497,30.5026753
9724086910,114.312245,30.581982
9724086911,114.3121694,30.5818869
9741448746,114.2741562,30.497266
9741448747,114.2742348,30.4972066
9741448749,114.2745155,30.497521
9741448750,114.2745897,30.4974646
9741462927,114.2744853,30.5064486
9741462928,114.2743908,30.5065255
9748315459,114.2939233,30.4922036
9748315460,114.2933967,30.4922765
9761710373,114.4696453,30.5524817
9761710496,114.4615477,30.541611
9761710513,114.4590533,30.5450391
9761710517,114.4675344,30.5442815
9761710561,114.4552211,30.5478277
9761710562,114.4568485,30.5489014
9761710563,114.4569021,30.5493865
9761710571,114.454424,30.5503359
9761710572,114.4568592,30.5492386
9761710579,114.4557273,30.5502734
9761710580,114.4543341,30.5505949
9761710585,114.4557863,30.550874
9761710595,114.4574118,30.5520567
9761710597,114.4580877,30.5528605
9761710599,114.457503,30.5535627
9761710639,114.4593269,30.552902
9761710643,114.457621,30.5533271
9761710646,114.455384,30.5532069
9761710656,114.4551238,30.5549624
9761710657,114.4554216,30.5553943
9761710669,114.4591174,30.5570057
9761710674,114.4601932,30.5544588
9761710675,114.4603863,30.5546113
9761710683,114.4574869,30.5554705
9761710684,114.4600309,30.554721
9761710695,114.4574856,30.5549994
9761710726,114.4672662,30.5576601
9794559210,114.2279443,30.5864845
9794559211,114.2278364,30.5864397
9794559212,114.2253538,30.5855121
9803032123,114.208446,30.6180502
9803032133,114.2089192,30.6197425
9813153836,114.3162985,30.541083
9831132151,114.4360345,30.4743945
9831132152,114.4393793,30.4743829
9831132153,114.4313466,30.4744106
9834371137,114.3599144,30.5889204
9838163244,114.3261491,30.5084766
9838163249,114.3268881,30.5075351
9838163255,114.3266813,30.5075737
9844995009,114.3573766,30.6184688
9857578838,114.5109371,30.4945523
9860750499,114.3294617,30.6018226
9860750511,114.3333129,30.6072453
9861506783,114.2199653,30.6263055
9861506789,114.2201632,30.6237255
9861506809,114.2141766,30.6182626
9861549724,114.2135513,30.6188368
9861549729,114.2130785,30.6185894
9861549732,114.2139915,30.618437
9861549753,114.2028987,30.6205675
9861549755,114.1994655,30.6205766
9861549757,114.2003318,30.6205669
9861549758,114.1998585,30.6207601
9861549796,114.2125113,30.623931
9861549799,114.2122041,30.6236201
9861549803,114.2125889,30.6232939
9861559726,114.248282,30.6197943
9861948904,114.3531689,30.6219714
9861948906,114.3554396,30.621477
9861948907,114.3531054,30.6216132
9861948909,114.3545645,30.62078
9861948910,114.3525178,30.6208866
9861948911,114.3534788,30.6199165
9861948914,114.3515986,30.6234042
9861967117,114.3521889,30.6205788
9862083328,114.3571137,30.6296113
9862302832,114.3712301,30.601618
9862507664,114.2324284,30.628781
9862507666,114.2316696,30.6295598
9862507675,114.2274395,30.6244846
9862507676,114.2273016,30.6247796
9862989142,114.3728814,30.6283707
9862989143,114.374143,30.6266295
9893917203,114.3817451,30.6235476
9893917204,114.4062043,30.6276003
9893940667,114.3780636,30.6166196
9893940668,114.3749915,30.6152726
9893940669,114.3750787,30.6151659
9893940670,114.3781917,30.6163982
9893940673,114.3677688,30.6080067
9893940675,114.3798914,30.6057433
9893964749,114.3828875,30.5984956
9899384565,114.2125398,30.6076476
9899414887,114.2828987,30.574778
9933444499,114.3190524,30.4721233
9933444501,114.315922,30.4708892
9933444503,114.3166952,30.4748676
9933449816,114.277261,30.477984
9933460517,114.2773412,30.4779737
9933460520,114.2767726,30.475834
9933460521,114.2768523,30.4758259
9933460522,114.276952,30.4762655
9933460525,114.2819137,30.4823846
9933460526,114.2819131,30.4820385
9933460530,114.2649666,30.4903826
9933460531,114.2713592,30.4796742
9933460532,114.2728749,30.4789855
9933460533,114.271337,30.4796382
9933460534,114.2728564,30.4789507
9933460538,114.2732541,30.4790552
9933460543,114.272953,30.4786103
9933460544,114.2733662,30.4790225
9933460548,114.2751233,30.4782983
9933460549,114.2751838,30.4782847
9933460552,114.2773307,30.4779342
9933460553,114.277251,30.4779433
9933460554,114.2751581,30.4782266
9933460555,114.2751,30.478245
9933460559,114.2731494,30.4787098
9933461533,114.3205502,30.4841004
9933742347,114.2723837,30.4854141
9933742351,114.2599136,30.4939918
9933742356,114.2723154,30.4853131
9933742357,114.2655751,30.4900911
9933742362,114.2655787,30.4907494
9933742364,114.2748797,30.4891838
9933742365,114.2634827,30.4974826
9933742369,114.2749287,30.4892578
9933742388,114.2716429,30.4838129
9933742396,114.2779369,30.482118
9933742397,114.2716607,30.4838395
9933742405,114.2779433,30.4821605
9933758978,114.294855,30.5237047
9933758979,114.2953174,30.5220766
9933758980,114.2951725,30.5219107
9933767027,114.2724724,30.4813362
9933767029,114.271507,30.4796071
9933767033,114.2714337,30.4797853
9933767034,114.2712685,30.4795344
9933767039,114.2714893,30.4795694
9942911426,114.541271,30.4918715
9942911429,114.5398192,30.491434
9942911430,114.5398356,30.4912533
9942911431,114.529834,30.4909265
9942911432,114.5298368,30.4911
9942911436,114.5412737,30.4907715
9942911445,114.5318887,30.4908398
9942911449,114.5341927,30.4940149
9948463400,114.2996773,30.5122606
9948463401,114.3009505,30.5119045
9948463402,114.3030224,30.5117016
9948463403,114.299848,30.5122129
9948463404,114.2988565,30.5094849
9948477775,114.3031594,30.5132888
9948666253,114.4205132,30.4879751
9948666261,114.4230281,30.4874081
9959291187,114.2203244,30.4911679
9959339418,114.2197255,30.4933874
9959339447,114.2327256,30.5039821
9965368709,114.2656259,30.4749787
9965432437,114.2645578,30.4710738
9967436546,114.3511985,30.5359789
9967436550,114.3508621,30.5364668
9979898797,114.427073,30.4914811
9979898801,114.4265804,30.4913772
9979898812,114.4270108,30.4912729
10008300562,114.3101971,30.6187625
10008300580,114.3068509,30.6137392
10008300586,114.3088244,30.617322
10011888393,114.4503951,30.5226665
10011888408,114.4496226,30.5222576
10011888415,114.4500169,30.5219087
10011888420,114.4491371,30.5221906
10011888421,114.4486839,30.5221328
10011888422,114.4494241,30.5220843
10011888424,114.4492015,30.5219711
10011888425,114.448877,30.5218532
10011888514,114.4310119,30.5135799
10011888515,114.4312734,30.5132139
10011888516,114.4307318,30.513972
10011888577,114.4323841,30.5124742
10011888656,114.4310317,30.5082774
10011888707,114.4361848,30.5114771
10012487048,114.4308402,30.5078099
10016236814,114.293623,30.4916195
10016238317,114.2940223,30.4918785
10017424518,114.3785173,30.5044128
10017424519,114.3776058,30.5045544
10017424525,114.3782826,30.5044486
10017424526,114.3774831,30.5045752
10017424527,114.3767007,30.5052885
10017424528,114.3779473,30.5050922
10017424532,114.3775517,30.5052828
10017424538,114.3777046,30.5051523
10017424539,114.3776429,30.5051176
10017424540,114.377097,30.5044324
10017424541,114.3774368,30.5044292
10017424542,114.3769106,30.5042013
10017424543,114.3773666,30.5041995
10017424544,114.3767363,30.5036744
10017424546,114.3776348,30.5050541
10017424547,114.3766955,30.5050773
10017424561,114.3766856,30.5046726
10017424562,114.3753388,30.5045225
10017424564,114.3766795,30.5044277
10017424565,114.3756312,30.5042799
10017424566,114.3766755,30.5042636
10017424567,114.3756071,30.5041551
10017424568,114.3766726,30.5041481
10017424569,114.375599,30.5039055
10017424570,114.3766658,30.503873
10017424571,114.3756366,30.5037368
10017424573,114.3767135,30.5058051
10017424578,114.3724756,30.5073194
10017424579,114.3724728,30.5075545
10017424580,114.3723641,30.5075499
10017424581,114.3723736,30.507316
10029915074,114.2955753,30.5886998
10029915075,114.2945238,30.5879609
10030017299,114.4477721,30.4907019
10030017305,114.4466902,30.4911664
10030017310,114.4481608,30.4907274
10030017311,114.4455403,30.4907251
10030017312,114.4455073,30.4912759
10030017313,114.4466812,30.4913239
10030017315,114.4466586,30.4917192
10030066817,114.4466102,30.4925663
10030066818,114.4471711,30.4925973
10030066819,114.4438642,30.4924146
10030066820,114.4438291,30.4930248
10030066821,114.4439685,30.4908361
10030066822,114.4439095,30.4916265
10030066827,114.443586,30.4904026
10030066987,114.4490325,30.4920703
10030067207,114.444859,30.4990223
10030067237,114.4478819,30.500157
10030067245,114.4449073,30.5006493
10030067246,114.4447857,30.500908
10030734384,114.4240475,30.5065509
10030776711,114.4329512,30.4990624
10030776714,114.4339159,30.4986793
10030776715,114.4338375,30.4989368
10030776717,114.4325638,30.499228
10030776718,114.4352714,30.4985742
10030776722,114.4324603,30.4984054
10030776723,114.4324914,30.4988929
10030776725,114.432336,30.4979517
10030777004,114.4360486,30.4970175
10030777005,114.434804,30.4964604
10030777006,114.4345452,30.4968736
10030777007,114.436335,30.4971457
10030777008,114.4334586,30.4958581
10030777009,114.4363537,30.4987496
10030777011,114.4339156,30.5002518
10030777013,114.4355518,30.4986987
10030777014,114.4382563,30.4991233
10030777015,114.438216,30.4992778
10030777016,114.4393749,30.4993373
10030777017,114.4378172,30.4990392
10030777018,114.4393357,30.4994951
10030777019,114.4377816,30.4991935
10030777020,114.4383372,30.4988134
10030777022,114.4381762,30.4994301
10030777023,114.4394033,30.4990301
10030777031,114.4388482,30.4983544
10030777035,114.4370538,30.4959993
10030777036,114.4365504,30.4968108
10030777037,114.4361996,30.4951889
10030777038,114.4334593,30.4948165
10030777039,114.4338594,30.4948065
10030777040,114.4313328,30.4948694
10030777041,114.4319256,30.4948547
10030777073,114.4352406,30.4947721
10030777074,114.4355105,30.4963282
10030777075,114.4364122,30.4948416
10030777076,114.4345764,30.4958948
10030777077,114.4356692,30.4940448
10030777081,114.4316679,30.4945682
10030777082,114.4315523,30.494574
10030777092,114.4284975,30.4970763
10030777095,114.4331922,30.4962642
10030777098,114.4336903,30.4949824
10030777099,114.433701,30.4954886
10030777116,114.4287213,30.5022341
10030777122,114.426961,30.5016074
10030777124,114.4266559,30.503797
10030777125,114.4267255,30.5046401
10030777126,114.4266544,30.5030949
10030777127,114.4267202,30.5037919
10030777128,114.4275939,30.5037229
10030777129,114.4255939,30.5038809
10067917918,114.2581816,30.4744877
10079975408,114.2944647,30.5163038
10079975412,114.2987814,30.5133756
10080033219,114.2987856,30.5135674
10080033228,114.3028904,30.5134905
10080033249,114.2991832,30.5133773
10080033250,114.2992767,30.5135692
10080033252,114.2989668,30.5129055
10080033253,114.2969067,30.513537
10080033254,114.2969064,30.5143778
10080033255,114.2979129,30.5135638
10080033258,114.2985117,30.5212241
10080033259,114.2992594,30.5214257
10080033261,114.2989503,30.5221034
10080033284,114.3022002,30.5168027
10080033299,114.3013709,30.5073597
10080033309,114.3012064,30.5073464
10080033318,114.2936067,30.5077589
10080986062,114.2897624,30.5066153
10080986063,114.2916234,30.5055597
10080986064,114.2892222,30.5060356
10080986065,114.2912196,30.5049691
10080986067,114.2929464,30.503951
10080986069,114.2897963,30.5039302
10080986070,114.2894498,30.5034488
10080986071,114.2894819,30.5003684
10080986072,114.2894811,30.5004622
10080986073,114.2907318,30.5052298
10087289746,114.3577676,30.5061067
10087289754,114.3579689,30.5062881
10102403050,114.3244152,30.5087963
10102403052,114.3226341,30.5091884
10102517960,114.3222555,30.5147224
10102605937,114.3287954,30.5044632
10108965712,114.3303743,30.4828624
10114149143,114.3021056,30.5117868
10114149144,114.3020776,30.5115611
10114149145,114.3004141,30.5120545
10114149146,114.3003147,30.5117884
10114149147,114.3010784,30.5122485
10114149148,114.2994719,30.5093132
10114149149,114.2995717,30.5095751
10114149150,114.2997016,30.509249
10114149151,114.2996072,30.5090023
10114149152,114.3011612,30.5089973
10114149153,114.301143,30.5088552
10114149154,114.3015753,30.5089615
10114149155,114.3016049,30.5092174
10150955769,114.2952718,30.6302659
10150955771,114.298555,30.6261705
10162473178,114.2699144,30.5903836
10171753760,114.5018154,30.5083324
10178477187,114.4968402,30.5102004
10178477192,114.4971353,30.5085736
10203993063,114.4960865,30.5032041
10281883835,114.2376346,30.6603974
10281923079,114.3544066,30.5848856
10281923089,114.354451,30.5848308
10284062756,114.307369,30.5414175
10284062784,114.3079679,30.5422849
10284062786,114.3073179,30.540559
10284062787,114.3069828,30.540422
10284062789,114.3069048,30.5397918
10284062790,114.3068001,30.5397352
10284062792,114.3072782,30.5389487
10284062793,114.3072596,30.5386336
10284062794,114.3058403,30.5387621
10290647885,114.3308546,30.4621053
10290647887,114.328776,30.4637587
10292793474,114.3222216,30.4797781
10292793475,114.3220483,30.4805502
10294432479,114.2447422,30.5194336
10295029771,114.4574087,30.5222383
10295029780,114.454052,30.5225336
10299898632,114.286846,30.5249545
10299898644,114.2853424,30.5276483
10299898648,114.2868188,30.5244844
10300069390,114.2947342,30.5178131
10300069391,114.2961447,30.5175143
10300069392,114.2963388,30.5181327
10300069395,114.2961944,30.5176727
10300069396,114.2957259,30.5180395
10300069397,114.2962678,30.5179066
10300069400,114.2968214,30.5173519
10300069401,114.297054,30.5179706
10300069402,114.2968966,30.5177576
10300069403,114.2968196,30.5175363
10300069405,114.2971966,30.5172609
10300069406,114.2968331,30.5160615
10300091515,114.2956839,30.5183551
10300091651,114.2964295,30.5154461
10300091652,114.2943897,30.5158804
10300091680,114.2902711,30.5171599
10300091684,114.290244,30.517668
10300091685,114.2902254,30.5180171
10300091686,114.2895337,30.5180606
10300093706,114.3120586,30.5547209
10300096010,114.2973276,30.5161194
10300096011,114.2974863,30.5166349
10300096012,114.2979838,30.516528
10300096013,114.2970376,30.5167362
10300096014,114.2969674,30.5165044
10300096015,114.2974172,30.5164115
10300096016,114.2980311,30.5162884
10300096017,114.2968913,30.5162534
10300096018,114.2971143,30.5169893
10300096019,114.2978389,30.5168416
10300096020,114.2968827,30.5175147
10300096021,114.2977077,30.5173317
10300096429,114.2923414,30.5165879
10300096430,114.2907143,30.5167452
10300096431,114.2914947,30.5166698
10300096432,114.2914096,30.5158213
10300096433,114.2906127,30.516465
10300096434,114.2914655,30.5163788
10300096435,114.2923062,30.5163033
10300096436,114.2930032,30.5162304
10300096437,114.2930194,30.5165036
10300096438,114.290572,30.5161743
10300096439,114.2914366,30.5160907
10300096440,114.2922703,30.5160133
10300096441,114.2937268,30.5158416
10300096442,114.2915811,30.5154823
10300096443,114.290385,30.5156175
10300096444,114.2934667,30.5152287
10300122966,114.2948505,30.5184716
10300122967,114.2961525,30.5183574
10300124819,114.2946646,30.5193625
10300124830,114.2931379,30.5200509
10301823839,114.285375,30.5276441
10301824043,114.2775573,30.5103432
10301824044,114.2762796,30.5111969
10301824073,114.2821501,30.5183992
10301824079,114.2837009,30.5203827
10301824081,114.2817872,30.5184975
10301824097,114.2813169,30.52003
10302393244,114.2969698,30.5177466
10302393245,114.2976776,30.5175826
10302393246,114.2976313,30.5178321
10302496497,114.2779409,30.5164207
10302496506,114.2914291,30.5238507
10302496508,114.2909624,30.5218012
10302514511,114.2912672,30.5243152
10302514512,114.2893151,30.5276144
10302514515,114.2863019,30.5184178
10302514517,114.2866736,30.5196598
10302514518,114.2865841,30.5199709
10302514523,114.2872189,30.5217115
10302514527,114.2868214,30.5225216
10302514528,114.2862824,30.5234791
10302514533,114.2870938,30.5221898
10302514534,114.2869572,30.5225191
10302514536,114.2857048,30.5169855
10302514537,114.284858,30.5167965
10302514538,114.2860006,30.5167201
10302514542,114.2871763,30.5245583
10302514543,114.2874528,30.5241048
10302514546,114.2865991,30.5231332
10302514547,114.2879357,30.5252707
10302514548,114.288603,30.5253391
10302514549,114.2890244,30.5241205
10302514551,114.2891201,30.5257703
10302514553,114.2857701,30.5172634
10302514554,114.2914973,30.5170255
10302514555,114.2908999,30.5207227
10302514580,114.2932067,30.5264549
10302514587,114.2948954,30.5282624
10302514588,114.2898781,30.5260563
10302514593,114.2896493,30.5251874
10303877324,114.2981786,30.5230531
10303877327,114.296346,30.5221344
10303877336,114.2950362,30.5282036
10303877348,114.2952593,30.521248
10303877355,114.2962907,30.5219726
10303877369,114.2921609,30.5279936
10303877373,114.2920759,30.5201056
10303877374,114.2916646,30.5200935
10303877385,114.2918555,30.5184148
10303877387,114.2920739,30.5184846
10303877388,114.2921156,30.518377
10303877395,114.2889482,30.5214882
10303877426,114.2838752,30.5215521
10303877459,114.2976103,30.5265592
10303877478,114.2969795,30.5276086
10303877479,114.297024,30.5276707
10303877482,114.2980548,30.5275975
10303877483,114.2972761,30.5279283
10303877504,114.2961205,30.5275423
10303877508,114.2969272,30.5275035
10303877528,114.2923853,30.5294055
10303877532,114.2938148,30.528793
10303877533,114.2932054,30.5294028
10303877549,114.2850893,30.53006
10303877555,114.2893955,30.5294549
10303877678,114.2908141,30.5310564
10303877679,114.2903036,30.5312651
10303906593,114.2826927,30.5138993
10303906594,114.2825765,30.5139845
10303906595,114.277035,30.5088493
10304714937,114.2945492,30.5187415
10304714943,114.2948927,30.5187077
10307944887,114.312586,30.5407002
10307944892,114.3118051,30.5378079
10307944893,114.3122172,30.5396082
10307956496,114.3096291,30.5318555
10307956499,114.3094607,30.5314893
10307956505,114.3096577,30.5313483
10307996338,114.2752917,30.5083464
10307996342,114.2766468,30.5091072
10307996349,114.277341,30.5101463
10307996350,114.2771105,30.5097954
10307996355,114.2815609,30.5136725
10307996356,114.2797269,30.5122601
10307996357,114.2803871,30.512553
10307996566,114.3029132,30.5233013
10308014224,114.3094467,30.5309322
10308014232,114.3091369,30.5310494
10308023042,114.3128877,30.541086
10308023050,114.3160053,30.5413406
10308023060,114.3125327,30.5394945
10308050740,114.3140429,30.5528154
10308050751,114.318993,30.5517242
10308805215,114.292946,30.5236437
10308805222,114.2913852,30.5238321
10308843305,114.3039346,30.5375132
10308843306,114.303328,30.5375565
10310020373,114.2966922,30.5169018
10310020377,114.2954405,30.5176635
10310052813,114.2950677,30.5197089
10310052818,114.2964867,30.5193383
10310123745,114.3199684,30.5718526
10310299095,114.2968334,30.5258375
10310304695,114.4125092,30.531876
10311283873,114.2994526,30.5182969
10311283874,114.300921,30.5186572
10311283875,114.3019451,30.5189105
10312684727,114.3126402,30.5505253
10312684728,114.3124939,30.5505088
10537165060,114.2463895,30.5209137
10537165064,114.2501683,30.5248221
10589533432,114.2950675,30.5457719
10605001848,114.4606186,30.511978
10605001849,114.4606516,30.5109701
10605001850,114.4585924,30.5106272
10605001852,114.4618878,30.5107039
10605001853,114.4625971,30.5107331
10605001856,114.4594352,30.5106531
10605001857,114.4572528,30.5059673
10605001858,114.4595432,30.5060547
10605001859,114.4620381,30.5061192
10605001860,114.4646898,30.5061732
10605001865,114.4594908,30.5082857
10605001866,114.4619658,30.5083252
10605001867,114.4594673,30.5092845
10605001868,114.4619331,30.5093224
10606485052,114.2070044,30.5910235
10606485053,114.2067321,30.5911992
10606485089,114.2060182,30.5881942
10606485100,114.2065725,30.5909327
10606485103,114.2061897,30.5881981
10606489210,114.2069544,30.5908557
10606540955,114.3277742,30.6385696
10606540960,114.3290547,30.63942
10606541017,114.3305025,30.6408871
10606541022,114.328884,30.6395165
10606541029,114.3293455,30.6402109
10606541035,114.3295266,30.6401276
10651501422,114.3470553,30.5318719
10653345351,114.2837226,30.5213181
10657877365,114.2852919,30.5216274
10657877369,114.2859777,30.521465
10657877379,114.2849481,30.5195019
10657877381,114.2825448,30.5213966
10657877387,114.2814926,30.5213651
10657877390,114.2825668,30.5222705
10657877394,114.2823668,30.521026
10660382214,114.2837823,30.5204828
10660765811,114.2843057,30.5218849
10660765847,114.282306,30.5200446
10665081708,114.2650481,30.4904524
10665081709,114.2651426,30.4903876
10665081710,114.2635623,30.4974239
10665081711,114.2827163,30.5140255
10676195723,114.3065843,30.5412736
10676195724,114.3073584,30.5412468
10676211580,114.3062378,30.5402251
10676211581,114.3069469,30.5401316
10676212032,114.3072361,30.5382511
10676212033,114.3080702,30.5381767
10677599556,114.3906882,30.608572
10677640093,114.327751,30.5831753
10677640101,114.3353467,30.5897483
10677640102,114.3351838,30.5898882
10677684591,114.3173381,30.6224072
10677684595,114.3157953,30.62028
10677684599,114.3136717,30.6171184
10677721664,114.3298664,30.594694
10693357944,114.3214372,30.6387873
10693357951,114.3242572,30.6390982
10693357981,114.3123183,30.6214612
10693357984,114.3122251,30.6214897
10693357985,114.3110114,30.6196654
10700893532,114.4835775,30.5044044
10700893591,114.485293,30.5010278
10700893593,114.4856771,30.5010867
10700893599,114.4880222,30.5008318
10700893603,114.4860969,30.5010852
10725041914,114.2446039,30.6598005
10725041915,114.2453158,30.6574715
10725041916,114.2445855,30.6598852
10725041918,114.2444927,30.6598712
10725041919,114.2445071,30.6597822
10725041920,114.2452418,30.6574453
10725068679,114.2484643,30.6589879
10732676918,114.4795247,30.5023125
10732676935,114.4801176,30.5013699
10732676936,114.479571,30.5010922
10732676961,114.462127,30.5034074
10732676962,114.4640477,30.5034492
10736776221,114.1962094,30.5533796
10736776222,114.1962725,30.5533555
10736776223,114.2513075,30.5483716
10736776224,114.2576288,30.5503344
10736776226,114.2519913,30.5430622
10736776227,114.2537436,30.5443616
10752081468,114.4210994,30.4879541
10795039390,114.2553499,30.4719305
10795054314,114.2483748,30.4807012
10795073858,114.2496251,30.4826191
10795073859,114.2494364,30.4826296
10795073862,114.2495978,30.4828921
10795073863,114.249463,30.4829447
10796548878,114.3373419,30.5293957
10796548882,114.3324986,30.530797
10796548884,114.337309,30.5293383
10796548886,114.3325232,30.5308734
10797074075,114.4440493,30.4898194
10822002685,114.3239248,30.5925101
10822080631,114.2028181,30.5196492
10822080634,114.2030567,30.5198229
10822080636,114.1975469,30.5234085
10822080641,114.1972843,30.5231769
10824059604,114.3243743,30.4630621
10824096123,114.3295069,30.5214758
10824096125,114.3308926,30.5213474
10824096127,114.3320563,30.5211749
10824096130,114.331598,30.5224864
10824099026,114.3229875,30.4695271
10824099027,114.3237229,30.4693245
10824099031,114.3185691,30.4704811
10826161693,114.487106,30.4921308
10826161699,114.4789335,30.5086728
10826161700,114.4789808,30.5085688
10826161705,114.4801247,30.5062611
10826161710,114.4823926,30.5037626
10826161713,114.4849686,30.5011981
10826161723,114.487414,30.4956498
10826161727,114.4869771,30.4915502
10826161728,114.4869845,30.4917325
10826161729,114.4870922,30.4917431
10826161730,114.4870907,30.491561
10844038345,114.4889246,30.4829073
10921920716,114.3187692,30.5713196
10921920752,114.3203131,30.5703722
10921920758,114.319182,30.5713598
10955627737,114.4269843,30.4936492
11026977959,114.3091466,30.6212704
11026977961,114.3113918,30.6205137
11026977962,114.311537,30.6204879
11026977976,114.3145037,30.6208723
11026977977,114.3138154,30.619881
11026977978,114.3129159,30.6187814
11026978001,114.3240728,30.6332828
11027026810,114.312124,30.623001
11027026811,114.3130348,30.6243282
11027026812,114.3138535,30.6254625
11027026813,114.3145472,30.6264431
11027026814,114.3125384,30.6261182
11028873786,114.3145324,30.6237085
11028873787,114.315252,30.6247451
11028873788,114.3240018,30.6375142
11028873790,114.3151144,30.6248125
11028873791,114.3144108,30.6237595
11028873793,114.321791,30.6347202
11028873794,114.3219876,30.6346074
11028873795,114.3217008,30.6345841
11028873796,114.3218916,30.6344763
11028873797,114.3107869,30.6236576
11028873798,114.3153857,30.6221112
11028873800,114.3135495,30.6226175
11028873801,114.3185814,30.6347974
11028873802,114.3198284,30.6341212
11028893911,114.3203536,30.6326295
11028893912,114.320575,30.6325174
11028893913,114.323039,30.6312294
11029509098,114.2751904,30.6242944
11029509101,114.2751094,30.6242666
11029509102,114.2748614,30.6254866
11029544410,114.2740269,30.6283543
11029544413,114.2737686,30.6283013
11029544415,114.2743904,30.626957
11029544417,114.2747276,30.6254645
11029544422,114.2746966,30.6270129
11029544425,114.2761981,30.6273235
11029544427,114.2750628,30.6255157
11050501475,114.489341,30.5116457
11050501476,114.4892942,30.5117584
11050501486,114.4904031,30.514351
11088633715,114.2713585,30.6249724
11088633719,114.2860697,30.5998803
11088633739,114.2456775,30.5722414
11088633748,114.2461917,30.571835
11088633756,114.2430593,30.572405
11088633759,114.243041,30.5723589
11088633765,114.2430823,30.5735509
11088633768,114.2422987,30.5713317
11088633769,114.2447133,30.5722515
11088633770,114.2446859,30.5722166
11088633778,114.2431105,30.5708293
11125103443,114.487373,30.4919193
11125103444,114.48699,30.4918679
11125103445,114.4870933,30.4918841
11125103446,114.4896558,30.4919612
11125103447,114.3505466,30.5362951
11176160677,114.2377476,30.6605253
11176160735,114.2342064,30.6550572
11176160819,114.2428963,30.645347
11176160821,114.2436803,30.6440655
11176160900,114.2507276,30.6412247
11176160906,114.25155,30.6432349
11176160910,114.2505644,30.6425702
11185037406,114.2379007,30.6530433
11185037416,114.2455925,30.6562562
11185037417,114.2467188,30.6551282
11185037418,114.2499298,30.656753
11185061934,114.2532109,30.65323
11185061939,114.2546077,30.6516251
11185061998,114.2519672,30.6455182
11185062040,114.2483561,30.6404483
11185062041,114.2456816,30.6386146
11185062054,114.2463139,30.6389311
11185062055,114.2480686,30.6406504
11185062057,114.2482386,30.6406704
11185062061,114.2482444,30.6408183
11202872008,114.3335783,30.5423678
11202872009,114.331377,30.5433257
11206783768,114.5550304,30.5074202
11233005510,114.1816242,30.57768
11233005511,114.1818842,30.5776796
11233154928,114.1816423,30.578132
11233154932,114.1809397,30.5775791
11233154933,114.1809814,30.5771161
11233154934,114.1819293,30.5771351
11233154935,114.1810305,30.5765708
11233188538,114.1819765,30.5765663
11233188539,114.1819917,30.576383
11233188540,114.1827216,30.5764196
11233188541,114.1830327,30.576803
11233188543,114.1819186,30.5772646
11233188547,114.1833975,30.5771771
11233188548,114.1840877,30.576979
11233188550,114.1835811,30.5761489
11233188551,114.1829142,30.5766569
11233188552,114.1837124,30.5764524
11233188553,114.1831866,30.5769607
11233188554,114.1838379,30.5767851
11233195035,114.1820347,30.575476
11233195036,114.1819549,30.5754754
11233206538,114.1834247,30.5746222
11233206539,114.1809164,30.5754689
11233206540,114.1827808,30.5754984
11233206541,114.1829882,30.576048
11235079638,114.1830309,30.5752508
11235079640,114.1829339,30.5746329
11240294351,114.2955289,30.5287891
11240777076,114.2130968,30.5593439
11240777077,114.2137646,30.5591809
11240777078,114.2136534,30.5588614
11240777079,114.2140532,30.5586799
11240777080,114.2138468,30.5580628
11240777081,114.2138583,30.5594698
11240777082,114.2133164,30.5595957
11240777088,114.2141147,30.559528
11240777090,114.2134271,30.559915
11240777091,114.2137969,30.5592824
11240777092,114.21442,30.5591238
11240777093,114.2131124,30.5589965
11244942481,114.2723626,30.6250752
11244942482,114.2729788,30.6234458
11244942483,114.2303671,30.6107485
11244942484,114.2337179,30.6114161
11244942487,114.2277601,30.6121057
11244942488,114.2287235,30.6102591
11244942491,114.2263725,30.6099447
11250185933,114.2698795,30.6714351
11250185935,114.2707227,30.6688235
11250185937,114.2705683,30.6686124
11250185939,114.2710114,30.6688134
11250185960,114.2722432,30.6722266
11250185964,114.2723874,30.6725287
11250185968,114.2726135,30.672056
11250185999,114.2355966,30.6292873
11250186103,114.2534727,30.6323778
11250186105,114.2551132,30.6342278
11250186186,114.2612976,30.627317
11250186672,114.2445383,30.6229613
11250186682,114.2498115,30.6232858
11250226975,114.2341397,30.6296541
11250226976,114.2335872,30.6302727
11252245120,114.3385661,30.6567512
11252257649,114.3393432,30.6577043
11252257654,114.3404437,30.6571802
11252257656,114.3380785,30.6589495
11252257658,114.3370199,30.6616582
11252257659,114.3379462,30.6589131
11252257660,114.3370168,30.6568561
11252257687,114.3292985,30.6465881
11252263343,114.3458184,30.6730543
11252336429,114.2584522,30.662575
11252388037,114.2736606,30.6698786
11252388038,114.2652421,30.6661256
11252388041,114.2667509,30.6670978
11252388214,114.2585067,30.6625034
11252388220,114.2643451,30.665312
11252388226,114.2738121,30.6695595
11252388227,114.2704358,30.6682907
11258898937,114.3120669,30.5543766
11258898938,114.3136339,30.554121
11258898939,114.3144056,30.5461424
11258898945,114.3141793,30.5527536
11258898957,114.3169142,30.5546151
11258942755,114.3286272,30.5883653
11270724353,114.2417002,30.5162742
11270724357,114.2385155,30.5186735
11270744073,114.2315654,30.5022777
11270744077,114.2301355,30.5017349
11270744095,114.2354274,30.502652
11270744096,114.2312457,30.5028194
11270744102,114.228932,30.496965
11270744106,114.2288277,30.4970099
11270744107,114.2287985,30.4969542
11270744117,114.2296041,30.4994111
11270744118,114.2297106,30.4993897
11270744131,114.2212032,30.4893436
11270842894,114.2478495,30.5563208
11270842904,114.2501438,30.5542395
11270842925,114.2497636,30.5530746
11270842930,114.2501278,30.5530254
11270842931,114.2524584,30.5526848
11270842941,114.2500969,30.5540037
11270842946,114.252572,30.5533235
11270842948,114.2518023,30.554207
11273504968,114.2208945,30.6005855
11273525073,114.2227171,30.6008446
11290190407,114.2635846,30.5479224
11290190420,114.2776048,30.620799
11290190425,114.2792821,30.6205967
11290211971,114.2843195,30.6220298
11290211985,114.2867439,30.6245375
11290212031,114.2852523,30.6219016
11296509910,114.3270381,30.6009667
11296509912,114.3303695,30.5986828
11296518784,114.3026736,30.5621087
11296518785,114.3024114,30.5622075
11296539084,114.3421177,30.6167415
11296539085,114.3420432,30.6168056
11296539087,114.3647337,30.6342442
11296539088,114.3646632,30.6343302
11296539089,114.3706437,30.626991
11296539090,114.3682569,30.6363578
11296539091,114.3681946,30.6364415
11296860206,114.304597,30.5255662
11296860217,114.3063905,30.5244531
11296860263,114.3215093,30.520726
11296860265,114.3211279,30.5193646
11296860266,114.319803,30.5196725
11296860267,114.3219536,30.5191576
11297326883,114.2538321,30.6410373
11299054548,114.3309426,30.645521
11299222638,114.2203955,30.6206301
11299222659,114.2228574,30.6200448
11299222660,114.2241929,30.6167951
11299239064,114.1985886,30.6115072
11299240980,114.1883452,30.6234942
11299240981,114.188526,30.6206046
11299240982,114.1885422,30.6204958
11299240983,114.1888051,30.620497
11299240984,114.1887943,30.6206039
11299907777,114.3176083,30.5405398
11299907790,114.3165459,30.5368155
11299907817,114.3124489,30.5391449
11299907819,114.3142609,30.539175
11303773478,114.2320676,30.5754416
11303773481,114.2319816,30.5780764
11303773535,114.2717793,30.5645271
11303773536,114.2853646,30.591082
11303773538,114.2868312,30.5901554
11303773539,114.2857369,30.5907949
11303773541,114.2872464,30.5910373
11303773548,114.2861117,30.5917094
11303773549,114.287028,30.591536
11303773550,114.2873923,30.5904056
11303773552,114.2883781,30.5905304
11303773553,114.2875572,30.5896919
11303773554,114.2885048,30.5897735
11303773555,114.2884906,30.5898581
11303773556,114.2893436,30.5898446
11303773573,114.2887636,30.592978
11303773574,114.2889007,30.5921346
11303773583,114.287832,30.5876578
11303773588,114.2864998,30.5879157
11303773589,114.2869567,30.5883272
11303773592,114.2813789,30.5871322
11303773594,114.2821753,30.5878709
11303773596,114.2829678,30.5886529
11303773598,114.2837493,30.5894632
11303773602,114.2818596,30.5875634
11303773603,114.2825102,30.5870624
11303773604,114.2821868,30.5873114
11303773605,114.2818271,30.5869646
11303773606,114.2814859,30.5872264
11303773607,114.2821352,30.5867284
11303773608,114.2830927,30.5871398
11303773610,114.2833416,30.5878715
11303773618,114.284426,30.5864261
11303773624,114.2841095,30.5872478
11303773628,114.2840479,30.5870785
11303773629,114.283632,30.5867023
11303773634,114.2838876,30.5874344
11303773635,114.2843746,30.5874936
11303773636,114.2848173,30.5867976
11303773643,114.2854062,30.5859936
11335132271,114.4587946,30.533445
11335132287,114.4623592,30.5297256
11335132347,114.4615111,30.5306242
11335132354,114.4631186,30.5285491
11335132355,114.4619905,30.5293941
11335137380,114.4446196,30.5560307
11335230464,114.3787898,30.5048162
11335230467,114.3784821,30.5038884
11336281538,114.5323884,30.5002777
11336281539,114.533631,30.4975665
11336281540,114.5328658,30.4992361
11336281541,114.5334613,30.4979449
11336281544,114.5358591,30.4963087
11336281545,114.53419,30.5008819
11336281546,114.5345406,30.4998086
11353367390,114.4839271,30.5360935
11353367415,114.4756913,30.5450424
11353372527,114.5227101,30.5337387
11357329536,114.3331711,30.6016852
11357329537,114.3303119,30.5986211
11357329538,114.3266605,30.6005409
11357329544,114.3281171,30.5995272
11357329545,114.3285179,30.599969
11357375327,114.3348599,30.6068241
11357375398,114.3370829,30.6048159
11357375447,114.3312491,30.6029089
11357375448,114.3355423,30.6064038
11357375449,114.3379226,30.6085542
11357387642,114.3090242,30.635234
11357387644,114.3087931,30.6349641
11357387646,114.3084517,30.6350737
11357531569,114.3139599,30.6406324
11357531615,114.2199644,30.6263741
11357531636,114.2209307,30.63281
11367840189,114.3086312,30.6210833
11367840197,114.305791,30.622353
11367855021,114.2899131,30.6274594
11385061844,114.308503,30.5119893
11385061845,114.3085876,30.511987
11385061847,114.3086327,30.5137898
11385061848,114.3087092,30.5151483
11385061849,114.3087757,30.5170896
11385061850,114.3088616,30.5194548
11385061851,114.3088754,30.5198074
11385061852,114.3088784,30.520041
11385061853,114.30871,30.5152263
11385061868,114.3117124,30.5189303
11385061875,114.3128581,30.5185005
11389753397,114.2965519,30.5482906
11389753398,114.296707,30.5502358
11389753399,114.2996328,30.5552276
11389787986,114.3206771,30.6353238
11389787987,114.3205771,30.6351858
11389787988,114.3191932,30.6332218
11394531539,114.4271798,30.5191462
11395860771,114.426862,30.5163219
11399614224,114.3111147,30.6140906
11399614245,114.3105818,30.6131166
11414309980,114.306061,30.520184
11414309981,114.3054215,30.5199287
11414309982,114.3055411,30.5195854
11414309983,114.3063535,30.5203323
11414309988,114.3048764,30.5202635
11430562691,114.3694173,30.5027292
11433471984,114.2909088,30.4822647
11433471985,114.2932296,30.4822862
11433471986,114.2935197,30.4825281
11433471992,114.2935271,30.4820992
11433472000,114.2934748,30.4858159
11433472001,114.2936913,30.4858825
11433472009,114.2934774,30.4855812
11433472010,114.2936954,30.4856454
11433472013,114.2907101,30.4849399
11433472014,114.2906519,30.485115
11433472017,114.2908035,30.4849617
11433472018,114.2907436,30.485138
11433472019,114.287629,30.4780146
11433472020,114.2821686,30.4779784
11433472021,114.2933237,30.4780675
11433472022,114.293592,30.4783457
11433472027,114.2936012,30.477812
11433472028,114.2819156,30.4782681
11433472033,114.2819152,30.4776624
11433472038,114.281828,30.478259
11433472044,114.2818226,30.4777938
11433472045,114.285148,30.4723048
11433472046,114.2850782,30.4757736
11433472047,114.2850782,30.4758458
11433472048,114.2850569,30.4779975
11433472051,114.2849961,30.4822192
11433472052,114.2849607,30.4845872
11433472053,114.284975,30.4847728
11433472096,114.2962886,30.4890686
11436478876,114.2446602,30.6229037
11438479071,114.3522877,30.5748423
11438479079,114.3567526,30.5713061
11459025296,114.3787598,30.4984366
11459025298,114.3793662,30.5023937
11465867885,114.2353124,30.5870375
11465867886,114.2353519,30.5869742
11472431419,114.5408555,30.5102957
11472431420,114.5408633,30.510192
11472431421,114.5410341,30.5102075
11472431422,114.5410641,30.510312
11472431496,114.5449769,30.5005156
11472431555,114.5591437,30.4960942
11472431556,114.5592083,30.4959564
11472431565,114.5667109,30.4956258
11472431661,114.5160706,30.4995264
11472431662,114.5178679,30.4954628
11472431663,114.5172752,30.4967369
11472431664,114.5166498,30.4981877
11472431665,114.5201023,30.4962349
11472431666,114.5194446,30.4975035
11472431667,114.5188063,30.4989485
11472431668,114.5182068,30.5002726
11472431825,114.5268747,30.4692972
11472431831,114.5272203,30.4693208
11472431833,114.5285012,30.4692719
11478413435,114.3265723,30.5560166
11478413437,114.3266179,30.5560942
11478413439,114.32522,30.5543675
11478413445,114.3223881,30.5572986
11478413446,114.327548,30.5519397
11478413452,114.320948,30.5565219
11478416086,114.3225195,30.5543861
11478416088,114.3232321,30.5550991
11478416106,114.3209694,30.5536209
11478416212,114.3249376,30.5519698
11478416217,114.3256473,30.55009
11478416218,114.3223119,30.5446377
11478416226,114.3224931,30.546645
11490092257,114.3408234,30.5957721
11490092262,114.3410403,30.5956878
11490097486,114.3580903,30.6102482
11490097487,114.3631545,30.6035633
11490097494,114.3591118,30.6081703
11490097505,114.3562649,30.6090294
11490097507,114.3604214,30.607373
11490097511,114.3595294,30.6096739
11490097518,114.3609137,30.6120267
11490097520,114.3586869,30.6096885
11490097524,114.3586247,30.6102282
11490097538,114.3579187,30.609075
11490097554,114.35789,30.6117902
11490097555,114.3562036,30.6090978
11490097560,114.3568296,30.6105876
11490097577,114.3573775,30.6126363
11490097583,114.359683,30.6113519
11490097590,114.3578464,30.6115871
11490097626,114.4132689,30.6215593
11490097633,114.4132676,30.6216302
11497421647,114.5136213,30.5475089
11497421970,114.507878,30.532177
11497421971,114.5076847,30.5308919
11497422072,114.5186097,30.5309715
11497422073,114.5188183,30.5338217
11497422090,114.5192343,30.5401728
11497422101,114.5189381,30.5452967
11497422110,114.5157565,30.5414986
11497422111,114.5210278,30.5399617
11497422140,114.5243435,30.5490915
11497422142,114.5247906,30.5491764
11497422144,114.5254997,30.5466506
11497422145,114.5257923,30.5454191
11497476849,114.5197051,30.5532972
11497476858,114.5243056,30.5512218
11497488124,114.4967161,30.5317066
11497488145,114.4817626,30.532016
11497488153,114.4886478,30.5354086
11497488156,114.4827026,30.5358006
11497488157,114.4826582,30.5349671
11497488296,114.4692594,30.5294581
11502398996,114.4514994,30.486103
11503205156,114.4675859,30.5173817
11503205313,114.4485453,30.4782473
11505079825,114.3132523,30.4844805
11505079826,114.3132541,30.4844126
11505079833,114.3133695,30.4844761
11505079834,114.3133692,30.48441
11505079837,114.3135203,30.4824236
11505079840,114.3072273,30.4906364
11505079844,114.307865,30.4902499
11505079849,114.3172021,30.4901646
11505079851,114.3209681,30.4902646
11505079854,114.3273874,30.4902558
11505079855,114.3274928,30.4902421
11505079857,114.3334255,30.4893065
11505079858,114.3337409,30.4892574
11505079859,114.3074645,30.4895067
11505079864,114.3079768,30.4899476
11505079866,114.3107285,30.4897891
11505182570,114.3218138,30.4900553
11505182579,114.3334216,30.4889969
11505182580,114.3337407,30.4889373
11505182581,114.317124,30.4898873
11505182582,114.3146189,30.4893541
11505182583,114.307253,30.4899908
11505182584,114.307341,30.489987
11505182585,114.3072753,30.4902928
11505182586,114.3071834,30.4902988
11505182622,114.3184371,30.470347
11505182626,114.3197739,30.4748589
11505182629,114.3200652,30.4770012
11505182630,114.3202838,30.480623
11505182631,114.3203656,30.4823085
11505182632,114.3204403,30.4840455
11505182633,114.320448,30.484107
11505182639,114.320634,30.4873384
11505182646,114.3202746,30.490004
11505182647,114.3202612,30.4902496
11505182648,114.3202205,30.4918822
11505182650,114.3200844,30.495483
11505182651,114.3200483,30.4983888
11505182652,114.3199845,30.4996369
11505182653,114.3189763,30.4721708
11505182694,114.3250022,30.4903011
11505182696,114.3249544,30.4900468
11505182697,114.3249013,30.4898422
11505182703,114.3247944,30.4873691
11505182704,114.3241668,30.4857408
11505182790,114.3145289,30.4869185
11505182791,114.3163989,30.4866303
11505182793,114.3190868,30.4862182
11505182794,114.3168549,30.4845826
11505182795,114.3171514,30.4865192
11505182796,114.3175301,30.4877956
11505182797,114.3155802,30.4867565
11505182799,114.3141657,30.4876679
11505182800,114.3157042,30.4873691
11505182801,114.3165676,30.4872199
11505182802,114.3172419,30.4871071
11505182803,114.3204906,30.4865484
11505182806,114.3177539,30.4870214
11505182807,114.3176467,30.4864461
11505182810,114.3192116,30.4867774
11534005163,114.473191,30.4955401
11534005164,114.4735158,30.4956741
11534005168,114.4662679,30.4963787
11534005175,114.465755,30.499378
11549712447,114.2693296,30.4875167
11549712448,114.2692471,30.4874239
11549712450,114.2656704,30.4832479
11549712451,114.2733698,30.4874219
11549712452,114.2669617,30.4918438
11549712453,114.2668742,30.4918875
11553895919,114.3128395,30.479661
11553895921,114.3076374,30.4799021
11553895926,114.3110931,30.4900654
11553895927,114.3118035,30.4961552
11553895942,114.3226118,30.4822969
11617739224,114.3202138,30.6413575
11617739225,114.3203819,30.6414138
11617779525,114.3079876,30.6436194
11617779526,114.3107055,30.6446235
11617779587,114.313026,30.6490317
11617779588,114.3154318,30.649899
11617798789,114.3201729,30.6591694
11617798790,114.3201728,30.6590877
11622321378,114.3391867,30.6619731
11622321379,114.3394006,30.6613477
11622321380,114.3395173,30.6613437
11622321383,114.3403252,30.6601587
11622321384,114.3395474,30.6620186
11622321385,114.3405167,30.6621391
11622321387,114.3405996,30.6615178
11622321390,114.3394493,30.659341
11622321405,114.3366032,30.6684914
11622321451,114.3319029,30.6669978
11622321452,114.332278,30.6671767
11622321457,114.3320848,30.6666456
11622321473,114.3232834,30.6688233
11622321474,114.3234202,30.6688837
11622321475,114.323538,30.668937
11622321476,114.3236512,30.6689686
11622321477,114.3116532,30.6693702
11622321479,114.3146741,30.6700114
11622321609,114.3004029,30.670341
11622321610,114.2965293,30.6707044
11622321611,114.2974443,30.6690777
11628608173,114.2949491,30.6646447
11628608176,114.299727,30.6562058
11628608177,114.2994226,30.655015
11628608181,114.2987876,30.6525569
11628608182,114.2987588,30.6524364
11628608186,114.2978624,30.6487001
11628608190,114.298247,30.6455804
11628608191,114.2982909,30.6454471
11628608192,114.2993344,30.6422932
11628608196,114.2995164,30.6527258
11628608197,114.3007507,30.6498428
11628608200,114.3004128,30.6506322
11628608201,114.3013843,30.6509736
11628608256,114.3324402,30.6669741
11628608257,114.3344078,30.6669441
11633720866,114.2561538,30.6376011
11633720867,114.2596244,30.639319
11633720868,114.2633266,30.6414307
11633741969,114.2663776,30.6431462
11633741970,114.2690489,30.6449412
11633741971,114.2716992,30.6466745
11633741973,114.2743531,30.6483287
11633741974,114.2744967,30.6483972
11633741977,114.2837036,30.6530397
11633741978,114.2877049,30.655043
11633741979,114.2894812,30.6559977
11633741980,114.2898905,30.6562211
11633741982,114.2789318,30.6506571
11633741983,114.2979888,30.6617175
11633741984,114.298062,30.6617725
11633741995,114.3116892,30.6692409
11633741997,114.3147145,30.6698957
11633742003,114.3219771,30.6709097
11633742004,114.3220785,30.670941
11633742005,114.322189,30.670996
11652181866,114.3167182,30.6271495
11652181867,114.3168702,30.627108
11674358399,114.2817203,30.6313599
11674358405,114.2851765,30.6314591
11674438875,114.283713,30.6345805
11675965678,114.2771729,30.6554455
11675982485,114.2840151,30.6625535
11675982486,114.2840724,30.6624723
11675982487,114.2858942,30.6598463
11680917129,114.3336398,30.4583248
11698469697,114.2605158,30.4744305
11699967576,114.2450094,30.6230013
11699967578,114.2450631,30.6228503
11699967582,114.2468092,30.6234214
11699967583,114.2448221,30.621736
11699967603,114.2472447,30.6233511
11699967607,114.2452836,30.6222757
11699967612,114.2451347,30.6226638
11699967616,114.2465545,30.6226432
11699967617,114.2456302,30.6228046
11699967618,114.2457823,30.622418
11699967619,114.2460067,30.6229115
11699967620,114.2461677,30.622528
11699967625,114.259726,30.6295046
11699967627,114.2593984,30.629869
11699967630,114.2501394,30.6294028
11699967631,114.2494408,30.6313667
11699967632,114.2486026,30.6335948
11699967633,114.2484022,30.6340886
11699967634,114.2474266,30.6362295
11733956990,114.4148031,30.4703895
11733957047,114.4270931,30.4816557
11733957051,114.4231134,30.4876748
11775528142,114.2427881,30.5919134
11775528143,114.2405696,30.5916819
11775528144,114.2429119,30.5910549
11775528145,114.2413827,30.5908588
11775528152,114.2416103,30.5936557
11775535371,114.2243378,30.5948148
11775535388,114.2252144,30.5915762
11775535389,114.2244121,30.5948356
11775535390,114.2274286,30.5921901
11775535391,114.2285414,30.5931044
11775535440,114.2160883,30.5966948
11775535446,114.2132813,30.598021
11775535477,114.213345,30.5996929
11777774341,114.4843304,30.4618569
11777785708,114.4636833,30.4873887
11777785709,114.4597833,30.4868352
11793379681,114.3570274,30.5168936
11793379684,114.3580543,30.5164428
11793379692,114.3594262,30.5155984
11793760682,114.3556163,30.5188848
11793760720,114.3589121,30.5191145
11793760734,114.3557673,30.5151902
11793760737,114.3557461,30.5149401
11793760738,114.3524878,30.5170322
11793760740,114.3517211,30.515987
11793760741,114.3525206,30.5183031
11793760744,114.3518851,30.5182145
11793760745,114.3518702,30.5179184
11793760748,114.3525077,30.5178041
11793760767,114.3599187,30.5207243
11793760768,114.3599171,30.5206004
11793831014,114.3529286,30.5120219
11793831015,114.354023,30.5119646
11793831016,114.3540334,30.5123271
11793831017,114.3536197,30.5123776
11793831018,114.3536012,30.5119866
11793831023,114.3549244,30.511143
11793831045,114.3524805,30.5106078
11793831047,114.3549238,30.5113012
11793831048,114.3552798,30.5112837
11793831052,114.3550045,30.5111014
11793831053,114.3550032,30.5112973
11793831054,114.3526477,30.5111593
11793831055,114.3526493,30.511105
11793831058,114.3545123,30.5094896
11793831059,114.3541706,30.5093029
11793831062,114.3524832,30.5092356
11793833800,114.3525621,30.5198277
11793833801,114.3519799,30.5198332
11793833843,114.3544936,30.5193002
11793859769,114.3540999,30.5106083
11793859770,114.3535551,30.5106081
11793859775,114.3532697,30.5092474
11793859777,114.3533221,30.5093965
11793859780,114.3534621,30.5092499
11793859782,114.3543036,30.5095301
11793859787,114.3543441,30.5106084
11795227496,114.3522825,30.5243018
11795227497,114.3516458,30.5243169
11795250768,114.3585941,30.5211695
11795251169,114.3578009,30.5211692
11795251206,114.3569043,30.5157681
11795251207,114.3563906,30.5157723
11795251300,114.3586256,30.517174
11795251301,114.3586454,30.5177791
11795251303,114.3594439,30.5169202
11795251304,114.3586269,30.5172144
11795251305,114.3594407,30.5172046
11795251306,114.358635,30.5174638
11795251307,114.3594386,30.5174582
11795251308,114.3580008,30.5174736
11795251309,114.3594491,30.5164565
11795251310,114.3589424,30.5164566
11795251311,114.3594519,30.5162366
11795251312,114.3589407,30.5162268
11795251313,114.3594543,30.5159901
11795251314,114.358931,30.515983
11795251315,114.3594464,30.5166905
11795251316,114.3588594,30.5166919
11795251328,114.3584218,30.5143371
11795251329,114.3569012,30.5147551
11795251334,114.3586938,30.5138884
11795251372,114.3594431,30.5169917
11795251374,114.3603021,30.5167886
11795251375,114.3594442,30.5168895
11795251376,114.3600208,30.5168671
11795251377,114.3600276,30.5169699
11795251378,114.3600088,30.5158321
11795251379,114.3600185,30.5166699
11795251380,114.360016,30.5164541
11795251381,114.3600134,30.5162314
11795251382,114.3594538,30.5160409
11795251383,114.3600112,30.5160394
11795251384,114.3600198,30.5167862
11795251386,114.3605015,30.516576
11795251387,114.3605014,30.51576
11795251392,114.3600174,30.5165799
11795251393,114.3600108,30.5160118
11795251394,114.3605014,30.5160021
11795251395,114.3605015,30.5163884
11795251396,114.3608916,30.5163884
11795251397,114.3605014,30.5161341
11795251398,114.3611531,30.5161261
11795251399,114.3605014,30.5159008
11795251400,114.3610429,30.5158959
11795251458,114.3557588,30.5150894
11795251472,114.3563452,30.5162338
11795251506,114.3596566,30.5207184
11795251507,114.3596537,30.5209761
11795318727,114.4330256,30.4791553
11795318728,114.4330094,30.479969
11795318733,114.432075,30.4804089
11795318734,114.4322576,30.4814692
11795318738,114.4342383,30.4831986
11795318742,114.4331685,30.4799894
11795318743,114.4339941,30.4799984
11795435030,114.433022,30.4793899
11795435031,114.433959,30.4794026
11795435033,114.4330162,30.4796548
11795539448,114.4324386,30.4814708
11795539449,114.433505,30.482728
11795569378,114.4339633,30.479191
11799563839,114.4289606,30.4791702
11799563840,114.4295514,30.4790171
11799781185,114.4317952,30.4825674
11799781207,114.4335622,30.4902193
11799781211,114.4334784,30.4898619
11799790859,114.4342934,30.4911638
11799790865,114.4341331,30.4912187
11799802302,114.3565708,30.5137807
11799802305,114.3560436,30.5120986
11799802325,114.3565648,30.513664
11799802326,114.3571494,30.5136307
11799802333,114.3562655,30.5122627
11799802335,114.3567777,30.5123042
11799802336,114.3565932,30.5121622
11799802337,114.3565071,30.5119589
11799802346,114.3567155,30.5118825
11799802354,114.3568475,30.51221
11799852271,114.4330774,30.4883011
11799852273,114.4320027,30.4825465
11801424292,114.4363877,30.4914426
11801424334,114.4316846,30.49259
11801424341,114.4274838,30.4933019
11801424343,114.4280191,30.4930096
11801424359,114.4288241,30.4927759
11801424362,114.4304517,30.4923824
11801424364,114.4307788,30.4924494
11801424367,114.430968,30.4922673
11801424368,114.4307372,30.4923188
11801437681,114.4275634,30.4934697
11801437685,114.4271883,30.493393
11801437689,114.4268033,30.4935144
11801485724,114.4311493,30.492701
11802026027,114.4339894,30.4827352
11802059757,114.4268468,30.4797358
11802117620,114.2131989,30.5994354
11802117623,114.2133138,30.5994452
11802119599,114.4253373,30.4843571
11802119608,114.4254125,30.4843517
11803956625,114.4470715,30.4891852
11803961996,114.4547637,30.4872248
11803962051,114.4583546,30.4873045
11803962052,114.4583849,30.4875095
11804345047,114.4232214,30.4955823
11804345048,114.4227326,30.4948244
11804345052,114.4346637,30.4924159
11804345056,114.4347919,30.4923894
11804975273,114.4266675,30.4913565
11804975274,114.4267163,30.4915875
11804975283,114.422752,30.4926834
11804975284,114.4223492,30.4926834
11808712389,114.4311277,30.4749119
11809615279,114.4483804,30.4839761
11809615280,114.4420948,30.4845902
11809615287,114.4466738,30.4848115
11809615308,114.4653674,30.4921352
11809615312,114.4659655,30.4887483
11810163029,114.3726013,30.6180239
11810163033,114.3727289,30.6178711
11813646328,114.4199277,30.496128
11813646354,114.4224048,30.4953598
11813646360,114.4243791,30.4945849
11813646362,114.4235884,30.4949215
11813646369,114.4232821,30.4955569
11813779088,114.4501067,30.4780791
11813779089,114.4505724,30.4780777
11817564626,114.2829585,30.5980113
11817564629,114.2843701,30.5974924
11817785950,114.5174277,30.4700431
11821149397,114.4353962,30.4919737
11821149404,114.4353705,30.4916689
11822771690,114.3030024,30.4915665
11832177802,114.4301695,30.4929068
11832177805,114.4333411,30.4919902
11832177813,114.4243044,30.494417
11834747389,114.5345655,30.491217
11834747397,114.5339289,30.4910614
11834747401,114.5283789,30.491283
11834747406,114.5286993,30.4912743
11834747441,114.5133789,30.4916532
11834747450,114.5078119,30.4917599
11834747451,114.507951,30.4917567
11834747458,114.5289687,30.4912656
11861349636,114.4720077,30.5028454
11861491817,114.5097798,30.5277079
11861491821,114.5056233,30.5266275
11861491947,114.5489878,30.4957118
11861491948,114.5497951,30.4956517
11861491954,114.5451796,30.4965357
11861492050,114.4714303,30.4984919
11861492071,114.4705365,30.4901886
11861492072,114.4706708,30.4896249
11861492080,114.4679221,30.4910821
11861492081,114.4725949,30.4918079
11861492089,114.4636744,30.4918197
11861492095,114.4659664,30.4893686
11861492096,114.4604969,30.4878118
11870638297,114.3046987,30.5430228
11870638303,114.3046871,30.5427355
11870638344,114.3019174,30.5431366
11870638358,114.2894928,30.5427371
11870638377,114.3079804,30.5426293
11870638379,114.3083697,30.5427592
11871477264,114.3112329,30.5355275
11871481271,114.3111581,30.5351538
11871481272,114.3114924,30.5350773
11871481275,114.3069325,30.5355791
11871481276,114.3069452,30.5356841
11871481288,114.3119739,30.5350673
11871481295,114.3116207,30.5355547
11871481296,114.3113689,30.5346357
11871773763,114.3440615,30.5125514
11871773764,114.344235,30.5122291
11871773765,114.3439677,30.5122485
11871879311,114.2546146,30.6182085
11871879320,114.2547578,30.6179167
11871879321,114.2544842,30.6102603
11871879326,114.2544566,30.6101199
11871879328,114.2531082,30.6125766
11871879334,114.2528889,30.6125019
11871879341,114.2534253,30.610021
11871879359,114.2469287,30.6177072
11871879361,114.2470509,30.6177367
11871884077,114.2514477,30.6173122
11871884082,114.2509547,30.6171688
11871884096,114.2520217,30.6188466
11871884102,114.2540589,30.6182598
11871884103,114.253936,30.6182998
11871884109,114.2537625,30.6179688
11871884111,114.25434,30.6181318
11871884121,114.2505609,30.6183136
11871884189,114.251788,30.6201308
11872679628,114.2875375,30.5488258
11872679653,114.2852402,30.5408947
11872679654,114.2853519,30.5408599
11872680917,114.3048745,30.5720451
11872680919,114.3086397,30.5714005
11873541229,114.3449878,30.5202276
11873541232,114.3452842,30.5213745
11873541234,114.3451394,30.5198634
11873541239,114.3452002,30.5204571
11873541263,114.339345,30.5313734
11873541266,114.3483607,30.5289747
11873553570,114.3556853,30.5268113
11873553571,114.3566969,30.5263341
11873553573,114.3575457,30.5258389
11873553580,114.3611671,30.5227971
11873553583,114.3589342,30.524867
11873553601,114.3651246,30.5213769
11873553608,114.3650005,30.5211145
11873553616,114.3633881,30.5216167
11873553623,114.363507,30.5218656
11873553630,114.3598932,30.5241545
11873553641,114.3397482,30.5311221
11873553643,114.3537291,30.5270724
11873553647,114.3575742,30.5256879
11873553648,114.3573336,30.5259704
11873553661,114.3591853,30.5243729
11873553668,114.3483738,30.5286356
11875970766,114.2516053,30.6164786
11875970768,114.2516343,30.6168274
11875972734,114.3701341,30.58158
11875972735,114.3695477,30.5810838
11875972766,114.3547595,30.577485
11875973001,114.3520258,30.5818801
11875973006,114.3511631,30.5823202
11875973007,114.348447,30.5844078
11875973020,114.3668188,30.5759105
11875973043,114.3690872,30.5799734
11875973048,114.3689462,30.5800374
11875973052,114.3696944,30.5810182
11876009371,114.2517857,30.6170346
11876009372,114.2515693,30.6165698
11876009377,114.2513461,30.6165035
11876009378,114.2508246,30.6167461
11876009382,114.2511833,30.6165893
11876009384,114.2514309,30.6163075
11876009385,114.2534993,30.6178931
11876009394,114.2536317,30.6175764
11876009424,114.2660997,30.6210214
11876476597,114.245638,30.5720189
11876476598,114.2462738,30.5719511
11876476627,114.2465649,30.579847
11876490879,114.2567559,30.5810739
11876490911,114.2456955,30.5694892
11876490929,114.256672,30.569569
11876490931,114.262377,30.5689697
11876490945,114.2593206,30.5685969
11876524974,114.2630363,30.5792576
11876524977,114.2634316,30.5776254
11876524984,114.2636899,30.577593
11876524987,114.26323,30.5792508
11878306844,114.2436254,30.517994
11878306849,114.2434508,30.5181004
11878306851,114.2613835,30.5365841
11878306863,114.260528,30.558163
11878306868,114.190102,30.6006186
11878347569,114.2148048,30.5874102
11878347571,114.1950598,30.5981044
11878347572,114.2856206,30.59518
11880563932,114.3312067,30.5958865
11880563934,114.3331609,30.5977471
11880563940,114.334336,30.595296
11880563945,114.337476,30.5921424
11880563952,114.3280971,30.5322478
11880563953,114.3272661,30.5302268
11880563955,114.3280734,30.5321724
11880814791,114.2543269,30.478605
11880814792,114.253351,30.4789812
11883032169,114.2741684,30.5733974
11883032174,114.273824,30.5719555
11883032175,114.2739646,30.5725199
11883032176,114.2753914,30.5722261
11883032177,114.2756121,30.5723009
11883032178,114.2761764,30.5727077
11883032179,114.2756939,30.5732625
11883032185,114.275527,30.5706236
11883032189,114.2757716,30.5718962
11883032190,114.2758444,30.5724684
11883032192,114.2760852,30.5718634
11883032193,114.2756069,30.5721986
11883032194,114.2760761,30.5721224
11883032208,114.275198,30.5705975
11883032212,114.2730178,30.5705153
11883032242,114.2772518,30.5742739
11883032243,114.2764663,30.5740532
11885769165,114.4484478,30.4768171
11885797084,114.4447812,30.4727463
11885833868,114.4568051,30.4735146
11885845772,114.4553488,30.4778838
11888248818,114.2746828,30.5736623
11889153033,114.4257565,30.4938646
11889153044,114.4255865,30.4939262
11889153048,114.4210629,30.4910884
11889153179,114.4206847,30.490586
11889153194,114.4209239,30.4911387
11890709392,114.2663789,30.6152767
11890709398,114.2667763,30.6153869
11896284285,114.408654,30.5411602
11896284361,114.4012252,30.5305504
11957148131,114.3103887,30.5364143
11957148132,114.3086809,30.5365743
11957148133,114.3085559,30.5355399
11957148136,114.3088477,30.5384338
12003595939,114.37746,30.6097686
12003595941,114.3769476,30.6106136
12003595942,114.3726486,30.6104052
12003595954,114.3752621,30.6116787
12032745800,114.3222776,30.4718841
12032768596,114.3160345,30.4727398
12032768601,114.3164895,30.4727089
12032768605,114.3163155,30.4729456
12032768607,114.3160795,30.4729004
12032768614,114.3146078,30.4733447
12032768618,114.3142453,30.4720926
12032768619,114.3160765,30.4716952
12032768620,114.3160655,30.471638
12032768625,114.3187746,30.4714884
12032768626,114.319322,30.4733399
12032768627,114.316498,30.4728142
12032768634,114.3165784,30.4743188
12032768637,114.318312,30.474271
12032768639,114.3183208,30.4748639
12032768641,114.31866,30.4732192
12047284648,114.3920414,30.5080957
12047284657,114.3933192,30.5070569
12047306207,114.3913537,30.5132362
12047306213,114.39227,30.5129227
12047306215,114.3937059,30.5124833
12047306219,114.3930112,30.5122727
12047306222,114.3930655,30.5114868
12047306223,114.3930255,30.5104665
12047306225,114.3930704,30.5108539
12047306227,114.3924548,30.510477
12047306234,114.3888158,30.5106201
12061869317,114.3208455,30.5305607
12061869319,114.3355628,30.5057284
12061869320,114.3371557,30.5069599
12061869322,114.3341626,30.505245
12061869323,114.2934088,30.4998477
12061869330,114.2880445,30.4978447
12149866836,114.2766483,30.5962863
12149866841,114.2762256,30.5961412
12149866842,114.2764913,30.5965892
12149866843,114.2760829,30.5964423
12149866850,114.2763662,30.5968308
12149866851,114.275966,30.5966887
12149866852,114.2762398,30.597075
12149866853,114.2758486,30.5969364
12149919869,114.2771552,30.5964633
12149919870,114.2777202,30.5957144
12149919871,114.2795402,30.5954332
12149919872,114.2792608,30.5951983
12149919874,114.2781187,30.5949019
12149919875,114.2769817,30.594446
12149919876,114.2772695,30.5936915
12149919879,114.2770348,30.5943068
12149962845,114.2795965,30.5917859
12149962882,114.2802738,30.5925238
12149962884,114.280328,30.5921313
12149962887,114.2810872,30.5914905
12149962897,114.2801655,30.5923721
12149962921,114.2770143,30.5933848
12157829710,114.3312812,30.5502343
12157829711,114.3323882,30.5498061
12157874337,114.3353979,30.5563624
12157874340,114.3355614,30.5559715
12157874341,114.335811,30.5558183
12157874344,114.3362706,30.5560005
12157874345,114.3363179,30.556092
12157874348,114.3361064,30.5564049
12157874349,114.3359002,30.5566567
12157874353,114.3354766,30.5564126
12157903476,114.3028897,30.5397858
12157903481,114.3020695,30.5362683
12159031281,114.2975972,30.538076
12159031283,114.2963079,30.5382196
12159176309,114.3130352,30.541642
12159176311,114.3136007,30.5402381
12159421467,114.317666,30.5243093
12159421472,114.3172998,30.5221418
12159485687,114.3223348,30.5258376
12159485691,114.3212484,30.5256695
12159485692,114.3211898,30.5245294
12159504715,114.3239403,30.5258619
12159504720,114.32468,30.5260231
12159504721,114.3247686,30.5260045
12159504725,114.3229298,30.5263546
12159861488,114.3306021,30.52297
12159862794,114.3232812,30.5219522
12159862797,114.3250661,30.5225839
12159886759,114.331373,30.527997
12159886760,114.328258,30.5289695
12159886762,114.3344164,30.5271396
12159886775,114.3303953,30.5255387
12160248370,114.2985739,30.5366115
12160248371,114.2985819,30.5367217
12160248384,114.2987286,30.5422523
12160248385,114.2987216,30.5423501
12160248386,114.2986756,30.5422567
12160248387,114.2986766,30.5423372
12160248388,114.2986965,30.5423517
12161412649,114.2891506,30.586093
12161412679,114.2880742,30.5844136
12161412681,114.2876329,30.5837191
12161412682,114.2873597,30.5844024
12161412695,114.2877342,30.583873
12161412696,114.288489,30.5835292
12161414841,114.2885976,30.5877314
12161414842,114.2891949,30.5869828
12161414843,114.2889405,30.587304
12161414844,114.2897156,30.5879232
12161431920,114.2909548,30.584448
12161473667,114.2945753,30.5972306
12161544856,114.2964263,30.6632758
12161544857,114.2963758,30.6632221
12161544868,114.2922247,30.6635632
12161544890,114.2902094,30.6572027
12161544896,114.2908499,30.6570049
12161579995,114.3024778,30.6335582
12161579996,114.3025923,30.6319564
12161580012,114.3042864,30.6333338
12162675625,114.3248076,30.5337133
12163444126,114.2962457,30.5515838
12163444128,114.2978626,30.551247
12163444129,114.2982573,30.5524337
12163444135,114.2939778,30.5542312
12163444139,114.2957137,30.5539922
12163444146,114.2998625,30.5529598
12163444147,114.2984959,30.5528167
12163444149,114.2992142,30.5527365
12163444156,114.3005201,30.5529388
12163444157,114.3004935,30.5520843
12163444163,114.3012292,30.5524575
12163444167,114.3025599,30.5525596
12163444170,114.3009758,30.5549347
12163444175,114.3007345,30.5537284
12163444179,114.3000089,30.5539161
12163444183,114.2990175,30.5540208
12163444695,114.2954131,30.5496736
12163444700,114.2960462,30.5488903
12163462502,114.3005475,30.5550098
12163463828,114.2888629,30.5455586
12163463829,114.2901666,30.5473579
12163463835,114.2898249,30.545626
12163492912,114.3035686,30.5473421
12163492916,114.3072348,30.5471291
12163492922,114.3057149,30.5473964
12163492923,114.3068148,30.5495589
12164876465,114.1738901,30.5828475
12164876471,114.179011,30.5805972
12164876472,114.1808678,30.580485
12164876477,114.176133,30.5816184
12164876480,114.1761571,30.5817212
12164876486,114.1776041,30.5845432
12164876487,114.1778026,30.5844277
12164876492,114.1763874,30.5816053
12164876493,114.1763728,30.5815018
12164879505,114.1693979,30.5867968
12164879611,114.1884238,30.5789578
12164879612,114.1913951,30.5781801
12164879613,114.1940814,30.5774938
12164879614,114.1941928,30.5774749
12164879615,114.1949221,30.5773012
12164879620,114.1995446,30.5772504
12164879621,114.1998811,30.5772944
12164879631,114.2026397,30.5771229
12164879632,114.204741,30.5765305
12164879633,114.204916,30.576533
12167471634,114.284703,30.5983269
12167471639,114.2868841,30.596671
12167636261,114.2884602,30.544809
12167636265,114.2894668,30.54557
12167636271,114.288803,30.5449273
12167636279,114.2889226,30.544996
12167651004,114.2925334,30.5456793
12167651006,114.2924125,30.5450775
12167651013,114.2879524,30.5420464
12167651014,114.2875036,30.5407839
12167651018,114.2869463,30.538863
12167651020,114.2880424,30.5413057
12167651021,114.2879293,30.5409886
12167651023,114.2878452,30.5407025
12167651024,114.2877219,30.541398
12167690310,114.2972615,30.5948506
12167690315,114.2967091,30.5946719
12167690316,114.2968026,30.5946597
12167690321,114.296887,30.5944446
12167690323,114.297638,30.5991321
12167690325,114.2965208,30.5976587
12167690330,114.2969528,30.5982961
12167690334,114.2981714,30.6000818
12167690335,114.2982254,30.6001721
12167690336,114.2990166,30.6015201
12167690342,114.299862,30.6030222
12169305093,114.2858088,30.5829896
12169305094,114.2854325,30.5824829
12169305095,114.2851216,30.5824834
12169305097,114.2852349,30.5822476
12169305098,114.2850331,30.5823841
12169305099,114.2853962,30.5821226
12169338007,114.2854866,30.5825514
12169338008,114.2856459,30.5824477
12169705919,114.2606946,30.6193242
12169705928,114.2610032,30.6162705
12172561308,114.3159418,30.5789915
12172561309,114.3164761,30.5790026
12172561310,114.3165223,30.5790772
12172561311,114.3164382,30.5795454
12172561312,114.3163274,30.579587
12172561313,114.3158093,30.5795602
12172561314,114.3156889,30.5795253
12172561315,114.315864,30.5790582
12174256148,114.3168341,30.5883828
12174256149,114.3213347,30.5854663
12174256151,114.3178489,30.5897288
12174256152,114.3224629,30.5868711
12174256173,114.3202795,30.5882233
12174256174,114.3191344,30.5868954
12174256175,114.319244,30.5868246
12174256176,114.3203793,30.5881616
12174256184,114.3251003,30.5899331
12174256902,114.3240068,30.5924565
12174256904,114.3227231,30.5910983
12174256905,114.3227991,30.5910517
12174256908,114.3190277,30.5889986
12174256909,114.3214791,30.5918803
12174256910,114.3226723,30.5933147
12174256911,114.3188834,30.5913189
12174256912,114.3189736,30.5912604
12174256913,114.3202642,30.5904238
12174256914,114.3214778,30.5896485
12174256915,114.3215792,30.5895863
12174256916,114.3178974,30.5876953
12174256917,114.3141751,30.5805682
12174256918,114.3142566,30.5806673
12174256919,114.3154325,30.5821023
12174256920,114.3166147,30.5835359
12174256921,114.3180639,30.5853497
12174256954,114.3152261,30.5843243
12174256963,114.3155666,30.586501
12174256964,114.3165126,30.5859478
12174256965,114.3177688,30.5851649
12174256966,114.3178613,30.5850961
12174827954,114.3346783,30.564242
12174827960,114.3351371,30.5636321
12174827994,114.3439549,30.5579939
12174827997,114.3447053,30.55839
12174842102,114.3447937,30.558911
12174842107,114.3439423,30.5585736
12175860793,114.2694966,30.5465151
12178240746,114.2576047,30.5520966
12178240747,114.2576156,30.553591
12178240754,114.2602026,30.5540044
12178240760,114.2541012,30.552471
12178240765,114.2605716,30.55373
12178270138,114.2085389,30.6526148
12187416804,114.3726659,30.6180541
12217433418,114.1819511,30.6264998
12217433429,114.1799417,30.6138947
12217433440,114.179682,30.6136237
12217433545,114.1800815,30.6057484
12217433547,114.1808684,30.6071273
12231041224,114.2703422,30.5890152
12231041226,114.2748135,30.5866582
12231041235,114.2726452,30.590273
12231041243,114.273455,30.5915949
12231041249,114.2756091,30.5889073
12231041251,114.2765374,30.5901544
12231041252,114.2730312,30.5882869
12231041253,114.2743578,30.5894839
12234474627,114.3222439,30.5749955
12245909572,114.2726421,30.5967998
12245909577,114.2745393,30.5971746
12247561889,114.2333896,30.6158955
12247561891,114.232706,30.6155599
12247561893,114.2362197,30.6172126
12247562040,114.2315028,30.6109973
12247562041,114.2320751,30.6094379
12247562120,114.2362541,30.6125094
12247562243,114.2405907,30.6166842
12247562244,114.2410586,30.6158822
12247562267,114.2420503,30.6174248
12247562279,114.2446961,30.6185982
12247625065,114.2379988,30.6093991
12247625066,114.2416691,30.6110276
12247625067,114.2380236,30.6093356
12247625068,114.2417218,30.6109458
12247638757,114.2424521,30.6134613
12247638758,114.2442566,30.6104066
12249915676,114.2616991,30.6273149
12250302805,114.3211507,30.6725809
12251667886,114.2534456,30.6106614
12251667887,114.2526735,30.6126277
12251667890,114.2517382,30.6151252
12251667891,114.2539913,30.6105016
12251667893,114.253161,30.6128751
12251702102,114.25337,30.6122908
12251702103,114.2534124,30.6117285
12251702104,114.2515941,30.6158968
12251702105,114.2516697,30.615306
12251702106,114.2521706,30.615415
12251702107,114.2518097,30.6159602
12251702108,114.2520612,30.6142757
12251702109,114.2524036,30.6137994
12251702110,114.2526226,30.6138623
12251702111,114.2525588,30.6143982
12251702112,114.2531747,30.6116799
12251702113,114.2528295,30.6121983
12251702115,114.2581788,30.6001997
12251702137,114.2578016,30.5932503
12251702139,114.2581809,30.5923501
12251702141,114.2585948,30.5910339
12251702146,114.2613306,30.5829987
12251702147,114.2601034,30.5859012
12251702148,114.2600534,30.5864075
12251702149,114.2592212,30.5886758
12251702150,114.259185,30.5891881
12251702151,114.2594716,30.5870103
12251702152,114.2601502,30.5853512
12251702154,114.2582682,30.5908943
12251702157,114.2576475,30.5932322
12251702158,114.2581327,30.5913249
12251702159,114.25848,30.5913974
12251702160,114.2587969,30.589567
12251702161,114.2588717,30.5889465
12251702163,114.25951,30.5868967
12251702164,114.2597663,30.5865378
12251702165,114.2418908,30.6550415
12251702169,114.2425807,30.6547456
12254196464,114.4027326,30.6273635
12254196655,114.3950414,30.6191724
12254196698,114.3994433,30.6176864
12273308796,114.3349523,30.5625884
12277812485,114.3556514,30.5615482
12280750843,114.3398672,30.5811712
12280750844,114.3441384,30.5802677
12306577100,114.2168939,30.5738673
12343765487,114.4105998,30.602975
12343765488,114.4095749,30.6059798
12343765490,114.4110759,30.6063393
12343765493,114.4100879,30.6044735
12343765494,114.4114075,30.605333
12343765495,114.4115936,30.6046286
12343765497,114.4103584,30.6036791
12343765498,114.4117658,30.6040512
12343905381,114.3784812,30.5849106
12343905385,114.3786777,30.5849546
12369589922,114.4182725,30.5087795
12381917909,114.4012992,30.5065748
12381917914,114.4012879,30.5065075
12381917916,114.4013822,30.5065638
12381917918,114.4013656,30.506493
12381917927,114.4008273,30.5053584
12401558222,114.2594445,30.5565094
12401558237,114.2603893,30.5557636
12401558238,114.2606657,30.5537363
12401558250,114.2261572,30.5677201
12401558256,114.2293997,30.5639176
12401558260,114.2318957,30.5668199
12401558261,114.2332369,30.5691843
12421909492,114.323157,30.6366863
12421909493,114.3233534,30.6365784
12421909494,114.3253998,30.6354587
12421909495,114.3224445,30.6356608
12421909496,114.3226421,30.635552
12421911302,114.3230276,30.6340362
12421911303,114.3244352,30.6359865
12421911304,114.3237045,30.6349721
12421911307,114.325102,30.6369092
12421911314,114.3241515,30.6330466
12421911315,114.3207833,30.6377748
12421911316,114.3238076,30.6376145
12455351554,114.2957651,30.5298686
12455351556,114.2946654,30.5331909
12455351560,114.2952767,30.531864
12463139016,114.4279533,30.4841565
12463139022,114.4272144,30.4826571
12463139024,114.4267059,30.4827065
12463139025,114.4266184,30.4821078
12463139040,114.4276573,30.482002
12463139041,114.4277466,30.4826055
12463139042,114.4257832,30.482796
12463139043,114.4287073,30.4825124
12463139049,114.4258409,30.4830913
12463139050,114.4287419,30.4827911
12463139051,114.4272543,30.482945
12463139052,114.426919,30.4802989
12463139053,114.4272974,30.4832561
12463139054,114.4266633,30.4824176
12463139055,114.4257272,30.4825096
12463139056,114.4256656,30.4821949
12463139057,114.4277046,30.4823211
12463139058,114.4286723,30.482231
12463139059,114.4286321,30.4819076
12463139060,114.4255556,30.4816322
12463139061,114.4285614,30.4813382
12463139062,114.4270711,30.481484
12463139063,114.4254961,30.4813284
12463139064,114.4285244,30.4810405
12463139065,114.4270324,30.4811823
12463139066,114.425441,30.4810463
12463139067,114.4284881,30.4807491
12463139068,114.4253833,30.4807516
12463139069,114.4284514,30.4804536
12463139070,114.4264194,30.4812406
12463139071,114.4264583,30.4815439
12463139072,114.4275802,30.4811303
12463139073,114.4276197,30.4814303
12463139074,114.426262,30.480361
12463139075,114.4263042,30.4806622
12463139076,114.4274642,30.4802474
12463139077,114.4275031,30.4805457
12463139090,114.4269955,30.4808947
12463139091,114.4269575,30.4805987
12473644511,114.3499389,30.5377735
12473644512,114.3508552,30.537359
12477747564,114.3052488,30.4739846
12479760331,114.2609681,30.5470509
12479760332,114.2589745,30.5886144
12491824676,114.2980817,30.6499205
12498102664,114.2810622,30.5974985
12498102667,114.2798248,30.5973033
12530571751,114.2794552,30.6595173
12530571753,114.2809133,30.6601839
12530571761,114.2806381,30.6607099
12531662908,114.2802775,30.6579223
12554189711,114.297891,30.5208109
12554189714,114.2985728,30.5189966
12554189715,114.2987526,30.5184333
12554189716,114.297508,30.5202943
12554189717,114.2980133,30.5204223
12554189718,114.2979687,30.520564
12554189719,114.2986694,30.5207333
12554189720,114.2985905,30.520979
12554189721,114.2980389,30.520341
12554189722,114.2987394,30.5205156
12554189723,114.2980987,30.520151
12554189724,114.2975905,30.5200327
12554189725,114.2977509,30.5194435
12554189726,114.2983728,30.5195876
12554189727,114.2989913,30.5197321
12554189728,114.2977878,30.5192597
12554189729,114.2984304,30.5194173
12554189730,114.2990455,30.5195634
12554189731,114.2978461,30.5190565
12554189732,114.2984999,30.519212
12554189733,114.2991105,30.5193611
12554189734,114.2979043,30.5188438
12554189735,114.2991821,30.5191383
12554189736,114.2979674,30.5186197
12554189737,114.2986408,30.5187835
12554189738,114.2992516,30.5189222
12554189739,114.2980344,30.5184358
12554189740,114.2986993,30.5186003
12554189741,114.2993105,30.5187389
12554189742,114.2982824,30.518315
12554189743,114.2993648,30.5185699
12557938021,114.1818168,30.5772848
12557938024,114.1818276,30.5771331
12557938029,114.1818499,30.5768615
12579566020,114.1661388,30.5672413
12579566036,114.1854548,30.5696953
12579566041,114.1842524,30.569401
12579566043,114.1826846,30.5685644
12579566047,114.1832215,30.5689237
12692518569,114.3203935,30.5477452
12692518570,114.3229512,30.546755
12692518574,114.3211414,30.5482433
12692518576,114.3203407,30.5489239
12692518577,114.3211924,30.5487958
12692518578,114.3224496,30.548609
12699198271,114.5444555,30.465445
12699198278,114.5435167,30.4638609
12716024576,114.313422,30.6226503
12802032521,114.366884,30.5390792
12802032596,114.361825,30.5388847
12802032679,114.369431,30.5386033
12802547736,114.357297,30.5319438
12802547749,114.3567665,30.5321282
12802547781,114.3598373,30.5328498
12802547786,114.3660892,30.5347556
12802598311,114.3614416,30.5340925
12802598320,114.360674,30.5343458
12802598331,114.3581568,30.5357289
12802598332,114.3585668,30.5353827
12802614651,114.3563273,30.5321285
12802896935,114.3311929,30.5839942
12802896951,114.3305018,30.5846056
12803435207,114.355931,30.5411076
12805594660,114.3506094,30.5434924
12805673948,114.3570005,30.5398187
12805673950,114.3567957,30.5398299
12805917112,114.3618141,30.5452759
12806068344,114.4119467,30.6048996
12806068351,114.4143462,30.6038699
12807986095,114.3569096,30.5398227
12808341226,114.3550594,30.5387262
12808341227,114.3549564,30.5387716
12840307056,114.1957296,30.5897374
12840307059,114.1957954,30.5899983
12840307065,114.1974814,30.5908015
12840314022,114.1744314,30.5931339
12840314046,114.1839985,30.5855564
12840314065,114.1910264,30.5860035
12840314133,114.1761754,30.6006661
12840314136,114.1780773,30.6059714
12840314183,114.1835384,30.5863182
12840314193,114.1762414,30.6006342
12840314228,114.1817057,30.588514
12840314229,114.180565,30.5894036
12840314231,114.1804965,30.5894478
12840314233,114.1805199,30.589354
12840314246,114.1816576,30.5884663
12840314247,114.1817135,30.5884031
12841185708,114.1978513,30.593049
12841185709,114.193263,30.595542
12841249614,114.1968351,30.6246698
12841249618,114.1968439,30.6238397
12841249620,114.1968485,30.623396
12841249625,114.1966631,30.6239169
12841249630,114.1971562,30.6302668
12841249632,114.197298,30.6302587
12841249636,114.1978745,30.6325017
12841249638,114.1984831,30.6348798
12841249639,114.1985068,30.6349725
12841249641,114.1977463,30.6325272
12841249643,114.1983438,30.6349076
12841249644,114.1983671,30.6350004
12841249656,114.1994309,30.6417969
12841249658,114.1994928,30.6416048
12841249662,114.1997886,30.6401811
12841249669,114.1996523,30.641573
12841249670,114.1965688,30.6482895
12841249671,114.1966578,30.6483184
12847386070,114.3691971,30.5373926
12847404820,114.357078,30.5473938
12847404822,114.3560179,30.5475262
12848608569,114.3669819,30.5390906
12848608570,114.3669295,30.5391848
12848608571,114.3577166,30.5414835
12860132344,114.2819068,30.4758162
12860132345,114.2818049,30.4757432
12860132346,114.2818003,30.4758127
12860132347,114.2819076,30.475747
12860132348,114.2818958,30.475355
12880406449,114.281891,30.4680861
12880406469,114.2817468,30.4882049
12880406470,114.2817469,30.4880861
12880406472,114.2789385,30.4722175
12885411751,114.2647225,30.4697052
12896768720,114.2752734,30.469314
12896768721,114.2753695,30.4692964
12896768722,114.2760617,30.4723792
12896768723,114.2760784,30.4724556
12896768724,114.2766736,30.4753907
12896768728,114.2705979,30.4745395
12896768736,114.2731204,30.4733996
12896768737,114.2731461,30.4734638
12919442688,114.4603068,30.4729716
12941904329,114.3525746,30.5393952
12946572432,114.2658174,30.475742
12949056180,114.3029144,30.5360265
12949056181,114.3027861,30.5354566
12949085121,114.3024259,30.5350615
12949085123,114.3019554,30.5350818
12949085141,114.3024895,30.5353697
12949085142,114.3020044,30.5354477
12964017242,114.2650607,30.4903182
12964017243,114.2689784,30.4935179
12969418876,114.2186407,30.5723156
12969418880,114.2185569,30.5722418
12969418881,114.2186117,30.5721672
12969418897,114.2363046,30.5709827
12969418898,114.2388296,30.5698768
12969485101,114.2407512,30.5685172
12969485116,114.2415668,30.5674511
12972353884,114.3026547,30.5550395
13007503957,114.1980566,30.5770476
13028301087,114.3056902,30.4855439
13034211116,114.2218764,30.4822011
13093723808,114.2197247,30.4932425
13093723809,114.2247111,30.4932382
13110036812,114.3326239,30.5935626
13110036823,114.3296564,30.5943559
13110036853,114.3297555,30.5925154
13110036854,114.3313256,30.5940401
13114520488,114.3397879,30.5102608
13114520491,114.3399354,30.5102744
13114520492,114.3399435,30.5102147
13114520494,114.3398143,30.5101828
13114520497,114.3399733,30.5094914
13114520498,114.3400701,30.5093983
13114520499,114.3402309,30.5093942
13114584402,114.340196,30.5100648
13114584403,114.3401884,30.5102376
13114584406,114.3392974,30.5106447
13114584408,114.3407652,30.5100727
13114584417,114.3411627,30.5098478
13114584419,114.3411856,30.5095086
13114584425,114.3403003,30.5097114
13114584433,114.3399657,30.5096744
13114584444,114.3401403,30.5090098
13114584462,114.3399609,30.5081759
13114584471,114.3403874,30.5089975
13114584478,114.3410295,30.5091888
13132234721,114.3263558,30.4922261
13132234728,114.2616735,30.4832469
13132267894,114.29361,30.4925696
13132267897,114.2934028,30.4925631
13132271607,114.2933486,30.4959559
13132271608,114.2932837,30.4998489
13132271609,114.293351,30.4958103
13132271612,114.2934074,30.4919581
13132271613,114.2936271,30.4919375
13142625455,114.4247189,30.4919304
13142625456,114.4248011,30.4919091
13142625458,114.4248345,30.4921653
13142625459,114.4249157,30.4921377
13161103928,114.2236892,30.6203289
13161103940,114.2250294,30.6207913
13161103941,114.224144,30.6193906
13161103942,114.2254388,30.6197806
13161103946,114.2263299,30.6212468
13161103947,114.2268401,30.6214255
13161103949,114.2278179,30.6191984
13161103950,114.2233805,30.6202235
13161103953,114.2234332,30.6210899
13161103954,114.2255463,30.6209723
13161103956,114.2250796,30.6214479
13161163817,114.2281929,30.6162891
13161163818,114.2267266,30.6157844
13161163819,114.2284818,30.6158012
13161163820,114.227066,30.6151411
13161163821,114.2292295,30.6161673
13161163822,114.2310908,30.6168787
13162950529,114.5240159,30.551244
13162950541,114.5294456,30.5517415
13202875911,114.3006097,30.6319766
13206124602,114.3022588,30.6306736
13206124623,114.3011932,30.6316277
13236009700,114.3464521,30.6060368
13236027139,114.3426775,30.606848
13236027140,114.3443396,30.605605
13236034173,114.3447612,30.6018309
13236034174,114.3455336,30.6025506
13236034177,114.3479754,30.6031783
13236034178,114.3455249,30.6032217
13236034179,114.3456795,30.6031003
13236034180,114.346911,30.6041271
13236034184,114.3475558,30.6035505
13236058201,114.3460283,30.6056915
13236058202,114.3470706,30.6047196
13236058203,114.347615,30.6051641
13236058204,114.3460051,30.6064793
13236058207,114.3461989,30.6062515
13236058208,114.3456777,30.6062093
13236058209,114.3458971,30.6060112
13236058210,114.3461405,30.605786
13236058212,114.3459128,30.6055999
13236058213,114.3463371,30.6051933
13236058214,114.3463481,30.6050226
13236058215,114.3468607,30.6045536
13236058216,114.3467663,30.6059575
13236058217,114.3462254,30.6055076
13236058218,114.3461092,30.6054122
13236058219,114.3458422,30.6051832
13236058220,114.3456196,30.605397
13236058223,114.3460659,30.6049894
13236058225,114.3469057,30.6056499
13236058226,114.3464566,30.6052921
13236058227,114.3471053,30.6054579
13236058228,114.3466643,30.6050984
13236058229,114.3473428,30.6052548
13236058230,114.3468886,30.6048892
13236058231,114.3466802,30.6047187
13236058235,114.3458383,30.6047897
13236058236,114.3460333,30.604615
13236058237,114.3464844,30.6048979
13236058239,114.3457011,30.6038498
13236058242,114.3456265,30.6037926
13236058245,114.3463758,30.6041456
13236072735,114.3477494,30.6050263
13236072740,114.3475137,30.6048311
13236080900,114.3433844,30.6042062
13236096804,114.3449624,30.6045378
13236096809,114.3451316,30.6042186
13236096810,114.343925,30.6037402
13236096811,114.344583,30.6048832
13236096813,114.3450994,30.6045394
13238361093,114.3520453,30.5347924
13238420004,114.3521076,30.5346865
13238420006,114.3521914,30.534779
13238420009,114.352132,30.5348233
13238420010,114.3520675,30.5348109
13238420034,114.3535288,30.5360127
13238420132,114.3517784,30.5350955
13238797719,114.3399878,30.6119937
13238797720,114.3364498,30.6085896
13238797721,114.3370587,30.610187
13239968036,114.3583097,30.5369686
13240918470,114.3552434,30.5348177
13240918474,114.3537835,30.5358688
13245053688,114.3427852,30.6069474
13245053689,114.3431768,30.6066529
13245053690,114.3453384,30.6073441
13245053691,114.3450314,30.6070632
13245053692,114.3440272,30.6060148
13245053693,114.3444276,30.6056804
13246350949,114.3488105,30.541624
13246350996,114.3617003,30.5401025
13246423601,114.3617946,30.5402093
13246423610,114.361782,30.5390105
13246423611,114.3617448,30.5395006
13246423618,114.3618196,30.539012
13246771525,114.3576955,30.542478
13247794582,114.5436522,30.5471569
13247794583,114.5436668,30.547325
13266196559,114.3584112,30.5393269
13300645744,114.2579543,30.6000287
13347456469,114.2580306,30.6022273
13347456470,114.2597319,30.6024236
13357591178,114.4154536,30.5158982
13368657893,114.3566016,30.5661821
13369051339,114.3393842,30.5493726
13369051340,114.2606565,30.6208321
13369051343,114.260656,30.6207473
13378923350,114.4238618,30.4848834
13378923353,114.4230998,30.4848764
13378923376,114.422354,30.4839067
13378923400,114.4211655,30.4800799
13378938021,114.4220319,30.482405
13378938024,114.422638,30.482277
13378938035,114.420495,30.487793
13378938074,114.4193353,30.4800233
13378938075,114.4193396,30.4800616
13378938076,114.4193585,30.4802286
13378938077,114.419351,30.480162
13378938079,114.419813,30.4851633
13378938080,114.4198649,30.4851572
13380284884,114.4224103,30.4928551
13380284897,114.4244334,30.4920284
13380361503,114.4245378,30.4922242
13380361514,114.4216968,30.4929033
13380361515,114.4218292,30.4928566
13380361516,114.4217853,30.4928721
13380361517,114.4217365,30.4929882
13380361518,114.4218355,30.4929601
13380361519,114.4218862,30.4929457
13380361528,114.4197203,30.4880782
13408124915,114.5198969,30.5508141
13408517346,114.5616073,30.4736072
13408517446,114.5624838,30.4713737
13410962226,114.3989473,30.5400644
13415965132,114.2522113,30.5833348
13415965133,114.2517619,30.5856832
13421513629,114.3944661,30.5223706
13425562657,114.5462224,30.4660166
13430072741,114.2252097,30.4890985
13430072742,114.2250705,30.4891194
13430072795,114.2213536,30.482875
13430076623,114.2211954,30.4830182
13430076754,114.2271701,30.4947947
13430076771,114.2283055,30.4961507
13439313113,114.1813871,30.622025
13439313115,114.1813164,30.6222867
13439313133,114.1784704,30.6232864
13439313134,114.1885429,30.62344
13439313135,114.1883489,30.6234359
13439313146,114.1814428,30.6234322
13439313147,114.1817443,30.6234473
13439313149,114.1850692,30.6234417
13439313155,114.1817411,30.6235056
13439313156,114.1814388,30.6234905
13439313175,114.1828251,30.6311147
13439313179,114.1831988,30.6308499
13439313206,114.2022437,30.6300483
13439313207,114.1972739,30.6301596
13439313208,114.197132,30.6301731
13439313212,114.1936207,30.6303482
13439313215,114.1998901,30.6299719
13439313308,114.1820803,30.6264924
13439313323,114.1802992,30.6152847
13439313325,114.1800972,30.6152813
13439313328,114.1803905,30.6166792
13439313329,114.1804911,30.6166538
13439313331,114.1802522,30.6152597
13448808267,114.3668386,30.6094922
13448808268,114.3769554,30.5921325
13448808274,114.3631892,30.6223609
13459792906,114.2992908,30.614973
13459792909,114.2998594,30.6124063
13503326393,114.3395278,30.5444419
13503350709,114.3399162,30.5478198
13503701843,114.3966016,30.6037334
13523303308,114.4010294,30.5093148
13527647593,114.344343,30.5300988
13527647596,114.3455223,30.5312377
13527647597,114.3452162,30.5298556
13527649759,114.3479724,30.5355158
13530610589,114.3372837,30.5443007
13530610608,114.3376324,30.5450374
13530610610,114.338191,30.5492627
13530610615,114.3388629,30.5513648
13530610621,114.3383022,30.5477185
13530610622,114.3382962,30.5477995
13530610629,114.340684,30.5540011
13530610632,114.3404028,30.5533724
13530610640,114.3485921,30.5514029
13530610654,114.3489508,30.5481441
13530610682,114.3476143,30.5483149
13530610683,114.3476174,30.5482335
13530610721,114.3414276,30.5552414
13530610731,114.3407798,30.5539632
13530610732,114.3420777,30.5560939
13530638567,114.3404025,30.5574863
13530638584,114.3428901,30.5569703
13530638588,114.3439792,30.558127
13530638590,114.3426236,30.5595002
13530638592,114.3413755,30.5603358
13530638594,114.3405117,30.5610608
13530638601,114.3403064,30.5618516
13530638607,114.3396258,30.5616598
13530638608,114.3394768,30.5616419
13530638614,114.3395731,30.5610449
13530638615,114.3399568,30.5611039
13530638616,114.340244,30.5611165
13530638624,114.3442708,30.5584385
13530638625,114.3443593,30.5584223
13530638634,114.3444257,30.5584918
13530638637,114.3443425,30.5585097
13530638643,114.3509937,30.5590157
13530638644,114.3546553,30.5593936
13530638645,114.3511573,30.5590326
13530638652,114.342564,30.5564323
13530638657,114.3427809,30.5557532
13530638660,114.3424726,30.5565044
13530638666,114.3417846,30.5564802
13530638700,114.3349862,30.5605171
13537155081,114.3499184,30.5478692
13537155085,114.3497589,30.5470344
13540934646,114.3520991,30.5466832
13542362015,114.354209,30.547991
13555966828,114.3549564,30.5474573
13564625830,114.406942,30.5401268
13565666140,114.3699506,30.5347888
13566884859,114.4095245,30.5347342
13566884897,114.4044013,30.5363449
13566885204,114.401873,30.5338507
13568451907,114.4079461,30.5424246
13570134431,114.3715515,30.4834808
13570134512,114.3739527,30.5004672
13578050876,114.3520376,30.5278952
13583599773,114.3485148,30.5440936
13585926062,114.1796907,30.5741112
13588405266,114.3592121,30.5266011
13588405267,114.3574993,30.525868
13596029584,114.2563036,30.5469974
13596029585,114.2608166,30.547047
13603842211,114.430369,30.5126745
13606713075,114.2472851,30.5575811
13606713083,114.2461439,30.5535204
13606713085,114.2461641,30.5536275
13606713086,114.2471843,30.5571693
13606713091,114.2476147,30.5573593
13606713110,114.24684,30.5576564
13606713119,114.2471128,30.5571918
13606713129,114.2472511,30.5575044
13608906939,114.288867,30.533435
13608907032,114.2863329,30.5367545
13612477910,114.2799854,30.5747499
13613667158,114.3597219,30.5325445
13613667160,114.3596694,30.5325614
13613667173,114.36507,30.5453366
13613667174,114.3651316,30.5457177
13613667185,114.3605833,30.5476395
13613667191,114.3549886,30.5478432
13619558762,114.3502799,30.5540395
13619558774,114.3502806,30.5558507
13619558775,114.3501752,30.555846
13626240629,114.3614689,30.5648468
13626240637,114.3612875,30.5650541
13629152938,114.362286,30.570991
13629152939,114.3625977,30.5708386
13629152941,114.36255,30.5707802
13629152943,114.3629042,30.5716498
13629152950,114.3572021,30.5674639
13646347718,114.3595274,30.5737474
13646347719,114.3591573,30.573837
13646347721,114.3546801,30.5692367
13646347722,114.3567086,30.5713388
13646347723,114.3591465,30.5739806
13646347724,114.3590736,30.5738536
13657779122,114.5348268,30.4991641
13657779123,114.5331574,30.4986038
13657779125,114.5343609,30.5003638
13657779130,114.534451,30.5000855
13665980864,114.369992,30.520177
13665980882,114.3743979,30.5193117
13669105351,114.4326849,30.5203938
13669924974,114.3759615,30.5066431
13671804158,114.3675777,30.5208481
13671958963,114.3749203,30.518984
13671958964,114.3781082,30.5182528
13680149894,114.36215,30.5225634
13683494016,114.3660721,30.5286312
13683532861,114.3660979,30.527355
13685773269,114.3557842,30.526414
13686917297,114.3383146,30.5318669
13688690466,114.3856877,30.5179358
13688690474,114.3841716,30.5149155
13688690475,114.3842648,30.5149927
13688690476,114.3854836,30.5174167
13688690486,114.3863186,30.5192169
13688690487,114.3858761,30.5193176
13688690807,114.3854283,30.5172637
13688690808,114.3855012,30.5172603
13691971835,114.3374878,30.5449885
13691971836,114.337594,30.5449546
13691971838,114.346021,30.5387252
13692380527,114.338769,30.539716
13692380591,114.3429472,30.5402769
13692380592,114.3427979,30.5391926
13692380697,114.3459296,30.5399035
13692380713,114.3496679,30.5396972
13694252365,114.3469453,30.5359468
13695577049,114.3481303,30.5446855
13696568331,114.3925696,30.5331673
13696568332,114.3925716,30.5332264
13696929824,114.349264,30.5331041
13697069764,114.362239,30.5221634
13698832667,114.3675983,30.5184827
13702327957,114.3403762,30.5533313
13702327960,114.3420439,30.5520587
13702327961,114.3421333,30.5520012
13702327976,114.3423968,30.5492648
13702327981,114.3419962,30.5513929
13702327984,114.3420851,30.5521612
13702327985,114.3425295,30.5532835
13702327986,114.3425797,30.5534078
13702776644,114.3438354,30.555372
13702776667,114.3443767,30.5567995
13702776671,114.3454077,30.5568622
13702776689,114.3478597,30.5584077
13702776704,114.3484714,30.5572443
13703782211,114.3495144,30.5558163
13706490875,114.347828,30.5586797
13706969752,114.3362404,30.5561958
13706969768,114.3361326,30.5559722
13707118964,114.3398203,30.5545748
13707119166,114.3405615,30.5557765
13707119167,114.3403791,30.555477
13707119169,114.3385292,30.5564316
13707119170,114.3367785,30.5575363
13712720706,114.3601228,30.5063663
13712749556,114.3612668,30.5032225
13712749557,114.3612403,30.5032905
13712749559,114.3649874,30.5033109
13712749560,114.3613404,30.5033024
13712749565,114.3470332,30.505947
13712749568,114.3496372,30.5060454
13712749573,114.3575785,30.5063504
13712749574,114.3602287,30.5064497
13712749575,114.3550744,30.5062311
13712749583,114.360222,30.5069993
13712749584,114.3603297,30.5073491
13712749596,114.3601352,30.5064473
13712749626,114.3609729,30.4995978
13712749629,114.3610072,30.5099076
13712749630,114.3598129,30.4982088
13717675244,114.3649451,30.5010156
13717675245,114.3638499,30.5010307
13717675246,114.3649461,30.5011034
13717675247,114.3638179,30.5010184
13717675256,114.3638548,30.5011196
13717675263,114.3638054,30.5011358
13717675264,114.3631894,30.5032427
13717675265,114.3631853,30.5028876
13717675375,114.3637412,30.5010891
13726232399,114.3399729,30.5543012
13736028262,114.2381343,30.5513823
13736028264,114.2455764,30.5474983
13736028265,114.2430451,30.5479205
13747012234,114.2383238,30.5511346
13747080376,114.2420587,30.5400041
13747080377,114.2420015,30.5441347
13747080381,114.2419916,30.5440169
13747340550,114.2233829,30.529151
13747340552,114.2420079,30.5398666
13747340553,114.2420122,30.5398131
13747340558,114.2351568,30.5215015
13747340563,114.2350191,30.52171
13747340564,114.2352705,30.5217438
13747340565,114.245188,30.5410298
13747340592,114.233587,30.5181529
13747340594,114.2318594,30.5189461
13747437511,114.2354214,30.5170391
13747437520,114.2444173,30.5125448
13747437525,114.2449978,30.5127056
13747437526,114.2449437,30.5121679
13747437527,114.2447873,30.5122433
13747437529,114.2401841,30.514593
13747437530,114.2383505,30.5155303
13747437533,114.2316867,30.5190387
13747437535,114.2293169,30.520404
13747437537,114.2275733,30.5213922
13747437538,114.2274622,30.5214618
13747437540,114.2244323,30.5229985
13747437544,114.2216268,30.5237543
13747437552,114.2205322,30.524472
13747437555,114.2219173,30.5241714
13747437565,114.2193137,30.5247942
13747437569,114.2192773,30.524705
13747437572,114.2197539,30.5245635
13747437582,114.2363039,30.5237733
13747437594,114.2369516,30.5235341
13747437596,114.2359874,30.5232769
13747437602,114.2358322,30.5235116
13747437614,114.2360824,30.5234835
13747437628,114.230608,30.5251591
13747437636,114.2306328,30.5253618
13747437640,114.2274881,30.5271708
13747437643,114.2225549,30.5280857
13747437653,114.2311643,30.5260116
13747437657,114.2234199,30.5292467
13747437678,114.2230684,30.5286704
13747437679,114.2251899,30.5350227
13747437680,114.2251516,30.5349635
13747437682,114.2244034,30.5338057
13747437683,114.224364,30.5337424
13747437695,114.2233542,30.5292675
13747437696,114.2233153,30.5291739
13747437699,114.2227896,30.5284519
13747437703,114.2335585,30.5178989
13747437704,114.232648,30.5161136
13747437705,114.2316934,30.5139886
13747437708,114.2316673,30.5140901
13747437709,114.2355017,30.5222391
13747437710,114.2355947,30.5224231
13747437711,114.2361195,30.5235641
13747437712,114.2373914,30.5263352
13747437713,114.237442,30.52644
13747437715,114.2448662,30.5291667
13747437716,114.2447873,30.5292233
13747437718,114.2418166,30.5312305
13747437719,114.2401267,30.5320559
13747437720,114.2400514,30.532091
13747437747,114.2400827,30.5321577
13747437750,114.2387115,30.5292409
13747437751,114.2386785,30.5291519
13747437753,114.241849,30.5422752
13747437765,114.2668912,30.539853
13747437775,114.241919,30.5421888
13747437782,114.2418495,30.542216
13747437805,114.2429788,30.5479295
13747437812,114.2429998,30.5479961
13747437819,114.2455236,30.5474995
13747437820,114.2455356,30.5475795
13747437823,114.2456153,30.5479302
13747437841,114.238199,30.5512083
13747438015,114.2307113,30.5495505
13747449281,114.2451617,30.5536625
13747449286,114.2446237,30.5537424
13747476406,114.2398469,30.5550166
13747476407,114.2398111,30.5549293
13757800123,114.2321014,30.5482603
13759584783,114.2368267,30.5559645
13759584784,114.2368855,30.5560836
13763845405,114.2653848,30.559374
13765114034,114.2674684,30.5586095
13772869014,114.2960342,30.5275181
13772869020,114.3012333,30.5230843
13772869031,114.296787,30.5258085
13772869079,114.2958462,30.5285582
13772869237,114.2951542,30.5300241
13772869271,114.2970116,30.5351853
13772869301,114.2986451,30.5293287
13772869368,114.3019234,30.530533
13772978117,114.3036727,30.5360292
13772978118,114.3012036,30.5278271
13772978119,114.3012665,30.5279342
13772978127,114.3025144,30.530985
13772978132,114.3036469,30.5359139
13778138366,114.3033735,30.534238
13778138369,114.3045695,30.5341268
13778138440,114.304573,30.5341473
13778138441,114.3033796,30.5342645
13778138629,114.3076313,30.530408
13778138631,114.3064584,30.5327691
13778138632,114.305825,30.5356829
13778138646,114.3025623,30.5307311
13778138647,114.3024599,30.5307425
13778138648,114.30415,30.5317854
13778138649,114.3028635,30.5319619
13778138650,114.302774,30.531973
13778138651,114.3039405,30.5308235
13778138654,114.304851,30.5357735
13778138655,114.30416,30.5318321
13778138656,114.3028727,30.5320031
13778138657,114.3027841,30.5320156
13778138658,114.3088657,30.5302547
13778138659,114.3061781,30.5305821
13778138663,114.3068196,30.5355895
13782636067,114.3426156,30.4717499
13783391295,114.4309556,30.5048082
13785487653,114.4351383,30.5128746
13786434690,114.5666619,30.4892437
13786434691,114.5665646,30.4890242
13787350001,114.3804339,30.6384467
13794329801,114.4082172,30.549208
13794329802,114.4081595,30.5492423
13801184244,114.3144614,30.5423139
13805272220,114.4116084,30.5396003
13805272231,114.4094741,30.5347461
13805272232,114.4098457,30.5354336
13805272234,114.410911,30.5373691
13805272237,114.4093385,30.534431
13805272243,114.4119003,30.5391674
13805272244,114.412202,30.5393208
13805272246,114.4124164,30.5393737
13805272296,114.408396,30.5413952
13805272670,114.4018997,30.5324249
13805272767,114.4036529,30.5400292
13805272834,114.3981572,30.5401359
13807322966,114.4094619,30.543447
13807322972,114.4096171,30.5433355
13807322998,114.4091236,30.5434079
13807376207,114.4100207,30.543951
13807376209,114.4096591,30.5435584
13807376214,114.4086049,30.5419228
13807376499,114.414262,30.5414213
13807376514,114.4134358,30.5450297
13807376636,114.4147332,30.5380257
13807376870,114.4087699,30.5362376
13807377082,114.4082637,30.5378285
13807377093,114.4074911,30.5378371
13807377098,114.408735,30.5393772
13807852952,114.2860522,30.6518291
13807852954,114.2877259,30.6506166
13809515050,114.3463934,30.4760051
13809515051,114.3463891,30.4735146
13809579753,114.4100172,30.5377288
13809774097,114.4181167,30.5361523
13809774098,114.4180688,30.536246
13809774099,114.4181647,30.5360584
13819683186,114.2365556,30.6424431
13819683187,114.2362728,30.6428695
13819683188,114.2361985,30.6422674
13819742189,114.4115913,30.6051889
13819742191,114.4118213,30.604699
13819742605,114.4106529,30.6029357
13819742606,114.4106115,30.6029315
13819742609,114.409589,30.6059383
13819742610,114.4096277,30.6059475
13819742611,114.4110873,30.6062971
13819742613,114.4103972,30.6036893
13819742614,114.4104101,30.6036514
13819742615,114.4103713,30.6036412
13819742616,114.4117792,30.6040134
13819742617,114.4101266,30.6044833
13819742618,114.4101119,30.6045265
13819742619,114.4096135,30.6059891
13819742620,114.4106394,30.6029787
13819742630,114.4100732,30.6045165
13819742641,114.4116174,30.6051177
13819742643,114.4121302,30.6031153
13819742644,114.4127075,30.6015997
13819742661,114.4123024,30.6032621
13819742682,114.4124334,30.6026036
13821197924,114.5039749,30.5381251
13821197925,114.5068493,30.5355747
13821197926,114.5093,30.5330015
13821197949,114.4778743,30.5326591
13825926600,114.4142387,30.6036491
13828569162,114.311797,30.4961013
13828569170,114.2750447,30.4780465
13832184102,114.393877,30.6000305
13832195969,114.4003216,30.6105716
13832195975,114.4006732,30.6104005
13832195976,114.3999472,30.6102854
13832195983,114.4001994,30.6106561
13832195988,114.4003881,30.609831
13832196012,114.3995752,30.6192488
13832196013,114.3995672,30.620163
13832196016,114.4003754,30.610354
13832196017,114.4004233,30.6101412
13832197011,114.3910266,30.6086178
13832197018,114.3907721,30.6080207
13832197025,114.3901692,30.6084889
13832197027,114.3939481,30.5995517
13832197035,114.3934156,30.5996642
13832197037,114.3934582,30.5999124
13832197044,114.3936142,30.6003929
13832197052,114.3942481,30.600135
13832197053,114.3938593,30.5997879
13832197057,114.3942823,30.5998918
13832197062,114.3942239,30.5992609
13832197070,114.3940455,30.5992673
13832197077,114.3941676,30.5993452
13832197254,114.39066,30.6087795
13832197265,114.3937522,30.6003524
13832197306,114.3906556,30.6080631
13838040089,114.3399732,30.5469638
13838534331,114.4974308,30.4753862
13838534332,114.497641,30.4753787
13838534333,114.4974442,30.4754658
13838534338,114.4936241,30.4764913
13838534343,114.4974255,30.4764808
13838534344,114.4936242,30.476531
13838534349,114.4974263,30.4765219
13838534350,114.4976168,30.4764604
13838534360,114.5026504,30.4764412
13838534361,114.5047601,30.4764154
13838534362,114.5046916,30.4764195
13838534363,114.4976173,30.4765154
13838534373,114.5026502,30.4765032
13838534374,114.5047038,30.4764867
13838534375,114.4976274,30.4775407
13838534385,114.5026478,30.4775294
13838534388,114.4976271,30.4775052
13838534398,114.5026479,30.4774706
13838623724,114.5026579,30.4732929
13838623733,114.5047526,30.4752951
13838623734,114.5047481,30.4754389
13838623738,114.5042694,30.4785316
13838623743,114.4974686,30.4782685
13838623744,114.4976347,30.4782743
13838623752,114.5026454,30.4785301
13838623757,114.5149702,30.4784681
13838623758,114.5151364,30.4784623
13838623759,114.5109827,30.4784977
13838623760,114.5129118,30.4788905
13838623761,114.5129277,30.4784828
13838623764,114.5026578,30.4733494
13838623773,114.5046916,30.4752952
13838623774,114.5046849,30.475439
13838623780,114.5041903,30.4785325
13838623782,114.5047577,30.4764847
13838623792,114.4976347,30.4754592
13842080207,114.3343829,30.5529039
13842080212,114.3345207,30.5531854
13842080213,114.3347356,30.5529436
13842080218,114.3285296,30.5422764
13842080219,114.328207,30.5414731
13842080225,114.333881,30.5521283
13842080226,114.3338357,30.5518057
13842080227,114.3334153,30.5509906
13842080231,114.327672,30.5401837
13842080233,114.3297545,30.5439106
13842080234,114.3297796,30.5439617
13842080238,114.3296903,30.5444847
13842080245,114.3336927,30.5520888
13842080246,114.3337773,30.5525143
13842080400,114.3285745,30.5528332
13842080559,114.3216533,30.5533364
13842080570,114.3206578,30.5570134
13842080574,114.3214824,30.5571481
13842080582,114.3209152,30.5535115
13842080596,114.3248763,30.5518717
13842080597,114.3172642,30.5550221
13842080598,114.3171719,30.5550596
13842080624,114.3177127,30.5586822
13842080626,114.3180528,30.5566886
13842080627,114.3180443,30.5565902
13842080628,114.3173382,30.5551552
13842080630,114.3161027,30.5527197
13842080631,114.3160887,30.5526198
13842080643,114.3163705,30.551448
13842080647,114.3159866,30.5526355
13842080648,114.3160003,30.5527311
13842080669,114.3273624,30.5519544
13842080671,114.3274651,30.5520276
13842080673,114.3286282,30.5528905
13842080674,114.3296447,30.5548597
13842080675,114.329677,30.5549222
13842080676,114.3287288,30.5528542
13842080680,114.333151,30.5512776
13842080685,114.326397,30.5566917
13842080686,114.3234143,30.5562314
13842080688,114.3232385,30.5574309
13842080700,114.3229565,30.5567026
13842080703,114.3253509,30.5545261
13842080707,114.3253921,30.5541862
13842080709,114.3248943,30.554707
13842080719,114.3254937,30.5548481
13842080720,114.3251452,30.5542792
13842080721,114.3250873,30.5543395
13842080725,114.3223202,30.5572861
13842080729,114.3304129,30.548742
13842080762,114.33193,30.548909
13842080774,114.3251608,30.554429
13842080777,114.3264694,30.5560541
13842080779,114.3265146,30.5561288
13842080781,114.3261561,30.55786
13842080782,114.3261373,30.5579547
13842080810,114.3297645,30.5548887
13842080812,114.3325041,30.5538315
13842080816,114.3341677,30.5532778
13842080820,114.3328918,30.5507558
13842080821,114.3330498,30.5510773
13842080822,114.334057,30.5530707
13842080826,114.3256713,30.5598306
13842080882,114.3319013,30.5578769
13847623930,114.2858628,30.5168437
13847623931,114.2868736,30.5178962
13847623932,114.2827784,30.5139789
13847623933,114.2882228,30.521816
13847623934,114.2826643,30.5140651
13847623935,114.2857572,30.5169385
13847623936,114.2866905,30.5179474
13847623937,114.2881778,30.5221767
13850102052,114.2394128,30.6056419
13850102053,114.2395037,30.6056669
13850102054,114.2441936,30.6069363
13850102055,114.2486364,30.6094442
13850102080,114.2479249,30.6079693
13850113438,114.2485336,30.6064043
13850113476,114.2488938,30.6072671
13850113578,114.2333326,30.6283688
13850113584,114.2341427,30.6333678
13850113605,114.2331974,30.6281575
13850708851,114.3282407,30.5582896
13850708869,114.3307627,30.5582109
13850708884,114.3262458,30.5577704
13850708893,114.3261563,30.5582061
13850708901,114.326953,30.5580853
13850709348,114.3257623,30.5578956
13850709355,114.3260105,30.5585348
13853223658,114.3261761,30.5577597
13853223659,114.323078,30.5572986
13854687087,114.3344224,30.5626896
13854687092,114.3346687,30.562954
13854687093,114.3364077,30.5644786
13854703003,114.3364905,30.5637134
13854703006,114.3360343,30.5639364
13854703012,114.3355015,30.5638531
13854703014,114.3357949,30.5643129
13854703018,114.3357041,30.5640718
13854703019,114.3355962,30.5641052
13854703020,114.3351765,30.5642352
13854703021,114.3359684,30.5642897
13854703922,114.3282146,30.5584184
13860049503,114.3452385,30.5253082
13860049504,114.345199,30.5263654
13863463574,114.3159779,30.5720707
13863469859,114.3077461,30.5645229
13863469860,114.3077523,30.564448
13863469863,114.3107231,30.5635636
13863469872,114.3118036,30.5680122
13863469873,114.3118505,30.5678716
13863469874,114.3117577,30.5679413
13863469875,114.3116042,30.567223
13863469882,114.3118846,30.5679517
13863470027,114.3202449,30.5702784
13864495020,114.2535781,30.6105279
13866651238,114.3167902,30.5731115
13866696244,114.322693,30.5789586
13866696254,114.3237157,30.5782743
13866696255,114.3257475,30.5750356
13866696259,114.3257826,30.5749642
13866696260,114.3258276,30.574919
13866696308,114.3203469,30.5766059
13866696315,114.3184521,30.5749216
13866696319,114.3153319,30.5714293
13866696321,114.3141323,30.5704444
13866696324,114.318931,30.5757825
13866696325,114.3187545,30.575633
13866696768,114.3144212,30.570846
13866696851,114.3140141,30.5599506
13869090526,114.3303375,30.5763924
13869090677,114.3120244,30.5618542
13869090897,114.3116813,30.5635973
13869090898,114.3118083,30.563589
13869090899,114.3119557,30.5635709
13869090900,114.313739,30.5635835
13869090904,114.3115027,30.5636097
13869091171,114.312006,30.5630958
13869091172,114.3118236,30.562822
13869091175,114.3150905,30.5711612
13869091176,114.3150076,30.5709477
13869091190,114.3119691,30.5635237
13869091202,114.3120614,30.5600109
13869091203,114.3120602,30.5599742
13869091211,114.3113272,30.5682558
13869091217,114.3113358,30.5676192
13869091218,114.3114539,30.56735
13869091275,114.3115393,30.5612678
13869091276,114.3117069,30.5614827
13869091277,114.3115278,30.5617621
13869091278,114.3117053,30.5620023
13869091279,114.3115697,30.5599615
13869091280,114.3115023,30.5635513
13869394270,114.3086385,30.5705447
13869394280,114.3079488,30.5703248
13869407754,114.3086597,30.5684038
13869407755,114.3102984,30.5668569
13869828149,114.3120341,30.5613694
13869828150,114.3118468,30.5613717
13869828151,114.3120138,30.5623811
13869828152,114.3118307,30.5623798
13869828153,114.3118391,30.5618562
13872516352,114.3211969,30.5943231
13872516353,114.3211364,30.5942505
13874072471,114.3239845,30.592585
13874072472,114.3240678,30.5925308
13874080330,114.3247465,30.5895236
13874080340,114.3247403,30.5898116
13874080463,114.3258249,30.5913913
13874080472,114.326707,30.5917139
13874080473,114.3265336,30.591338
13874080481,114.3268218,30.5907513
13874080482,114.3265421,30.5907798
13874080491,114.3258466,30.5906294
13874080501,114.3253546,30.5915733
13874231263,114.3285077,30.5932232
13874231264,114.3283961,30.5932888
13874281031,114.3274467,30.5903457
13880247412,114.2898824,30.5056843
13880247422,114.2933241,30.5045121
13880247425,114.291492,30.5053656
13880247426,114.2920714,30.5062087
13883595219,114.2882886,30.5003922
13883595228,114.2856114,30.5023969
13889845751,114.4675671,30.5280518
13889845760,114.4964786,30.5306919
13892936570,114.2858669,30.5030105
13892936577,114.2883246,30.5053639
13894048700,114.2996684,30.5004687
13894048725,114.2996819,30.5003548
13894791508,114.3008576,30.4881156
13894791513,114.3008526,30.4905264
13894791655,114.3054298,30.489024
13894791679,114.3063303,30.4894368
13894791685,114.3073407,30.4896886
13894791687,114.3069601,30.4896217
13894791882,114.3084369,30.4965583
13894791902,114.3054729,30.4978503
13894791907,114.3050366,30.4941524
13894791908,114.3030291,30.4941641
13894791909,114.3071425,30.4946379
13894791970,114.3064162,30.4939241
13895047467,114.3049559,30.4944161
13895047468,114.3049008,30.496777
13895047478,114.3007603,30.4951593
13895047508,114.3049421,30.4979591
13895047626,114.2988217,30.4926779
13895047642,114.3009251,30.4949606
13895047658,114.3021231,30.4953108
13895047666,114.3021475,30.4894776
13898715887,114.3082563,30.5033708
13898715888,114.3088334,30.5033653
13898715901,114.3094267,30.4965631
13898715923,114.3081258,30.5033797
13898715924,114.3049669,30.5035165
13898715925,114.3032133,30.5036165
13898715926,114.3031126,30.5036204
13898715995,114.3082116,30.5049499
13898715996,114.3199142,30.5066
13898715997,114.3174075,30.5066392
13898715998,114.3146349,30.5066556
13898715999,114.312427,30.5066788
13898716000,114.3105016,30.506677
13898716001,114.3083834,30.5066696
13898716003,114.308262,30.5066696
13898716006,114.3052083,30.506711
13898716007,114.3035551,30.5068604
13898716010,114.3034448,30.5068784
13900212999,114.3296231,30.6038854
13900232607,114.3296839,30.6041873
13900232612,114.3290221,30.6034481
13900232619,114.3288974,30.6030752
13900232623,114.3277599,30.6020357
13900232631,114.3276446,30.6016766
13900232635,114.3319488,30.6065185
13900232642,114.3319833,30.6068075
13900232644,114.3314056,30.6061395
13900232653,114.3312423,30.6057236
13900232658,114.3333909,30.6081563
13900232666,114.3333832,30.6083662
13900234056,114.3383362,30.6134146
13903346737,114.3021892,30.5982901
13903347694,114.309779,30.6120634
13903347697,114.3089289,30.6119202
13903347698,114.309866,30.6120165
13903347716,114.3095279,30.6119458
13903347751,114.3092508,30.614087
13903347772,114.3098487,30.6110532
13903347784,114.3098143,30.6118317
13903347791,114.3103243,30.611599
13903347795,114.3100072,30.6119374
13903348076,114.2946154,30.5826895
13903348080,114.2945274,30.5827461
13903348109,114.2900433,30.5784914
13903348112,114.2890069,30.5765321
13903348185,114.2922777,30.5791375
13903348202,114.293848,30.5814304
13903348205,114.2925243,30.5799924
13903348212,114.29373,30.5814818
13908355769,114.3411315,30.6111457
13908355771,114.3427381,30.6098279
13908355773,114.3442702,30.6084792
13908355774,114.3443435,30.6084136
13908355776,114.3491218,30.6038709
13908355777,114.3489259,30.6040416
13908355782,114.3525992,30.6004386
13908355785,114.3567263,30.594005
13908355800,114.3384406,30.6133405
13921127211,114.3411403,30.566722
13921127230,114.3412065,30.5667827
13921127231,114.3433664,30.5653543
13924074570,114.3236017,30.5147087
13924074949,114.326752,30.5069918
13924074950,114.3265449,30.5070303
13924074951,114.326564,30.5071063
13924074952,114.3267711,30.5070678
13924075039,114.3218561,30.5065508
13924075645,114.3289268,30.5157112
13924075657,114.3287938,30.5151495
13924075687,114.3249931,30.511814
13924075695,114.3249151,30.5115999
13924075696,114.330515,30.5105159
13924075705,114.3305836,30.5107472
13924075710,114.3301941,30.5105938
13924075719,114.3304107,30.5107789
13924075721,114.3316904,30.5107455
13924075834,114.3300947,30.5055993
13924075835,114.3291296,30.5057841
13924075857,114.3242369,30.5058512
13924075858,114.3242997,30.5058324
13924075861,114.3245634,30.508769
13924075862,114.3243085,30.5062494
13924075897,114.33259,30.5102992
13924075911,114.3323636,30.5104272
13924075942,114.3224994,30.5090655
13924075963,114.3228064,30.5090298
13924075976,114.3199702,30.5120187
13924075977,114.3200552,30.5120217
13924075991,114.3321759,30.5101762
13924076067,114.3209878,30.5151519
13924076068,114.3208964,30.5151574
13924076069,114.3182156,30.5153396
13924076072,114.3154627,30.5153211
13924076073,114.3140451,30.5152783
13924076083,114.321509,30.5172855
13924076087,114.3208039,30.5146265
13924076089,114.3202591,30.5129295
13924076091,114.3200642,30.5121023
13924076095,114.3199888,30.5099372
13924076096,114.320029,30.5066884
13924076097,114.320029,30.5066
13924076098,114.320056,30.5050622
13924076099,114.3200857,30.5028643
13924076100,114.3200962,30.5007514
13924076105,114.3201001,30.4997006
13924076117,114.323583,30.5059497
13924076127,114.3380209,30.5015321
13924076132,114.336757,30.5020531
13924076133,114.33165,30.5035469
13924076134,114.3315624,30.5035715
13924076135,114.3288946,30.5043737
13924076136,114.3272905,30.5048428
13924076137,114.3261933,30.5051734
13924076138,114.3260884,30.5052012
13924076141,114.3220505,30.5064162
13924076148,114.3242947,30.5088152
13924076151,114.3449721,30.5060543
13924076161,114.3361271,30.5137054
13924076163,114.3360921,30.5134809
13924076166,114.3354461,30.509679
13924076168,114.3354047,30.5095979
13924076169,114.3341392,30.5079719
13924076172,114.3323708,30.5055955
13924076174,114.3320681,30.5048715
13924076203,114.326312,30.505235
13926351887,114.3968359,30.5174031
13926351892,114.3970323,30.5151104
13926375121,114.4153703,30.5176793
13926375124,114.4156685,30.5174403
13927681696,114.3229246,30.5144177
13927681992,114.3394055,30.5040792
13927914313,114.3145484,30.5066565
13927914314,114.314233,30.5112127
13927940926,114.3146647,30.5049993
13927940927,114.3145761,30.5062521
13927940928,114.3145438,30.5067227
13927940929,114.3144206,30.5085627
13927940930,114.3143024,30.5102755
13927940931,114.3141821,30.511899
13927940932,114.314179,30.5119812
13927940933,114.3140638,30.5138001
13927940936,114.3139631,30.5152747
13927940955,114.3139524,30.515377
13927940961,114.3134931,30.5168232
13927940964,114.3132167,30.5176352
13927940967,114.3131848,30.518456
13927940976,114.3135375,30.519739
13927940995,114.3145511,30.522664
13927941007,114.3132124,30.5186792
13927941013,114.3132542,30.5184485
13927941014,114.3131753,30.5182165
13927941027,114.3088593,30.5193833
13927941028,114.3087669,30.5193984
13927941038,114.3048108,30.5194346
13927941039,114.3047453,30.5194264
13927941040,114.3047281,30.5194597
13927941051,114.3027279,30.5233934
13927941077,114.3046157,30.5184243
13927941084,114.3040605,30.5153361
13927941085,114.3051186,30.5152817
13927941087,114.3086178,30.5151498
13927941111,114.3184946,30.5119774
13927941113,114.3171204,30.5119231
13927941114,114.316291,30.5119138
13927941115,114.3142823,30.5118966
13927941116,114.3134531,30.5119163
13927941117,114.3122054,30.5119036
13927941118,114.3105872,30.5119035
13927941120,114.3085851,30.5119116
13927941121,114.3085014,30.5119173
13927941126,114.3064736,30.512034
13927941130,114.3052043,30.5119521
13929913993,114.3395689,30.5143688
13929913994,114.3383941,30.5145589
13929913995,114.3381813,30.5145903
13929914013,114.3374744,30.5182724
13929914029,114.3364515,30.5147659
13929914032,114.336475,30.5150912
13929914039,114.3388625,30.5154511
13929914054,114.3342272,30.515231
13929914057,114.333658,30.5150721
13930197843,114.3395295,30.5129207
13930197844,114.3392542,30.5129031
13930197853,114.3354976,30.5219076
13930197863,114.336027,30.5250208
13930197876,114.3360787,30.5267164
13930197879,114.3382522,30.5317066
13930197881,114.3372549,30.5294231
13930197882,114.3372209,30.5293685
13930199101,114.3308038,30.5181871
13930199108,114.3310281,30.5175428
13930199131,114.3230465,30.5207603
13930199144,114.3304723,30.5178277
13930199165,114.3329706,30.5198545
13930199168,114.3305604,30.518
13930199173,114.3304039,30.5178802
13930199174,114.330155,30.5176927
13945487147,114.5026531,30.4753142
13945487148,114.5026528,30.4754448
13945512988,114.5374229,30.4700585
13945512989,114.5375313,30.4704801
13945512990,114.5372848,30.4700993
13945512991,114.537404,30.4705254
13945514220,114.4971063,30.4724801
13945514237,114.4972606,30.4729324
13984537279,114.1780091,30.5910365
13997613862,114.277854,30.4804924
13997613865,114.2779398,30.484267
14029903452,114.3160256,30.4717062
14029924662,114.3139659,30.4747963
14029924666,114.3200035,30.4759656
14029924679,114.32177,30.4746528
14029924682,114.3215721,30.4747676
14029924684,114.3209638,30.4747701
14029924685,114.3198332,30.4747762
14029924686,114.3197473,30.4747797
14029924687,114.3183216,30.4748072
14029924688,114.3166756,30.4748209
14029924689,114.3166157,30.4748196
14029924690,114.3136544,30.4747936
14029924691,114.3209658,30.474858
14029924692,114.3140692,30.4770672
14029924693,114.3140532,30.475991
14029924694,114.3139699,30.474848
14029924695,114.3137084,30.4759924
14029925009,114.31652,30.4743146
14029925015,114.3144749,30.4728856
14029925017,114.3161977,30.4726143
14029925042,114.316251,30.4726059
14029925043,114.316262,30.4729535
14029925054,114.3160145,30.4716483
14029925055,114.3158727,30.4708998
14029925056,114.3158898,30.4709899
14029925057,114.3166249,30.4748677
14029925092,114.308582,30.4721476
14029925100,114.3133398,30.4715298
14029925101,114.3140392,30.471381
14029925102,114.3159393,30.4709794
14029925103,114.3184623,30.470432
14029925104,114.318549,30.470413
14029925105,114.3184822,30.4704994
14032063463,114.3175707,30.475976
14032063464,114.3175602,30.47496
14032063504,114.3175817,30.4770285
14032063505,114.3167024,30.4759797
14032063506,114.3167093,30.4770381
14036811083,114.3115488,30.4804933
14036811101,114.3138592,30.4807753
14036811102,114.3138176,30.4807849
14040438983,114.1901325,30.5688176
14040438987,114.1885902,30.5693441
14050213874,114.2606637,30.5298889
14050213880,114.2607326,30.5302831
14050213882,114.2573326,30.5273938
14050213889,114.2574876,30.5272161
14050213971,114.2565344,30.5226498
14050213972,114.254314,30.524272
14050213973,114.2514265,30.5214729
14050213974,114.2515245,30.5214014
14050213975,114.2537627,30.5198019
14050213976,114.2513675,30.5213968
14050213977,114.2514628,30.5213265
14050213982,114.2573158,30.5234499
14050213985,114.2550909,30.5251152
14050213986,114.2548906,30.5252955
14050213987,114.2523861,30.5271232
14050213989,114.2530143,30.5230489
14050213990,114.2529066,30.5231339
14050213997,114.2507573,30.5254451
14050214005,114.2508584,30.5255491
14050214019,114.2536656,30.5197019
14050214032,114.2609766,30.5299496
14050214033,114.2608953,30.5300373
14050214034,114.2573641,30.5234993
14050214068,114.2576389,30.5276208
14050214070,114.2548909,30.5297136
14058678860,114.2963751,30.5445721
14058678865,114.2962068,30.5445179
14058678888,114.2961228,30.5389987
14058685616,114.2958743,30.5416086
14058685620,114.2959705,30.5391924
14058685640,114.2961273,30.5419047
14058685647,114.2959475,30.5419179
14058685659,114.2956089,30.5422393
14058685676,114.2955269,30.5423253
14058685683,114.296005,30.54267
14058685699,114.2965863,30.5422461
14058685704,114.2960034,30.5422398
14058685705,114.2960042,30.5423336
14058685706,114.2961149,30.5423355
14058685707,114.2961175,30.5422419
14058685708,114.2961171,30.5366692
14058685709,114.2961198,30.5367518
14058685711,114.2959753,30.5366715
14058685712,114.2959729,30.5367527
14058685715,114.2958735,30.5405875
14080105834,114.3057344,30.5067835
14080105840,114.3053365,30.5110594
14080105841,114.3037603,30.5094441
14080105844,114.3049271,30.5095052
14103922699,114.2991842,30.5241764
14103922906,114.2931885,30.5261789
14103922907,114.2933311,30.5262853
14103922910,114.2934522,30.5261926
14103922940,114.2933169,30.5260884
14124032107,114.280075,30.5881826
14124032111,114.2797483,30.5884109
14124032112,114.2735048,30.5916655
14124058732,114.294699,30.5344074
14124058736,114.2946847,30.5341055
14124058737,114.2938962,30.5343183
14124058738,114.2946746,30.5338915
14124058739,114.2938082,30.5341224
14161422439,114.3376259,30.4644067
14161656085,114.3202502,30.4946561
14161656087,114.3245704,30.493748
14161656284,114.3151273,30.4926227
14161656307,114.317819,30.4901818
14161656309,114.3162727,30.4901297
14161656311,114.31723,30.4902661
14161656328,114.3244911,30.4944566
14161656329,114.3245005,30.4943592
14161656334,114.3247061,30.492614
14161656336,114.3249227,30.4903018
14161656337,114.3249087,30.4900481
14161656338,114.3245968,30.4954008
14181729948,114.3057943,30.4903019
14181729949,114.3057893,30.490156
14181729956,114.3107648,30.4900793
14181729959,114.292848,30.4922956
14181729962,114.2875993,30.492204
14181729963,114.2873954,30.4922018
14181729965,114.2876024,30.492019
14181729966,114.2873994,30.4920167
14181729975,114.2785587,30.4942634
14181729976,114.278358,30.4944254
14181729977,114.2752257,30.496854
14181729978,114.2782475,30.4942647
14181729979,114.2784531,30.4940993
14181729983,114.2816407,30.4921461
14181729985,114.2818022,30.4921115
14181729989,114.268829,30.5015101
14181729990,114.2689551,30.5016033
14181729993,114.2763691,30.4957366
14208103774,114.2198685,30.6547134
14208119107,114.2167926,30.6523276
