u,v,key,gen_u,gen_v,impedance
267620065,8480471071,0,1148754930,11880563955,663.023
286073041,1215926948,0,4181217433,8358666767,351.28
286073586,1186770508,0,9208010658,12381917927,601.619
299847938,1882138571,0,4181217433,8198567118,276.031
299847951,8600114950,0,4523470682,8600114950,95.851
316974470,1230843906,0,2401177369,9487411581,146.859
316974470,642989728,0,2401177369,9487411581,74.243
316974478,642989629,0,9487411581,7160849932,735.601
317003611,1880421493,0,1880400488,1880396007,106.093
317123313,4864116777,0,2045952502,1459170126,248.652
317406902,1882149834,0,8198567118,4523470682,95.356
317751805,317751895,0,2045952502,3030038002,573.103
317752112,4864116802,0,1459170126,8197701278,408.629
317752112,1459170163,0,1459170126,8197701278,355.803
317756898,317756858,0,2401177369,13778138440,42.702
317756898,317756854,0,2401177369,13778138440,45.639
319230024,6106179353,0,3822225896,4050649085,889.383
319230024,1561300867,0,3822225896,4050649085,637.674
385057927,10677721664,0,299855747,4181217433,113.638
385057927,8194368772,0,299855747,4181217433,81.692
635971975,12919442688,0,2457603193,12463139050,3220.324
642989629,6871098177,0,7160849932,9487411581,88.795
642993879,4519170254,0,1459170126,1880400488,204.887
648969731,653438810,0,7157578628,7178880041,178.286
648969813,1926866423,0,8198567118,7178880041,281.117
648969815,1926866350,0,7178880041,8198567118,191.597
648969870,7178880008,0,7178880041,3367156838,9.805
648969870,4104000619,0,7178880041,3367156838,302.061
651691750,1233306989,0,7178880041,3044755215,326.336
651691788,8197663931,0,3044755215,1233322729,329.696
653438798,13863470027,0,8198567118,5325050705,444.728
653438798,1834257357,0,8198567118,5325050705,250.689
653438810,2293587299,0,7178880041,7157578628,399.062
653438810,648969731,0,7178880041,7157578628,178.286
656217818,1882149822,0,8198567118,4523470682,357.281
696952526,696952512,0,1212025358,4541277493,414.148
696981355,5758623083,0,7160849932,9487411581,982.578
696981355,5178930088,0,7160849932,9487411581,790.944
838320673,1814651127,0,11733956990,12463139050,866.12
838320720,1150821216,0,11733956990,12463139050,1163.196
838320724,4532811148,0,11733956990,12463139050,1261.165
895719436,3491030918,0,9487411581,3491030918,186.388
979935996,1199831232,0,11880563955,13369051339,542.267
979935998,1807209565,0,11880563955,13369051339,303.288
1084460426,3044755237,0,3584782896,3822225896,550.656
1124737707,1198416180,0,12381917927,1814651166,372.489
1140350477,8547857341,0,4742253048,1140523115,1672.652
1140540207,4534994864,0,2401390759,4742253048,8.584
1140540207,2401503915,0,2401390759,4742253048,655.561
1143293142,1194992457,0,12381917927,1814651166,373.323
1143293694,1194992457,0,12381917927,1814651166,207.658
1143293694,1260855563,0,12381917927,1814651166,365.27
1145134764,3875830518,0,9487411571,9933767027,21.262
1145134764,1145134716,0,9487411571,9933767027,50.345
1145360210,1140540207,0,4742253048,2401390759,26.909
1146762345,13842080821,0,3541539575,13369051339,688.112
1146763189,4516243337,0,3541539575,13369051339,572.664
1146771949,1159496450,0,1290395232,11880563955,610.236
1148735635,1290380989,0,11880563955,1290395232,605.481
1148735639,1486517235,0,1290395232,1148754930,383.657
1148772901,1148772875,0,11880563955,1148754930,38.226
1148772901,1148772893,0,11880563955,1148754930,10.711
1148784425,3523329189,0,2401390759,4742253048,283.463
1148953421,1148953466,0,9933767027,9487411571,414.162
1148953421,300800971,0,9933767027,9487411571,295.673
1148956338,3966495425,0,9487411571,9933767027,265.587
1148956338,1148956332,0,9487411571,9933767027,408.492
1149012796,1149012832,0,9487411571,7295164908,1122.023
1149116855,14181729976,0,10080986063,9933767027,747.555
1149116962,8194866806,0,10080986063,9933767027,899.309
1149116976,10302514537,0,10080986063,2482884829,346.073
1150257045,1734808364,0,13778138440,2482884829,357.815
1150257063,1150257071,0,13369051339,3541539575,855.672
1150257080,12157829711,0,13369051339,3541539575,42.983
1150580614,1462111117,0,3030038002,7614809187,439.868
1150580614,1150947999,0,3030038002,2045952502,345.444
1150580615,1201667003,0,3030038002,8197701278,754.274
1150589801,642989740,0,7160849932,9487411581,122.458
1150589813,7159564909,0,13747437765,9487411581,204.176
1150600145,1150922273,0,1459170126,9487411581,2045.405
1150600152,12969485116,0,1459170126,6868989296,353.014
1150600501,5826204183,0,1459170126,6868989296,340.554
1150606478,10736776223,0,9487411581,7160849932,807.869
1150752129,6220274469,0,1290395232,1150768887,984.047
1150768894,6221241023,0,1290395232,1150768887,858.698
1150821216,838320720,0,12463139050,11733956990,1163.196
1150841564,1201319397,0,1814651166,12381917927,150.375
1150899579,4517323595,0,1880400488,13747437765,12.244
1150899587,6324562169,0,1880400488,13747437765,1052.053
1150899722,1150899579,0,9487411581,1880400488,1391.833
1150899741,3762099174,0,13747437765,9487411581,240.467
1150947944,4534666335,0,3030038002,8197771709,573.886
1150947984,8197771629,0,3030038002,8197771709,174.527
1150947984,8197771622,0,3030038002,8197771709,231.565
1150947999,1150580614,0,2045952502,3030038002,345.444
1150948074,4534666335,0,7295164908,8197771709,480.075
1150948084,9497638844,0,2045952502,7614809187,594.629
1159482855,1159482853,0,1290395232,11880563955,69.128
1159482953,1907856822,0,1148754930,11880563955,46.694
1159482953,11873553668,0,1148754930,11880563955,79.235
1159496450,1146780001,0,11880563955,1290395232,240.688
1180187256,1272848066,0,11880563955,1290395232,62.935
1180187256,4539343775,0,11880563955,1290395232,41.511
1186631543,1880480136,0,1880400488,8198567118,138.968
1186770508,286073586,0,12381917927,9208010658,601.619
1186770558,1186784651,0,9208010658,12381917927,96.879
1186770566,1186770558,0,12381917927,9208010658,95.177
1192679526,1201613542,0,4050649085,3822225896,566.923
1192679526,1201613944,0,4050649085,3822225896,1285.404
1192679809,7235357736,0,1233322729,11250185933,761.621
1192679809,7235357725,0,1233322729,11250185933,1051.613
1192679975,3486619656,0,3822225896,12841249641,624.546
1192679975,1192680240,0,3822225896,12841249641,1285.13
1192679985,1192679822,0,12463139050,9208010658,575.373
1192680562,1192680320,0,9208010658,2457603193,6602.109
1192680562,13945514220,0,9208010658,12463139050,753.988
1194085250,1194085209,0,1880400488,9487411581,130.269
1194085250,1230844080,0,1880400488,9487411581,109.582
1194178830,1930527256,0,7295164908,9487411571,347.276
1194178830,1194179190,0,7295164908,9487411571,248.311
1194178929,6868869299,0,9487411581,1459170126,110.656
1194178929,6868869358,0,9487411581,1459170126,703.439
1194992457,1143293694,0,1814651166,12381917927,207.658
1194992457,1143293142,0,1814651166,12381917927,373.323
1195135563,1217609013,0,1212025348,4541277493,417.787
1196689510,12802032596,0,1290395232,11880563955,1390.252
1196689538,12802032521,0,11880563955,1290395232,1002.563
1196701888,13246423601,0,13369051339,11880563955,579.848
1196701912,12848608570,0,13369051339,1290395232,1110.101
1196701915,1199831201,0,11880563955,13369051339,113.823
1197877667,838313533,0,3541539575,11880563955,194.128
1197877668,3541539575,0,11880563955,3541539575,302.353
1197877668,3541539575,1,11880563955,3541539575,547.196
1198286930,9341257264,0,12381917927,9208010658,1457.952
1198416180,1124737707,0,1814651166,12381917927,372.489
1198416197,4807102324,0,12381917927,1814651166,411.952
1199764915,1370793167,0,11880563955,13369051339,2827.619
1199766388,1199771758,0,8358666767,11880563955,996.024
1199766388,1199764889,0,8358666767,13369051339,193.151
1199771756,1627803479,0,11880563955,1148754930,1526.506
1199771771,1199771744,0,1148754930,11880563955,123.025
1199771771,1199764912,0,1148754930,11880563955,716.248
1199831201,1196701915,0,13369051339,11880563955,113.823
1199831232,979935996,0,13369051339,11880563955,542.267
1199840461,1199840474,0,11880563955,1290395232,404.797
1199840469,1204185595,0,1290395232,11880563955,78.116
1199840474,1199840461,0,1290395232,11880563955,404.797
1199840502,3123587154,0,11880563955,1290395232,404.366
1199840512,12802547749,0,11880563955,1290395232,649.501
1201319397,1150841564,0,12381917927,1814651166,150.375
1201613329,12161544868,0,3044755215,1233322729,50.14
1201613376,1201613798,0,11250185933,1233322729,396.671
1201613481,1201613492,0,1233322729,11250185933,327.824
1201613510,1201613827,0,11250185933,3044755215,904.989
1201667003,1150580615,0,8197701278,3030038002,754.274
1204185471,2124844327,0,1290395232,11880563955,459.912
1204185595,1199840469,0,11880563955,1290395232,78.116
1205415464,4197064159,0,7227625036,4181217433,365.373
1205415464,9834371137,0,7227625036,1215926967,849.142
1205476710,1290381006,0,11880563955,1290395232,336.475
1205476710,11795250768,0,11880563955,1290395232,668.395
1210058560,1199792114,0,1290395232,11880563955,978.085
1212025349,1212025359,0,1212025348,1212025358,266.442
1212025349,4541277779,0,1212025348,1212025358,815.83
1212025351,1211889431,0,1212025358,1212025348,275.369
1212025354,1212025359,0,1212025348,1212025358,859.406
1212025359,1212025349,0,1212025358,1212025348,266.442
1212025359,1212025354,0,1212025358,1212025348,859.406
1212025381,4541277614,0,1212025358,1212025348,317.302
1212025384,1192679951,0,1212025383,1212025358,98.922
1215717600,3799206016,0,11880563955,13778138440,551.393
1215717616,2398925151,0,11880563955,13778138440,373.957
1215728170,1215728219,0,2401122715,2401177369,254.312
1215728170,1215729803,0,2401122715,2401177369,322.755
1215728219,1215728170,0,2401177369,2401122715,254.312
1215728219,1218865146,0,2401177369,2401122715,206.407
1215728302,1218840236,0,2401122715,2401177369,544.738
1215729803,1215728170,0,2401177369,2401122715,322.755
1215729830,1215730772,0,9487411581,13778138440,1536.87
1215729830,14058678865,0,9487411581,2401177369,331.45
1215730771,317006206,0,3541539575,2401177369,1551.679
1215926921,8209518239,0,8358666767,4181217433,195.014
1217544792,8194368851,0,1212025358,1212025348,273.593
1217544793,3756850074,0,1212025358,1212025348,272.9
1217544794,3756850075,0,1212025358,1212025348,272.406
1217604754,1217604759,0,1212025358,1212025383,462.078
1217604759,1217604754,0,1212025383,1212025358,462.078
1217604818,3044755253,0,1212025383,1212025358,510.418
1217609010,4541277614,0,4541277493,1212025348,631.68
1218840150,1215728305,0,2401177369,2401122715,219.62
1218840236,1215728302,0,2401177369,2401122715,544.738
1218840292,1218839853,0,2401122715,2401177369,428.201
1218865111,1218865131,0,2401122715,2401177369,264.528
1218865126,11389753397,0,3541539575,2401122715,714.59
1218865131,1218865111,0,2401177369,2401122715,264.528
1218865131,12163444139,0,2401177369,2401122715,274.565
1218865144,2139758149,0,2401122715,3541539575,479.693
1218865146,1215728219,0,2401122715,2401177369,206.407
1218865146,7782310154,0,2401122715,2401177369,376.905
1218886556,1218886948,0,3541539575,2401122715,419.285
1218886677,10312684727,0,3541539575,2401122715,455.659
1218886815,12163492916,0,2401122715,3541539575,250.733
1218886842,4516243542,0,2401122715,3541539575,37.358
1218886842,4516243336,0,2401122715,3541539575,61.813
1218886948,1218886556,0,2401122715,3541539575,419.285
1220521008,10303877459,0,2482884829,2401177369,582.322
1220521134,1220521419,0,13778138440,2482884829,132.21
1220521419,1220521134,0,2482884829,13778138440,132.21
1224846294,1224846338,0,11880563955,3541539575,237.46
1224846294,12473644511,0,11880563955,13369051339,228.837
1224846338,1406781339,0,3541539575,13369051339,196.522
1224846338,12473644511,0,3541539575,13369051339,621.918
1224846343,1224846323,0,3541539575,11880563955,88.587
1224846343,1272837647,0,3541539575,11880563955,105.115
1227776072,2477288483,0,9208010658,2457601089,821.191
1227798813,2477288665,0,9208010658,2457601089,1662.924
1227799090,2401147066,0,9208010658,2457603193,345.785
1230843661,1230844228,0,7157578628,1880400488,203.668
1230843831,1230844601,0,8198567118,1880400488,710.381
1230843987,1150600501,0,9487411581,1459170126,2045.152
1230844023,1882271321,0,1880400488,8198567118,126.201
1230844057,11876524987,0,9487411581,1880400488,1429.526
1230844057,1230843843,0,9487411581,1880400488,254.269
1230844115,1230843720,0,6868989296,1880400488,56.621
1230844115,1230843757,0,6868989296,1880400488,85.666
1230844538,1230843658,0,4523470682,8198567118,1291.941
1233306602,1233306625,0,3044755215,7178880041,287.211
1233306625,1233306745,0,7178880041,3044755215,235.317
1233306625,1233306602,0,7178880041,3044755215,287.211
1233306724,1233306818,0,3044755215,7178880041,166.205
1233306745,1233306625,0,3044755215,7178880041,235.317
1233306780,1233306803,0,7178880041,3044755215,414.502
1233306989,651691750,0,3044755215,7178880041,326.336
1233307114,11029509102,0,3044755215,7178880041,594.284
1233322958,1233322845,0,1233322729,3044755215,101.24
1233322958,8197663987,0,1233322729,3044755215,55.185
1233591090,1233591059,0,2457601089,2457603193,440.216
1233591090,1233591468,0,2457601089,2457603193,969.513
1233591148,1233591139,0,2457601089,2457603193,731.748
1252153292,2398972186,0,1290395232,1150768887,642.473
1252153326,1252203014,0,1290395232,1150768887,155.173
1252203014,1252153326,0,1150768887,1290395232,155.173
1252215062,299855721,0,4523470682,299855747,419.57
1252221363,1252153341,0,1290395232,1814651166,233.001
1260855422,1260855499,0,1814651166,12381917927,65.741
1260855499,1260855563,0,12381917927,1814651166,79.843
1260855499,1260855422,0,12381917927,1814651166,65.741
1260855563,1260855499,0,1814651166,12381917927,79.843
1260855563,1143293694,0,1814651166,12381917927,365.27
1282420001,1282419904,0,1814651166,1290395232,918.382
1282469915,13688690474,0,1290395232,1814651166,78.326
1282469919,1282420048,0,1290395232,1814651166,76.585
1290380989,1148735635,0,1290395232,11880563955,605.481
1290381006,1205476710,0,1290395232,11880563955,336.475
1290413712,11795227496,0,1290395232,11880563955,176.16
1290413712,11795227497,0,1290395232,11880563955,304.198
1358787402,1371798842,0,1290395232,13369051339,1303.075
1363228259,3578501283,0,7157578628,3367156838,267.678
1363228259,1455682792,0,7157578628,3367156838,516.961
1370793002,2401101780,0,13369051339,8358666767,895.68
1370793118,1370793209,0,13369051339,8358666767,54.038
1370793118,1370819266,0,13369051339,8358666767,40.39
1371798842,1358787402,0,13369051339,1290395232,1303.075
1406772764,1406772738,0,3541539575,11880563955,90.28
1406772766,12162675625,0,3541539575,11880563955,453.401
1406772789,1330929815,0,11880563955,3541539575,118.267
1406772789,4539344363,0,11880563955,3541539575,61.862
1406781278,13692380592,0,13369051339,3541539575,353.399
1406781285,11125103447,0,13369051339,11880563955,32.533
1406781285,1224846340,0,13369051339,11880563955,42.562
1406781301,1406781304,0,13369051339,3541539575,198.834
1408364582,13530610589,0,13369051339,3541539575,1033.478
1408364586,1408364619,0,13369051339,3541539575,289.692
1408364619,1408364586,0,3541539575,13369051339,289.692
1408367568,13692380591,0,13369051339,3541539575,450.71
1408367590,13692380591,0,13369051339,3541539575,565.871
1419797133,6480234629,0,1880396007,1880400488,574.217
1445954811,3382183168,0,3367156838,7178880041,37.392
1445954811,1445955083,0,3367156838,7178880041,346.703
1445954923,3382183115,0,3367156838,8600114950,476.801
1445954967,299855779,0,3367156838,7178880041,631.112
1446238253,4516243486,0,1215926967,8358666767,13.584
1446238253,4741652450,0,1215926967,8358666767,17.186
1455682669,4104009764,0,3367156838,7157578628,376.888
1455682768,3822227972,0,3367156838,7157578628,80.732
1455682768,1455682708,0,3367156838,7157578628,110.093
1455682792,1363228259,0,3367156838,7157578628,516.961
1459170113,8967690589,0,8197701278,1459170126,595.246
1459170163,2418582928,0,8197701278,1459170126,260.145
1459170196,1459170199,0,3030038002,1459170126,461.044
1459170199,1459170196,0,1459170126,3030038002,461.044
1459181732,7159564908,0,13747437765,9487411581,330.409
1459181734,2418671357,0,9487411581,13747437765,422.221
1459555678,7160849915,0,9487411571,7160849932,288.65
1460229271,1460229246,0,3734092008,3044755109,47.47
1460229271,2383219281,0,3734092008,3044755109,49.929
1460229440,3734096431,0,4540338550,3044755109,100.398
1460737023,1880504367,0,1880396007,8198567118,8.728
1462111112,1462111126,0,7614809187,3030038002,573.325
1462111117,1150580614,0,7614809187,3030038002,439.868
1462111126,1462111112,0,3030038002,7614809187,573.325
1477535177,1477535212,0,2457603193,2457601089,601.71
1486517235,1148735639,0,1148754930,1290395232,383.657
1486517235,2398938509,0,1148754930,1290395232,666.347
1501482132,3488384205,0,10080986063,3491030918,207.097
1540325204,3732361543,0,4050649085,3822225896,496.695
1540325268,1540325333,0,7157578628,3367156838,387.634
1540325301,4103995019,0,3367156838,7157578628,507.746
1540325311,1540325326,0,4050649085,3822225896,317.728
1540325311,3270664780,0,4050649085,3822225896,525.444
1540325326,1540325311,0,3822225896,4050649085,317.728
1540325326,3732361115,0,3822225896,12247625066,430.563
1540325333,1540325268,0,3367156838,7157578628,387.634
1540326760,1540326802,0,3822225896,4050649085,383.332
1540326763,4523487709,0,1233322729,7178880041,336.905
1540326781,4523487472,0,7178880041,1233322729,289.188
1540326790,3044755172,0,3822225896,4050649085,525.473
1540326798,5941524176,0,3822225896,12841249641,410.129
1540326802,1540326760,0,4050649085,3822225896,383.332
1570591800,3597602312,0,4541277493,1212025358,845.974
1589270056,8194884996,0,9933767027,9487411571,476.708
1589270056,1589270096,0,9933767027,9487411571,265.378
1589270243,4835990279,0,7295164908,9487411571,94.358
1589270243,1589270268,0,7295164908,9487411571,125.143
1627803501,3488417924,0,4742253048,1290395232,123.346
1627803501,3799178051,0,4742253048,1290395232,278.103
1669802006,8207331792,0,7614809187,2045952502,185.267
1705316758,6861387084,0,8600114950,3367156838,1100.535
1705316758,7390688862,0,8600114950,3367156838,585.244
1706129822,4524691330,0,3501002866,4541277493,1073.467
1706129824,3578501627,0,3367156838,12247625066,584.669
1706129931,3382183170,0,7178880041,8600114950,946.306
1706129931,3382183153,0,7178880041,8600114950,634.427
1706129933,13202875911,0,4523470682,1233322729,799.49
1706129933,4539353923,0,4523470682,3501002866,415.78
1706129933,11628608192,0,4523470682,1233322729,1738.43
1706129995,2401101782,0,7227625036,8358666767,1423.851
1706612169,6314844910,0,1233322729,3044755215,1148.49
1706612174,6314844899,0,8600114950,3044755215,411.508
1706612176,3382183116,0,3044755215,3367156838,785.244
1717910733,4534995164,0,9208010658,12463139050,52.013
1717910733,1722778819,0,9208010658,12463139050,95.163
1717910785,1717910782,0,2457603193,9208010658,84.648
1717910803,1717910813,0,2457603193,9208010658,87.682
1717910901,11861349636,0,9208010658,2457603193,354.54
1722778519,1722778726,0,2457603193,12463139050,82.287
1722778519,4534994866,0,2457603193,12463139050,36.403
1722778538,13838623743,0,12463139050,2457603193,574.831
1722778633,1722778943,0,12463139050,2457603193,459.772
1722778726,10844038345,0,12463139050,2457603193,612.972
1722779345,2419544981,0,12463139050,9208010658,1093.239
1722779716,7618118625,0,2457603193,12463139050,998.851
1734799428,2401209654,0,2482884829,13778138440,280.163
1734799520,2401209378,0,2401390759,11880563955,202.838
1734799533,2401209646,0,2482884829,13778138440,196.037
1734799643,2401209606,0,11880563955,2482884829,270.884
1734799787,11385061850,0,11880563955,2482884829,180.018
1734799787,2401209606,0,11880563955,2482884829,176.708
1807209562,1807209529,0,1814651166,1290395232,635.862
1807209565,979935998,0,13369051339,11880563955,303.288
1807231833,1280132328,0,1814651166,1290395232,92.122
1814651127,838320673,0,12463139050,11733956990,866.12
1827210269,6221318599,0,1148754930,11880563955,1022.974
1834257366,8906573151,0,8358666767,5325050705,273.759
1834257366,10310123745,0,8358666767,5325050705,245.407
1837322207,13866696768,0,8198567118,5325050705,497.059
1839449479,4541278501,0,1212025348,7227625036,21.96
1839449479,7227374523,0,1212025348,7227625036,383.34
1862951296,1862951464,0,7227625036,1212025348,260.221
1865266535,4054718419,0,2457603193,12463139050,48.548
1865266535,4054718416,0,2457603193,12463139050,64.146
1865266579,1174975371,0,9208010658,12463139050,503.571
1865266649,1865266749,0,9208010658,12463139050,102.658
1865266649,4846958920,0,9208010658,12463139050,267.785
1865266754,1865266564,0,12463139050,9208010658,670.23
1865266755,1145226098,0,12463139050,9208010658,747.92
1865266755,1865266590,0,12463139050,9208010658,742.517
1865266774,1865266636,0,9208010658,12463139050,417.731
1876183739,4524691477,0,4181217433,4541277493,656.643
1876183739,4524689873,0,4181217433,4541277493,235.487
1877156757,1877156797,0,1880396007,1880400488,163.475
1877156872,1877156819,0,13747437765,1880396007,344.458
1877156872,1877156809,0,13747437765,1880400488,539.051
1877165238,1877165240,0,1880396007,1880400488,283.562
1877165240,1877165238,0,1880400488,1880396007,283.562
1877165240,1877168009,0,1880400488,1880396007,295.034
1877168009,6480234629,0,1880396007,1880400488,160.785
1877184747,1877156874,0,1880400488,1880396007,169.345
1880327551,11088633748,0,6868989296,1459170126,369.464
1880327572,1884983695,0,1880400488,6868989296,271.374
1880387814,1880396017,0,1880396007,1880400488,199.071
1880395949,1880395969,0,1880400488,1880396007,205.462
1880395961,1880396005,0,1880400488,1880396007,213.37
1880395976,1880396016,0,1880396007,1880400488,264.831
1880395996,1880396017,0,1880396007,1880400488,210.555
1880396005,1880395961,0,1880396007,1880400488,213.37
1880396008,1880421453,0,1880400488,1880396007,133.595
1880396016,1880395976,0,1880400488,1880396007,264.831
1880396017,1880395996,0,1880400488,1880396007,210.555
1880396021,1880387815,0,1880400488,1880396007,199.509
1880396029,1880395959,0,1880396007,1880400488,196.002
1880421453,1880396008,0,1880396007,1880400488,133.595
1880455525,1880455444,0,1880396007,1880400488,333.126
1880480113,1880480117,0,8198567118,1880396007,233.66
1880480113,1880480130,0,8198567118,1880396007,204.771
1880480114,1880480130,0,8198567118,1880396007,165.139
1880480114,1880477810,0,8198567118,1880396007,177.973
1880480117,1880480113,0,1880396007,8198567118,233.66
1880480130,1880480119,0,1880396007,8198567118,122.981
1880480130,1880480114,0,1880396007,8198567118,165.139
1880480130,1880480113,0,1880396007,8198567118,204.771
1880480139,1186631537,0,8198567118,1880400488,276.609
1880483301,11303773594,0,1880396007,8198567118,128.336
1880483301,11303773610,0,1880396007,8198567118,151.959
1880506150,1880509263,0,1880396007,8198567118,261.158
1880506158,1207481161,0,1880396007,8198567118,512.333
1880506161,1880506160,0,1880396007,8198567118,124.101
1880506161,1880527301,0,1880396007,8198567118,230.094
1880509263,1880506150,0,8198567118,1880396007,261.158
1880510918,5875253740,0,8198567118,1880396007,125.886
1880527291,1880527325,0,1880396007,8198567118,17.188
1880527291,1880527319,0,1880396007,8198567118,117.421
1882071489,1882145004,0,8198567118,4523470682,467.067
1882077235,656217817,0,4523470682,8198567118,16.32
1882077235,1882095063,0,4523470682,8198567118,213.781
1882077240,1882077235,0,8198567118,4523470682,457.046
1882095044,1230844416,0,4523470682,8198567118,58.847
1882095060,1882095053,0,4523470682,8198567118,10.409
1882138546,299855747,0,7178880041,299855747,73.986
1882138574,1882138508,0,4523470682,299855747,224.459
1882138597,299855760,0,8198567118,299855747,266.776
1882138612,1882138673,0,4181217433,4523470682,268.553
1882138648,5300641317,0,7178880041,4523470682,127.829
1882138648,1882138596,0,7178880041,4523470682,86.847
1882145004,656217818,0,4523470682,8198567118,19.477
1882149834,1882165523,0,4523470682,8198567118,138.494
1882149840,1882165538,0,4523470682,8198567118,252.065
1882165523,1882149834,0,8198567118,4523470682,138.494
1882165528,1882165538,0,4523470682,8198567118,127.645
1882165528,1882165536,0,4523470682,8198567118,104.099
1882165536,1882165528,0,8198567118,4523470682,104.099
1882165538,1882165528,0,8198567118,4523470682,127.645
1882315364,1230843685,0,8198567118,1880400488,52.706
1882315364,1882315361,0,8198567118,1880400488,71.069
1882421165,1882421187,0,1880400488,7157578628,235.977
1882440894,1882413376,0,7157578628,1880400488,176.405
1884975510,642993896,0,1880400488,1459170126,211.241
1884975510,11088633765,0,1880400488,6868989296,332.261
1884979283,1884979303,0,1880400488,6868989296,20.3
1884979283,1884979300,0,1880400488,6868989296,44.721
1884979285,4516217255,0,6868989296,1880400488,650.909
1884979297,1885021157,0,6868989296,1880400488,260.491
1884981393,1884983682,0,6868989296,1880400488,569.38
1884983682,1884981393,0,1880400488,6868989296,569.38
1884983682,1884983694,0,1880400488,6868989296,324.443
1884983683,1884983696,0,6868989296,1880400488,473.816
1884983694,1884983682,0,6868989296,1880400488,324.443
1884983695,1880327572,0,6868989296,1880400488,271.374
1884983695,1884998931,0,6868989296,1880400488,232.305
1884983696,1884983683,0,1880400488,6868989296,473.816
1884985369,1884985370,0,6868989296,1880400488,269.227
1884985370,1884985369,0,1880400488,6868989296,269.227
1884998931,1884983695,0,1880400488,6868989296,232.305
1885021158,1884979297,0,1880400488,6868989296,229.363
1885026709,1885026716,0,6868989296,1880400488,610.733
1885026713,1885026726,0,1880400488,6868989296,280.978
1885026713,1885026728,0,1880400488,6868989296,126.581
1885026716,1885026726,0,1880400488,6868989296,1090.459
1885026716,1885026709,0,1880400488,6868989296,610.733
1885026725,642993863,0,6868989296,1459170126,59.019
1885026726,1885026713,0,6868989296,1880400488,280.978
1885026726,1885026716,0,6868989296,1880400488,1090.459
1885026728,1885026713,0,6868989296,1880400488,126.581
1885048823,4519170276,0,1880400488,6868989296,56.558
1885048823,1885061311,0,1880400488,6868989296,117.433
1885061302,5947609952,0,7157578628,1880400488,76.341
1885061302,1885061324,0,7157578628,1880400488,115.925
1885061324,1885061277,0,1880400488,6868989296,71.277
1885063418,1886663555,0,7157578628,6868989296,420.186
1885074430,8130425937,0,7157578628,1887828574,237.577
1885074583,1885074561,0,6868989296,7157578628,85.67
1885074583,1885074667,0,6868989296,7157578628,54.506
1885074591,6480253662,0,1880400488,7157578628,57.827
1885074591,1885074506,0,1880400488,7157578628,88.031
1885077254,13415965133,0,1880400488,7157578628,945.426
1886635180,12149866841,0,1880400488,8198567118,220.972
1886641269,1884975510,0,6868989296,1880400488,88.925
1886663555,1885063418,0,6868989296,7157578628,420.186
1886727448,11465867886,0,6868989296,1887828574,348.005
1886777643,1886777686,0,6868989296,3030038002,51.331
1886777643,7218151621,0,6868989296,3030038002,27.671
1886777686,9631280040,0,3030038002,5343198036,605.605
1886777802,1886777892,0,5343198036,3030038002,63.908
1886777802,7218151621,0,5343198036,3030038002,46.871
1886777826,1886777918,0,6868989296,3030038002,118.364
1886777826,1886808405,0,6868989296,3030038002,71.656
1886777957,9794559212,0,3030038002,6868989296,434.8
1886803757,1886803837,0,3030038002,5343198036,472.081
1886803774,1886803858,0,5343198036,3030038002,463.855
1886803793,1886641177,0,5343198036,6868989296,2577.159
1886808410,1886808407,0,5343198036,3030038002,79.902
1886808410,7218151437,0,5343198036,3030038002,46.95
1886808419,11878347569,0,3030038002,5343198036,32.426
1886808419,1886816090,0,3030038002,5343198036,45.349
1886828482,1886831786,0,5343198036,3030038002,722.735
1886831760,1886831798,0,3030038002,5343198036,723.066
1886831786,1886828482,0,3030038002,5343198036,722.735
1886831798,1886831760,0,5343198036,3030038002,723.066
1886840630,1886840646,0,3030038002,6868989296,1376.332
1886840634,1886803774,0,6868989296,5343198036,333.987
1886840646,1886840630,0,6868989296,3030038002,1376.332
1886883617,1886883669,0,3030038002,6868989296,86.321
1886883617,1886645393,0,3030038002,6868989296,61.292
1886887076,1886777976,0,12247625066,3030038002,1530.346
1886887082,1887815738,0,6868989296,11775535391,41.993
1886887085,6480253681,0,12247625066,6868989296,65.948
1886887085,1886887097,0,12247625066,6868989296,89.62
1886887104,1886887082,0,1887828574,6868989296,93.483
1886887104,6480253682,0,1887828574,6868989296,63.614
1887801483,2418582978,0,5343198036,3044755109,293.154
1887801501,1887801490,0,3044755109,5343198036,94.116
1887801501,1886820898,0,3044755109,5343198036,69.274
1887802723,3578501648,0,11775535391,12247625066,349.494
1887828536,3044755094,0,1887828574,12247625066,199.582
1887828568,1887828541,0,7157578628,1887828574,145.217
1887828568,1887828555,0,7157578628,1887828574,99.452
1887828613,1887891841,0,1887828574,12247625066,61.812
1887830148,4741713789,0,1887828574,7157578628,373.341
1887830230,1887830257,0,7157578628,1887828574,33.762
1887830230,1887830264,0,7157578628,1887828574,48.036
1887886071,3824033004,0,1887828574,7157578628,95.771
1887886077,1887886198,0,1887828574,7157578628,49.589
1887886077,13300645744,0,1887828574,7157578628,521.767
1887886153,1887886090,0,1880400488,7157578628,787.852
1887886156,3822581402,0,1880400488,7157578628,64.494
1887886156,1882421193,0,1880400488,7157578628,105.521
1887886168,1882421205,0,1880400488,7157578628,447.91
1887891619,4519229672,0,1887828574,12247625066,200.23
1887891642,1887828613,0,12247625066,1887828574,61.621
1887891678,4539426485,0,1887828574,12247625066,34.027
1887905980,11775535371,0,3030038002,11775535391,1374.444
1891150037,3822581404,0,7157578628,1880400488,46.772
1891150037,3822581405,0,7157578628,1880400488,68.747
1891150133,3822581416,0,7178880041,1880400488,615.826
1891150206,7157578632,0,1880400488,7178880041,37.811
1891150206,1891154866,0,1880400488,7178880041,59.816
1891154882,1891195560,0,8198567118,7178880041,566.535
1891195560,1891154882,0,7178880041,8198567118,566.535
1891195560,1891195569,0,7178880041,1880400488,459.268
1891195569,1891195560,0,1880400488,7178880041,459.268
1892532853,4835990291,0,9487411571,7295164908,1288.191
1926866350,648969815,0,8198567118,7178880041,191.597
1926866385,1926866376,0,7178880041,8198567118,79.737
1926866429,2393234866,0,7178880041,3367156838,863.349
1926866443,8299158002,0,8198567118,7178880041,383.186
1926866443,7150417194,0,8198567118,7178880041,734.153
1926866535,1926866410,0,7178880041,8198567118,419.647
1926866535,1926866441,0,7178880041,8198567118,328.265
1930527256,1149012819,0,9487411571,7295164908,211.769
1973301982,10150955771,0,4523470682,7178880041,309.614
1992854998,4742678832,0,13778138440,3541539575,476.776
2124844327,1204185471,0,11880563955,1290395232,459.912
2139758149,1218865144,0,3541539575,2401122715,479.693
2139758155,8194368738,0,3541539575,2401122715,1433.55
2140813072,4523470679,0,7178880041,3044755215,369.57
2288655187,2288655186,0,11880563955,13369051339,25.572
2288665463,2288656705,0,11880563955,13369051339,19.47
2288665463,1199764926,0,11880563955,13369051339,20.641
2293587299,653438810,0,7157578628,7178880041,399.062
2293587319,7150411380,0,7157578628,3367156838,419.262
2383219230,2383219224,0,3044755109,4540338550,38.571
2383219230,2383219229,0,3044755109,4540338550,53.719
2383219265,4540338594,0,4540338550,3044755109,33.67
2383219265,4540338518,0,4540338550,3044755109,63.655
2389851237,7097958259,0,13778138440,11880563955,184.275
2393234827,2393234849,0,7178880041,7157578628,584.127
2393234836,2393234862,0,3367156838,7157578628,127.145
2393234836,8197792063,0,3367156838,7157578628,101.742
2393234847,2393265038,0,3367156838,7178880041,530.125
2393234849,2393234866,0,7157578628,3367156838,392.65
2393234849,2393234827,0,7157578628,7178880041,584.127
2393234866,1926866429,0,3367156838,7178880041,863.349
2393265043,2393234842,0,7178880041,3367156838,540.147
2393265057,7390688865,0,7178880041,3367156838,189.988
2393265096,3501002854,0,4523470682,3501002866,1488.608
2398268310,6915679371,0,9933767027,10080986063,20.052
2398268310,2398268331,0,9933767027,10080986063,49.804
2398925136,2398925134,0,13778138440,11880563955,28.761
2398925136,2398925128,0,13778138440,11880563955,36.982
2398925167,10308023050,0,13778138440,3541539575,655.407
2398938509,1486517235,0,1290395232,1148754930,666.347
2398972186,1252153292,0,1150768887,1290395232,642.473
2398972187,7281878568,0,1150768887,1290395232,344.99
2401081040,8906573129,0,2401122715,5325050705,427.033
2401081040,4050649060,0,2401122715,5325050705,241.023
2401081114,2401081043,0,5325050705,2401122715,239.334
2401101631,2401101618,0,8358666767,13369051339,18.147
2401101644,2401101631,0,13369051339,8358666767,29.817
2401101659,2401101680,0,13369051339,8358666767,55.715
2401101673,2401101644,0,8358666767,13369051339,37.187
2401101701,12277812485,0,8358666767,13369051339,1686.956
2401101781,4524791274,0,8358666767,7227625036,1407.691
2401139451,317183591,0,13778138440,2401177369,101.721
2401146981,2401146989,0,9208010658,2457603193,810.98
2401146989,2401146981,0,2457603193,9208010658,810.98
2401146989,2418779799,0,2457603193,9208010658,618.342
2401146990,2401147000,0,9208010658,2457603193,65.49
2401146990,2401146998,0,9208010658,2457603193,57.856
2401147000,2401147004,0,2457603193,9208010658,234.902
2401147067,1227776191,0,2457603193,9208010658,342.837
2401160890,2401160981,0,3541539575,8358666767,1469.937
2401160905,13530610732,0,8358666767,13369051339,219.32
2401160974,2401160958,0,5325050705,8358666767,343.493
2401160974,2401160905,0,5325050705,8358666767,638.627
2401160982,2401160891,0,8358666767,13369051339,1464.594
2401177361,2401177359,0,13778138440,2401177369,19.395
2401177361,12160248371,0,13778138440,2401177369,201.186
2401177389,2401177374,0,2401177369,13778138440,331.537
2401208952,9216150679,0,2401390759,4742253048,452.604
2401208970,11385061845,0,2401390759,10080986063,159.67
2401209020,13924076072,0,2401390759,11880563955,504.948
2401209040,13927941084,0,10080986063,2482884829,238.783
2401209046,11385061847,0,2401390759,10080986063,174.137
2401209086,13924076069,0,2401390759,11880563955,211.394
2401209093,2401209115,0,2401390759,2482884829,58.06
2401209115,2401209093,0,2482884829,2401390759,58.06
2401209115,2401209123,0,2482884829,2401390759,55.789
2401209150,11385061853,0,2401390759,2482884829,319.948
2401209156,1734799520,0,11880563955,2401390759,111.367
2401209285,2401209338,0,2401390759,11880563955,280.363
2401209285,2401209338,1,2401390759,11880563955,563.531
2401209334,2401209359,0,2401390759,11880563955,239.08
2401209334,2401209389,0,2401390759,2482884829,156.365
2401209338,2401209285,0,11880563955,2401390759,563.531
2401209338,2401209285,1,11880563955,2401390759,280.363
2401209359,2401209334,0,11880563955,2401390759,239.08
2401209389,2401209413,0,2482884829,11880563955,65.279
2401209389,2401209334,0,2482884829,2401390759,156.365
2401209413,2401209389,0,11880563955,2482884829,65.279
2401209606,1734799643,0,2482884829,11880563955,270.884
2401209606,1734799787,0,2482884829,11880563955,176.708
2401209625,13927940976,0,2482884829,11880563955,584.576
2401209627,2401209643,0,2482884829,13778138440,222.59
2401209643,2401209627,0,13778138440,2482884829,222.59
2401209646,1734799533,0,13778138440,2482884829,196.037
2401209654,1734799428,0,13778138440,2482884829,280.163
2401239657,1734799534,0,2401390759,11880563955,10.705
2401239657,8480471069,0,2401390759,11880563955,805.856
2401312947,1215926916,0,4181217433,8358666767,44.533
2401312986,5165245449,0,8358666767,1215926967,321.133
2401313005,11875973001,0,8358666767,1215926967,54.588
2401313021,299853235,0,1215926967,4181217433,1849.533
2401363015,2401362985,0,2401390759,4742253048,913.652
2401363095,9216150650,0,10080986063,4742253048,318.634
2401363130,4742252600,0,4742253048,10080986063,293.179
2401363141,13924076127,0,1148754930,2401390759,32.34
2401363147,7154206680,0,4742253048,1148754930,369.529
2401363152,2877898282,0,1148754930,2401390759,128.461
2401363166,2398938501,0,1290395232,1148754930,61.29
2401363166,3799105871,0,1290395232,1148754930,129.237
2401390710,2401390735,0,4742253048,2401390759,346.807
2401390730,4534994969,0,4742253048,10080986063,350.807
2401390730,2401390735,0,4742253048,2401390759,812.989
2401390734,2401363132,0,2401390759,4742253048,324.598
2401390735,2401390730,0,2401390759,4742253048,812.989
2401390735,2401390710,0,2401390759,4742253048,346.807
2401390749,13898715888,0,2401390759,10080986063,246.594
2401390801,4534994388,0,2401390759,10080986063,291.496
2401503915,13924076133,0,4742253048,2401390759,829.676
2401503939,7281964781,0,2401390759,1148754930,17.529
2405716102,4523471931,0,1233322729,3501002866,573.389
2418537468,2418537489,0,8358666767,7227625036,551.733
2418537489,2418537468,0,7227625036,8358666767,551.733
2418537901,8197531688,0,7227625036,1212025348,500.231
2418537913,2418537904,0,1212025348,7227625036,68.963
2418537945,2418537807,0,1212025348,7227625036,2448.322
2418582932,4850958281,0,3030038002,8197701278,851.917
2418582932,317752112,0,3030038002,1459170126,315.633
2418671305,317747466,0,1880400488,13747437765,21.115
2418671305,2418671299,0,1880400488,13747437765,35.317
2418671381,13863469873,0,2401122715,5325050705,143.889
2418671381,2418671436,0,2401122715,5325050705,274.885
2418671499,1014368392,0,5325050705,4181217433,36.457
2418671499,2418671504,0,5325050705,4181217433,55.633
2418671775,4541278308,0,1212025348,7227625036,67.289
2418671775,5227950360,0,1212025348,7227625036,89.853
2418750242,1722778460,0,2457603193,12463139050,94.106
2418750242,1722778482,0,2457603193,12463139050,69.714
2418750469,2418750424,0,9208010658,2457603193,51.982
2418750475,10826161727,0,9208010658,2457603193,63.492
2418779399,2418779799,0,2457603193,9208010658,694.585
2418779799,2401146989,0,9208010658,2457603193,618.342
2418779799,10826161723,0,9208010658,2457603193,786.969
2418779799,2418779399,0,9208010658,2457603193,694.585
2419544981,1722779345,0,9208010658,12463139050,1093.239
2446633747,7707128086,0,2482884829,2401177369,155.043
2446646309,2446646308,0,1150768887,4742253048,283.181
2457589086,2477288376,0,2457601089,9208010658,3319.959
2457589091,6106188709,0,2457601089,2457603193,778.427
2457589091,5262354973,0,2457601089,2457603193,353.563
2457597236,2457597748,0,2457603193,2457601089,443.651
2457597236,2457597205,0,2457603193,2457601089,1140.574
2457600891,2457600898,0,2457603193,2457601089,46.853
2457600891,2457600897,0,2457603193,2457601089,89.841
2477288376,2457589086,0,9208010658,2457601089,3319.959
2477288483,1227776072,0,2457601089,9208010658,821.191
2477288665,1227798813,0,2457601089,9208010658,1662.924
2477288773,11861491817,0,2457601089,2457603193,3308.711
2478523647,7281789514,0,1148754930,2401390759,109.354
2478523656,2478523657,0,1148754930,2401390759,180.68
2478523656,2483380347,0,1148754930,2401390759,34.782
2478523674,2478523650,0,2401390759,1148754930,54.801
2478523674,2478523647,0,2401390759,1148754930,239.431
2478523704,2478523776,0,2401390759,1148754930,719.488
2478523776,2478523768,0,1148754930,2401390759,123.921
2478523776,2478523704,0,1148754930,2401390759,719.488
2482878560,13895047467,0,4742253048,10080986063,15.426
2482878560,4182794776,0,4742253048,10080986063,525.157
2482878649,4539344359,0,2401122715,3541539575,601.762
2483380333,3523337822,0,2401390759,1148754930,1354.735
2505909452,1197839355,0,11880563955,1290395232,54.293
2505909463,2505909452,0,1290395232,11880563955,750.337
2553781008,7154184125,0,1290395232,1814651166,1539.99
2716778370,4807268939,0,1290395232,1814651166,1484.283
2741897798,3523330506,0,4742253048,2401390759,15.254
2741897799,2741993977,0,4742253048,2401390759,609.622
2741897822,2741897836,0,2401390759,4742253048,1349.676
2741897836,2741897822,0,4742253048,2401390759,1349.676
2741993977,3214727128,0,2401390759,4742253048,189.186
2741993977,2741897799,0,2401390759,4742253048,609.622
2751749663,2751749673,0,10080986063,2401390759,259.538
2751749673,2751749663,0,2401390759,10080986063,259.538
2751749675,2751749677,0,10080986063,2401390759,214.132
2751749675,2751749677,1,10080986063,2401390759,359.191
2751749677,2751749675,0,2401390759,10080986063,214.132
2751749677,2751749675,1,2401390759,10080986063,359.191
2751749769,2828217475,0,10080986063,2401390759,525.002
2751749771,2751749778,0,10080986063,2401390759,34.861
2751749773,2751749776,0,10080986063,2401390759,34.898
2751749776,2751749773,0,2401390759,10080986063,34.898
2751749778,2751749771,0,2401390759,10080986063,34.861
2751749791,4534994364,0,2401390759,10080986063,204.702
2751749844,4534994698,0,2401390759,10080986063,231.236
2828217475,2751749769,0,2401390759,10080986063,525.002
2835707681,2860045417,0,1148754930,11880563955,824.171
2860045417,2835707681,0,11880563955,1148754930,824.171
2877898282,2401363152,0,2401390759,1148754930,128.461
2877898290,2401503919,0,1148754930,2401390759,208.584
3018675926,11503205313,0,9208010658,12463139050,3128.722
3030037964,4519170338,0,7614809187,3030038002,658.498
3030037964,3030038002,0,7614809187,3030038002,307.97
3044752017,3125539313,0,5325050705,4181217433,164.961
3044755091,4524691449,0,7227625036,4541277493,975.15
3044755092,3044755098,0,3734092008,3044755109,293.975
3044755094,1887828536,0,12247625066,1887828574,199.582
3044755096,5760065742,0,4541277493,7227625036,504.981
3044755098,3044755092,0,3044755109,3734092008,293.975
3044755098,3734092015,0,3044755109,3734092008,440.381
3044755100,7227374528,0,4541277493,7227625036,904.367
3044755100,7227374523,0,4541277493,7227625036,739.245
3044755100,7227374526,0,4541277493,1212025348,893.56
3044755103,7227374528,0,4541277493,7227625036,822.421
3044755162,3270664780,0,4050649085,3822225896,393.346
3044755172,1540326790,0,4050649085,3822225896,525.473
3044755218,3044755228,0,3822225896,3584782896,1302.547
3044755228,3044755218,0,3584782896,3822225896,1302.547
3044755228,5570791431,0,3584782896,12841249641,653.258
3044755239,8192233548,0,3822225896,3584782896,946.486
3044755246,3044755250,0,1212025358,1212025383,599.096
3044755250,3044755246,0,1212025383,1212025358,599.096
3056327835,4850958288,0,1459170126,8197701278,402.897
3074054600,299853238,0,299855747,4181217433,474.877
3083960668,1150752044,0,1148754930,1290395232,620.296
3123587154,1199840502,0,1290395232,11880563955,404.366
3123587193,13619558762,0,8358666767,13369051339,223.155
3123587201,3123587193,0,13369051339,8358666767,20.448
3123587201,13619558774,0,13369051339,8358666767,194.98
3125538824,2418671481,0,5325050705,8358666767,1050.062
3125539263,3125539280,0,8358666767,4181217433,2287.986
3125539269,3125539270,0,8358666767,4181217433,35.749
3125539270,3125539269,0,4181217433,8358666767,35.749
3125539275,3125539273,0,4181217433,8358666767,23.438
3125539275,4516243599,0,4181217433,8358666767,13.711
3125539280,3125539263,0,4181217433,8358666767,2287.986
3125539300,3125539317,0,5325050705,4181217433,635.743
3125539300,3125539311,0,5325050705,4181217433,503.49
3125539302,5248725253,0,4181217433,5325050705,47.903
3125539311,3125539300,0,4181217433,5325050705,503.49
3125539313,3044752017,0,4181217433,5325050705,164.961
3125539313,4516243304,0,4181217433,5325050705,979.789
3125539317,3125539300,0,4181217433,5325050705,635.743
3184921965,11389753398,0,2401177369,2401122715,207.341
3214727128,2741993977,0,4742253048,2401390759,189.186
3226612094,8967690732,0,3030038002,7614809187,166.74
3226612094,4534772674,0,3030038002,7614809187,108.375
3248177013,10606541017,0,1233322729,3501002866,5922.734
3270664780,3044755162,0,3822225896,4050649085,393.346
3270664780,1540325311,0,3822225896,4050649085,525.444
3366220873,1363228265,0,11250185933,4050649085,567.186
3366220873,1363228263,0,11250185933,4050649085,1029.963
3366221006,3367156807,0,3822225896,4050649085,1313.544
3366221006,6861394601,0,3822225896,4050649085,879.531
3367156795,6861394609,0,3367156838,4050649085,1384.265
3367156795,1233306859,0,3367156838,4050649085,772.037
3367260950,4532910574,0,11250185933,4050649085,976.021
3367260984,3367260965,0,11250185933,4050649085,851.765
3381095045,3381095020,0,3044755215,8600114950,558.273
3381095045,3381095048,0,3044755215,3367156838,946.528
3382195200,4050649083,0,7178880041,4523470682,7.803
3382195200,3501050294,0,7178880041,4523470682,88.376
3382258813,3382258833,0,4523470682,3501002866,354.148
3382258813,3382258800,0,4523470682,3501002866,472.557
3486619637,4737495304,0,3822225896,4050649085,1449.929
3488383273,3488384199,0,10080986063,11880563955,582.39
3488383273,3488417921,0,10080986063,3491030918,387.815
3488384199,3488384201,0,11880563955,13778138440,502.694
3488384201,3488315346,0,13778138440,2401177369,1352.301
3488384205,4539343788,0,3491030918,13778138440,432.833
3488417924,11873541234,0,1290395232,1148754930,765.773
3488417935,3488417963,0,11880563955,1290395232,744.643
3488417935,3684965258,0,11880563955,1148754930,527.958
3488417942,3684965660,0,1148754930,1290395232,131.639
3491027877,7707128092,0,3491030918,2482884829,452.435
3491030912,7288825641,0,2401177369,9487411581,309.772
3491030918,5758623049,0,3491030918,9487411581,210.931
3491047923,4519170288,0,9487411581,1459170126,526.456
3491047951,3491054005,0,1459170126,7160849932,1897.874
3491054010,8967690575,0,9487411581,7160849932,558.285
3491063046,3955625171,0,3030038002,2045952502,446.034
3491063059,3491047951,0,3030038002,1459170126,320.572
3501002854,2393265096,0,3501002866,4523470682,1488.608
3501002863,11628608192,0,3501002866,1233322729,735.018
3501032388,3501032390,0,4523470682,7178880041,694.628
3501032390,3501032388,0,7178880041,4523470682,694.628
3501050294,4050649082,0,4523470682,7178880041,163.353
3503089269,12840314228,0,2045952502,4540338550,357.099
3503089279,8192055481,0,4540338550,2045952502,1090.932
3523329190,3523329191,0,4742253048,2401390759,86.178
3523329191,3523329190,0,2401390759,4742253048,86.178
3523330416,3523330430,0,4742253048,2401390759,626.769
3523330430,3523330416,0,2401390759,4742253048,626.769
3523330484,3523330485,0,2401390759,4742253048,144.076
3523330485,3523330484,0,4742253048,2401390759,144.076
3523337822,2483380333,0,1148754930,2401390759,1354.735
3523480833,3523480838,0,2482884829,9933767027,493.906
3523483594,5758622961,0,3491030918,13778138440,482.55
3523951211,3523949881,0,2045952502,3030038002,293.831
3578501283,1363228259,0,3367156838,7157578628,267.678
3578501290,4860002963,0,3367156838,7157578628,541.97
3578501610,3382183118,0,8600114950,3367156838,383.093
3578501642,3578501633,0,12247625066,3367156838,1585.474
3583675281,3583675271,0,8358666767,2401122715,476.64
3593772417,7710807195,0,9520799127,11176160735,992.631
3597602312,1570591800,0,1212025358,4541277493,845.974
3631666382,3631666593,0,13369051339,11880563955,389.187
3663373176,3663373177,0,2401122715,5325050705,12.585
3663373178,3663373176,0,5325050705,2401122715,17.495
3667339628,4534772989,0,8197771709,7295164908,12.849
3667339628,3667339627,0,8197771709,7295164908,640.074
3683236537,3578548936,0,8197771709,3578548936,1216.91
3683236539,3683236537,0,7295164908,8197771709,783.014
3683236563,3683236550,0,8197771709,7295164908,860.135
3684963089,13930197844,0,11880563955,1148754930,668.191
3684963096,8640236592,0,1148754930,2401390759,512.27
3684963100,3799206016,0,11880563955,13778138440,541.98
3684965660,2401363083,0,1290395232,2401390759,1864.715
3684965667,3488417938,0,1148754930,1290395232,307.218
3722396180,3722396185,0,1212025358,1212025383,580.382
3722396185,3722396180,0,1212025383,1212025358,580.382
3732361114,1540325326,0,12247625066,3822225896,429.357
3732361543,1540325204,0,3822225896,4050649085,496.695
3732372514,5941524176,0,3822225896,12841249641,739.482
3732372516,5570791454,0,3822225896,12841249641,165.537
3734086275,12840314065,0,4540338550,5343198036,502.528
3734086280,12840307059,0,4540338550,5343198036,290.979
3734092007,3734092010,0,4540338550,3734092008,384.195
3734092007,3734092008,0,4540338550,3734092008,295.519
3734092010,3734092007,0,3734092008,4540338550,384.195
3734092015,3734092021,0,3734092008,3044755109,357.71
3734092015,3044755098,0,3734092008,3044755109,440.381
3734092016,3734092017,0,4540338550,3734092008,113.082
3734092016,3734096425,0,4540338550,3044755109,680.856
3734092017,3734096425,0,3734092008,3044755109,441.764
3734092017,3734092016,0,3734092008,4540338550,113.082
3734092019,3734096426,0,3734092008,3044755109,371.293
3734092019,3734092021,0,3734092008,3044755109,417.182
3734092021,3734092015,0,3044755109,3734092008,357.71
3734092021,3734092019,0,3044755109,3734092008,417.182
3734096425,3734092017,0,3044755109,3734092008,441.764
3734096425,3734092016,0,3044755109,4540338550,680.856
3734096426,3734092019,0,3044755109,3734092008,371.293
3734097209,3734097211,0,5343198036,4540338550,957.289
3734097211,3734097209,0,4540338550,5343198036,957.289
3756850074,1217544793,0,1212025348,1212025358,272.9
3799206016,1215717600,0,13778138440,11880563955,551.393
3799279903,2389824602,0,11880563955,13778138440,386.333
3799313446,13930199144,0,3491030918,11880563955,1451.966
3799320408,3799307713,0,1290395232,11880563955,1122.188
3822229324,3822581308,0,7157578628,12247625066,44.064
3822229324,3822229326,0,7157578628,12247625066,78.697
3822229339,3822229334,0,12247625066,7157578628,416.978
3822581307,13850102055,0,12247625066,7157578628,299.616
3822581409,3822227989,0,1880400488,7157578628,217.372
3822581410,3822581408,0,7157578628,1880400488,35.725
3822581410,3822581413,0,7157578628,1880400488,54.733
3824033020,1230844353,0,7157578628,1880400488,314.625
3955578695,4741736339,0,7157578628,12247625066,61.641
3955578695,3955578698,0,7157578628,12247625066,53.902
3955578709,3955578716,0,4050649085,3367156838,394.33
3955578709,3955578708,0,4050649085,3367156838,570.417
3955578716,7159632309,0,3367156838,4050649085,46.574
3955578719,11871884082,0,3367156838,7157578628,151.06
3955625171,8197771696,0,2045952502,8197771709,485.4
3969574964,4523470659,0,1233322729,3501002866,542.157
3972971335,4835990080,0,9487411571,9487411581,273.349
3972971336,7707035048,0,9487411581,9487411571,533.577
3977329418,12941904329,0,13369051339,11880563955,269.441
4050649070,4050649073,0,12247625066,3822225896,294.82
4050649084,3382195200,0,4523470682,7178880041,43.223
4050649084,3382195242,0,4523470682,7178880041,288.143
4052821769,2401160948,0,13369051339,8358666767,266.423
4103995019,1540325301,0,7157578628,3367156838,507.746
4123428358,4524882371,0,12463139050,9208010658,913.956
4123428358,10797074075,0,12463139050,9208010658,1637.508
4182085029,1144975815,0,11880563955,1148754930,204.704
4182794767,13894791908,0,10080986063,4742253048,56.267
4182794767,11822771690,0,10080986063,4742253048,1088.326
4197064159,1205415464,0,4181217433,7227625036,365.373
4236726908,13863469859,0,5325050705,2401122715,422.123
4236726910,4333453886,0,2401122715,5325050705,262.835
4242305020,8342188639,0,8198567118,1880396007,249.917
4242305021,1880504387,0,1880396007,8198567118,18.84
4251921174,4251953623,0,1814651166,7227625036,953.689
4251921174,4251953603,0,1814651166,7227625036,433.509
4251936181,4251953634,0,9208010658,1814651166,1319.691
4251953633,4251936186,0,7227625036,1814651166,1330.204
4251953633,5167550053,0,7227625036,1814651166,707.916
4261883432,1207481080,0,5325050705,8198567118,419.556
4261883432,1688268491,0,5325050705,8198567118,607.882
4285954502,4285954518,0,11250185933,3044755215,177.895
4516217337,6868869350,0,7160849932,1459170126,381.15
4516217337,6868869325,0,7160849932,1459170126,759.025
4516243230,8197650529,0,8358666767,5325050705,541.534
4516243304,3125539313,0,5325050705,4181217433,979.789
4516243391,4516243230,0,2401122715,8358666767,480.469
4516243422,4516243435,0,2401177369,3541539575,1024.359
4516243469,3725020167,0,3541539575,2401177369,448.542
4516243523,2401101603,0,13369051339,8358666767,453.234
4516243599,3125539275,0,8358666767,4181217433,13.711
4516248646,4516248596,0,1290395232,1814651166,636.855
4517322341,7154206551,0,3541539575,11880563955,547.981
4517323600,6324355807,0,13747437765,1880400488,411.521
4517328385,13869407754,0,2401122715,5325050705,340.065
4519170228,7614809253,0,7614809187,3030038002,876.451
4519170251,1885061287,0,6868989296,1880400488,27.185
4519170306,4519170249,0,3030038002,9487411581,211.953
4519229672,1887891619,0,12247625066,1887828574,200.23
4519229800,8947694372,0,1887828574,7157578628,1955.283
4519229803,12149962845,0,1880400488,8198567118,1072.499
4523403987,4523404182,0,2401177369,7160849932,375.323
4523403987,4523404296,0,2401177369,7160849932,284.206
4523404182,5758623078,0,7160849932,9487411581,489.295
4523470652,7232506373,0,3501002866,1233322729,407.533
4523470659,3969574964,0,3501002866,1233322729,542.157
4523470663,7232506368,0,3501002866,1233322729,285.654
4523470663,11628608190,0,3501002866,1233322729,590.215
4523470666,7713110793,0,3044755215,7178880041,424.838
4523470670,4523471902,0,1880400488,1880396007,21.458
4523470670,1877156741,0,1880400488,1880396007,293.381
4523470679,2140813072,0,3044755215,7178880041,369.57
4523470684,5300641312,0,8198567118,4523470682,741.606
4523471893,4523470684,0,4523470682,8198567118,209.933
4523471894,4523487757,0,3501002866,1233322729,268.68
4523471902,1877160500,0,1880396007,1880400488,40.321
4523471908,3382233252,0,1233322729,3501002866,143.544
4523471928,4523470675,0,4523470682,8198567118,742.241
4523471931,2405716102,0,3501002866,1233322729,573.389
4523471933,11252257659,0,3501002866,1233322729,765.055
4523487472,1540326781,0,1233322729,7178880041,289.188
4523487473,4523470680,0,3044755215,1233322729,269.849
4523487693,1233322882,0,3044755215,1233322729,313.33
4523487709,1540326763,0,7178880041,1233322729,336.905
4523487750,3382233218,0,3501002866,1233322729,112.703
4523487750,7713857947,0,3501002866,1233322729,115.888
4523487757,4523471894,0,1233322729,3501002866,268.68
4523487782,4523487801,0,3044755215,7178880041,348.428
4523487782,4523487801,1,3044755215,7178880041,1129.786
4523487782,4523487801,2,3044755215,7178880041,961.849
4523487801,4523487782,0,7178880041,3044755215,348.428
4523487801,4523487782,1,7178880041,3044755215,961.849
4523487801,4523487782,2,7178880041,3044755215,1129.786
4524691291,4524691433,0,1212025358,1212025383,509.249
4524691292,11296539084,0,4181217433,4541277493,605.675
4524691323,11490097487,0,4541277493,4181217433,708.453
4524691323,4524689865,0,4541277493,7227625036,488.08
4524691408,1876183710,0,3501002866,4541277493,650.325
4524691408,4524691482,0,3501002866,4541277493,292.402
4524691449,3044755091,0,4541277493,7227625036,975.15
4524691456,9844995009,0,4181217433,4541277493,615.954
4524691456,5760065776,0,4181217433,4541277493,145.699
4524691470,8197630176,0,3501002866,4541277493,772.882
4524791279,5758564983,0,1814651166,9208010658,691.855
4524791279,4847000879,0,1814651166,9208010658,203.929
4524791425,4524791460,0,7227625036,8358666767,15.9
4524791425,1370793084,0,7227625036,8358666767,96.508
4524874168,7232659595,0,1233322729,3044755215,359.967
4524874706,7232659593,0,1233322729,3044755215,516.424
4524874766,4524874593,0,11250185933,1233322729,249.296
4524874766,4524874715,0,11250185933,1233322729,628.601
4524882371,4123428358,0,9208010658,12463139050,913.956
4532811148,838320724,0,12463139050,11733956990,1261.165
4532910574,7440011362,0,4050649085,11176160735,1733.238
4534666335,5504441244,0,8197771709,3030038002,509.675
4534666335,1150948074,0,8197771709,7295164908,480.075
4534666335,1150947944,0,8197771709,3030038002,573.886
4534666383,4834845070,0,9487411571,1459170126,507.872
4534667098,1194179115,0,7295164908,9487411571,303.188
4534667098,4534666383,0,7295164908,9487411571,363.56
4534772857,9425819491,0,8197771709,9424855173,717.467
4534772989,3667339628,0,7295164908,8197771709,12.849
4534895087,4534895082,0,11733956990,12463139050,90.69
4534895087,4534994889,0,11733956990,12463139050,52.234
4534994354,4534994997,0,2401390759,4742253048,262.323
4534994364,2751749791,0,10080986063,2401390759,204.702
4534994388,2401390801,0,10080986063,2401390759,291.496
4534994738,9214394635,0,2457603193,12463139050,433.584
4534994969,2401390730,0,10080986063,4742253048,350.807
4535043725,8197495938,0,2457601089,2457603193,479.513
4535043725,8205167926,0,2457601089,2457603193,1514.407
4535082610,4535081779,0,1212025358,1212025383,825.832
4535082610,4535081782,0,1212025358,1212025383,380.758
4537595485,4537595420,0,7295164908,9487411571,512.569
4539344307,13772978118,0,2401177369,13778138440,663.241
4539344359,2482878649,0,3541539575,2401122715,601.762
4539344372,10079975408,0,10080986063,2482884829,497.568
4539344422,1215715200,0,3541539575,13778138440,1290.845
4539353913,4541697549,0,4523470682,3501002866,1312.016
4539353923,3382260092,0,3501002866,4523470682,175.088
4539844094,4540133614,0,1233322729,11250185933,381.259
4540132020,4540133345,0,11250185933,11176160735,738.03
4540133293,4540133345,0,11250185933,11176160735,360.789
4540133306,4540133407,0,11176160735,4050649085,394.997
4540133337,7440011348,0,11176160735,4050649085,350.396
4540133345,4540133293,0,11176160735,11250185933,360.789
4540133345,4540132020,0,11176160735,11250185933,738.03
4540133425,4540133551,0,11176160735,11250185933,663.433
4540133502,4736395765,0,11176160735,3822225896,157.827
4540133502,4736397189,0,11176160735,3822225896,310.424
4540133566,4736395820,0,4050649085,3822225896,1984.364
4540133566,4736397129,0,4050649085,11176160735,225.85
4540133614,4539844094,0,11250185933,1233322729,381.259
4540133615,4736397132,0,3822225896,11176160735,211.915
4540133640,4540133606,0,4050649085,11176160735,397.226
4540133640,9428099038,0,4050649085,11176160735,1333.483
4540133644,4540133381,0,4050649085,11176160735,353.443
4540234732,7706800166,0,13747437765,9487411581,174.008
4540235200,4523404137,0,9487411571,7160849932,274.217
4540235200,4540235196,0,9487411571,9487411581,290.542
4540235201,5758623110,0,9487411581,7160849932,361.8
4540235207,3491030925,0,9487411581,3491030918,652.853
4540338489,7056025063,0,4540338550,5343198036,410.672
4540338489,5343198039,0,4540338550,5343198036,699.884
4540338518,4540338595,0,3044755109,3734092008,980.602
4540338559,4540338610,0,4540338550,3044755109,350.297
4540338595,8887319027,0,3734092008,4540338550,540.453
4540338595,4540338579,0,3734092008,4540338550,1086.612
4540338610,4540338559,0,3044755109,4540338550,350.297
4540338642,3732361093,0,3822225896,12247625066,40.438
4540472545,8197656621,0,8358666767,7227625036,472.486
4540472547,8197650576,0,8358666767,1215926967,705.495
4541277403,7227313184,0,4541277493,1212025348,506.733
4541277614,1212025381,0,1212025348,1212025358,317.302
4541277614,1217609010,0,1212025348,4541277493,631.68
4541277779,1212025349,0,1212025358,1212025348,815.83
4541278130,7227347427,0,4541277493,7227625036,352.774
4541278308,1839449479,0,7227625036,1212025348,13.879
4541460508,4541460981,0,9520799127,11176160735,1277.665
4541460981,4541460508,0,11176160735,9520799127,1277.665
4541689891,5180395789,0,8358666767,7227625036,1997.301
4541698702,12174256909,0,5325050705,4181217433,324.732
4541698702,2700937511,0,5325050705,4181217433,231.81
4644139103,4644139106,0,1290395232,1148754930,382.296
4644139106,4644139103,0,1148754930,1290395232,382.296
4644139106,4644139109,0,1148754930,1290395232,643.17
4644139109,4644139110,0,1290395232,1148754930,322.845
4644139109,4644139106,0,1290395232,1148754930,643.17
4644139110,4644139130,0,1148754930,1290395232,167.106
4644139110,4644139109,0,1148754930,1290395232,322.845
4703442135,8192138378,0,12841249641,3822225896,568.263
4703442135,8192138375,0,12841249641,3822225896,768.569
4703442140,8192138449,0,12841249641,3822225896,846.106
4703618038,5521090062,0,12841249641,8480339511,470.904
4736395765,4540133502,0,3822225896,11176160735,157.827
4736395765,13819683188,0,3822225896,11176160735,498.944
4736395820,4540133566,0,3822225896,4050649085,1984.364
4736395820,4736397129,0,3822225896,11176160735,1355.17
4736397129,4540133566,0,11176160735,4050649085,225.85
4736397129,4736395820,0,11176160735,3822225896,1355.17
4736397132,4540133615,0,11176160735,3822225896,211.915
4736397134,4736397136,0,3822225896,11176160735,324.533
4736397136,4736397134,0,11176160735,3822225896,324.533
4736397142,4736397144,0,3822225896,11176160735,199.568
4736397144,4736397142,0,11176160735,3822225896,199.568
4736397189,4540133502,0,3822225896,11176160735,310.424
4736397189,4739304754,0,3822225896,11176160735,259.644
4737495304,3486619637,0,4050649085,3822225896,1449.929
4739304754,4739304758,0,11176160735,3822225896,429.48
4739304754,4736397189,0,11176160735,3822225896,259.644
4739304757,4739304758,0,11176160735,3822225896,53.269
4739304758,4739304757,0,3822225896,11176160735,53.269
4739304758,4739304754,0,3822225896,11176160735,429.48
4741713789,1887830148,0,7157578628,1887828574,373.341
4741734913,4741736405,0,12247625066,7157578628,343.703
4741736336,4741736344,0,7157578628,3367156838,450.43
4741736344,4104009763,0,3367156838,7157578628,375.678
4741736344,4741736336,0,3367156838,7157578628,450.43
4741736405,4741736360,0,7157578628,12247625066,346.784
4742252589,10302514512,0,2482884829,2401177369,201.697
4742252608,4742252615,0,4742253048,10080986063,271.798
4742252615,4534995115,0,10080986063,4742253048,292.615
4742678840,4742678851,0,3541539575,13778138440,297.398
4742678851,4742678840,0,13778138440,3541539575,297.398
4796325177,8480471039,0,8358666767,5325050705,1046.236
4807102324,1198416197,0,1814651166,12381917927,411.952
4807268939,2716778370,0,1814651166,1290395232,1484.283
4834845065,4834845069,0,1459170126,7295164908,328.962
4834845069,7707109365,0,7295164908,9487411571,931.731
4834845114,4834845097,0,9487411571,7295164908,622.876
4834845170,7705324333,0,9487411571,7295164908,341.396
4834845172,9216077704,0,7295164908,3030038002,1400.611
4834845193,6106172838,0,9487411571,1459170126,394.492
4835000346,7710756217,0,12247625066,11775535391,1257.375
4835000364,1887891576,0,12247625066,1887828574,350.888
4835911366,12969418897,0,1459170126,6868989296,687.785
4835990080,14050213880,0,9487411581,13747437765,870.441
4835990094,7288825643,0,13747437765,9487411581,271.61
4835990271,4835990272,0,7295164908,9487411571,428.852
4835990271,4835990275,0,7295164908,9487411571,536.594
4835990272,4835990271,0,9487411571,7295164908,428.852
4835990274,4835990275,0,7295164908,9487411571,365.017
4835990275,4835990274,0,9487411571,7295164908,365.017
4835990275,4835990271,0,9487411571,7295164908,536.594
4835990280,1892533037,0,9487411571,7295164908,247.518
4835990291,4835990292,0,7295164908,9487411571,796.615
4835990291,1892532853,0,7295164908,9487411571,1288.191
4835990292,4835990291,0,9487411571,7295164908,796.615
4847000866,4847000860,0,1814651166,9208010658,46.019
4847000866,4847000869,0,1814651166,9208010658,123.298
4847000869,4807268931,0,9208010658,1814651166,1192.011
4847000870,4251976699,0,1814651166,9208010658,99.866
4847000870,1150868396,0,1814651166,9208010658,124.815
4847000908,1627798084,0,1814651166,9208010658,315.77
4847000910,4847000912,0,9208010658,4847000912,774.293
4849593441,2829227806,0,11880563955,1148754930,393.758
4849687519,5331335544,0,3367156838,1887828574,793.979
4849687519,13850113438,0,3367156838,7157578628,604.305
4850958098,3491063050,0,7295164908,3030038002,482.804
4850958098,3523951207,0,7295164908,3030038002,527.732
4850958281,2418582932,0,8197701278,3030038002,851.917
4850958281,4850958241,0,8197701278,3030038002,353.041
4850958308,4850958312,0,3030038002,8197701278,385.304
4850958317,8197701277,0,8197701278,1459170126,206.067
4850961984,4540235201,0,7160849932,9487411581,526.737
4850964543,4523404125,0,7160849932,9487411571,325.126
4860002928,4860002937,0,3367156838,7157578628,57.853
4860002988,4860003313,0,12247625066,3044755109,316.824
4860003000,1887802783,0,3044755109,12247625066,598.594
4860003013,1887802723,0,3044755109,11775535391,935.196
4860003013,1886887096,0,3044755109,12247625066,421.565
4860003297,4860003319,0,12247625066,3044755109,1106.904
4864116764,5186267879,0,3030038002,1459170126,445.986
4864116777,317123313,0,1459170126,2045952502,248.652
4864116802,317752112,0,8197701278,1459170126,408.629
4873564199,1215926909,0,4181217433,1215926967,666.212
4899643503,3382258810,0,4523470682,3501002866,643.204
4899656112,8196196874,0,4523470682,3501002866,492.955
4939256548,4939256544,0,4523470682,7178880041,58.117
4939256548,4050649071,0,4523470682,7178880041,45.604
5164461573,1215926967,0,8358666767,1215926967,93.691
5165225478,2401312947,0,8358666767,4181217433,931.759
5178930088,696981355,0,9487411581,7160849932,790.944
5180395789,4541689891,0,7227625036,8358666767,1997.301
5186267876,1201667191,0,1459170126,3030038002,226.838
5186267879,4864116764,0,1459170126,3030038002,445.986
5227950360,7227374525,0,7227625036,1212025348,317.724
5300641304,5300641307,0,7178880041,8600114950,561.037
5325050466,5325050468,0,5325050705,4181217433,378.155
5325050468,5325050466,0,4181217433,5325050705,378.155
5325050469,4516243510,0,4181217433,5325050705,320.808
5331308877,7516058177,0,12247625066,7157578628,921.84
5331308877,5331308887,0,12247625066,3367156838,259.976
5335177717,8597640205,0,11775535391,12247625066,823.523
5335177717,1887802712,0,11775535391,12247625066,441.407
5343190985,9803032123,0,3044755109,12841249641,664.405
5343190995,5343200403,0,12841249641,3044755109,103.707
5343190995,5343191008,0,12841249641,3044755109,1277.655
5343191008,5343190994,0,3044755109,12841249641,203.089
5343191008,5343190995,0,3044755109,12841249641,1277.655
5343191009,5343191010,0,3044755109,12841249641,880.204
5343191010,5343191009,0,12841249641,3044755109,880.204
5343191010,7716138272,0,12841249641,3044755109,865.318
5343198039,4540338489,0,5343198036,4540338550,699.884
5504441244,4534666335,0,3030038002,8197771709,509.675
5521090061,8480387200,0,8480339511,3584782896,776.447
5521090062,4703618038,0,8480339511,12841249641,470.904
5538098708,10080033284,0,10080986063,2482884829,1116.814
5570791431,3044755228,0,12841249641,3584782896,653.258
5570791454,3044755190,0,12841249641,3822225896,1432.852
5589851510,1201613769,0,12841249641,3822225896,892.931
5649788635,9587497118,0,3541539575,13778138440,595.66
5649788635,11957148131,0,3541539575,13778138440,750.629
5649839799,6600251774,0,1880400488,9487411581,1160.998
5758380582,4251953637,0,9208010658,1814651166,42.665
5758380582,9641468493,0,9208010658,1814651166,57.848
5758615073,597420987,0,13369051339,3541539575,143.846
5758615079,13842080227,0,13369051339,3541539575,308.862
5758622278,5758622284,0,1290395232,1150768887,654.56
5758622295,3722243884,0,1150768887,1290395232,2188.26
5758622295,5758622300,0,1150768887,1290395232,532.229
5758622961,1501481989,0,13778138440,2482884829,1929.916
5758623032,13747340565,0,9487411581,7160849932,88.897
5758623032,5758623040,0,9487411581,7160849932,39.669
5758623050,5758623056,0,9487411581,13747437765,46.106
5758623050,9425057197,0,9487411581,13747437765,315.837
5758623056,5758623050,0,13747437765,9487411581,46.106
5758623056,5758623005,0,13747437765,9487411581,300.671
5758623083,696981355,0,9487411581,7160849932,982.578
5758623089,10736776226,0,9487411581,7160849932,823.358
5758623327,7707035046,0,7160849932,9487411581,401.35
5758623349,4519170306,0,9487411571,3030038002,466.864
5758623349,5758623351,0,9487411571,1459170126,353.093
5758628902,4850958226,0,1459170126,3030038002,1799.38
5758628902,5758628905,0,1459170126,8197701278,417.707
5758657697,4524691301,0,4181217433,4541277493,464.409
5758660748,12161580012,0,3367156838,1233322729,1671.966
5758660748,5758660752,0,3367156838,7178880041,444.163
5758722267,5758722272,0,11775535391,12247625066,137.356
5758722267,4519229654,0,11775535391,12247625066,68.967
5760065742,3044755096,0,7227625036,4541277493,504.981
5760065763,5760065768,0,7227625036,4541277493,935.339
5760065766,13908355777,0,4541277493,4181217433,1094.773
5760065768,5760065763,0,4541277493,7227625036,935.339
5760208352,7516049790,0,4050649085,3367156838,813.939
5760208352,5760208361,0,4050649085,3367156838,574.956
5760208361,4741736395,0,3367156838,4050649085,13.003
5804141662,3125539302,0,8198567118,4181217433,298.027
5804141662,2418671497,0,8198567118,4181217433,439.7
5804153590,5804153587,0,8198567118,5325050705,726.8
5804292744,8130341076,0,4181217433,8198567118,415.616
5825396613,7288820606,0,13747437765,9487411581,250.219
5826204152,5826204177,0,1459170126,6868989296,294.228
5826204180,5826204181,0,6868989296,1459170126,332.693
5875253718,1880510918,0,1880396007,8198567118,124.06
5875253740,1880510918,0,1880396007,8198567118,125.886
5938739380,1882421209,0,1880400488,7157578628,180.95
5938739380,5938739383,0,1880400488,7157578628,321.749
5938739383,5938739380,0,7157578628,1880400488,321.749
5941524176,3732372516,0,12841249641,3822225896,179.622
5941524176,3732372514,0,12841249641,3822225896,739.482
5941852301,5804079253,0,4181217433,8198567118,371.977
5941852301,5947444887,0,4181217433,8198567118,157.85
5947609952,1885061257,0,1880400488,6868989296,25.991
5957618719,4516243513,0,5325050705,13369051339,54.331
5957618722,5957618725,0,5325050705,13369051339,58.782
5957618722,13854703922,0,5325050705,13369051339,581.84
5957618726,4516243601,0,13369051339,5325050705,499.086
5957619819,5957619826,0,13369051339,8358666767,540.231
5957619826,5957619819,0,8358666767,13369051339,540.231
5988973783,2418671494,0,5325050705,4181217433,425.052
6106172838,4834845193,0,1459170126,9487411571,394.492
6106172838,7705324455,0,1459170126,7295164908,361.642
6220274469,1150752129,0,1150768887,1290395232,984.047
6267300036,8946817078,0,5343198036,2045952502,1344.564
6267300036,8968180294,0,5343198036,2045952502,861.175
6286565888,6220274445,0,1150768887,1140523115,11.595
6314844890,6314844896,0,8600114950,7178880041,598.929
6314844896,4523471901,0,7178880041,3044755215,74.718
6314844903,1706612187,0,8600114950,3044755215,1170.368
6314844903,6314844906,0,8600114950,3044755215,446.352
6316055377,6316055320,0,4541277493,3501002866,894.889
6316060098,6316060100,0,4523470682,3501002866,149.883
6316060113,6316055375,0,4523470682,3501002866,221.201
6316060127,2393265009,0,4541277493,4523470682,492.834
6316060140,12421911314,0,4541277493,3501002866,324.096
6324562169,1150899587,0,13747437765,1880400488,1052.053
6345002745,6345002750,0,12463139050,9208010658,129.905
6345002745,7618118647,0,12463139050,9208010658,103.829
6345002751,7618118647,0,12463139050,9208010658,58.167
6397662610,6397662588,0,2045952502,7614809187,547.726
6397662613,4519170217,0,9424855173,7614809187,1121.865
6397662615,6397662618,0,2045952502,3030038002,410.509
6397662631,5810570966,0,2045952502,3030038002,1393.955
6397662655,6397662613,0,3030038002,9424855173,440.316
6405616354,13908355773,0,4541277493,4181217433,459.392
6419939986,1210354256,0,12381917927,1814651166,1555.789
6480234629,1419797133,0,1880400488,1880396007,574.217
6486973397,286074115,0,12381917927,1814651166,192.405
6505353705,6505394759,0,1215926967,4181217433,279.493
6505394751,299848306,0,1215926967,4181217433,149.708
6505394751,6505394759,0,1215926967,4181217433,879.731
6505394759,6505353705,0,4181217433,1215926967,279.493
6505394759,6505394751,0,4181217433,1215926967,879.731
6510537555,6510537561,0,2457603193,9208010658,598.237
6510537561,6510537555,0,9208010658,2457603193,598.237
6600251774,5649839799,0,9487411581,1880400488,1160.998
6861387077,3578501280,0,4050649085,3367156838,1923.726
6861387077,7178880063,0,4050649085,3367156838,874.259
6864174254,4850964544,0,7160849932,9487411571,370.271
6864174254,6864179638,0,7160849932,9487411571,726.056
6868869285,6868869353,0,1459170126,6868989296,380.009
6868869357,1194178944,0,6868989296,1459170126,683.827
6868869370,6868869366,0,6868989296,1459170126,41.569
6868869380,6868869351,0,6868989296,1459170126,20.415
6868869380,6868869376,0,6868989296,1459170126,58.868
6868869434,12969418898,0,1459170126,6868989296,494.098
6868869435,12969485101,0,1459170126,6868989296,483.634
6868962764,6868989218,0,6868989296,1459170126,411.508
6868989235,5947612785,0,1887828574,6868989296,595.403
6868989262,5805853194,0,1887828574,6868989296,184.34
6868989316,8826283102,0,6868989296,1887828574,712.61
6870973645,10537165060,0,10080986063,9487411571,1088.928
6871539709,6880302281,0,9487411571,9933767027,3702.282
6872598526,6871539706,0,10080986063,9487411571,335.577
6872598526,7707109336,0,10080986063,9487411571,657.162
6880302277,6870973642,0,9933767027,9487411571,3711.96
6880302280,6880333198,0,9487411571,9933767027,216.653
6880302280,6880333189,0,9487411571,9933767027,487.909
6880333200,6880302276,0,9933767027,10080986063,200.696
6914349255,6914349256,0,9933767027,10080986063,29.249
6914349255,14181729965,0,9933767027,10080986063,512.139
6914349256,6914349258,0,10080986063,9933767027,12.557
6914349256,6914349254,0,10080986063,9933767027,804.947
6914349257,6914401852,0,9933767027,10080986063,829.42
6914401853,6914349255,0,10080986063,9933767027,829.58
6914401860,11433472010,0,9933767027,10080986063,709.308
6914663494,9741448749,0,10080986063,9933767027,1102.989
6914731379,6914766689,0,1814651166,1150768887,755.653
6923707416,7393377011,0,10080986063,9933767027,615.182
6923707444,6923707455,0,4742253048,2401390759,834.029
7056025011,7716138267,0,3044755109,12841249641,1075.295
7056025064,3667340207,0,5343198036,4540338550,417.864
7056025067,5343198036,0,4540338550,5343198036,253.613
7076775236,5343195714,0,3044755109,4540338550,475.719
7140534362,7140534364,0,5325050705,2401122715,342.363
7140534362,7140534363,0,5325050705,2401122715,114.727
7140534364,7140534362,0,2401122715,5325050705,342.363
7140575737,7140575738,0,2401122715,5325050705,577.627
7140575738,7140575737,0,5325050705,2401122715,577.627
7140575738,1501482212,0,5325050705,2401122715,247.093
7150348317,7150348322,0,3367156838,7157578628,868.817
7150348322,1455682660,0,7157578628,3367156838,409.941
7150348322,7150348317,0,7157578628,3367156838,868.817
7150411313,4539426664,0,7157578628,3367156838,95.437
7150411313,1455682657,0,7157578628,3367156838,80.355
7150411331,2393265026,0,7178880041,3367156838,372.443
7150411380,2293587319,0,3367156838,7157578628,419.262
7150417194,9500017045,0,7178880041,8198567118,182.07
7150417194,1926866443,0,7178880041,8198567118,734.153
7150417242,7150417248,0,7178880041,4523470682,478.709
7150417248,7150417255,0,4523470682,7178880041,205.393
7150417248,7150417242,0,4523470682,7178880041,478.709
7150417255,7150417248,0,7178880041,4523470682,205.393
7150417255,7150417258,0,7178880041,4523470682,345.434
7150417258,7150417255,0,4523470682,7178880041,345.434
7150417260,13459792906,0,7178880041,4523470682,361.315
7150417273,1882138557,0,8198567118,4523470682,570.943
7150417289,7150417293,0,4523470682,7178880041,616.038
7150417293,1973301969,0,7178880041,4523470682,142.954
7150417293,7150417289,0,7178880041,4523470682,616.038
7153019282,7153048486,0,3367156838,4050649085,565.141
7153048486,300798309,0,4050649085,3367156838,229.801
7153048486,7153019282,0,4050649085,3367156838,565.141
7154184125,2553781008,0,1814651166,1290395232,1539.99
7154206551,4517322341,0,11880563955,3541539575,547.981
7154206557,11202872008,0,11880563955,3541539575,1051.894
7159564908,1459181732,0,9487411581,13747437765,330.409
7160832675,7707035037,0,9487411571,9487411581,337.582
7160849911,7160849915,0,9487411571,7160849932,631.958
7160849915,1459555678,0,7160849932,9487411571,288.65
7160849915,7160849911,0,7160849932,9487411571,631.958
7160849936,8967690580,0,9487411581,7160849932,881.61
7178831326,5826204156,0,6868989296,1459170126,230.737
7178831326,1880327693,0,6868989296,1459170126,132.863
7178831339,7178831313,0,1880400488,6868989296,259.326
7178879894,7178879957,0,3367156838,7178880041,666.447
7178879945,4539426644,0,7157578628,3367156838,273.28
7178879957,7178879894,0,7178880041,3367156838,666.447
7178880008,648969870,0,3367156838,7178880041,9.805
7178880008,7178879923,0,3367156838,7178880041,687.491
7178880021,7178879957,0,3367156838,7178880041,364.869
7216532182,7216532241,0,1887828574,6868989296,301.024
7216532239,5947609982,0,1459170126,6868989296,426.909
7216532239,7216532182,0,1459170126,1887828574,375.45
7216532277,6868989296,0,1880400488,6868989296,178.756
7216554375,11876476627,0,1880400488,6868989296,124.427
7216601065,7216601045,0,6868989296,1880400488,38.067
7216601068,1885061289,0,6868989296,1880400488,15.365
7217380440,8130420792,0,7157578628,1887828574,1624.77
7217380440,1887830243,0,7157578628,1887828574,329.101
7227313184,4541277403,0,1212025348,4541277493,506.733
7227347420,7227347427,0,4541277493,7227625036,811.648
7227347427,4541278130,0,7227625036,4541277493,352.774
7227347427,7227347420,0,7227625036,4541277493,811.648
7227374356,7227374359,0,1212025348,4541277493,932.481
7227374359,7227374356,0,4541277493,1212025348,932.481
7227374523,3044755100,0,7227625036,4541277493,739.245
7227374526,3044755100,0,1212025348,4541277493,893.56
7227374528,3044755100,0,7227625036,4541277493,904.367
7227374528,3044755103,0,7227625036,4541277493,822.421
7227374672,13832197306,0,1212025348,7227625036,82.52
7227624534,13908355782,0,7227625036,4181217433,1187.06
7227625018,1205415464,0,4181217433,7227625036,365.816
7227649500,7227649501,0,8358666767,7227625036,24.905
7227649500,11875973043,0,8358666767,7227625036,31.076
7227649501,7227649500,0,7227625036,8358666767,24.905
7230791813,4541277967,0,4541277493,1212025348,404.177
7230812514,7230812516,0,1212025358,4541277493,830.102
7230812516,7230812514,0,4541277493,1212025358,830.102
7230845362,7230845363,0,4541277493,1212025358,620.703
7230845363,7230845362,0,1212025358,4541277493,620.703
7232506368,4523470663,0,1233322729,3501002866,285.654
7232506373,4523470652,0,1233322729,3501002866,407.533
7232650683,7232670185,0,11176160735,11250185933,1321.634
7232653516,11675982487,0,1233322729,3044755215,522.212
7232659594,7232659618,0,3044755215,1233322729,518.992
7232659633,7232659672,0,1233322729,3044755215,808.057
7232659670,11675982486,0,3044755215,1233322729,360.036
7232659672,7232659633,0,3044755215,1233322729,808.057
7232670185,7232650683,0,11250185933,11176160735,1321.634
7233004112,7233048699,0,3822225896,4050649085,1039.404
7233048699,7233004112,0,4050649085,3822225896,1039.404
7233099381,7233154386,0,3044755215,4050649085,346.301
7233099382,7233154387,0,3044755215,4050649085,514.626
7233099384,7233154387,0,3044755215,4050649085,630.954
7233154385,1233306685,0,4050649085,3044755215,349.29
7233154387,7233099384,0,4050649085,3044755215,630.954
7233154390,7233161014,0,3044755215,4050649085,743.23
7233154393,7233161018,0,3044755215,4050649085,377.524
7233154394,7233161019,0,3044755215,4050649085,581.955
7233154394,11633720867,0,3044755215,4050649085,685.399
7233161013,7233099384,0,4050649085,3044755215,741.145
7233161017,7233154392,0,4050649085,3044755215,376.629
7233161019,7233154394,0,4050649085,3044755215,581.955
7233161072,8202725296,0,4050649085,3044755215,524.851
7233161072,7241082962,0,4050649085,3367156838,1255.775
7233179332,7233179337,0,4050649085,3044755215,576.864
7233179337,7233179332,0,3044755215,4050649085,576.864
7233179342,7233154396,0,3044755215,4050649085,512.901
7233461589,7713117336,0,3044755215,4050649085,823.032
7241082962,7233161072,0,3367156838,4050649085,1255.775
7241082962,7241082969,0,3367156838,4050649085,753.204
7241082970,7241082979,0,4050649085,3367156838,780.759
7281336521,1280163397,0,1814651166,12381917927,1561.713
7281336620,7281336619,0,1814651166,12381917927,59.809
7281336620,7281336601,0,1814651166,12381917927,32.617
7281789514,3684963096,0,2401390759,1148754930,166.502
7281789562,4534994846,0,2401390759,4742253048,116.05
7281878582,7281878576,0,1148754930,1290395232,2653.238
7288767672,7288767675,0,9487411581,13747437765,371.51
7288767675,7288767672,0,13747437765,9487411581,371.51
7288820604,4517322371,0,9487411581,13747437765,201.869
7288820606,5825396613,0,9487411581,13747437765,250.219
7288825640,7288825642,0,13747437765,9487411581,239.377
7288825642,7288825640,0,9487411581,13747437765,239.377
7288825643,4835990094,0,9487411581,13747437765,271.61
7295164898,7296662018,0,7295164908,8197771709,918.143
7296662003,8947854513,0,7295164908,8197771709,901.618
7296662018,7295164898,0,8197771709,7295164908,918.143
7390688865,2393265057,0,3367156838,7178880041,189.988
7393377011,1501481915,0,9933767027,10080986063,1430.75
7393377039,7393377029,0,2482884829,9933767027,620.368
7393377039,7393377023,0,2482884829,9933767027,377.245
7393377049,7393377025,0,10080986063,9933767027,544.411
7393377049,7393377061,0,10080986063,2482884829,375.592
7393377075,7393389895,0,9933767027,2482884829,604.989
7393389903,7393389898,0,4742253048,10080986063,935.028
7393389907,9067266402,0,9933767027,10080986063,960.937
7393389907,9067266335,0,9933767027,10080986063,714.395
7393389922,9741462927,0,9933767027,10080986063,365.195
7438202431,7438202466,0,11250185933,3822225896,401.217
7441939710,7441939731,0,9487411581,3030038002,1174.178
7441939731,13757800123,0,3030038002,1459170126,253.956
7474938420,2401239657,0,1148754930,2401390759,7.943
7474938420,13924076083,0,1148754930,11880563955,455.531
7516058177,13850113578,0,7157578628,3822225896,1238.764
7516058178,5331309732,0,3822225896,3367156838,1067.779
7516058178,7516058184,0,3822225896,12247625066,761.289
7614804283,7614809187,0,3030038002,7614809187,43.241
7614809185,7614809187,0,3030038002,7614809187,49.821
7614809190,7614809296,0,7614809187,3030038002,1431.628
7614809193,7614809294,0,7614809187,3030038002,379.028
7614809197,4534772881,0,3030038002,7614809187,336.127
7614809252,4519170220,0,3030038002,7614809187,880.6
7614809296,7614809190,0,3030038002,7614809187,1431.628
7614809330,7614809196,0,7614809187,3030038002,337.388
7614809341,7614809348,0,2045952502,3030038002,327.009
7614809357,7614809360,0,3030038002,2045952502,350.518
7614809363,7614809368,0,2045952502,3030038002,327.245
7614809371,7614809374,0,3030038002,2045952502,199.945
7614809375,7614809385,0,2045952502,3030038002,453.345
7614809375,7614809392,0,2045952502,3030038002,24.18
7614809401,7614809408,0,3030038002,2045952502,29.441
7614809401,7614809482,0,3030038002,2045952502,581.229
7614809446,7614809445,0,3030038002,2045952502,55.188
7614809446,7614809432,0,3030038002,2045952502,100.21
7618118625,1722779716,0,12463139050,2457603193,998.851
7618118647,6345002745,0,9208010658,12463139050,103.829
7674713460,2482882198,0,10080986063,2482884829,831.186
7674713467,7674713465,0,2482884829,10080986063,833.034
7705324217,7707109345,0,7160849932,9487411571,868.826
7705324308,7705324325,0,1459170126,7295164908,468.615
7705324308,6106172721,0,1459170126,7295164908,1796.919
7705324337,7705324340,0,1459170126,9487411571,334.771
7705324342,7705324345,0,9487411571,1459170126,343.316
7705324408,7705324532,0,7295164908,1459170126,825.037
7705324408,7705324482,0,7295164908,1459170126,541.781
7705324416,4836936391,0,1459170126,9487411571,355.096
7705324418,7705324425,0,9487411571,1459170126,353.536
7705324436,4834845193,0,7295164908,9487411571,337.249
7705324450,6106172839,0,7295164908,1459170126,355.165
7705324485,7705324486,0,7295164908,1459170126,395.869
7705324486,7705324423,0,1459170126,7295164908,543.981
7705324488,7705324492,0,1459170126,7295164908,403.435
7705324529,7705324538,0,1459170126,9487411571,1763.033
7705324532,7705324408,0,1459170126,7295164908,825.037
7705324539,7705324535,0,9487411571,1459170126,1761.29
7706785015,7706785080,0,9487411571,7295164908,1536.64
7706785037,7706785039,0,7295164908,1459170126,48.489
7706785043,7706785042,0,7295164908,9487411571,29.802
7706785082,7706785166,0,9487411571,7295164908,582.943
7706785087,7706785098,0,9487411571,7295164908,72.459
7706785087,7706785090,0,9487411571,7295164908,44.525
7706785163,7706785164,0,1459170126,7295164908,24.045
7706785163,7706785086,0,1459170126,7295164908,577.96
7706785185,4834845065,0,9487411571,1459170126,503.395
7706799995,7706799997,0,7160849932,9487411571,579.556
7706800023,5758622999,0,9487411571,7160849932,71.523
7706800023,7706800027,0,9487411571,7160849932,20.427
7706800060,5758623327,0,9487411571,7160849932,208.415
7706800060,7706800065,0,9487411571,7160849932,37.525
7706800095,7706800078,0,9487411571,7160849932,52.397
7706800095,7706800100,0,9487411571,7160849932,55.07
7706800166,4540234732,0,9487411581,13747437765,174.008
7706800166,9425057202,0,9487411581,13747437765,869.343
7707035037,7160832675,0,9487411581,9487411571,337.582
7707035049,7707035037,0,9487411571,9487411581,533.633
7707109388,14050214032,0,9487411571,13747437765,402.042
7707128086,10303877369,0,2401177369,2482884829,297.823
7707128086,2446633747,0,2401177369,2482884829,155.043
7707128092,10302514587,0,2482884829,2401177369,156.133
7710756215,9216077679,0,12247625066,11775535391,310.455
7710756215,7710756219,0,12247625066,11775535391,437.209
7710756216,7710756218,0,12247625066,11775535391,439.114
7710756217,4835000346,0,11775535391,12247625066,1257.375
7710756218,7710756216,0,11775535391,12247625066,439.114
7710756219,7710756215,0,11775535391,12247625066,437.209
7710756228,4870120618,0,6868989296,1887828574,441.356
7710797960,7710807193,0,11176160735,3822225896,1204.117
7710807194,7710797934,0,3822225896,11176160735,1205.589
7710807195,3593772417,0,11176160735,9520799127,992.631
7713099733,4285954502,0,4050649085,11250185933,584.103
7713099733,7713099732,0,4050649085,11250185933,208.262
7713099734,1192680277,0,4050649085,11250185933,989.997
7713099758,4285954538,0,3044755215,11250185933,615.472
7713099758,4540271829,0,3044755215,11250185933,878.647
7713117336,7233461589,0,4050649085,3044755215,823.032
7716138256,7716148392,0,12841249641,3044755109,1079.115
7716138272,5343191010,0,3044755109,12841249641,865.318
7721368019,5760065765,0,7227625036,4541277493,108.267
7729962737,13142625456,0,12463139050,9208010658,636.194
7782310154,1218865146,0,2401177369,2401122715,376.905
7922768498,13908355771,0,4541277493,4181217433,666.484
8114033137,4540133602,0,11250185933,11176160735,598.519
8114033143,4285954559,0,11176160735,11250185933,116.78
8114033143,8114033137,0,11176160735,11250185933,117.969
8114033168,8114033167,0,11250185933,11176160735,1324.438
8130425936,6868989313,0,7157578628,6868989296,630.047
8192055461,8192055473,0,7614809187,2045952502,1100.368
8192055462,8192055475,0,7614809187,2045952502,406.167
8192055484,3503089278,0,4540338550,2045952502,165.862
8192087158,5522651149,0,2045952502,4540338550,1196.13
8192087158,8192087162,0,2045952502,4540338550,398.386
8192138340,4739304812,0,12841249641,3822225896,1166.154
8192138375,4703442135,0,3822225896,12841249641,768.569
8192138377,7710797897,0,3822225896,12841249641,569.354
8192138449,4703442140,0,3822225896,12841249641,846.106
8192138451,12841249643,0,8480339511,12841249641,277.591
8192138451,8192138453,0,8480339511,12841249641,541.677
8192138453,8192138451,0,12841249641,8480339511,541.677
8192138486,8192138493,0,3584782896,12841249641,68.865
8192138488,8192138487,0,3584782896,12841249641,30.726
8192138493,8480339487,0,12841249641,8480339511,410.799
8194368738,2139758155,0,2401122715,3541539575,1433.55
8194368850,8194368851,0,1212025358,1212025348,860.525
8194368851,8194368850,0,1212025348,1212025358,860.525
8194368851,1217544792,0,1212025348,1212025358,273.593
8194866803,8194866807,0,10080986063,9933767027,38.76
8194866803,8194884734,0,10080986063,9933767027,60.579
8194866806,1149116962,0,9933767027,10080986063,899.309
8196196856,11026978001,0,4523470682,3501002866,372.62
8196196874,3501074206,0,3501002866,4523470682,350.031
8196196874,4899656112,0,3501002866,4523470682,492.955
8197495938,4535043725,0,2457603193,2457601089,479.513
8197531688,9211882329,0,1212025348,7227625036,1371.472
8197650529,4516243230,0,5325050705,8358666767,541.534
8197650564,4873564199,0,8358666767,4181217433,480.08
8197650576,4540472547,0,1215926967,8358666767,705.495
8197650583,299848302,0,8358666767,1215926967,77.728
8197650614,13908355785,0,1215926967,7227625036,706.324
8197656620,4540472547,0,7227625036,8358666767,473.705
8197656623,8197656620,0,1215926967,7227625036,663.824
8197656631,8197656646,0,1215926967,7227625036,711.655
8197656632,8197656631,0,7227625036,1215926967,663.611
8197656642,8197650614,0,7227625036,1215926967,730.946
8197663930,651691756,0,1233322729,3044755215,256.992
8197663931,651691788,0,1233322729,3044755215,329.696
8197701277,8967690587,0,1459170126,8197701278,400.304
8197713597,8197713604,0,3030038002,6868989296,488.309
8197713603,11303773481,0,3030038002,6868989296,559.635
8197713604,8197713603,0,6868989296,3030038002,485.964
8197771639,7705324249,0,8197771709,7295164908,633.194
8197771653,8197771645,0,8197771709,7295164908,41.222
8197771653,8197771660,0,8197771709,7295164908,48.92
8197771660,8197771652,0,7295164908,8197771709,343.522
8197771666,5504441244,0,7295164908,3030038002,470.847
8197771666,8947854515,0,7295164908,3030038002,7.687
8197771697,8197771707,0,3030038002,8197771709,8.29
8197771697,8197771717,0,3030038002,8197771709,185.156
8197771702,8197771720,0,8197771709,3030038002,241.765
8197771717,8197771724,0,8197771709,3030038002,537.278
8197771719,8197771701,0,3030038002,8197771709,239.083
8197771724,8197771717,0,3030038002,8197771709,537.278
8197791962,8197791968,0,12247625066,1887828574,141.474
8197791962,8197791961,0,12247625066,1887828574,98.754
8197792008,1887886151,0,1887828574,7157578628,48.43
8197792014,11871879341,0,1887828574,7157578628,123.167
8202679152,1233322810,0,3501002866,1233322729,1033.286
8202679158,8202679157,0,1233322729,3501002866,1046.496
8202725291,1233306968,0,7178880041,3044755215,598.611
8203895741,8203895750,0,2457603193,2457601089,294.008
8203895742,8203895758,0,2457603193,2457601089,1377.472
8203895742,8203895749,0,2457603193,2457601089,614.331
8203895749,8203895742,0,2457601089,2457603193,614.331
8203895751,8203895740,0,2457601089,2457603193,292.827
8203895758,8203895742,0,2457601089,2457603193,1377.472
8203895774,5611476112,0,2457603193,2457601089,624.744
8205167926,4535043725,0,2457603193,2457601089,1514.407
8207331792,1669802006,0,2045952502,7614809187,185.267
8207331793,8207331792,0,7614809187,2045952502,617.106
8209518239,5165225460,0,4181217433,8358666767,28.571
8480339487,12841249644,0,8480339511,12841249641,155.306
8480345785,8480387213,0,8480339511,12841249641,534.971
8480387200,5521090061,0,3584782896,8480339511,776.447
8480387200,8480387202,0,3584782896,8480339511,600.995
8480387202,8480387200,0,8480339511,3584782896,600.995
8480387213,8480345785,0,12841249641,8480339511,534.971
8600114949,299855787,0,3367156838,7178880041,82.562
8600114949,299855747,0,3367156838,299855747,445.574
8600114951,1882138650,0,4181217433,4523470682,26.2
8600114951,8600114950,0,4181217433,8600114950,407.803
8600114958,3501074214,0,8198567118,4523470682,26.544
8600114958,8600114961,0,8198567118,4523470682,562.169
8640236587,13924076166,0,1148754930,2401390759,433.053
8887307682,8887307696,0,7614809187,2045952502,279.289
8887307701,10606489210,0,5343198036,2045952502,347.105
8887307710,8947753856,0,5343198036,3044755109,929.938
8887319027,4540338595,0,4540338550,3734092008,540.453
8891401453,8101553460,0,3030038002,9424855173,591.935
8891401453,4534772800,0,3030038002,9424855173,353.82
8906573129,2401081040,0,5325050705,2401122715,427.033
8910278098,8910280438,0,4525399322,9208010658,1349.041
8910278104,1814651119,0,4525399322,9208010658,82.742
8910278104,4524882373,0,4525399322,9208010658,55.753
8910857111,8910857106,0,9208010658,12463139050,115.564
8910857111,8910280461,0,9208010658,12463139050,80.94
8910857135,8910280478,0,12463139050,9208010658,355.548
8910857178,11801424292,0,12463139050,9208010658,226.513
8910857178,5760052935,0,12463139050,9208010658,64.683
8910857185,8910857189,0,9208010658,12463139050,84.787
8910857185,11799852271,0,9208010658,12463139050,50.63
8910857185,4848956856,0,9208010658,12463139050,61.114
8946817068,9497638844,0,2045952502,7614809187,431.919
8946817070,13585926062,0,2045952502,7614809187,204.827
8946817078,317751693,0,2045952502,7614809187,278.823
8947694372,4519229800,0,7157578628,1887828574,1955.283
8947753833,8947753834,0,4540338550,5343198036,770.136
8947753834,8947753833,0,5343198036,4540338550,770.136
8947753834,9425819506,0,5343198036,4540338550,722.276
8947753853,9425844051,0,4540338550,3044755109,579.291
8947753854,3734097209,0,3044755109,5343198036,229.594
8947854512,7295164899,0,8197771709,7295164908,903.331
8947854514,8197771567,0,8197771709,7295164908,344.569
8948030541,8948030542,0,3030038002,2045952502,570.783
8958991981,3732372470,0,12841249641,3822225896,1240.311
8967690580,7160849936,0,7160849932,9487411581,881.61
8967690582,4540235207,0,7160849932,9487411581,347.708
8967690586,4523404110,0,7160849932,9487411581,359.048
8967690586,8967690585,0,7160849932,9487411581,406.59
8967690587,8197701277,0,8197701278,1459170126,400.304
8967690589,1459170113,0,1459170126,8197701278,595.246
8986590746,11871884121,0,7157578628,3367156838,77.697
9211882329,8197531688,0,7227625036,1212025348,1371.472
9214515692,14181729948,0,2401390759,4742253048,2239.455
9214515692,11505079851,0,2401390759,4742253048,703.645
9216077679,7710756215,0,11775535391,12247625066,310.455
9216077679,9216077682,0,11775535391,1887828574,594.872
9216077682,9216077679,0,1887828574,11775535391,594.872
9216224483,9216224485,0,9933767027,10080986063,429.377
9216224486,9216224482,0,10080986063,9933767027,423.982
9328966118,1882318596,0,7157578628,1880400488,49.971
9328966118,12251702139,0,7157578628,1880400488,582.087
9341257264,1198286930,0,9208010658,12381917927,1457.952
9349974908,4533346268,0,8358666767,4181217433,909.367
9349974908,9350071620,0,8358666767,4181217433,950.558
9350071620,4516243243,0,4181217433,8358666767,480.575
9350071620,9349974908,0,4181217433,8358666767,950.558
9425057202,7706800166,0,13747437765,9487411581,869.343
9425060322,2418582873,0,7160849932,9487411581,545.003
9425060330,1150600399,0,7160849932,1459170126,229.07
9425819492,4534773031,0,9424855173,8197771709,712.114
9425819506,8947753834,0,4540338550,5343198036,722.276
9425844051,8947753853,0,3044755109,4540338550,579.291
9428099038,4540133640,0,11176160735,4050649085,1333.483
9480961760,10824096123,0,1148754930,11880563955,330.753
9486325528,10080033284,0,10080986063,2482884829,795.643
9486842289,9486842278,0,2482884829,10080986063,47.725
9486842289,9486842285,0,2482884829,10080986063,64.733
9486842293,4742678853,0,10080986063,2482884829,281.173
9487411554,9487411576,0,9487411581,9487411571,271.138
9497638844,8946817068,0,7614809187,2045952502,431.919
9497638844,1150948084,0,7614809187,2045952502,594.629
9499906906,14040438987,0,2045952502,7614809187,805.905
9499909455,9499909456,0,7614809187,2045952502,377.393
9499909456,9499909455,0,2045952502,7614809187,377.393
9500017045,7150417194,0,8198567118,7178880041,182.07
9520799141,9520799127,0,11176160735,9520799127,610.99
9587497118,2398956680,0,13778138440,3541539575,104.235
9587497118,5649788635,0,13778138440,3541539575,595.66
9593390865,3875830524,0,9487411571,9933767027,709.405
9593390865,9593390873,0,9487411571,9933767027,313.372
9704772666,1150600186,0,6868989296,2045952502,2065.973
9741448750,6914663495,0,9933767027,10080986063,1103.01
9748315459,6914401847,0,4742253048,10080986063,32.574
9748315459,13132267894,0,4742253048,10080986063,57.558
9794559212,1886777957,0,6868989296,3030038002,434.8
9803032123,5343190985,0,12841249641,3044755109,664.405
9861506789,11299222638,0,12841249641,3822225896,413.892
9861506809,9614330255,0,3822225896,12841249641,18.921
9861506809,9861549732,0,3822225896,12841249641,31.638
9862989142,4524691379,0,4541277493,1212025358,151.006
9893917203,4541277779,0,1212025348,1212025358,275.288
9967436546,7414953042,0,1290395232,11880563955,58.793
9967436546,9967436550,0,1290395232,11880563955,74.477
10080033284,9486325528,0,2482884829,10080986063,795.643
10080033284,5538098708,0,2482884829,10080986063,1116.814
10281923079,8197650583,0,1215926967,8358666767,477.084
10281923079,8197650561,0,1215926967,4181217433,1097.71
10281923089,8197650576,0,8358666767,1215926967,246.646
10299898632,10301823839,0,2482884829,2401177369,691.642
10301823839,10299898632,0,2401177369,2482884829,691.642
10302514512,4742252589,0,2401177369,2482884829,201.697
10302514537,1149116976,0,2482884829,10080986063,346.073
10302514587,14103922907,0,2401177369,2482884829,267.35
10303877459,1220521008,0,2401177369,2482884829,582.322
10303877549,10657877387,0,2401177369,10080986063,2161.761
10606485103,8882508806,0,2045952502,5343198036,800.94
10606489210,10606485052,0,2045952502,5343198036,23.115
10606541017,3248177013,0,3501002866,1233322729,5922.734
10657877387,10303877549,0,10080986063,2401177369,2161.761
10677640093,10677640101,0,5325050705,4181217433,1135.169
10677640102,5988973946,0,4181217433,5325050705,1137.514
10736776223,1150606478,0,7160849932,9487411581,807.869
10736776226,5758623089,0,7160849932,9487411581,823.358
10797074075,4123428358,0,9208010658,12463139050,1637.508
10824096123,9480961760,0,11880563955,1148754930,330.753
10826161723,2418779799,0,2457603193,9208010658,786.969
10921920752,4261883420,0,8358666767,5325050705,443.805
10921920758,1834257344,0,8358666767,5325050705,491.891
11028873801,11028873802,0,4523470682,3501002866,282.05
11028873801,6314844885,0,4523470682,3501002866,138.759
11028873802,11028873801,0,3501002866,4523470682,282.05
11028873802,11389787988,0,3501002866,4523470682,234.053
11028893911,11389787988,0,3501002866,4523470682,258.179
11028893912,11028893913,0,3501002866,4523470682,551.692
11028893913,11028893912,0,4523470682,3501002866,551.692
11029509098,11029509101,0,7178880041,3367156838,8.344
11029509102,11029509101,0,7178880041,3367156838,165.261
11029544410,1233306602,0,7178880041,3044755215,221.651
11029544417,11244942481,0,7178880041,3367156838,460.802
11088633759,11088633770,0,6868989296,1459170126,189.972
11088633765,1884975510,0,6868989296,1880400488,332.261
11088633769,11088633756,0,1459170126,6868989296,191.126
11088633778,11088633768,0,1459170126,6868989296,114.858
11185062055,11185062061,0,3822225896,4050649085,27.641
11185062055,11185062057,0,3822225896,4050649085,33.926
11202872008,7154206557,0,3541539575,11880563955,1051.894
11244942481,11029544417,0,3367156838,7178880041,460.802
11250186672,3732361114,0,4050649085,12247625066,105.287
11252257659,4523471933,0,1233322729,3501002866,765.055
11258898939,11258898945,0,3541539575,2401122715,1472.732
11258898945,11258898939,0,2401122715,3541539575,1472.732
11270842925,5180958611,0,9487411581,7160849932,339.901
11296518785,14058685620,0,2401122715,2401177369,2930.82
11296539085,2152896631,0,4541277493,4181217433,604.411
11296539087,11296539090,0,4541277493,1212025358,493.112
11296539091,11296539088,0,1212025358,4541277493,493.709
11296860206,1220522229,0,2482884829,13778138440,102.388
11296860263,9486041525,0,3491030918,11880563955,114.153
11299240980,13439313135,0,12841249641,3044755109,12.985
11303773594,1186631543,0,8198567118,1880400488,59.986
11303773602,11303773604,0,8198567118,1880396007,105.064
11303773604,11303773602,0,1880396007,8198567118,105.064
11303773605,11303773606,0,1880396007,8198567118,109.378
11303773606,11303773605,0,8198567118,1880396007,109.378
11303773608,11303773610,0,1880396007,8198567118,282.135
11303773610,1880483301,0,8198567118,1880396007,151.959
11303773610,11303773608,0,8198567118,1880396007,282.135
11303773624,11303773635,0,1880396007,8198567118,93.241
11303773624,11303773634,0,1880396007,8198567118,74.235
11303773634,1880477808,0,8198567118,1880396007,113.594
11303773634,11303773624,0,8198567118,1880396007,74.235
11303773635,1880480117,0,8198567118,1880396007,125.083
11303773635,11303773624,0,8198567118,1880396007,93.241
11335230464,6914731383,0,1290395232,1150768887,619.344
11357531636,5570791453,0,3822225896,12841249641,1406.496
11385061847,2401209046,0,10080986063,2401390759,174.137
11385061847,11385061848,0,10080986063,2482884829,181.483
11385061875,13927940967,0,2482884829,11880563955,38.02
11385061875,13927941014,0,2482884829,11880563955,53.832
11389753397,1218942837,0,2401122715,2401177369,58.274
11389753398,3184921965,0,2401122715,2401177369,207.341
11389787988,11028893911,0,4523470682,3501002866,258.179
11389787988,11028873802,0,4523470682,3501002866,234.053
11433471985,11433471992,0,9933767027,10080986063,75.147
11433471986,11433471985,0,10080986063,9933767027,83.28
11433471992,6914401861,0,10080986063,9933767027,236.405
11433472000,11433472018,0,10080986063,9933767027,408.612
11433472017,11433472009,0,9933767027,10080986063,397.992
11465867886,1886727454,0,1887828574,6868989296,202.721
11478413435,13842080674,0,2401122715,13369051339,481.637
11478416212,13842080559,0,3541539575,2401122715,523.924
11490097487,5758657673,0,4181217433,7227625036,1161.828
11490097507,11490097554,0,7227625036,4181217433,602.439
11490097511,11490097518,0,7227625036,4181217433,370.228
11490097511,11490097560,0,7227625036,4541277493,514.998
11490097520,11490097494,0,4541277493,4181217433,210.492
11490097520,11490097486,0,4541277493,4181217433,312.352
11490097555,11490092257,0,4541277493,4181217433,2307.482
11490097577,3859979682,0,4181217433,4541277493,218.234
11503205313,3018675926,0,12463139050,9208010658,3128.722
11628608191,3501002864,0,1233322729,3501002866,592.858
11628608192,3501002863,0,1233322729,3501002866,735.018
11633720867,11633720868,0,4050649085,3044755215,509.947
11633720867,7233154394,0,4050649085,3044755215,685.399
11633741980,11633741983,0,3044755215,1233322729,1184.196
11675982485,7232659671,0,1233322729,3044755215,361.265
11675982486,11675982487,0,1233322729,3044755215,680.082
11675982487,11675982486,0,3044755215,1233322729,680.082
11675982487,7232653516,0,3044755215,1233322729,522.212
11699967576,4540338650,0,12247625066,4050649085,886.063
11699967582,11250186672,0,12247625066,4050649085,486.073
11795227496,1290413712,0,11880563955,1290395232,176.16
11795227497,1290413712,0,11880563955,1290395232,304.198
11795250768,1205476710,0,1290395232,11880563955,668.395
11799781207,8910857092,0,9208010658,12463139050,19.384
11799790859,11799790865,0,12463139050,9208010658,41.049
11801424341,11801424364,0,9208010658,12463139050,329.784
11801424362,11801424368,0,9208010658,12463139050,33.906
11801437689,8910280464,0,9208010658,12463139050,260.521
11803961996,1865257996,0,12463139050,9208010658,56.805
11804975274,11801437685,0,12463139050,9208010658,255.706
11804975283,13380284884,0,12463139050,9208010658,56.851
11804975283,13380361519,0,12463139050,9208010658,131.919
11804975284,8909981017,0,9208010658,12463139050,1130.174
11832177805,4524882373,0,12463139050,9208010658,103.448
11832177805,4534945208,0,12463139050,9208010658,63.175
11861349636,1717910901,0,2457603193,9208010658,354.54
11861491817,2477288773,0,2457603193,2457601089,3308.711
11870638297,1215732343,0,3541539575,13778138440,25.462
11870638297,11870638303,0,3541539575,13778138440,43.062
11870638344,1214508973,0,13778138440,2401177369,60.815
11870638344,4516243227,0,13778138440,2401177369,42.659
11871477264,1220521726,0,3541539575,13778138440,29.769
11871477264,1215715322,0,3541539575,13778138440,49.72
11871884077,3578501613,0,3367156838,7157578628,15.153
11873541266,1907856823,0,1290395232,11880563955,36.417
11873541266,1210058621,0,1290395232,11880563955,49.978
11873553616,11873553623,0,11880563955,1290395232,37.048
11876009378,3578501636,0,12247625066,7157578628,38.977
11876009382,12251702105,0,12247625066,7157578628,180.115
11876009382,11876009384,0,12247625066,7157578628,43.285
11876009394,3578501283,0,7157578628,3367156838,52.162
11876009394,11876009385,0,7157578628,3367156838,55.054
11876476598,1884990073,0,1459170126,6868989296,397.143
11878347571,9425844027,0,5343198036,4540338550,249.452
11885769165,8910265178,0,9208010658,12463139050,594.429
11889153048,13380361515,0,12463139050,9208010658,252.295
11957148131,5649788635,0,13778138440,3541539575,750.629
12149866841,1886635180,0,8198567118,1880400488,220.972
12149962845,4519229803,0,8198567118,1880400488,1072.499
12157829710,13842080820,0,3541539575,13369051339,480.515
12157874341,617551820,0,3541539575,13369051339,46.101
12157874349,4516243457,0,8358666767,13369051339,49.489
12157874349,12157874353,0,8358666767,13369051339,60.802
12159176309,2398956673,0,13778138440,3541539575,93.181
12161431920,1880506150,0,8198567118,1880396007,91.135
12161544896,2393265055,0,1233322729,3044755215,128.164
12161544896,12161544890,0,1233322729,3044755215,99.517
12161579996,1973301982,0,1233322729,4523470682,529.972
12161580012,4539353913,0,1233322729,4523470682,234.644
12162675625,1406772766,0,11880563955,3541539575,453.401
12163492916,1218886815,0,3541539575,2401122715,250.733
12163492922,12163492923,0,3541539575,2401122715,675.348
12163492923,12163492922,0,2401122715,3541539575,675.348
12164876477,8192055484,0,2045952502,4540338550,240.886
12174256904,12174256914,0,4181217433,5325050705,300.74
12174256909,4541698702,0,4181217433,5325050705,324.732
12174256909,12174256913,0,4181217433,5325050705,398.762
12174256913,12174256909,0,5325050705,4181217433,398.762
12174256915,12174256905,0,5325050705,4181217433,300.698
12174827994,13530638625,0,13369051339,8358666767,73.688
12174827994,12174827997,0,13369051339,8358666767,101.211
12178270138,1561300938,0,3584782896,11176160735,1306.171
12249915676,3367156817,0,3367156838,4050649085,124.37
12251667890,2320987456,0,7157578628,12247625066,438.952
12251702139,9328966118,0,1880400488,7157578628,582.087
12277812485,2401101701,0,13369051339,8358666767,1686.956
12280750843,4516243251,0,8358666767,4181217433,159.989
12280750843,12280750844,0,8358666767,4181217433,758.64
12280750844,4516243456,0,4181217433,8358666767,484.842
12280750844,12280750843,0,4181217433,8358666767,758.64
12401558222,4516217402,0,9487411581,7160849932,1283.529
12401558237,642989764,0,7160849932,9487411581,10.564
12401558237,12178240765,0,7160849932,9487411581,272.722
12401558250,6624482563,0,2045952502,1459170126,566.285
12401558250,12401558256,0,2045952502,1459170126,1053.704
12401558256,12401558250,0,1459170126,2045952502,1053.704
12401558260,4516217357,0,1459170126,2045952502,724.46
12421911314,8196196856,0,3501002866,4523470682,264.184
12473644511,1224846338,0,13369051339,3541539575,621.918
12473644511,1224846294,0,13369051339,11880563955,228.837
12802032521,1196689538,0,1290395232,11880563955,1002.563
12802032596,1196689510,0,11880563955,1290395232,1390.252
12802547736,12802598332,0,1290395232,11880563955,814.096
12802547749,1199840512,0,1290395232,11880563955,649.501
12802598320,12802598332,0,1290395232,11880563955,465.733
12802598332,12802547736,0,11880563955,1290395232,814.096
12802598332,12802598320,0,11880563955,1290395232,465.733
12840307059,3734086280,0,5343198036,4540338550,290.979
12840314046,3734086270,0,4540338550,5343198036,960.699
12840314065,3734086275,0,5343198036,4540338550,502.528
12840314065,9317633959,0,5343198036,4540338550,1413.864
12841249620,12841249618,0,3044755109,12841249641,49.339
12841249620,5343190974,0,3044755109,12841249641,13.893
12841249644,8480339511,0,12841249641,8480339511,131.864
12841249662,12841249669,0,12841249641,3584782896,156.61
12848608570,1196701912,0,1290395232,13369051339,1110.101
12941904329,3977329418,0,11880563955,13369051339,269.441
12949056180,13772978132,0,2401177369,13778138440,85.515
12969418881,12969418897,0,2045952502,6868989296,2074.281
12969418897,4835911366,0,6868989296,1459170126,687.785
12969418898,6868869434,0,6868989296,1459170126,494.098
12969485101,6868869435,0,6868989296,1459170126,483.634
12969485116,1150600152,0,6868989296,1459170126,353.014
13142625455,11889153048,0,9208010658,12463139050,622.671
13202875911,4539353919,0,1233322729,7178880041,743.077
13206124602,13206124623,0,4523470682,7178880041,178.947
13206124623,3501048381,0,7178880041,4523470682,113.216
13206124623,13206124602,0,7178880041,4523470682,178.947
13246423601,1196701888,0,11880563955,13369051339,579.848
13380361514,11889153194,0,9208010658,12463139050,251.699
13380361516,11889153194,0,9208010658,12463139050,316.831
13415965133,1885077254,0,7157578628,1880400488,945.426
13439313135,11299240981,0,3044755109,12841249641,630.565
13439313135,13439313134,0,3044755109,12841249641,37.138
13439313147,13439313149,0,12841249641,3044755109,636.349
13439313155,13439313308,0,12841249641,3044755109,440.718
13459792906,7150417260,0,4523470682,7178880041,361.315
13530610589,1408364582,0,3541539575,13369051339,1033.478
13530610589,13691971836,0,3541539575,13369051339,94.27
13530638657,617564342,0,8358666767,13369051339,62.149
13530638657,13530638652,0,8358666767,13369051339,92.67
13530638660,2401160898,0,8358666767,13369051339,55.671
13530638660,13530638666,0,8358666767,13369051339,77.344
13530638666,2401160906,0,13369051339,8358666767,149.504
13570134512,13669924974,0,1150768887,1290395232,858.57
13585926062,8946817070,0,7614809187,2045952502,204.827
13606713110,13606713129,0,1459170126,7160849932,42.839
13606713110,13606713119,0,1459170126,7160849932,67.176
13688690475,1210354196,0,1814651166,1290395232,907.439
13691971835,4539344375,0,13369051339,3541539575,345.675
13692380591,1408367590,0,3541539575,13369051339,565.871
13692380591,1408367568,0,3541539575,13369051339,450.71
13692380592,1406781301,0,3541539575,13369051339,270.284
13706969768,12157874344,0,3541539575,13369051339,16.3
13706969768,13726232399,0,3541539575,13369051339,839.869
13712749575,13712749568,0,1290395232,1148754930,625.61
13747340553,13747437747,0,7160849932,9487411571,1073.35
13747437565,7706785209,0,9487411571,7295164908,637.54
13747437569,7706785059,0,7295164908,9487411571,29.196
13747437569,13747437565,0,7295164908,9487411571,18.733
13747437812,13747012234,0,7160849932,1459170126,737.262
13747437841,13747437805,0,1459170126,7160849932,759.988
13747449286,13747449281,0,1459170126,7160849932,52.278
13747449286,13747437812,0,1459170126,7160849932,800.021
13772869031,13772869020,0,2401177369,2482884829,791.496
13772978119,5758622986,0,13778138440,2401177369,666.044
13819683188,4736395765,0,11176160735,3822225896,498.944
13819742682,1862956878,0,7227625036,1212025348,311.059
13819742682,13819742641,0,7227625036,1212025348,351.221
13832197018,10677599556,0,7227625036,1212025348,92.738
13832197018,13832197011,0,7227625036,1212025348,83.528
13832197025,7227374672,0,7227625036,1212025348,38.332
13842080207,13842080212,0,3541539575,13369051339,40.763
13842080207,13842080213,0,3541539575,13369051339,52.065
13842080212,1446233440,0,13369051339,3541539575,146.58
13842080227,5758615079,0,3541539575,13369051339,308.862
13842080582,13842080596,0,2401122715,3541539575,631.28
13842080643,4516243314,0,2401122715,3541539575,874.142
13842080674,13842080673,0,13369051339,3541539575,287.553
13842080675,11478413437,0,13369051339,2401122715,480.905
13842080676,1835360721,0,3541539575,13369051339,287.357
13842080680,13842080676,0,13369051339,3541539575,691.006
13842080707,11478413439,0,3541539575,2401122715,31.246
13842080707,13842080703,0,3541539575,2401122715,57.548
13842080720,13842080669,0,2401122715,3541539575,401.421
13842080820,12157829710,0,13369051339,3541539575,480.515
13847623932,13847623930,0,10080986063,2482884829,434.483
13847623935,13847623934,0,2482884829,10080986063,435.796
13850102055,13850102054,0,7157578628,12247625066,818.593
13850102080,3732339988,0,1887828574,7157578628,265.77
13850113476,5331335585,0,1887828574,7157578628,500.334
13850708869,4516243610,0,2401122715,13369051339,63.588
13850708901,4516243239,0,13369051339,2401122715,87.54
13850708901,13850708893,0,13369051339,2401122715,100.97
13863469875,13869090897,0,5325050705,2401122715,403.234
13866696851,5325050492,0,2401122715,5325050705,2523.906
13869090899,13869091176,0,2401122715,5325050705,1104.08
13869090900,8809166316,0,5325050705,2401122715,7.812
13869090900,13869090899,0,5325050705,2401122715,256.175
13869091211,13863469874,0,2401122715,5325050705,64.886
13869091211,13869091217,0,2401122715,5325050705,87.783
13869091218,13869090904,0,5325050705,2401122715,499.12
13869407754,4517328385,0,5325050705,2401122715,340.065
13872516353,12174256911,0,4181217433,5325050705,469.166
13874080330,4516243530,0,4181217433,5325050705,175.209
13874080491,4516243500,0,5325050705,4181217433,53.301
13874080491,13874080482,0,5325050705,4181217433,80.063
13892936577,13892936570,0,2482884829,10080986063,428.548
13894791908,4182794767,0,4742253048,10080986063,56.267
13895047467,2482878560,0,10080986063,4742253048,15.426
13898715888,2401390749,0,10080986063,2401390759,246.594
13898716001,13898716000,0,10080986063,2401390759,243.516
13903347716,13903347698,0,4181217433,4523470682,483.719
13903348185,13903348202,0,1880396007,8198567118,306.806
13903348205,9080888576,0,8198567118,1880396007,104.975
13908355771,7922768498,0,4181217433,4541277493,666.484
13908355776,7721368019,0,4181217433,7227625036,977.218
13908355782,7227624534,0,4181217433,7227625036,1187.06
13908355785,13908355782,0,7227625036,4181217433,980.658
13924075657,13924075645,0,2401390759,1148754930,126.22
13924076068,1734799534,0,2401390759,11880563955,10.903
13924076069,2401209086,0,11880563955,2401390759,211.394
13924076069,13924076068,0,11880563955,2401390759,309.123
13924076072,2401209020,0,11880563955,2401390759,504.948
13924076073,13924076072,0,2401390759,11880563955,163.057
13924076083,7474938420,0,11880563955,1148754930,455.531
13924076100,13924076099,0,4742253048,2401390759,281.935
13924076166,13924076163,0,2401390759,1148754930,512.759
13927940961,13927940955,0,11880563955,2401390759,200.593
13927940976,2401209625,0,11880563955,2482884829,584.576
13927941084,2401209040,0,2482884829,10080986063,238.783
13927941087,2401209052,0,2482884829,10080986063,181.627
13927941120,13927941118,0,10080986063,2401390759,230.177
13930197853,13930197863,0,1148754930,11880563955,421.306
13930199131,8480471071,0,1290395232,11880563955,27.114
13930199131,2398924990,0,1290395232,11880563955,44.194
13930199174,3799179958,0,2401390759,1148754930,48.441
13930199174,13930199173,0,2401390759,1148754930,38.014
13945514220,13945512990,0,12463139050,2457603193,4670.027
14040438983,8207331796,0,2045952502,7614809187,22.679
14040438983,14040438987,0,2045952502,7614809187,317.687
14040438987,9499906906,0,7614809187,2045952502,805.905
14050213874,895719146,0,13747437765,9487411571,375.624
14050213880,4835990080,0,13747437765,9487411581,870.441
14050214032,14050214034,0,13747437765,9487411571,1711.933
14050214034,14050214032,0,9487411571,13747437765,1711.933
14058678888,11296518784,0,2401177369,2401122715,2951.364
14103922699,10310299095,0,2482884829,2401177369,437.531
14103922910,10303877336,0,2482884829,2401177369,271.459
14181729949,8909899980,0,10080986063,4742253048,2259.314
14181729949,11505079866,0,10080986063,4742253048,575.804
14181729963,7674713296,0,10080986063,9933767027,536.705
14181729985,14181729966,0,9933767027,10080986063,537.553
