node,nearest_gen,dist
267620065,1148754930,2025.4
286073041,4181217433,3396.5
286073497,1814651166,6456.4
286073586,9208010658,6144.2
286073597,9208010658,4885.2
286074115,1814651166,1142.4
286074133,1814651166,1248.8
286074140,1814651166,1397.3
286074142,1814651166,1456.4
286074405,1290395232,5222.7
286075945,3822225896,4021.4
286076008,12247625066,987.4
286076143,8198567118,1405.8
286076166,8198567118,1162.3
286085676,7157578628,2437.1
299847938,4181217433,4747.8
299847951,4523470682,2025.2
299848027,4523470682,1826.9
299848269,7178880041,1923.5
299848302,1215926967,965.8
299848306,4181217433,1501.0
299851814,4181217433,435.2
299851875,8358666767,2667.7
299853235,4181217433,792.9
299853238,4181217433,1501.4
299853241,4181217433,1664.3
299853805,4181217433,1591.5
299855721,299855747,1250.5
299855747,299855747,0.0
299855760,299855747,702.2
299855779,7178880041,1825.9
299855783,7178880041,2158.7
299855787,7178880041,2213.7
299989195,4181217433,540.1
299989224,4181217433,2126.6
299989225,4181217433,2240.7
299992443,8358666767,3710.7
299992458,8358666767,3919.7
300798309,3367156838,49.4
300799139,4540338550,2943.7
300799145,4540338550,1460.3
300799148,4540338550,33.1
300799151,5343198036,384.0
300799156,5343198036,2616.7
300799159,5343198036,2659.5
300799472,9933767027,3270.2
300800971,9487411571,6287.0
300802226,-1,-1.0
300802424,9487411571,10180.5
303295850,3541539575,1968.7
303296886,3541539575,2070.2
316974470,2401177369,6709.5
316974478,9487411581,3524.6
316991016,7160849932,2468.9
316991022,7160849932,3435.3
316995510,1880400488,1838.8
317003603,1880396007,2258.9
317003611,1880400488,1274.0
317005531,2401122715,1469.6
317005532,2401122715,1127.0
317005546,2401122715,931.9
317006206,2401177369,2711.7
317114802,1880400488,1038.4
317116256,1880396007,2011.3
317123313,2045952502,2478.8
317123612,7295164908,838.8
317183591,2401177369,1699.8
317183699,2401177369,2236.5
317184167,2401177369,1564.2
317184173,2401177369,1455.7
317184176,2401177369,1553.4
317184183,13778138440,1648.3
317406902,8198567118,2034.4
317407286,1880396007,3186.8
317408037,1880396007,3035.2
317747466,13747437765,1758.9
317747516,9487411581,2136.0
317751542,2045952502,234.8
317751693,7614809187,1101.8
317751726,3030038002,1187.7
317751805,2045952502,1745.7
317751895,3030038002,1707.2
317751904,3030038002,662.7
317752112,1459170126,1441.7
317756854,13778138440,1472.1
317756858,13778138440,1391.1
317756898,2401177369,1899.7
319230024,3822225896,2817.4
319230036,-1,-1.0
319230122,3044755215,6560.5
385057814,4181217433,2053.0
385057927,299855747,4412.8
385057960,4181217433,1679.6
385057973,4181217433,1360.0
385062593,-1,-1.0
506157801,2482884829,1902.4
597420850,13369051339,2214.6
597420860,13369051339,1836.1
597420882,13369051339,2102.7
597420892,13369051339,1339.6
597420896,13369051339,1481.1
597420913,3541539575,1450.4
597420919,3541539575,1569.3
597420987,3541539575,1847.7
613500233,4181217433,2875.3
613500236,4181217433,1597.2
613500237,4181217433,848.6
613500254,4181217433,1245.6
617551820,13369051339,2070.1
617564308,13369051339,2951.8
617564324,13369051339,792.5
617564331,13369051339,2032.5
617564335,13369051339,1803.7
617564342,13369051339,1714.0
617564354,3541539575,1923.1
635971940,9208010658,8580.7
635971975,2457603193,17939.5
635971996,-1,-1.0
642989453,7178880041,1502.4
642989469,7178880041,235.4
642989629,7160849932,4053.3
642989721,9487411581,1852.7
642989728,9487411581,1904.8
642989740,9487411581,1995.3
642989747,9487411581,1945.0
642989764,9487411581,2078.3
642989769,9487411581,2026.4
642993863,1459170126,3504.2
642993879,1459170126,3520.0
642993896,1459170126,3560.9
648969693,7157578628,1580.1
648969695,7157578628,2509.1
648969698,7157578628,1946.6
648969731,7157578628,2869.0
648969735,7157578628,3111.0
648969744,7178880041,2574.6
648969763,8198567118,2169.3
648969776,8198567118,2108.4
648969813,8198567118,1966.5
648969815,7178880041,2517.9
648969832,8198567118,1634.6
648969839,7157578628,563.7
648969857,3367156838,1287.9
648969870,7178880041,1719.2
648969887,7178880041,876.5
648969895,7178880041,1777.7
648969898,7178880041,1352.7
648969899,7178880041,1448.7
651691750,7178880041,2411.1
651691756,3044755215,2959.3
651691764,3044755215,2440.3
651691783,1233322729,2544.8
651691788,3044755215,3276.7
651691796,3044755215,2930.6
653438798,8198567118,4997.3
653438806,7157578628,2253.3
653438810,7178880041,2954.0
653438824,8198567118,989.3
656217792,8198567118,948.2
656217809,7178880041,823.7
656217810,7178880041,1397.8
656217811,7178880041,1414.3
656217812,7178880041,545.3
656217817,8198567118,1902.5
656217818,8198567118,2037.5
656217819,8198567118,1899.1
694059597,4181217433,2076.9
694059639,4181217433,3087.9
694059734,4181217433,2437.7
694059793,4181217433,1877.9
694059799,4181217433,2502.5
694060932,4181217433,1492.5
694060938,4181217433,2626.7
694061157,4181217433,1582.7
696952512,4541277493,1982.6
696952526,1212025358,1884.5
696981355,7160849932,1376.0
837956951,10080986063,2962.6
837956968,10080986063,3162.2
837956972,10080986063,3086.6
837956985,4742253048,3034.3
837956998,4742253048,3123.0
837957019,4742253048,3601.8
837957033,4742253048,4270.9
837957036,4742253048,4437.2
837957043,4742253048,5102.8
837957265,10080986063,2046.4
837959231,4742253048,4842.1
837959232,4742253048,4064.2
837970927,9933767027,4665.9
838312901,11880563955,1519.2
838312904,11880563955,1815.7
838312921,11880563955,2226.6
838312926,11880563955,2497.2
838313533,11880563955,1974.9
838313738,11880563955,21.1
838320673,11733956990,1838.2
838320717,11733956990,1651.2
838320720,11733956990,2115.3
838320724,11733956990,1834.6
838320725,-1,-1.0
845686557,1290395232,3866.8
858236881,3044755215,2628.7
895719146,9487411571,1451.1
895719158,9487411571,1273.2
895719192,9487411571,2399.8
895719416,9487411571,2578.5
895719436,9487411581,443.0
901269356,1814651166,5512.9
914652005,3584782896,3169.5
979935996,11880563955,4434.7
979935998,11880563955,4250.6
979936015,13369051339,3457.7
979937331,11880563955,4846.5
979940440,13369051339,1969.6
1014368356,4181217433,499.7
1014368363,4181217433,708.6
1014368372,4181217433,465.6
1014368377,4181217433,822.4
1014368379,4181217433,399.8
1014368382,4181217433,809.8
1014368387,4181217433,1191.9
1014368392,4181217433,1302.5
1014368393,4181217433,961.9
1014368397,4181217433,994.1
1080932492,9208010658,6678.4
1084460426,3584782896,2255.5
1084461959,3584782896,2614.0
1084461960,3584782896,1498.9
1084461963,3584782896,1801.0
1084461972,3584782896,976.6
1124348558,4742253048,2089.4
1124414181,4742253048,4510.4
1124414182,4742253048,5034.8
1124414187,4742253048,5302.5
1124414212,4742253048,4072.8
1124414216,4742253048,4647.9
1124414301,4742253048,3738.4
1124414305,4742253048,3829.8
1124414313,4742253048,4755.6
1124414320,4742253048,4238.8
1124414321,4742253048,4393.6
1124414324,4742253048,5373.3
1124414325,4742253048,5685.0
1124414329,4742253048,3994.3
1124470906,4742253048,4340.0
1124470908,4742253048,4351.8
1124470941,4742253048,4435.1
1124470943,4742253048,5150.4
1124470962,4742253048,5679.1
1124470964,4742253048,5999.0
1124470968,4742253048,5409.2
1124470970,4742253048,5348.3
1124470972,4742253048,5099.7
1124470973,4742253048,4862.3
1124470975,4742253048,5000.6
1124470979,4742253048,7081.9
1124470996,4742253048,6707.0
1124471008,4742253048,4423.5
1124474696,12381917927,3775.2
1124474698,12381917927,3408.7
1124474701,12381917927,3841.1
1124474705,12381917927,5395.6
1124474713,9208010658,4072.8
1124474715,9208010658,3498.6
1124475789,12381917927,4168.9
1124475792,12381917927,5102.8
1124476633,12381917927,3687.1
1124476636,12381917927,3484.9
1124476637,12381917927,3119.0
1124476777,12381917927,3413.4
1124476778,12381917927,3048.3
1124484612,12381917927,2722.6
1124484621,12381917927,2108.1
1124505152,12381917927,4208.0
1124505156,9208010658,4765.7
1124505158,9208010658,4565.7
1124507245,12381917927,4713.4
1124507255,12381917927,3954.7
1124510061,12381917927,3247.0
1124730360,12381917927,4386.6
1124730362,12381917927,4775.8
1124737702,12381917927,3673.6
1124737704,12381917927,3443.4
1124737707,12381917927,3259.7
1124745594,12381917927,3593.5
1124851790,4742253048,4474.3
1124851792,4742253048,4703.1
1124851793,4742253048,4754.6
1124851797,4742253048,4830.5
1124851799,4742253048,4965.1
1124861508,4742253048,4892.3
1124861512,4742253048,5342.3
1125840424,1814651166,1529.4
1125840426,1814651166,1009.5
1125840430,1814651166,1053.2
1125840454,4742253048,5667.0
1125840460,4742253048,2213.3
1125840591,2401390759,694.7
1136871011,8197771709,3380.6
1137627685,9487411571,742.5
1137627691,9487411571,1082.4
1137627699,9487411571,1212.2
1137627722,9487411571,239.1
1137627740,9487411571,627.2
1137627809,9487411571,2481.3
1137627915,9487411571,1191.3
1140350466,4742253048,2451.8
1140350477,4742253048,3478.7
1140522925,4742253048,5530.6
1140522966,9208010658,2749.4
1140522989,4742253048,5564.3
1140522995,4742253048,5392.6
1140523115,1140523115,0.0
1140523149,4742253048,5166.6
1140523153,4742253048,5563.2
1140523161,4742253048,5660.2
1140540207,2401390759,1451.9
1143279375,9208010658,3867.7
1143279379,9208010658,4115.6
1143279392,9208010658,5511.7
1143279393,9208010658,3452.3
1143279404,9208010658,4539.8
1143279407,9208010658,4150.3
1143279408,9208010658,3132.7
1143279420,9208010658,4042.5
1143279423,9208010658,3605.4
1143279425,9208010658,4378.2
1143279434,9208010658,5216.7
1143279438,9208010658,4547.8
1143279452,9208010658,4388.3
1143279462,9208010658,4350.5
1143289197,12381917927,2628.3
1143289220,12381917927,2953.9
1143290647,12381917927,3654.3
1143290820,12381917927,4326.4
1143290821,12381917927,4342.7
1143293129,12381917927,4573.9
1143293131,12381917927,4896.8
1143293140,12381917927,3299.7
1143293142,12381917927,3056.4
1143293143,12381917927,3779.3
1143293694,12381917927,3246.8
1143293696,12381917927,2818.7
1143293729,12381917927,2869.6
1143293735,1814651166,2763.2
1143293737,12381917927,2526.1
1143293738,12381917927,2753.1
1143293739,12381917927,2335.6
1143333550,4742253048,5557.1
1143403093,4742253048,4774.5
1143403095,4742253048,4929.7
1143420682,4742253048,4847.1
1143420691,4742253048,5338.5
1143420701,4742253048,5465.1
1143420755,4742253048,5354.8
1143420778,4742253048,5366.3
1143420783,4742253048,5870.6
1143420793,4742253048,5252.2
1143420852,4742253048,4280.0
1143420978,4742253048,5314.0
1143424420,4742253048,4475.7
1143424421,4742253048,4216.5
1143424422,4742253048,4393.3
1143424431,4742253048,4331.7
1143435675,4742253048,4323.4
1143435678,4742253048,4160.3
1143435692,4742253048,3975.9
1143435693,4742253048,4195.2
1143435698,4742253048,3823.4
1143435705,4742253048,4030.0
1143435706,4742253048,3827.9
1143435710,4742253048,4217.8
1143435712,4742253048,4003.8
1143435714,4742253048,3786.8
1143435718,4742253048,4099.2
1143435730,4742253048,3762.0
1143435736,4742253048,3579.4
1143435737,4742253048,3902.5
1143435738,4742253048,3686.8
1143435740,4742253048,3627.4
1143435747,4742253048,4198.9
1143435749,4742253048,4262.4
1143453703,4742253048,4424.3
1143453707,4742253048,4077.2
1143453718,4742253048,4328.0
1143453726,4742253048,3923.2
1143453728,4742253048,4151.7
1143453729,4742253048,4227.5
1143453733,4742253048,3671.1
1143453735,4742253048,4205.6
1143453739,4742253048,4061.8
1143453742,4742253048,4206.3
1143453768,4742253048,4303.5
1143453792,4742253048,3829.7
1143453799,4742253048,3860.3
1143453800,4742253048,4416.7
1143453804,4742253048,4278.4
1143453805,4742253048,4126.1
1143453811,4742253048,2585.2
1143453813,4742253048,4392.1
1143453825,4742253048,3959.7
1143453839,4742253048,3061.7
1143453845,4742253048,3969.1
1143453858,4742253048,4349.7
1143453865,4742253048,3890.9
1143453872,4742253048,4277.7
1143453883,4742253048,4141.4
1143453885,4742253048,4296.6
1143453888,4742253048,3873.2
1143453889,4742253048,4342.6
1143453903,4742253048,3553.7
1143453928,4742253048,4006.5
1143465468,4742253048,4045.8
1143465488,4742253048,4126.5
1143465509,4742253048,4077.3
1143465545,4742253048,4261.2
1143465550,4742253048,4227.1
1143465563,4742253048,4192.7
1143465621,4742253048,4631.4
1143465667,4742253048,4118.4
1143465682,4742253048,4002.3
1143750553,9208010658,4152.6
1143750600,9208010658,4326.2
1143771119,12381917927,5545.5
1143771146,1814651166,3714.9
1143771207,12381917927,5157.4
1143771303,12381917927,6154.3
1143771359,9208010658,4666.5
1143780465,12381917927,4979.8
1143783990,12381917927,3570.1
1143790416,12381917927,3765.1
1143790451,12381917927,3335.2
1143790467,12381917927,3536.6
1143965868,9208010658,3503.6
1144975763,1148754930,1881.8
1144975815,1148754930,1906.2
1144975841,1290395232,3198.6
1145134716,9933767027,3850.4
1145134717,9933767027,3848.6
1145134720,9933767027,4013.6
1145134725,9933767027,1671.7
1145134735,9933767027,5160.4
1145134746,-1,-1.0
1145134762,9933767027,3965.7
1145134764,9487411571,10540.7
1145157769,9933767027,5059.0
1145157779,9933767027,1752.7
1145157800,-1,-1.0
1145214736,-1,-1.0
1145214738,-1,-1.0
1145214740,9208010658,8897.2
1145221979,-1,-1.0
1145226097,-1,-1.0
1145226098,9208010658,6419.1
1145360184,4742253048,3672.5
1145360186,4742253048,10266.2
1145360194,4742253048,2117.1
1145360210,4742253048,1430.5
1145360212,4742253048,2103.0
1145371753,4742253048,4672.2
1145371755,4742253048,8047.2
1145375839,4742253048,4869.2
1145375841,4742253048,4307.6
1145375852,4742253048,4457.3
1145375881,4742253048,4869.8
1145375904,4742253048,4821.4
1145375914,4742253048,4676.6
1145375918,4742253048,4784.2
1145375920,4742253048,4624.0
1145375946,4742253048,4699.5
1145375947,4742253048,4514.4
1145382348,4742253048,4439.5
1145382356,4742253048,4252.3
1145382361,4742253048,4254.8
1145382383,4742253048,4414.8
1145382385,4742253048,4516.3
1145382388,4742253048,4438.9
1145382389,4742253048,4128.1
1145382390,4742253048,4113.9
1145387973,4742253048,4628.7
1145387974,4742253048,4724.1
1145387982,4742253048,4719.5
1145387995,4742253048,4178.7
1145387996,4742253048,4312.1
1145387997,4742253048,4390.9
1145387998,4742253048,4465.9
1145388000,4742253048,4522.4
1145388001,4742253048,4437.0
1145388004,4742253048,5125.4
1145388007,4742253048,5061.8
1145388008,4742253048,4975.8
1145388010,4742253048,5176.2
1145388012,4742253048,4882.4
1145388013,4742253048,4789.2
1145388014,4742253048,4881.0
1145394689,4742253048,3875.5
1145398059,4742253048,3885.4
1146760278,13369051339,913.1
1146762322,13369051339,1859.1
1146762345,3541539575,2888.5
1146762346,13369051339,1114.4
1146762352,13369051339,1377.7
1146762353,13369051339,2615.9
1146763173,3541539575,1628.4
1146763175,13369051339,3064.9
1146763177,3541539575,2432.8
1146763179,3541539575,2132.2
1146763186,3541539575,2347.5
1146763187,3541539575,2229.8
1146763189,3541539575,1772.7
1146771949,1290395232,4109.4
1146779999,1290395232,4201.8
1146780001,1290395232,2407.8
1146780004,1290395232,2716.1
1146780897,1290395232,2333.1
1146781913,11880563955,3743.2
1148539504,8198567118,2133.8
1148732144,1148754930,916.0
1148735588,1148754930,2232.8
1148735605,1148754930,1898.0
1148735623,1290395232,1709.8
1148735635,11880563955,3698.3
1148735639,1290395232,1901.2
1148740592,1148754930,2333.8
1148740602,11880563955,2555.6
1148740604,1148754930,2052.6
1148740619,1148754930,2711.3
1148743737,1148754930,2289.7
1148743739,1148754930,2031.3
1148743742,1148754930,2491.8
1148754888,1148754930,2221.4
1148754902,1148754930,1499.6
1148754905,1148754930,2614.3
1148754906,1148754930,1360.5
1148754908,1148754930,2327.0
1148754909,1148754930,2548.9
1148754925,1148754930,831.7
1148754927,1148754930,2051.2
1148754930,1148754930,0.0
1148754935,1148754930,1565.8
1148754942,1148754930,2344.4
1148754946,1148754930,1618.2
1148754949,1148754930,1163.6
1148772842,1148754930,1825.3
1148772845,1148754930,1962.7
1148772855,1148754930,1840.7
1148772858,1148754930,1813.8
1148772860,1148754930,1765.8
1148772872,1148754930,1798.4
1148772875,1148754930,1854.5
1148772885,1148754930,1933.4
1148772889,1148754930,1752.9
1148772893,1148754930,1877.2
1148772901,11880563955,2809.4
1148784406,4742253048,793.2
1148784409,4742253048,1340.1
1148784410,10080986063,2673.2
1148784411,4742253048,1914.5
1148784417,2482884829,3069.4
1148784419,2401390759,1201.7
1148784425,2401390759,1917.0
1148790330,4742253048,1527.3
1148794191,2401390759,2399.9
1148794192,2401390759,1585.1
1148953421,9933767027,6944.9
1148953466,9487411571,5947.7
1148953475,9487411571,7168.5
1148953479,9487411571,6966.1
1148953483,9487411571,6689.5
1148953525,9487411571,7095.6
1148956332,9933767027,6767.8
1148956338,9487411571,7252.7
1149005206,1459170126,3353.9
1149012764,7295164908,5169.7
1149012770,7295164908,4796.4
1149012796,9487411571,5204.5
1149012819,7295164908,5861.7
1149012832,7295164908,5451.5
1149018692,9487411571,7807.2
1149018742,7295164908,5942.5
1149018778,-1,-1.0
1149024768,9487411571,8176.5
1149024784,7295164908,5603.5
1149024786,-1,-1.0
1149073373,-1,-1.0
1149116429,10080986063,3131.9
1149116528,2482884829,2581.4
1149116541,10080986063,2640.1
1149116648,2482884829,2357.1
1149116723,2482884829,2742.9
1149116808,2482884829,1579.9
1149116812,2482884829,2908.2
1149116817,2482884829,1640.3
1149116818,2482884829,2068.2
1149116847,10080986063,697.6
1149116850,10080986063,2917.1
1149116855,10080986063,1571.5
1149116892,2482884829,2776.4
1149116905,2482884829,1844.7
1149116962,10080986063,3532.5
1149116976,10080986063,2082.4
1149117055,10080986063,2484.4
1149117089,2482884829,2094.8
1149139774,4742253048,5808.0
1149139800,4742253048,6462.5
1149163822,2457603193,15503.8
1150242435,11880563955,1531.9
1150257032,3541539575,1475.0
1150257036,3541539575,2151.7
1150257040,11880563955,1165.6
1150257043,3541539575,1750.3
1150257044,3541539575,1354.7
1150257045,13778138440,1841.0
1150257046,13778138440,1395.1
1150257050,3541539575,847.6
1150257051,3541539575,2019.8
1150257057,3541539575,1114.8
1150257059,3541539575,1921.1
1150257063,13369051339,2776.4
1150257067,3541539575,2235.3
1150257071,3541539575,1807.5
1150257073,3541539575,1091.1
1150257075,3541539575,2483.3
1150257080,13369051339,2846.1
1150257082,3541539575,832.4
1150580612,3030038002,1709.0
1150580614,3030038002,1138.2
1150580615,3030038002,1947.7
1150589797,9487411581,638.4
1150589801,7160849932,3663.6
1150589813,13747437765,1375.0
1150591377,8197701278,1398.9
1150591381,8197701278,1058.5
1150600080,2045952502,2029.8
1150600103,7160849932,861.9
1150600145,1459170126,2971.6
1150600152,1459170126,3063.0
1150600186,2045952502,1942.2
1150600243,2045952502,3550.6
1150600246,1459170126,2582.3
1150600399,1459170126,1406.7
1150600501,1459170126,2995.6
1150606474,9487411581,979.4
1150606478,9487411581,2076.5
1150606488,9487411581,1618.1
1150606490,9487411581,1914.8
1150606500,9487411581,1844.1
1150751864,4742253048,2664.6
1150751885,1290395232,959.2
1150752044,1290395232,1540.2
1150752059,1148754930,1393.1
1150752129,1290395232,2798.2
1150752133,1148754930,1702.9
1150752185,4742253048,2425.2
1150752241,1290395232,1733.0
1150752244,1290395232,832.2
1150752247,1148754930,724.0
1150768887,1150768887,0.0
1150768894,1290395232,1968.6
1150768990,1290395232,3274.2
1150821133,11733956990,1583.2
1150821136,11733956990,750.8
1150821216,12463139050,2127.9
1150821221,12463139050,2356.3
1150841396,2457603193,6465.4
1150841564,1814651166,493.7
1150844342,9208010658,1693.3
1150844388,9208010658,1309.8
1150849631,12381917927,2000.6
1150849649,12381917927,1519.6
1150854713,9208010658,7921.1
1150854718,9208010658,4673.7
1150854721,9208010658,6618.2
1150854726,9208010658,6455.1
1150854740,9208010658,7450.4
1150854753,9208010658,4379.4
1150854755,9208010658,5049.5
1150854758,9208010658,7599.0
1150854765,9208010658,3894.7
1150854770,9208010658,3790.2
1150854777,9208010658,7798.3
1150858918,9208010658,2745.0
1150858930,9208010658,1178.6
1150858950,9208010658,369.0
1150858951,9208010658,2497.2
1150858952,9208010658,3987.0
1150868396,9208010658,6523.0
1150899579,1880400488,2922.8
1150899587,1880400488,3514.9
1150899716,9487411571,950.4
1150899722,9487411581,3430.3
1150899741,13747437765,2356.5
1150922211,9487411581,2780.2
1150922236,9487411581,2371.0
1150922270,9487411581,2390.1
1150922273,9487411581,3050.7
1150922293,9487411581,2169.4
1150931293,2045952502,1324.6
1150931303,2045952502,294.9
1150931493,7614809187,1807.8
1150931686,2045952502,7004.0
1150931791,7614809187,1886.3
1150931879,2045952502,3075.9
1150947742,8197771709,989.6
1150947800,2045952502,625.6
1150947861,2045952502,459.6
1150947906,2045952502,749.5
1150947910,8197771709,1525.9
1150947944,3030038002,2837.6
1150947984,3030038002,2836.4
1150947999,2045952502,879.9
1150948041,2045952502,1373.3
1150948074,7295164908,2418.2
1150948084,2045952502,2252.5
1150948206,2045952502,35.1
1150948247,3030038002,2776.7
1153929758,4742253048,4298.4
1153929765,4742253048,4257.4
1153929766,4742253048,5597.6
1153929768,4742253048,4214.2
1153929769,4742253048,4221.5
1153929783,4742253048,6081.5
1153929791,4742253048,4257.9
1153929798,4742253048,4178.8
1153929803,4742253048,5830.9
1153929910,4742253048,4488.2
1153929911,4742253048,4562.5
1153929918,4742253048,4539.4
1153929925,4742253048,4550.4
1153929931,4742253048,4605.9
1157116559,9208010658,3082.2
1157116561,9208010658,3048.9
1157121747,4742253048,5111.4
1157121749,4742253048,6177.4
1159482845,11880563955,4020.2
1159482849,11880563955,2343.4
1159482853,11880563955,2412.8
1159482855,1290395232,3821.3
1159482898,11880563955,2267.2
1159482953,1148754930,2320.4
1159496450,11880563955,4316.4
1174444365,9487411571,4429.5
1174444405,7295164908,939.5
1174444412,7295164908,4724.9
1174444426,7295164908,2328.6
1174444428,7295164908,4297.9
1174444429,7295164908,335.9
1174444445,7295164908,2687.3
1174444450,7295164908,432.6
1174444468,7295164908,2123.4
1174444476,7295164908,4579.9
1174444486,7295164908,336.6
1174444493,9487411571,5721.4
1174444524,-1,-1.0
1174975371,12463139050,6452.1
1174975446,12463139050,6475.1
1175005932,4181217433,2284.3
1176702926,12463139050,1861.2
1176704368,12463139050,5984.9
1177341074,9208010658,3292.1
1177341496,9208010658,3532.9
1179094299,4742253048,4875.7
1179094320,4742253048,4933.5
1179101395,1148754930,2089.1
1180187243,1290395232,2074.6
1180187253,1290395232,2140.0
1180187256,11880563955,4097.1
1180187263,1290395232,2153.6
1182230239,9487411581,1844.3
1185995089,11880563955,2788.6
1186631495,1880396007,834.9
1186631537,1880400488,2024.6
1186631539,8198567118,799.0
1186631543,1880400488,1895.2
1186631575,1880400488,930.4
1186631581,1880400488,2517.4
1186631624,1880400488,1192.3
1186631634,1880400488,1475.0
1186764762,1814651166,3087.8
1186768322,12381917927,3981.4
1186768334,12381917927,4141.2
1186768347,12381917927,4207.9
1186770505,12381917927,5763.0
1186770508,12381917927,6430.4
1186770519,12381917927,6011.5
1186770528,12381917927,6117.3
1186770543,12381917927,6288.6
1186770550,9208010658,6472.8
1186770558,9208010658,6508.2
1186770560,12381917927,6602.5
1186770564,12381917927,6500.9
1186770566,12381917927,6544.8
1186770568,12381917927,6189.7
1186770571,12381917927,6629.6
1186770574,12381917927,6565.4
1186784632,12381917927,6437.5
1186784633,12381917927,6444.0
1186784651,12381917927,6570.4
1186784654,12381917927,6070.3
1186784690,12381917927,5874.8
1186784696,12381917927,6074.4
1186784783,12381917927,6464.6
1186784787,9208010658,4317.1
1189254393,7295164908,4653.0
1189254497,7295164908,5546.0
1192679526,4050649085,2968.6
1192679528,9208010658,4611.5
1192679539,-1,-1.0
1192679618,1233322729,6240.6
1192679809,1233322729,6269.1
1192679822,9208010658,4033.4
1192679951,1212025358,540.1
1192679974,-1,-1.0
1192679975,3822225896,4058.3
1192679980,9208010658,4876.6
1192679985,12463139050,7400.8
1192680080,12841249641,2513.1
1192680154,12463139050,7905.9
1192680209,9208010658,3980.0
1192680218,9208010658,3600.6
1192680240,12841249641,1259.9
1192680246,9208010658,3697.0
1192680277,11250185933,3004.9
1192680320,2457603193,14564.5
1192680345,9208010658,6654.8
1192680467,-1,-1.0
1192680562,9208010658,10484.4
1192680592,-1,-1.0
1192680663,9208010658,5209.0
1192680936,9208010658,9855.4
1192680964,9208010658,6280.0
1194085209,9487411581,3191.4
1194085250,1880400488,3512.5
1194098099,1880400488,671.1
1194178824,1459170126,3540.6
1194178830,7295164908,6318.0
1194178885,9487411571,8570.1
1194178929,9487411581,5034.8
1194178944,1459170126,2430.2
1194178986,7295164908,5172.5
1194178988,-1,-1.0
1194179115,9487411571,5042.9
1194179190,9487411571,5654.9
1194867142,9208010658,4557.2
1194867193,9208010658,4485.4
1194980510,9208010658,3872.3
1194980519,9208010658,4079.9
1194980539,9208010658,3911.5
1194992390,12381917927,3140.3
1194992442,12381917927,3996.5
1194992457,1814651166,3295.0
1194993407,12463139050,4398.2
1194993413,12463139050,6613.5
1194993415,12463139050,4600.2
1194993419,12463139050,6027.9
1194993435,12463139050,4591.0
1194993450,12463139050,5636.8
1194993456,12463139050,4908.8
1194993458,12463139050,5320.1
1194993478,12463139050,4992.9
1194993482,12463139050,3764.4
1194993486,12463139050,4203.0
1194994830,1814651166,1964.8
1195044782,10080986063,2809.6
1195044787,10080986063,1038.1
1195097715,2457603193,14255.1
1195135429,4541277493,978.7
1195135525,1212025348,522.7
1195135536,1212025348,1375.0
1195135563,1212025348,1499.1
1195139567,12463139050,4474.0
1195154107,1290395232,5914.1
1195154114,1290395232,5126.6
1195154242,1290395232,4401.5
1196672307,1290395232,4751.1
1196672318,11880563955,5048.0
1196672361,11880563955,5231.7
1196680428,1290395232,4856.6
1196680429,1290395232,4016.6
1196680453,1290395232,4299.4
1196689510,1290395232,6022.1
1196689526,11880563955,6458.2
1196689538,11880563955,6111.1
1196691551,1290395232,4676.0
1196701859,13369051339,4459.4
1196701863,13369051339,4908.5
1196701880,11880563955,4008.6
1196701888,13369051339,5351.7
1196701892,13369051339,5053.2
1196701894,11880563955,5120.8
1196701902,11880563955,4893.4
1196701906,13369051339,5006.2
1196701909,11880563955,4359.7
1196701912,13369051339,5093.3
1196701915,11880563955,4911.0
1196701923,1290395232,5776.2
1196701925,13369051339,4618.9
1196701946,11880563955,5873.0
1196701958,11880563955,4336.1
1196701971,11880563955,5600.3
1196701977,11880563955,5125.0
1196701982,13369051339,3631.0
1197776359,1290395232,5698.2
1197804617,1814651166,2423.6
1197804623,1814651166,2901.3
1197839355,1290395232,4084.4
1197845980,11880563955,5677.0
1197846084,11880563955,6274.8
1197850795,11880563955,4123.8
1197871890,3541539575,1163.7
1197871900,11880563955,869.6
1197871927,3541539575,1209.9
1197877667,3541539575,2327.3
1197877668,11880563955,2057.8
1197877713,11880563955,1859.9
1197877757,3541539575,1099.6
1197877760,11880563955,1628.1
1197877765,3541539575,2398.5
1197879673,11880563955,2351.6
1197953414,12381917927,5345.0
1197953415,12381917927,5524.8
1197953443,12381917927,4023.9
1198264393,12381917927,4040.6
1198264398,12381917927,4373.8
1198286930,12381917927,5408.3
1198286979,12381917927,4535.3
1198286988,12381917927,4875.2
1198287015,12381917927,4691.1
1198287040,12381917927,4702.3
1198331351,12381917927,3768.8
1198336301,12381917927,4174.0
1198336316,12381917927,3940.0
1198416098,12381917927,3913.6
1198416101,12381917927,4110.9
1198416104,12381917927,4316.1
1198416180,1814651166,3061.5
1198416197,12381917927,4403.5
1199722376,11880563955,5423.7
1199738793,11880563955,5843.5
1199764889,13369051339,3142.3
1199764912,11880563955,3320.1
1199764915,11880563955,3449.5
1199764926,13369051339,2916.3
1199766382,11880563955,3637.0
1199766388,8358666767,6128.5
1199771741,11880563955,3548.1
1199771744,11880563955,2698.8
1199771756,11880563955,3737.6
1199771757,11880563955,3931.7
1199771758,11880563955,3645.6
1199771771,1148754930,2706.2
1199792114,11880563955,2699.0
1199818949,13369051339,3441.6
1199821232,13369051339,3955.9
1199831183,13369051339,3920.1
1199831201,13369051339,4800.8
1199831232,13369051339,4199.4
1199840461,11880563955,4181.6
1199840465,11880563955,4196.9
1199840469,1290395232,4595.1
1199840474,1290395232,3993.8
1199840493,1290395232,3722.4
1199840502,11880563955,4245.2
1199840512,11880563955,4239.8
1199840514,11880563955,3751.6
1199840542,11880563955,4028.3
1199840585,1290395232,3675.4
1199840610,1290395232,3914.6
1199846255,8197771709,4710.0
1201319397,12381917927,574.8
1201323300,1290395232,3718.7
1201323459,1290395232,3479.5
1201512498,9208010658,6421.4
1201512535,9208010658,6330.5
1201512618,9208010658,5977.8
1201512632,9208010658,6428.6
1201512649,9208010658,7511.0
1201512669,9208010658,6194.7
1201512671,9208010658,7597.0
1201512689,9208010658,4676.5
1201613329,3044755215,4203.5
1201613363,1233322729,4128.4
1201613376,11250185933,4231.1
1201613481,1233322729,4946.3
1201613492,11250185933,4627.3
1201613510,11250185933,4331.5
1201613542,3822225896,929.6
1201613624,3822225896,3045.8
1201613635,3822225896,1124.7
1201613642,11250185933,3959.3
1201613713,3822225896,1524.2
1201613728,-1,-1.0
1201613769,3822225896,2711.9
1201613775,-1,-1.0
1201613798,1233322729,4165.1
1201613816,1233322729,4380.9
1201613827,3044755215,4541.5
1201613837,1233322729,5035.2
1201613868,1233322729,4595.5
1201613879,1233322729,3379.5
1201613909,1233322729,3145.0
1201613939,3822225896,2219.8
1201613944,3822225896,3672.0
1201666076,7295164908,1684.4
1201666103,8197701278,1825.2
1201666109,7295164908,1595.3
1201666112,7295164908,1486.6
1201666170,7295164908,2014.3
1201666190,7295164908,1572.4
1201666222,7295164908,2000.5
1201666229,8197701278,1407.0
1201666243,7295164908,2148.2
1201666392,7295164908,692.8
1201666394,7295164908,1735.9
1201666400,7295164908,630.2
1201666424,7295164908,1616.3
1201666426,7295164908,1787.9
1201666446,7295164908,1344.5
1201666457,7295164908,1691.5
1201666488,7295164908,1817.4
1201666516,9487411571,4654.7
1201666576,7295164908,1858.5
1201666617,7295164908,1413.9
1201666639,7295164908,1626.3
1201666668,7295164908,1806.0
1201666695,7295164908,1938.4
1201666721,3030038002,1697.8
1201666729,7295164908,2551.6
1201666732,7295164908,715.1
1201666756,7295164908,1911.5
1201666848,7295164908,2069.8
1201666863,9487411571,4800.2
1201666876,7295164908,1921.7
1201666934,7295164908,2474.9
1201666944,7295164908,2012.1
1201666966,7295164908,2141.1
1201666995,7295164908,1991.8
1201667003,8197701278,1570.5
1201667004,7295164908,1533.9
1201667009,7295164908,2084.0
1201667015,7295164908,1760.1
1201667020,7295164908,1864.0
1201667025,7295164908,1101.1
1201667060,7295164908,1663.9
1201667130,8197701278,1640.3
1201667154,7295164908,1762.3
1201667163,7295164908,1867.3
1201667164,7295164908,1506.9
1201667191,3030038002,1462.4
1201667221,7295164908,1558.2
1201667227,7295164908,1563.8
1201667233,7295164908,1497.0
1201667245,7295164908,768.1
1201667269,7295164908,2139.1
1201667271,7295164908,1578.6
1201667272,7295164908,2184.5
1201667288,7295164908,2214.1
1201667298,7295164908,779.3
1201667310,7295164908,1820.7
1201667327,7295164908,1885.2
1201667333,7295164908,1728.8
1201667356,7295164908,1822.1
1201667369,8197701278,910.4
1201667370,7295164908,2134.9
1201667387,7295164908,1638.4
1201667392,3030038002,1173.3
1201667395,7295164908,3576.0
1201667429,7295164908,1263.4
1201667449,7295164908,1441.1
1201714529,9487411581,3367.4
1201714582,1880400488,2847.6
1201714637,9487411581,2950.4
1201714639,1880400488,3227.5
1202521087,1290395232,3441.5
1203937265,9208010658,3154.0
1203937266,9208010658,3175.6
1203937276,9208010658,2953.9
1203939648,9208010658,3023.5
1204185471,1290395232,4327.7
1204185541,1290395232,4135.7
1204185595,11880563955,4576.4
1205094856,3541539575,1713.1
1205094857,3541539575,1509.0
1205094860,3541539575,1527.3
1205094862,3541539575,1174.1
1205094865,3541539575,1337.1
1205094867,3541539575,1068.5
1205330291,12381917927,6365.2
1205330299,12381917927,6530.3
1205330320,12381917927,6421.0
1205330341,12381917927,6219.1
1205351186,12381917927,5982.8
1205351248,12381917927,6145.2
1205351413,12381917927,5843.3
1205351434,12381917927,6114.2
1205356278,12381917927,6170.6
1205356280,12381917927,5666.5
1205356298,12381917927,6056.5
1205356300,12381917927,5822.9
1205356302,12381917927,6359.4
1205356304,12381917927,6112.8
1205356306,12381917927,6428.7
1205356307,12381917927,6348.5
1205356309,12381917927,6458.8
1205357467,12381917927,6585.0
1205357469,12381917927,6476.1
1205357471,12381917927,6463.9
1205357473,12381917927,6597.1
1205377266,12381917927,6145.4
1205377281,12381917927,5775.8
1205377295,12381917927,6053.4
1205404342,1814651166,2755.0
1205404350,1814651166,2831.7
1205404356,1814651166,2570.6
1205404357,1814651166,3230.9
1205404372,1814651166,3171.9
1205404394,1814651166,3556.1
1205404402,1290395232,3921.0
1205404404,1814651166,3372.4
1205404412,1814651166,3317.0
1205404418,1290395232,3234.4
1205404421,1814651166,3040.4
1205404423,1814651166,3569.9
1205404430,1814651166,2839.5
1205404431,1814651166,3442.3
1205404434,1814651166,2756.6
1205404439,1814651166,2386.4
1205404441,1814651166,3304.7
1205404447,1814651166,3244.8
1205404453,1814651166,2985.8
1205404454,1814651166,2571.1
1205404469,1814651166,2833.6
1205404476,1814651166,2929.1
1205404478,1814651166,3382.0
1205404487,1814651166,2950.3
1205404498,1814651166,3141.1
1205404522,1814651166,3253.9
1205415375,2401122715,1709.2
1205415378,4181217433,1751.1
1205415387,2401122715,1151.8
1205415425,4541277493,376.4
1205415464,7227625036,2203.3
1205470751,1290395232,3645.5
1205470752,1290395232,3883.6
1205476686,1814651166,2318.8
1205476693,1290395232,4202.9
1205476694,1290395232,3069.8
1205476695,1290395232,3922.0
1205476699,1814651166,2586.9
1205476706,1814651166,2393.6
1205476710,11880563955,4000.8
1205476711,1814651166,2967.3
1206996874,12381917927,4610.3
1206996876,12381917927,4405.2
1207481030,8198567118,2127.5
1207481080,8198567118,2728.6
1207481161,8198567118,1750.7
1210058560,1290395232,3396.5
1210058570,1290395232,3084.1
1210058585,11880563955,3129.8
1210058586,11880563955,2908.2
1210058592,1290395232,3329.4
1210058612,1290395232,2361.2
1210058619,1290395232,2541.9
1210058621,11880563955,2369.5
1210068000,1290395232,3936.6
1210074921,1290395232,3242.8
1210074928,1290395232,3694.7
1210074934,1290395232,3893.6
1210354188,1290395232,4085.7
1210354196,1290395232,3252.6
1210354215,1290395232,2209.1
1210354254,1290395232,4346.8
1210354256,1814651166,1793.2
1210354261,1814651166,2158.7
1210354266,1814651166,2337.9
1210444169,1814651166,3006.5
1211806340,1212025358,1290.9
1211806352,1212025348,1460.5
1211806413,1212025358,860.8
1211806430,1212025358,399.3
1211806432,1212025358,412.3
1211806440,1212025358,429.6
1211806444,1212025358,481.3
1211806445,1212025358,496.3
1211806446,1212025358,512.3
1211806457,1212025358,546.1
1211806458,1212025358,560.3
1211806478,1212025358,459.2
1211889426,1212025348,1724.8
1211889428,1212025348,1132.6
1211889430,1212025348,1591.0
1211889431,1212025348,1642.8
1211889452,1212025348,1724.3
1211889485,1212025348,1693.4
1211889487,1212025348,1625.7
1211889511,1212025348,1978.1
1211889512,1212025348,2023.2
1211889524,1212025348,2021.1
1211889526,1212025348,1958.6
1211889532,1212025348,1851.2
1211889536,1212025348,2003.7
1211889537,1212025348,1942.1
1211889539,1212025348,1887.5
1211889545,1212025348,1857.4
1211889546,1212025348,1760.9
1211889558,1212025348,1727.2
1211889562,1212025348,1670.2
1211889563,1212025348,2016.6
1211889576,1212025348,1924.0
1211889578,1212025348,1882.1
1211889580,1212025348,1797.4
1211889582,1212025348,1759.4
1211889583,1212025348,1640.2
1211889590,1212025348,1524.1
1211889595,1212025348,1704.7
1211889600,1212025348,1488.0
1211889603,1212025348,1360.3
1211889604,1212025348,1193.6
1211889608,1212025348,1423.6
1211889609,1212025348,1462.4
1211889612,1212025348,1483.0
1211889614,1212025348,1531.2
1211889615,1212025348,1658.6
1211889619,1212025348,2069.3
1211889620,1212025348,1979.1
1211889621,1212025348,1935.9
1211889622,1212025348,1852.0
1211889623,1212025348,1814.0
1211889625,1212025348,2067.3
1211889627,1212025348,2022.0
1211889628,1212025348,2005.4
1211889629,1212025348,1979.1
1211889631,1212025348,1921.3
1211889633,1212025348,2016.3
1211889638,1212025348,1603.0
1211889643,1212025348,1545.0
1212025346,1212025348,1721.7
1212025347,1212025348,857.2
1212025348,1212025348,0.0
1212025349,1212025348,857.8
1212025351,1212025358,1510.9
1212025353,1212025358,432.0
1212025354,1212025348,265.4
1212025355,1212025348,275.3
1212025358,1212025358,0.0
1212025359,1212025358,745.7
1212025360,1212025348,1131.4
1212025361,1212025348,949.3
1212025367,1212025348,1984.9
1212025368,1212025348,1121.1
1212025371,1212025358,1241.7
1212025373,1212025358,1244.7
1212025381,1212025358,2001.6
1212025383,1212025383,0.0
1212025384,1212025383,844.0
1214475497,11880563955,3250.0
1214508973,2401177369,1642.7
1214512647,1290395232,4705.5
1214524215,11880563955,1386.1
1215715193,13778138440,2046.7
1215715200,13778138440,1872.0
1215715222,13778138440,1831.5
1215715223,13778138440,2387.6
1215715230,13778138440,1912.9
1215715244,13778138440,1950.2
1215715261,13778138440,2289.4
1215715273,13778138440,1146.2
1215715301,13778138440,2874.4
1215715311,13778138440,2227.7
1215715312,13778138440,2311.2
1215715322,13778138440,1179.9
1215715347,13778138440,1595.8
1215715352,13778138440,1147.4
1215715392,13778138440,2000.2
1215717600,11880563955,2925.5
1215717603,11880563955,2314.1
1215717616,11880563955,1479.1
1215717617,11880563955,1721.9
1215728045,2401177369,2671.1
1215728050,2401122715,1717.8
1215728066,2401177369,1943.0
1215728092,2401177369,2852.2
1215728094,2401177369,1897.7
1215728134,2401177369,2302.2
1215728142,2401122715,1454.6
1215728165,2401122715,1234.4
1215728170,2401122715,3117.1
1215728219,2401177369,2919.2
1215728244,2401122715,1749.8
1215728255,2401177369,2087.9
1215728279,2401177369,2411.2
1215728284,2401177369,3024.8
1215728298,2401177369,1643.8
1215728302,2401122715,2770.4
1215728305,2401122715,2630.0
1215728306,2482884829,2107.6
1215728315,3541539575,3069.9
1215729803,2401177369,3010.7
1215729830,9487411581,5916.6
1215730769,3541539575,1831.6
1215730771,3541539575,1956.5
1215730772,13778138440,1899.4
1215732338,3541539575,4486.5
1215732343,13778138440,1430.5
1215740592,-1,-1.0
1215740597,2401177369,2518.1
1215743622,2401177369,2931.1
1215754727,2401177369,1892.7
1215754947,2401177369,1704.1
1215754979,2401177369,1462.4
1215755003,2401177369,2287.4
1215755012,2401177369,2380.0
1215755044,2401177369,1910.9
1215926846,8358666767,2512.0
1215926906,8358666767,1941.7
1215926909,1215926967,762.6
1215926916,8358666767,2621.4
1215926921,8358666767,3635.3
1215926948,8358666767,3022.6
1215926967,1215926967,0.0
1217544772,1212025358,780.4
1217544780,1212025358,286.8
1217544792,1212025358,717.6
1217544793,1212025358,1144.9
1217544794,1212025358,2007.3
1217544906,-1,-1.0
1217544941,3822225896,1796.1
1217545071,3822225896,787.3
1217545094,3822225896,572.8
1217604716,4541277493,2228.7
1217604718,4541277493,1581.8
1217604728,1212025358,1454.7
1217604731,1212025358,1424.1
1217604732,1212025358,1062.2
1217604752,1212025358,1175.2
1217604754,1212025358,948.2
1217604755,1212025358,381.5
1217604759,1212025383,665.3
1217604777,1212025383,1063.4
1217604814,1212025383,436.1
1217604818,1212025383,2270.3
1217609009,4541277493,2026.2
1217609010,4541277493,2238.1
1217609013,4541277493,1807.9
1218839819,2401122715,1767.7
1218839825,2401177369,3427.2
1218839853,2401177369,3038.6
1218839899,2401177369,2401.9
1218840150,2401177369,3229.8
1218840207,2401122715,1739.4
1218840236,2401177369,3179.2
1218840292,2401122715,2613.2
1218840355,2401177369,3742.1
1218840359,2401177369,2074.9
1218844775,2401177369,3289.7
1218865055,2401122715,2034.7
1218865063,2401122715,2859.9
1218865072,2401122715,2461.4
1218865076,2401122715,2506.0
1218865082,2401122715,2685.4
1218865085,2401122715,2556.8
1218865088,2401122715,3303.4
1218865100,2401122715,2431.4
1218865104,2401122715,2014.3
1218865111,2401122715,2970.0
1218865115,2401122715,2581.9
1218865124,2401122715,2945.9
1218865125,2401122715,2914.8
1218865126,3541539575,3145.0
1218865131,2401177369,3058.7
1218865132,2401122715,2746.0
1218865137,2401122715,2328.3
1218865144,2401122715,3120.2
1218865146,2401122715,2989.8
1218865154,2401122715,2681.3
1218865159,2401122715,2514.1
1218865163,2401122715,2994.4
1218865167,2401122715,2783.5
1218865172,2401122715,2276.7
1218865185,2401122715,2194.6
1218865187,2401122715,2672.8
1218865195,2401122715,3201.5
1218865200,2401122715,2977.9
1218865202,2401122715,2390.8
1218886535,2401122715,1116.8
1218886538,2401122715,3099.4
1218886544,2401122715,2596.0
1218886556,3541539575,2043.3
1218886557,2401122715,3109.4
1218886626,2401122715,2849.5
1218886647,2401122715,3047.8
1218886663,2401122715,1253.9
1218886670,2401122715,1776.3
1218886677,3541539575,1932.0
1218886680,2401122715,2582.4
1218886699,2401122715,2286.4
1218886725,2401122715,3253.3
1218886728,3541539575,1970.3
1218886739,2401122715,3251.4
1218886742,2401122715,2342.9
1218886744,2401122715,3205.2
1218886771,2401122715,2235.6
1218886776,2401122715,2390.8
1218886780,2401122715,1438.1
1218886790,2401122715,2740.9
1218886811,2401122715,1850.8
1218886815,2401122715,2659.5
1218886839,2401122715,1531.2
1218886842,2401122715,1963.9
1218886869,2401122715,1728.5
1218886872,2401122715,2898.2
1218886891,3541539575,1874.0
1218886895,3541539575,1904.4
1218886898,3541539575,2626.4
1218886923,2401122715,2799.1
1218886944,2401122715,1718.2
1218886948,2401122715,2326.2
1218886977,2401122715,1944.0
1218887008,2401122715,1916.6
1218887023,2401122715,2324.6
1218887024,3541539575,1810.1
1218887032,3541539575,1763.7
1218887034,2401122715,1596.4
1218887053,2401122715,2025.1
1218887073,2401122715,2312.7
1218887076,2401122715,2975.1
1218901108,2401122715,1109.5
1218901118,2401122715,560.0
1218901138,2401122715,1153.7
1218901184,2401122715,1055.9
1218937043,2401177369,1690.0
1218937132,2401177369,2499.4
1218937226,2401177369,1711.1
1218937231,2401177369,1821.8
1218937279,2401177369,1834.6
1218937311,2401177369,2218.6
1218937314,2401177369,2064.3
1218937316,2401177369,2051.0
1218937341,2401177369,1446.6
1218937366,2401177369,1203.5
1218937375,2401177369,1587.6
1218937407,2401177369,610.8
1218937447,2401177369,1220.3
1218937499,2401177369,1342.4
1218937503,2401177369,1443.4
1218937505,2401177369,1718.8
1218942837,2401177369,3414.3
1220521008,2482884829,2577.5
1220521134,13778138440,2154.7
1220521236,2401177369,2168.6
1220521285,2482884829,2296.4
1220521382,13778138440,2108.4
1220521419,2482884829,2174.4
1220521556,2482884829,2089.3
1220521619,2401177369,1637.6
1220521677,13778138440,475.2
1220521726,13778138440,1188.3
1220521837,2401177369,1238.0
1220521988,2401177369,1807.5
1220522102,2401177369,2595.8
1220522186,2401177369,1679.0
1220522229,13778138440,1869.3
1220522236,2401177369,1982.0
1220522301,2401177369,1084.8
1220522348,13778138440,1772.0
1220522384,13778138440,979.5
1220522636,2401177369,1200.0
1220522696,2401177369,446.8
1220522974,13778138440,2522.0
1220523019,2401177369,705.6
1220523224,2401177369,1461.9
1220523468,2401177369,1536.0
1220523595,2401177369,837.0
1220523651,13778138440,1441.7
1220958814,4742253048,5194.3
1220958895,4742253048,5339.2
1220989408,4742253048,5352.4
1220989412,4742253048,5317.8
1220989446,4742253048,5227.8
1220989449,4742253048,5153.8
1220989469,4742253048,5244.6
1220989480,4742253048,5102.0
1221037675,4742253048,5282.2
1221037689,4742253048,4863.7
1221037715,4742253048,5152.1
1221037724,4742253048,5987.7
1221037832,4742253048,4942.6
1221037945,4742253048,5466.2
1221088100,4742253048,4378.2
1223075207,2457603193,5958.3
1223075479,2457603193,2206.1
1223996767,4742253048,3585.8
1224008790,4742253048,4256.6
1224844637,11880563955,1970.2
1224844640,11880563955,1892.3
1224845045,11880563955,2827.8
1224846294,11880563955,3391.2
1224846313,3541539575,3507.8
1224846323,11880563955,3248.9
1224846338,3541539575,3532.8
1224846340,11880563955,3266.0
1224846343,3541539575,3817.7
1226483315,2457603193,6189.8
1226483339,2457603193,5021.3
1226483355,2457603193,5153.6
1226483387,2457603193,6693.0
1226483394,2457603193,5213.8
1226504565,2457603193,8199.7
1226504588,2457603193,8724.7
1226504944,2457603193,8209.3
1226504953,2457603193,6633.6
1226505260,2457603193,6849.7
1226505432,2457603193,8357.7
1226520171,2457603193,4657.0
1226520359,2457603193,4390.5
1227775835,9208010658,6278.0
1227775988,9208010658,7953.4
1227776017,9208010658,5588.0
1227776072,9208010658,7866.4
1227776124,9208010658,6361.8
1227776191,9208010658,5213.0
1227776284,9208010658,6258.8
1227776321,9208010658,7051.3
1227776439,9208010658,8020.7
1227776475,9208010658,9291.7
1227776524,9208010658,5919.9
1227776578,9208010658,8010.4
1227792102,9208010658,7246.0
1227792202,9208010658,6633.8
1227798565,9208010658,5989.3
1227798713,9208010658,4608.4
1227798805,9208010658,7276.1
1227798813,9208010658,7219.5
1227798817,2457603193,5818.2
1227798906,2457603193,5733.8
1227798913,2457603193,5047.9
1227798921,2457603193,4350.0
1227798975,2457603193,4384.3
1227798985,2457603193,5543.4
1227799044,2457603193,4197.9
1227799090,9208010658,5191.5
1227799091,9208010658,4757.3
1227799113,9208010658,5638.8
1227799163,9208010658,5382.2
1227799164,2457603193,4640.2
1230843637,1880400488,998.8
1230843643,1880400488,3412.3
1230843648,1880400488,949.6
1230843658,8198567118,1163.4
1230843661,7157578628,3432.2
1230843685,1880400488,1890.7
1230843691,1880400488,2278.9
1230843697,1880400488,902.9
1230843704,1880400488,2252.8
1230843717,8198567118,1082.1
1230843720,1880400488,2353.7
1230843723,1880400488,2310.2
1230843724,1880400488,2132.2
1230843728,9487411581,2090.5
1230843735,1880400488,1244.4
1230843749,1880400488,981.5
1230843757,1880400488,2420.9
1230843774,1880400488,1158.8
1230843775,1880400488,1324.5
1230843783,8198567118,1749.3
1230843784,8198567118,1161.4
1230843785,1880400488,2039.0
1230843791,1880400488,1994.3
1230843792,1880400488,1897.9
1230843813,1880400488,3209.7
1230843831,8198567118,1999.7
1230843843,1880400488,3333.9
1230843852,1880400488,2381.9
1230843855,1880400488,2081.8
1230843864,1880400488,2338.7
1230843877,8198567118,673.9
1230843892,1880400488,2379.5
1230843906,9487411581,1989.6
1230843930,1880400488,2433.8
1230843931,1880400488,1488.2
1230843948,1880400488,2135.1
1230843953,9487411581,2520.6
1230843969,4523470682,1845.3
1230843971,1880400488,2147.2
1230843972,1880400488,2073.1
1230843983,1880400488,2371.2
1230843987,9487411581,3038.2
1230843995,8198567118,1337.3
1230844008,1880400488,1933.8
1230844014,8198567118,1454.2
1230844023,1880400488,2185.7
1230844027,1880400488,1916.3
1230844037,8198567118,1796.8
1230844038,1880400488,3101.1
1230844039,1880400488,2326.2
1230844045,8198567118,1589.5
1230844057,9487411581,3228.9
1230844080,9487411581,3311.5
1230844107,1880400488,2563.9
1230844115,6868989296,3585.3
1230844119,1880400488,1438.0
1230844176,1880400488,2374.3
1230844228,1880400488,2055.7
1230844244,8198567118,1713.4
1230844248,1880400488,2234.1
1230844294,8198567118,1001.4
1230844312,8198567118,1664.9
1230844348,1880400488,1629.1
1230844353,1880400488,2067.9
1230844358,1880400488,1968.6
1230844416,8198567118,1298.6
1230844417,8198567118,1167.6
1230844440,8198567118,1372.9
1230844461,9487411581,2065.5
1230844495,8198567118,763.5
1230844507,1880400488,2925.7
1230844512,1880400488,2025.2
1230844538,4523470682,2226.5
1230844545,1880400488,1696.1
1230844556,9487411581,2619.6
1230844563,8198567118,863.9
1230844570,8198567118,1112.5
1230844585,8198567118,1417.9
1230844592,9487411581,2643.1
1230844601,1880400488,2232.5
1230844617,1880400488,2007.3
1230844633,8198567118,939.3
1230844634,8198567118,1266.2
1233161318,9487411571,1116.2
1233161331,9487411571,364.3
1233306571,3044755215,1499.1
1233306574,3044755215,1752.0
1233306602,3044755215,1907.3
1233306607,3044755215,2208.8
1233306621,3044755215,1690.5
1233306625,7178880041,2087.1
1233306685,3044755215,1359.1
1233306701,3044755215,3218.1
1233306703,3044755215,1532.8
1233306709,3044755215,1692.2
1233306724,3044755215,1977.2
1233306745,3044755215,2008.7
1233306758,3044755215,1520.8
1233306780,7178880041,1665.7
1233306781,3044755215,1698.4
1233306803,3044755215,1739.3
1233306818,7178880041,1681.6
1233306828,7178880041,2796.9
1233306833,7178880041,2418.9
1233306834,7178880041,2364.2
1233306847,3044755215,1703.5
1233306850,3044755215,1416.4
1233306857,3044755215,1425.4
1233306859,4050649085,1055.9
1233306904,3044755215,1716.5
1233306905,3044755215,1669.8
1233306924,3044755215,1561.8
1233306942,3044755215,1318.1
1233306957,3044755215,1728.1
1233306960,3044755215,1393.2
1233306968,3044755215,1891.6
1233306989,3044755215,2415.8
1233306997,3044755215,1902.7
1233307015,3044755215,1689.3
1233307019,3044755215,1680.3
1233307028,3044755215,2030.8
1233307057,3044755215,2202.5
1233307068,3044755215,2157.2
1233307105,7178880041,2424.8
1233307111,1233322729,2010.0
1233307114,3044755215,1879.7
1233307119,3044755215,2145.3
1233307141,3044755215,1936.4
1233322729,1233322729,0.0
1233322731,3044755215,2055.8
1233322771,3044755215,1990.7
1233322782,3044755215,1099.0
1233322804,3044755215,350.3
1233322810,1233322729,1249.3
1233322827,3044755215,1074.6
1233322845,3044755215,2080.8
1233322882,1233322729,2276.8
1233322893,1233322729,732.1
1233322931,1233322729,1270.0
1233322935,3044755215,1085.7
1233322958,1233322729,2628.2
1233322979,3044755215,2146.5
1233322986,3044755215,1062.8
1233327085,3044755215,2214.9
1233591046,2457603193,13303.8
1233591059,2457603193,10204.3
1233591067,2457603193,9391.0
1233591072,2457603193,10263.3
1233591090,2457601089,14783.5
1233591139,2457603193,11359.3
1233591148,2457601089,13626.1
1233591158,2457603193,7880.2
1233591163,2457603193,10055.2
1233591266,2457601089,14620.2
1233591325,2457603193,12338.9
1233591411,2457603193,7942.6
1233591466,2457603193,13004.4
1233591468,2457603193,13578.6
1233591470,-1,-1.0
1233608763,-1,-1.0
1233608858,-1,-1.0
1236966384,2457603193,13506.1
1236966400,2457603193,13453.7
1236966423,-1,-1.0
1236966433,2457603193,13778.7
1236966447,2457603193,13388.9
1236966507,2457603193,13479.5
1236966511,2457603193,13806.9
1236966531,2457603193,13423.5
1236966533,2457603193,13411.9
1236966590,2457603193,13545.4
1236977974,2457603193,14589.1
1244064968,1814651166,3577.3
1244207266,1814651166,2421.1
1244207307,1814651166,2666.5
1244207309,1814651166,2985.8
1244207357,1814651166,3018.2
1244207376,1814651166,2929.5
1244207394,1814651166,2251.0
1252118537,1814651166,3721.9
1252118554,1814651166,3533.6
1252128835,1814651166,2684.3
1252128847,1814651166,2535.6
1252128855,1814651166,2577.8
1252128861,1814651166,2888.1
1252128877,1814651166,2449.2
1252128880,1814651166,2769.3
1252128900,1814651166,2715.1
1252134748,4523470682,1397.7
1252153292,1290395232,2543.8
1252153299,1814651166,2173.4
1252153326,1290395232,2511.8
1252153341,1814651166,2357.0
1252153372,1814651166,1977.7
1252153374,1290395232,2318.6
1252153390,1814651166,2156.8
1252153479,1814651166,2342.6
1252166369,1814651166,2960.4
1252166374,1814651166,2643.6
1252166398,1814651166,2505.3
1252166405,1814651166,2771.5
1252203014,1150768887,2658.4
1252203068,1150768887,2300.0
1252207125,8198567118,317.5
1252207466,8198567118,879.4
1252209425,8198567118,355.9
1252215062,4523470682,1572.9
1252221314,1814651166,2492.4
1252221335,1290395232,3035.7
1252221351,1814651166,2597.6
1252221363,1290395232,2756.2
1260824446,12381917927,2254.5
1260824452,12381917927,2240.4
1260824455,12381917927,2309.9
1260824457,12381917927,2183.1
1260846846,1814651166,2233.6
1260846975,1814651166,2614.5
1260847065,1814651166,2647.5
1260847121,1814651166,2284.4
1260847139,1814651166,2549.0
1260847152,1814651166,2204.2
1260847156,1814651166,2361.2
1260850886,1814651166,1853.9
1260850889,1814651166,2142.6
1260850901,1814651166,2212.2
1260855371,1814651166,2448.3
1260855399,1814651166,2233.2
1260855422,1814651166,2948.1
1260855499,12381917927,2953.9
1260855521,1814651166,2350.3
1260855523,1814651166,2010.4
1260855526,1814651166,1940.6
1260855535,1814651166,2505.3
1260855563,1814651166,3016.3
1260871286,12381917927,3411.9
1270123876,9208010658,3094.9
1270123891,9208010658,1951.2
1270123922,9208010658,2572.4
1270123927,9208010658,2239.5
1270123944,9208010658,3286.9
1270123955,9208010658,2330.0
1270123978,9208010658,3074.4
1270123987,9208010658,2371.4
1270123988,9208010658,2785.3
1270124001,9208010658,2450.7
1270124008,9208010658,3014.7
1270124013,9208010658,2918.9
1270137396,1880400488,1289.9
1270137468,1880400488,1377.4
1270140835,1880396007,2995.6
1270140836,1880396007,2699.7
1270140840,1880396007,3196.6
1272837643,11880563955,3408.7
1272837647,11880563955,3288.0
1272837648,11880563955,3157.3
1272848048,1290395232,1970.4
1272848052,1290395232,1741.2
1272848066,1290395232,2197.8
1272848071,1290395232,501.7
1272848096,1290395232,1473.7
1274040835,12463139050,6131.2
1277004924,4742253048,3248.7
1277004932,4742253048,4229.5
1277041547,4742253048,2159.3
1277053813,9208010658,3148.0
1277053819,9208010658,3679.3
1277053843,9208010658,3348.9
1277053869,9208010658,3626.3
1280132328,1290395232,2147.8
1280132331,1290395232,2134.8
1280140548,1814651166,2912.4
1280140580,1814651166,3179.5
1280140617,1814651166,2966.4
1280140657,1814651166,2651.7
1280140691,1814651166,3089.7
1280141686,1814651166,3136.2
1280144163,1814651166,2590.0
1280144173,1814651166,2724.3
1280158880,1814651166,685.8
1280158927,1814651166,751.4
1280163394,12381917927,1552.3
1280163397,12381917927,1360.7
1280163403,12381917927,2978.0
1280163418,12381917927,1821.6
1282419737,1814651166,1848.6
1282419755,1814651166,1835.0
1282419819,1290395232,3796.1
1282419829,1814651166,2348.6
1282419904,1290395232,3278.3
1282419911,1814651166,2171.1
1282419915,1290395232,3228.2
1282419935,1290395232,3434.5
1282419952,1290395232,2877.5
1282420001,1814651166,2378.0
1282420011,1814651166,1907.9
1282420017,1290395232,3378.0
1282420026,1290395232,3142.6
1282420048,1814651166,2424.0
1282429032,1290395232,3640.8
1282429040,1290395232,2851.5
1282442268,1814651166,3045.5
1282442278,1814651166,2927.1
1282442280,1814651166,2289.8
1282442286,1814651166,2403.6
1282443430,12381917927,1376.1
1282443435,12381917927,1129.2
1282469915,1290395232,4054.8
1282469917,1290395232,4610.9
1282469919,1290395232,4043.7
1290380869,1290395232,3335.8
1290380885,11880563955,2822.6
1290380889,11880563955,3322.8
1290380893,1290395232,3818.9
1290380898,11880563955,3391.5
1290380900,1290395232,3925.6
1290380907,1290395232,3605.4
1290380910,11880563955,3250.1
1290380922,1290395232,3528.6
1290380975,1290395232,3510.6
1290380989,1290395232,3663.2
1290381006,1290395232,3937.0
1290381024,1290395232,3313.2
1290394927,1290395232,3819.3
1290394943,1290395232,3148.5
1290394950,1290395232,3868.5
1290394951,1290395232,3285.9
1290394975,1290395232,3224.2
1290395067,1290395232,3650.3
1290395091,1290395232,571.9
1290395169,1290395232,2187.3
1290395171,1290395232,2986.2
1290395179,1290395232,3578.3
1290395232,1290395232,0.0
1290395236,1290395232,3858.4
1290395254,1290395232,3953.6
1290413683,1290395232,4281.8
1290413687,1290395232,3774.4
1290413690,1290395232,2631.3
1290413693,1290395232,3551.5
1290413695,1290395232,2815.2
1290413703,11880563955,3706.6
1290413704,1290395232,3138.9
1290413709,1290395232,2984.0
1290413712,1290395232,3666.7
1290433804,1290395232,3595.4
1295643063,4742253048,4935.6
1295643076,4742253048,4838.6
1310735360,3367156838,1376.4
1313895558,9487411571,6390.7
1313970927,9933767027,4017.7
1313971252,9933767027,4068.0
1313971328,2401177369,1498.5
1313971330,2401177369,1632.1
1313971337,2401177369,1399.5
1313971338,2401177369,1355.1
1313971366,9933767027,2729.1
1313971587,10080986063,1988.6
1313972308,9933767027,4509.2
1313972503,2401177369,1742.1
1313974511,2401177369,1562.7
1313974512,2401177369,1484.9
1313974515,2401177369,1423.3
1313975082,2401177369,1332.5
1313975089,2401177369,1052.5
1313976918,2401177369,1124.0
1313976924,2401177369,748.3
1313976926,2401177369,1161.3
1313976929,2401177369,1180.8
1313976931,2401177369,1226.8
1313976964,2401177369,1007.9
1313976965,2401177369,1085.6
1313983208,2401177369,965.8
1313983210,2401177369,885.1
1314091755,9933767027,1936.2
1314091763,2482884829,7496.6
1314091867,9933767027,1373.4
1314092069,9933767027,2990.2
1314092117,9933767027,2639.3
1314092196,9933767027,2247.9
1316199064,9933767027,3859.7
1316199089,9933767027,4429.1
1321744010,9933767027,4314.9
1321744101,9933767027,4536.2
1321744109,9933767027,4417.6
1321744157,9487411571,6123.4
1321744201,9933767027,4273.2
1330929815,3541539575,220.6
1330929832,3541539575,237.0
1330929841,11880563955,611.7
1330929860,3541539575,1480.3
1330934311,1814651166,2456.3
1358787400,13369051339,4328.5
1358787402,1290395232,5006.1
1363228250,3822225896,2415.0
1363228259,7157578628,1388.3
1363228263,4050649085,1692.8
1363228265,4050649085,1228.1
1363228269,4050649085,1185.2
1370770959,1290395232,3463.7
1370771059,1290395232,3280.8
1370792955,13369051339,2719.5
1370792963,8358666767,3244.6
1370792972,8358666767,3765.2
1370793002,13369051339,3496.7
1370793009,8358666767,3250.5
1370793022,8358666767,3204.1
1370793026,13369051339,1833.1
1370793061,8358666767,3857.1
1370793063,13369051339,3025.4
1370793084,8358666767,3320.4
1370793090,13369051339,2404.2
1370793095,8358666767,3327.8
1370793097,13369051339,3583.5
1370793110,8358666767,3275.2
1370793118,13369051339,3965.5
1370793135,8358666767,5083.0
1370793147,8358666767,3332.8
1370793149,8358666767,4501.6
1370793167,13369051339,3094.9
1370793181,8358666767,3006.1
1370793183,8358666767,2857.8
1370793189,8358666767,4518.7
1370793209,8358666767,3798.7
1370793214,8358666767,3318.6
1370793226,8358666767,4753.3
1370793231,13369051339,2474.6
1370793237,8358666767,3199.7
1370793248,13369051339,2280.8
1370819263,8358666767,4222.7
1370819264,8358666767,4044.2
1370819266,8358666767,3781.2
1370819272,8358666767,3975.6
1370819282,8358666767,3700.4
1370819304,8358666767,3931.6
1370819348,8358666767,5306.5
1370819371,8358666767,4190.7
1370819386,8358666767,3749.0
1370819388,8358666767,4366.5
1370819464,8358666767,4867.8
1370819499,8358666767,3433.3
1370831372,8358666767,4810.8
1371798842,13369051339,5100.4
1371798845,13369051339,3820.1
1371798950,13369051339,2594.6
1371798985,1814651166,8790.1
1371799041,1814651166,7308.5
1371799070,1814651166,10286.1
1371799075,1814651166,6855.6
1371799436,1814651166,7921.3
1371799462,1814651166,8033.1
1371799463,1814651166,7944.6
1371799468,1814651166,8021.3
1379619930,13369051339,4452.0
1379619936,13369051339,3891.7
1399501468,4742253048,5588.4
1399501513,4742253048,5459.7
1399508867,4742253048,4448.4
1399508868,4742253048,4382.4
1399508887,4742253048,4496.5
1399508900,4742253048,4542.5
1399508922,4742253048,4429.8
1399517914,4742253048,5495.2
1399517930,4742253048,4589.5
1399517950,4742253048,5911.2
1399536155,4742253048,3762.3
1401793830,4742253048,3360.0
1401794576,4742253048,3307.2
1401818336,4742253048,4473.7
1401818348,4742253048,4967.2
1401818349,4742253048,4811.0
1401832398,4742253048,3872.3
1401832404,4742253048,4059.0
1401832407,4742253048,3865.5
1401832427,4742253048,3986.5
1401832429,4742253048,3816.5
1401832433,4742253048,3696.0
1401832439,4742253048,4019.1
1401832444,4742253048,3856.0
1401832447,4742253048,3752.3
1401832938,4742253048,4141.1
1401837429,4742253048,5732.2
1401837432,4742253048,5560.6
1401837714,4742253048,5706.8
1401839438,4742253048,5835.3
1401839443,4742253048,5709.7
1401839457,4742253048,5761.3
1401840215,4742253048,5508.0
1401841140,4742253048,6144.0
1405249844,8358666767,3854.8
1406772737,11880563955,3094.7
1406772738,11880563955,397.3
1406772739,11880563955,1696.5
1406772764,3541539575,383.1
1406772766,3541539575,172.8
1406772784,11880563955,3043.4
1406772788,11880563955,558.9
1406772789,11880563955,704.6
1406772800,11880563955,2205.0
1406772811,11880563955,419.3
1406772824,11880563955,2288.0
1406781216,3541539575,2581.6
1406781220,3541539575,1889.4
1406781246,3541539575,2929.6
1406781273,3541539575,1924.4
1406781274,3541539575,1867.7
1406781278,13369051339,3428.9
1406781285,13369051339,3490.9
1406781301,13369051339,2911.1
1406781304,3541539575,2471.9
1406781339,13369051339,3428.9
1406794579,11880563955,3359.3
1406794580,11880563955,2949.4
1408353522,1290395232,3828.9
1408364582,13369051339,2568.3
1408364584,13369051339,2114.5
1408364586,13369051339,2583.0
1408364619,3541539575,2544.5
1408367568,13369051339,2787.9
1408367590,13369051339,3001.0
1408367592,13369051339,2558.2
1408369113,13369051339,2612.2
1408369118,13369051339,3020.1
1408369130,13369051339,2848.7
1408369138,13369051339,3002.6
1417701738,13369051339,3688.7
1417701861,13369051339,3895.6
1417701862,13369051339,3655.5
1417701865,13369051339,3010.6
1419140443,1880396007,1972.3
1419140459,1880396007,2382.4
1419140487,1880396007,1741.8
1419140489,1880396007,1665.8
1419140490,1880396007,2119.6
1419147998,1880396007,2862.7
1419152466,1880396007,3004.2
1419796812,1880396007,2704.2
1419796816,1880396007,2644.3
1419796820,1880396007,1556.7
1419796825,1880396007,1187.0
1419796827,1880396007,1341.3
1419796829,1880396007,1449.7
1419796830,1880396007,1141.7
1419796831,1880396007,1631.0
1419796832,1880396007,2719.0
1419796840,1880396007,1304.6
1419796852,1880396007,2273.3
1419796854,1880396007,957.5
1419796855,1880396007,1889.6
1419796859,1880396007,2687.0
1419796860,1880396007,1088.3
1419796862,1880396007,1989.1
1419796866,1880396007,2902.1
1419796873,1880396007,1007.4
1419796884,1880396007,1788.7
1419797124,1880396007,1038.5
1419797125,1880396007,1830.6
1419797128,1880396007,1053.3
1419797129,1880396007,1515.5
1419797130,1880396007,826.3
1419797131,1880396007,1147.2
1419797132,1880396007,1418.0
1419797133,1880396007,860.7
1419797134,1880396007,939.2
1444683895,7157578628,3342.1
1444683940,7157578628,3954.7
1445954811,3367156838,1353.6
1445954842,7178880041,777.1
1445954913,3367156838,2020.7
1445954917,7178880041,1335.0
1445954923,3367156838,2194.7
1445954967,3367156838,2638.9
1445955069,7178880041,29.2
1445955083,7178880041,1031.1
1445955095,7178880041,1000.5
1446233440,3541539575,2378.2
1446233446,13369051339,2035.4
1446238252,8358666767,1595.3
1446238253,1215926967,1414.3
1455682647,3367156838,1419.9
1455682657,3367156838,1312.0
1455682660,3367156838,1356.4
1455682668,3367156838,1602.8
1455682669,3367156838,1216.1
1455682671,3367156838,1430.9
1455682674,3367156838,1016.7
1455682700,3367156838,1709.2
1455682705,3367156838,349.9
1455682708,7157578628,1306.8
1455682736,3367156838,716.3
1455682744,3367156838,1098.8
1455682766,3367156838,1710.8
1455682768,3367156838,1472.7
1455682774,3367156838,1145.8
1455682776,3367156838,1441.5
1455682781,3367156838,1333.9
1455682782,3367156838,1115.1
1455682792,3367156838,1338.1
1455682796,3367156838,893.7
1455686591,3367156838,273.3
1455686599,3367156838,1107.1
1455686608,3367156838,689.5
1459106935,3030038002,1666.1
1459106938,1459170126,2240.1
1459106940,1459170126,1629.3
1459106947,3030038002,1988.9
1459170113,8197701278,1033.0
1459170126,1459170126,0.0
1459170163,8197701278,1560.9
1459170181,1459170126,813.5
1459170183,3030038002,2169.1
1459170185,9487411581,408.6
1459170196,3030038002,2454.6
1459170199,1459170126,2345.0
1459181644,13747437765,1968.5
1459181732,13747437765,1780.2
1459181734,9487411581,1784.2
1459181737,9487411581,1429.7
1459181738,9487411581,1070.8
1459192808,13747437765,468.8
1459192809,13747437765,984.1
1459192828,13747437765,2172.9
1459478787,8197701278,622.6
1459555678,9487411571,2465.2
1459555830,7160849932,1653.2
1459609771,9487411571,1105.1
1460229244,4540338550,616.2
1460229246,3044755109,1573.4
1460229249,5343198036,1529.5
1460229271,3734092008,1605.8
1460229295,4540338550,732.7
1460229297,3044755109,2499.0
1460229345,5343198036,2658.7
1460229370,5343198036,1733.4
1460229440,4540338550,1347.6
1460737023,1880396007,2422.9
1460737032,8198567118,1491.3
1460756443,9487411581,2777.2
1462111096,3030038002,1967.6
1462111112,7614809187,1056.0
1462111117,7614809187,1340.2
1462111126,3030038002,803.3
1462111133,3030038002,757.7
1462111137,7614809187,841.8
1462111145,7614809187,777.9
1462111173,7614809187,2614.2
1462120184,1459170126,766.8
1462120185,8197701278,1323.8
1462120186,1459170126,809.8
1462120188,1459170126,643.1
1462120198,1459170126,695.1
1462120203,1459170126,858.1
1462120208,1459170126,566.9
1462120210,1459170126,1055.0
1462120211,1459170126,739.4
1462120212,1459170126,779.3
1462129244,3030038002,1550.2
1462129249,3030038002,1113.5
1462129254,8197701278,1275.7
1462129255,8197701278,325.1
1462129256,8197701278,998.1
1462129258,3030038002,881.7
1462129259,8197701278,647.9
1462129263,1459170126,1646.6
1462129264,8197701278,1255.1
1462129266,3030038002,810.2
1462129268,8197701278,1682.4
1462129269,1459170126,2245.2
1462134260,3030038002,2774.8
1462134297,3030038002,2004.7
1477535177,2457603193,19716.9
1477535212,2457601089,7179.1
1478793788,1148754930,353.4
1478793790,1148754930,415.1
1479067753,2401390759,2783.5
1479967272,8198567118,944.4
1479967280,8198567118,1218.8
1479967285,8198567118,333.8
1481892118,1148754930,2497.3
1481892133,1148754930,2137.4
1481934126,1290395232,1530.3
1481937291,1290395232,583.4
1481937295,1290395232,1956.5
1481940371,1290395232,2165.3
1484762135,8197771709,5860.1
1486517235,1148754930,1533.0
1501481789,9933767027,3116.9
1501481901,10080986063,2008.7
1501481915,10080986063,2455.4
1501481940,10080986063,460.5
1501481989,2482884829,1184.9
1501482000,2482884829,195.3
1501482132,10080986063,5606.6
1501482169,13778138440,2217.1
1501482203,2401122715,1311.7
1501482206,2401122715,1755.8
1501482208,2401122715,2201.6
1501482212,2401122715,1320.5
1501482216,2401122715,1752.7
1540320825,2401177369,1497.5
1540320826,-1,-1.0
1540325166,3822225896,1715.9
1540325184,4050649085,1588.1
1540325204,4050649085,2231.4
1540325243,3822225896,635.2
1540325251,4050649085,806.8
1540325268,7157578628,2226.7
1540325269,4050649085,1667.0
1540325291,3822225896,1653.3
1540325292,4050649085,564.9
1540325293,3822225896,1186.3
1540325301,3367156838,2160.9
1540325309,4050649085,1540.9
1540325311,4050649085,2238.9
1540325324,4050649085,1274.1
1540325326,3822225896,2103.6
1540325330,4050649085,1391.6
1540325333,3367156838,1935.0
1540325336,4050649085,1116.9
1540326760,3822225896,1517.5
1540326762,7178880041,2552.6
1540326763,1233322729,3514.3
1540326765,7178880041,1785.4
1540326771,3822225896,2103.6
1540326775,3822225896,2517.3
1540326779,3822225896,2919.9
1540326780,3822225896,1346.4
1540326781,7178880041,3529.9
1540326783,1233322729,2924.7
1540326785,1233322729,3077.9
1540326788,3044755215,2986.3
1540326790,3822225896,1856.2
1540326793,3822225896,1790.5
1540326795,4050649085,2908.6
1540326796,3822225896,1164.3
1540326798,3822225896,3626.0
1540326801,3822225896,3291.5
1540326802,4050649085,1775.3
1561300862,4050649085,1352.8
1561300867,4050649085,1738.1
1561300938,11176160735,2218.5
1561301031,11250185933,842.6
1561301032,11250185933,1547.0
1561301035,11250185933,2805.0
1563235401,12463139050,4998.9
1563268800,12463139050,4318.6
1563625855,12463139050,4824.8
1563639020,12463139050,4084.3
1563639024,12463139050,4200.6
1570591800,4541277493,2670.9
1589269997,9487411571,3545.7
1589270039,9487411571,4108.3
1589270056,9933767027,7564.1
1589270072,9487411571,4353.2
1589270096,9487411571,5588.4
1589270164,9487411571,1475.5
1589270185,9487411571,3743.9
1589270212,9487411571,5115.7
1589270240,9487411571,4980.4
1589270243,7295164908,5893.4
1589270268,9487411571,5182.5
1617993856,-1,-1.0
1625350112,1290395232,936.2
1625350125,1290395232,431.6
1625350151,1290395232,1956.2
1625350178,1290395232,975.9
1627795783,-1,-1.0
1627795786,9208010658,3436.3
1627798084,9208010658,2780.9
1627798085,9208010658,2937.4
1627798086,9208010658,2792.4
1627798087,9208010658,3064.1
1627798088,9208010658,3165.3
1627803463,1148754930,1590.5
1627803479,1148754930,2182.2
1627803501,4742253048,3547.8
1627803518,1148754930,1896.4
1628031446,9208010658,7650.2
1628031599,9208010658,7894.1
1663906512,13369051339,3482.2
1664012967,13369051339,3356.2
1669802006,7614809187,1715.8
1669802054,7614809187,2092.8
1676342440,4523470682,1913.1
1676342441,4523470682,2369.4
1676342445,4523470682,2389.0
1685310325,4742253048,4398.1
1685324011,4742253048,5331.2
1685324012,4742253048,5048.0
1685324013,4742253048,4385.4
1685331223,4742253048,5270.3
1685331232,4742253048,5231.5
1685339552,4742253048,5234.3
1685339553,4742253048,4511.1
1685339554,4742253048,4638.5
1685339555,4742253048,4820.8
1685339558,4742253048,4769.7
1685339571,4742253048,4937.4
1685345095,4742253048,4671.4
1685355701,4742253048,4121.0
1685355706,4742253048,3101.1
1685355720,4742253048,4599.4
1685355722,4742253048,4035.7
1685355725,4742253048,4410.2
1685355730,4742253048,4199.3
1685355744,4742253048,4294.2
1685355751,4742253048,2832.0
1685355752,4742253048,3600.4
1685355754,4742253048,4126.2
1685355760,4742253048,3431.6
1685363314,4742253048,5259.3
1685363315,4742253048,5412.6
1685363316,4742253048,5171.2
1685363317,4742253048,4406.3
1685363318,4742253048,5244.7
1685363319,4742253048,5333.4
1685363322,4742253048,5100.7
1685364809,4742253048,4686.3
1688268491,8198567118,2287.9
1688268503,8198567118,916.9
1688268507,8198567118,1637.7
1688268509,8198567118,1723.6
1688268511,8198567118,840.5
1688268517,8198567118,841.1
1688268520,8198567118,1407.3
1688268524,8198567118,969.4
1688268540,8198567118,641.9
1688268541,8198567118,22.6
1688268544,4050649085,44.3
1705316758,8600114950,3914.6
1706129822,3501002866,6582.5
1706129824,3367156838,2633.9
1706129825,7227625036,4563.9
1706129840,7227625036,4670.2
1706129851,7227625036,3965.9
1706129915,7227625036,4088.2
1706129931,7178880041,4382.1
1706129933,4523470682,6535.0
1706129980,7227625036,2081.7
1706129995,7227625036,3118.5
1706130014,3501002866,2919.8
1706612169,1233322729,4915.0
1706612174,8600114950,3195.8
1706612176,3044755215,2790.6
1706612187,3044755215,3823.9
1706612194,3044755215,2427.7
1717910613,-1,-1.0
1717910616,12463139050,7654.2
1717910635,12463139050,7656.7
1717910637,12463139050,7590.4
1717910659,12463139050,7644.3
1717910662,12463139050,7538.4
1717910671,12463139050,8110.7
1717910703,12463139050,6157.3
1717910705,12463139050,9020.9
1717910711,12463139050,6176.4
1717910713,12463139050,6103.6
1717910716,12463139050,6127.7
1717910730,12463139050,6210.6
1717910733,9208010658,6957.6
1717910741,9208010658,6858.2
1717910747,9208010658,5898.4
1717910750,9208010658,5770.2
1717910751,9208010658,7397.6
1717910760,9208010658,5707.2
1717910765,9208010658,5646.7
1717910777,9208010658,5761.3
1717910780,9208010658,5895.9
1717910782,9208010658,5778.9
1717910785,2457603193,7494.8
1717910787,9208010658,6408.9
1717910803,2457603193,7544.8
1717910811,9208010658,6325.3
1717910813,9208010658,5852.2
1717910824,9208010658,6102.3
1717910846,9208010658,6430.7
1717910871,9208010658,7141.9
1717910894,9208010658,5881.0
1717910901,9208010658,5966.0
1717910914,9208010658,5933.7
1717910992,9208010658,7036.3
1717910994,9208010658,4710.1
1717911017,9208010658,4737.6
1722777301,9208010658,6797.9
1722777787,2457603193,12576.2
1722778159,2457603193,13044.4
1722778279,12463139050,7038.5
1722778329,12463139050,6643.2
1722778460,12463139050,7508.3
1722778482,12463139050,7462.8
1722778491,12463139050,7680.8
1722778519,2457603193,7986.5
1722778538,12463139050,7739.8
1722778633,12463139050,7752.6
1722778637,12463139050,7708.5
1722778661,12463139050,3719.8
1722778662,12463139050,3635.5
1722778715,2457603193,7683.6
1722778726,12463139050,7516.1
1722778728,2457603193,7753.9
1722778739,12463139050,3514.0
1722778756,12463139050,5428.6
1722778760,12463139050,7048.4
1722778819,12463139050,6256.9
1722778943,2457603193,7246.3
1722779005,2457603193,7274.1
1722779034,2457603193,9856.7
1722779051,2457603193,7233.6
1722779090,2457603193,11223.4
1722779117,2457603193,11852.2
1722779145,2457603193,11240.8
1722779190,2457603193,8169.9
1722779240,2457603193,8843.1
1722779247,2457603193,10964.0
1722779341,2457603193,8895.1
1722779345,12463139050,6550.0
1722779391,12463139050,1883.9
1722779402,12463139050,3091.8
1722779407,12463139050,2138.5
1722779458,12463139050,2698.5
1722779642,9208010658,6573.2
1722779716,2457603193,7659.8
1722779734,2457603193,7540.7
1722779736,2457603193,10875.6
1722780291,2457603193,10269.8
1722780313,2457603193,9656.6
1722780351,2457603193,6968.9
1722780565,2457603193,12623.6
1722780610,2457603193,11822.5
1722780624,2457603193,12003.2
1722780659,2457603193,13784.3
1722780678,2457603193,12758.7
1722780872,9208010658,3256.5
1722780879,9208010658,2276.3
1722780886,9208010658,2365.8
1722780899,9208010658,2914.7
1722780909,9208010658,2611.4
1722780913,2457603193,7858.2
1722780967,9208010658,1764.2
1722780979,9208010658,1749.6
1722781047,2457603193,5628.0
1722781066,2457603193,7166.2
1722781096,9208010658,2290.3
1722781104,9208010658,2304.3
1722781106,9208010658,4783.5
1722781219,9208010658,3487.7
1722781232,9208010658,5848.7
1722781248,9208010658,6629.3
1722781398,2457603193,6118.1
1722781523,2457603193,6414.5
1722781556,2457603193,6342.1
1722781659,2457603193,6474.7
1722781675,2457603193,6829.3
1722781924,2457603193,13621.2
1722781977,2457603193,7360.6
1722782082,2457603193,8271.3
1722782084,2457603193,7950.7
1722782133,2457603193,1015.2
1722782389,2457603193,14489.3
1722782427,2457603193,10137.0
1722782539,2457603193,12522.2
1723596138,2457603193,9089.3
1723596141,2457603193,10015.4
1723596147,2457603193,9732.6
1723596723,2457603193,7452.6
1723596783,2457603193,8168.6
1723596989,2457603193,7465.5
1723597015,2457603193,6555.5
1723597241,2457603193,4847.7
1723597266,2457603193,4045.9
1723597272,2457603193,4167.5
1723597287,2457603193,6208.2
1723597303,2457603193,6086.4
1723597328,2457603193,5042.8
1723597664,2457603193,5155.7
1723597782,2457603193,3397.6
1723597908,2457603193,4077.1
1723597916,2457603193,4093.0
1723598048,2457603193,4712.7
1723598134,2457603193,4771.7
1723598193,2457603193,4162.6
1723598322,2457603193,4666.6
1723598474,2457603193,4102.7
1723598526,2457603193,3929.4
1723598546,2457603193,3889.4
1723598593,2457603193,4192.3
1723598660,2457603193,4417.3
1723598676,2457603193,2743.7
1723598726,2457603193,4421.3
1723654064,2457603193,13813.5
1723654090,2457603193,12285.7
1723654094,2457603193,12584.9
1723654098,2457603193,11799.8
1734799428,2482884829,3419.4
1734799458,13778138440,3400.8
1734799459,2482884829,2948.3
1734799460,2482884829,3250.7
1734799479,11880563955,3176.6
1734799498,11880563955,900.2
1734799514,2482884829,3173.2
1734799520,2401390759,3237.5
1734799533,2482884829,4011.7
1734799534,11880563955,2491.9
1734799552,11880563955,3879.0
1734799600,13778138440,3150.1
1734799601,11880563955,3670.9
1734799602,13778138440,3089.4
1734799605,11880563955,474.8
1734799615,2401390759,2477.9
1734799643,11880563955,3462.4
1734799647,13778138440,3477.7
1734799661,11880563955,2976.7
1734799679,2482884829,3148.1
1734799682,2401390759,2243.4
1734799703,2482884829,3474.4
1734799743,2401390759,2128.0
1734799744,11880563955,2982.9
1734799745,11880563955,702.1
1734799763,11880563955,845.6
1734799769,11880563955,3025.4
1734799770,11880563955,659.6
1734799782,11880563955,855.0
1734799787,11880563955,3462.8
1734808331,10080986063,2932.0
1734808344,2482884829,2459.0
1734808364,2482884829,1933.4
1793010264,4742253048,5674.4
1793010347,4742253048,6260.5
1793010353,4742253048,3769.4
1807168531,13369051339,5003.2
1807168533,11880563955,3984.4
1807209529,1290395232,5754.7
1807209556,13369051339,3825.3
1807209562,1814651166,6136.1
1807209565,13369051339,4021.0
1807231833,1814651166,3104.5
1807231834,1814651166,3558.8
1807231836,1814651166,3569.7
1807231843,1814651166,3288.5
1807231849,1814651166,3835.2
1807231854,1814651166,3701.7
1807231857,1814651166,3643.3
1807231860,1814651166,3369.4
1807231863,1814651166,3003.4
1807231887,1814651166,3683.5
1807231888,1814651166,3636.1
1807231891,1814651166,3041.4
1807231899,1814651166,3416.6
1807231903,1814651166,3655.3
1807231905,1290395232,4388.8
1807231916,1290395232,5415.4
1807231920,1814651166,3633.5
1807231923,1814651166,4433.1
1807231933,1814651166,3546.4
1807231940,1814651166,3506.6
1807231944,1814651166,2819.1
1807272842,1814651166,3118.6
1807272926,1814651166,3370.8
1807273224,1814651166,3243.3
1807273503,1814651166,3874.0
1807273549,1814651166,3726.9
1807273631,1814651166,3239.7
1807274080,1814651166,3751.4
1814595867,1814651166,3250.3
1814595872,1814651166,1180.1
1814595877,1814651166,1578.7
1814651040,12463139050,1920.4
1814651048,12463139050,2314.5
1814651119,9208010658,1800.0
1814651127,12463139050,2434.4
1814651134,12463139050,2982.4
1814651166,1814651166,0.0
1821061746,12463139050,1204.9
1821061778,12463139050,2541.1
1821061787,12463139050,1996.3
1827193772,1290395232,4043.4
1827210269,1148754930,2104.9
1834257323,5325050705,2085.9
1834257335,5325050705,2195.2
1834257344,5325050705,773.5
1834257349,2401122715,1464.8
1834257355,5325050705,1809.2
1834257357,5325050705,1998.8
1834257366,8358666767,4584.2
1835360721,13369051339,3075.1
1837322201,5325050705,1169.4
1837322207,8198567118,4795.8
1837322214,5325050705,628.5
1837322220,5325050705,1799.9
1837322222,5325050705,1689.6
1837322231,5325050705,1238.4
1837322243,5325050705,1520.6
1837322247,5325050705,966.4
1837322250,5325050705,1904.2
1837322254,5325050705,1323.5
1837322258,5325050705,1250.0
1837322285,5325050705,136.1
1837322288,5325050705,479.0
1837322290,5325050705,1151.3
1837322295,5325050705,1923.6
1837322301,5325050705,1636.9
1837322311,5325050705,1333.1
1837322314,5325050705,1551.8
1838340274,5325050705,1557.0
1838340275,5325050705,926.6
1838340277,5325050705,883.2
1838340278,5325050705,1476.8
1838340279,5325050705,1544.1
1838340280,5325050705,1310.6
1838340281,5325050705,1192.1
1839449479,1212025348,3303.0
1852387870,5325050705,1658.2
1852387875,5325050705,1941.5
1862924836,1212025348,3823.4
1862925000,1212025348,4999.1
1862925066,-1,-1.0
1862925100,1212025348,5068.5
1862925211,1212025348,4966.8
1862951296,7227625036,7080.3
1862951354,1212025348,5251.5
1862951358,1212025348,6136.0
1862951388,1212025348,4697.7
1862951415,1212025348,6082.4
1862951464,1212025348,5607.9
1862951493,1212025348,5103.7
1862956878,1212025348,5254.8
1862971592,7227625036,3366.1
1862971616,7227625036,6106.7
1863058938,7227625036,4496.5
1863058969,7227625036,4107.1
1863058976,7227625036,4338.6
1863058995,7227625036,3564.2
1863059013,7227625036,2950.3
1863926471,7227625036,4726.5
1863926556,1212025348,3861.8
1863926570,1212025348,3759.9
1863926576,-1,-1.0
1863926667,-1,-1.0
1865252930,9208010658,2611.8
1865252948,9208010658,3092.4
1865252953,9208010658,6224.0
1865252974,9208010658,3070.0
1865252996,9208010658,6314.3
1865252999,9208010658,3028.4
1865253019,9208010658,9087.8
1865253045,9208010658,6122.9
1865253047,9208010658,6462.4
1865253066,9208010658,6211.7
1865253067,9208010658,3980.5
1865253070,9208010658,6134.9
1865253084,-1,-1.0
1865253094,9208010658,6852.7
1865253096,9208010658,7105.2
1865257996,9208010658,3795.9
1865258010,9208010658,5468.2
1865258084,9208010658,3395.7
1865266531,12463139050,4997.4
1865266535,2457603193,21082.5
1865266564,9208010658,5970.5
1865266573,12463139050,6446.7
1865266579,9208010658,6186.4
1865266582,9208010658,5329.3
1865266585,12463139050,6184.3
1865266590,9208010658,5714.3
1865266636,12463139050,5786.8
1865266649,9208010658,7178.0
1865266682,12463139050,5358.4
1865266694,-1,-1.0
1865266710,-1,-1.0
1865266720,12463139050,6257.1
1865266726,12463139050,6375.6
1865266749,12463139050,6161.0
1865266754,12463139050,6919.1
1865266755,12463139050,6721.9
1865266774,9208010658,7075.1
1865266775,12463139050,5174.6
1865280090,-1,-1.0
1865280106,4742253048,5887.6
1865291672,9487411571,6106.9
1865291674,9487411571,6522.6
1876183710,4541277493,2626.4
1876183739,4181217433,4185.0
1876183768,4541277493,1874.3
1876183790,4541277493,2214.4
1876183856,4541277493,2140.6
1876183903,7227625036,2293.3
1877156562,1880400488,1669.9
1877156579,1880400488,1275.4
1877156587,1880400488,1361.0
1877156632,1880400488,1494.4
1877156636,1880400488,1889.5
1877156736,1880396007,2315.6
1877156741,1880396007,2056.3
1877156751,1880400488,1930.1
1877156757,1880396007,2337.8
1877156797,1880400488,1538.6
1877156809,1880400488,1756.3
1877156815,1880400488,1765.4
1877156819,1880396007,2088.6
1877156826,1880400488,1819.9
1877156861,1880400488,1842.9
1877156872,13747437765,3983.0
1877156874,1880396007,1785.4
1877156885,1880400488,2025.8
1877156887,1880396007,2039.6
1877160161,1880396007,2579.1
1877160184,1880396007,2987.1
1877160185,1880396007,2688.9
1877160227,1880396007,2855.5
1877160231,1880396007,3230.0
1877160498,1880400488,3179.1
1877160500,1880400488,1739.6
1877164579,1880396007,3024.4
1877164581,1880396007,3077.7
1877164583,1880396007,2155.2
1877164586,1880396007,2708.0
1877164588,1880396007,1661.5
1877164594,1880396007,2951.3
1877164597,1880396007,2758.9
1877164598,1880396007,2800.5
1877164600,1880396007,1955.6
1877164601,1880396007,2524.5
1877164604,1880396007,2773.3
1877164610,1880396007,3123.9
1877164614,1880396007,2638.5
1877164616,1880396007,1899.6
1877164618,1880396007,2383.6
1877165238,1880396007,1880.5
1877165240,1880400488,1771.1
1877168008,1880400488,968.3
1877168009,1880396007,1644.6
1877168102,1880400488,1308.3
1877168103,1880400488,1256.2
1877175163,1880400488,1362.1
1877175199,1880400488,951.6
1877175208,1880400488,810.8
1877175230,1880400488,1854.1
1877184720,1880396007,1372.8
1877184736,1880400488,2154.1
1877184747,1880400488,1876.3
1877189253,1880400488,1124.7
1880311320,1880400488,1872.2
1880311372,1880400488,1854.8
1880311382,1880400488,1181.4
1880311415,1880400488,1855.8
1880327541,1880400488,2489.1
1880327551,6868989296,4490.1
1880327553,1880400488,2499.6
1880327572,1880400488,3630.5
1880327575,1880400488,3252.9
1880327599,1880400488,2800.3
1880327613,1880400488,2255.8
1880327634,1880400488,2937.5
1880327643,1880400488,2551.6
1880327665,1880400488,2525.4
1880327688,1880400488,2947.4
1880327693,1459170126,3894.4
1880327704,1880400488,2155.8
1880327732,1880400488,1974.1
1880327743,1880400488,2961.7
1880327770,1880400488,3051.5
1880327798,1880400488,2290.0
1880327814,1880400488,1609.4
1880334701,1880400488,2682.9
1880334703,1880400488,3032.9
1880334708,1880400488,2718.0
1880334756,1880400488,2096.0
1880334758,1880400488,3082.2
1880334797,1880400488,2467.0
1880337929,1880400488,2793.5
1880337933,1880400488,2770.8
1880337934,1880400488,2653.2
1880337937,1880400488,2917.1
1880337938,1880400488,3321.5
1880337939,1880400488,2908.5
1880337941,1880400488,2923.8
1880341138,1880400488,1899.1
1880341141,1880400488,2681.7
1880341143,1880400488,2552.8
1880341152,1880400488,2376.2
1880341156,1880400488,2725.5
1880341164,1880400488,2149.8
1880341174,1880400488,2580.0
1880341177,1880400488,3011.9
1880341181,1880400488,2478.8
1880341184,1880400488,2315.1
1880363655,1880400488,1615.9
1880363670,1880400488,1790.4
1880363671,1880400488,1500.2
1880363672,1880400488,1687.1
1880363677,1880400488,835.2
1880363679,1880400488,1579.8
1880363680,1880400488,1994.2
1880363681,1880400488,1775.3
1880363685,1880400488,388.6
1880367362,1880400488,1207.8
1880367363,1880400488,1006.9
1880367364,1880400488,1346.0
1880367367,1880400488,1726.2
1880367371,1880400488,649.5
1880367373,1880400488,984.6
1880367374,1880400488,818.7
1880367678,1880400488,1587.9
1880367680,1880400488,2119.9
1880367684,1880400488,1282.2
1880367685,1880400488,683.4
1880372550,1880400488,2089.0
1880372579,1880400488,2487.7
1880387814,1880396007,716.7
1880387815,1880396007,727.1
1880395944,1880400488,221.5
1880395949,1880400488,371.3
1880395953,1880400488,394.2
1880395957,1880400488,963.4
1880395959,1880400488,376.7
1880395961,1880400488,497.2
1880395963,1880400488,714.8
1880395965,1880400488,231.9
1880395969,1880396007,490.9
1880395976,1880396007,295.0
1880395986,1880400488,478.9
1880395990,1880396007,201.3
1880395996,1880396007,718.0
1880395997,1880400488,730.2
1880395999,1880396007,384.7
1880396005,1880396007,614.8
1880396007,1880396007,0.0
1880396008,1880400488,904.1
1880396010,1880400488,686.4
1880396013,1880396007,484.3
1880396016,1880400488,245.7
1880396017,1880400488,914.4
1880396021,1880400488,888.5
1880396025,1880400488,350.9
1880396026,1880400488,845.7
1880396029,1880396007,489.5
1880400414,1880400488,255.5
1880400427,1880400488,507.8
1880400462,1880400488,262.4
1880400488,1880400488,0.0
1880421332,1880396007,1023.3
1880421338,1880396007,1390.4
1880421367,1880396007,872.1
1880421372,1880396007,1226.7
1880421383,1880396007,1006.0
1880421399,1880396007,502.4
1880421412,1880396007,892.7
1880421436,1880400488,1291.0
1880421441,1880396007,810.7
1880421453,1880396007,1028.5
1880421477,1880396007,405.5
1880421483,1880396007,935.5
1880421489,1880396007,770.3
1880421493,1880396007,1198.4
1880421504,1880396007,1455.1
1880421508,1880396007,603.9
1880421511,1880396007,440.2
1880421531,1880396007,619.8
1880421824,1880396007,921.5
1880447270,1880396007,2567.8
1880447678,1880396007,1678.7
1880447679,1880396007,1431.2
1880455427,1880396007,1331.6
1880455433,1880396007,1277.1
1880455444,1880400488,1453.9
1880455463,1880396007,989.3
1880455505,1880396007,1250.6
1880455514,1880396007,1088.1
1880455525,1880396007,1405.4
1880477799,1880396007,2029.2
1880477801,1880396007,2871.8
1880477807,8198567118,1969.6
1880477808,1880396007,1967.5
1880477810,1880396007,2097.2
1880477840,1880396007,1987.9
1880477857,8198567118,1955.6
1880477858,8198567118,2027.1
1880477864,8198567118,1753.8
1880477872,1880396007,1794.5
1880477876,1880396007,2106.9
1880477880,1880396007,1642.0
1880477884,1880396007,1885.9
1880480111,8198567118,1973.1
1880480112,1880396007,1814.3
1880480113,8198567118,2151.0
1880480114,8198567118,2039.6
1880480115,1880396007,2105.7
1880480117,1880396007,2026.8
1880480119,8198567118,2090.5
1880480122,8198567118,1931.7
1880480128,8198567118,1940.5
1880480130,1880396007,1994.2
1880480133,8198567118,2084.5
1880480136,8198567118,1800.4
1880480139,8198567118,1777.3
1880480143,1880396007,2379.1
1880480166,8198567118,2116.1
1880483285,8198567118,1973.9
1880483301,1880396007,2067.5
1880504365,8198567118,1484.8
1880504367,8198567118,1897.0
1880504369,8198567118,2145.0
1880504371,8198567118,1672.5
1880504387,8198567118,1715.6
1880504390,8198567118,1660.7
1880504395,8198567118,1850.7
1880504401,8198567118,1891.4
1880506150,1880396007,2628.8
1880506151,8198567118,2110.6
1880506156,1880396007,2869.3
1880506158,1880396007,2399.9
1880506160,8198567118,2541.9
1880506161,1880396007,2932.9
1880506163,1880396007,2665.9
1880509259,-1,-1.0
1880509263,8198567118,2830.7
1880509264,8198567118,2755.2
1880509275,8198567118,2334.3
1880510915,1880396007,2624.5
1880510916,1880396007,2884.2
1880510918,8198567118,2983.5
1880510919,1880396007,2837.2
1880510921,1880396007,2018.5
1880510922,1880396007,2832.0
1880510924,8198567118,2715.2
1880510926,8198567118,2659.7
1880527291,1880396007,2676.5
1880527294,8198567118,2774.1
1880527297,8198567118,2127.7
1880527298,8198567118,2681.7
1880527299,8198567118,2379.3
1880527300,8198567118,1854.4
1880527301,8198567118,2474.0
1880527307,8198567118,2346.6
1880527319,8198567118,2778.9
1880527320,8198567118,1819.4
1880527325,8198567118,1930.6
1880527329,8198567118,2247.0
1880527335,8198567118,2011.9
1880527338,8198567118,1921.0
1880527340,8198567118,1836.4
1880527342,8198567118,2077.1
1881962445,8198567118,929.0
1881962506,8198567118,1157.9
1881981626,8198567118,653.7
1881981628,8198567118,1135.3
1881981633,8198567118,827.1
1881983314,8198567118,733.3
1881983315,8198567118,1258.8
1881983316,8198567118,1683.2
1881983318,8198567118,1569.9
1881983319,8198567118,1421.2
1881983320,8198567118,1451.8
1881983321,8198567118,942.5
1881983322,8198567118,1515.8
1881983324,8198567118,1354.4
1881983326,8198567118,1739.3
1881983328,8198567118,1144.4
1881983329,8198567118,1346.6
1881983568,8198567118,1407.0
1881983569,8198567118,1317.2
1881983570,8198567118,2373.3
1881984010,8198567118,1148.1
1881984011,8198567118,938.7
1881984012,8198567118,926.8
1881984013,8198567118,1056.7
1881986247,8198567118,933.5
1881986248,8198567118,946.5
1881986250,8198567118,404.8
1881989360,8198567118,1213.7
1881989361,8198567118,1200.5
1881989363,8198567118,1134.2
1881989364,8198567118,1290.2
1881989893,8198567118,739.7
1881989900,8198567118,939.6
1881989910,8198567118,698.2
1881989912,8198567118,1089.8
1881989914,8198567118,922.2
1882003758,8198567118,1158.7
1882003792,8198567118,1145.0
1882024029,8198567118,1163.1
1882024041,8198567118,1467.1
1882026444,8198567118,1696.5
1882026445,8198567118,1050.1
1882026448,8198567118,1143.4
1882026450,8198567118,1517.9
1882026451,8198567118,1002.6
1882026452,8198567118,977.2
1882026453,8198567118,1194.0
1882026454,8198567118,1443.3
1882026456,8198567118,1659.6
1882026459,8198567118,1011.3
1882026464,8198567118,1294.7
1882034688,8198567118,915.8
1882034692,8198567118,1250.8
1882034696,8198567118,1360.7
1882034702,8198567118,1507.0
1882034705,8198567118,1311.1
1882035259,8198567118,769.2
1882037538,8198567118,577.0
1882037539,8198567118,193.5
1882037540,8198567118,104.9
1882037542,8198567118,449.7
1882037543,8198567118,140.2
1882037548,8198567118,126.8
1882044588,8198567118,634.0
1882060973,8198567118,716.8
1882060975,8198567118,818.7
1882060998,8198567118,891.0
1882071489,8198567118,2269.4
1882077229,8198567118,1736.8
1882077235,4523470682,2422.7
1882077240,8198567118,2069.0
1882081953,8198567118,1782.2
1882081958,8198567118,1423.2
1882081961,8198567118,1463.1
1882081962,8198567118,1678.1
1882081965,8198567118,1919.5
1882087714,8198567118,969.4
1882087716,8198567118,697.8
1882087718,8198567118,734.7
1882088837,8198567118,1205.7
1882088839,8198567118,1975.8
1882095039,8198567118,1384.9
1882095040,8198567118,1732.5
1882095042,8198567118,1798.2
1882095044,4523470682,2649.0
1882095045,8198567118,1335.9
1882095050,8198567118,1689.1
1882095053,8198567118,1325.0
1882095054,8198567118,1064.9
1882095056,8198567118,1295.8
1882095057,8198567118,1611.2
1882095058,4523470682,2555.1
1882095059,8198567118,1337.1
1882095060,4523470682,2658.1
1882095061,8198567118,1650.2
1882095062,8198567118,1962.5
1882095063,8198567118,1702.7
1882095064,8198567118,1511.8
1882095065,8198567118,1505.7
1882095066,8198567118,1510.7
1882095067,8198567118,1474.2
1882095068,8198567118,1455.7
1882095072,8198567118,1410.2
1882095558,8198567118,2112.1
1882095560,8198567118,2097.7
1882095562,8198567118,1954.8
1882138508,299855747,459.8
1882138513,4523470682,983.0
1882138516,4523470682,1425.0
1882138526,4523470682,1320.9
1882138530,4523470682,1187.2
1882138546,7178880041,2509.8
1882138557,4523470682,1293.7
1882138559,4523470682,1534.5
1882138568,4523470682,1153.0
1882138571,8198567118,2889.3
1882138574,4523470682,2050.7
1882138577,4523470682,1298.5
1882138579,4523470682,1200.7
1882138594,4523470682,1547.7
1882138596,4523470682,1239.7
1882138597,8198567118,2520.4
1882138599,4523470682,947.5
1882138604,4523470682,1101.7
1882138609,4523470682,1252.9
1882138612,4181217433,4980.9
1882138613,4523470682,1763.0
1882138620,4523470682,1143.4
1882138646,4523470682,1470.7
1882138648,7178880041,2958.8
1882138650,4523470682,1736.0
1882138673,4523470682,1898.0
1882144961,4523470682,1384.2
1882145004,4523470682,2288.2
1882149799,4523470682,1754.0
1882149800,4523470682,1857.3
1882149808,4523470682,2016.6
1882149816,4523470682,2083.3
1882149822,4523470682,1942.9
1882149834,4523470682,2093.8
1882149836,4523470682,1878.5
1882149840,4523470682,2213.1
1882149846,4523470682,1704.4
1882149848,4523470682,1930.5
1882159772,4523470682,1925.7
1882159795,4523470682,2014.1
1882159834,4523470682,1643.0
1882165516,4523470682,2249.1
1882165519,8198567118,1820.5
1882165521,8198567118,2531.2
1882165523,8198567118,2151.8
1882165525,8198567118,2496.8
1882165527,8198567118,2099.7
1882165528,4523470682,2451.4
1882165530,8198567118,2418.0
1882165532,8198567118,2005.4
1882165534,8198567118,2169.2
1882165536,8198567118,2505.4
1882165538,8198567118,2359.4
1882271290,8198567118,1727.0
1882271295,1880400488,1840.3
1882271296,8198567118,1350.6
1882271316,8198567118,1595.8
1882271321,8198567118,1814.2
1882271322,8198567118,1807.7
1882271324,8198567118,1674.7
1882284060,8198567118,1036.4
1882284061,8198567118,1063.1
1882284062,8198567118,1238.6
1882284064,8198567118,1353.9
1882284069,8198567118,603.2
1882284071,8198567118,1449.7
1882302779,1880400488,1269.6
1882302783,1880400488,1139.4
1882302787,1880400488,2044.0
1882311543,1880400488,1873.2
1882311545,1880400488,914.0
1882311546,1880400488,1858.1
1882311549,1880400488,2232.0
1882311553,1880400488,2456.9
1882311565,1880400488,3050.5
1882311566,1880400488,1876.1
1882315265,1880400488,2702.1
1882315268,1880400488,1902.8
1882315271,1880400488,2127.6
1882315274,1880400488,2809.9
1882315337,1880400488,1543.0
1882315361,1880400488,1940.3
1882315364,8198567118,2374.2
1882315375,1880400488,1965.0
1882315411,1880400488,1852.4
1882318596,1880400488,2921.4
1882326245,1880400488,2057.3
1882326247,1880400488,2866.6
1882402521,1880400488,2396.1
1882402547,1880400488,1964.4
1882405950,1880400488,2056.0
1882405954,1880400488,1748.2
1882413350,1880400488,2170.4
1882413363,1880400488,2658.7
1882413366,1880400488,2967.2
1882413367,1880400488,2299.5
1882413369,1880400488,2680.3
1882413370,1880400488,2493.0
1882413371,1880400488,2390.0
1882413376,1880400488,2792.9
1882421165,1880400488,2950.0
1882421175,7157578628,2921.6
1882421179,1880400488,2704.9
1882421187,7157578628,2644.1
1882421190,7157578628,2532.1
1882421193,7157578628,2154.2
1882421205,7157578628,2761.1
1882421209,7157578628,2662.2
1882421211,7157578628,2380.5
1882440894,7157578628,3018.1
1882440895,1880400488,2530.1
1884975438,6868989296,4157.0
1884975510,1880400488,3707.1
1884975517,6868989296,2960.0
1884975545,6868989296,2998.3
1884975558,6868989296,3695.7
1884975563,6868989296,3257.1
1884975569,6868989296,2981.6
1884975605,6868989296,2524.1
1884979283,1880400488,3782.0
1884979285,6868989296,3507.7
1884979288,6868989296,3544.5
1884979292,1880400488,2974.7
1884979297,6868989296,2923.3
1884979298,6868989296,2907.1
1884979300,6868989296,3551.6
1884979303,6868989296,3518.2
1884979306,6868989296,3493.4
1884981393,6868989296,3029.9
1884981395,6868989296,2730.4
1884981405,1880400488,2614.5
1884981410,6868989296,3156.1
1884981412,6868989296,4059.9
1884982982,6868989296,4123.3
1884982995,6868989296,3340.2
1884983026,6868989296,4248.0
1884983029,1880400488,2963.0
1884983682,1880400488,3180.5
1884983683,6868989296,3571.2
1884983686,1880400488,2717.5
1884983694,6868989296,3271.8
1884983695,6868989296,3642.4
1884983696,1880400488,3277.4
1884985369,6868989296,3520.9
1884985370,1880400488,3701.5
1884990073,6868989296,3687.6
1884990079,6868989296,3472.1
1884990085,6868989296,3955.6
1884990088,6868989296,3635.6
1884990097,6868989296,4056.0
1884990100,6868989296,3810.4
1884990103,6868989296,3887.9
1884990106,6868989296,3653.5
1884990112,6868989296,3613.5
1884990115,6868989296,3393.3
1884998921,1880400488,3486.3
1884998931,1880400488,3532.8
1885006540,6868989296,3239.4
1885021148,1880400488,2689.2
1885021153,1880400488,2475.9
1885021155,1880400488,2919.3
1885021156,1880400488,2329.7
1885021157,1880400488,2906.5
1885021158,1880400488,2818.0
1885021160,1880400488,2765.0
1885021161,1880400488,2994.4
1885021163,1880400488,2442.5
1885021164,1880400488,3266.1
1885021166,1880400488,2613.7
1885021167,1880400488,2032.8
1885021173,1880400488,1865.3
1885021174,1880400488,2807.0
1885021176,1880400488,2241.3
1885021177,1880400488,2773.8
1885021178,1880400488,2541.5
1885021180,1880400488,2136.6
1885026697,1880400488,3431.6
1885026707,6868989296,4500.2
1885026709,6868989296,3166.7
1885026713,1880400488,3828.0
1885026716,1880400488,3143.1
1885026725,6868989296,4032.5
1885026726,6868989296,3820.6
1885026728,6868989296,3860.3
1885037341,6868989296,3829.9
1885037343,6868989296,3556.4
1885048823,1880400488,4240.5
1885048863,6868989296,3423.9
1885061251,1880400488,3627.1
1885061257,6868989296,3559.1
1885061273,1880400488,3008.0
1885061277,6868989296,3443.5
1885061282,1880400488,3132.1
1885061285,1880400488,2670.4
1885061287,1880400488,3587.9
1885061289,1880400488,3084.8
1885061290,1880400488,3528.3
1885061299,6868989296,4331.7
1885061302,7157578628,4374.1
1885061311,6868989296,3516.6
1885061324,1880400488,3685.2
1885061341,6868989296,4281.6
1885061345,1880400488,2872.1
1885063418,7157578628,3985.6
1885074430,7157578628,3678.4
1885074475,7157578628,3706.5
1885074498,7157578628,2453.5
1885074503,7157578628,3608.9
1885074506,7157578628,3655.6
1885074524,7157578628,3441.2
1885074530,7157578628,2074.6
1885074561,7157578628,3651.1
1885074567,7157578628,2099.1
1885074572,7157578628,3026.0
1885074583,6868989296,4804.0
1885074591,1880400488,4368.4
1885074638,7157578628,3576.2
1885074667,7157578628,3593.9
1885074671,7157578628,3048.0
1885077247,7157578628,3457.7
1885077254,1880400488,3715.8
1885077857,1880400488,3585.2
1885079870,1880400488,3109.4
1885079872,1880400488,2924.4
1885079876,1880400488,3171.9
1885079887,1880400488,2371.0
1885080775,1880400488,3104.1
1885080776,1880400488,2768.6
1885080778,1880400488,2211.9
1885084584,7157578628,3227.6
1886635180,1880400488,3078.6
1886635187,8198567118,2741.2
1886641077,6868989296,3606.5
1886641096,5343198036,3308.3
1886641104,6868989296,2057.0
1886641117,6868989296,3340.5
1886641124,6868989296,2917.0
1886641151,6868989296,1078.6
1886641177,6868989296,2496.4
1886641239,6868989296,2266.3
1886641243,6868989296,2658.1
1886641269,6868989296,3772.1
1886641296,6868989296,2791.0
1886641308,6868989296,1387.8
1886645310,6868989296,2855.9
1886645325,6868989296,2841.8
1886645341,6868989296,3522.4
1886645359,6868989296,2439.1
1886645363,6868989296,2010.8
1886645369,6868989296,3094.0
1886645376,6868989296,2551.0
1886645379,6868989296,2010.5
1886645393,6868989296,3645.5
1886645401,6868989296,3081.4
1886645407,6868989296,3132.0
1886645428,6868989296,3150.7
1886654488,1887828574,3481.9
1886663555,6868989296,3758.3
1886663557,6868989296,4451.3
1886663560,6868989296,3362.9
1886663565,6868989296,3811.3
1886667408,6868989296,2585.1
1886667410,6868989296,3496.2
1886667412,6868989296,3113.5
1886678503,6868989296,3008.1
1886678511,6868989296,2627.9
1886678524,6868989296,3259.3
1886678558,6868989296,2811.5
1886691314,6868989296,2155.8
1886691318,6868989296,2561.1
1886691320,6868989296,1905.7
1886691331,6868989296,2754.2
1886708854,6868989296,4383.1
1886708947,6868989296,4533.2
1886723067,6868989296,2930.0
1886723068,6868989296,2549.6
1886723070,6868989296,4231.2
1886723071,6868989296,3687.2
1886723072,6868989296,3077.7
1886723073,6868989296,1960.6
1886723074,6868989296,1990.2
1886723077,6868989296,2912.4
1886723079,6868989296,2578.8
1886723081,6868989296,1606.5
1886723082,6868989296,4053.6
1886723085,6868989296,2754.7
1886723086,6868989296,2585.3
1886723087,6868989296,3211.5
1886723088,6868989296,3255.4
1886723089,6868989296,2220.9
1886723090,6868989296,3422.5
1886723148,6868989296,2388.1
1886723150,6868989296,2648.5
1886727440,6868989296,3423.1
1886727441,6868989296,3364.4
1886727442,6868989296,2907.8
1886727443,6868989296,3186.8
1886727444,6868989296,4027.2
1886727445,6868989296,4867.5
1886727446,6868989296,3403.9
1886727447,6868989296,3692.3
1886727448,6868989296,4171.0
1886727449,6868989296,3509.3
1886727450,6868989296,3491.8
1886727452,6868989296,4154.0
1886727453,6868989296,3175.5
1886727454,6868989296,4197.5
1886727457,6868989296,4179.8
1886727458,6868989296,4347.5
1886727463,6868989296,4298.7
1886727466,6868989296,4744.0
1886727470,6868989296,3380.5
1886727472,6868989296,3351.6
1886727473,6868989296,3748.5
1886727475,6868989296,3156.0
1886727477,6868989296,2739.0
1886727480,6868989296,3808.3
1886727481,6868989296,3064.3
1886727485,6868989296,3434.7
1886727487,6868989296,3181.4
1886727489,6868989296,4093.6
1886727492,6868989296,2944.0
1886731243,6868989296,3539.8
1886731250,6868989296,3605.4
1886777643,6868989296,3968.2
1886777686,3030038002,3401.1
1886777795,3030038002,3493.5
1886777802,5343198036,3564.9
1886777826,6868989296,3275.2
1886777892,3030038002,3411.3
1886777918,3030038002,2892.1
1886777957,3030038002,3506.2
1886777969,3030038002,3382.2
1886777976,3030038002,3820.6
1886803757,3030038002,3040.1
1886803774,5343198036,3388.3
1886803793,5343198036,3379.4
1886803802,3030038002,3349.3
1886803837,5343198036,3459.1
1886803844,3030038002,2318.7
1886803858,3030038002,2628.5
1886808397,3030038002,2915.3
1886808401,3030038002,3839.2
1886808405,3030038002,2819.6
1886808407,3030038002,2932.3
1886808410,5343198036,2865.3
1886808413,5343198036,2609.6
1886808419,3030038002,3494.4
1886816090,5343198036,2290.7
1886816117,5343198036,3014.0
1886820898,5343198036,3599.6
1886820901,5343198036,3595.1
1886820913,5343198036,3193.2
1886820945,5343198036,3051.3
1886828443,3030038002,3090.4
1886828446,3030038002,3642.4
1886828478,3030038002,3322.6
1886828482,5343198036,3161.7
1886831760,3030038002,3632.9
1886831786,3030038002,3708.1
1886831795,3030038002,3188.1
1886831798,5343198036,3317.9
1886840630,3030038002,3092.8
1886840632,6868989296,5547.0
1886840634,6868989296,4663.0
1886840646,6868989296,4226.9
1886846389,6868989296,3532.0
1886883617,3030038002,3638.5
1886883649,12247625066,2109.1
1886883651,11775535391,1773.9
1886883669,6868989296,3700.8
1886883680,12247625066,2079.1
1886887076,12247625066,3886.4
1886887082,6868989296,3668.0
1886887085,12247625066,4843.7
1886887096,12247625066,2786.4
1886887097,6868989296,3676.7
1886887104,1887828574,5270.6
1886894556,3030038002,3085.1
1886894566,3030038002,3522.6
1886894581,3030038002,3572.6
1886894612,3030038002,3204.8
1887089821,1880400488,2282.4
1887089822,1880400488,2238.4
1887801443,5343198036,3633.8
1887801453,5343198036,3915.1
1887801456,5343198036,4180.5
1887801483,5343198036,3652.0
1887801490,5343198036,3656.7
1887801496,5343198036,3562.1
1887801501,3044755109,3702.8
1887801505,5343198036,3610.0
1887802712,12247625066,2443.6
1887802715,12247625066,2332.3
1887802718,3044755109,3424.0
1887802723,11775535391,3137.8
1887802735,12247625066,2059.9
1887802754,12247625066,3606.5
1887802757,12247625066,3320.5
1887802763,12247625066,2100.3
1887802766,12247625066,2035.4
1887802767,12247625066,2159.4
1887802768,12247625066,3002.9
1887802773,12247625066,3887.4
1887802775,12247625066,3069.7
1887802783,12247625066,3832.9
1887807343,12247625066,2889.8
1887807351,12247625066,3334.6
1887807355,12247625066,2729.5
1887807367,12247625066,2549.5
1887807372,12247625066,3303.8
1887808810,11775535391,2126.8
1887808815,11775535391,1931.1
1887808818,11775535391,1690.3
1887808821,11775535391,1728.0
1887811458,12247625066,3910.6
1887811459,12247625066,3678.1
1887811484,12247625066,3496.7
1887811487,12247625066,3589.9
1887811488,12247625066,4421.5
1887811503,12247625066,3557.3
1887815637,11775535391,1297.0
1887815696,11775535391,1589.1
1887815738,11775535391,916.1
1887818871,5343198036,4874.0
1887818888,5343198036,3759.9
1887818899,5343198036,4212.4
1887818931,5343198036,4269.6
1887818958,5343198036,4822.6
1887822985,12247625066,1902.4
1887822987,12247625066,1485.3
1887822992,12247625066,2465.5
1887822995,12247625066,931.9
1887822998,12247625066,1753.2
1887823004,12247625066,2469.8
1887823006,12247625066,1463.3
1887823007,12247625066,1983.0
1887823012,12247625066,1890.5
1887823030,12247625066,1672.0
1887823035,12247625066,1426.1
1887823038,12247625066,2137.9
1887823040,12247625066,1973.2
1887823073,12247625066,1445.4
1887823077,12247625066,1937.3
1887828526,1887828574,926.3
1887828535,1887828574,906.7
1887828536,1887828574,613.8
1887828541,1887828574,728.3
1887828546,1887828574,1630.0
1887828555,1887828574,858.3
1887828564,1887828574,809.9
1887828568,7157578628,1047.3
1887828569,1887828574,876.1
1887828570,1887828574,905.7
1887828571,1887828574,746.7
1887828574,1887828574,0.0
1887828597,1887828574,1514.9
1887828603,1887828574,774.5
1887828605,1887828574,972.1
1887828608,1887828574,1800.5
1887828611,1887828574,1865.8
1887828613,1887828574,1879.1
1887828618,7157578628,967.2
1887828620,1887828574,1070.1
1887828621,1887828574,883.4
1887828648,1887828574,1517.5
1887830140,1887828574,983.8
1887830145,1887828574,453.3
1887830148,1887828574,775.2
1887830155,1887828574,575.6
1887830163,1887828574,1232.3
1887830171,1887828574,1140.1
1887830202,1887828574,701.5
1887830206,1887828574,732.3
1887830208,1887828574,179.8
1887830224,1887828574,291.2
1887830230,7157578628,1423.4
1887830243,1887828574,588.1
1887830257,1887828574,1132.5
1887830259,1887828574,686.4
1887830264,1887828574,1094.1
1887886069,7157578628,3389.1
1887886071,1887828574,1354.4
1887886077,1887828574,1439.9
1887886078,7157578628,2149.8
1887886083,7157578628,342.9
1887886090,7157578628,2475.1
1887886095,7157578628,2001.6
1887886113,7157578628,2171.0
1887886126,7157578628,1204.1
1887886135,7157578628,2582.4
1887886136,7157578628,934.1
1887886144,7157578628,3022.5
1887886148,7157578628,1692.1
1887886151,7157578628,531.1
1887886153,1880400488,3229.6
1887886156,1880400488,3509.4
1887886168,1880400488,3257.1
1887886170,1880400488,3059.6
1887886171,7157578628,1111.3
1887886179,7157578628,2418.3
1887886198,7157578628,1283.0
1887891554,1887828574,709.1
1887891561,1887828574,627.2
1887891571,1887828574,590.2
1887891576,1887828574,1896.9
1887891580,1887828574,3218.2
1887891587,1887828574,3146.4
1887891595,1887828574,2032.3
1887891601,12247625066,1452.1
1887891612,1887828574,521.8
1887891617,1887828574,449.6
1887891619,1887828574,1547.0
1887891620,1887828574,786.0
1887891627,1887828574,493.2
1887891631,1887828574,992.1
1887891640,1887828574,784.3
1887891642,12247625066,1829.7
1887891657,1887828574,1875.3
1887891663,11775535391,2225.5
1887891670,1887828574,2657.8
1887891678,1887828574,1906.6
1887891697,1887828574,1204.0
1887891715,1887828574,1807.3
1887891717,1887828574,1250.0
1887891725,1887828574,825.4
1887891748,1887828574,966.4
1887891750,1887828574,1794.9
1887891752,1887828574,973.5
1887891757,1887828574,2498.7
1887891768,1887828574,1537.1
1887891841,12247625066,1939.0
1887905953,11775535391,1318.0
1887905967,7157578628,3074.7
1887905980,3030038002,2965.0
1887908204,1887828574,1147.4
1887908209,1887828574,664.6
1887914085,1880400488,2074.2
1887914087,1880400488,1036.7
1887914096,1880400488,1743.9
1887914598,1880400488,3088.6
1887914599,1880400488,2946.7
1887926169,7157578628,3139.3
1887928599,7157578628,1700.2
1887932230,7157578628,2327.7
1887932233,7157578628,2702.9
1887932239,7157578628,2306.6
1887932252,7157578628,2596.9
1887932257,7157578628,3096.6
1887932259,7157578628,2382.6
1891150000,7178880041,2389.8
1891150005,1880400488,2399.4
1891150037,7157578628,2895.6
1891150089,7178880041,2569.6
1891150133,7178880041,2705.3
1891150158,1880400488,2480.4
1891150206,1880400488,3063.6
1891150282,7178880041,2745.1
1891154866,7178880041,2744.7
1891154878,8198567118,1778.4
1891154882,8198567118,2601.1
1891195554,7178880041,2741.8
1891195559,1880400488,2842.4
1891195560,7178880041,3038.4
1891195564,1880400488,2793.1
1891195569,1880400488,3282.2
1891213408,7178880041,2500.8
1891226592,7178880041,2558.5
1891226597,7178880041,2283.2
1891226654,7178880041,1986.1
1891226671,8198567118,2153.1
1891226717,7178880041,2130.3
1892532853,9487411571,7016.2
1892533014,9487411571,5779.1
1892533036,9487411571,3017.1
1892533037,7295164908,5311.9
1892533040,9487411571,4003.9
1907856815,11880563955,2316.5
1907856818,11880563955,2392.4
1907856822,11880563955,2337.0
1907856823,11880563955,2372.0
1919974849,9208010658,6105.2
1919974851,9208010658,4793.6
1920006833,9208010658,4342.9
1920006881,9208010658,4223.8
1926866245,8198567118,1558.1
1926866253,8198567118,2213.6
1926866262,8198567118,1989.5
1926866264,8198567118,1752.6
1926866272,8198567118,1723.7
1926866285,8198567118,1694.0
1926866291,8198567118,1716.3
1926866302,8198567118,1463.1
1926866307,8198567118,1432.7
1926866309,8198567118,1415.6
1926866313,8198567118,2238.8
1926866318,8198567118,1888.8
1926866319,8198567118,1702.3
1926866333,8198567118,1707.5
1926866334,8198567118,1690.5
1926866345,8198567118,2057.9
1926866347,8198567118,821.2
1926866350,8198567118,2499.1
1926866352,8198567118,2498.4
1926866356,8198567118,2053.6
1926866368,8198567118,1086.3
1926866370,8198567118,1069.8
1926866376,8198567118,1983.0
1926866385,7178880041,2230.8
1926866395,8198567118,1983.4
1926866410,8198567118,1932.2
1926866413,7178880041,2034.8
1926866423,7178880041,2054.7
1926866429,7178880041,1970.2
1926866441,8198567118,1668.0
1926866443,8198567118,1652.9
1926866455,7178880041,1833.0
1926866459,7178880041,2136.6
1926866464,7178880041,2251.9
1926866535,7178880041,1910.7
1926866545,7178880041,1839.9
1930506193,9487411571,3232.5
1930506199,9487411571,3261.5
1930506207,9487411571,3307.7
1930506210,9487411571,4212.6
1930506213,9487411571,3688.3
1930506214,9487411571,3790.2
1930506216,9487411571,2435.0
1930506226,13747437765,1945.9
1930506236,1880400488,2751.3
1930527255,9487411571,5395.1
1930527256,9487411571,6458.0
1930527257,9487411571,5383.6
1930527270,9487411571,4262.0
1935052512,3030038002,969.7
1935052528,7614809187,1012.2
1935052570,7614809187,1579.4
1973301960,7178880041,1790.7
1973301969,4523470682,2588.9
1973301981,3367156838,1460.6
1973301982,4523470682,3262.8
1992854998,13778138440,1769.0
1992855011,3541539575,1887.1
1993306191,4050649085,1551.5
2045952130,9487411571,6663.8
2045952153,9487411571,5031.4
2045952160,9487411571,4937.6
2045952211,9487411571,3155.5
2045952232,9487411571,1061.3
2045952234,9487411571,516.1
2045952236,9487411571,1712.7
2045952239,9487411571,1415.3
2045952241,9487411571,1448.0
2045952245,9487411571,1469.9
2045952271,9487411571,2102.3
2045952299,7160849932,1015.3
2045952302,7160849932,787.5
2045952305,8197771709,1799.2
2045952326,8197771709,564.2
2045952397,7614809187,3194.1
2045952502,2045952502,0.0
2045952524,2045952502,712.1
2045952536,-1,-1.0
2045952564,2045952502,981.8
2045952572,2045952502,1344.9
2045952573,2045952502,3072.3
2045952586,2045952502,1684.6
2045952616,2045952502,1634.2
2045952628,2045952502,1815.7
2045952637,2045952502,3139.3
2075724308,1814651166,1349.6
2124844327,11880563955,4467.9
2134613633,9208010658,7443.7
2134613651,9208010658,7873.3
2135916406,4742253048,3306.3
2135916409,4742253048,3786.0
2135916414,4742253048,4441.7
2135916447,4742253048,5311.8
2135916450,4742253048,5496.2
2135916454,4742253048,5564.9
2135925896,4742253048,3853.4
2139758145,3541539575,3581.4
2139758149,3541539575,3243.2
2139758155,3541539575,3312.8
2140813071,1233322729,2988.0
2140813072,7178880041,3051.7
2140813078,3501002866,335.2
2140813082,7178880041,2872.8
2140813084,1233322729,2391.4
2140813085,1233322729,1935.4
2152848555,4541277493,379.6
2152853234,4541277493,946.7
2152853235,4541277493,1102.5
2152896631,4181217433,3812.9
2152896649,4541277493,2777.5
2168395368,7157578628,2504.7
2168408831,7157578628,2455.3
2168408833,7157578628,1484.9
2265085273,5325050705,1420.9
2265085277,4181217433,1709.8
2288655186,13369051339,3255.4
2288655187,11880563955,3498.2
2288656705,13369051339,2921.1
2288665463,11880563955,3829.2
2289778025,1880400488,1594.9
2289778029,1880400488,1675.8
2289778033,1880400488,1531.6
2289778034,1880400488,1652.0
2293587299,7157578628,2712.3
2293587319,7157578628,2458.3
2320987456,12247625066,1488.2
2320987457,12247625066,687.4
2320987467,12247625066,904.3
2320987470,12247625066,1107.5
2383219152,4540338550,2147.6
2383219162,4540338550,2617.2
2383219217,4540338550,6296.0
2383219223,4540338550,7152.3
2383219224,4540338550,1404.4
2383219229,4540338550,1443.6
2383219230,3044755109,1702.0
2383219253,4540338550,7677.9
2383219259,4540338550,6798.8
2383219265,4540338550,1582.7
2383219281,3044755109,1598.4
2383219287,4540338550,7222.6
2383219288,3044755109,1319.1
2383219289,3044755109,1353.5
2383219302,3044755109,1531.2
2383219304,3044755109,1140.2
2383219368,3044755109,1338.2
2383219372,3044755109,836.6
2383219384,3044755109,833.6
2383219396,3044755109,866.2
2383219400,3044755109,2745.7
2383219402,3044755109,808.9
2383219413,3044755109,775.5
2383219414,3044755109,808.9
2383219419,3044755109,1518.8
2383219423,3044755109,763.9
2383219439,3044755109,1616.4
2383219481,3044755109,1128.7
2383316997,3044755109,2289.8
2383317010,3044755109,1072.3
2383317016,3044755109,1948.3
2383317040,3044755109,2353.7
2389480346,4742253048,5574.3
2389799437,11880563955,2439.2
2389799565,11880563955,2599.8
2389799731,11880563955,2951.3
2389799766,11880563955,2968.1
2389799849,11880563955,3133.6
2389799918,11880563955,2737.8
2389800330,11880563955,2782.1
2389800463,11880563955,2746.9
2389800547,11880563955,2881.5
2389800550,11880563955,2587.7
2389800566,11880563955,2597.1
2389800706,11880563955,2669.4
2389800809,11880563955,2685.2
2389800950,11880563955,2764.1
2389801437,11880563955,1938.9
2389824396,13778138440,2702.1
2389824598,13778138440,2531.8
2389824602,13778138440,2555.0
2389824615,11880563955,2203.2
2389851237,13778138440,2769.9
2389851241,11880563955,2706.3
2389851514,11880563955,2318.1
2389868701,11880563955,2269.8
2389868714,11880563955,2273.0
2393234816,3367156838,1264.6
2393234819,3367156838,2558.7
2393234823,3367156838,989.4
2393234827,7178880041,2314.1
2393234836,3367156838,2843.8
2393234841,3367156838,851.8
2393234842,3367156838,2176.4
2393234847,3367156838,2155.0
2393234849,7157578628,2657.5
2393234853,3367156838,1479.5
2393234856,3367156838,1700.4
2393234858,3367156838,875.9
2393234862,7157578628,2526.7
2393234864,7157578628,2013.3
2393234866,3367156838,2570.2
2393234870,3367156838,1716.5
2393234871,3367156838,2144.3
2393234873,3367156838,1476.8
2393264981,7178880041,1254.5
2393264995,7178880041,1785.0
2393264996,7178880041,1642.6
2393265007,7178880041,1631.5
2393265009,4523470682,4729.5
2393265011,7178880041,1547.3
2393265020,7178880041,1525.4
2393265026,3367156838,911.5
2393265038,7178880041,1772.1
2393265041,7178880041,1610.9
2393265043,7178880041,1760.1
2393265050,7178880041,1264.1
2393265055,3044755215,3402.6
2393265057,7178880041,1213.8
2393265064,7178880041,1467.7
2393265087,7178880041,1621.6
2393265092,4523470682,2893.5
2393265096,4523470682,2999.4
2393265097,7178880041,1797.1
2393265099,7178880041,769.2
2393265100,7178880041,986.7
2397254942,9933767027,2258.5
2397254976,9933767027,2248.4
2397254996,9933767027,2194.5
2397255127,9933767027,2186.4
2397255157,9933767027,2164.9
2397255168,9933767027,2058.8
2397255192,9933767027,1896.2
2397255197,9933767027,2151.1
2397255210,9933767027,2089.9
2397255242,9933767027,2126.5
2397255268,9933767027,2059.6
2397255321,9933767027,2079.2
2397255325,9933767027,1972.0
2397255345,9933767027,2065.4
2397255390,9933767027,2112.2
2397255416,9933767027,2022.3
2397255441,9933767027,1888.6
2397255450,9933767027,1989.5
2397255456,9933767027,2116.9
2397255476,9933767027,1904.3
2397255477,9933767027,1857.6
2397255489,9933767027,1959.7
2397255505,9933767027,1983.9
2397255510,9933767027,1926.2
2397255518,9933767027,1922.5
2397255538,9933767027,1793.6
2397255566,9933767027,1849.3
2397255611,9933767027,1791.4
2397255613,9933767027,1822.2
2397255639,9933767027,1827.5
2397255674,9933767027,1628.4
2397255702,9933767027,1912.8
2397255710,9933767027,2380.6
2397255723,9933767027,1705.4
2397255935,9933767027,1622.1
2397256040,9933767027,1591.4
2397256056,9933767027,1635.0
2397256069,9933767027,1820.2
2397256080,9933767027,1497.8
2397256114,9933767027,1682.5
2397256174,9933767027,1516.2
2397256192,9933767027,1781.3
2397256216,9933767027,1555.7
2397256227,9933767027,1418.1
2397256254,9933767027,1592.2
2397256285,9933767027,1617.8
2397256308,9933767027,1808.2
2397256329,9933767027,1695.1
2397256348,9933767027,1366.7
2397256383,9933767027,1463.3
2397256484,9933767027,1501.4
2397256528,9933767027,1530.4
2397256567,9933767027,1621.8
2397256582,9933767027,1634.9
2397256608,9933767027,1857.5
2397256620,9933767027,1296.6
2397256630,9933767027,1552.5
2397256658,9933767027,1371.2
2397256685,9933767027,1579.1
2397256758,9933767027,1756.6
2397256817,9933767027,1939.1
2397256825,9933767027,2710.6
2397256845,9933767027,1226.2
2397256872,9933767027,1647.0
2397256893,9933767027,1819.4
2397256905,9933767027,1755.6
2397256932,9933767027,2045.9
2397257008,9933767027,1710.9
2397257034,9933767027,1806.7
2397257048,9933767027,1222.9
2397257060,9933767027,2352.9
2397257063,9933767027,1792.6
2397257070,9933767027,1232.0
2397257087,9933767027,1770.6
2397257121,9933767027,2105.4
2397257142,9933767027,1851.5
2397257201,9933767027,1867.6
2397257286,9933767027,1853.7
2397257304,9933767027,1917.9
2397257424,9933767027,1043.6
2397257475,9933767027,1971.9
2397257482,9933767027,1917.8
2397257496,9933767027,1977.5
2397257640,9933767027,1989.7
2397257732,9933767027,1025.4
2397257789,9933767027,933.6
2397257811,9933767027,1104.3
2397257866,9933767027,849.3
2397257904,9933767027,2663.1
2397257975,9933767027,1019.0
2397258011,9933767027,630.5
2397258022,9933767027,559.5
2397258030,9933767027,968.8
2397258033,9933767027,1010.8
2397258063,9933767027,764.4
2397258073,9933767027,935.2
2397258081,9933767027,897.2
2397258099,9933767027,1759.5
2397258113,9933767027,946.6
2397258119,9933767027,1153.1
2397258122,9933767027,2036.3
2397258129,9933767027,2984.5
2397258133,9933767027,3382.6
2397258146,9933767027,2873.7
2397290039,9933767027,2426.5
2397290159,9933767027,2576.0
2397290165,9933767027,2545.2
2397290171,9933767027,1614.3
2398267583,9933767027,2142.2
2398267584,9933767027,1751.3
2398267586,9933767027,2102.2
2398267588,9933767027,1732.1
2398267607,9933767027,1291.2
2398267609,9933767027,1718.2
2398267612,9933767027,1752.0
2398267615,9933767027,2159.9
2398267616,9933767027,1377.1
2398267617,9933767027,1733.0
2398267620,9933767027,2377.9
2398267624,9933767027,1245.2
2398267642,9933767027,1617.4
2398267723,9933767027,2502.8
2398267725,9933767027,2536.7
2398267737,9933767027,2595.7
2398267817,9933767027,3816.2
2398267821,9933767027,3777.6
2398267823,9933767027,3814.5
2398267839,9933767027,3680.8
2398267843,9933767027,3939.1
2398267855,9933767027,3877.2
2398267875,9933767027,4030.8
2398267883,9933767027,4386.7
2398267885,9933767027,3808.5
2398267893,9933767027,4118.7
2398267905,9933767027,3765.8
2398267907,9933767027,4104.1
2398267919,9933767027,4150.6
2398267927,9933767027,3676.8
2398267929,9933767027,4211.8
2398267970,9933767027,3763.4
2398267974,9933767027,4318.7
2398267988,9933767027,4376.3
2398268002,9933767027,4499.7
2398268020,9933767027,4608.5
2398268146,10080986063,2011.8
2398268310,9933767027,2988.5
2398268331,10080986063,1633.7
2398268335,10080986063,1602.8
2398268337,10080986063,1897.1
2398268352,10080986063,1647.1
2398924982,11880563955,1684.5
2398924984,11880563955,1668.3
2398924990,11880563955,1774.4
2398924991,11880563955,1594.7
2398925006,11880563955,2460.6
2398925021,11880563955,715.2
2398925097,11880563955,750.3
2398925098,11880563955,1206.6
2398925109,11880563955,1049.7
2398925113,11880563955,1190.2
2398925119,11880563955,1762.9
2398925128,11880563955,1521.4
2398925132,11880563955,1526.7
2398925134,11880563955,1491.4
2398925136,13778138440,1644.1
2398925148,13778138440,1305.1
2398925151,13778138440,1720.4
2398925153,13778138440,1177.8
2398925164,3541539575,944.5
2398925165,3541539575,1073.1
2398925167,13778138440,2023.3
2398938471,1290395232,880.2
2398938484,1290395232,472.6
2398938491,1290395232,629.7
2398938501,1148754930,476.8
2398938507,1290395232,1308.8
2398938509,1290395232,1690.6
2398956533,1290395232,1903.4
2398956548,1290395232,2652.7
2398956549,1290395232,2668.4
2398956553,1290395232,2412.8
2398956564,1290395232,1847.5
2398956565,1290395232,1861.3
2398956570,1290395232,2124.3
2398956574,1290395232,1444.7
2398956576,1290395232,1472.5
2398956582,1290395232,1485.7
2398956660,3541539575,1279.2
2398956673,3541539575,1659.4
2398956680,3541539575,1611.9
2398956693,3541539575,1516.8
2398956702,3541539575,1564.2
2398972186,1150768887,2178.1
2398972187,1150768887,2188.4
2401080972,13778138440,490.9
2401080977,2401177369,1184.6
2401080980,2401177369,1794.5
2401081003,2401122715,1256.8
2401081013,2401122715,1940.8
2401081017,2401122715,2215.9
2401081021,5325050705,1304.5
2401081040,2401122715,2136.9
2401081043,2401122715,2151.6
2401081073,5325050705,1854.6
2401081077,5325050705,1907.5
2401081114,5325050705,2299.2
2401101548,13369051339,2447.9
2401101603,8358666767,3366.0
2401101611,8358666767,3480.7
2401101618,13369051339,2719.0
2401101619,13369051339,2678.8
2401101631,8358666767,2735.7
2401101633,13369051339,2701.2
2401101644,13369051339,2714.7
2401101659,13369051339,2739.7
2401101660,13369051339,1699.1
2401101673,8358666767,2686.7
2401101680,8358666767,2668.2
2401101694,8358666767,2436.7
2401101700,8358666767,3255.1
2401101701,8358666767,3349.0
2401101713,8358666767,3290.7
2401101716,8358666767,3435.1
2401101717,8358666767,3186.3
2401101722,8358666767,3545.5
2401101742,8358666767,2788.4
2401101751,8358666767,4563.8
2401101752,8358666767,2840.0
2401101758,8358666767,3041.3
2401101759,8358666767,2566.1
2401101762,8358666767,2546.8
2401101767,8358666767,2575.5
2401101770,8358666767,2500.4
2401101772,8358666767,2649.7
2401101779,8358666767,4106.5
2401101780,8358666767,4168.9
2401101781,8358666767,4830.2
2401101782,8358666767,3535.6
2401101783,8358666767,4884.6
2401101784,8358666767,3472.4
2401122562,2401122715,1002.5
2401122564,2401122715,1040.7
2401122623,2401122715,601.7
2401122630,2401122715,582.5
2401122633,2401122715,1148.9
2401122641,2401122715,782.7
2401122643,2401122715,769.0
2401122665,2401122715,517.7
2401122681,2401122715,745.5
2401122693,2401122715,83.4
2401122715,2401122715,0.0
2401122731,2401122715,1144.1
2401122765,2401122715,437.4
2401122781,2401122715,863.5
2401139360,2457603193,1146.5
2401139370,2457603193,1222.3
2401139375,2457603193,1191.5
2401139376,2457603193,1176.6
2401139383,2457603193,743.3
2401139385,2457603193,766.0
2401139451,13778138440,1703.5
2401146976,9208010658,6261.6
2401146977,9208010658,6460.6
2401146981,9208010658,6533.0
2401146985,9208010658,6510.7
2401146989,2457603193,6599.3
2401146990,9208010658,6967.6
2401146998,2457603193,6845.4
2401147000,2457603193,6900.1
2401147002,2457603193,6158.7
2401147004,9208010658,6969.5
2401147006,2457603193,6059.0
2401147021,2457603193,5547.0
2401147042,2457603193,5099.2
2401147052,2457603193,4729.8
2401147066,2457603193,4931.5
2401147067,2457603193,4914.5
2401160890,3541539575,2306.0
2401160891,13369051339,2392.0
2401160898,13369051339,1728.0
2401160905,8358666767,2600.1
2401160906,8358666767,1901.3
2401160940,8358666767,2235.0
2401160948,8358666767,2290.2
2401160958,8358666767,2003.3
2401160967,8358666767,1944.9
2401160974,5325050705,3094.1
2401160975,8358666767,2299.4
2401160976,8358666767,2487.0
2401160981,8358666767,1943.9
2401160982,8358666767,2463.7
2401177359,2401177369,618.1
2401177361,13778138440,893.2
2401177363,2401177369,411.6
2401177365,2401177369,393.1
2401177367,2401177369,506.9
2401177369,2401177369,0.0
2401177371,2401177369,397.9
2401177372,2401177369,167.7
2401177374,13778138440,1376.6
2401177389,2401177369,1562.2
2401177399,2401177369,1522.8
2401208952,2401390759,2496.5
2401208955,2401390759,2015.9
2401208957,10080986063,2127.7
2401208964,10080986063,2484.8
2401208966,10080986063,2785.5
2401208968,10080986063,2796.4
2401208970,2401390759,3278.1
2401208972,2401390759,2944.9
2401208974,2401390759,2335.5
2401209005,2401390759,2513.1
2401209016,2401390759,2924.1
2401209020,2401390759,3065.9
2401209022,2401390759,2571.3
2401209040,10080986063,3005.2
2401209046,2401390759,3703.0
2401209048,2401390759,3201.1
2401209050,2401390759,3026.4
2401209052,10080986063,3577.1
2401209075,2401390759,3617.8
2401209086,2401390759,2861.5
2401209093,2401390759,3754.1
2401209095,2401390759,3732.0
2401209115,2482884829,3778.5
2401209123,2401390759,3787.8
2401209126,2482884829,3561.6
2401209132,2482884829,3688.1
2401209144,11880563955,2803.6
2401209150,2401390759,3530.5
2401209156,11880563955,3172.8
2401209162,11880563955,3120.5
2401209197,2482884829,3609.4
2401209200,2482884829,3774.8
2401209203,2482884829,3585.8
2401209244,2482884829,3398.2
2401209253,2482884829,3512.2
2401209283,2401390759,3657.7
2401209285,2401390759,3723.0
2401209294,2482884829,3477.0
2401209325,2482884829,3398.4
2401209334,2401390759,3762.4
2401209338,11880563955,3547.6
2401209351,2482884829,3340.4
2401209355,2482884829,3495.4
2401209359,11880563955,3542.1
2401209361,11880563955,3485.1
2401209377,11880563955,3688.8
2401209378,11880563955,3387.6
2401209379,11880563955,3548.8
2401209382,2482884829,3257.0
2401209384,2482884829,3323.7
2401209389,2482884829,3722.0
2401209395,11880563955,3508.7
2401209401,11880563955,3341.7
2401209407,2482884829,3225.2
2401209413,11880563955,3715.7
2401209418,2482884829,3209.2
2401209419,2482884829,2974.4
2401209422,11880563955,3509.0
2401209424,11880563955,3420.7
2401209426,11880563955,3654.5
2401209434,11880563955,3421.9
2401209442,11880563955,3352.6
2401209443,11880563955,3656.8
2401209445,11880563955,3641.7
2401209446,11880563955,3489.1
2401209472,11880563955,3525.6
2401209474,11880563955,3548.4
2401209484,11880563955,3693.5
2401209486,11880563955,3767.4
2401209489,2482884829,3083.5
2401209497,11880563955,3638.7
2401209527,11880563955,3640.1
2401209529,2482884829,2628.4
2401209536,11880563955,3435.3
2401209556,11880563955,3276.3
2401209577,2482884829,3220.9
2401209585,2482884829,3088.9
2401209606,2482884829,3368.5
2401209625,2482884829,3319.3
2401209627,2482884829,3868.5
2401209643,13778138440,3893.7
2401209646,13778138440,4014.7
2401209653,13778138440,3759.0
2401209654,13778138440,3570.8
2401209657,13778138440,3881.4
2401209660,13778138440,4273.0
2401209668,13778138440,4007.6
2401209669,13778138440,4134.5
2401209673,13778138440,4193.2
2401239653,2401390759,1407.9
2401239656,1814651166,1789.5
2401239657,2401390759,2549.7
2401312941,8358666767,3469.5
2401312947,4181217433,3348.1
2401312986,8358666767,3204.3
2401313005,8358666767,2615.1
2401313006,1215926967,887.5
2401313009,4181217433,2278.2
2401313018,4181217433,1904.6
2401313019,1215926967,1233.0
2401313021,1215926967,1300.4
2401313023,4181217433,1456.3
2401313025,4181217433,1485.3
2401313029,4181217433,1501.8
2401313033,4181217433,356.9
2401313034,4181217433,497.5
2401313048,4181217433,1902.2
2401313051,4181217433,431.0
2401313054,4181217433,432.2
2401313062,4181217433,473.6
2401313065,4181217433,678.2
2401313074,4181217433,1449.5
2401313077,4181217433,950.4
2401313078,4181217433,1255.9
2401313079,4181217433,1116.4
2401313080,4181217433,1170.2
2401362835,4742253048,3498.5
2401362853,4742253048,2379.4
2401362886,4742253048,2116.7
2401362913,4742253048,2845.8
2401362928,4742253048,2094.0
2401362943,4742253048,2067.3
2401362946,4742253048,2151.7
2401362952,4742253048,1901.2
2401362955,4742253048,1886.9
2401362976,4742253048,3382.4
2401362978,4742253048,3373.9
2401362985,4742253048,2660.5
2401362993,4742253048,1877.3
2401363001,4742253048,2522.9
2401363004,4742253048,1552.4
2401363005,4742253048,1550.0
2401363015,2401390759,1978.3
2401363028,4742253048,2498.3
2401363037,4742253048,2231.8
2401363046,4742253048,3022.1
2401363059,4742253048,2903.5
2401363060,4742253048,3200.1
2401363071,10080986063,3397.9
2401363072,10080986063,3325.1
2401363073,10080986063,3424.4
2401363075,10080986063,3282.8
2401363076,10080986063,3399.5
2401363078,4742253048,3081.1
2401363079,4742253048,2775.4
2401363080,4742253048,2654.7
2401363082,4742253048,4516.8
2401363083,2401390759,1186.6
2401363085,10080986063,3285.0
2401363086,10080986063,3214.6
2401363087,10080986063,3295.8
2401363091,4742253048,3119.1
2401363092,4742253048,3004.1
2401363093,4742253048,3051.3
2401363094,10080986063,3100.7
2401363095,10080986063,3131.3
2401363097,4742253048,1801.2
2401363100,2401390759,1063.2
2401363116,4742253048,2493.3
2401363130,4742253048,2812.4
2401363131,10080986063,2977.4
2401363132,4742253048,2469.5
2401363141,1148754930,1704.6
2401363147,4742253048,2435.3
2401363152,1148754930,1444.3
2401363155,4742253048,2472.7
2401363165,1148754930,486.2
2401363166,1290395232,2024.6
2401390710,4742253048,3045.4
2401390730,4742253048,3534.7
2401390734,2401390759,2634.7
2401390735,2401390759,2832.1
2401390748,2401390759,2981.7
2401390749,2401390759,3111.2
2401390751,10080986063,3068.9
2401390759,2401390759,0.0
2401390789,2401390759,2883.5
2401390795,2401390759,3061.8
2401390801,2401390759,2912.6
2401390804,2401390759,2432.2
2401390805,2401390759,2246.1
2401390847,2401390759,2416.9
2401390848,2401390759,2640.2
2401390849,2401390759,2078.8
2401390852,2401390759,2364.9
2401390870,2401390759,2269.2
2401390871,2401390759,2490.6
2401390880,10080986063,3319.5
2401390892,10080986063,3900.3
2401390901,10080986063,3066.5
2401390902,10080986063,3214.0
2401390903,10080986063,3352.6
2401390906,10080986063,3622.8
2401390917,10080986063,3474.1
2401390926,10080986063,3285.4
2401390934,10080986063,3081.3
2401503891,4742253048,2730.6
2401503893,4742253048,1120.4
2401503896,4742253048,746.3
2401503901,4742253048,1112.4
2401503915,4742253048,752.8
2401503919,2401390759,31.1
2401503924,2401390759,326.2
2401503926,2401390759,1199.1
2401503939,2401390759,1361.7
2401503951,2401390759,1961.0
2401503952,2401390759,1844.7
2401503967,2401390759,2392.4
2401503980,1148754930,1151.4
2405707918,3501002866,950.4
2405710249,3501002866,648.9
2405716102,1233322729,905.9
2418522238,1150768887,724.7
2418537468,8358666767,3394.3
2418537489,7227625036,3760.0
2418537515,7227625036,4006.0
2418537539,7227625036,3169.3
2418537551,7227625036,3949.7
2418537599,7227625036,3692.9
2418537605,7227625036,2579.0
2418537615,7227625036,3823.1
2418537621,7227625036,3796.7
2418537644,7227625036,4058.7
2418537651,7227625036,2380.7
2418537654,7227625036,4024.8
2418537707,7227625036,3920.1
2418537762,7227625036,4343.0
2418537766,7227625036,3116.4
2418537807,7227625036,5584.7
2418537813,7227625036,4054.4
2418537832,7227625036,4984.4
2418537837,7227625036,4678.4
2418537840,7227625036,4678.0
2418537879,7227625036,5387.5
2418537889,7227625036,5436.3
2418537895,7227625036,5658.3
2418537901,7227625036,5726.0
2418537904,7227625036,5685.3
2418537913,1212025348,6676.8
2418537935,7227625036,6224.1
2418537945,1212025348,6311.0
2418582873,9487411581,1928.6
2418582877,9487411581,1444.3
2418582878,9487411581,2430.3
2418582894,1459170126,1391.5
2418582899,1459170126,1300.1
2418582903,1459170126,1133.7
2418582906,1459170126,1110.2
2418582907,1459170126,1623.9
2418582913,1459170126,1000.4
2418582914,1459170126,1176.3
2418582915,1459170126,1173.4
2418582920,1459170126,2680.6
2418582922,1459170126,499.7
2418582923,1459170126,519.4
2418582928,1459170126,831.4
2418582931,1459170126,1428.5
2418582932,3030038002,1446.3
2418582933,3030038002,1161.5
2418582934,3030038002,936.8
2418582935,3030038002,740.7
2418582938,3030038002,1132.9
2418582944,3030038002,89.6
2418582958,8358666767,3272.7
2418582968,8358666767,3730.4
2418582977,3044755109,3413.2
2418582978,3044755109,3422.8
2418603936,-1,-1.0
2418603943,2482884829,1092.3
2418603946,2482884829,1175.2
2418671283,13747437765,1789.4
2418671292,13747437765,2688.6
2418671299,13747437765,1785.5
2418671305,1880400488,3975.8
2418671320,9487411581,1420.7
2418671357,13747437765,2161.3
2418671381,2401122715,1837.3
2418671430,5325050705,1344.8
2418671436,5325050705,1429.6
2418671441,5325050705,971.5
2418671444,5325050705,909.2
2418671450,8358666767,1185.5
2418671453,8358666767,1216.9
2418671455,5325050705,432.2
2418671457,5325050705,1051.0
2418671481,8358666767,2435.2
2418671489,5325050705,926.6
2418671494,4181217433,2312.7
2418671497,4181217433,1705.2
2418671499,5325050705,1696.0
2418671504,4181217433,1331.2
2418671506,4181217433,1325.6
2418671537,4181217433,1373.8
2418671547,4181217433,2144.2
2418671553,4181217433,1162.6
2418671582,1212025348,5215.6
2418671589,1212025348,5228.8
2418671594,1212025348,5673.4
2418671634,1212025348,5259.0
2418671641,1212025348,5256.3
2418671644,-1,-1.0
2418671665,-1,-1.0
2418671686,-1,-1.0
2418671689,1212025348,5288.8
2418671775,1212025348,4556.7
2418750180,2457603193,12346.1
2418750183,2457603193,12278.9
2418750189,2457603193,11565.5
2418750191,2457603193,9397.7
2418750192,2457603193,12787.6
2418750195,2457603193,10026.7
2418750204,2457603193,11945.3
2418750207,2457603193,10428.3
2418750209,2457603193,10400.8
2418750211,2457603193,10560.5
2418750214,2457603193,10839.9
2418750217,2457603193,10656.5
2418750226,2457603193,10501.1
2418750227,2457603193,10537.2
2418750231,2457603193,10579.4
2418750232,12463139050,7418.9
2418750233,12463139050,7406.3
2418750238,2457603193,10706.4
2418750241,2457603193,10736.7
2418750242,2457603193,8267.8
2418750247,2457603193,10158.3
2418750249,2457603193,10752.9
2418750251,2457603193,10878.9
2418750263,2457603193,10172.9
2418750264,2457603193,10198.2
2418750267,2457603193,10250.7
2418750271,2457603193,12300.5
2418750272,2457603193,10387.3
2418750281,2457603193,11738.5
2418750282,2457603193,11196.4
2418750284,2457603193,11100.2
2418750285,2457603193,10774.4
2418750286,2457603193,10411.1
2418750287,2457603193,10459.8
2418750293,2457603193,10503.2
2418750294,2457603193,10544.5
2418750297,2457603193,10535.1
2418750302,2457603193,10617.7
2418750307,2457603193,10664.6
2418750308,2457603193,9471.7
2418750312,2457603193,9567.2
2418750313,2457603193,8460.6
2418750316,2457603193,8919.9
2418750317,2457603193,10398.2
2418750318,2457603193,11484.2
2418750319,2457603193,10050.1
2418750320,2457603193,10724.1
2418750326,2457603193,9461.3
2418750329,2457603193,10645.3
2418750333,2457603193,9586.5
2418750334,2457603193,9619.9
2418750336,2457603193,9655.9
2418750346,2457603193,10559.1
2418750348,2457603193,10338.5
2418750349,2457603193,10009.5
2418750350,2457603193,9851.9
2418750351,2457603193,9893.2
2418750354,2457603193,9921.7
2418750357,2457603193,10029.6
2418750362,2457603193,10070.8
2418750364,2457603193,9978.1
2418750366,2457603193,9032.4
2418750367,2457603193,7742.6
2418750368,2457603193,10309.4
2418750374,2457603193,10364.4
2418750376,2457603193,9000.9
2418750379,2457603193,9060.5
2418750382,2457603193,9124.8
2418750383,2457603193,9182.0
2418750386,2457603193,9212.9
2418750387,2457603193,9289.9
2418750391,2457603193,9314.6
2418750400,2457603193,9574.3
2418750402,2457603193,9032.1
2418750409,2457603193,9233.2
2418750415,2457603193,8996.9
2418750420,2457603193,9260.5
2418750421,2457603193,8522.3
2418750422,2457603193,10348.8
2418750424,2457603193,6540.8
2418750425,2457603193,8803.6
2418750428,2457603193,8651.3
2418750431,2457603193,10268.9
2418750432,2457603193,9637.9
2418750435,2457603193,9704.0
2418750436,2457603193,8847.1
2418750441,2457603193,8977.7
2418750448,2457603193,8702.1
2418750449,2457603193,9792.8
2418750450,2457603193,9876.9
2418750455,2457603193,8808.6
2418750461,2457603193,9024.5
2418750469,9208010658,6864.2
2418750470,2457603193,9183.6
2418750474,2457603193,9581.1
2418750475,9208010658,6821.6
2418750479,2457603193,6551.6
2418750492,2457603193,9142.7
2418750493,2457603193,9713.3
2418750494,2457603193,9035.2
2418750498,2457603193,9475.2
2418750499,2457603193,8771.4
2418750504,2457603193,8802.1
2418750506,2457603193,8162.9
2418779068,2457603193,12812.0
2418779082,2457603193,12041.2
2418779090,2457603193,12442.6
2418779092,2457603193,12574.6
2418779101,2457603193,10479.8
2418779107,2457603193,10747.3
2418779113,2457603193,10469.4
2418779116,2457603193,10398.4
2418779124,2457603193,10333.6
2418779126,2457603193,10317.4
2418779128,2457603193,10276.9
2418779130,2457603193,10213.4
2418779132,2457603193,10167.2
2418779134,2457603193,10136.6
2418779144,2457603193,10159.5
2418779148,2457603193,10114.3
2418779149,2457603193,7743.6
2418779150,2457603193,10095.0
2418779151,2457603193,7760.0
2418779153,2457603193,10043.0
2418779160,2457603193,9990.7
2418779162,2457603193,9885.6
2418779164,2457603193,9899.4
2418779166,2457603193,9840.8
2418779174,2457603193,9836.1
2418779176,2457603193,9286.9
2418779180,2457603193,8827.8
2418779182,2457603193,8362.3
2418779184,2457603193,8550.7
2418779190,2457603193,9756.3
2418779192,2457603193,9608.6
2418779194,2457603193,9566.7
2418779200,2457603193,9519.5
2418779206,2457603193,9563.5
2418779210,2457603193,7996.7
2418779212,2457603193,9502.3
2418779214,2457603193,7335.3
2418779218,2457603193,9449.1
2418779230,2457603193,9387.9
2418779232,2457603193,9282.4
2418779234,2457603193,9272.3
2418779236,2457603193,9199.0
2418779238,2457603193,8547.7
2418779240,2457603193,8088.8
2418779243,2457603193,9028.8
2418779245,2457603193,8990.9
2418779247,2457603193,8938.6
2418779255,2457603193,9002.1
2418779260,2457603193,8925.6
2418779262,2457603193,8210.9
2418779264,2457603193,7329.6
2418779268,2457603193,6625.6
2418779270,2457603193,8851.2
2418779274,2457603193,8813.2
2418779284,2457603193,8835.8
2418779290,2457603193,8669.6
2418779294,2457603193,8616.3
2418779296,9208010658,5851.1
2418779298,9208010658,5911.4
2418779299,2457603193,8564.7
2418779301,9208010658,5786.4
2418779305,9208010658,5847.8
2418779307,9208010658,6158.2
2418779309,2457603193,8563.4
2418779313,9208010658,6087.2
2418779317,2457603193,7390.7
2418779321,9208010658,6276.2
2418779323,2457603193,8522.3
2418779325,2457603193,7345.8
2418779332,9208010658,6332.1
2418779342,2457603193,8476.1
2418779344,2457603193,7004.7
2418779346,2457603193,7214.9
2418779348,9208010658,6510.6
2418779349,9208010658,6449.4
2418779350,2457603193,7073.8
2418779353,2457603193,8454.3
2418779360,2457603193,6892.3
2418779364,2457603193,8244.4
2418779368,2457603193,6517.4
2418779379,2457603193,7967.4
2418779381,2457603193,7254.2
2418779383,2457603193,8403.8
2418779387,2457603193,7886.5
2418779391,2457603193,8282.9
2418779393,2457603193,7786.6
2418779395,9208010658,6657.7
2418779399,2457603193,6896.8
2418779403,2457603193,7595.8
2418779411,2457603193,7916.6
2418779417,2457603193,7344.5
2418779419,2457603193,7831.6
2418779423,2457603193,7157.4
2418779433,2457603193,7242.6
2418779436,2457603193,7735.6
2418779438,2457603193,6836.3
2418779446,2457603193,7647.1
2418779450,2457603193,6026.6
2418779452,2457603193,6952.3
2418779458,2457603193,6813.5
2418779462,9208010658,6706.4
2418779466,2457603193,7281.5
2418779476,2457603193,7191.2
2418779480,2457603193,6643.4
2418779482,2457603193,9180.1
2418779483,2457603193,6451.9
2418779485,2457603193,6582.7
2418779489,2457603193,7080.4
2418779495,2457603193,7016.3
2418779503,2457603193,9387.1
2418779505,2457603193,6749.5
2418779507,2457603193,6199.1
2418779515,2457603193,9048.3
2418779523,2457603193,6585.6
2418779529,2457603193,6023.1
2418779531,2457603193,9127.7
2418779533,2457603193,6514.3
2418779540,2457603193,8173.4
2418779542,2457603193,5950.3
2418779546,2457603193,5921.3
2418779548,2457603193,6383.5
2418779552,2457603193,5499.8
2418779556,2457603193,9421.7
2418779558,2457603193,6249.7
2418779563,2457603193,5745.2
2418779565,2457603193,6487.9
2418779567,2457603193,6549.2
2418779569,2457603193,5641.5
2418779573,2457603193,7475.5
2418779575,2457603193,8439.4
2418779578,2457603193,5575.7
2418779582,2457603193,9606.5
2418779584,2457603193,6513.2
2418779590,2457603193,8035.0
2418779601,2457603193,6598.3
2418779603,2457603193,5851.5
2418779605,2457603193,6646.2
2418779611,2457603193,8120.4
2418779613,2457603193,5792.0
2418779616,2457603193,6611.9
2418779618,2457603193,7282.6
2418779629,2457603193,6607.8
2418779630,2457603193,5588.7
2418779632,2457603193,6823.4
2418779633,2457603193,7776.5
2418779634,2457603193,5521.8
2418779637,2457603193,6911.3
2418779639,2457603193,7028.7
2418779647,2457603193,6878.6
2418779651,2457603193,7426.1
2418779653,2457603193,7327.1
2418779656,2457603193,7915.8
2418779660,2457603193,6514.9
2418779664,2457603193,6585.4
2418779670,2457603193,6668.2
2418779672,2457603193,6482.9
2418779674,2457603193,6846.4
2418779676,2457603193,7083.3
2418779680,2457603193,6358.1
2418779682,2457603193,6777.2
2418779693,2457603193,6968.0
2418779697,2457603193,5460.2
2418779699,2457603193,6985.0
2418779703,2457603193,6296.2
2418779704,2457603193,5529.4
2418779714,2457603193,6427.7
2418779718,2457603193,6372.6
2418779722,2457603193,5768.6
2418779726,2457603193,6418.5
2418779727,2457603193,7951.6
2418779731,2457603193,5841.2
2418779744,2457603193,6698.5
2418779748,2457603193,5566.8
2418779753,2457603193,5700.6
2418779755,2457603193,6228.9
2418779761,2457603193,5879.3
2418779766,2457603193,6200.9
2418779768,2457603193,6571.7
2418779772,2457603193,5529.0
2418779774,2457603193,5389.2
2418779777,9208010658,6151.4
2418779785,2457603193,9123.2
2418779799,9208010658,6833.0
2418779809,2457603193,5117.3
2418779810,2457603193,5071.1
2418779816,2457603193,5675.7
2418779830,2457603193,6196.2
2418779855,2457603193,6307.8
2418779880,2457603193,9994.2
2418779897,2457603193,6952.8
2418779951,2457603193,9565.2
2418780025,2457603193,5605.3
2418780085,2457603193,7915.2
2418780099,2457603193,7232.7
2419491814,2457603193,12026.3
2419491827,2457603193,11977.6
2419491875,2457603193,11855.9
2419491881,2457603193,11858.2
2419491900,2457603193,11677.0
2419491901,2457603193,11642.3
2419491902,2457603193,11650.7
2419491903,2457603193,11613.5
2419491914,2457603193,11500.0
2419491919,2457603193,11448.5
2419492354,2457603193,11021.0
2419492509,2457603193,10793.5
2419492722,2457603193,9958.3
2419492734,2457603193,9409.4
2419492739,2457603193,10516.3
2419492753,2457603193,9043.5
2419544411,12463139050,9170.6
2419544576,12463139050,8069.7
2419544577,12463139050,7920.4
2419544578,12463139050,7637.7
2419544579,12463139050,7282.0
2419544620,12463139050,7425.2
2419544627,-1,-1.0
2419544643,2457603193,16806.6
2419544653,12463139050,7092.4
2419544657,2457603193,10824.3
2419544660,12463139050,6998.5
2419544683,2457603193,10598.4
2419544829,2457603193,10281.9
2419544871,2457603193,9874.5
2419544873,2457603193,8966.2
2419544874,2457603193,8158.8
2419544890,2457603193,9049.0
2419544892,2457603193,8107.0
2419544895,2457603193,8249.8
2419544896,2457603193,8068.2
2419544897,2457603193,8289.7
2419544902,2457603193,8335.6
2419544904,2457603193,7961.5
2419544908,2457603193,8386.8
2419544910,2457603193,7976.5
2419544911,2457603193,8433.6
2419544923,2457603193,9821.0
2419544934,2457603193,8678.9
2419544936,2457603193,7707.4
2419544937,2457603193,7667.9
2419544939,2457603193,8654.2
2419544943,2457603193,8705.9
2419544944,2457603193,7610.1
2419544953,2457603193,8754.3
2419544954,2457603193,7713.6
2419544957,2457603193,9461.7
2419544958,2457603193,7695.7
2419544959,2457603193,7575.2
2419544960,2457603193,7619.4
2419544963,2457603193,6615.3
2419544965,2457603193,7239.2
2419544968,2457603193,7510.5
2419544969,2457603193,7811.6
2419544972,2457603193,7650.1
2419544973,2457603193,7466.0
2419544975,9208010658,6090.7
2419544981,9208010658,5908.3
2419544983,9208010658,6352.8
2419544986,2457603193,7706.4
2419544988,2457603193,7755.8
2419544990,2457603193,7353.3
2419544993,2457603193,7352.3
2419544998,9208010658,5408.2
2419545002,2457603193,7933.0
2419545013,2457603193,7949.6
2419545016,2457603193,7136.5
2419545021,2457603193,7090.0
2419545027,2457603193,7039.4
2419545028,2457603193,8076.7
2419545047,9208010658,5770.7
2419545051,9208010658,5359.9
2419545056,2457603193,8135.6
2419545058,2457603193,7188.6
2419545066,9208010658,4289.0
2419545068,2457603193,7062.9
2419545069,2457603193,6989.3
2419545073,2457603193,6045.1
2419545075,2457603193,6625.1
2419545078,9208010658,4459.6
2419545084,9208010658,4381.9
2419545085,9208010658,4411.0
2419545087,2457603193,6951.0
2419545088,9208010658,5265.3
2419545094,2457603193,7662.1
2419545095,9208010658,4493.4
2419545103,9208010658,4593.5
2419545108,9208010658,4617.0
2419545117,2457603193,6895.1
2419545119,2457603193,7066.2
2419545123,9208010658,4707.3
2419545127,9208010658,5702.8
2419545133,9208010658,5353.6
2419545136,9208010658,4911.5
2419545138,9208010658,4855.9
2419545140,9208010658,5401.5
2419545142,9208010658,5281.3
2419545143,9208010658,5035.1
2419545146,9208010658,5045.1
2419545147,9208010658,6648.8
2419545149,9208010658,5123.1
2419545151,9208010658,5079.5
2419545152,2457603193,6763.6
2419545153,9208010658,5199.2
2419545155,9208010658,6381.7
2419545156,9208010658,5313.4
2419545157,9208010658,6444.1
2419545158,9208010658,5259.7
2419545159,9208010658,5392.7
2419545163,2457603193,6705.7
2419545164,9208010658,6238.7
2419545165,9208010658,5490.8
2419545166,9208010658,5505.6
2419545169,9208010658,5500.0
2419545172,9208010658,5572.6
2419545173,9208010658,6181.9
2419545175,2457603193,7325.7
2419545176,9208010658,5934.5
2419545177,2457603193,6613.8
2419545179,2457603193,6571.2
2419545180,2457603193,7436.8
2419545183,2457603193,6855.7
2419545184,2457603193,6982.6
2419545189,2457603193,5495.3
2419545190,2457603193,6968.2
2419545191,2457603193,6911.7
2419631482,12463139050,5038.9
2419631539,12463139050,3799.4
2419631655,12463139050,2126.6
2442852025,1814651166,8604.9
2442852033,1814651166,8618.0
2442852383,1814651166,9967.9
2442852407,1814651166,10031.8
2445420319,2482884829,1591.6
2446633718,10080986063,2295.5
2446633741,2482884829,2920.6
2446633747,2482884829,2452.1
2446633751,2401177369,2342.6
2446646296,4742253048,3060.0
2446646308,4742253048,2603.3
2446646309,1150768887,7982.0
2446661085,2401177369,2684.8
2446661086,2401177369,2697.8
2446664686,2482884829,1723.1
2446691413,2401122715,2017.6
2446691494,2401122715,1372.5
2446691517,2401122715,704.2
2446691528,2401122715,878.3
2447737146,1290395232,4391.9
2457589086,2457601089,5968.1
2457589091,2457601089,6043.1
2457589094,2457603193,3647.2
2457589107,2457603193,4404.5
2457597175,2457603193,6669.2
2457597176,2457603193,5488.9
2457597179,2457603193,6697.0
2457597180,2457603193,5447.2
2457597204,2457601089,2995.0
2457597205,2457601089,4196.9
2457597235,2457601089,4046.1
2457597236,2457603193,24363.4
2457597238,2457603193,24214.4
2457597717,2457603193,3894.5
2457597719,2457603193,3918.7
2457597739,2457601089,3586.0
2457597742,2457601089,3613.2
2457597746,2457601089,3512.0
2457597748,2457601089,3686.7
2457600891,2457603193,7077.0
2457600897,2457601089,3708.2
2457600898,2457601089,3625.2
2457600900,2457601089,3600.4
2457600905,2457601089,3771.8
2457600906,2457601089,2676.4
2457600907,2457601089,2656.1
2457600908,2457601089,2685.4
2457600909,2457601089,2705.7
2457600915,2457601089,2489.6
2457600924,2457601089,2437.4
2457600925,2457601089,2525.0
2457600934,2457601089,2566.3
2457600935,2457601089,2577.6
2457600953,2457601089,2016.2
2457600960,2457601089,1951.4
2457600962,2457601089,2055.4
2457600968,2457601089,2080.8
2457600969,2457601089,2104.8
2457601001,2457601089,1275.4
2457601002,2457601089,1232.5
2457601014,2457601089,1184.8
2457601015,2457601089,1332.4
2457601065,2457601089,746.5
2457601071,2457601089,790.6
2457601073,2457601089,723.4
2457601079,2457601089,817.7
2457601082,2457601089,879.9
2457601083,2457601089,838.1
2457601089,2457601089,0.0
2457601125,2457601089,1251.7
2457601129,-1,-1.0
2457603164,2457603193,630.3
2457603193,2457603193,0.0
2466017213,1880400488,1898.9
2466017214,1880400488,1404.3
2475620724,9208010658,9853.8
2475620855,-1,-1.0
2477288373,2457603193,2916.6
2477288376,9208010658,7884.4
2477288403,2457603193,2322.0
2477288464,2457603193,1925.1
2477288469,2457603193,2958.5
2477288470,2457603193,920.4
2477288473,2457603193,1330.6
2477288483,2457601089,8194.6
2477288543,9208010658,7996.4
2477288567,9208010658,7785.0
2477288611,2457603193,1854.3
2477288665,2457601089,7572.0
2477288773,2457601089,4643.5
2477288781,2457601089,4597.2
2477288861,2457603193,5455.0
2477289204,2457603193,11325.9
2477289209,2457603193,11500.6
2477289227,2457603193,10695.1
2477289239,2457603193,10775.1
2477289266,2457603193,11331.0
2477289375,2457603193,12625.5
2478523647,1148754930,2376.3
2478523650,1148754930,2576.5
2478523652,1148754930,2620.1
2478523656,1148754930,2709.2
2478523657,2401390759,2256.4
2478523661,2401390759,2317.5
2478523674,2401390759,2533.0
2478523681,2401390759,2478.6
2478523691,1148754930,2490.9
2478523704,2401390759,2826.1
2478523705,2401390759,2855.3
2478523712,2401390759,2409.3
2478523739,2401390759,2068.5
2478523745,2401390759,2602.4
2478523750,2401390759,2672.6
2478523759,2401390759,2703.5
2478523760,2401390759,2432.7
2478523768,2401390759,2837.6
2478523776,1148754930,2765.7
2478523790,2401390759,1339.5
2478523793,2401390759,654.2
2478523794,2401390759,2474.1
2478523797,2401390759,2775.2
2481896069,1148754930,2113.6
2481896253,1148754930,2159.8
2481896254,1148754930,2355.7
2481908669,1148754930,1829.4
2481908675,1148754930,1581.1
2481908684,1148754930,1796.0
2481908688,1148754930,1301.7
2481908690,1148754930,1260.3
2481908692,1148754930,1328.3
2481908693,1148754930,1190.4
2481908694,1148754930,1357.9
2481908695,1148754930,1623.6
2481908703,1148754930,1345.8
2481908704,1148754930,1537.2
2481908706,1148754930,1534.0
2481908708,1148754930,1741.2
2481908712,1148754930,1972.7
2481908714,1148754930,1854.8
2481908715,1148754930,2148.2
2481908718,1148754930,1792.8
2481908723,1148754930,2566.2
2481908733,1148754930,2575.7
2481908734,1148754930,2752.0
2481908737,1148754930,2213.1
2481908738,1148754930,2116.7
2481908739,1148754930,2300.7
2481908740,1148754930,2264.2
2481908741,1148754930,2446.3
2481908742,1148754930,2431.8
2481908743,1148754930,2608.9
2481908745,1148754930,2921.2
2481908746,1148754930,2554.9
2481908747,1148754930,2732.8
2481908749,1148754930,1955.4
2481908750,1148754930,2000.2
2481908751,1148754930,2184.5
2481908752,1148754930,2035.4
2481908753,1148754930,2089.0
2481908754,1148754930,2169.5
2481908758,1148754930,2077.3
2481908759,1148754930,2584.7
2481908760,1148754930,2893.5
2481908761,1148754930,2990.4
2481909850,1148754930,2264.5
2481909852,1148754930,1768.5
2481909853,1148754930,1885.9
2481909854,1148754930,1415.0
2481909855,1148754930,1963.4
2481909856,1148754930,2127.7
2481909860,1148754930,2438.7
2481909863,1148754930,2297.0
2481909864,1148754930,2498.7
2482878544,4742253048,3424.0
2482878546,4742253048,2085.6
2482878558,4742253048,1757.7
2482878560,4742253048,3762.7
2482878567,4742253048,2026.5
2482878574,4742253048,1655.4
2482878576,4742253048,1756.2
2482878579,4742253048,1899.4
2482878583,4742253048,1561.2
2482878593,4742253048,510.5
2482878600,4742253048,1104.1
2482878628,4742253048,1367.0
2482878636,3541539575,2223.9
2482878639,3541539575,2510.8
2482878649,2401122715,2571.2
2482882198,2482884829,430.9
2482882210,2482884829,1008.9
2482882212,2482884829,728.8
2482882214,2482884829,868.8
2482882218,2482884829,1197.6
2482882220,2482884829,558.8
2482882222,2482884829,628.0
2482882224,2482884829,974.0
2482882226,2482884829,1048.0
2482882228,2482884829,1438.7
2482882242,2482884829,2230.9
2482884826,2482884829,487.7
2482884829,2482884829,0.0
2482884832,2482884829,366.2
2482884838,2482884829,448.9
2482884841,2482884829,434.6
2482884843,2482884829,473.5
2482884846,2482884829,738.5
2482884849,2482884829,612.2
2483380330,2401390759,2176.8
2483380333,2401390759,2194.6
2483380335,2401390759,2221.8
2483380347,2401390759,2405.8
2484585622,2401390759,2988.0
2484585634,2401390759,239.9
2485874010,3541539575,3004.1
2485874022,3541539575,2276.3
2485875765,11880563955,1018.4
2485875767,11880563955,959.8
2485875771,11880563955,1230.4
2485875780,11880563955,1370.4
2490691423,2457603193,7335.6
2505909443,11880563955,3206.4
2505909452,11880563955,4362.5
2505909463,1290395232,5115.5
2541055416,9208010658,3201.9
2541055419,9208010658,3286.1
2553781008,1290395232,4945.5
2553813165,1290395232,5478.5
2570974075,2401390759,2503.4
2570974076,2401390759,2769.4
2607696026,7295164908,4617.7
2607696031,7295164908,4567.2
2607696033,7295164908,4149.4
2607696041,7295164908,3648.1
2607696046,7295164908,4923.4
2684402007,3822225896,2227.5
2684402028,3822225896,1897.4
2684402043,3822225896,1617.7
2684402077,3822225896,1269.1
2700934439,2401122715,1298.6
2700935078,2401122715,861.7
2700937511,4181217433,2765.9
2700939197,5325050705,2761.6
2700940173,5325050705,1251.7
2700940174,5325050705,1242.4
2700986660,5325050705,2242.6
2700993729,5325050705,903.0
2701015860,4181217433,1889.5
2701015866,4181217433,974.4
2710620417,1148754930,3168.7
2710620418,1148754930,3233.0
2710620419,1148754930,3091.3
2710620420,1148754930,3032.9
2713731829,2401390759,2385.8
2713731833,2401390759,2682.0
2713731849,2401390759,2542.2
2713731853,2401390759,2675.8
2716778370,1290395232,6426.1
2730580466,2401390759,971.0
2733169133,2401390759,1390.1
2733169134,2401390759,1763.0
2733169135,2401390759,1648.5
2733169136,2401390759,1214.4
2733170295,2401390759,1458.5
2733181779,1148754930,1839.2
2733263580,2401390759,2500.8
2733263582,2401390759,2607.7
2733773944,2401390759,2456.9
2733773945,2401390759,2077.6
2733773947,2401390759,2730.1
2733773948,2401390759,2351.1
2733773949,2401390759,2552.3
2733773950,2401390759,2509.9
2733773952,2401390759,2914.5
2733773953,2401390759,2674.5
2733773954,2401390759,2387.5
2733773956,2401390759,2076.8
2733773957,2401390759,1792.7
2733773958,2401390759,2127.1
2733773959,2401390759,2124.9
2733773961,2401390759,1686.0
2733773962,2401390759,1993.2
2733773964,2401390759,2257.3
2733796742,2401390759,2519.7
2733796743,2401390759,1911.1
2733796942,2401390759,1607.2
2733796946,2401390759,2078.2
2733796949,2401390759,1889.8
2733796951,2401390759,1810.4
2733796960,2401390759,1516.4
2733796962,2401390759,1992.2
2733822558,2401390759,2571.3
2733822559,2401390759,2814.5
2733822560,2401390759,2688.6
2733822562,2401390759,2645.7
2733822563,2401390759,2298.8
2733822566,2401390759,2627.6
2733822568,2401390759,2788.3
2733822572,2401390759,2721.4
2733822573,2401390759,2519.5
2733822575,2401390759,2694.9
2733822576,2401390759,2579.1
2733822606,2401390759,2437.5
2733822608,2401390759,2355.9
2733822609,2401390759,2461.7
2733822610,2401390759,2380.0
2733822615,2401390759,2482.1
2739341904,2401390759,1153.4
2739341905,2401390759,943.8
2739341906,2401390759,691.4
2739341915,2401390759,1237.2
2739341916,2401390759,1150.2
2739341917,2401390759,1275.2
2739341918,2401390759,323.7
2739341919,2401390759,372.0
2739341931,2401390759,1087.4
2739341941,2401390759,1395.6
2741897798,4742253048,1587.5
2741897799,4742253048,1759.1
2741897822,2401390759,755.6
2741897836,4742253048,1842.8
2741897857,4742253048,2488.3
2741993977,2401390759,1212.6
2742026851,2401390759,3715.4
2742026854,2401390759,3691.8
2742026863,2401390759,3932.8
2742026871,2401390759,3759.9
2742026877,2401390759,3857.7
2742026886,2401390759,3513.3
2742026892,2401390759,3351.3
2742026901,2401390759,3263.3
2742026915,2401390759,3751.1
2742026918,2401390759,3674.4
2742026921,2401390759,3537.9
2744841598,2401122715,1478.7
2751698634,10080986063,3148.1
2751698635,2401390759,3011.6
2751749653,2401390759,3207.9
2751749659,2401390759,3022.0
2751749661,10080986063,3274.3
2751749663,10080986063,3411.6
2751749667,2401390759,3330.4
2751749673,2401390759,3351.8
2751749675,10080986063,3476.8
2751749677,2401390759,3464.0
2751749679,2401390759,3188.7
2751749681,2401390759,2886.4
2751749683,2401390759,2878.6
2751749685,2401390759,3043.8
2751749687,2401390759,3103.7
2751749688,2401390759,3241.6
2751749690,2401390759,3162.6
2751749696,2401390759,3243.9
2751749769,10080986063,3377.4
2751749771,10080986063,3284.6
2751749773,10080986063,3250.2
2751749776,2401390759,3231.2
2751749778,2401390759,3267.3
2751749780,10080986063,3034.3
2751749782,2401390759,3516.4
2751749784,2401390759,3070.5
2751749787,10080986063,2922.9
2751749789,2401390759,3273.7
2751749791,2401390759,3013.0
2751749793,2401390759,2883.2
2751749815,2401390759,2736.5
2751749827,2401390759,3005.3
2751749835,2401390759,2870.3
2751749838,2401390759,2760.1
2751749840,2401390759,2796.5
2751749842,2401390759,2642.8
2751749844,2401390759,2502.6
2751749846,2401390759,2123.8
2751749849,2401390759,2236.3
2751749853,2401390759,2394.7
2751749855,2401390759,2237.9
2751749859,2401390759,2851.8
2751749880,2401390759,2465.2
2751749894,2401390759,2391.8
2751749911,2401390759,2302.0
2751749918,2401390759,1696.5
2751749920,2401390759,1799.0
2751749930,2401390759,2590.6
2751749932,2401390759,2436.7
2751749934,2401390759,2874.6
2751749936,11880563955,2217.8
2751749952,11880563955,1883.1
2787766107,11880563955,3577.1
2828214527,1148754930,2079.1
2828214530,1148754930,2115.7
2828214531,1148754930,2275.7
2828214533,1148754930,2606.8
2828214544,1148754930,2474.6
2828216713,11880563955,1495.8
2828216718,11880563955,2276.2
2828216725,11880563955,1770.5
2828216817,11880563955,2272.8
2828217452,2401390759,3334.1
2828217453,2401390759,2850.5
2828217454,2401390759,3039.2
2828217474,2401390759,3205.8
2828217475,2401390759,3359.7
2828217482,2401390759,3466.5
2829220477,1148754930,2183.9
2829220480,1148754930,2214.0
2829220481,1148754930,2376.2
2829220482,1148754930,2283.4
2829220483,1148754930,2597.8
2829225699,1148754930,2237.7
2829225700,1148754930,2554.5
2829227801,1148754930,2410.1
2829227802,1148754930,2457.8
2829227803,1148754930,2593.6
2829227806,1148754930,2244.5
2829227807,1148754930,2296.4
2829227813,1148754930,2402.9
2829227816,1148754930,2540.1
2829227817,1148754930,2684.4
2829241482,1148754930,2703.1
2829241483,1148754930,2782.6
2829241484,1148754930,2681.7
2829257344,1148754930,2698.0
2829263273,11880563955,2093.7
2829263275,11880563955,2214.6
2829269100,1148754930,2742.4
2829277913,1212025348,1028.7
2829277925,1212025348,3703.3
2835707681,1148754930,2212.2
2844101208,11880563955,1993.7
2844115711,11880563955,2692.3
2844115712,11880563955,2755.8
2844115716,11880563955,2765.2
2844115722,11880563955,2835.0
2844115729,11880563955,2914.2
2844115731,11880563955,3030.9
2844115732,11880563955,3189.3
2844115733,11880563955,2969.4
2844115734,11880563955,3123.7
2844115735,11880563955,3030.5
2860042068,11880563955,2973.1
2860042070,11880563955,3013.1
2860042071,11880563955,2921.9
2860045412,11880563955,2701.2
2860045413,11880563955,2457.5
2860045414,11880563955,2753.3
2860045417,11880563955,2469.1
2860045419,11880563955,2728.9
2860045420,11880563955,2895.1
2860045421,11880563955,2630.1
2860053104,11880563955,1725.8
2860065701,1148754930,2647.7
2860065703,1148754930,2444.6
2860065704,1148754930,2326.0
2860065705,1148754930,2545.1
2860065706,1148754930,2700.3
2860065707,1148754930,2644.6
2861349029,1148754930,2789.4
2861349031,1148754930,2562.7
2861349032,1148754930,2707.4
2861349038,1148754930,2534.5
2861349039,1148754930,2403.0
2861349040,1148754930,2315.9
2862381325,11880563955,2354.3
2864420720,1814651166,5015.6
2864420724,1814651166,3787.3
2864420725,1814651166,3338.1
2864420726,1814651166,3568.1
2864420735,1814651166,4942.6
2864431745,1814651166,4042.3
2864431746,1814651166,3585.6
2864431748,1814651166,4391.4
2864431749,1814651166,4203.4
2864431750,1814651166,4230.9
2864431751,1814651166,3974.3
2864431754,1814651166,4128.1
2864431755,1814651166,4606.9
2864431756,1814651166,4242.7
2864431757,1814651166,4366.5
2864431758,1814651166,4791.5
2864431759,1814651166,4744.1
2864431760,1814651166,4614.4
2864431765,1814651166,3840.9
2864431773,1814651166,2888.5
2864431774,1814651166,3712.5
2864431775,1814651166,4063.6
2864431776,1814651166,3690.4
2864431778,1814651166,3375.1
2864431779,1814651166,3181.5
2864431791,1814651166,4473.5
2864434503,1814651166,4398.0
2864434504,1814651166,4535.1
2864434505,1814651166,4334.9
2864434506,1814651166,4472.6
2864434507,1814651166,4692.8
2864434510,1814651166,4557.6
2864434512,1814651166,5090.2
2864434519,1814651166,4316.7
2864434520,1814651166,4520.0
2864434522,1814651166,4265.2
2864434525,1814651166,4181.2
2864434526,1814651166,4392.3
2864434527,1814651166,4429.5
2864434528,1814651166,4417.4
2864434529,1814651166,4544.4
2864434533,1814651166,4121.9
2864434535,1814651166,4072.8
2864441873,1814651166,3052.0
2864441874,1814651166,3856.9
2864441876,1814651166,3593.4
2864441877,1814651166,4111.9
2864441881,1814651166,3574.9
2864441883,1814651166,2779.5
2864441887,1814651166,3732.1
2864441888,1814651166,3301.8
2864441889,1814651166,3412.8
2864441890,1814651166,3255.6
2864441892,1814651166,2798.0
2864441893,1814651166,3011.0
2864441895,1814651166,3300.6
2864441896,1814651166,3456.1
2864441897,1814651166,4099.9
2864441899,1814651166,3949.6
2864441900,1814651166,4343.4
2864443001,1814651166,3692.9
2864443002,1814651166,3569.4
2864443003,1814651166,3797.0
2864443004,1814651166,3938.0
2864448080,1814651166,4817.2
2864448083,1814651166,4565.8
2864448084,1814651166,5179.9
2864448086,1814651166,4960.5
2864448087,1814651166,4996.3
2864448088,1814651166,4943.8
2864448089,1814651166,5141.0
2864448090,1814651166,4683.5
2864448093,1814651166,5277.9
2864448094,1814651166,5416.6
2864448095,1814651166,4825.7
2864448096,1814651166,5024.7
2864448097,1814651166,5342.5
2864448098,1814651166,5147.3
2864448803,1814651166,5047.8
2864448804,1814651166,5369.4
2864448805,1814651166,5487.4
2864448807,1814651166,5687.1
2864448809,1814651166,5627.0
2864448810,1814651166,5436.2
2864448811,1814651166,5508.2
2864448812,1814651166,5561.3
2864454213,1814651166,3775.8
2864454215,1814651166,3861.1
2864454216,1814651166,3791.5
2864454220,1814651166,3295.4
2864460542,1290395232,3677.0
2864460543,1290395232,3666.4
2864460558,1290395232,4205.1
2864460569,1290395232,4267.1
2864460570,1290395232,4302.9
2864460576,1290395232,4257.0
2864460583,1290395232,4251.0
2864460588,1290395232,3921.5
2864460687,1290395232,4362.6
2864460689,1290395232,4243.3
2864460690,1290395232,4442.9
2864460691,1290395232,4631.9
2864460692,1290395232,5372.1
2865944161,1814651166,3457.8
2872101165,2457603193,414.1
2872101166,2457603193,670.2
2872101167,2457603193,1050.0
2872101171,2457603193,1187.7
2872101174,2457603193,837.5
2875670869,1814651166,4221.1
2875675191,1814651166,4971.1
2875675195,1814651166,5302.4
2875675196,1814651166,4889.1
2875675199,1814651166,5061.3
2875675200,1814651166,5113.3
2875697589,1814651166,5086.5
2875697590,1814651166,5340.3
2875697591,1814651166,5458.7
2875697592,1814651166,5372.9
2875705904,1814651166,5174.4
2875717311,1814651166,5966.4
2875717312,1814651166,5988.1
2875717314,1814651166,5832.9
2875717315,1814651166,5548.0
2875717317,1814651166,5322.2
2875728310,1814651166,5979.8
2875733858,1814651166,3807.5
2877837871,1814651166,3599.8
2877837881,1814651166,3262.9
2877837882,1814651166,3619.5
2877837883,1814651166,3431.4
2877837885,1814651166,3131.8
2877837886,1814651166,3304.3
2877837888,1814651166,3194.1
2877837889,1814651166,3365.6
2877837891,1814651166,4037.0
2877898282,2401390759,1547.7
2877898285,2401390759,498.4
2877898286,1148754930,2701.6
2877898290,1148754930,2283.1
2877898295,2401390759,535.4
2877898303,2401390759,822.6
2877898304,2401390759,1233.1
2877898305,2401390759,1008.3
2877898306,2401390759,1258.1
2877898307,2401390759,1102.4
2877898309,2401390759,1116.0
2877898310,2401390759,866.4
2877898311,2401390759,916.3
2877898312,2401390759,755.3
2877898313,2401390759,859.9
2877898314,2401390759,1038.4
2877898315,2401390759,881.7
2877898316,2401390759,1076.5
2877898317,2401390759,920.0
2877903706,4742253048,3139.5
2879254203,4742253048,2342.8
2969491767,5343198036,3043.4
2969491769,5343198036,3031.3
2969491774,5343198036,3145.0
2969491819,5343198036,1920.6
2969491827,5343198036,1988.3
2969491830,5343198036,1311.0
2969492141,5343198036,1688.0
2969492147,5343198036,1592.2
2969492159,5343198036,2235.5
3011145967,3044755215,1958.1
3012599228,3501002866,1287.2
3012599775,1233322729,1885.7
3012599776,1233322729,1935.5
3018675912,9208010658,3514.7
3018675918,9208010658,4574.1
3018675921,9208010658,4701.1
3018675924,9208010658,3045.4
3018675926,9208010658,2964.6
3018675928,9208010658,2878.7
3018675929,9208010658,5014.7
3018675931,9208010658,2726.1
3018677933,9208010658,5221.1
3018677934,9208010658,5256.3
3018677940,9208010658,5446.9
3025210514,9933767027,2377.4
3025210517,9933767027,2391.0
3025210518,9933767027,2415.5
3030037805,3030038002,517.4
3030037964,7614809187,1038.2
3030037984,7614809187,1083.4
3030038002,3030038002,0.0
3044752001,5325050705,592.1
3044752002,5325050705,610.1
3044752009,5325050705,1599.2
3044752011,5325050705,1710.0
3044752017,5325050705,2009.2
3044752024,4181217433,1722.6
3044755047,4540338550,1983.5
3044755070,4181217433,1207.9
3044755082,4181217433,1956.0
3044755085,4540338550,794.7
3044755091,7227625036,1266.2
3044755092,3734092008,609.8
3044755094,12247625066,792.9
3044755096,4541277493,1300.7
3044755098,3044755109,726.3
3044755100,4541277493,3172.1
3044755102,12247625066,271.4
3044755103,4541277493,1881.3
3044755108,4541277493,2361.6
3044755109,3044755109,0.0
3044755111,12247625066,1247.9
3044755114,4541277493,2613.0
3044755124,-1,-1.0
3044755136,12841249641,2601.6
3044755138,12841249641,1886.8
3044755141,3822225896,2417.4
3044755147,4050649085,1916.2
3044755148,3822225896,1643.7
3044755155,3822225896,1082.5
3044755159,3822225896,1793.2
3044755161,3822225896,689.6
3044755162,4050649085,2151.6
3044755166,3822225896,1941.8
3044755167,3822225896,1330.5
3044755172,4050649085,2050.1
3044755179,3822225896,1114.4
3044755183,12841249641,2692.7
3044755190,3822225896,2535.2
3044755196,3044755215,643.5
3044755215,3044755215,0.0
3044755216,3044755215,26.0
3044755218,3822225896,2854.6
3044755223,3044755215,365.2
3044755228,3584782896,2867.1
3044755229,3044755215,507.1
3044755234,1212025383,863.8
3044755235,3822225896,2451.2
3044755237,3822225896,2437.2
3044755238,3822225896,2399.5
3044755239,3822225896,2412.8
3044755241,3044755215,835.8
3044755246,1212025358,1582.0
3044755250,1212025383,1743.9
3044755253,1212025358,1990.7
3056327835,1459170126,810.5
3061061131,1814651166,4233.1
3061061233,1814651166,4254.4
3074054600,299855747,4088.6
3078510536,6868989296,1835.9
3081671522,1150768887,3138.5
3081671524,1150768887,3171.3
3081671525,1150768887,2913.9
3081671526,1150768887,3350.7
3081671528,1150768887,2879.9
3081671530,1150768887,2490.0
3081671532,1150768887,2684.0
3081674733,1150768887,1773.8
3083960664,4742253048,3774.5
3083960665,1148754930,958.1
3083960668,1148754930,2003.0
3090394031,1814651166,2871.7
3110802177,11880563955,3187.5
3110802187,11880563955,3901.1
3113066251,13369051339,3206.6
3123587154,1290395232,4133.3
3123587187,13369051339,3047.3
3123587193,8358666767,3173.3
3123587201,13369051339,3276.8
3123587214,8358666767,2555.2
3123587223,8358666767,2660.5
3123587229,8358666767,2812.9
3123587230,8358666767,2479.6
3125538790,8358666767,2266.7
3125538797,8358666767,616.2
3125538801,8358666767,315.6
3125538808,8358666767,2065.3
3125538809,8358666767,879.9
3125538811,8358666767,3831.0
3125538821,8358666767,2965.4
3125538822,8358666767,3020.8
3125538824,5325050705,2576.5
3125539232,5325050705,2592.7
3125539236,5325050705,2741.6
3125539238,5325050705,2536.7
3125539242,8358666767,3754.7
3125539247,8358666767,2079.2
3125539249,8358666767,1849.0
3125539254,5325050705,2297.0
3125539257,8358666767,2555.5
3125539260,8358666767,3339.1
3125539262,8358666767,3460.9
3125539263,8358666767,3152.6
3125539265,8358666767,2368.3
3125539267,5325050705,2015.9
3125539269,8358666767,2861.5
3125539270,4181217433,2864.8
3125539273,8358666767,2660.2
3125539275,4181217433,2666.0
3125539278,5325050705,1728.2
3125539279,5325050705,1532.6
3125539280,4181217433,2618.0
3125539281,5325050705,945.6
3125539282,4181217433,2418.6
3125539283,5325050705,1831.4
3125539284,5325050705,1525.4
3125539285,5325050705,1224.8
3125539286,5325050705,1377.7
3125539287,4181217433,1954.6
3125539288,5325050705,1904.0
3125539289,5325050705,1518.1
3125539290,4181217433,1933.8
3125539291,5325050705,1647.0
3125539292,5325050705,1594.1
3125539294,4181217433,2103.8
3125539297,4181217433,1809.0
3125539298,5325050705,1772.9
3125539300,5325050705,1866.6
3125539301,4181217433,2012.0
3125539302,4181217433,1520.9
3125539306,5325050705,2017.2
3125539311,4181217433,2360.8
3125539312,4181217433,1537.7
3125539313,4181217433,2164.9
3125539315,4181217433,1908.2
3125539317,4181217433,2143.6
3125539319,4181217433,2076.8
3125539321,4181217433,1243.6
3125539323,4181217433,1632.4
3125539328,4181217433,1020.2
3125539331,4181217433,890.0
3125539332,4181217433,1627.1
3125539333,4181217433,1471.4
3125903501,1233322729,2373.9
3125903504,1233322729,2801.4
3125903505,1233322729,3182.3
3125903506,1233322729,4426.0
3135788300,1290395232,4593.3
3147241023,1290395232,3772.5
3151899811,11880563955,6002.8
3184921965,2401177369,3004.7
3198375045,4742253048,2449.0
3198375046,4742253048,3182.9
3198375047,4742253048,2678.3
3198375049,4742253048,3343.8
3198376161,4742253048,3119.4
3198376162,4742253048,3217.9
3207443872,8358666767,2844.1
3214727128,4742253048,1050.7
3217552039,1233322729,2525.4
3217552040,1233322729,2248.3
3225481868,1880396007,2296.7
3226612093,7614809187,606.3
3226612094,3030038002,833.7
3226612098,7614809187,546.4
3226612100,7614809187,1578.7
3226612107,7614809187,1260.5
3226612109,7614809187,996.3
3230353729,1887828574,1497.4
3248177013,1233322729,4180.2
3248177033,1233322729,4969.5
3248177042,-1,-1.0
3248177054,-1,-1.0
3270664780,3822225896,2040.7
3317600965,5325050705,99.9
3317600973,5325050705,1316.8
3317600974,5325050705,1338.2
3365908820,12463139050,6027.5
3365908821,12463139050,6558.7
3366155967,-1,-1.0
3366220843,4050649085,1116.1
3366220859,4050649085,1083.6
3366220873,11250185933,4837.7
3366220879,11176160735,3168.1
3366220890,4050649085,695.5
3366221006,3822225896,4525.2
3366221031,4050649085,204.7
3366221056,-1,-1.0
3367156795,3367156838,2251.2
3367156798,3367156838,343.2
3367156804,4050649085,529.1
3367156807,4050649085,1141.9
3367156817,4050649085,803.7
3367156823,3367156838,378.6
3367156825,4050649085,543.7
3367156831,4050649085,750.6
3367156838,3367156838,0.0
3367156850,3367156838,318.2
3367156851,4050649085,291.1
3367156861,3367156838,285.9
3367156863,4050649085,816.5
3367156873,3367156838,217.3
3367156880,3367156838,311.4
3367156885,4050649085,824.3
3367156896,4050649085,323.9
3367156900,4050649085,331.9
3367260934,4050649085,2000.6
3367260943,-1,-1.0
3367260950,11250185933,5397.9
3367260965,4050649085,2006.7
3367260984,11250185933,6609.5
3381058707,3044755215,1468.4
3381058713,3044755215,1464.0
3381058723,3044755215,1406.0
3381058724,3044755215,1898.7
3381058725,3044755215,1705.6
3381058727,3044755215,1523.5
3381058729,3044755215,1716.2
3381095020,8600114950,2440.6
3381095038,8600114950,1657.7
3381095045,3044755215,3018.5
3381095048,3367156838,2806.8
3382169772,3044755215,2607.4
3382183115,8600114950,1555.7
3382183116,3367156838,2579.1
3382183118,3367156838,1638.4
3382183124,7178880041,1097.8
3382183129,7178880041,1255.0
3382183139,7178880041,1263.8
3382183141,7178880041,1110.7
3382183149,3367156838,253.4
3382183153,8600114950,1907.6
3382183161,7178880041,1029.9
3382183168,7178880041,1339.8
3382183170,8600114950,2654.9
3382183172,7178880041,1197.4
3382183191,7178880041,1162.1
3382183197,7178880041,1007.4
3382195193,7178880041,2756.0
3382195200,7178880041,2987.1
3382195209,4523470682,2981.5
3382195234,7178880041,2983.2
3382195242,7178880041,2915.9
3382195253,4523470682,3033.6
3382233218,1233322729,2010.8
3382233230,1233322729,1985.9
3382233247,3501002866,2920.5
3382233252,3501002866,2425.1
3382233254,3501002866,1252.8
3382233273,3501002866,1560.5
3382258800,3501002866,2364.1
3382258810,3501002866,2055.1
3382258813,4523470682,5662.4
3382258820,3501002866,2462.1
3382258824,3501002866,2011.0
3382258833,3501002866,2288.0
3382258845,3501002866,2899.0
3382258851,3501002866,2082.7
3382258869,3501002866,2069.7
3382258874,4523470682,2406.2
3382260092,4523470682,2988.4
3397897387,4050649085,475.7
3397897388,4050649085,438.3
3397897389,4050649085,642.8
3404840772,1814651166,3119.8
3404840773,1814651166,3253.6
3404840774,1814651166,3471.2
3404840775,1814651166,3343.3
3404840776,1814651166,3561.9
3474318391,1148754930,2832.9
3474324640,1148754930,2660.1
3486619633,11176160735,2391.5
3486619634,3822225896,1687.8
3486619636,3822225896,700.2
3486619637,3822225896,1297.8
3486619644,3822225896,2159.1
3486619651,11176160735,1790.9
3486619652,12841249641,2220.2
3486619656,12841249641,700.6
3486619658,-1,-1.0
3486619668,12841249641,1295.2
3488315346,2401177369,2263.9
3488332197,9933767027,1185.9
3488332199,9933767027,777.2
3488332200,9933767027,674.5
3488332201,9933767027,887.7
3488332202,9933767027,2718.2
3488332205,9933767027,722.6
3488383273,10080986063,5743.5
3488384199,11880563955,3493.8
3488384201,13778138440,2689.2
3488384205,3491030918,5746.0
3488417921,3491030918,5670.6
3488417924,1290395232,2370.4
3488417935,11880563955,3967.9
3488417938,1290395232,2750.0
3488417942,1148754930,3066.2
3488417963,1290395232,2123.2
3491027877,3491030918,3682.9
3491027878,2401177369,1770.3
3491030912,2401177369,5545.0
3491030917,9487411581,321.0
3491030918,3491030918,0.0
3491030925,3491030918,386.2
3491047923,9487411581,4080.2
3491047951,1459170126,3673.3
3491054004,7160849932,724.4
3491054005,7160849932,1275.1
3491054010,9487411581,2490.1
3491063046,3030038002,2367.6
3491063050,3030038002,2416.7
3491063059,3030038002,3584.9
3500331221,1233322729,2515.4
3500352711,1233322729,1454.5
3500352713,1233322729,1651.2
3500352716,1233322729,2015.8
3500352717,1233322729,2158.3
3500352722,1233322729,2097.4
3500352723,1233322729,1779.2
3500352725,1233322729,1914.7
3500352727,1233322729,2012.8
3500352729,1233322729,2183.3
3500352762,1233322729,2607.4
3500352763,1233322729,2488.3
3500352765,1233322729,2530.4
3500352771,1233322729,2799.4
3500352772,1233322729,2117.4
3500352781,1233322729,1703.1
3500352782,1233322729,2035.0
3500352789,1233322729,1852.8
3500352790,1233322729,1935.9
3500353297,1233322729,1776.4
3500353307,1233322729,2329.2
3500353314,1233322729,2057.1
3500353322,1233322729,2105.0
3500353327,1233322729,2068.9
3500353328,1233322729,1742.6
3500353335,1233322729,2033.8
3500353343,1233322729,1920.6
3500353348,1233322729,2195.6
3500353353,1233322729,2326.7
3500353360,1233322729,2235.0
3500353364,1233322729,2415.0
3500366627,1233322729,1688.6
3500366628,1233322729,1223.5
3500366629,1233322729,1517.6
3500366630,1233322729,1155.6
3500366632,1233322729,375.6
3500366634,3501002866,891.6
3500366640,-1,-1.0
3500366643,1233322729,1796.2
3500366644,1233322729,1408.8
3500366645,3501002866,1739.9
3500528263,7178880041,2057.4
3500528272,7178880041,2083.2
3500528275,7178880041,2028.0
3500528281,7178880041,2046.6
3500528283,7178880041,1981.7
3501002854,3501002866,1613.9
3501002858,3501002866,134.4
3501002863,3501002866,1849.2
3501002864,3501002866,2075.4
3501002866,3501002866,0.0
3501002869,3501002866,836.1
3501002870,3501002866,1188.3
3501002872,1233322729,803.4
3501002873,1233322729,1355.7
3501002876,1233322729,730.2
3501002878,1233322729,1048.3
3501002879,1233322729,405.3
3501002880,3501002866,1173.1
3501002884,3501002866,689.1
3501002889,1233322729,2373.4
3501032377,7178880041,1896.8
3501032386,7178880041,1509.9
3501032388,4523470682,2147.9
3501032390,7178880041,2645.9
3501032391,7178880041,2410.8
3501032495,7178880041,1927.1
3501032500,4523470682,1945.8
3501032503,4523470682,942.8
3501048381,4523470682,2861.2
3501048383,4523470682,2975.9
3501048385,4523470682,2870.8
3501050294,4523470682,2849.3
3501074203,4523470682,904.5
3501074204,4523470682,1657.9
3501074205,4523470682,1674.6
3501074206,4523470682,1701.3
3501074207,4523470682,1713.9
3501074208,4523470682,1482.3
3501074214,4523470682,1663.3
3503089269,2045952502,4001.3
3503089278,2045952502,2439.5
3503089279,4540338550,2506.2
3503089287,4540338550,1561.6
3503125189,9208010658,6781.5
3503125708,9208010658,7256.7
3503125771,9208010658,9910.6
3523329189,4742253048,2062.6
3523329190,4742253048,2224.6
3523329191,2401390759,2305.6
3523330393,2401390759,2454.7
3523330394,2401390759,2384.6
3523330398,2401390759,2101.2
3523330399,2401390759,2399.1
3523330406,2401390759,1662.1
3523330407,2401390759,1742.2
3523330411,2401390759,2213.6
3523330412,2401390759,2536.3
3523330413,4742253048,2457.7
3523330416,4742253048,2295.1
3523330430,2401390759,1669.6
3523330446,2401390759,1562.1
3523330448,2401390759,1616.9
3523330450,2401390759,1528.1
3523330452,2401390759,1532.7
3523330469,2401390759,1511.6
3523330473,2401390759,1343.1
3523330483,2401390759,2064.5
3523330484,2401390759,2236.2
3523330485,4742253048,2363.4
3523330486,4742253048,2277.0
3523330487,4742253048,2571.2
3523330506,2401390759,1321.0
3523337822,1148754930,1802.7
3523339654,1148754930,1031.3
3523480831,9933767027,1685.0
3523480833,2482884829,4537.2
3523480836,9933767027,1303.5
3523480838,9933767027,3251.7
3523483594,3491030918,5279.8
3523519321,9933767027,2495.4
3523949881,3030038002,2278.2
3523951199,3030038002,2307.3
3523951207,3030038002,2625.2
3523951211,2045952502,2049.5
3523973519,9933767027,3710.7
3524739604,9933767027,2437.4
3524739605,9933767027,3268.1
3524739608,9933767027,2534.7
3524739609,9933767027,2796.0
3527724425,9933767027,3669.9
3541539571,3541539575,982.4
3541539572,3541539575,962.2
3541539573,3541539575,829.0
3541539575,3541539575,0.0
3578501280,3367156838,2338.1
3578501283,3367156838,1420.0
3578501287,12247625066,1117.2
3578501289,12247625066,2062.7
3578501290,3367156838,2183.6
3578501593,12247625066,655.4
3578501594,4523470682,5365.5
3578501595,12247625066,1164.4
3578501607,12247625066,1348.1
3578501610,8600114950,2957.8
3578501613,7157578628,1239.2
3578501615,12247625066,1016.0
3578501618,7157578628,1261.5
3578501627,12247625066,1297.1
3578501631,7157578628,1198.5
3578501633,3367156838,1310.0
3578501635,12247625066,765.5
3578501636,7157578628,1301.8
3578501637,12247625066,294.7
3578501642,12247625066,4331.1
3578501648,12247625066,2740.5
3578548936,3578548936,0.0
3578548975,-1,-1.0
3583675268,2401122715,2674.3
3583675271,2401122715,2995.3
3583675281,8358666767,3173.9
3584782000,12841249641,1474.3
3584782004,8480339511,845.1
3584782896,3584782896,0.0
3587564113,4742253048,2240.4
3587564114,4742253048,2317.2
3587564119,4742253048,2766.3
3589067752,11250185933,2654.2
3593772417,9520799127,985.8
3593772849,7295164908,5108.8
3597602310,4541277493,2005.5
3597602311,4541277493,2141.4
3597602312,1212025358,2557.4
3631666382,13369051339,4043.3
3631666593,11880563955,3398.1
3631666607,11880563955,3387.8
3631666613,11880563955,3739.4
3642074630,4742253048,3491.7
3642074632,4742253048,3726.7
3642074633,4742253048,3888.5
3642074634,4742253048,4052.0
3642074639,4742253048,4216.5
3642074641,4742253048,3962.3
3642081153,4742253048,4132.5
3642081159,4742253048,3892.8
3645171737,12463139050,7698.2
3651009544,2457603193,7742.2
3654389857,9487411571,5684.5
3660025403,2457603193,13417.6
3663252673,12381917927,3607.7
3663373176,2401122715,1852.9
3663373177,5325050705,1837.4
3663373178,5325050705,1866.3
3667339627,7295164908,1758.2
3667339628,8197771709,2400.4
3667340207,4540338550,1160.1
3683236537,8197771709,2097.7
3683236539,7295164908,3005.7
3683236550,7295164908,1186.9
3683236563,8197771709,1177.6
3683236572,7295164908,689.8
3683236574,7295164908,1383.8
3684963089,11880563955,3222.1
3684963096,1148754930,1181.0
3684963100,11880563955,2560.8
3684963103,11880563955,1774.8
3684965258,1148754930,3781.7
3684965660,1290395232,2757.6
3684965662,1290395232,2452.0
3684965667,1148754930,3293.4
3692819369,11880563955,2858.0
3692819370,11880563955,2759.5
3692819371,11880563955,2500.2
3717241826,3501002866,1794.9
3717243426,3501002866,659.7
3717279126,3501002866,2826.9
3717279127,3501002866,2642.1
3717279129,4523470682,2761.6
3717284537,1233322729,4444.8
3717284540,1233322729,4192.2
3717829106,2401390759,2505.9
3722243884,1290395232,1128.2
3722396180,1212025358,1251.0
3722396185,1212025383,1307.9
3725020167,2401177369,2022.2
3732339980,7157578628,1007.2
3732339988,7157578628,985.5
3732361089,12247625066,1733.4
3732361093,12247625066,1713.6
3732361098,12247625066,2618.3
3732361107,12247625066,2254.9
3732361114,12247625066,2222.4
3732361115,12247625066,2236.7
3732361539,4050649085,1819.3
3732361543,3822225896,2038.3
3732365332,4050649085,1147.9
3732365333,4050649085,616.6
3732372470,3822225896,4074.4
3732372477,3822225896,3221.5
3732372482,3822225896,2760.0
3732372485,3822225896,3993.4
3732372490,3822225896,2393.3
3732372494,3822225896,2552.8
3732372499,3822225896,2449.3
3732372501,3822225896,2483.2
3732372504,3822225896,2088.3
3732372505,3822225896,3210.6
3732372510,3822225896,2668.9
3732372513,3822225896,1481.7
3732372514,3822225896,2980.4
3732372515,3822225896,2213.7
3732372516,3822225896,3466.9
3732372517,3822225896,1801.3
3732372518,3822225896,2808.8
3732372519,3822225896,1915.2
3732372520,3822225896,2246.6
3732372521,3822225896,1504.7
3732372522,3822225896,2125.3
3732373427,3822225896,914.0
3732414486,11250185933,1941.4
3732414496,11250185933,2859.6
3732417022,3822225896,1249.4
3732417023,3822225896,943.0
3732462438,3822225896,1420.5
3732462441,3822225896,1628.9
3732462455,3822225896,2279.6
3734086270,5343198036,2311.6
3734086275,4540338550,2156.4
3734086278,5343198036,1494.5
3734086280,4540338550,1699.0
3734092007,4540338550,819.3
3734092008,3734092008,0.0
3734092009,3734092008,245.2
3734092010,3734092008,853.6
3734092013,3734092008,375.1
3734092014,4540338550,967.8
3734092015,3734092008,624.2
3734092016,4540338550,1228.3
3734092017,3734092008,1176.9
3734092019,3734092008,743.9
3734092021,3044755109,885.8
3734092023,3044755109,469.8
3734096425,3044755109,990.3
3734096426,3044755109,779.0
3734096427,3044755109,331.4
3734096428,3044755109,571.0
3734096430,3044755109,267.3
3734096431,3044755109,914.7
3734096432,3044755109,1110.6
3734096433,3044755109,639.3
3734096434,3044755109,425.6
3734096435,3044755109,214.0
3734096441,3044755109,1344.1
3734096442,3044755109,572.6
3734096445,3044755109,1165.3
3734097209,5343198036,3030.1
3734097211,4540338550,3077.4
3734097214,4540338550,1279.2
3734111094,3030038002,1045.3
3756850074,1212025348,1308.0
3756850075,1212025348,2171.2
3762099174,9487411581,1797.7
3762099185,9487411581,2218.5
3799105871,1148754930,561.4
3799158620,2401390759,979.6
3799178041,1148754930,471.0
3799178051,1290395232,2140.6
3799178055,1148754930,1397.2
3799179958,1148754930,1946.0
3799206016,13778138440,2563.4
3799279903,11880563955,2507.3
3799307713,11880563955,2207.6
3799307717,11880563955,2117.3
3799313446,3491030918,6805.4
3799320408,1290395232,4296.8
3804452212,9933767027,2816.8
3822173753,12247625066,1042.0
3822173754,12247625066,1150.4
3822173755,12247625066,1259.7
3822173857,12247625066,1217.3
3822173858,12247625066,1326.8
3822173866,12247625066,1421.6
3822173867,12247625066,1311.3
3822173875,12247625066,1556.1
3822225891,3822225896,296.1
3822225895,3822225896,61.1
3822225896,3822225896,0.0
3822225902,12247625066,953.6
3822227969,7157578628,1613.6
3822227971,7157578628,1227.9
3822227972,7157578628,1243.5
3822227978,7157578628,1994.4
3822227982,7157578628,1638.9
3822227987,7157578628,2584.9
3822227989,7157578628,2278.1
3822229319,12247625066,1482.8
3822229323,12247625066,990.9
3822229324,7157578628,1169.2
3822229326,12247625066,987.8
3822229334,7157578628,1417.5
3822229339,12247625066,1474.7
3822229340,12247625066,1234.1
3822581259,7157578628,1008.4
3822581260,7157578628,929.1
3822581267,12247625066,718.7
3822581268,12247625066,708.6
3822581270,12247625066,1304.6
3822581274,12247625066,743.9
3822581275,12247625066,743.6
3822581276,12247625066,2655.0
3822581281,12247625066,783.4
3822581285,12247625066,1528.8
3822581286,12247625066,708.6
3822581287,12247625066,669.2
3822581290,12247625066,1423.6
3822581300,12247625066,1056.3
3822581301,12247625066,943.8
3822581305,12247625066,286.5
3822581307,12247625066,912.6
3822581308,12247625066,945.8
3822581309,12247625066,1356.2
3822581311,12247625066,957.5
3822581312,12247625066,918.5
3822581314,12247625066,1059.7
3822581315,12247625066,1107.4
3822581400,7157578628,2118.7
3822581402,7157578628,2104.1
3822581403,7157578628,2058.5
3822581404,1880400488,2484.9
3822581405,1880400488,2523.8
3822581407,1880400488,2444.2
3822581408,1880400488,2472.4
3822581409,1880400488,2492.9
3822581410,7157578628,2478.5
3822581413,1880400488,2498.9
3822581416,1880400488,2555.2
3822583395,12247625066,1342.6
3824026474,12247625066,2014.6
3824026475,12247625066,2040.4
3824026476,12247625066,2083.8
3824026477,12247625066,807.8
3824026478,12247625066,1454.1
3824026479,12247625066,1472.0
3824026480,12247625066,819.7
3824033004,7157578628,1183.6
3824033005,7157578628,1168.6
3824033006,7157578628,1211.5
3824033019,1880400488,2269.7
3824033020,7157578628,3355.4
3842095840,13369051339,4128.8
3859970557,4181217433,3382.7
3859979679,4541277493,1097.0
3859979682,4541277493,1528.4
3874109285,8198567118,1234.6
3874109287,8198567118,1592.2
3875830511,9933767027,2320.6
3875830517,9933767027,3586.6
3875830518,9933767027,3800.9
3875830524,9933767027,4303.3
3916009589,7227625036,6279.6
3916334970,7227625036,9216.4
3918617112,7227625036,2555.4
3955578662,3367156838,1142.6
3955578663,3367156838,1089.0
3955578665,3367156838,1026.5
3955578666,3367156838,1061.1
3955578671,3367156838,1071.0
3955578672,3367156838,977.2
3955578675,3367156838,1043.8
3955578676,3367156838,1894.4
3955578679,3367156838,1060.3
3955578685,3367156838,1048.9
3955578687,3367156838,970.2
3955578688,3367156838,1069.6
3955578694,3367156838,1137.1
3955578695,7157578628,1523.7
3955578698,12247625066,1168.5
3955578699,3367156838,1237.9
3955578701,3367156838,1447.2
3955578706,3367156838,1493.4
3955578708,3367156838,1701.3
3955578709,4050649085,1454.2
3955578716,3367156838,1812.6
3955578718,3367156838,1794.7
3955578719,3367156838,1908.5
3955578721,3367156838,1826.5
3955578722,3367156838,2571.5
3955578723,3367156838,1507.0
3955578732,3367156838,1915.5
3955578733,3367156838,2274.0
3955625171,2045952502,2622.0
3966495425,9933767027,7087.5
3966495426,9933767027,6479.2
3969572085,4523470682,1951.8
3969574963,1233322729,1646.2
3969574964,1233322729,515.8
3972971335,9487411571,1002.4
3972971336,9487411581,1664.8
3972971337,9487411571,1561.1
3972971338,9487411571,1220.4
3974639545,8198567118,784.7
3974639546,8198567118,805.7
3974639547,8198567118,765.1
3974639549,8198567118,742.4
3974640384,8198567118,1140.4
3974640385,8198567118,1050.5
3974640387,8198567118,1103.5
3974640388,8198567118,1085.6
3974663149,8198567118,848.9
3974663150,8198567118,751.2
3974663151,8198567118,780.7
3977329418,13369051339,4118.0
3999821875,9933767027,1671.1
4033245965,-1,-1.0
4033245975,12841249641,4166.8
4050649060,5325050705,2312.1
4050649061,5325050705,2272.5
4050649062,6868989296,2993.2
4050649063,1880400488,1841.0
4050649066,7157578628,1010.2
4050649067,12247625066,1668.4
4050649068,7178880041,1799.7
4050649069,7178880041,1879.0
4050649070,12247625066,1683.8
4050649071,7178880041,1831.4
4050649072,7178880041,1847.6
4050649073,3822225896,1675.5
4050649074,3822225896,1395.6
4050649075,7178880041,823.7
4050649077,4523470682,2382.1
4050649078,4523470682,2362.4
4050649081,4523470682,2840.0
4050649082,7178880041,2813.0
4050649083,4523470682,2933.5
4050649084,4523470682,2981.6
4050649085,4050649085,0.0
4050649086,3501002866,1829.0
4050649087,1233322729,1219.3
4050649088,1233322729,1205.3
4050653691,1233322729,18.6
4050653692,1233322729,379.3
4050653693,1233322729,789.6
4052353031,11880563955,3651.7
4052353034,11880563955,3614.6
4052778594,13369051339,5104.7
4052821769,13369051339,2242.0
4052824491,3541539575,2765.8
4052824494,2401122715,1961.6
4054718328,12463139050,5100.2
4054718330,12463139050,5229.1
4054718333,12463139050,5312.7
4054718336,12463139050,5280.6
4054718339,12463139050,5195.0
4054718343,12463139050,4977.3
4054718344,12463139050,4962.4
4054718346,12463139050,5006.9
4054718347,12463139050,4932.6
4054718357,12463139050,5362.4
4054718366,12463139050,5660.7
4054718370,12463139050,5771.1
4054718373,12463139050,6157.8
4054718380,12463139050,5899.9
4054718383,12463139050,5848.0
4054718384,12463139050,5378.5
4054718386,12463139050,5446.7
4054718396,12463139050,5713.4
4054718400,12463139050,5554.7
4054718405,12463139050,4904.0
4054718409,12463139050,5084.3
4054718410,12463139050,4944.8
4054718412,12463139050,5101.4
4054718415,12463139050,5386.7
4054718416,12463139050,5879.2
4054718419,12463139050,5940.3
4054718447,12463139050,5065.4
4061038689,9487411581,1962.0
4062263458,1814651166,3103.1
4068066351,9487411571,5292.0
4068066746,7295164908,2087.3
4068066756,7295164908,1812.5
4068066761,7295164908,1721.3
4068066784,7295164908,1054.8
4068238330,9487411571,1807.4
4069531653,3822225896,3445.0
4103995019,7157578628,2212.2
4104000619,3367156838,1424.0
4104000626,3367156838,741.6
4104009763,7157578628,1301.2
4104009764,7157578628,1287.3
4123428331,12463139050,3556.4
4123428334,12463139050,4387.2
4123428338,12463139050,4443.6
4123428341,12463139050,4053.7
4123428346,12463139050,4602.9
4123428350,12463139050,3661.1
4123428352,12463139050,4563.7
4123428353,12463139050,4354.0
4123428354,12463139050,4136.7
4123428358,12463139050,3164.5
4123440797,12463139050,4333.7
4133842089,8198567118,1612.9
4149553620,1233322729,704.8
4154270306,1880396007,1540.6
4159413722,13369051339,3523.5
4162357199,11880563955,2946.0
4181217433,4181217433,0.0
4181217437,4181217433,1026.5
4181217438,4181217433,189.1
4181217439,4181217433,751.7
4181217442,4181217433,1263.6
4181217445,4181217433,483.6
4181217446,4181217433,1218.5
4181217448,4181217433,1230.0
4181217449,4181217433,1349.0
4181217450,4181217433,650.4
4181217451,4181217433,1164.0
4181217452,4181217433,715.0
4182085029,11880563955,2286.5
4182747485,1814651166,311.3
4182747486,1814651166,630.6
4182747503,1814651166,1005.1
4182760054,4742253048,2926.4
4182760058,4742253048,2800.4
4182760059,4742253048,2726.0
4182760075,4742253048,3225.3
4182760086,4742253048,3160.4
4182794765,4742253048,4433.7
4182794767,10080986063,4044.9
4182794769,10080986063,3934.4
4182794776,10080986063,3212.3
4182794920,4742253048,4551.2
4182794921,4742253048,4229.6
4182794922,4742253048,4451.8
4182794924,4742253048,4299.7
4183073303,4742253048,5187.4
4183073306,4742253048,5327.5
4183263205,4742253048,3857.1
4183263206,4742253048,3697.4
4183263207,4742253048,3534.4
4197007127,4742253048,2954.3
4197007128,4742253048,2912.9
4197007137,4742253048,4279.2
4197007138,4742253048,3528.8
4197007139,4742253048,3480.5
4197042117,4181217433,1800.8
4197042118,4181217433,1963.4
4197064149,4181217433,600.3
4197064151,4181217433,981.7
4197064152,4181217433,1041.6
4197064153,4181217433,1228.5
4197064155,4181217433,890.3
4197064156,4181217433,2209.7
4197064157,4181217433,2532.8
4197064159,4181217433,2157.7
4200233015,4181217433,1415.2
4200233022,4181217433,2001.9
4200233025,4181217433,2307.8
4200233026,4181217433,2115.1
4200233027,4181217433,2609.3
4200233028,4181217433,1883.6
4204511113,4181217433,1156.1
4204511118,4181217433,1504.4
4204511119,4181217433,1319.9
4204511120,4181217433,1693.7
4208446727,4181217433,1756.1
4208446728,4181217433,1861.3
4208446738,4181217433,2042.1
4208446749,4181217433,2063.4
4208446753,4181217433,1870.1
4208446754,4181217433,1840.6
4208446755,4181217433,1725.5
4208446756,4181217433,1970.0
4208446757,4181217433,1986.6
4208446758,4181217433,2054.5
4208446759,4181217433,1941.7
4208446762,4181217433,1893.9
4208446772,4181217433,2087.8
4208446774,4181217433,1940.7
4208446775,4181217433,1914.8
4208446776,4181217433,1804.2
4208446778,4181217433,2037.2
4208446779,4181217433,2191.5
4208446781,4181217433,2374.4
4208446782,4181217433,2187.9
4208446783,4181217433,2253.8
4208446784,4181217433,2011.8
4208446788,4181217433,1946.9
4208446789,4181217433,1927.5
4208946477,1814651166,2791.8
4236726908,5325050705,1528.0
4236726910,2401122715,1650.3
4242305020,8198567118,2657.7
4242305021,1880396007,2600.2
4251921107,7227625036,4347.4
4251921109,7227625036,3306.9
4251921119,7227625036,2820.2
4251921149,7227625036,4817.8
4251921158,7227625036,5336.5
4251921174,1814651166,10968.0
4251936181,9208010658,8535.4
4251936182,9208010658,8666.7
4251936183,9208010658,8837.8
4251936184,9208010658,8284.0
4251936185,1814651166,6791.6
4251936186,1814651166,6902.6
4251936187,1814651166,7122.5
4251936188,1814651166,7201.3
4251953592,7227625036,4348.4
4251953600,7227625036,5971.4
4251953603,7227625036,6017.7
4251953614,7227625036,6062.7
4251953618,7227625036,5339.3
4251953623,7227625036,6632.5
4251953633,7227625036,9793.2
4251953634,1814651166,7469.4
4251953636,1814651166,6807.6
4251953637,1814651166,6507.1
4251976699,9208010658,6475.1
4254629150,11880563955,3965.6
4261883420,5325050705,2356.6
4261883421,5325050705,668.3
4261883432,5325050705,3713.0
4265783499,1290395232,4175.8
4265783518,1290395232,6190.8
4265829520,1814651166,4692.4
4265829521,1814651166,4683.4
4266567983,-1,-1.0
4266609479,9208010658,5614.7
4269200625,13747437765,1619.8
4269200635,13747437765,1841.0
4283634151,12463139050,9680.7
4285954502,11250185933,2551.7
4285954509,11250185933,2031.7
4285954518,3044755215,2632.5
4285954527,11250185933,985.2
4285954538,11250185933,2871.3
4285954550,11250185933,1016.2
4285954559,11250185933,2400.1
4285957102,11176160735,1779.7
4285957115,11250185933,867.9
4285957144,11250185933,1058.4
4285957158,11250185933,1664.9
4285957307,11250185933,2287.8
4285957311,11176160735,2206.9
4285957333,11250185933,879.9
4285957340,11250185933,854.3
4333453886,5325050705,1885.9
4353370983,2401122715,1415.9
4353370985,2401122715,1188.2
4360449878,2401122715,1439.0
4360449882,2401122715,1255.4
4360488928,1880396007,1731.1
4360488929,1880396007,2905.4
4360489003,2401122715,1925.7
4360489047,2401122715,759.2
4360489051,2401122715,371.5
4360538741,2401122715,618.9
4360538744,2401122715,533.5
4360538745,2401122715,414.1
4360538747,2401122715,66.1
4360538748,2401122715,550.5
4360538749,2401122715,731.0
4360538750,2401122715,779.8
4360538751,2401122715,855.3
4360538752,2401122715,218.3
4360538753,2401122715,489.3
4360538849,2401122715,675.6
4516215262,3541539575,1215.6
4516217255,1880400488,3163.5
4516217337,7160849932,3005.3
4516217357,2045952502,2498.6
4516217367,9487411581,1797.1
4516217402,7160849932,2479.9
4516217466,1880400488,3151.9
4516217487,1880400488,3241.2
4516217491,1459170126,2102.4
4516217646,1880400488,2774.1
4516217708,1459170126,2829.9
4516217728,2045952502,1773.0
4516243227,2401177369,1651.5
4516243230,8358666767,3188.5
4516243231,4181217433,1275.1
4516243237,5325050705,1405.8
4516243239,2401122715,2690.5
4516243241,13369051339,2570.9
4516243243,8358666767,1695.6
4516243245,8358666767,1705.4
4516243251,4181217433,2323.1
4516243257,3541539575,2844.8
4516243272,5325050705,1577.5
4516243277,4181217433,1753.4
4516243278,4181217433,2097.2
4516243281,4181217433,1332.6
4516243283,5325050705,1826.4
4516243284,4181217433,1247.1
4516243296,5325050705,2989.5
4516243301,2401122715,2281.3
4516243303,5325050705,1846.4
4516243304,5325050705,2129.7
4516243306,8358666767,2646.4
4516243314,3541539575,2449.7
4516243336,3541539575,1955.4
4516243337,13369051339,1846.8
4516243339,3541539575,2181.4
4516243341,8358666767,1193.8
4516243345,13369051339,1365.7
4516243351,4181217433,2306.6
4516243353,13369051339,1990.7
4516243354,5325050705,2800.7
4516243365,13369051339,1355.6
4516243371,5325050705,107.4
4516243372,3541539575,3961.1
4516243374,8358666767,2409.6
4516243376,4181217433,1908.4
4516243382,4181217433,2544.9
4516243391,2401122715,2982.1
4516243409,4181217433,2484.4
4516243413,4181217433,2856.0
4516243417,3541539575,2092.2
4516243418,4181217433,2329.7
4516243421,5325050705,1764.8
4516243422,2401177369,2397.8
4516243423,3541539575,2240.1
4516243427,5325050705,1994.0
4516243433,3541539575,1887.1
4516243435,3541539575,3167.2
4516243449,4181217433,2040.7
4516243456,8358666767,2417.3
4516243457,13369051339,2025.6
4516243464,13369051339,1136.5
4516243465,4181217433,1940.8
4516243469,3541539575,3088.2
4516243486,8358666767,1209.1
4516243495,3541539575,4198.9
4516243498,4181217433,2083.3
4516243500,4181217433,2070.4
4516243501,3541539575,1000.3
4516243506,8358666767,1677.6
4516243510,5325050705,2026.9
4516243513,13369051339,2586.9
4516243523,13369051339,3131.4
4516243530,5325050705,2147.9
4516243539,4181217433,1702.9
4516243541,8358666767,1723.9
4516243542,3541539575,1909.2
4516243551,4181217433,2325.2
4516243559,4181217433,1279.7
4516243563,8358666767,2604.5
4516243565,5325050705,1228.6
4516243567,13369051339,1870.2
4516243570,4181217433,1788.4
4516243572,5325050705,2117.5
4516243573,5325050705,1219.6
4516243574,4181217433,1585.1
4516243576,5325050705,1695.9
4516243585,13369051339,1959.9
4516243593,4181217433,1445.5
4516243599,8358666767,2669.9
4516243601,5325050705,2906.0
4516243610,13369051339,2600.5
4516248184,1290395232,3834.8
4516248589,11880563955,3192.4
4516248596,1814651166,6150.6
4516248609,1290395232,3895.8
4516248621,1290395232,3857.7
4516248637,1290395232,3757.2
4516248646,1290395232,5740.3
4517322335,3541539575,1342.2
4517322338,11880563955,437.7
4517322341,3541539575,836.1
4517322342,11880563955,1368.9
4517322343,11880563955,1391.2
4517322350,3541539575,499.3
4517322366,13747437765,1777.5
4517322370,13747437765,1839.4
4517322371,13747437765,1359.8
4517323595,13747437765,2875.7
4517323600,13747437765,3055.3
4517328368,2401122715,427.3
4517328376,2401122715,632.9
4517328379,2401122715,803.0
4517328381,2401122715,789.4
4517328385,2401122715,2080.5
4519138593,9487411571,6942.0
4519138598,9487411571,6684.9
4519170201,1880400488,929.7
4519170206,6868989296,2360.5
4519170217,7614809187,2387.1
4519170220,7614809187,1963.7
4519170228,7614809187,1933.0
4519170232,-1,-1.0
4519170249,9487411581,4540.8
4519170251,6868989296,3572.5
4519170254,1880400488,3696.2
4519170264,7614809187,3475.5
4519170265,1459170126,3003.3
4519170276,6868989296,3415.3
4519170281,1880400488,880.1
4519170288,1459170126,3385.6
4519170299,1459170126,3179.9
4519170302,1459170126,2638.2
4519170305,7614809187,2039.1
4519170306,3030038002,4338.7
4519170338,3030038002,291.3
4519229445,3044755109,935.9
4519229451,12247625066,1911.0
4519229456,3044755109,3768.2
4519229459,3044755109,2510.0
4519229464,12247625066,2601.7
4519229467,12247625066,1743.0
4519229476,7157578628,2448.5
4519229482,3044755109,3138.8
4519229486,1887828574,2165.2
4519229487,3044755109,3824.0
4519229589,3044755109,3925.9
4519229590,12247625066,2670.4
4519229591,3044755109,3679.9
4519229592,3044755109,951.0
4519229599,12247625066,3068.3
4519229604,12247625066,2016.4
4519229611,3044755109,3207.4
4519229623,3044755109,31.3
4519229626,3044755109,1423.5
4519229627,3044755109,1727.1
4519229637,3044755109,3175.8
4519229638,3044755109,1210.0
4519229654,12247625066,2143.9
4519229661,12247625066,2113.5
4519229668,12247625066,1181.7
4519229672,12247625066,1375.2
4519229677,12247625066,2356.9
4519229680,12247625066,1893.4
4519229681,3044755109,3698.4
4519229682,3044755109,3483.6
4519229800,1887828574,1271.0
4519229802,8198567118,2162.2
4519229803,1880400488,2313.7
4519229805,1880400488,2332.0
4519229809,1887828574,1328.0
4519229830,12247625066,2439.0
4519229833,3044755109,3156.2
4519229836,3044755109,3515.5
4519242545,7178880041,1173.4
4519242547,7178880041,2613.1
4519242551,7178880041,2045.6
4519242557,7178880041,2110.7
4523403987,2401177369,6163.5
4523404097,9487411581,673.4
4523404110,9487411581,1966.7
4523404125,9487411571,3059.7
4523404137,7160849932,2623.6
4523404147,9487411581,1329.1
4523404164,9487411571,4406.1
4523404168,7160849932,2765.2
4523404182,7160849932,2968.2
4523404296,7160849932,3146.7
4523470648,4523470682,2110.7
4523470651,4523470682,2069.8
4523470652,3501002866,1717.0
4523470654,1233322729,3810.5
4523470655,4523470682,1877.1
4523470659,3501002866,910.9
4523470661,8198567118,1958.0
4523470663,3501002866,2062.8
4523470665,8198567118,2074.8
4523470666,3044755215,2097.4
4523470668,4523470682,1920.0
4523470670,1880400488,3284.1
4523470672,8198567118,1674.5
4523470675,8198567118,1948.6
4523470677,4523470682,2099.7
4523470679,3044755215,2931.1
4523470680,1233322729,3102.2
4523470682,4523470682,0.0
4523470684,8198567118,1933.4
4523470688,3501002866,3809.8
4523471893,4523470682,2084.4
4523471894,3501002866,1202.9
4523471898,4523470682,2238.1
4523471901,3044755215,2141.1
4523471902,1880396007,2348.2
4523471905,3501002866,3253.5
4523471907,3501002866,3550.2
4523471908,1233322729,2400.1
4523471915,8198567118,1634.2
4523471917,4523470682,1953.5
4523471919,4523470682,1724.2
4523471920,3501002866,1651.8
4523471923,8198567118,2087.6
4523471928,4523470682,1376.2
4523471930,1233322729,3261.3
4523471931,3501002866,1183.5
4523471932,3501002866,2707.5
4523471933,3501002866,3923.2
4523487468,7178880041,3027.7
4523487471,1233322729,1359.4
4523487472,1233322729,3558.7
4523487473,3044755215,3188.1
4523487474,7178880041,4129.8
4523487475,7178880041,3257.8
4523487476,1233322729,1884.0
4523487477,1233322729,1901.3
4523487692,7178880041,3768.7
4523487693,3044755215,2234.7
4523487699,1233322729,1921.0
4523487708,1233322729,2000.9
4523487709,7178880041,3378.3
4523487712,1233322729,1372.4
4523487714,1233322729,2591.1
4523487725,1233322729,611.1
4523487728,1233322729,1959.5
4523487731,1233322729,638.9
4523487732,1233322729,1967.2
4523487738,1233322729,2536.8
4523487745,7178880041,3201.4
4523487748,7178880041,3234.1
4523487750,3501002866,2967.4
4523487752,1233322729,3871.4
4523487757,1233322729,1339.9
4523487765,1233322729,1920.3
4523487779,1233322729,1968.1
4523487782,3044755215,3284.9
4523487785,3044755215,3073.6
4523487788,1233322729,1989.4
4523487795,1233322729,2404.0
4523487801,7178880041,3455.4
4523487806,1233322729,2393.1
4524689850,4541277493,2792.3
4524689852,4541277493,2627.5
4524689853,1212025348,999.6
4524689854,4541277493,2386.7
4524689857,4181217433,1169.7
4524689858,1212025348,1688.0
4524689865,7227625036,1318.4
4524689870,4181217433,1530.3
4524689873,4541277493,3041.5
4524689876,4181217433,3398.2
4524691291,1212025358,1975.6
4524691292,4181217433,3797.3
4524691295,4541277493,1929.3
4524691298,4181217433,2021.2
4524691301,4541277493,3316.7
4524691303,1212025348,553.4
4524691317,4541277493,406.8
4524691323,4541277493,3860.9
4524691326,4541277493,564.8
4524691327,4541277493,1827.4
4524691330,4541277493,3300.6
4524691343,4541277493,1547.3
4524691344,4541277493,1242.8
4524691360,4541277493,1539.3
4524691373,1212025348,1424.7
4524691379,1212025358,1904.6
4524691384,7227625036,3807.6
4524691387,4181217433,1203.9
4524691390,4541277493,1434.3
4524691392,4541277493,2353.2
4524691394,1212025348,1287.3
4524691404,4541277493,897.5
4524691408,3501002866,6792.2
4524691413,4541277493,3216.8
4524691418,4541277493,1035.5
4524691424,9208010658,7894.1
4524691428,1212025348,1415.4
4524691433,1212025383,2250.3
4524691444,4541277493,1018.4
4524691448,4541277493,2792.0
4524691449,4541277493,1436.3
4524691456,4181217433,4193.1
4524691462,4181217433,1214.5
4524691464,4541277493,906.8
4524691470,3501002866,6285.8
4524691475,4541277493,1288.2
4524691477,4541277493,2313.7
4524691480,4541277493,1934.0
4524691482,4541277493,2623.0
4524791219,1814651166,8359.9
4524791224,9208010658,3685.5
4524791227,7227625036,2962.0
4524791231,7227625036,3480.5
4524791274,7227625036,3876.6
4524791279,1814651166,10557.7
4524791398,1814651166,6697.1
4524791413,9208010658,2922.7
4524791425,7227625036,4143.1
4524791455,4742253048,5541.0
4524791460,8358666767,3377.2
4524791462,9208010658,3328.1
4524791476,7227625036,4010.7
4524874168,1233322729,4984.5
4524874179,4050649085,1272.5
4524874185,4050649085,2643.6
4524874187,12841249641,755.3
4524874593,1233322729,4905.4
4524874620,-1,-1.0
4524874629,11176160735,1488.4
4524874649,4050649085,1742.8
4524874670,1233322729,9098.4
4524874681,4050649085,1349.9
4524874682,1212025348,2004.4
4524874695,1233322729,3949.3
4524874696,11176160735,1316.7
4524874699,11176160735,1412.5
4524874706,1233322729,4541.1
4524874715,1233322729,4547.9
4524874747,1212025348,1705.4
4524874766,11250185933,4693.5
4524874823,1212025358,874.0
4524874824,1212025358,14.3
4524874843,11176160735,1369.2
4524874856,-1,-1.0
4524874889,11176160735,1358.8
4524874905,4050649085,2002.4
4524874906,1212025358,452.6
4524874917,1233322729,4875.1
4524874920,4050649085,1367.5
4524874930,4050649085,1284.6
4524874948,1233322729,2811.2
4524874949,1233322729,3978.9
4524874950,1233322729,3162.1
4524882310,9208010658,2909.5
4524882339,-1,-1.0
4524882371,9208010658,2299.4
4524882373,9208010658,1722.1
4524882381,9208010658,2033.4
4524882493,9208010658,2946.4
4524882503,9208010658,6174.4
4524882504,9208010658,2959.0
4524882513,9208010658,1961.7
4524882572,9208010658,1766.6
4525399227,9208010658,5795.9
4525399237,2457603193,6508.6
4525399238,2457603193,6525.3
4525399269,2457603193,6886.9
4525399299,2457603193,6291.7
4525399319,9208010658,3240.3
4525399322,4525399322,0.0
4525399332,2457603193,8497.2
4525399357,2457603193,8471.7
4525399362,4525399322,820.0
4525399456,2457603193,6469.1
4525399457,9208010658,5745.1
4525429395,12463139050,4537.0
4525429415,2457603193,7760.5
4525429491,2457603193,8148.0
4525429500,2457603193,8746.4
4525429544,12463139050,2658.8
4525429608,2457603193,8112.7
4525429631,12463139050,2308.3
4525429646,2457603193,8879.2
4525429680,2457603193,8851.7
4525429681,2457603193,8484.5
4525429684,2457603193,8186.0
4525449183,2457603193,6629.2
4525449190,2457603193,7342.5
4525449205,2457603193,7608.5
4525449208,12463139050,989.8
4525449211,2457603193,10281.3
4525449228,2457603193,6052.8
4525449230,2457603193,8183.2
4525449346,2457603193,6615.4
4525449372,2457603193,6997.2
4525449376,2457603193,7730.1
4528317379,7227625036,4263.9
4532811147,12463139050,2293.3
4532811148,12463139050,2351.1
4532847760,2457603193,9109.0
4532847767,2457603193,8045.7
4532847769,2457603193,7577.6
4532847959,2457603193,13834.8
4532854685,2457603193,8407.5
4532854686,2457603193,7908.0
4532854688,2457603193,8355.0
4532855292,2457603193,8772.8
4532855293,2457603193,8482.6
4532890405,2457601089,2278.9
4532890410,2457601089,2515.4
4532890413,2457601089,3523.6
4532890418,2457601089,3036.2
4532890421,2457601089,3697.4
4532910574,4050649085,1969.3
4532970302,3501002866,1065.6
4532970303,3501002866,1085.8
4532970304,3501002866,395.5
4532970328,3501002866,830.9
4532970329,3501002866,713.3
4532970330,3501002866,284.1
4532970378,3501002866,666.1
4532970379,3501002866,547.5
4532970412,1233322729,1893.7
4532970413,1233322729,1994.5
4532987094,12841249641,3973.9
4532987099,12841249641,3868.2
4532987110,12841249641,3520.9
4532987111,12841249641,2892.7
4532987112,12841249641,2699.0
4532987141,4540338550,1501.9
4533346268,4181217433,1961.6
4534553725,7295164908,237.3
4534553726,7295164908,370.0
4534553728,-1,-1.0
4534666335,8197771709,2467.4
4534666336,8197771709,1905.0
4534666342,3030038002,2387.7
4534666347,3030038002,2345.0
4534666349,3030038002,1905.2
4534666359,9487411571,4105.4
4534666367,7295164908,4767.8
4534666383,9487411571,4707.7
4534667098,7295164908,4883.1
4534667106,9487411571,2728.3
4534667110,9487411571,3680.1
4534667112,9487411571,4707.4
4534667116,7295164908,4045.4
4534667117,7295164908,4615.0
4534667120,7295164908,2024.8
4534667139,7295164908,4698.3
4534667142,7295164908,4803.0
4534667157,7295164908,3364.8
4534712534,4742253048,8129.6
4534712540,-1,-1.0
4534712558,4742253048,4729.0
4534772652,7295164908,301.5
4534772656,8197771709,183.9
4534772674,7614809187,509.3
4534772676,7614809187,495.3
4534772800,9424855173,2040.0
4534772814,3030038002,1361.3
4534772843,8197771709,1819.7
4534772857,8197771709,1272.3
4534772863,8197771709,1297.3
4534772875,7614809187,521.4
4534772881,7614809187,931.9
4534772989,7295164908,2392.8
4534772995,8197771709,1305.8
4534773012,8197771709,1006.0
4534773028,-1,-1.0
4534773029,8197771709,547.1
4534773031,8197771709,1280.4
4534773033,7295164908,342.7
4534773195,9424855173,2049.4
4534773219,7614809187,535.8
4534773222,8197771709,816.4
4534773223,3030038002,1664.3
4534773224,3030038002,1383.9
4534773227,8197771709,825.7
4534773247,7295164908,277.0
4534773267,3030038002,30.9
4534773274,7295164908,1751.4
4534895081,9208010658,5521.5
4534895082,12463139050,1900.0
4534895087,11733956990,3016.3
4534895089,12463139050,1820.7
4534895093,12463139050,1718.1
4534895105,12463139050,7821.2
4534895110,12463139050,7951.7
4534895111,12463139050,7908.5
4534895116,12463139050,8005.1
4534945182,2457603193,5528.3
4534945183,2457603193,8132.0
4534945186,2457603193,8500.0
4534945187,2457603193,8558.4
4534945196,2457603193,6961.1
4534945197,2457603193,7138.1
4534945198,2457603193,7001.9
4534945208,9208010658,1805.2
4534994332,2457603193,10091.9
4534994334,12463139050,6173.9
4534994335,2457603193,9953.4
4534994348,2457603193,8194.5
4534994349,2457603193,10380.2
4534994354,2401390759,1297.9
4534994360,2457603193,9526.8
4534994364,10080986063,2909.3
4534994388,10080986063,2884.7
4534994697,4742253048,1584.9
4534994698,10080986063,2659.2
4534994699,4742253048,1363.2
4534994703,4742253048,1938.3
4534994727,2457603193,14329.5
4534994733,2457603193,10099.1
4534994738,2457603193,7733.4
4534994740,2457603193,8859.5
4534994757,2457603193,10060.2
4534994773,2457603193,10544.6
4534994780,2457603193,10426.9
4534994796,10080986063,3101.5
4534994797,12463139050,2708.8
4534994800,2457603193,10706.2
4534994833,4742253048,2480.3
4534994841,2457603193,10083.5
4534994846,4742253048,763.8
4534994864,4742253048,1394.1
4534994865,10080986063,3051.8
4534994866,12463139050,7448.6
4534994867,2457603193,10415.0
4534994886,10080986063,3019.8
4534994889,12463139050,1831.0
4534994913,10080986063,3134.4
4534994915,2401390759,1185.7
4534994922,2457603193,10104.7
4534994932,4742253048,735.9
4534994946,10080986063,3052.8
4534994951,2457603193,9486.5
4534994954,2457603193,10434.0
4534994956,4742253048,1421.1
4534994969,10080986063,3350.1
4534994997,4742253048,1354.3
4534995006,2457603193,10255.8
4534995013,4742253048,739.4
4534995020,2457603193,10890.0
4534995022,2401390759,666.6
4534995043,4742253048,524.5
4534995046,2457603193,10861.4
4534995055,12463139050,1846.6
4534995069,4742253048,776.4
4534995074,2457603193,10845.7
4534995076,2457603193,10856.1
4534995083,2457603193,9497.0
4534995089,2457603193,9516.4
4534995096,10080986063,3260.9
4534995103,2457603193,9271.3
4534995104,2457603193,8904.3
4534995108,2457603193,10246.9
4534995115,4742253048,2829.4
4534995118,2457603193,10073.4
4534995120,2457603193,11466.0
4534995142,2457603193,7262.3
4534995152,2457603193,11182.0
4534995164,12463139050,6190.8
4534995181,2457603193,9979.3
4534995291,2457603193,8532.1
4535043715,2457603193,2487.8
4535043725,2457601089,3985.3
4535043726,2457601089,3658.9
4535043730,2457601089,3696.5
4535043734,2457601089,6716.0
4535043736,2457601089,6532.5
4535081777,1212025383,754.7
4535081779,1212025383,901.0
4535081782,1212025383,492.5
4535082610,1212025358,614.5
4535082611,1212025358,524.3
4535082613,1212025358,460.8
4535082614,1212025358,1894.3
4535082615,1212025358,1838.7
4535082616,1212025358,1479.4
4535082617,1212025358,2935.0
4535099585,4523470682,647.8
4535099586,4523470682,497.6
4535099587,4523470682,130.0
4536372800,3044755109,2544.4
4537595042,7295164908,1789.0
4537595044,7295164908,2541.1
4537595084,7295164908,3345.0
4537595420,9487411571,5797.9
4537595478,7295164908,3731.9
4537595485,7295164908,5293.1
4537595494,7295164908,4548.4
4537595505,-1,-1.0
4537615877,4742253048,7779.6
4537626338,4742253048,7672.0
4537626495,4742253048,7612.0
4539343757,3541539575,3201.0
4539343759,10080986063,501.2
4539343771,3541539575,157.2
4539343775,1290395232,2144.0
4539343777,2482884829,2051.1
4539343781,13369051339,2397.8
4539343786,3541539575,2865.6
4539343788,13778138440,2257.2
4539344291,9933767027,812.8
4539344292,2482884829,1608.7
4539344296,3541539575,2940.5
4539344307,2401177369,1479.3
4539344310,3541539575,3152.2
4539344313,3541539575,2374.2
4539344315,2401177369,1112.8
4539344316,3541539575,2355.9
4539344319,2482884829,1926.3
4539344321,10080986063,433.2
4539344325,10080986063,498.3
4539344333,9933767027,796.4
4539344341,3541539575,2971.5
4539344344,13369051339,2112.9
4539344348,3541539575,3348.0
4539344353,1290395232,2105.5
4539344357,2482884829,1405.6
4539344359,3541539575,2805.1
4539344360,2482884829,1714.7
4539344363,3541539575,140.0
4539344369,2482884829,1566.1
4539344372,10080986063,3530.9
4539344375,3541539575,1902.0
4539344380,13778138440,2210.1
4539344388,3541539575,3240.9
4539344390,10080986063,655.0
4539344395,3541539575,3407.2
4539344402,2401177369,949.7
4539344406,2482884829,1209.8
4539344411,2482884829,1670.6
4539344415,2482884829,1829.7
4539344422,3541539575,2047.9
4539344423,3541539575,2871.6
4539344424,1290395232,2056.4
4539344432,3541539575,3082.7
4539344434,2401177369,1487.5
4539344439,2401177369,1681.8
4539344443,13778138440,1999.2
4539344453,13778138440,1468.2
4539344454,3541539575,104.5
4539344457,3541539575,2306.5
4539344459,1290395232,2095.2
4539353913,4523470682,3422.6
4539353916,7157578628,1302.2
4539353919,7178880041,3599.4
4539353922,7157578628,1442.8
4539353923,3501002866,3601.4
4539353925,4523470682,2878.5
4539426485,12247625066,1781.3
4539426488,7157578628,1205.2
4539426607,7157578628,1227.3
4539426639,7157578628,1274.8
4539426644,3367156838,1257.5
4539426650,1887828574,1911.2
4539426660,7157578628,1260.0
4539426664,3367156838,1241.1
4539465296,3044755215,1280.7
4539465301,3044755215,3147.9
4539465305,3044755215,1863.6
4539844094,1233322729,4011.1
4539844575,1233322729,3693.6
4539844578,11250185933,6608.0
4539844583,3044755215,4107.1
4540132015,11176160735,2155.2
4540132016,11176160735,2673.8
4540132020,11250185933,4202.5
4540132054,11250185933,5834.3
4540133293,11250185933,3420.5
4540133295,11250185933,3036.2
4540133306,11176160735,2539.5
4540133307,11176160735,2314.7
4540133313,11250185933,4393.4
4540133321,11176160735,2149.8
4540133330,11250185933,4885.2
4540133337,11176160735,1940.3
4540133339,11250185933,2113.3
4540133341,11250185933,2572.5
4540133345,11176160735,3713.0
4540133350,11250185933,3403.6
4540133381,11176160735,1969.2
4540133407,4050649085,2225.7
4540133425,11176160735,2134.3
4540133438,11176160735,1509.0
4540133448,11176160735,944.2
4540133485,11176160735,1623.5
4540133500,11176160735,3596.9
4540133502,11176160735,3443.9
4540133509,11176160735,2654.5
4540133530,11176160735,2406.2
4540133545,11176160735,2148.7
4540133551,11250185933,2417.5
4540133566,4050649085,3123.8
4540133595,11176160735,1770.4
4540133602,11176160735,2152.0
4540133606,11176160735,2557.1
4540133609,11176160735,2703.9
4540133614,11250185933,4222.7
4540133615,3822225896,2797.1
4540133617,11176160735,2291.4
4540133638,3822225896,2285.6
4540133640,4050649085,2204.9
4540133644,4050649085,1770.1
4540133654,11176160735,1956.1
4540133655,11176160735,2857.4
4540133669,11176160735,1864.1
4540133671,11176160735,2992.7
4540133703,11250185933,4227.0
4540234732,13747437765,833.1
4540234733,13747437765,1444.8
4540234734,9487411581,889.5
4540234735,13747437765,587.6
4540234755,9487411581,1096.3
4540234760,9487411581,876.3
4540234761,9487411581,618.5
4540235196,9487411581,2197.6
4540235200,9487411571,2566.5
4540235201,9487411581,1977.8
4540235207,9487411581,2466.4
4540235221,9487411581,1664.8
4540271829,11250185933,2797.0
4540338059,12247625066,1107.8
4540338071,5343198036,2681.9
4540338074,3044755109,1315.7
4540338082,3822225896,3780.8
4540338489,4540338550,1124.5
4540338490,3822225896,3880.1
4540338496,3044755109,2195.2
4540338500,3822225896,3163.7
4540338501,3044755109,1155.4
4540338507,3822225896,4663.7
4540338508,3044755109,1272.9
4540338518,3044755109,1593.7
4540338520,4050649085,1312.9
4540338534,3044755109,1636.3
4540338540,4540338550,632.8
4540338550,4540338550,0.0
4540338559,4540338550,1657.8
4540338563,3822225896,4335.6
4540338566,4540338550,592.7
4540338579,4540338550,657.0
4540338593,3044755109,1516.8
4540338594,3044755109,1536.4
4540338595,3734092008,641.5
4540338596,3822225896,4462.2
4540338598,3822225896,4256.2
4540338607,3044755109,737.9
4540338608,3044755109,1594.0
4540338610,3044755109,1885.2
4540338617,3044755109,1479.1
4540338618,3044755109,2119.0
4540338627,3822225896,4162.1
4540338630,3044755109,753.7
4540338634,4540338550,686.9
4540338637,3044755109,1198.7
4540338642,3822225896,1906.1
4540338644,3822225896,4835.2
4540338645,3822225896,2409.3
4540338647,3822225896,3543.2
4540338650,4050649085,1827.9
4540472539,8358666767,1816.1
4540472541,3541539575,122.9
4540472545,8358666767,2723.5
4540472547,8358666767,2747.7
4540472571,9208010658,1738.7
4540472572,9208010658,1724.7
4540472577,9208010658,1273.7
4540472578,9208010658,1286.5
4540472579,9208010658,1296.0
4540474320,9487411571,2652.7
4540474321,9487411571,3380.4
4540474322,9487411571,4102.9
4540474323,9487411571,4823.2
4540474331,9487411571,4490.7
4540474332,9487411571,5359.8
4541276609,9208010658,12237.1
4541276621,1212025348,1363.5
4541276628,4541277493,1624.9
4541276631,4541277493,1482.8
4541276640,1212025348,960.2
4541276653,4541277493,2743.6
4541276684,1212025348,1338.5
4541277401,4541277493,1693.1
4541277403,4541277493,2242.1
4541277453,4541277493,1366.7
4541277467,4541277493,1352.1
4541277470,4541277493,1339.6
4541277471,4541277493,716.8
4541277473,4541277493,1616.2
4541277476,1212025358,2766.2
4541277490,4541277493,1571.4
4541277492,9208010658,14336.8
4541277493,4541277493,0.0
4541277501,4541277493,1656.9
4541277505,4541277493,881.2
4541277517,1212025348,1533.1
4541277562,7227625036,4688.3
4541277568,1212025348,1413.1
4541277569,1212025348,916.1
4541277581,4541277493,602.6
4541277590,4541277493,2367.1
4541277608,4541277493,2017.2
4541277614,1212025348,2005.0
4541277620,4541277493,2694.6
4541277629,4541277493,1646.5
4541277661,4541277493,1548.5
4541277669,1212025348,989.3
4541277683,4541277493,2053.9
4541277707,4541277493,2758.5
4541277719,1212025348,2178.3
4541277760,1212025358,2796.1
4541277766,1212025348,1729.2
4541277767,4541277493,1605.4
4541277779,1212025358,1535.1
4541277784,1212025358,1260.5
4541277892,1212025348,1402.1
4541277898,4541277493,1394.4
4541277899,4541277493,1776.8
4541277909,4541277493,2114.7
4541277911,4541277493,1405.7
4541277960,4541277493,1749.9
4541277967,1212025348,1534.0
4541278092,4541277493,1537.7
4541278096,4541277493,647.8
4541278101,4541277493,692.8
4541278127,1212025348,2474.5
4541278130,4541277493,1321.7
4541278148,4541277493,1644.7
4541278171,1212025348,1451.5
4541278306,1212025348,1450.4
4541278308,7227625036,3349.4
4541278338,4541277493,1043.2
4541278361,9208010658,10660.5
4541278379,-1,-1.0
4541278385,4541277493,1712.7
4541278501,7227625036,3311.8
4541278504,1212025348,1800.7
4541278505,4541277493,854.2
4541278508,4541277493,843.5
4541278512,4541277493,1453.5
4541278514,4541277493,2123.2
4541278519,7227625036,3325.8
4541460508,9520799127,587.9
4541460566,3584782896,2712.6
4541460767,3584782896,4277.4
4541460914,3584782896,3493.9
4541460981,11176160735,1839.5
4541644163,8358666767,1549.1
4541689039,1212025348,2166.7
4541689064,7227625036,1950.3
4541689067,7227625036,1261.0
4541689081,7227625036,3448.3
4541689891,8358666767,4134.8
4541697549,3501002866,2377.7
4541698702,5325050705,3223.8
4541698712,4181217433,2708.5
4542896310,7295164908,3378.8
4544864897,1148754930,1918.0
4544864903,1148754930,2331.1
4565554181,12463139050,1799.2
4580519154,1150768887,2708.3
4644139100,1290395232,1249.7
4644139102,1290395232,1574.5
4644139103,1290395232,1889.4
4644139106,1148754930,2064.7
4644139109,1290395232,1986.4
4644139110,1148754930,1833.3
4644139111,1290395232,1927.7
4644139112,1290395232,2172.9
4644139113,1290395232,2379.3
4644139115,1290395232,2403.6
4644139121,1290395232,843.0
4644139130,1290395232,1515.2
4703442133,12841249641,2038.6
4703442135,12841249641,4074.9
4703442136,12841249641,1676.7
4703442140,12841249641,3510.9
4703618035,12841249641,934.0
4703618036,12841249641,1267.3
4703618037,12841249641,997.9
4703618038,12841249641,1009.9
4703618039,12841249641,954.7
4714717963,12381917927,2317.2
4714717966,12381917927,2260.9
4725421669,2401177369,1189.4
4736395736,11176160735,2710.0
4736395743,11176160735,1861.4
4736395747,11176160735,2914.9
4736395751,11176160735,2961.0
4736395756,11176160735,2946.8
4736395757,11176160735,2851.8
4736395764,3822225896,2737.0
4736395765,3822225896,3298.5
4736395770,11176160735,2865.0
4736395772,3822225896,2515.5
4736395776,11176160735,2421.5
4736395785,11176160735,1897.3
4736395790,11176160735,1623.4
4736395792,11176160735,838.5
4736395796,3822225896,2029.9
4736395799,3822225896,2262.6
4736395809,11176160735,3029.7
4736395820,3822225896,3479.2
4736397129,11176160735,3019.6
4736397132,11176160735,2900.8
4736397134,3822225896,2811.6
4736397136,11176160735,3056.9
4736397137,11176160735,2854.5
4736397139,11176160735,2773.5
4736397140,11176160735,2634.9
4736397141,11176160735,2361.2
4736397142,3822225896,2520.1
4736397143,11176160735,2841.6
4736397144,11176160735,2566.3
4736397156,3822225896,2047.4
4736397157,3822225896,2339.6
4736397162,3822225896,2511.0
4736397164,3822225896,2270.2
4736397166,3822225896,1043.7
4736397167,3822225896,1656.3
4736397168,3822225896,1803.8
4736397170,3822225896,902.5
4736397171,3822225896,1304.5
4736397172,3822225896,1409.3
4736397173,3822225896,1565.7
4736397186,11176160735,3073.2
4736397187,11176160735,2805.1
4736397189,3822225896,3325.4
4737495304,4050649085,2613.6
4737499993,11176160735,1467.8
4737499997,11176160735,1408.9
4737499998,11176160735,1448.5
4739304746,3822225896,2172.9
4739304747,3822225896,2438.0
4739304749,3822225896,2740.8
4739304750,3822225896,2901.7
4739304751,3822225896,2888.9
4739304754,11176160735,3501.7
4739304756,11176160735,3219.3
4739304757,11176160735,3088.7
4739304758,3822225896,3087.6
4739304759,11176160735,1601.6
4739304761,11176160735,1414.1
4739304762,11176160735,1372.8
4739304763,3822225896,511.0
4739304765,3822225896,384.6
4739304773,3822225896,1558.2
4739304777,3822225896,523.6
4739304789,3822225896,470.7
4739304792,3822225896,546.3
4739304793,3822225896,656.2
4739304812,3822225896,741.5
4741651072,8358666767,1356.8
4741651094,8358666767,2763.4
4741651100,8358666767,1895.1
4741651103,8358666767,304.9
4741651119,8358666767,2367.8
4741652422,8358666767,1225.8
4741652440,8358666767,867.9
4741652445,8358666767,2021.0
4741652447,8358666767,1910.5
4741652450,8358666767,1217.8
4741652453,8358666767,2216.4
4741652455,8358666767,2317.0
4741696249,2401122715,1055.7
4741696262,2401122715,1708.0
4741696267,2401122715,938.8
4741696280,2401122715,1063.5
4741696294,2401122715,1037.1
4741696296,2401122715,1001.5
4741696300,2401122715,1703.0
4741696307,2401122715,1022.1
4741696314,2401122715,1725.4
4741696317,2401122715,1021.2
4741696422,2401122715,1087.6
4741713789,7157578628,952.1
4741713798,7157578628,1256.5
4741734913,12247625066,1318.8
4741734917,3367156838,1367.5
4741734918,4050649085,1529.2
4741736323,12247625066,1352.3
4741736332,4050649085,756.5
4741736333,4050649085,1108.0
4741736334,4050649085,1808.5
4741736336,7157578628,1507.6
4741736339,12247625066,1158.9
4741736344,3367156838,1606.8
4741736348,3367156838,1809.2
4741736351,3367156838,1528.9
4741736360,12247625066,1330.7
4741736367,4050649085,1431.6
4741736376,-1,-1.0
4741736387,12247625066,1757.9
4741736394,7157578628,1730.1
4741736395,4050649085,1838.7
4741736397,3367156838,1751.3
4741736405,7157578628,1659.4
4741736411,12247625066,1170.2
4741736414,3367156838,1508.7
4742252589,2482884829,2545.5
4742252600,10080986063,3073.2
4742252602,4742253048,1101.8
4742252604,4742253048,3429.1
4742252608,4742253048,3128.9
4742252615,10080986063,3064.0
4742253030,4742253048,1619.1
4742253048,4742253048,0.0
4742253053,4742253048,292.0
4742253058,4742253048,4636.5
4742253060,4742253048,2517.8
4742253061,4742253048,3874.1
4742253063,4742253048,4664.8
4742253066,4742253048,1269.1
4742253067,4742253048,4538.7
4742253069,4742253048,4057.6
4742253082,4742253048,4494.3
4742253084,4742253048,3977.0
4742253086,4742253048,4906.9
4742253087,4742253048,2929.9
4742253089,4742253048,3059.7
4742253096,4742253048,3035.8
4742253110,4742253048,2749.5
4742253111,4742253048,5831.1
4742253121,4742253048,4692.3
4742253122,4742253048,3107.5
4742253142,4742253048,2227.1
4742253143,2482884829,2827.3
4742253153,4742253048,1558.5
4742253154,-1,-1.0
4742678831,2482884829,1308.9
4742678832,3541539575,1711.3
4742678835,2482884829,2267.5
4742678840,3541539575,2252.1
4742678847,3541539575,1807.9
4742678850,3541539575,2547.4
4742678851,13778138440,2258.0
4742678853,2482884829,442.6
4742678856,2482884829,607.4
4742678862,13778138440,1634.2
4742678867,2482884829,390.3
4742678869,2482884829,1448.5
4742678870,2482884829,1422.0
4742678871,2482884829,1576.5
4742678880,13778138440,2104.6
4742678881,3541539575,2065.4
4742678882,13778138440,1640.9
4742678884,13778138440,1537.1
4750189175,1290395232,2437.4
4767722410,2401122715,1469.0
4769398247,11176160735,2443.1
4769398248,11176160735,2373.4
4769398249,11176160735,2838.0
4769398257,11176160735,2467.2
4769398260,3822225896,1270.6
4774047270,3822225896,1072.9
4774047271,3822225896,1147.6
4775191316,13747437765,973.1
4775191317,13747437765,958.9
4796325177,8358666767,2427.6
4806115390,1814651166,3098.1
4806115391,1814651166,2913.2
4806115392,1814651166,2306.7
4806115394,1814651166,2964.0
4806115397,1814651166,2751.2
4806115398,1814651166,3072.2
4806115399,1814651166,3495.8
4806115401,1814651166,3424.2
4806115413,1814651166,4066.5
4806115414,1814651166,4235.7
4806115416,1814651166,4003.2
4806115418,1814651166,3880.9
4806115419,1814651166,3766.1
4806115420,1814651166,4073.2
4807101957,1814651166,4643.3
4807101962,1814651166,3767.9
4807101976,1814651166,3820.2
4807101977,1814651166,4012.1
4807101979,1814651166,3722.4
4807101980,1814651166,3378.4
4807101981,1814651166,3534.7
4807102000,1814651166,3908.1
4807102001,1814651166,3949.5
4807102322,1814651166,4500.2
4807102324,1814651166,4410.3
4807102327,1814651166,3996.5
4807102328,1814651166,4190.9
4807102329,1814651166,3832.6
4807102330,1814651166,3891.7
4807102331,1814651166,4034.3
4807108540,1814651166,4500.3
4807241917,1814651166,4009.0
4807241918,1814651166,4103.6
4807242030,1814651166,3551.0
4807242031,1814651166,3628.8
4807242032,1814651166,3205.4
4807242092,1814651166,4241.9
4807242093,1814651166,4255.3
4807242095,1814651166,3653.7
4807242104,1814651166,2297.3
4807265693,1814651166,1606.3
4807265712,-1,-1.0
4807268931,1814651166,7156.5
4807268939,1814651166,6299.3
4807859874,1814651166,2921.3
4807859875,1814651166,2697.9
4807859897,1814651166,3040.6
4807859899,1814651166,3146.7
4834257052,12247625066,1735.3
4834257054,12247625066,1666.9
4834257057,12247625066,1732.2
4834257077,1887828574,3313.3
4834257083,1887828574,3340.0
4834257091,1887828574,3355.1
4834257092,1887828574,3302.3
4834257094,1887828574,3259.9
4834257097,1887828574,3427.8
4834257098,1887828574,3289.6
4834845065,1459170126,4629.6
4834845069,7295164908,4687.4
4834845070,1459170126,4243.8
4834845072,1459170126,3921.2
4834845097,7295164908,4280.8
4834845107,9487411571,4399.4
4834845114,9487411571,4705.9
4834845129,7295164908,3949.3
4834845137,9487411571,3900.3
4834845151,9487411571,1685.0
4834845170,9487411571,4475.5
4834845172,7295164908,2735.8
4834845178,7295164908,2719.5
4834845193,9487411571,4492.6
4834845202,9487411571,3536.2
4834845211,9487411571,2740.2
4834845218,9487411571,3666.5
4834845219,9487411571,3219.0
4834845221,9487411571,3300.6
4834845223,9487411571,4115.6
4834845225,9487411571,3124.7
4834845231,9487411571,2132.6
4834845232,9487411571,2126.6
4834845246,7295164908,5007.1
4834845250,7295164908,4686.0
4834845261,7295164908,2312.3
4834845275,7295164908,2118.2
4834845276,7295164908,2033.7
4834845314,7295164908,3295.3
4835000346,12247625066,2802.8
4835000364,12247625066,2357.8
4835911365,1459170126,3301.2
4835911366,1459170126,3044.8
4835911373,1459170126,2787.5
4835911376,1459170126,3210.9
4835986316,13747437765,861.6
4835986320,9487411571,1413.1
4835990023,13747437765,1461.7
4835990033,9487411571,816.3
4835990043,9487411571,2248.1
4835990044,9487411571,1979.8
4835990052,9487411571,1756.4
4835990064,9487411571,3552.9
4835990077,9487411571,844.8
4835990079,13747437765,1436.5
4835990080,9487411581,895.7
4835990094,13747437765,729.1
4835990099,9487411581,634.0
4835990229,9487411571,4679.5
4835990230,9487411571,5182.5
4835990231,9487411571,5027.2
4835990232,9487411571,5060.3
4835990233,9487411571,4462.7
4835990234,9487411571,5030.3
4835990235,9487411571,4685.6
4835990237,9487411571,4866.9
4835990238,9487411571,3577.8
4835990245,9487411571,4589.2
4835990257,9487411571,5353.2
4835990270,7295164908,5889.4
4835990271,7295164908,5791.4
4835990272,9487411571,6133.4
4835990273,9487411571,5671.5
4835990274,7295164908,6204.9
4835990275,9487411571,6063.9
4835990276,9487411571,5630.1
4835990277,9487411571,5325.0
4835990279,9487411571,5232.5
4835990280,9487411571,6045.3
4835990282,7295164908,4323.6
4835990285,7295164908,4320.1
4835990286,7295164908,4202.1
4835990288,7295164908,4828.7
4835990290,7295164908,5033.5
4835990291,7295164908,5907.5
4835990292,9487411571,6464.3
4835990293,9487411571,4837.5
4835990295,9487411571,5198.9
4835990296,9487411571,6636.1
4835990297,9487411571,2979.7
4835990298,9487411571,3798.6
4835990299,9487411571,3484.5
4835990300,9487411571,3010.2
4835990302,9487411571,4009.9
4835990303,9487411571,5091.8
4835990304,9487411571,5469.9
4835990305,9487411571,5108.7
4835990306,9487411571,4936.9
4835990307,9487411571,4426.2
4835990309,9487411571,5070.8
4835990310,9487411571,4625.7
4835990311,9487411571,4483.9
4835990312,9487411571,4035.3
4835990313,9487411571,3646.8
4835990314,9487411571,3823.7
4835990315,9487411571,3252.8
4835990316,9487411571,2848.4
4835990317,7295164908,4244.9
4835990318,7295164908,5286.7
4835990320,7295164908,5086.2
4835990422,7295164908,4594.8
4835991673,7295164908,4085.9
4836121180,7295164908,3085.7
4836121181,7295164908,3682.2
4836936391,9487411571,4179.2
4836936398,7295164908,4034.4
4836936401,7295164908,3971.6
4836936402,7295164908,4715.6
4836936419,7295164908,3204.8
4836937621,7295164908,3130.4
4846958604,12463139050,5464.8
4846958606,12463139050,5592.3
4846958616,12463139050,5916.3
4846958920,12463139050,5983.7
4846958921,12463139050,5853.5
4846958922,12463139050,5732.4
4846958924,12463139050,4482.5
4847000860,9208010658,6463.3
4847000862,9208010658,6415.3
4847000866,1814651166,8942.7
4847000869,9208010658,6564.2
4847000870,1814651166,6485.7
4847000873,9208010658,6426.4
4847000879,9208010658,6223.2
4847000886,1814651166,6331.3
4847000908,1814651166,9206.5
4847000910,9208010658,3121.3
4847000912,4847000912,0.0
4847114618,2457603193,5456.7
4847114619,2457603193,5475.6
4847114620,2457603193,6020.0
4847114921,2457603193,6027.7
4847114922,2457603193,6593.4
4847114924,2457603193,8652.1
4847114999,2457603193,10272.7
4847115013,2457603193,9733.3
4847115016,2457603193,10313.4
4847115121,2457603193,10083.1
4847115122,2457603193,10677.4
4847115152,-1,-1.0
4847115174,2457603193,5953.7
4847164358,2457603193,12181.7
4847164359,2457603193,12771.2
4847164360,2457603193,13331.9
4847164361,2457603193,13409.9
4847164362,2457603193,14067.5
4847164368,2457603193,13679.2
4847164369,2457603193,14024.7
4847164371,2457603193,14444.5
4847164374,2457603193,14905.1
4847164377,2457603193,13618.4
4847164401,2457603193,15553.5
4847164407,2457603193,16091.6
4847164410,2457603193,13479.1
4847228187,13369051339,2124.5
4848956856,12463139050,2153.9
4848963452,8358666767,4823.3
4848963920,11880563955,2329.0
4848964027,11880563955,2274.2
4849010172,-1,-1.0
4849010210,-1,-1.0
4849010230,4742253048,4818.8
4849010250,4742253048,5022.7
4849025183,4742253048,4311.7
4849025184,4742253048,3468.2
4849025185,4742253048,3915.8
4849593441,11880563955,2148.7
4849687519,3367156838,3588.0
4849710986,3030038002,3874.3
4850262941,4523470682,1491.7
4850958098,7295164908,3165.1
4850958226,3030038002,1529.3
4850958227,3030038002,1093.3
4850958229,3030038002,569.3
4850958238,3030038002,1390.4
4850958240,3030038002,1409.6
4850958241,3030038002,1722.4
4850958242,3030038002,544.4
4850958250,3030038002,1356.5
4850958252,3030038002,1428.6
4850958256,3030038002,942.9
4850958257,3030038002,972.3
4850958281,8197701278,1383.9
4850958284,8197701278,996.8
4850958288,8197701278,604.9
4850958290,1459170126,715.8
4850958291,1459170126,679.0
4850958294,1459170126,382.4
4850958308,3030038002,2052.3
4850958312,8197701278,1023.6
4850958316,8197701278,556.4
4850958317,8197701278,763.7
4850958321,1459170126,422.9
4850958344,3030038002,1788.1
4850958345,3030038002,1574.3
4850961984,7160849932,1835.4
4850964543,7160849932,3722.7
4850964544,9487411571,3032.0
4850964555,9487411571,3396.4
4850964556,9487411571,4324.8
4858759890,13778138440,2104.9
4858760341,13778138440,2090.7
4860002928,3367156838,1599.1
4860002937,7157578628,1239.0
4860002963,7157578628,1955.5
4860002988,12247625066,2941.4
4860002991,3044755109,3100.0
4860003000,3044755109,3239.4
4860003002,12247625066,2809.2
4860003008,12247625066,3174.1
4860003013,3044755109,3686.1
4860003290,3044755109,3171.1
4860003297,12247625066,3109.6
4860003313,3044755109,3127.0
4860003317,3044755109,2789.1
4860003319,3044755109,3213.2
4860003522,3044755109,2641.5
4860003523,3044755109,2080.6
4860003526,3044755109,2271.1
4860003527,3044755109,2550.0
4864116763,1459170126,1912.4
4864116764,3030038002,2109.2
4864116765,3030038002,1368.3
4864116766,3030038002,2336.7
4864116768,3030038002,2849.4
4864116769,3030038002,2646.4
4864116772,3030038002,3497.7
4864116774,1459170126,2468.1
4864116777,1459170126,2562.4
4864116778,1459170126,2188.9
4864116780,1459170126,2556.3
4864116790,1459170126,2515.5
4864116791,1459170126,2040.9
4864116797,1459170126,2752.4
4864116798,8197701278,1187.6
4864116799,8197701278,1450.1
4864116802,8197701278,1303.6
4864116803,8197701278,1497.8
4870120605,7157578628,872.8
4870120618,1887828574,1377.5
4870152459,1887828574,1118.8
4870152460,1887828574,1305.6
4870152462,1887828574,2374.9
4870152464,1887828574,2372.8
4870152474,1887828574,3616.5
4870152484,1887828574,2189.3
4870152490,1887828574,5143.1
4870152497,1887828574,1462.4
4870152509,1887828574,1015.0
4870152511,1887828574,1051.0
4870152514,1887828574,1185.2
4870153823,1887828574,2189.6
4870153826,1887828574,2154.3
4870153828,1887828574,2311.3
4870153829,1887828574,3451.7
4870153835,1887828574,3738.3
4870153837,1887828574,3632.3
4870153842,1887828574,2898.7
4870153843,1887828574,3775.2
4873221601,1880400488,1755.3
4873221602,1880400488,2695.7
4873221608,1880400488,1559.1
4873221609,1880400488,2513.5
4873221616,1880400488,1742.2
4873221618,1880400488,2556.6
4873564199,4181217433,2280.6
4873674651,9208010658,7572.6
4873674687,9208010658,7001.1
4873674695,9208010658,7337.3
4873674701,9208010658,6916.8
4873685867,9208010658,6808.8
4873685869,9208010658,6749.0
4873730066,9208010658,4938.2
4873730069,9208010658,4756.0
4873730113,9208010658,4695.4
4875277182,2457603193,13459.9
4875277184,2457603193,12311.7
4899642721,4523470682,1397.0
4899642725,4523470682,2031.4
4899643503,4523470682,3258.4
4899656112,4523470682,2513.1
4899656115,4523470682,3149.5
4899656119,4523470682,3246.7
4899657022,4523470682,2655.3
4899657023,3501002866,2301.3
4899657027,3501002866,3162.3
4939256531,7178880041,1751.7
4939256534,7178880041,1834.2
4939256535,7178880041,1929.1
4939256538,7178880041,2065.5
4939256539,7178880041,1898.4
4939256542,7178880041,2428.9
4939256544,7178880041,1872.9
4939256548,4523470682,2407.0
4939256581,7178880041,1651.6
4942991713,7178880041,1755.2
4942999926,7178880041,1359.9
4942999927,7178880041,2130.3
4942999935,7178880041,1249.8
4942999946,7178880041,1572.2
4942999962,7178880041,990.6
4942999963,7178880041,1405.4
4942999967,7178880041,830.9
4942999969,7178880041,1378.5
4942999970,7178880041,1522.5
4942999971,7178880041,3104.7
4942999981,7178880041,2134.7
4942999987,7178880041,2317.7
4942999992,7178880041,1986.4
4942999995,7178880041,2834.5
4943000007,7178880041,2421.6
4943000008,7178880041,2585.4
4943000009,7178880041,2787.5
4943000010,7178880041,2943.0
4943000014,7178880041,3370.6
4943000015,7178880041,1345.9
5000219258,1233322729,1607.9
5000219259,1233322729,1962.5
5058363075,4523470682,439.1
5058363077,4523470682,675.6
5058363080,4523470682,1041.4
5064348745,1814651166,9129.2
5064369542,9208010658,3761.3
5121388658,4742253048,4835.7
5121388663,4742253048,5792.8
5164457618,8358666767,2399.0
5164461573,8358666767,3433.4
5165225436,8358666767,2239.9
5165225460,8358666767,2319.4
5165225478,8358666767,2938.8
5165225483,8358666767,3154.4
5165245449,1215926967,678.8
5167550053,1814651166,7157.9
5167550061,1814651166,7135.0
5167550070,1814651166,7209.4
5175110986,4523470682,1086.6
5175110997,4523470682,828.3
5175111000,4523470682,1119.8
5175111006,4523470682,1590.0
5175111014,4523470682,1234.4
5175111019,4523470682,1472.3
5175111151,4523470682,1446.5
5175111153,4523470682,1204.8
5178930088,9487411581,1657.1
5178930097,7160849932,950.1
5178930145,13747437765,1749.6
5178960088,11880563955,1831.6
5180395767,7227625036,4868.8
5180395789,7227625036,4923.9
5180414409,7227625036,8664.3
5180414413,7227625036,5373.9
5180414420,7227625036,5581.8
5180958605,7160849932,513.3
5180958611,7160849932,1887.3
5180958620,7160849932,661.8
5180959121,7160849932,957.1
5186267841,3030038002,737.8
5186267842,3030038002,789.6
5186267858,3030038002,1209.9
5186267859,3030038002,1154.8
5186267866,3030038002,1493.1
5186267867,3030038002,1639.6
5186267868,3030038002,1293.2
5186267871,3030038002,1403.7
5186267875,1459170126,1627.1
5186267876,1459170126,1517.5
5186267879,1459170126,2123.0
5186267882,1459170126,1874.5
5197391125,1290395232,4367.0
5203198731,7178880041,2733.8
5203198732,7178880041,3110.5
5203198738,7178880041,2231.7
5203198739,7178880041,2494.8
5203198743,7178880041,2982.4
5227950258,7227625036,2460.3
5227950360,7227625036,3398.6
5227950370,1212025348,2995.2
5227950373,1212025348,3570.6
5227950378,1212025348,4967.6
5227950379,1212025348,2919.6
5227950380,1212025348,2948.8
5227950381,1212025348,3019.6
5248725252,5325050705,1436.4
5248725253,5325050705,1471.3
5262354962,2457603193,3081.3
5262354963,2457603193,1158.9
5262354973,2457603193,2679.6
5262354992,2457603193,1234.2
5285129031,1290395232,3737.5
5285129037,1290395232,3698.0
5285129038,1290395232,3644.8
5285129039,1290395232,3655.9
5285129050,1290395232,4241.2
5285129051,1290395232,3822.6
5285129055,1290395232,3491.8
5285129063,1290395232,3496.6
5285129074,1290395232,3658.4
5285129078,1290395232,3504.2
5285129089,1290395232,3282.0
5285129216,1290395232,3469.2
5285129217,1290395232,3446.1
5285129218,1290395232,3327.5
5285129219,1290395232,3168.2
5285129231,1290395232,3363.6
5300641304,7178880041,2207.8
5300641307,8600114950,1287.1
5300641312,4523470682,1398.9
5300641317,4523470682,1340.2
5300643121,7178880041,2356.1
5300643126,7178880041,683.1
5300643127,7178880041,1135.6
5323894264,5325050705,1829.1
5323894265,5325050705,1917.4
5323894267,5325050705,2106.4
5323894269,5325050705,2134.2
5323894270,5325050705,1998.9
5323894272,5325050705,1851.1
5323894273,5325050705,1973.7
5323894274,5325050705,1837.0
5323894287,5325050705,1751.2
5323894288,5325050705,1631.9
5323894292,5325050705,1268.5
5323894295,5325050705,1680.7
5323894298,5325050705,1379.1
5323894299,5325050705,1059.7
5323894301,5325050705,1140.3
5323894302,5325050705,1343.0
5323894303,5325050705,1357.1
5323894305,5325050705,1266.2
5323894306,5325050705,1429.0
5323894320,5325050705,1389.4
5323894621,5325050705,1284.7
5323894623,5325050705,1436.2
5323894624,5325050705,1072.9
5323894626,5325050705,801.2
5323894636,5325050705,1628.2
5323894641,5325050705,1343.3
5323894646,5325050705,1525.8
5323894647,5325050705,1573.7
5323894650,5325050705,1513.7
5323894651,5325050705,1733.3
5323894668,5325050705,1521.4
5323894669,5325050705,1391.9
5323894678,5325050705,2114.3
5323894680,5325050705,2437.7
5324941511,5325050705,1556.9
5324941791,5325050705,1485.6
5324941800,5325050705,2315.1
5325049697,5325050705,866.0
5325049703,5325050705,958.6
5325049704,5325050705,1081.0
5325049705,5325050705,966.1
5325049834,5325050705,1848.4
5325049835,5325050705,2319.3
5325049882,5325050705,1652.0
5325050466,5325050705,2099.4
5325050468,4181217433,2232.7
5325050469,4181217433,2720.1
5325050471,5325050705,2236.3
5325050492,5325050705,2261.7
5325050639,5325050705,2472.2
5325050682,5325050705,1095.6
5325050683,5325050705,82.3
5325050688,5325050705,156.9
5325050690,5325050705,1669.1
5325050694,5325050705,144.6
5325050696,5325050705,1003.3
5325050700,5325050705,1129.0
5325050701,5325050705,99.6
5325050705,5325050705,0.0
5325077198,5325050705,1804.9
5325077199,5325050705,1352.6
5331308864,11176160735,2585.8
5331308877,12247625066,3930.0
5331308887,3367156838,3038.6
5331308890,12247625066,3543.4
5331309732,3367156838,3310.7
5331335544,1887828574,1962.6
5331335550,1887828574,1522.7
5331335585,7157578628,1267.2
5335177714,11775535391,2532.9
5335177717,11775535391,2664.1
5343190972,12841249641,1446.7
5343190974,12841249641,1798.5
5343190976,12841249641,1386.6
5343190977,12841249641,1398.2
5343190978,12841249641,1434.6
5343190979,3044755109,1462.4
5343190981,3044755109,1799.1
5343190982,3044755109,2754.4
5343190985,3044755109,3382.6
5343190990,3044755109,2460.8
5343190991,3044755109,2133.0
5343190992,3044755109,1863.0
5343190994,12841249641,1888.1
5343190995,12841249641,1896.8
5343191008,3044755109,2005.1
5343191009,3044755109,2789.1
5343191010,12841249641,3227.2
5343191011,3044755109,3798.6
5343191012,3044755109,4121.1
5343195714,4540338550,981.2
5343195715,4540338550,1168.6
5343198021,4540338550,1250.9
5343198025,3044755109,1406.5
5343198026,5343198036,543.8
5343198034,5343198036,1164.7
5343198035,5343198036,1445.1
5343198036,5343198036,0.0
5343198037,5343198036,1051.1
5343198039,5343198036,1009.0
5343198040,5343198036,3308.0
5343198041,5343198036,3327.1
5343198047,5343198036,1919.9
5343198049,5343198036,2648.5
5343198052,5343198036,3159.2
5343198053,5343198036,2670.6
5343198057,5343198036,2505.1
5343198063,5343198036,2903.3
5343198064,5343198036,2882.6
5343200403,3044755109,1364.7
5383145936,1290395232,3907.6
5383145941,1290395232,6516.6
5485663117,1233322729,3050.7
5504441244,3030038002,1973.1
5504441245,3030038002,1375.4
5504441246,3030038002,1898.7
5508348780,2401390759,2552.9
5521090061,8480339511,1734.1
5521090062,8480339511,872.0
5522651149,4540338550,379.5
5522651153,4540338550,868.0
5522651156,4540338550,1186.7
5522651157,4540338550,1109.7
5535918109,9487411571,7733.0
5535918115,9487411571,9683.4
5535918621,9487411571,6931.6
5535918623,9487411571,5992.3
5535918628,9487411571,6073.7
5535918629,9487411571,5946.5
5535918630,9487411571,5432.8
5535918631,9487411571,6854.8
5535918632,9487411571,5948.7
5538098685,10080986063,1828.2
5538098699,10080986063,1393.5
5538098703,10080986063,2559.8
5538098704,10080986063,2361.7
5538098706,10080986063,3085.0
5538098708,10080986063,3138.3
5538099628,10080986063,2750.4
5570733296,12841249641,967.2
5570733299,12841249641,2005.0
5570733300,12841249641,2463.0
5570733311,12841249641,1096.3
5570733312,12841249641,1302.0
5570781491,12841249641,4249.2
5570791431,12841249641,3310.3
5570791433,12841249641,3370.6
5570791434,12841249641,3138.0
5570791452,12841249641,4574.1
5570791453,12841249641,3254.2
5570791454,12841249641,3244.4
5570856449,12841249641,1417.6
5570856450,12841249641,2503.7
5589851503,12841249641,2904.7
5589851510,12841249641,3289.9
5589851513,12841249641,3104.9
5589851514,12841249641,3054.2
5611476066,-1,-1.0
5611476101,2457601089,5398.8
5611476104,2457601089,4196.5
5611476112,2457601089,4286.0
5649788632,13778138440,965.5
5649788634,13778138440,1308.3
5649788635,3541539575,2082.5
5649839793,3541539575,1944.4
5649839794,2401177369,2115.3
5649839798,2401177369,2006.1
5649839799,1880400488,2970.3
5736019559,5325050705,469.7
5753680274,8358666767,1611.8
5753680275,8358666767,1582.1
5753680276,8358666767,1768.4
5753680278,8358666767,1727.5
5753680280,8358666767,1370.9
5753680281,8358666767,786.2
5753680283,8358666767,1423.6
5753680285,8358666767,1738.2
5758380582,9208010658,8965.2
5758564980,1814651166,8657.6
5758564981,1814651166,8715.4
5758564982,9208010658,6713.2
5758564983,9208010658,6779.4
5758574039,9208010658,3801.8
5758615073,13369051339,2272.5
5758615079,13369051339,2455.9
5758615080,13369051339,2178.3
5758615083,8358666767,2689.0
5758615089,8358666767,2001.6
5758615108,8358666767,1323.7
5758615109,8358666767,1296.2
5758615112,8358666767,1390.7
5758615114,8358666767,538.4
5758622274,-1,-1.0
5758622275,1814651166,2476.4
5758622276,1814651166,1817.3
5758622278,1290395232,3287.2
5758622284,1150768887,1270.8
5758622290,1150768887,2191.8
5758622295,1150768887,2910.3
5758622300,1290395232,1857.7
5758622311,1290395232,1739.8
5758622942,11880563955,1743.6
5758622961,13778138440,2793.2
5758622965,3491030918,4959.0
5758622968,13778138440,1411.3
5758622977,13778138440,1904.7
5758622986,2401177369,1488.5
5758622995,2401177369,1584.1
5758622998,2401177369,1677.9
5758622999,7160849932,2603.1
5758623005,9487411581,83.5
5758623025,7160849932,788.4
5758623026,7160849932,461.7
5758623032,9487411581,1786.6
5758623040,7160849932,549.5
5758623049,9487411581,50.5
5758623050,9487411581,345.1
5758623056,13747437765,330.6
5758623066,13747437765,268.3
5758623067,13747437765,255.4
5758623068,9487411581,672.7
5758623078,9487411581,1691.6
5758623083,9487411581,1387.4
5758623089,9487411581,1712.0
5758623093,9487411581,745.4
5758623094,9487411581,1050.0
5758623098,9487411581,1106.6
5758623099,7160849932,1325.2
5758623110,7160849932,2081.6
5758623111,9487411571,2137.8
5758623327,7160849932,1387.6
5758623335,1459170126,1355.9
5758623349,9487411571,5996.5
5758623351,1459170126,919.0
5758623352,1459170126,933.7
5758623355,1459170126,1100.5
5758623356,1459170126,1115.6
5758623359,1459170126,975.5
5758623360,1459170126,876.4
5758623364,1459170126,1249.1
5758628902,1459170126,3975.4
5758628905,8197701278,630.4
5758628913,3030038002,2449.1
5758628915,3030038002,2696.6
5758657630,7227625036,5932.3
5758657660,7227625036,5102.4
5758657661,7227625036,1908.9
5758657668,7227625036,1128.2
5758657673,7227625036,1688.1
5758657675,7227625036,5470.5
5758657680,7227625036,3135.7
5758657682,7227625036,2527.8
5758657688,7227625036,1880.8
5758657697,4181217433,3928.1
5758657705,4541277493,1713.0
5758657708,4541277493,2544.6
5758660748,3367156838,2977.4
5758660752,7178880041,2046.9
5758669226,8358666767,4788.6
5758722230,3044755109,4025.1
5758722235,-1,-1.0
5758722241,3044755109,942.2
5758722245,3044755109,1613.8
5758722246,3044755109,3700.3
5758722250,3044755109,1408.4
5758722261,12247625066,2165.9
5758722262,12247625066,2407.7
5758722266,12247625066,2227.7
5758722267,11775535391,2980.4
5758722272,12247625066,2236.4
5760052935,9208010658,1738.1
5760065739,7227625036,281.3
5760065740,7227625036,381.2
5760065741,7227625036,428.5
5760065742,7227625036,1546.9
5760065763,7227625036,1450.7
5760065765,4541277493,1138.7
5760065766,4541277493,1088.7
5760065768,4541277493,1553.8
5760065771,4541277493,1499.0
5760065776,4541277493,1944.3
5760065777,4541277493,1820.3
5760065781,4541277493,2175.0
5760065783,4541277493,1083.0
5760208343,3044755215,2176.3
5760208345,3044755215,1642.7
5760208352,4050649085,1840.1
5760208361,3367156838,2365.0
5771031975,4523470682,417.3
5802906481,1814651166,1276.0
5804079253,8198567118,1042.5
5804079267,8198567118,490.2
5804079271,8198567118,1126.5
5804110884,4181217433,2180.1
5804140852,4181217433,1311.5
5804141662,8198567118,4903.2
5804153587,5325050705,2367.0
5804153590,8198567118,4080.3
5804292744,4181217433,5217.3
5804309055,8198567118,488.1
5804309057,8198567118,986.1
5805853194,6868989296,756.4
5809837010,9487411581,3263.3
5810570966,3030038002,1994.2
5810571007,3030038002,3167.0
5825383367,2401122715,1874.9
5825383368,2401122715,1906.0
5825383369,2401122715,1953.6
5825396610,13747437765,1938.9
5825396611,13747437765,2433.5
5825396613,13747437765,925.2
5826204152,1459170126,3647.3
5826204156,1459170126,3411.9
5826204162,1459170126,3156.2
5826204177,6868989296,1888.4
5826204180,6868989296,2748.9
5826204181,1459170126,3013.2
5826204183,6868989296,2761.6
5869826684,1814651166,3952.3
5869827590,1814651166,4527.2
5874445786,1880396007,1831.3
5874445788,1880396007,2025.5
5874445789,1880396007,2069.1
5874445790,1880396007,2157.4
5874445793,1880396007,2458.1
5874445794,1880396007,1991.6
5874445796,1880396007,1807.2
5874445797,1880396007,2136.5
5874445798,1880396007,1930.5
5874445799,1880396007,2056.2
5874445800,1880396007,1982.2
5874445805,1880396007,2529.2
5874445807,1880396007,2622.2
5874445808,1880396007,2667.4
5874445809,1880396007,2759.8
5874445810,1880396007,2351.7
5874445811,1880396007,2687.6
5874445812,1880396007,2596.5
5874445813,1880396007,2488.5
5874445818,1880396007,2388.8
5874445820,1880396007,2203.2
5874445825,1880396007,2082.1
5874445826,1880396007,2063.5
5874445830,1880396007,2075.9
5874445831,1880396007,2139.7
5874445833,1880396007,2260.8
5874445834,1880396007,2293.1
5874445835,1880396007,2201.7
5874445838,1880396007,1946.0
5874445840,1880396007,2107.6
5874445841,1880396007,2015.8
5874445842,1880396007,2020.1
5874445843,1880396007,2018.7
5874445844,1880396007,2096.1
5874445846,1880396007,2157.2
5874445847,1880396007,2087.1
5874445848,1880396007,2183.4
5874445852,1880396007,2003.5
5874445853,1880396007,1906.0
5874445855,1880396007,2405.4
5874445856,1880396007,1979.3
5874445858,1880396007,2122.5
5874445859,1880396007,2075.9
5874445861,1880396007,2171.4
5874445862,1880396007,2256.6
5874445863,1880396007,2211.9
5874445864,1880396007,2146.8
5874445866,1880396007,1964.9
5874445868,1880396007,2378.3
5874445869,1880396007,2233.5
5874445870,1880396007,2263.7
5874445871,1880396007,2456.5
5874445879,1880396007,2687.9
5874445880,1880396007,2589.1
5874445883,1880396007,2402.3
5874445884,1880396007,2117.2
5874448488,1880396007,2246.3
5874448489,1880396007,2449.4
5874448490,1880396007,2376.6
5874448496,1880396007,1941.1
5874448497,1880396007,2004.0
5874448498,1880396007,1843.5
5874448499,1880396007,2048.9
5874448505,1880396007,2421.8
5874448509,1880396007,2361.4
5874448510,1880396007,2181.2
5874448511,1880396007,2235.8
5874448513,1880396007,2582.0
5874448514,1880396007,2626.3
5874448515,1880396007,2718.9
5874448517,1880396007,2856.1
5874448518,1880396007,1978.2
5874448520,1880396007,2048.4
5874448523,1880396007,2143.4
5874448524,1880396007,2078.2
5874448526,1880396007,2139.4
5874448528,1880396007,2104.7
5874448530,1880396007,2134.2
5874448531,1880396007,2080.5
5874448532,1880396007,2114.4
5874448533,1880396007,2162.1
5874448534,1880396007,2217.7
5874448535,1880396007,2341.8
5874448536,1880396007,2241.3
5874448537,1880396007,2378.3
5874448540,1880396007,2484.2
5874448541,1880396007,2405.4
5874448542,1880396007,2310.9
5874448543,1880396007,2785.9
5874448545,1880396007,2672.4
5874448546,1880396007,1386.6
5874448547,1880396007,1648.1
5874448548,1880396007,1675.4
5874448549,1880396007,1583.6
5874448550,1880396007,1630.2
5874448551,1880396007,1628.4
5874448552,1880396007,1471.9
5874448556,1880396007,1733.0
5874448557,1880396007,1824.9
5874448558,1880396007,1509.4
5874448560,1880396007,1702.1
5874448563,1880396007,1649.5
5874448564,1880396007,1480.5
5874448568,1880396007,1802.1
5874448569,1880396007,1430.5
5874448570,1880396007,1503.9
5874448571,1880396007,1564.6
5874448574,1880396007,1596.4
5874448577,1880396007,1607.4
5874448578,1880396007,1521.7
5874448579,1880396007,1757.7
5874448580,1880396007,1808.4
5874448581,1880396007,1803.4
5874448582,1880396007,1712.1
5874448583,1880396007,1728.2
5874448584,1880396007,1768.0
5874448587,1880396007,1662.9
5874448588,1880396007,1757.5
5874448589,1880396007,1779.4
5874448590,1880396007,1742.5
5874448591,1880396007,1813.1
5874448592,1880396007,1585.5
5874448594,1880396007,1723.7
5874448598,1880396007,1902.5
5874448599,1880396007,1531.5
5874448600,1880396007,1571.9
5874448602,1880396007,1744.7
5874448603,1880396007,1591.7
5874448604,1880396007,1605.5
5874448607,1880396007,1899.9
5874448608,1880396007,1950.7
5874448609,1880396007,1730.4
5874448610,1880396007,1694.1
5874448611,1880396007,1813.6
5874448614,1880396007,1667.8
5874448615,1880396007,1650.4
5874448616,1880396007,1716.7
5874448622,1880396007,2026.0
5874448623,1880396007,1746.3
5874448625,1880396007,1654.5
5874448627,1880396007,1642.7
5874448628,1880396007,1707.8
5874448632,1880396007,1762.6
5874448633,1880396007,1692.9
5874448634,1880396007,1790.5
5874448635,1880396007,1832.7
5874448636,1880396007,1805.2
5874448637,1880396007,1835.1
5874448638,1880396007,1847.3
5874448642,1880396007,1875.7
5874448643,1880396007,1797.5
5874448646,1880396007,1645.6
5874448649,1880396007,1556.3
5875248301,1880396007,1445.4
5875248304,1880396007,1137.9
5875248305,1880396007,1696.8
5875248306,1880396007,1831.2
5875248308,1880396007,1314.6
5875248309,1880396007,1454.7
5875248310,1880396007,1377.8
5875248313,1880396007,1483.1
5875248316,1880396007,1190.0
5875248317,1880396007,1479.5
5875248318,1880396007,1119.9
5875248319,1880396007,1378.4
5875248320,1880396007,1052.7
5875248321,1880396007,1275.9
5875248322,1880396007,1088.8
5875248323,1880396007,1333.6
5875248324,1880396007,1156.9
5875248326,1880396007,1225.9
5875248327,1880396007,1535.8
5875248330,1880396007,1862.3
5875248332,1880396007,1781.1
5875248339,1880396007,1608.0
5875248340,1880396007,1743.9
5875248343,1880396007,1561.7
5875248344,1880396007,1777.4
5875248345,1880396007,1613.6
5875248347,1880396007,1765.4
5875248348,1880396007,1673.6
5875248349,1880396007,1654.6
5875248352,1880396007,1339.8
5875248353,1880396007,1276.9
5875248357,1880396007,907.9
5875248359,1880396007,1109.2
5875248360,1880396007,1064.7
5875248361,1880396007,976.1
5875248362,1880396007,1013.2
5875248363,1880396007,1137.3
5875248374,1880396007,2120.9
5875248376,1880396007,2221.8
5875248377,1880396007,2071.3
5875248379,1880396007,2134.7
5875248380,1880396007,2099.4
5875248383,1880396007,2196.1
5875248384,1880396007,2151.2
5875248385,1880396007,2241.8
5875248386,1880396007,2065.0
5875248387,1880396007,2118.7
5875248388,1880396007,2100.7
5875248389,1880396007,2185.8
5875248390,1880396007,2609.7
5875248392,1880396007,2872.1
5875248393,1880396007,2724.4
5875248394,1880396007,2835.5
5875248396,1880396007,2992.5
5875248397,1880396007,2972.1
5875248398,1880396007,2930.0
5875248401,1880396007,3028.5
5875248403,1880396007,3081.6
5875248405,1880396007,3096.3
5875248408,1880396007,2821.8
5875248409,1880396007,3200.0
5875248410,1880396007,3110.2
5875248413,1880396007,3118.6
5875248414,1880396007,3105.5
5875248416,1880396007,2997.5
5875248417,1880396007,2965.6
5875248418,1880396007,2921.8
5875248419,1880396007,3167.0
5875248420,1880396007,3159.7
5875248421,1880396007,3237.2
5875248422,1880396007,3307.8
5875248423,1880396007,3233.8
5875248424,1880396007,3203.9
5875248425,1880396007,3204.8
5875248426,1880396007,3106.7
5875248427,1880396007,3140.1
5875248430,1880396007,3080.7
5875248433,1880396007,3042.0
5875248434,1880396007,3086.6
5875248435,1880396007,3025.3
5875248436,1880396007,2975.6
5875248442,1880396007,2798.4
5875248445,1880396007,2919.5
5875248447,1880396007,2834.7
5875248466,1880396007,2234.4
5875248473,1880396007,2512.8
5875248485,1880396007,3013.5
5875248486,1880396007,3111.0
5875248487,1880396007,2854.3
5875248488,1880396007,2926.2
5875248489,1880396007,3105.9
5875248491,1880396007,2960.9
5875248492,1880396007,3034.7
5875248495,1880396007,2995.3
5875248496,1880396007,3107.4
5875248497,1880396007,3024.5
5875248498,1880396007,3088.1
5875248499,1880396007,2895.5
5875248500,1880396007,2829.2
5875248501,1880396007,2900.6
5875248502,1880396007,2708.8
5875248503,1880396007,2618.6
5875248573,1880396007,2860.5
5875248577,1880396007,2945.5
5875248579,1880396007,3040.1
5875248584,1880396007,2933.7
5875248585,1880396007,2913.8
5875248588,1880396007,2874.5
5875248589,1880396007,2830.3
5875248590,1880396007,2891.7
5875248591,1880396007,2869.6
5875248592,1880396007,2974.4
5875248593,1880396007,2919.4
5875248594,1880396007,2983.6
5875248595,1880396007,2885.4
5875248596,1880396007,3056.3
5875248597,1880396007,2775.3
5875248603,1880396007,2703.0
5875248608,1880396007,2749.0
5875248609,1880396007,2757.1
5875248612,1880396007,2787.0
5875248613,1880396007,2670.3
5875248615,1880396007,2909.3
5875248616,1880396007,2696.1
5875248623,1880396007,2884.0
5875248757,1880396007,1512.2
5875248763,1880396007,1585.5
5875248764,1880396007,1660.6
5875248769,1880396007,1097.6
5875248772,1880396007,1016.1
5875248773,1880396007,1243.1
5875248774,1880396007,1201.3
5875248776,1880396007,1350.3
5875248777,1880396007,1359.3
5875248778,1880396007,1453.9
5875253697,1880396007,3034.9
5875253698,1880396007,3206.8
5875253699,1880396007,3003.8
5875253700,1880396007,3258.2
5875253701,1880396007,3164.2
5875253702,1880396007,3180.5
5875253703,1880396007,3235.5
5875253704,1880396007,3126.9
5875253708,1880396007,2861.6
5875253709,1880396007,2951.0
5875253710,1880396007,2947.3
5875253711,1880396007,3131.4
5875253713,1880396007,3264.8
5875253715,1880396007,3492.1
5875253716,1880396007,3304.5
5875253717,1880396007,3390.1
5875253718,1880396007,3239.2
5875253732,8198567118,2895.4
5875253735,8198567118,3096.0
5875253736,8198567118,2940.7
5875253738,8198567118,2783.0
5875253739,1880396007,3187.3
5875253740,1880396007,3022.7
5875253744,8198567118,2919.9
5875253745,8198567118,2948.8
5875253746,8198567118,3121.3
5875253750,8198567118,2850.2
5875253752,8198567118,2842.4
5875253753,8198567118,2944.6
5875253755,8198567118,3132.1
5875253756,8198567118,3042.4
5875253757,8198567118,3091.7
5875253760,1880396007,2809.6
5875253761,1880396007,2907.2
5875253763,1880396007,3159.7
5875253764,1880396007,2985.1
5875253765,1880396007,3112.7
5875253766,1880396007,2982.3
5875253769,1880396007,3058.7
5875253770,1880396007,3042.2
5875253772,1880396007,3120.4
5934019236,1887828574,1765.0
5934019237,1887828574,1829.4
5934019239,1887828574,2002.5
5934019248,1887828574,1717.0
5934019249,1887828574,1818.7
5934019256,1887828574,1896.0
5934019278,1887828574,1165.1
5934019279,1887828574,1185.1
5934019280,1887828574,1377.9
5934019288,1887828574,1233.6
5934019289,1887828574,1246.6
5934019295,1887828574,1360.5
5938739380,1880400488,2588.4
5938739383,7157578628,2686.9
5941524176,12841249641,3592.4
5941810171,8198567118,867.6
5941810176,8198567118,1067.8
5941852301,4181217433,5757.2
5942140625,5325050705,1624.6
5947444887,8198567118,872.9
5947609952,1880400488,3603.4
5947609982,6868989296,615.4
5947612785,6868989296,589.0
5952494976,2401122715,2164.5
5952495078,2401122715,2526.7
5952495079,2401122715,2239.2
5952650602,2401122715,2060.6
5952650788,2401122715,1748.3
5952650790,2401122715,2342.0
5952650791,2401122715,1729.6
5957618716,8358666767,2359.6
5957618719,5325050705,3270.0
5957618722,5325050705,3314.7
5957618725,13369051339,2665.2
5957618726,13369051339,2606.4
5957619819,13369051339,2212.4
5957619826,8358666767,2299.6
5960527575,13369051339,2736.9
5960527580,13369051339,2919.3
5960527582,13369051339,2328.5
5982860394,-1,-1.0
5988973349,5325050705,1442.9
5988973350,5325050705,884.1
5988973381,5325050705,1611.7
5988973489,5325050705,1976.5
5988973490,5325050705,2001.9
5988973639,5325050705,1681.2
5988973640,5325050705,1529.6
5988973718,5325050705,1929.8
5988973731,5325050705,1527.8
5988973737,5325050705,1894.0
5988973781,5325050705,2247.4
5988973783,5325050705,2327.9
5988973946,5325050705,1776.9
5988974091,5325050705,1789.3
5988974095,5325050705,1911.8
5988974097,5325050705,1712.7
5988974098,5325050705,1757.4
5988974314,5325050705,2736.1
5988974316,5325050705,2245.1
5989455849,5325050705,1487.3
5989455850,5325050705,1703.1
5996496903,4742253048,2924.9
5997379336,4742253048,2412.3
5997379337,4742253048,2653.7
6011922691,9208010658,9713.0
6011922694,9208010658,5936.6
6038421908,9208010658,3361.4
6038421909,9208010658,3132.6
6038421910,9208010658,3341.5
6046622302,2401390759,1642.2
6046624926,2401390759,1431.7
6046759215,2482884829,3008.8
6102775860,2401390759,2590.1
6102775862,2401390759,2342.8
6102776407,2401390759,2663.6
6102776411,2401390759,2766.7
6105986690,9487411571,2021.5
6106172705,7295164908,1572.6
6106172711,7295164908,2067.2
6106172712,7295164908,2079.5
6106172713,7295164908,2118.8
6106172714,7295164908,2131.0
6106172721,7295164908,2630.0
6106172722,7295164908,2034.5
6106172726,7295164908,2074.5
6106172727,7295164908,3335.5
6106172730,7295164908,2172.5
6106172731,9487411571,3646.5
6106172760,9487411571,4310.5
6106172795,1459170126,3937.5
6106172801,1459170126,3733.3
6106172804,1459170126,3792.0
6106172813,1459170126,3384.8
6106172818,1459170126,3585.7
6106172838,1459170126,4589.6
6106172839,1459170126,4602.5
6106179340,4050649085,2136.7
6106179347,4050649085,1429.7
6106179353,4050649085,1614.4
6106179366,4050649085,1222.0
6106179367,4050649085,1034.4
6106179372,4050649085,1134.7
6106188688,2457603193,3296.3
6106188694,2457603193,2869.3
6106188695,2457603193,2838.7
6106188696,2457603193,7034.8
6106188700,2457603193,2672.9
6106188701,2457603193,2491.8
6106188703,2457603193,2556.6
6106188704,2457603193,2592.6
6106188705,2457603193,2682.6
6106188709,2457603193,3190.8
6106188712,2457603193,3047.4
6195429101,1148754930,2317.6
6195429110,1148754930,2984.2
6195429111,1148754930,2522.8
6195429120,1148754930,2581.5
6195429121,1148754930,2418.8
6195429124,1148754930,2064.6
6195429125,1148754930,1907.4
6195429141,1148754930,2606.8
6195429144,1148754930,2387.7
6195429145,1148754930,2266.9
6195429146,1148754930,2609.0
6195429147,1148754930,2541.8
6195429149,1148754930,2500.0
6195429150,1148754930,2352.1
6195429151,1148754930,2221.8
6195429152,1148754930,2626.7
6195429153,1148754930,2725.1
6195429154,1148754930,2562.3
6195429155,1148754930,2676.0
6195429156,1148754930,2449.8
6195429157,1148754930,2279.1
6195429158,1148754930,2443.4
6205236761,1290395232,2806.5
6220274445,1140523115,1817.3
6220274469,1150768887,2694.1
6221241023,1150768887,2172.6
6221318599,11880563955,2625.4
6221318600,11880563955,2707.6
6225938327,9208010658,8767.8
6225938335,9208010658,8069.3
6225938338,9208010658,7928.7
6225938342,9208010658,7672.6
6252939908,1880400488,3409.8
6252939909,1880400488,2286.0
6267224427,7157578628,542.5
6267239899,7157578628,468.1
6267300036,5343198036,3078.4
6267300046,2045952502,1670.7
6286565888,1150768887,4775.5
6313616307,12381917927,800.5
6313616308,12381917927,1349.0
6314844779,8198567118,1318.9
6314844783,8198567118,844.5
6314844784,4523470682,1986.6
6314844885,3501002866,2085.8
6314844886,3501002866,2035.6
6314844887,3501002866,2105.2
6314844890,8600114950,2121.2
6314844896,7178880041,2138.2
6314844899,3044755215,2881.7
6314844900,3044755215,2145.3
6314844903,8600114950,4757.7
6314844906,3044755215,3125.5
6314844907,3044755215,3646.5
6314844910,3044755215,4173.2
6316055320,3501002866,3973.1
6316055375,3501002866,3520.3
6316055377,4541277493,5444.7
6316060085,-1,-1.0
6316060087,-1,-1.0
6316060089,4523470682,4265.8
6316060093,4523470682,3242.4
6316060098,4523470682,3833.4
6316060100,3501002866,3483.3
6316060113,4523470682,3607.0
6316060127,4541277493,5745.2
6316060140,4541277493,6647.4
6324355807,1880400488,3274.3
6324562164,13747437765,2254.4
6324562169,13747437765,2746.8
6324562170,13747437765,2549.2
6324562171,13747437765,2526.3
6329951921,12463139050,7415.8
6329963508,12463139050,7199.2
6330133714,12463139050,7563.6
6330133717,12463139050,7285.7
6330133718,12463139050,7228.4
6330133721,12463139050,8292.4
6339401090,12463139050,10136.1
6339401094,12463139050,10198.5
6339401095,-1,-1.0
6339401098,-1,-1.0
6339416660,12463139050,9531.7
6339416665,12463139050,9655.1
6345002745,12463139050,6684.9
6345002746,12463139050,6145.8
6345002750,9208010658,6645.5
6345002751,12463139050,6551.9
6345002757,9208010658,5922.9
6345002764,9208010658,6385.7
6356387603,12463139050,7490.0
6359967502,12463139050,8597.3
6359967504,12463139050,8373.8
6359967574,12463139050,8049.0
6359967575,12463139050,8324.1
6359967576,12463139050,7949.3
6359967577,12463139050,8224.1
6359968301,12463139050,8291.6
6359968302,12463139050,8527.1
6364061418,12381917927,2868.2
6376672082,8358666767,2453.8
6397662588,7614809187,1917.3
6397662610,2045952502,3236.6
6397662613,9424855173,3600.0
6397662615,2045952502,4309.6
6397662618,3030038002,4703.2
6397662631,2045952502,5230.0
6397662652,3030038002,3837.7
6397662655,3030038002,4138.3
6405616346,4541277493,2858.7
6405616347,4541277493,2836.1
6405616349,4541277493,2459.3
6405616351,4541277493,1773.5
6405616353,4541277493,3051.0
6405616354,4541277493,2411.2
6405616355,4181217433,3131.9
6405616370,4541277493,583.0
6418023363,1814651166,1750.3
6418023365,1814651166,3048.2
6418023897,12381917927,1227.4
6419939986,12381917927,1714.4
6448983531,1814651166,2881.8
6450706889,2401390759,2768.4
6450706972,2401390759,1028.4
6450708505,4742253048,577.6
6450708506,4742253048,631.9
6450708507,4742253048,436.9
6450708508,4742253048,181.6
6450708515,4742253048,198.9
6450708517,4742253048,759.3
6450708519,4742253048,381.8
6450708520,4742253048,257.2
6450708534,4742253048,1086.0
6460710198,12381917927,4210.7
6480234611,1880400488,593.8
6480234612,1880400488,644.1
6480234613,1880400488,612.5
6480234614,1880400488,625.5
6480234629,1880400488,833.1
6480234637,1880400488,701.5
6480234638,1880400488,1363.9
6480234659,1880400488,2855.8
6480234670,1880396007,1215.8
6480234673,6868989296,1983.5
6480234674,6868989296,1993.2
6480234675,6868989296,1972.2
6480234679,6868989296,1962.4
6480253653,7157578628,3559.2
6480253662,7157578628,3612.7
6480253681,6868989296,3624.7
6480253682,6868989296,3609.7
6480253684,6868989296,3589.2
6483531290,9208010658,8863.7
6483531359,9208010658,7700.7
6483545100,1814651166,5267.8
6483545134,1814651166,4918.4
6483545173,1814651166,6038.7
6486973395,1814651166,2864.0
6486973396,1814651166,3147.2
6486973397,12381917927,1213.4
6486973398,12381917927,1388.6
6486973399,12381917927,1272.2
6486973400,12381917927,1404.5
6486973401,12381917927,1403.0
6486973402,12381917927,1330.2
6486973403,12381917927,1461.2
6486973404,12381917927,1459.6
6486973405,12381917927,1504.9
6486973406,12381917927,1520.7
6488155784,9208010658,7944.3
6488155995,9208010658,8253.7
6488156009,9208010658,8505.1
6488156010,9208010658,8533.6
6488156011,9208010658,8570.3
6488156026,9208010658,8994.6
6496850701,9208010658,8198.6
6496960418,1814651166,5619.3
6496960419,1814651166,5798.2
6497099078,1814651166,4191.3
6497099081,1814651166,4087.0
6497135531,1814651166,4496.3
6497135535,1814651166,4790.9
6497135540,1814651166,4606.4
6497135542,1814651166,4647.7
6497135543,1814651166,4688.7
6497135544,1814651166,4696.0
6497135545,1814651166,4861.7
6497135562,1814651166,5001.9
6497185020,1814651166,5256.8
6497185032,1814651166,5818.0
6497185039,1814651166,6124.3
6497185046,1814651166,6194.5
6497185056,1814651166,6341.2
6497185062,1814651166,6770.3
6497185063,1814651166,6707.0
6497185065,1814651166,6840.6
6497185070,1814651166,6980.3
6497185076,1814651166,7043.8
6497185077,1814651166,6986.3
6497185080,1814651166,7179.5
6497185986,1814651166,7275.6
6497186007,1814651166,7578.2
6497186064,1814651166,7678.9
6497296609,1814651166,7970.3
6497296610,1814651166,6447.4
6497296611,1814651166,6725.6
6497296612,1814651166,6329.2
6497296613,1814651166,6612.7
6497296614,1814651166,5468.0
6497296616,1814651166,5522.5
6497296619,1814651166,5597.0
6497296622,1814651166,5647.3
6497296624,1814651166,5556.5
6497296627,1814651166,5612.3
6497296632,1814651166,5626.8
6497296633,1814651166,5674.7
6502960013,1814651166,3932.0
6502960014,1814651166,4068.7
6502960015,1814651166,4085.4
6502960016,1814651166,4094.4
6502960017,1814651166,3920.7
6502960018,1814651166,4056.2
6502960019,1814651166,4080.4
6502960020,1814651166,3813.1
6502960021,1814651166,3774.5
6502960022,1814651166,3985.4
6502960023,1814651166,3839.9
6503011897,12381917927,4178.1
6505352881,7227625036,4546.2
6505352882,7227625036,4607.9
6505353286,7227625036,5188.1
6505353313,7227625036,4710.7
6505353370,7227625036,5421.6
6505353392,7227625036,6370.0
6505353477,7227625036,4495.4
6505353698,1215926967,1060.1
6505353700,1215926967,1342.3
6505353701,1215926967,1152.9
6505353705,1215926967,2003.0
6505394751,1215926967,1497.8
6505394759,4181217433,2125.1
6507420194,12381917927,4393.8
6507420200,1814651166,4775.7
6508153495,1814651166,3118.6
6508153502,1814651166,3338.0
6508153505,1814651166,3013.2
6508153506,1814651166,3201.1
6508153507,1814651166,2594.1
6508153508,1814651166,2761.9
6508153509,1814651166,2409.4
6508153512,1814651166,2615.7
6508153513,1814651166,2467.6
6508153514,1814651166,2552.4
6508233850,1814651166,3363.9
6508233851,1814651166,3403.3
6508233863,1814651166,4725.4
6508233867,1814651166,4710.1
6508233875,1814651166,4531.6
6508233880,1814651166,4764.3
6508258587,1814651166,5328.1
6508258588,1814651166,5433.7
6508258601,1814651166,4868.7
6508258608,1814651166,5205.3
6508258618,1814651166,5317.4
6508258619,1814651166,4512.6
6508258633,1814651166,4768.5
6510368630,9208010658,5184.7
6510368649,9208010658,7062.7
6510368665,9208010658,7390.2
6510375199,9208010658,8530.5
6510375200,9208010658,8702.8
6510375204,9208010658,9138.5
6510375207,9208010658,10187.9
6510375232,9208010658,8983.9
6510375235,9208010658,10137.3
6510375236,9208010658,8833.7
6510375238,9208010658,9720.4
6510375239,9208010658,10084.2
6510375245,9208010658,9914.4
6510375246,9208010658,9976.0
6510375247,9208010658,10021.6
6510375248,9208010658,9819.9
6510375249,9208010658,9778.4
6510375250,9208010658,9650.8
6510375251,9208010658,9460.8
6510375252,9208010658,9525.8
6510375253,9208010658,9579.2
6510375254,9208010658,9616.6
6510375255,9208010658,9431.8
6510375256,9208010658,9389.0
6510375257,9208010658,9330.5
6510375258,9208010658,9261.5
6510375259,9208010658,9197.4
6510375260,9208010658,9137.3
6510375261,9208010658,9066.8
6510537496,9208010658,3965.5
6510537548,2457603193,5407.5
6510537555,2457603193,5984.1
6510537561,9208010658,6490.1
6514721038,1814651166,5789.0
6514721039,1814651166,5854.8
6514721042,1814651166,6220.6
6514721043,1814651166,6319.5
6514721052,1814651166,6621.9
6514721060,1814651166,6156.1
6514765002,1814651166,4244.5
6514765008,1814651166,4694.1
6514765016,1814651166,4629.2
6514765019,1814651166,4338.3
6514765023,1814651166,4598.0
6514765027,1814651166,4630.8
6517392287,12381917927,4547.2
6517392288,12381917927,4812.6
6517392289,12381917927,5017.6
6517392290,12381917927,5375.8
6517392291,12381917927,3797.6
6559762760,12381917927,1447.9
6596275811,9208010658,8182.2
6600251771,9487411581,3001.4
6600251772,9487411581,3692.6
6600251774,9487411581,3619.7
6600289732,9487411581,3437.7
6624482558,1459170126,4089.0
6624482562,1459170126,3207.3
6624482563,1459170126,3039.8
6624482566,1459170126,3728.5
6624482567,1459170126,4253.3
6624482568,1459170126,4004.5
6624482579,1459170126,6017.2
6624482580,1459170126,5992.5
6624482583,1459170126,5510.1
6624482584,1459170126,5738.0
6624483585,1459170126,5745.8
6624491687,1459170126,3573.3
6624491688,1459170126,3931.6
6771286624,7295164908,1565.3
6805911915,2401390759,2392.3
6805911916,2401390759,1693.4
6805911917,2401390759,1928.7
6845262302,9208010658,3071.4
6845262307,9208010658,2891.9
6845262337,-1,-1.0
6845262360,9208010658,2860.8
6845262361,9208010658,2848.7
6845262362,9208010658,3673.6
6851571636,9208010658,8601.6
6852308561,-1,-1.0
6852308569,-1,-1.0
6861269085,12463139050,5836.2
6861290124,12463139050,4099.2
6861290125,12463139050,3736.0
6861290126,12463139050,3783.0
6861290127,12463139050,3792.5
6861290128,12463139050,3724.9
6861290162,11733956990,1083.8
6861290163,11733956990,1605.3
6861387077,4050649085,1621.2
6861387084,3367156838,1837.4
6861394589,4050649085,1106.3
6861394601,4050649085,756.3
6861394609,4050649085,916.8
6861394611,4050649085,1241.2
6864174254,7160849932,4075.0
6864174268,9487411571,4633.6
6864174269,9487411571,2612.5
6864179585,9487411571,2457.8
6864179624,9487411571,2750.7
6864179626,9487411571,2106.0
6864179631,9487411571,2572.8
6864179633,9487411571,4078.3
6864179638,9487411571,4507.6
6868767874,1814651166,1519.0
6868767880,1814651166,2726.6
6868783278,1459170126,2559.3
6868869285,1459170126,3268.1
6868869299,1459170126,1572.7
6868869307,1459170126,2312.4
6868869317,1459170126,2057.4
6868869322,1459170126,2280.7
6868869325,1459170126,2415.2
6868869343,1459170126,3645.7
6868869350,1459170126,1966.9
6868869351,1459170126,2017.9
6868869353,6868989296,2818.5
6868869357,6868989296,2768.0
6868869358,1459170126,2255.3
6868869362,1459170126,2192.6
6868869363,1459170126,2255.5
6868869366,1459170126,2051.7
6868869370,6868989296,2991.2
6868869376,1459170126,1992.7
6868869380,6868989296,3000.6
6868869381,1459170126,1968.8
6868869390,1459170126,1911.0
6868869391,1459170126,4018.2
6868869397,1459170126,1989.5
6868869405,1459170126,1901.4
6868869411,1459170126,1939.5
6868869412,1459170126,1931.0
6868869413,1459170126,2054.0
6868869420,1459170126,2198.0
6868869425,1459170126,2237.0
6868869431,1459170126,2393.3
6868869434,1459170126,3654.2
6868869435,1459170126,3258.7
6868962757,6868989296,2253.4
6868962764,6868989296,3816.2
6868962768,6868989296,1246.3
6868989218,1459170126,3603.5
6868989235,1887828574,3460.4
6868989262,1887828574,3962.5
6868989291,6868989296,317.7
6868989296,6868989296,0.0
6868989313,6868989296,1580.5
6868989316,6868989296,1852.4
6870973614,9487411571,2007.5
6870973625,9487411571,1293.5
6870973642,9487411571,1886.0
6870973645,10080986063,6330.1
6870973650,7295164908,4371.4
6871098177,9487411581,2044.8
6871539702,9487411571,2413.3
6871539706,9487411571,1682.3
6871539709,9487411571,4934.2
6871539710,9487411571,5182.0
6872564072,9487411571,3111.2
6872598526,10080986063,6473.0
6880302276,10080986063,3792.2
6880302277,9933767027,3430.8
6880302280,9487411571,4965.8
6880302281,9933767027,5288.1
6880333189,9933767027,3953.0
6880333190,9933767027,4470.0
6880333198,9933767027,5011.4
6880333200,9933767027,3736.9
6914328310,9933767027,2754.2
6914328311,9933767027,2765.3
6914328312,9933767027,266.3
6914328313,9933767027,282.6
6914328314,9933767027,232.2
6914328315,9933767027,248.1
6914328316,9933767027,430.6
6914328318,9933767027,460.6
6914328320,9933767027,439.1
6914328321,9933767027,468.9
6914349242,9933767027,2562.1
6914349249,9933767027,2165.7
6914349254,9933767027,2181.8
6914349255,9933767027,3013.2
6914349256,10080986063,3010.0
6914349257,9933767027,3000.2
6914349258,9933767027,2970.8
6914401814,9933767027,1327.7
6914401818,9933767027,282.2
6914401819,9933767027,190.0
6914401824,9933767027,261.2
6914401831,9933767027,1163.7
6914401832,9933767027,664.8
6914401834,9933767027,636.1
6914401835,9933767027,647.2
6914401836,9933767027,1425.0
6914401837,9933767027,3077.7
6914401838,9933767027,2501.3
6914401839,9933767027,2454.4
6914401843,9933767027,3486.8
6914401846,10080986063,2272.1
6914401847,10080986063,2285.0
6914401849,9933767027,3527.3
6914401852,10080986063,2738.6
6914401853,10080986063,2726.1
6914401854,10080986063,2782.3
6914401856,10080986063,2769.6
6914401858,9933767027,3440.6
6914401859,9933767027,3414.2
6914401860,9933767027,3454.1
6914401861,9933767027,3480.5
6914401862,9933767027,3053.1
6914401863,9933767027,3040.8
6914401864,9933767027,3065.7
6914401865,9933767027,3079.4
6914425454,10080986063,1741.6
6914425459,10080986063,1722.1
6914425470,10080986063,1972.1
6914425471,10080986063,2028.3
6914658058,9933767027,2512.9
6914658059,9933767027,2760.4
6914658064,9933767027,2836.4
6914658065,9933767027,2930.5
6914658070,9933767027,3632.9
6914663485,9933767027,3306.7
6914663491,9933767027,3827.0
6914663494,10080986063,2007.7
6914663495,10080986063,1993.8
6914663498,9933767027,3838.0
6914663502,9933767027,3334.3
6914663503,9933767027,2736.9
6914663505,9933767027,2214.5
6914663506,9933767027,2172.5
6914663507,9933767027,2716.1
6914663508,9933767027,2201.2
6914663509,9933767027,2185.7
6914731354,1150768887,946.9
6914731355,1150768887,1400.5
6914731378,1814651166,1964.1
6914731379,1814651166,1967.7
6914731381,1150768887,1728.9
6914731383,1150768887,1434.8
6914731384,1150768887,1526.9
6914766689,1150768887,1566.0
6914766691,1150768887,1453.6
6914766692,1150768887,1331.6
6914766693,1150768887,1099.8
6915679315,1150768887,1537.9
6915679322,1150768887,1489.2
6915679323,1150768887,1259.4
6915679369,9933767027,760.3
6915679370,9933767027,848.8
6915679371,10080986063,1599.7
6915679375,9933767027,859.2
6922784034,12463139050,2550.0
6922784036,12463139050,2860.8
6922784040,12463139050,2560.6
6922784042,12463139050,2522.6
6922784046,12463139050,2742.7
6922784047,12463139050,2783.0
6922784049,12463139050,2840.1
6922784050,12463139050,2706.1
6922784052,12463139050,2533.4
6922784053,12463139050,2716.2
6922784054,12463139050,2732.9
6922784059,12463139050,2164.5
6922784063,12463139050,2413.9
6923707416,10080986063,3487.3
6923707444,4742253048,11539.0
6923707455,2401390759,2701.3
6923707468,4742253048,2761.7
6923707480,4742253048,3533.4
6923707483,4742253048,3729.3
6936295743,5325050705,2222.8
6936295754,5325050705,1599.7
6936295755,5325050705,2214.2
6936295772,5325050705,1496.2
6936295773,5325050705,2198.2
6936295774,5325050705,2238.6
6936295782,5325050705,992.9
6936295784,5325050705,975.7
6936297685,5325050705,999.1
6936297687,5325050705,791.9
6936297696,5325050705,310.5
6936297705,5325050705,344.5
6936297712,5325050705,1015.9
6937363621,2457603193,14575.5
6952913990,2457603193,9358.7
6952914009,2457603193,10566.3
6952914019,2457603193,9922.8
6952914024,2457603193,9912.1
6952914028,2457603193,9470.1
6952914033,2457603193,9893.3
6952914036,2457603193,10663.4
6952914040,2457603193,11581.3
6952914041,2457603193,12264.4
6952914044,2457603193,10311.6
6952914051,2457603193,9444.4
6952914052,2457603193,9422.4
6952914054,2457603193,9383.9
6952914072,2457603193,9984.1
6952914073,2457603193,10012.1
6952914074,2457603193,9995.1
6952914075,2457603193,10375.6
6952914081,2457603193,10448.0
6952914083,2457603193,8284.2
6952914084,2457603193,8645.7
6952914087,2457603193,9380.0
6952914088,2457603193,9545.8
6952914089,2457603193,9567.7
6952914090,2457603193,10070.7
6984995931,2401390759,2113.0
6984995932,2401390759,1953.7
6984995933,2401390759,1939.6
6984995934,2401390759,1915.3
6985021434,2401177369,3951.8
6985021435,2401177369,3864.8
6985021436,2401177369,3925.3
6985021463,10080986063,7029.3
7018253638,2401390759,2271.9
7018253667,-1,-1.0
7018253679,2401390759,2933.3
7022966528,2457603193,13507.7
7022966610,2457603193,13065.2
7022966613,2457603193,13773.5
7022966614,2457603193,12696.4
7022966615,2457603193,13036.6
7022966656,-1,-1.0
7022966657,2457603193,13448.6
7041282295,12463139050,4374.8
7041282296,12463139050,6197.8
7056024999,3044755109,3628.7
7056025000,3044755109,3324.8
7056025005,3044755109,3380.8
7056025010,3044755109,3551.2
7056025011,3044755109,2953.0
7056025017,3044755109,3228.7
7056025018,3044755109,3188.5
7056025030,12841249641,3952.5
7056025031,12841249641,4191.1
7056025041,12841249641,4198.8
7056025046,12841249641,3999.7
7056025051,12841249641,4007.8
7056025053,5343198036,414.4
7056025055,5343198036,774.5
7056025063,5343198036,1529.4
7056025064,5343198036,1560.0
7056025066,5343198036,836.1
7056025067,4540338550,297.7
7056025081,4540338550,2010.4
7056025215,4540338550,2661.9
7056025241,4540338550,8932.1
7059127309,4742253048,4574.0
7059127313,4742253048,5054.9
7076775236,3044755109,901.5
7097958255,1148754930,966.6
7097958256,1148754930,946.3
7097958259,11880563955,2510.5
7097958266,11880563955,2482.8
7115765458,2401122715,2102.7
7115765463,2401122715,1461.8
7115800222,2401122715,1826.1
7115808933,2401122715,1580.9
7115808934,2401122715,1412.4
7115808935,2401122715,1869.4
7115808937,2401122715,1638.9
7115808959,2401122715,2187.4
7115808962,2401122715,1964.5
7115808973,2401122715,2167.9
7115808975,2401122715,2185.9
7115808977,2401122715,2077.2
7115808983,2401122715,1513.0
7115808984,2401122715,1753.1
7115820587,2401122715,1649.3
7115820588,2401122715,2152.9
7115820595,2401122715,2221.6
7140534362,5325050705,2020.5
7140534363,2401122715,1663.0
7140534364,2401122715,1962.3
7140575737,2401122715,2065.0
7140575738,5325050705,2178.3
7150348305,7157578628,1413.6
7150348309,12247625066,1701.4
7150348316,12247625066,1621.4
7150348317,3367156838,1431.1
7150348322,7157578628,1516.1
7150411313,7157578628,1529.1
7150411321,3367156838,1694.6
7150411323,3367156838,1919.3
7150411324,3367156838,1837.0
7150411330,3367156838,1280.1
7150411331,7178880041,1104.2
7150411343,7178880041,1562.8
7150411355,7178880041,569.3
7150411358,7178880041,568.5
7150411360,7178880041,1048.9
7150411361,7178880041,956.6
7150411363,7178880041,323.9
7150411367,7178880041,807.2
7150411368,7178880041,928.0
7150411369,7178880041,1854.4
7150411370,7178880041,1804.7
7150411376,7178880041,593.2
7150411377,3367156838,2253.7
7150411378,3367156838,1877.4
7150411380,3367156838,2328.7
7150411384,3367156838,1934.6
7150417187,3367156838,1529.4
7150417188,3367156838,1844.6
7150417189,7178880041,1546.6
7150417191,7178880041,1486.0
7150417192,7178880041,2210.8
7150417193,7178880041,1990.3
7150417194,7178880041,2029.6
7150417202,7178880041,1638.4
7150417205,7178880041,2006.0
7150417206,7178880041,1661.6
7150417210,7178880041,2093.3
7150417211,7178880041,2405.1
7150417214,7178880041,2263.4
7150417218,7178880041,2517.1
7150417221,7178880041,2038.1
7150417222,7178880041,2273.6
7150417224,7178880041,2183.4
7150417225,7178880041,2317.6
7150417234,7178880041,2898.9
7150417235,7178880041,2988.1
7150417239,7178880041,2590.8
7150417241,7178880041,2142.0
7150417242,7178880041,2705.9
7150417248,4523470682,2801.8
7150417250,4523470682,2472.2
7150417255,7178880041,2987.4
7150417258,4523470682,2676.5
7150417259,4523470682,2892.3
7150417260,7178880041,3053.0
7150417264,7178880041,2672.6
7150417266,7178880041,2410.2
7150417267,7178880041,2845.2
7150417273,8198567118,2145.9
7150417275,4523470682,1455.7
7150417282,4523470682,2312.7
7150417283,7178880041,2763.8
7150417286,4523470682,2194.9
7150417287,4523470682,3150.5
7150417289,4523470682,3019.7
7150417293,7178880041,2532.4
7150417298,4523470682,2460.9
7150417299,7178880041,2737.7
7150417300,7178880041,2614.2
7150417303,7178880041,2669.0
7150417304,7178880041,2412.6
7150417305,7178880041,2163.6
7150417309,7178880041,2742.3
7153019279,3367156838,1490.9
7153019282,3367156838,1434.9
7153032671,3367156838,1168.8
7153032672,3367156838,1768.3
7153032675,3367156838,2025.5
7153032684,3367156838,2059.5
7153036788,3367156838,2103.3
7153036789,3367156838,2078.9
7153036802,3367156838,778.2
7153048486,4050649085,1298.1
7153048487,3367156838,1544.0
7153048491,3367156838,1864.0
7153048495,3367156838,714.5
7154149994,12381917927,5938.8
7154150072,9208010658,8539.4
7154150077,9208010658,8352.7
7154150080,9208010658,8419.0
7154150085,1814651166,6397.1
7154150088,1814651166,6844.0
7154150091,1814651166,6541.9
7154150092,1814651166,6792.2
7154150111,1814651166,7136.3
7154150118,1814651166,6726.0
7154171928,1814651166,6869.5
7154171931,1814651166,6973.7
7154171939,1814651166,6829.0
7154171940,1814651166,6919.3
7154171953,1814651166,6978.6
7154178068,1290395232,3397.7
7154182726,1814651166,5770.8
7154182732,1814651166,5624.0
7154182733,1814651166,5271.7
7154182734,1814651166,5144.8
7154182735,1814651166,5476.9
7154182740,1814651166,5816.2
7154184125,1814651166,4220.7
7154184129,1814651166,4329.2
7154184130,1814651166,4341.6
7154184131,1814651166,4044.3
7154184132,1814651166,3920.6
7154184133,1814651166,3738.1
7154184134,1814651166,3722.0
7154184158,1290395232,4607.5
7154184159,1290395232,4781.9
7154184166,1290395232,4064.4
7154185640,7178880041,1270.8
7154185657,3367156838,1705.3
7154185659,3367156838,1883.3
7154185661,3367156838,1274.0
7154185662,3367156838,788.0
7154185663,3367156838,817.7
7154185727,4050649085,315.6
7154185729,4050649085,331.2
7154185730,4050649085,779.0
7154185731,4050649085,97.8
7154185733,4050649085,582.4
7154185736,4050649085,1335.8
7154185737,4050649085,1081.2
7154185739,4050649085,1067.8
7154206506,1290395232,3537.6
7154206514,1290395232,4120.8
7154206522,1290395232,3249.0
7154206527,1290395232,2131.2
7154206529,1148754930,2143.4
7154206530,1148754930,2031.1
7154206531,1148754930,1978.8
7154206532,1148754930,2000.1
7154206541,11880563955,11.2
7154206544,3541539575,489.0
7154206548,3541539575,983.2
7154206551,11880563955,788.5
7154206557,11880563955,1755.3
7154206561,11880563955,2570.5
7154206563,3541539575,1642.1
7154206575,1148754930,1515.9
7154206577,1148754930,2167.4
7154206578,1148754930,2096.8
7154206590,1148754930,1173.4
7154206596,4742253048,2966.4
7154206599,4742253048,3327.3
7154206600,2401390759,578.9
7154206603,2401390759,1623.5
7154206605,2401390759,1570.2
7154206611,2401390759,910.5
7154206612,4742253048,2606.9
7154206618,4742253048,1654.2
7154206620,4742253048,1849.8
7154206627,4742253048,1527.8
7154206643,4742253048,2514.8
7154206644,4742253048,2143.7
7154206653,4742253048,1966.8
7154206654,4742253048,2635.5
7154206656,4742253048,2434.8
7154206658,4742253048,2429.5
7154206659,4742253048,1819.1
7154206670,4742253048,1919.1
7154206671,4742253048,3298.2
7154206674,4742253048,3024.6
7154206675,4742253048,3991.6
7154206679,4742253048,3754.5
7154206680,1148754930,1036.8
7154206681,1148754930,1002.7
7154206685,4742253048,3392.3
7156903280,11250185933,1691.2
7156903281,11250185933,1395.1
7156903282,11250185933,1174.9
7156903283,11250185933,1859.9
7156939669,11250185933,1531.7
7157578621,7157578628,1670.5
7157578623,7157578628,1376.2
7157578628,7157578628,0.0
7157578632,7178880041,2716.4
7159564900,9487411581,2342.4
7159564901,9487411581,2163.6
7159564902,9487411581,2215.2
7159564908,9487411581,2002.2
7159564909,9487411581,1449.8
7159632306,4050649085,1396.2
7159632307,4050649085,1420.9
7159632308,4050649085,1403.2
7159632309,4050649085,1413.0
7160832674,9487411571,2358.2
7160832675,9487411571,1828.3
7160832676,9487411581,638.5
7160832677,9487411581,616.3
7160832684,9487411581,637.0
7160849911,9487411571,2386.5
7160849912,7160849932,1330.7
7160849914,7160849932,850.8
7160849915,7160849932,2514.4
7160849926,7160849932,990.2
7160849932,7160849932,0.0
7160849936,9487411581,1344.7
7160875785,9487411581,524.4
7170382600,8198567118,1588.4
7170382601,8198567118,1776.7
7178800021,3501002866,8098.2
7178831308,6868989296,3823.7
7178831313,6868989296,2932.1
7178831314,1880400488,2528.0
7178831318,1880400488,2750.4
7178831325,6868989296,2897.9
7178831326,6868989296,3837.7
7178831327,6868989296,3015.0
7178831333,6868989296,3495.0
7178831335,1880400488,2542.8
7178831339,1880400488,2891.9
7178831340,1880400488,3372.4
7178831343,6868989296,3451.2
7178831345,6868989296,3325.9
7178831348,6868989296,3484.6
7178873140,1880400488,2085.5
7178878583,1880400488,2756.2
7178879888,4523470682,2540.5
7178879889,4523470682,3532.2
7178879894,3367156838,1519.5
7178879905,1880400488,3498.3
7178879910,3367156838,426.8
7178879911,3367156838,822.3
7178879915,4523470682,3044.4
7178879923,7178880041,1822.8
7178879930,3367156838,732.0
7178879945,7157578628,1290.3
7178879947,7178880041,183.1
7178879948,7178880041,972.4
7178879956,7178880041,666.1
7178879957,7178880041,1120.1
7178879962,4523470682,3011.5
7178879963,7178880041,300.1
7178879978,7178880041,1468.0
7178879979,7178880041,521.4
7178879986,7178880041,220.4
7178879994,4523470682,3549.1
7178879995,3367156838,895.7
7178879998,3367156838,1409.3
7178880000,7178880041,47.5
7178880008,3367156838,1710.1
7178880009,3367156838,906.6
7178880013,1880400488,3014.5
7178880017,7178880041,784.3
7178880021,3367156838,917.6
7178880022,4523470682,2020.3
7178880029,4523470682,1997.5
7178880030,4523470682,3068.8
7178880041,7178880041,0.0
7178880047,4523470682,1411.0
7178880057,4523470682,475.6
7178880058,4523470682,3317.4
7178880063,3367156838,737.7
7178880068,4523470682,3510.3
7190268914,12463139050,10072.3
7215552538,3367156838,955.6
7215552541,3367156838,160.8
7215552546,7157578628,846.5
7216530624,1880400488,1665.5
7216530628,1880400488,1740.6
7216530632,1880400488,1946.4
7216530741,1880400488,1100.8
7216531557,7157578628,5269.5
7216531559,7157578628,4921.9
7216532182,1887828574,4320.6
7216532215,6868989296,3280.2
7216532239,1459170126,4224.1
7216532241,6868989296,3905.0
7216532257,6868989296,498.5
7216532270,6868989296,1041.5
7216532277,1880400488,2918.9
7216532282,1880400488,2694.9
7216532284,1880400488,2627.7
7216532286,1880400488,2442.3
7216532313,7157578628,5017.6
7216532314,7157578628,4884.2
7216532315,7157578628,4752.9
7216532316,7157578628,4603.1
7216532321,7157578628,4685.6
7216532326,7157578628,5125.8
7216532327,7157578628,4560.1
7216532357,7157578628,4819.6
7216532366,7157578628,4708.0
7216532369,7157578628,5567.9
7216532374,7157578628,4546.4
7216532375,7157578628,5050.6
7216532379,7157578628,4650.9
7216532381,7157578628,4813.8
7216532383,7157578628,4300.4
7216532386,7157578628,3838.3
7216532388,7157578628,4409.2
7216532389,7157578628,3739.1
7216554375,1880400488,3629.2
7216601028,1880400488,1790.9
7216601040,1880400488,1862.0
7216601045,1880400488,3079.9
7216601049,1880400488,3028.2
7216601065,6868989296,4409.6
7216601068,6868989296,4342.6
7217380402,1887828574,3272.8
7217380411,1887828574,2684.6
7217380413,1887828574,3520.1
7217380414,1887828574,3570.6
7217380419,1887828574,2231.5
7217380420,1887828574,2207.5
7217380433,1887828574,1019.4
7217380440,7157578628,1646.6
7217380447,1887828574,766.9
7217380452,1887828574,1264.9
7217380463,1887828574,2527.2
7217380464,1887828574,2705.2
7217380468,1887828574,2467.7
7217380470,1887828574,1705.1
7217380471,1887828574,1665.0
7217380480,1887828574,2166.0
7217380483,1887828574,2132.3
7217380484,1887828574,2113.1
7217427468,1887828574,1372.2
7217427469,1887828574,1236.6
7217427470,1887828574,1240.2
7217427471,1887828574,1123.2
7217427480,1887828574,2637.3
7218133981,6868989296,2794.3
7218151400,6868989296,3173.8
7218151435,3030038002,2850.7
7218151436,3030038002,2791.8
7218151437,3030038002,2879.1
7218151463,3030038002,2822.3
7218151509,3030038002,2702.0
7218151617,3030038002,3298.5
7218151621,3030038002,3370.6
7218151631,6868989296,3209.4
7218151634,6868989296,3061.8
7218151635,6868989296,2486.0
7218151636,6868989296,2386.9
7218151642,6868989296,2493.6
7218151646,6868989296,2348.8
7221376524,2457603193,9488.0
7221376525,2457603193,10576.2
7221376526,2457603193,9524.0
7221376528,2457603193,9513.9
7221376531,2457603193,9504.1
7221376532,2457603193,10065.9
7221376542,2457603193,9469.4
7221376543,2457603193,8775.3
7221376545,2457603193,9066.9
7221376550,2457603193,8547.9
7221376557,2457603193,7949.5
7221376563,2457603193,7922.0
7221376570,2457603193,7255.9
7221376573,2457603193,5967.9
7221391897,12381917927,2019.7
7221391918,12381917927,1326.4
7221412129,2457603193,8000.5
7221412130,2457603193,7966.6
7221412131,2457603193,8893.9
7221412132,2457603193,8884.0
7221412137,2457603193,9093.0
7221412138,2457603193,9144.1
7221412140,2457603193,8922.5
7221412141,2457603193,9664.7
7221412142,2457603193,8931.9
7221412143,2457603193,7773.4
7221412144,2457603193,8222.5
7221412145,2457603193,9643.8
7221412146,2457603193,9677.5
7221412147,2457603193,10024.3
7221412148,2457603193,10789.7
7221412149,2457603193,10936.0
7221412150,2457603193,10468.8
7221412151,2457603193,10925.8
7221412152,2457603193,10954.0
7221412154,2457603193,7008.4
7221412157,2457603193,7583.7
7221412158,2457603193,7565.8
7221412162,2457603193,7676.0
7221412163,2457603193,7959.4
7221412165,2457603193,7505.1
7221412166,2457603193,6521.3
7221412167,2457603193,7232.3
7227313002,1212025348,1465.7
7227313003,1212025348,1612.5
7227313184,1212025348,2592.9
7227313185,1212025348,2610.8
7227313196,1212025348,2831.8
7227313199,1212025348,2091.7
7227313200,1212025348,2060.5
7227316393,1212025348,2001.7
7227316394,1212025348,1969.1
7227316395,1212025348,2740.0
7227316398,1212025348,2003.5
7227316404,1212025348,1589.0
7227316405,1212025348,2203.8
7227316407,1212025348,1710.9
7227347420,4541277493,1429.9
7227347421,4541277493,1624.6
7227347422,4541277493,1898.4
7227347427,7227625036,1621.7
7227347429,7227625036,2021.9
7227374356,1212025348,2775.1
7227374359,4541277493,3004.2
7227374523,7227625036,2966.3
7227374525,1212025348,2967.9
7227374526,1212025348,2936.7
7227374528,7227625036,2522.7
7227374533,7227625036,3223.4
7227374539,7227625036,2550.4
7227374542,7227625036,3417.2
7227374550,7227625036,4012.8
7227374551,7227625036,4030.6
7227374671,1212025348,3938.6
7227374672,1212025348,3973.8
7227374871,-1,-1.0
7227374875,-1,-1.0
7227374877,-1,-1.0
7227374887,-1,-1.0
7227624527,7227625036,1605.0
7227624534,7227625036,1691.1
7227624535,7227625036,2062.6
7227624537,7227625036,2607.4
7227625018,4181217433,3182.0
7227625036,7227625036,0.0
7227625039,7227625036,201.3
7227625273,4541277493,1072.8
7227649500,8358666767,3754.4
7227649501,7227625036,3764.2
7227649503,7227625036,4201.2
7229678932,2401177369,1903.6
7229678933,2401177369,1933.7
7229765806,2401177369,2102.8
7229765810,2401177369,2373.1
7230701731,7227625036,3651.6
7230701734,7227625036,3753.9
7230701735,7227625036,3784.2
7230701736,7227625036,4281.9
7230701741,7227625036,2955.8
7230783610,4541277493,1600.9
7230791032,1212025358,1079.3
7230791813,4541277493,1773.4
7230801846,1212025358,1837.0
7230801847,1212025358,1551.7
7230801848,1212025358,1493.3
7230812514,1212025358,2222.7
7230812516,4541277493,2329.6
7230845348,4541277493,1388.3
7230845350,4541277493,2159.3
7230845352,4541277493,2402.4
7230845353,4541277493,2385.5
7230845359,4541277493,1163.9
7230845362,4541277493,3006.3
7230845363,1212025358,2902.7
7230845366,1212025358,2466.6
7230883794,1212025358,2950.2
7230885076,4541277493,1629.5
7230885077,4541277493,1452.0
7232485266,1233322729,2313.6
7232495134,3501002866,424.2
7232495576,1233322729,4643.2
7232495579,1233322729,3474.5
7232495582,1233322729,2649.3
7232495583,1233322729,2626.0
7232506362,1233322729,2582.7
7232506364,1233322729,1931.6
7232506365,1233322729,2237.7
7232506368,1233322729,2081.2
7232506373,1233322729,1700.1
7232531427,1233322729,1416.7
7232531428,1233322729,1857.6
7232540837,-1,-1.0
7232558601,1233322729,1797.3
7232612059,3501002866,1344.8
7232612063,3501002866,1135.5
7232629370,1233322729,5076.5
7232629376,1233322729,3835.6
7232629379,1233322729,3169.0
7232629380,1233322729,4010.7
7232634519,3501002866,2378.1
7232634520,3501002866,2730.7
7232634521,3501002866,2408.6
7232634523,3501002866,2200.5
7232634537,3501002866,2498.8
7232634538,3501002866,2754.1
7232634554,3501002866,1983.2
7232634563,3501002866,759.1
7232634573,3501002866,2069.0
7232650674,11176160735,1663.2
7232650676,11176160735,2140.8
7232650677,11176160735,2379.0
7232650678,11176160735,2316.0
7232650680,11176160735,2364.5
7232650681,11176160735,2139.0
7232650682,11176160735,2160.8
7232650683,11176160735,2745.2
7232653516,1233322729,4527.9
7232653520,3044755215,4552.0
7232653522,3044755215,3894.3
7232653524,3044755215,3090.2
7232653528,3044755215,3008.7
7232653529,3044755215,2551.8
7232653574,3044755215,2359.7
7232653578,3044755215,2273.9
7232653579,3044755215,2431.4
7232659587,3044755215,3690.9
7232659589,3044755215,4354.3
7232659593,3044755215,4102.9
7232659594,3044755215,4075.9
7232659595,3044755215,3465.3
7232659598,3044755215,3191.8
7232659602,3044755215,3706.3
7232659607,3044755215,3711.4
7232659608,3044755215,3887.0
7232659618,1233322729,4555.3
7232659624,3044755215,3697.7
7232659625,3044755215,3716.4
7232659633,1233322729,4452.8
7232659656,3044755215,4036.3
7232659657,3044755215,4015.0
7232659666,3044755215,4206.1
7232659667,3044755215,3902.6
7232659670,3044755215,4509.4
7232659671,3044755215,4529.7
7232659672,3044755215,4893.3
7232659673,1233322729,3963.6
7232659683,3044755215,4392.6
7232659775,11250185933,1027.0
7232659777,11250185933,689.5
7232659778,11250185933,719.6
7232659779,11250185933,1057.6
7232670185,11250185933,2920.8
7232670186,11250185933,3346.1
7232670187,11250185933,2648.4
7232670190,11250185933,3752.6
7232670191,11250185933,3928.9
7232670199,3044755215,4950.1
7232670200,3044755215,5002.3
7232670201,3044755215,5125.8
7232670219,3044755215,2872.1
7232670220,3044755215,2944.8
7232670221,3044755215,2905.1
7232670222,3044755215,2850.7
7232993504,3822225896,1366.0
7232993506,3822225896,1072.0
7232993509,3822225896,614.9
7232993511,3822225896,177.9
7233004112,3822225896,1831.6
7233004114,3822225896,1497.3
7233048699,4050649085,2640.1
7233099366,3044755215,868.3
7233099367,3044755215,821.6
7233099368,3044755215,938.2
7233099380,3044755215,996.5
7233099381,3044755215,1343.0
7233099382,3044755215,1324.1
7233099383,3044755215,668.3
7233099384,3044755215,889.4
7233154385,4050649085,1453.5
7233154386,4050649085,1471.2
7233154387,4050649085,1492.9
7233154390,3044755215,871.2
7233154392,3044755215,375.5
7233154393,3044755215,352.0
7233154394,3044755215,814.6
7233154396,4050649085,1273.5
7233161009,4050649085,1094.4
7233161010,4050649085,1115.2
7233161011,4050649085,1133.8
7233161013,4050649085,1096.6
7233161014,4050649085,1081.1
7233161017,4050649085,583.7
7233161018,4050649085,601.0
7233161019,4050649085,394.4
7233161072,4050649085,1474.0
7233179332,4050649085,2452.5
7233179334,3044755215,2208.7
7233179335,3044755215,2331.0
7233179337,3044755215,2339.7
7233179342,3044755215,1161.4
7233179343,3044755215,1674.8
7233179346,3044755215,1307.4
7233179350,3044755215,670.9
7233179351,3044755215,644.5
7233461589,3044755215,1648.6
7235343214,3044755215,3023.1
7235350847,1233322729,1105.5
7235350851,-1,-1.0
7235350852,1233322729,914.8
7235350855,1233322729,1015.4
7235350859,1233322729,856.3
7235350860,1233322729,1280.1
7235350863,1233322729,1131.2
7235357723,11250185933,1618.2
7235357725,11250185933,1411.9
7235357736,11250185933,2431.3
7235357749,11250185933,1359.5
7235357752,11250185933,1167.5
7235357762,11250185933,2733.8
7235363846,3044755215,3063.5
7235363847,3044755215,3000.8
7235363855,3044755215,2059.1
7235363857,3044755215,1686.5
7235363860,3044755215,1977.7
7235363892,3044755215,3148.7
7235363916,3044755215,4288.6
7235375773,3044755215,4199.8
7235406825,11250185933,2399.0
7239273289,2401390759,1330.4
7241074856,-1,-1.0
7241082958,3044755215,886.5
7241082962,3367156838,1467.3
7241082969,4050649085,1132.6
7241082970,4050649085,1078.7
7241082979,3367156838,1454.7
7241517376,9933767027,3904.9
7241517382,9933767027,3442.4
7241517383,9933767027,3478.7
7241542785,9933767027,3450.0
7241542790,9933767027,3398.9
7241542793,9933767027,3324.1
7241542794,9933767027,3376.6
7241542795,9933767027,3535.5
7241542799,9933767027,3899.3
7271085110,1814651166,2460.7
7281336492,1814651166,1358.9
7281336505,1814651166,3365.8
7281336511,1814651166,1405.4
7281336521,1814651166,2973.7
7281336558,1814651166,1240.2
7281336559,1814651166,3358.5
7281336562,12381917927,1619.9
7281336573,12381917927,1552.9
7281336578,12381917927,1006.4
7281336581,12381917927,1404.6
7281336594,12381917927,2075.4
7281336598,12381917927,1039.7
7281336601,12381917927,979.3
7281336619,12381917927,1058.6
7281336620,1814651166,1399.2
7281789514,2401390759,2050.4
7281789523,2401390759,1328.2
7281789529,2401390759,1014.8
7281789558,2401390759,2402.4
7281789562,2401390759,724.4
7281878528,1290395232,4887.7
7281878535,1290395232,1847.5
7281878563,1290395232,1884.1
7281878567,1290395232,2072.0
7281878568,1290395232,2356.6
7281878569,1290395232,1776.5
7281878576,1290395232,2178.4
7281878582,1148754930,4632.5
7281878596,1148754930,1821.1
7281964550,1290395232,1623.0
7281964553,1290395232,2350.8
7281964567,1290395232,2285.3
7281964569,1290395232,2153.9
7281964572,1290395232,2340.5
7281964582,1290395232,2458.5
7281964608,1290395232,2644.5
7281964624,1290395232,1804.9
7281964630,1290395232,1954.5
7281964635,1290395232,1934.1
7281964781,1148754930,1320.8
7288767625,9487411581,1749.0
7288767626,9487411581,1623.1
7288767627,9487411581,1807.9
7288767628,9487411581,1678.9
7288767629,9487411581,1804.7
7288767630,9487411581,1680.6
7288767631,9487411581,1739.9
7288767632,9487411581,1628.7
7288767633,9487411581,1609.9
7288767634,9487411581,1505.1
7288767635,9487411581,1665.0
7288767636,9487411581,1559.7
7288767637,9487411581,1699.9
7288767638,9487411581,1643.6
7288767639,9487411581,1473.5
7288767640,9487411581,1378.8
7288767641,9487411581,1543.0
7288767642,9487411581,1450.2
7288767643,9487411581,1606.7
7288767644,9487411581,1524.5
7288767645,9487411581,1552.2
7288767646,9487411581,1476.0
7288767647,9487411581,1495.4
7288767648,9487411581,1496.6
7288767649,9487411581,1643.0
7288767650,9487411581,1577.4
7288767651,9487411581,1881.7
7288767656,9487411581,1574.5
7288767659,9487411581,1800.5
7288767666,9487411581,1190.3
7288767668,13747437765,1818.3
7288767669,13747437765,1657.4
7288767670,13747437765,1738.9
7288767671,13747437765,1566.9
7288767672,9487411581,1654.6
7288767675,13747437765,1479.4
7288767676,13747437765,2274.7
7288767677,13747437765,2775.3
7288785087,13747437765,2211.5
7288785090,13747437765,1951.0
7288785091,9487411581,2181.3
7288785093,9487411581,1928.5
7288820604,9487411581,1427.0
7288820606,9487411581,871.0
7288825615,9487411581,614.4
7288825616,9487411581,561.4
7288825617,9487411581,638.1
7288825630,9487411581,651.1
7288825631,9487411581,476.7
7288825632,9487411581,984.0
7288825633,9487411581,765.4
7288825634,9487411581,838.9
7288825635,9487411581,706.5
7288825636,9487411581,666.1
7288825639,9487411581,480.4
7288825640,13747437765,586.7
7288825641,9487411581,828.5
7288825642,9487411581,807.1
7288825643,9487411581,636.4
7289755963,7295164908,2095.0
7289755975,7295164908,2292.6
7295164898,7295164908,1634.7
7295164899,7295164908,1063.3
7295164904,7295164908,336.8
7295164907,7295164908,23.1
7295164908,7295164908,0.0
7296625775,7295164908,832.7
7296625776,7295164908,852.7
7296625782,7295164908,519.8
7296661992,8197771709,1174.3
7296661993,8197771709,1164.3
7296661995,8197771709,787.6
7296661997,8197771709,1196.6
7296661998,8197771709,1186.2
7296662003,7295164908,1048.4
7296662010,7295164908,507.6
7296662011,-1,-1.0
7296662016,8197771709,1294.9
7296662017,8197771709,1304.5
7296662018,8197771709,1944.9
7296662020,7295164908,1566.4
7333095718,9933767027,5195.9
7341371591,3584782896,3773.2
7385521332,1880396007,2660.1
7385521333,1880396007,2753.7
7385521334,1880396007,2882.5
7385521335,1880396007,2788.5
7385521336,1880396007,2564.8
7385521338,1880396007,2640.2
7385521339,1880396007,2514.1
7385521340,1880396007,2759.1
7385521341,1880396007,2553.7
7385521342,1880396007,2579.0
7385521345,1880396007,2187.1
7385526868,8198567118,2460.3
7390688860,3367156838,1230.3
7390688861,3367156838,496.5
7390688862,3367156838,580.2
7390688863,3367156838,1455.0
7390688864,3367156838,1531.5
7390688865,3367156838,1284.8
7390688867,3367156838,915.0
7390688872,3367156838,1427.8
7393377011,9933767027,2651.1
7393377012,9933767027,2056.0
7393377023,9933767027,2705.5
7393377025,9933767027,3074.2
7393377026,9933767027,3067.5
7393377029,9933767027,2540.8
7393377039,2482884829,3705.4
7393377049,10080986063,3953.1
7393377061,2482884829,3921.6
7393377062,9933767027,6284.0
7393377074,9933767027,2338.6
7393377075,9933767027,5901.4
7393389895,2482884829,4242.1
7393389897,9933767027,1829.5
7393389898,10080986063,2998.6
7393389903,4742253048,4053.5
7393389907,9933767027,3190.5
7393389913,4742253048,3072.1
7393389919,9933767027,3582.2
7393389921,10080986063,3261.4
7393389922,9933767027,3882.0
7393389925,2482884829,3169.2
7393389930,4742253048,1441.3
7411545946,2457603193,13064.7
7411545947,2457603193,12365.7
7414953042,11880563955,3207.1
7414953048,11880563955,1602.6
7417044593,1233322729,1773.7
7417044603,1233322729,2683.9
7438202414,11250185933,6102.0
7438202431,11250185933,6781.7
7438202432,11250185933,6015.9
7438202446,11250185933,5957.0
7438202447,3822225896,1895.0
7438202466,3822225896,4241.3
7440011348,4050649085,1799.0
7440011355,11176160735,3154.5
7440011362,11176160735,2537.1
7440011363,-1,-1.0
7440011368,11176160735,2272.4
7440011369,11176160735,2301.2
7440011370,11176160735,2322.9
7440011371,11176160735,2251.0
7440038928,9933767027,3753.1
7440038938,9933767027,3656.3
7440038940,9933767027,2845.0
7440038946,9933767027,2820.2
7440038947,9933767027,2810.5
7440038948,9933767027,2784.1
7440038949,9933767027,2793.5
7440052674,10080986063,2200.4
7440052677,7295164908,4640.8
7440056753,9487411571,5006.0
7440056754,9487411571,5365.2
7440056755,9487411571,5668.4
7440056756,9487411571,5064.7
7441939710,9487411581,3874.1
7441939731,3030038002,4151.5
7474938417,11880563955,2497.0
7474938420,1148754930,3199.8
7474938421,11880563955,2995.0
7512416579,7295164908,3743.8
7512416580,7295164908,3827.0
7515952529,-1,-1.0
7516046072,3367156838,1730.1
7516046073,3367156838,2066.7
7516046074,3367156838,1556.7
7516049786,3367156838,2018.9
7516049790,3367156838,2250.0
7516058177,7157578628,2612.8
7516058178,3822225896,2243.6
7516058184,12247625066,2595.4
7539398225,7157578628,2519.6
7539398230,7157578628,2395.6
7539398237,7178880041,3285.3
7539398242,1880400488,3563.4
7604043545,1880400488,2226.2
7604043546,1880400488,2469.6
7604043554,1880400488,2505.6
7604043556,1880400488,2254.0
7614769859,12463139050,8481.7
7614804271,7614809187,555.4
7614804272,7614809187,475.4
7614804273,3030038002,3088.5
7614804283,3030038002,1697.0
7614809185,3030038002,1742.5
7614809187,7614809187,0.0
7614809188,7614809187,1046.4
7614809190,7614809187,1093.8
7614809193,7614809187,1086.7
7614809196,3030038002,1102.8
7614809197,3030038002,1082.4
7614809214,3030038002,2110.6
7614809215,-1,-1.0
7614809224,3030038002,4362.1
7614809225,3030038002,2543.6
7614809249,3030038002,2461.8
7614809251,3030038002,2435.7
7614809252,3030038002,2381.6
7614809253,3030038002,2407.8
7614809282,3030038002,869.7
7614809283,3030038002,883.4
7614809285,3030038002,501.6
7614809286,3030038002,489.3
7614809289,3030038002,842.8
7614809293,3030038002,1307.7
7614809294,3030038002,1330.1
7614809296,3030038002,2066.4
7614809299,3030038002,855.0
7614809312,3030038002,389.2
7614809313,3030038002,328.1
7614809319,3030038002,982.2
7614809320,3030038002,930.1
7614809321,3030038002,57.9
7614809327,3030038002,422.2
7614809330,7614809187,902.4
7614809336,3030038002,440.8
7614809339,3030038002,787.5
7614809341,2045952502,922.1
7614809345,3030038002,856.5
7614809347,3030038002,1039.9
7614809348,3030038002,493.4
7614809357,3030038002,4518.8
7614809358,2045952502,806.5
7614809360,2045952502,876.3
7614809361,3030038002,3769.6
7614809363,2045952502,2145.8
7614809368,3030038002,1239.0
7614809369,3030038002,1215.8
7614809371,3030038002,1348.8
7614809374,2045952502,1378.4
7614809375,2045952502,1215.2
7614809385,3030038002,1272.6
7614809387,3030038002,965.5
7614809392,3030038002,1173.0
7614809401,3030038002,1246.4
7614809408,2045952502,1207.9
7614809410,2045952502,587.2
7614809411,2045952502,1026.5
7614809412,2045952502,1072.3
7614809414,2045952502,922.6
7614809415,2045952502,945.3
7614809418,2045952502,693.2
7614809421,2045952502,996.2
7614809432,2045952502,643.8
7614809434,2045952502,657.9
7614809439,2045952502,612.2
7614809445,2045952502,716.5
7614809446,3030038002,4665.1
7614809482,2045952502,683.0
7618118625,12463139050,7389.1
7618118631,12463139050,7890.5
7618118637,12463139050,8244.2
7618118642,12463139050,8960.4
7618118643,12463139050,6974.7
7618118644,12463139050,7450.4
7618118646,12463139050,8004.5
7618118647,9208010658,6593.3
7618118650,9208010658,6959.4
7618118657,-1,-1.0
7618118658,12463139050,6486.7
7618118659,12463139050,6261.2
7618118660,12463139050,6341.5
7618118672,9208010658,6870.8
7618118673,9208010658,6963.2
7618118674,-1,-1.0
7618118675,9208010658,6233.9
7618118676,9208010658,6025.0
7618145159,12463139050,6802.6
7618145161,12463139050,6878.5
7618145171,12463139050,7094.7
7618145172,12463139050,6920.2
7618145176,12463139050,7130.0
7618145183,12463139050,7166.6
7618145186,12463139050,7321.7
7618145187,12463139050,7319.5
7618145188,12463139050,7455.7
7618145200,12463139050,7222.5
7618145201,12463139050,7288.7
7618145228,12463139050,8168.5
7618145233,9208010658,6080.3
7618209688,2457603193,8731.1
7618209689,2457603193,7747.0
7618209690,2457603193,6723.1
7618209691,2457603193,6708.7
7618209692,2457603193,6733.3
7618209693,2457603193,7051.6
7618209694,2457603193,7193.2
7618209695,2457603193,8148.5
7618209696,2457603193,7451.7
7618209698,2457603193,7154.0
7618209699,2457603193,7393.6
7618209700,2457603193,7433.7
7618209701,2457603193,7889.4
7618209702,2457603193,7410.4
7618209705,2457603193,8531.9
7618209710,2457603193,8566.9
7618209715,2457603193,8087.9
7618209721,2457603193,7771.9
7618209722,2457603193,8097.1
7618209723,2457603193,9213.7
7618209724,2457603193,8835.9
7618209725,2457603193,8439.1
7618209726,2457603193,8457.6
7618209731,2457603193,9902.4
7618209732,2457603193,9091.6
7618209733,2457603193,9202.1
7618209734,2457603193,9226.5
7618209735,2457603193,9372.5
7618209736,2457603193,9265.3
7618209740,2457603193,9677.9
7618209741,2457603193,8989.8
7618209742,2457603193,9357.9
7618209743,2457603193,9104.0
7618209748,2457603193,9258.4
7618209749,2457603193,9171.2
7618209751,2457603193,9228.3
7618209752,2457603193,9269.2
7618209753,2457603193,9136.3
7618209758,2457603193,8798.4
7618209762,2457603193,8921.8
7618209763,2457603193,8586.8
7618209767,2457603193,8522.9
7620877410,7227625036,4417.3
7620877411,7227625036,2593.5
7638241901,4742253048,9294.5
7654235640,-1,-1.0
7654235659,1290395232,3421.6
7654235695,8358666767,2029.7
7674661165,4742253048,6016.8
7674711338,9933767027,2208.8
7674711339,9933767027,1141.3
7674711340,9933767027,1129.4
7674711341,9933767027,1681.2
7674711343,9933767027,2109.9
7674711344,9933767027,2162.0
7674711345,9933767027,2826.6
7674711346,9933767027,2811.0
7674711350,9933767027,2708.5
7674711351,9933767027,2150.4
7674711354,9933767027,2171.0
7674711358,9933767027,3186.1
7674711359,9933767027,3829.1
7674711360,9933767027,2622.8
7674711361,9933767027,3216.4
7674711362,9933767027,4048.3
7674713292,9933767027,1102.1
7674713293,9933767027,1116.4
7674713294,9933767027,1695.0
7674713295,9933767027,1712.8
7674713296,9933767027,2664.0
7674713301,9933767027,2680.0
7674713302,9933767027,1734.1
7674713303,9933767027,1751.8
7674713304,9933767027,1123.1
7674713305,9933767027,1095.0
7674713321,9933767027,2859.6
7674713322,9933767027,3507.8
7674713323,9933767027,2875.9
7674713324,9933767027,3882.8
7674713325,9933767027,2730.4
7674713326,9933767027,3110.4
7674713327,9933767027,3125.9
7674713330,9933767027,3138.8
7674713331,9933767027,3097.4
7674713332,9933767027,2759.1
7674713333,9933767027,2721.3
7674713334,9933767027,3285.9
7674713339,9933767027,2677.3
7674713340,9933767027,3123.8
7674713341,9933767027,3104.2
7674713370,10080986063,2544.8
7674713379,10080986063,1076.2
7674713380,10080986063,1343.6
7674713382,10080986063,1085.0
7674713389,10080986063,2531.9
7674713391,10080986063,2282.9
7674713392,10080986063,2619.0
7674713427,10080986063,882.3
7674713429,10080986063,852.1
7674713438,10080986063,2129.9
7674713447,10080986063,1358.9
7674713451,10080986063,747.1
7674713454,10080986063,663.4
7674713459,10080986063,1906.4
7674713460,10080986063,1003.8
7674713464,10080986063,1026.3
7674713465,10080986063,1016.5
7674713467,2482884829,446.7
7678645164,11250185933,1678.4
7678645166,11250185933,1648.5
7678645170,11250185933,1288.0
7678645171,11250185933,1020.4
7705322720,9487411571,4635.4
7705322735,9487411571,4652.1
7705322752,9487411571,4664.9
7705322753,9487411571,4803.5
7705322754,9487411571,4788.1
7705322756,9487411571,4344.9
7705322761,9487411571,4970.5
7705322762,9487411571,4957.1
7705322764,9487411571,1738.4
7705322774,9487411571,1801.6
7705324188,9487411571,3733.6
7705324196,9487411571,2429.4
7705324206,9487411571,2394.3
7705324217,7160849932,3228.3
7705324236,9487411571,2442.9
7705324241,9487411571,314.3
7705324242,9487411571,2758.8
7705324249,7295164908,2749.4
7705324250,7295164908,2765.8
7705324254,7295164908,3356.4
7705324255,7295164908,3364.6
7705324267,7295164908,3040.6
7705324269,7295164908,3256.3
7705324271,7295164908,2928.0
7705324276,7295164908,3305.3
7705324277,7295164908,3345.2
7705324281,7295164908,3050.8
7705324287,7295164908,2951.6
7705324293,7295164908,3341.9
7705324294,7295164908,3349.9
7705324297,7295164908,2810.9
7705324298,7295164908,2822.5
7705324302,7295164908,3381.3
7705324308,1459170126,4742.0
7705324311,7295164908,2885.2
7705324312,7295164908,2872.7
7705324317,7295164908,3829.7
7705324318,7295164908,3006.5
7705324320,7295164908,4583.3
7705324325,7295164908,4717.4
7705324333,7295164908,4249.9
7705324337,1459170126,3646.7
7705324340,9487411571,3925.6
7705324341,9487411571,3888.7
7705324342,9487411571,3914.7
7705324345,1459170126,3688.2
7705324347,9487411571,3109.2
7705324350,9487411571,3508.5
7705324354,9487411571,5212.0
7705324358,9487411571,3723.2
7705324359,9487411571,3732.6
7705324363,9487411571,3876.7
7705324364,7295164908,3886.4
7705324369,7295164908,4479.1
7705324374,7295164908,3848.8
7705324375,7295164908,3871.0
7705324376,7295164908,3882.7
7705324377,7295164908,3837.6
7705324390,7295164908,3892.2
7705324391,7295164908,4980.9
7705324392,7295164908,4426.5
7705324393,7295164908,4441.7
7705324401,1459170126,3876.3
7705324402,1459170126,3825.2
7705324406,1459170126,3869.0
7705324408,7295164908,4788.4
7705324414,9487411571,4140.5
7705324415,1459170126,4219.0
7705324416,1459170126,4174.6
7705324417,9487411571,4150.1
7705324418,9487411571,4169.1
7705324423,7295164908,4787.7
7705324424,1459170126,4205.0
7705324425,1459170126,4188.6
7705324436,7295164908,4229.3
7705324437,7295164908,4737.8
7705324448,7295164908,4184.6
7705324449,7295164908,4202.2
7705324450,7295164908,4739.9
7705324455,7295164908,4724.6
7705324466,7295164908,4169.9
7705324467,7295164908,4216.3
7705324482,1459170126,4717.3
7705324483,7295164908,4510.8
7705324484,7295164908,4468.4
7705324485,7295164908,5014.2
7705324486,1459170126,4701.4
7705324487,1459170126,4707.8
7705324488,1459170126,4681.8
7705324492,7295164908,5032.0
7705324505,7295164908,4434.4
7705324506,7295164908,4500.1
7705324507,7295164908,4030.3
7705324508,7295164908,4048.3
7705324515,9487411571,3779.8
7705324516,9487411571,3310.5
7705324527,9487411571,3762.9
7705324529,1459170126,4823.5
7705324532,1459170126,4197.0
7705324533,1459170126,4147.8
7705324535,1459170126,4608.5
7705324538,9487411571,4630.5
7705324539,9487411571,3896.1
7705324541,9487411571,4148.3
7705324543,9487411571,2141.8
7706784489,9487411571,4402.6
7706784495,9487411571,3625.7
7706784498,9487411571,2191.5
7706784499,9487411571,2179.2
7706784502,9487411571,2206.0
7706784510,9487411571,2218.7
7706784515,9487411571,4283.0
7706784516,9487411571,4372.5
7706784522,9487411571,5420.1
7706784523,9487411571,5406.7
7706784524,9487411571,3234.6
7706784526,9487411571,2751.1
7706784527,9487411571,2737.2
7706784528,9487411571,2803.3
7706784536,9487411571,5966.6
7706784537,9487411571,5436.2
7706784538,9487411571,5449.8
7706784539,9487411571,5059.0
7706784540,9487411571,4687.3
7706784541,9487411571,4028.6
7706784543,9487411571,3219.1
7706784545,9487411571,2779.0
7706784546,9487411571,2792.5
7706784547,9487411571,6858.6
7706784552,9487411571,6944.5
7706784990,-1,-1.0
7706784991,9487411571,5675.4
7706785013,9487411571,6670.7
7706785014,9487411571,6702.3
7706785015,9487411571,7400.8
7706785037,7295164908,4734.2
7706785039,1459170126,4730.3
7706785042,9487411571,5721.2
7706785043,7295164908,6800.6
7706785044,9487411571,5783.0
7706785048,9487411571,5124.8
7706785049,7295164908,4695.2
7706785050,7295164908,4654.2
7706785054,7295164908,4688.1
7706785059,9487411571,4822.3
7706785062,7295164908,4983.5
7706785063,9487411571,8667.4
7706785064,7295164908,5051.1
7706785080,7295164908,6430.9
7706785082,9487411571,8637.6
7706785086,7295164908,5088.5
7706785087,9487411571,8848.5
7706785090,7295164908,5631.0
7706785092,7295164908,5232.5
7706785093,7295164908,5352.0
7706785095,7295164908,5583.2
7706785098,7295164908,5629.4
7706785105,7295164908,4576.5
7706785107,7295164908,4827.4
7706785111,7295164908,4874.4
7706785112,7295164908,5746.1
7706785119,7295164908,5146.6
7706785125,7295164908,4869.8
7706785128,7295164908,5826.8
7706785132,7295164908,5866.1
7706785133,7295164908,5493.5
7706785134,7295164908,5072.3
7706785135,7295164908,5332.5
7706785136,7295164908,5097.8
7706785137,7295164908,5353.7
7706785138,7295164908,5224.6
7706785144,7295164908,6133.8
7706785149,7295164908,6179.7
7706785153,7295164908,5317.3
7706785158,7295164908,5284.7
7706785159,7295164908,5557.2
7706785162,7295164908,5535.2
7706785163,1459170126,5543.1
7706785164,7295164908,5457.8
7706785165,7295164908,5953.1
7706785166,7295164908,5992.5
7706785174,7295164908,5050.9
7706785179,7295164908,4918.6
7706785182,9487411571,4532.1
7706785185,9487411571,4576.8
7706785186,9487411571,5215.9
7706785198,9487411571,4579.4
7706785199,7295164908,4773.5
7706785202,7295164908,4550.6
7706785209,7295164908,4797.0
7706785211,7295164908,4277.0
7706785221,7295164908,4553.7
7706785222,7295164908,4501.6
7706785227,9487411571,5723.3
7706785232,9487411571,5548.2
7706785239,7295164908,4960.7
7706785245,9487411571,7194.3
7706785246,9487411571,6933.5
7706785247,9487411571,6921.8
7706789979,7160849932,2266.4
7706789980,7160849932,2307.2
7706799985,7160849932,2515.5
7706799993,7160849932,2839.7
7706799995,7160849932,2590.9
7706799997,9487411571,2773.6
7706800001,9487411571,2823.1
7706800009,9487411571,2121.2
7706800023,9487411571,3268.8
7706800027,7160849932,2623.2
7706800028,7160849932,2342.8
7706800034,7160849932,2586.0
7706800041,7160849932,2407.9
7706800048,7160849932,2922.3
7706800051,9487411571,2822.9
7706800052,7160849932,1729.6
7706800058,7160849932,1195.2
7706800059,7160849932,1558.7
7706800060,9487411571,2720.8
7706800065,7160849932,1526.9
7706800066,7160849932,1831.9
7706800075,7160849932,1439.6
7706800077,7160849932,1217.7
7706800078,7160849932,1210.6
7706800091,7160849932,1800.9
7706800092,7160849932,1030.6
7706800093,7160849932,1020.3
7706800095,9487411571,3127.4
7706800100,7160849932,1315.2
7706800101,9487411571,2917.0
7706800102,9487411571,1959.7
7706800108,9487411571,2375.1
7706800109,9487411571,2362.2
7706800110,9487411571,2408.2
7706800117,9487411571,1439.2
7706800118,9487411571,2421.2
7706800122,9487411571,226.8
7706800127,9487411571,237.4
7706800130,9487411571,886.1
7706800145,9487411571,1438.7
7706800166,9487411581,879.2
7706985765,9487411571,1084.8
7706985770,9487411571,2699.6
7706985774,9487411571,2815.1
7706985779,9487411571,2754.4
7706985783,9487411571,2999.1
7707034991,9487411571,1248.7
7707034992,9487411571,1241.1
7707034995,9487411571,1202.9
7707035003,9487411571,1275.8
7707035005,9487411571,1338.4
7707035008,9487411571,1306.6
7707035015,9487411571,1094.9
7707035016,9487411571,1018.7
7707035021,9487411571,1068.4
7707035022,9487411571,944.7
7707035023,9487411571,951.4
7707035026,9487411571,1359.2
7707035028,9487411571,496.2
7707035031,9487411571,911.0
7707035032,9487411571,904.4
7707035033,9487411571,1448.9
7707035037,9487411581,1678.6
7707035040,9487411581,596.7
7707035041,9487411571,1427.4
7707035046,9487411581,585.3
7707035047,9487411581,536.2
7707035048,9487411571,1786.5
7707035049,9487411571,1771.0
7707035051,9487411571,641.4
7707039179,2401177369,1871.4
7707109295,9487411571,1839.2
7707109297,9487411571,1526.5
7707109301,9487411571,1647.5
7707109307,9487411571,1617.1
7707109309,9487411571,1564.0
7707109310,9487411571,1506.8
7707109314,9487411571,1542.9
7707109326,9487411571,2499.5
7707109336,9487411571,2605.4
7707109341,9487411571,3099.3
7707109342,9487411571,2666.8
7707109343,9487411571,2653.3
7707109344,9487411571,1965.1
7707109345,9487411571,1590.3
7707109346,9487411571,1574.8
7707109347,9487411571,3144.3
7707109354,9487411571,925.7
7707109355,9487411571,2714.2
7707109356,9487411571,2728.3
7707109357,9487411571,1615.9
7707109358,9487411571,1631.8
7707109359,9487411571,3698.6
7707109360,9487411571,3187.4
7707109365,9487411571,3669.9
7707109367,9487411571,3464.8
7707109372,9487411571,3059.3
7707109378,9487411571,1380.4
7707109379,9487411571,1390.2
7707109381,9487411571,1050.5
7707109386,9487411571,4678.9
7707109388,9487411571,1422.8
7707109391,13747437765,575.0
7707128086,2401177369,2421.1
7707128092,2482884829,2482.9
7710756209,11775535391,2254.6
7710756214,11775535391,2824.5
7710756215,12247625066,3476.8
7710756216,12247625066,3230.7
7710756217,11775535391,3066.4
7710756218,11775535391,3503.3
7710756219,11775535391,3259.3
7710756221,6868989296,2220.5
7710756228,6868989296,3078.4
7710797894,3822225896,3149.1
7710797895,3822225896,3130.7
7710797897,12841249641,4040.5
7710797914,3822225896,1121.6
7710797926,11176160735,2766.9
7710797934,11176160735,1634.6
7710797935,11176160735,1550.6
7710797944,-1,-1.0
7710797951,3822225896,2402.0
7710797959,3822225896,2276.9
7710797960,11176160735,1608.6
7710797961,11176160735,1576.7
7710797962,3822225896,2384.1
7710797965,3822225896,1655.8
7710797970,3822225896,1675.4
7710797971,3822225896,1722.9
7710797979,3822225896,1863.6
7710797980,3822225896,3002.6
7710807188,3822225896,2493.2
7710807189,3822225896,2518.4
7710807192,3822225896,1758.2
7710807193,3822225896,2170.3
7710807194,3822225896,2134.5
7710807195,11176160735,1695.2
7710807197,11176160735,1015.1
7710807198,11176160735,1205.8
7710807201,11176160735,643.4
7710807202,11176160735,664.5
7710807205,11176160735,2491.9
7710807206,11176160735,668.1
7710807207,3822225896,1702.5
7713099732,11250185933,2359.5
7713099733,4050649085,4207.4
7713099734,4050649085,4014.4
7713099749,11250185933,2490.2
7713099758,3044755215,2778.6
7713099769,3044755215,2611.5
7713099771,3044755215,2095.8
7713099779,3044755215,2652.1
7713110785,3044755215,2105.6
7713110793,7178880041,1829.8
7713117333,4050649085,804.9
7713117334,4050649085,1186.8
7713117335,4050649085,605.3
7713117336,4050649085,1762.3
7713193280,8198567118,2578.7
7713206999,4523470682,1533.2
7713207003,4523470682,1615.5
7713207009,4523470682,1600.5
7713207022,4523470682,1592.9
7713207025,4523470682,1646.0
7713207040,4523470682,1443.1
7713207041,4523470682,2255.1
7713207051,4523470682,1568.6
7713207058,4523470682,1732.8
7713857918,1233322729,2222.0
7713857922,1233322729,3155.8
7713857926,1233322729,2927.0
7713857931,1233322729,2024.3
7713857935,1233322729,1915.3
7713857940,1233322729,2014.8
7713857941,1233322729,1828.1
7713857946,1233322729,1911.5
7713857947,1233322729,1902.1
7713857948,1233322729,2347.6
7713857957,1233322729,2311.2
7713857958,1233322729,2262.5
7713857959,1233322729,2285.5
7713857960,1233322729,4404.7
7713857972,1233322729,2328.8
7713857973,1233322729,2299.4
7713857974,1233322729,2274.8
7713857975,1233322729,2306.7
7713857976,1233322729,3036.6
7716106451,3044755109,3166.1
7716106459,-1,-1.0
7716106466,-1,-1.0
7716138256,12841249641,3548.8
7716138261,12841249641,3389.3
7716138267,12841249641,3686.6
7716138272,3044755109,3635.2
7716138277,3044755109,3759.4
7716138279,3044755109,3787.0
7716138281,3044755109,3786.0
7716148386,3044755109,3860.5
7716148387,3044755109,3531.6
7716148389,3044755109,3620.7
7716148392,3044755109,3697.1
7721368019,7227625036,2885.0
7721368080,4181217433,2165.7
7721417285,4181217433,1473.1
7721417286,4181217433,1767.1
7721417287,4181217433,2123.0
7721417292,4181217433,1944.8
7721417296,4181217433,1544.8
7722128132,1233322729,2012.2
7729962734,9208010658,2907.7
7729962737,12463139050,3227.4
7782310154,2401177369,2940.8
7811795452,9208010658,7959.5
7830905967,9208010658,14090.3
7836434207,9208010658,8459.5
7836434208,9208010658,8474.2
7836434209,9208010658,8189.7
7836434220,9208010658,8588.9
7836434351,1814651166,6845.5
7849794845,7227625036,2745.1
7852937645,4742253048,3139.4
7852937647,4742253048,4453.8
7852963922,4742253048,5113.2
7852963941,4742253048,4042.0
7852963942,4742253048,4231.9
7922766793,4181217433,3598.7
7922766795,4181217433,4096.8
7922766798,4181217433,4682.5
7922768498,4541277493,3380.0
7922768501,4541277493,3882.1
7922768504,4181217433,5581.7
7922768533,4541277493,3270.5
7922768537,4541277493,3213.5
7922794457,4541277493,2784.4
7922794458,4541277493,3519.8
7922794460,4541277493,3642.5
7922794461,4541277493,2945.2
7922794462,4541277493,3159.5
7922794463,4541277493,3274.9
7922794465,4541277493,3517.9
7922794466,4541277493,3371.2
7922794467,4541277493,3358.3
7922794468,4541277493,3212.2
7922794469,4541277493,3423.0
7922794470,4541277493,3224.3
7922794471,4541277493,3079.1
7922799102,4541277493,2698.3
7922799103,4541277493,2928.0
7922799107,4541277493,2432.4
7922799108,4541277493,2156.0
7922799111,4541277493,2645.8
7922799112,4541277493,2800.5
7922799113,4541277493,2843.6
7922799114,4541277493,2560.5
7922799115,4541277493,2674.6
7922799116,4541277493,2729.4
7926594849,4541277493,2705.0
7926632610,4541277493,2559.1
7926632612,4541277493,2445.0
7926632613,4541277493,2105.6
7926632614,4541277493,2468.3
7926632615,4541277493,2129.2
7926632620,4541277493,2468.0
7926632621,4541277493,2745.1
7926632622,4541277493,2301.3
7926632623,4541277493,2432.3
7926632624,4541277493,2249.0
7926632625,4541277493,2224.5
7926632626,4541277493,2059.7
7926632627,4541277493,2132.3
7926632628,4541277493,2405.9
7926688148,4181217433,1847.7
7926688152,4181217433,2292.5
7926697968,4181217433,906.8
7926697969,4181217433,1390.1
7926697970,4181217433,1483.8
7926697975,4181217433,1983.2
7926709190,4181217433,1428.1
7926709191,4181217433,1387.7
7926709192,4181217433,1470.4
7926709196,4181217433,1604.3
7926709197,4181217433,1715.1
7926709198,4181217433,1546.1
7933396653,2401390759,1467.5
7933396687,2401390759,1681.0
7933396689,2401390759,1806.9
7940934616,-1,-1.0
7947070546,13369051339,1501.2
7947070552,4181217433,3320.8
7966694333,4742253048,5954.2
7966694356,4742253048,5964.1
7966695411,4742253048,5520.8
7972424404,4523470682,2079.9
7972424408,4523470682,2111.7
7979226803,13778138440,2133.3
7985465585,11880563955,1040.7
8005194132,7295164908,4643.7
8082927283,9487411581,3424.8
8082927284,9487411581,3207.5
8082927288,9487411581,3615.6
8082927289,9487411581,3561.1
8082927290,9487411581,3343.1
8101553460,9424855173,2423.5
8101553477,9424855173,1589.0
8101909384,13369051339,3427.0
8114033137,11250185933,2461.1
8114033143,11176160735,4061.3
8114033160,11176160735,2794.2
8114033162,11176160735,2744.0
8114033165,11176160735,2740.8
8114033167,11176160735,2770.7
8114033168,11250185933,2504.3
8114033173,11250185933,2344.4
8130341076,8198567118,1160.6
8130341077,8198567118,476.2
8130341080,8198567118,506.9
8130341081,8198567118,521.5
8130420792,1887828574,2476.8
8130420811,1887828574,2838.4
8130425936,7157578628,3256.4
8130425937,1887828574,3473.3
8132697368,9208010658,10788.3
8132697390,9208010658,8185.2
8145508829,1290395232,3064.8
8145508830,1290395232,3223.4
8145508832,1290395232,3290.1
8145508833,1290395232,3301.9
8145508835,1290395232,4056.3
8165971086,4742253048,8104.3
8166012120,4742253048,6767.8
8168565431,4742253048,9130.4
8168565450,4742253048,7885.8
8168565463,4742253048,4793.5
8168565466,4742253048,4814.8
8168565467,4742253048,4876.5
8185568586,4742253048,3387.4
8185640026,7295164908,1499.9
8185640029,7295164908,1925.6
8185640035,7295164908,2428.0
8185640037,7295164908,3644.3
8185640040,7295164908,3731.7
8185640043,7295164908,3706.0
8185640050,7295164908,4322.0
8185640052,7295164908,4008.4
8185640060,7295164908,3540.2
8185640061,7295164908,2915.1
8185640065,7295164908,2959.5
8185640068,7295164908,3425.1
8185640069,7295164908,3411.1
8185640074,7295164908,5449.8
8185640075,7295164908,5581.1
8185640076,7295164908,5388.2
8185640082,7295164908,5447.6
8185640083,7295164908,3942.6
8185640086,7295164908,3995.4
8185640089,7295164908,3991.3
8185640090,7295164908,4315.8
8185640092,7295164908,4274.2
8185640093,7295164908,4254.2
8185640098,7295164908,2238.7
8185645518,7295164908,3597.3
8185645521,7295164908,3296.2
8185645522,7295164908,3236.5
8185645527,7295164908,3280.0
8185645545,7295164908,5042.1
8185645548,7295164908,4902.1
8185645563,7295164908,4744.2
8185645564,7295164908,5338.7
8185645569,7295164908,4826.8
8185645573,7295164908,5017.6
8185645577,7295164908,4260.1
8185645580,7295164908,4320.9
8185645582,7295164908,3902.5
8185645584,7295164908,4764.0
8185645589,7295164908,3970.9
8185645864,7295164908,4174.9
8192055437,2045952502,3329.2
8192055441,2045952502,2267.4
8192055442,2045952502,2209.3
8192055445,2045952502,2245.1
8192055446,2045952502,2080.0
8192055448,2045952502,2051.5
8192055458,7614809187,2350.7
8192055461,7614809187,2739.5
8192055462,7614809187,2788.0
8192055466,2045952502,2596.5
8192055473,2045952502,3070.1
8192055474,2045952502,2403.2
8192055475,2045952502,2490.2
8192055481,2045952502,2922.8
8192055482,2045952502,2455.5
8192055484,4540338550,3005.9
8192087158,2045952502,4749.6
8192087162,4540338550,1010.4
8192087165,4540338550,418.3
8192087169,4540338550,819.2
8192087170,4540338550,1026.0
8192087171,4540338550,1402.2
8192087174,4540338550,1208.3
8192087175,4540338550,866.9
8192087176,4540338550,291.9
8192087177,4540338550,1639.6
8192087180,4540338550,1504.2
8192087398,5343198036,650.4
8192087400,5343198036,844.6
8192087405,5343198036,864.3
8192138340,12841249641,3240.9
8192138375,3822225896,4020.9
8192138376,3822225896,3847.3
8192138377,3822225896,3642.5
8192138378,3822225896,3672.9
8192138449,3822225896,2735.2
8192138450,3822225896,2709.0
8192138451,8480339511,339.7
8192138452,12841249641,611.0
8192138453,12841249641,361.8
8192138454,12841249641,1102.0
8192138455,12841249641,724.1
8192138456,12841249641,513.8
8192138458,12841249641,679.7
8192138459,12841249641,659.6
8192138460,12841249641,439.4
8192138468,12841249641,519.2
8192138469,12841249641,825.1
8192138486,3584782896,1125.9
8192138487,12841249641,914.8
8192138488,3584782896,1066.6
8192138493,12841249641,940.5
8192138495,3822225896,3406.2
8192138500,3822225896,3443.4
8192233548,3584782896,1894.8
8192233549,3584782896,1873.8
8192233578,3822225896,557.9
8192233585,3822225896,653.0
8192233586,3822225896,621.8
8192233593,3822225896,1353.9
8192233594,3822225896,1347.8
8192233595,3822225896,1277.6
8192233609,4050649085,2626.3
8192233610,4050649085,2136.2
8194368726,2482884829,1146.1
8194368730,2482884829,145.6
8194368738,2401122715,3334.9
8194368748,5325050705,1430.1
8194368749,5325050705,1443.5
8194368751,5325050705,2247.1
8194368752,5325050705,2231.1
8194368754,5325050705,546.8
8194368764,5325050705,1440.3
8194368772,4181217433,1468.3
8194368773,4181217433,1480.7
8194368775,4181217433,1400.4
8194368780,4181217433,1487.9
8194368781,4181217433,1415.5
8194368782,4181217433,1612.0
8194368785,4181217433,1632.2
8194368848,1212025358,795.6
8194368850,1212025358,562.0
8194368851,1212025348,450.8
8194866790,9933767027,3499.6
8194866803,10080986063,3603.1
8194866805,9933767027,3500.8
8194866806,9933767027,3592.8
8194866807,9933767027,3515.2
8194866809,9933767027,3563.2
8194884725,9933767027,3989.4
8194884729,9933767027,3607.9
8194884734,9933767027,3552.1
8194884739,10080986063,3051.6
8194884742,10080986063,3059.9
8194884745,2482884829,1962.9
8194884996,9487411571,4779.2
8196196734,1233322729,6057.6
8196196810,1233322729,4776.2
8196196817,1233322729,5243.3
8196196818,-1,-1.0
8196196825,1233322729,5317.1
8196196856,4523470682,2794.2
8196196862,4523470682,2053.4
8196196870,4523470682,1211.2
8196196874,3501002866,2704.5
8196196878,4523470682,744.7
8196196879,4523470682,1678.8
8196196884,4523470682,831.1
8196909737,7227625036,4564.7
8196909741,7227625036,4594.0
8197458287,2457603193,13502.3
8197458296,-1,-1.0
8197458297,2457603193,9170.2
8197458300,2457603193,9213.4
8197495938,2457603193,3746.6
8197495939,2457603193,4349.4
8197495949,2457601089,3004.5
8197495950,2457601089,2528.0
8197495969,2457601089,2922.8
8197495970,-1,-1.0
8197495977,2457601089,1739.4
8197496049,2457601089,1259.2
8197496050,2457601089,1594.2
8197496051,2457601089,1606.4
8197496052,2457601089,1242.5
8197496053,2457601089,2188.3
8197496056,2457601089,2717.5
8197496066,2457601089,1980.2
8197496067,2457601089,3061.3
8197496074,2457601089,3545.1
8197496075,2457601089,3557.3
8197496104,2457601089,2248.4
8197496105,2457601089,2463.2
8197496106,2457601089,2762.9
8197496137,2457601089,3537.2
8197496138,2457601089,2040.6
8197496139,2457601089,2229.5
8197496140,2457601089,2442.1
8197496141,2457601089,2750.7
8197496142,2457601089,3282.4
8197496431,2457601089,3301.6
8197523797,9933767027,4223.8
8197523799,9933767027,4190.0
8197531617,1212025348,2599.3
8197531618,1212025348,2482.3
8197531687,1212025348,6176.2
8197531688,1212025348,6199.8
8197531720,7227625036,6723.3
8197531871,-1,-1.0
8197552595,5325050705,2247.8
8197552596,5325050705,2259.3
8197630155,1212025358,2978.3
8197630176,4541277493,3149.0
8197630177,4541277493,2546.5
8197630184,4541277493,2128.6
8197635881,4541277493,2142.6
8197650528,3541539575,1808.9
8197650529,5325050705,3059.8
8197650535,5325050705,3056.9
8197650540,8358666767,1654.7
8197650541,8358666767,1625.3
8197650542,8358666767,2223.3
8197650543,8358666767,2208.8
8197650544,8358666767,2241.0
8197650561,4181217433,2720.9
8197650564,8358666767,2289.4
8197650576,1215926967,2389.1
8197650577,1215926967,2377.8
8197650583,8358666767,2728.6
8197650602,7227625036,3639.6
8197650603,7227625036,3030.6
8197650614,1215926967,3076.9
8197656620,7227625036,3133.6
8197656621,7227625036,3158.3
8197656623,1215926967,2983.8
8197656628,1215926967,3004.0
8197656631,1215926967,2996.2
8197656632,7227625036,3122.2
8197656633,7227625036,2692.4
8197656637,7227625036,3061.0
8197656641,7227625036,3212.2
8197656642,7227625036,3073.4
8197656646,7227625036,3200.5
8197656655,4181217433,2084.8
8197663918,4541277493,1679.4
8197663919,3501002866,1318.0
8197663930,1233322729,3349.4
8197663931,1233322729,3312.1
8197663933,3044755215,2630.2
8197663969,3044755215,1824.9
8197663975,3044755215,1913.5
8197663987,3044755215,2177.7
8197663989,12247625066,3161.3
8197668393,2045952502,2289.9
8197668396,2045952502,2006.9
8197701259,8197701278,1003.8
8197701267,8197701278,709.7
8197701277,1459170126,844.8
8197701278,8197701278,0.0
8197701708,1459170126,1183.8
8197701709,1459170126,1180.7
8197713597,3030038002,3412.2
8197713603,3030038002,3484.4
8197713604,6868989296,3806.9
8197713610,6868989296,4837.5
8197713611,6868989296,4614.1
8197713612,6868989296,4258.2
8197713614,6868989296,4601.0
8197722093,7295164908,3199.1
8197722094,7295164908,3247.6
8197771522,7295164908,957.5
8197771538,7295164908,678.2
8197771539,7295164908,611.4
8197771540,7295164908,1116.5
8197771541,7295164908,669.6
8197771542,7295164908,620.2
8197771544,7295164908,1064.4
8197771545,7295164908,1001.0
8197771553,7295164908,1957.5
8197771556,7295164908,2059.4
8197771557,7295164908,2152.4
8197771559,7295164908,1979.5
8197771567,7295164908,1052.7
8197771569,7295164908,1014.2
8197771579,8197771709,756.4
8197771585,8197771709,1546.3
8197771599,8197771709,981.4
8197771600,8197771709,766.4
8197771601,8197771709,778.1
8197771603,8197771709,1013.9
8197771610,8197771709,1918.7
8197771622,8197771709,2758.7
8197771629,8197771709,2695.6
8197771633,8197771709,2597.4
8197771639,8197771709,2692.9
8197771640,8197771709,2053.8
8197771645,7295164908,2095.9
8197771646,7295164908,2053.2
8197771652,8197771709,1773.2
8197771653,8197771709,2398.5
8197771660,7295164908,2099.4
8197771662,7295164908,2392.6
8197771665,7295164908,2418.4
8197771666,7295164908,2747.0
8197771667,8197771709,985.1
8197771681,8197771709,854.5
8197771683,8197771709,935.0
8197771684,7295164908,1809.6
8197771686,7295164908,1901.7
8197771688,7295164908,1991.9
8197771689,8197771709,1676.7
8197771691,8197771709,681.7
8197771693,7295164908,2609.7
8197771695,7295164908,2678.6
8197771696,8197771709,1043.7
8197771697,3030038002,1110.4
8197771701,8197771709,1079.2
8197771702,8197771709,1064.1
8197771703,8197771709,1089.2
8197771707,8197771709,908.0
8197771708,8197771709,1054.2
8197771709,8197771709,0.0
8197771715,3030038002,658.3
8197771716,8197771709,723.8
8197771717,8197771709,738.5
8197771718,3030038002,675.4
8197771719,3030038002,1246.7
8197771720,3030038002,1270.7
8197771722,3030038002,813.2
8197771723,3030038002,875.5
8197771724,3030038002,1073.9
8197791960,7157578628,916.9
8197791961,1887828574,643.3
8197791962,12247625066,1165.6
8197791968,1887828574,736.3
8197792008,1887828574,1185.9
8197792009,7157578628,460.7
8197792010,7157578628,401.8
8197792014,1887828574,2249.8
8197792016,7157578628,1020.2
8197792028,7157578628,443.8
8197792029,7157578628,417.7
8197792031,7157578628,907.7
8197792038,7157578628,514.2
8197792043,7157578628,438.4
8197792063,7157578628,2638.0
8197792076,7178880041,18.2
8197792077,7178880041,975.3
8197792078,7178880041,1344.4
8197792079,7178880041,1495.8
8197792080,7178880041,1517.5
8197792140,1233322729,1860.1
8197792151,1233322729,2362.9
8197792176,11250185933,2350.5
8197792177,11250185933,1319.6
8197792179,11250185933,1374.1
8197792180,11250185933,1713.8
8197792181,11250185933,2239.5
8197792182,-1,-1.0
8197792183,11250185933,1726.2
8197792184,11250185933,1403.4
8198470815,1233322729,3937.0
8198567118,8198567118,0.0
8201673846,2045952502,3956.8
8201673894,2045952502,3515.5
8201673900,2045952502,2882.0
8201673902,2045952502,2829.1
8201673906,2045952502,2863.7
8201820477,1880400488,1971.0
8201820482,1880400488,2598.0
8201820483,1880400488,2329.3
8201820491,1880400488,2119.0
8201820492,1880400488,2273.8
8201820498,1880400488,2666.4
8202663572,1880396007,2244.5
8202663573,1880396007,2330.0
8202679125,4523470682,2672.9
8202679138,3501002866,2404.8
8202679148,3501002866,2365.5
8202679149,3501002866,2386.8
8202679152,3501002866,1691.0
8202679154,1233322729,1276.8
8202679156,3501002866,1634.9
8202679157,3501002866,1707.5
8202679158,1233322729,1242.4
8202702074,1233322729,1744.9
8202702078,1233322729,2582.6
8202702079,1233322729,2604.7
8202702080,1233322729,2646.3
8202702081,1233322729,2669.0
8202725243,1233322729,3637.9
8202725250,1233322729,3953.0
8202725261,1233322729,3358.7
8202725283,7178880041,4704.4
8202725286,7178880041,3175.5
8202725291,7178880041,1570.9
8202725295,7178880041,2201.3
8202725296,3044755215,1385.4
8202725298,3044755215,2337.5
8202725300,3044755215,2123.1
8202725301,4050649085,1160.1
8202725302,4050649085,1627.3
8202725328,12247625066,2208.0
8202725335,12247625066,2183.1
8202725337,12247625066,2282.1
8202725351,3822225896,1007.7
8202725356,3822225896,1081.4
8203895740,2457603193,4288.6
8203895741,2457603193,4249.5
8203895742,2457603193,4561.7
8203895749,2457601089,4440.3
8203895750,2457601089,4096.0
8203895751,2457601089,4057.8
8203895758,2457601089,3786.0
8203895764,2457603193,21562.7
8203895769,2457601089,4824.8
8203895774,2457603193,22197.5
8205159813,2457603193,4284.6
8205167918,2457603193,5119.0
8205167920,2457603193,4953.3
8205167921,2457603193,4673.8
8205167922,2457603193,3596.4
8205167926,2457603193,3087.4
8205167930,2457603193,2368.3
8205167932,2457603193,3619.0
8205167938,2457603193,717.4
8205167944,2457603193,1436.2
8205167945,2457603193,1772.7
8205167946,2457603193,2809.0
8205167948,2457603193,2419.3
8205167949,2457603193,2969.4
8205167955,2457603193,3345.5
8205599938,11250185933,3686.5
8205642824,-1,-1.0
8205642840,-1,-1.0
8205642870,-1,-1.0
8205642875,3044755215,6089.1
8205642881,3044755215,5037.9
8205642883,-1,-1.0
8205642889,3044755215,5205.7
8207331791,7614809187,1148.6
8207331792,2045952502,1582.8
8207331793,7614809187,1113.7
8207331795,7614809187,1139.5
8207331796,7614809187,1122.8
8209518239,4181217433,3258.6
8209518241,8358666767,2340.0
8209518244,8358666767,2427.4
8209518248,8358666767,2380.8
8209518254,8358666767,3142.9
8209518256,8358666767,3380.3
8209518259,8358666767,3366.4
8209518262,8358666767,2883.5
8209518265,8358666767,3373.9
8209518274,4181217433,2894.0
8209518287,4181217433,2709.0
8209518289,4181217433,3038.4
8209518298,4181217433,3909.1
8221151205,2457603193,13695.3
8238666029,12841249641,2239.9
8238666030,12841249641,2488.7
8299158002,7178880041,1878.5
8299158003,7178880041,1858.4
8301765446,8358666767,2132.7
8301765449,8358666767,1874.0
8301765450,8358666767,1863.6
8301765451,8358666767,2120.8
8301765452,8358666767,2426.8
8301765453,8358666767,2456.0
8306162997,12841249641,612.9
8306162999,12841249641,650.3
8306163000,12841249641,663.0
8306163002,12841249641,737.3
8306163003,12841249641,2171.3
8306163006,12841249641,2174.3
8342188639,1880396007,2829.0
8342188650,7178880041,1549.9
8342265691,7295164908,912.9
8343338429,1880400488,3680.1
8358666767,8358666767,0.0
8358725960,7227625036,3304.6
8434929754,1814651166,3359.3
8445134878,1148754930,1992.0
8445134880,1148754930,2057.3
8463138833,1290395232,4000.3
8474624052,1814651166,4202.4
8474624053,1814651166,4335.1
8474631019,1814651166,4484.7
8479338458,1233322729,1949.0
8479338459,3501002866,3083.7
8479338460,3501002866,2960.0
8479338490,11880563955,684.2
8479351427,13778138440,1243.0
8480288453,9487411571,6203.8
8480288456,9487411571,6410.1
8480339482,8480339511,252.2
8480339483,8480339511,233.7
8480339486,8480339511,617.5
8480339487,8480339511,881.7
8480339511,8480339511,0.0
8480345723,8480339511,62.8
8480345769,8480339511,494.5
8480345770,8480339511,577.3
8480345782,8480339511,579.0
8480345783,8480339511,598.6
8480345784,8480339511,697.6
8480345785,8480339511,658.9
8480345786,8480339511,617.8
8480387118,12841249641,480.4
8480387200,3584782896,1274.5
8480387201,8480339511,1283.9
8480387202,8480339511,890.5
8480387211,12841249641,1342.8
8480387212,12841249641,835.2
8480387213,12841249641,934.8
8480471017,5325050705,2003.9
8480471019,5325050705,1351.8
8480471037,4181217433,1159.7
8480471038,4181217433,1949.4
8480471039,5325050705,2584.2
8480471058,2401122715,506.6
8480471067,11880563955,1649.6
8480471069,11880563955,1695.6
8480471071,11880563955,1731.1
8480471075,2401390759,2460.7
8480471076,2401390759,2686.6
8480471077,2401390759,2665.9
8485585489,4742253048,5125.9
8487621045,7227625036,4049.1
8488290723,4742253048,7026.4
8500990586,2457603193,6742.5
8500990588,2457603193,14424.8
8500990592,2457603193,3907.8
8507615432,4742253048,4425.3
8507615433,4742253048,5282.6
8507615434,4742253048,4131.1
8507615444,4742253048,4501.2
8512183970,12463139050,3461.7
8512204007,1148754930,2419.6
8512204008,1148754930,2498.8
8512222855,9208010658,3699.6
8512222859,9208010658,2470.0
8512222860,9208010658,2217.3
8512505601,4742253048,4344.4
8512505602,4742253048,4254.8
8512575875,4742253048,5166.1
8512575876,4742253048,4789.9
8512575877,4742253048,4808.5
8512575878,4742253048,5183.2
8512575882,4742253048,4423.4
8519735827,2401122715,3132.1
8519892715,4742253048,4980.0
8519925917,4742253048,4853.4
8526783238,1148754930,1461.1
8526783240,2401390759,705.4
8526783241,2401390759,2196.1
8544145204,4742253048,3963.9
8544145208,4742253048,3906.8
8544145209,4742253048,3756.6
8544145212,4742253048,4099.8
8544154464,4742253048,4230.4
8544154527,4742253048,4157.1
8544154530,4742253048,4024.9
8544154557,4742253048,3742.3
8544154558,4742253048,3817.2
8544154559,4742253048,4079.0
8547857341,1140523115,1127.5
8565449509,1880396007,2806.8
8583413141,4742253048,5667.0
8583413328,4742253048,5602.6
8597604786,-1,-1.0
8597640205,12247625066,3004.9
8597640209,12247625066,2251.4
8597640211,12247625066,2211.3
8600114948,4523470682,2046.1
8600114949,3367156838,3927.6
8600114950,8600114950,0.0
8600114951,4181217433,5494.9
8600114954,4523470682,1047.0
8600114957,4523470682,1554.4
8600114958,8198567118,3163.9
8600114961,4523470682,921.1
8600114962,4523470682,1047.5
8600119055,9487411581,2508.3
8626248756,4742253048,4093.4
8640236585,1148754930,1047.7
8640236586,1148754930,992.1
8640236587,1148754930,1302.3
8640236592,2401390759,967.3
8658252418,11250185933,3437.1
8658252424,11250185933,3421.9
8676919184,4742253048,6055.3
8676919185,4742253048,6492.3
8676919190,4742253048,6200.4
8676919191,4742253048,6307.4
8677779481,-1,-1.0
8695368556,2457603193,5939.3
8695368557,2457603193,5900.7
8695368562,2457603193,14079.6
8695368565,2457603193,3669.2
8695416413,2457603193,11792.4
8695416415,2457603193,10500.6
8701614535,4742253048,4771.3
8707957581,1814651166,2073.3
8707957600,1814651166,2396.1
8719897073,-1,-1.0
8733507217,4742253048,3720.2
8733826961,9208010658,4674.4
8733826962,9208010658,4714.9
8733826963,9208010658,4688.5
8733826964,9208010658,4700.3
8734423211,4742253048,4573.2
8809166315,2401122715,1497.1
8809166316,2401122715,1774.6
8816632004,12463139050,4217.7
8816632006,12463139050,4730.1
8816632007,12463139050,4524.0
8816632008,12463139050,4793.9
8816632009,12463139050,4620.1
8816632010,12463139050,4651.2
8816632011,12463139050,4708.1
8816632012,12463139050,4699.7
8816632015,12463139050,4677.7
8816632016,12463139050,4554.3
8816640017,12463139050,4775.3
8816640018,12463139050,4662.1
8816640023,12463139050,4869.2
8816640025,12463139050,4775.9
8816640029,12463139050,5112.2
8816640030,12463139050,5350.3
8816640032,12463139050,5255.2
8816640034,12463139050,5268.0
8816640036,12463139050,5536.6
8816640038,12463139050,5692.0
8816640040,12463139050,5496.3
8816640041,12463139050,5537.9
8816640042,12463139050,5414.7
8816640043,12463139050,5951.1
8816640045,12463139050,5877.1
8816640050,12463139050,4575.2
8816640055,12463139050,4371.6
8816640057,12463139050,4173.8
8816640061,12463139050,4791.8
8816640062,12463139050,4527.1
8816640067,12463139050,5116.1
8816640068,12463139050,4991.8
8816640069,12463139050,5020.6
8816640070,12463139050,4996.9
8816640073,12463139050,4834.7
8816640074,12463139050,4890.2
8816640075,12463139050,4881.2
8816640077,12463139050,4842.0
8816640079,12463139050,4894.6
8816640080,12463139050,4933.1
8816640081,12463139050,4903.8
8816640083,12463139050,4802.6
8816640084,12463139050,4950.5
8816640086,12463139050,4953.6
8816640087,12463139050,5069.2
8816640088,12463139050,5236.5
8816640089,12463139050,5165.5
8816640090,12463139050,5185.4
8816640091,12463139050,5086.9
8816640092,12463139050,5216.3
8816640093,12463139050,4980.8
8816640094,12463139050,5389.4
8816640095,12463139050,5370.2
8816640096,12463139050,4469.9
8816683696,12463139050,5844.0
8816683697,12463139050,5585.9
8816683698,12463139050,5701.0
8816683699,12463139050,5811.2
8816683700,12463139050,4602.8
8816683702,12463139050,4544.7
8816683704,12463139050,4634.2
8816971868,12463139050,4899.1
8826256279,4742253048,2808.9
8826256280,4742253048,2947.1
8826275156,3367156838,1118.1
8826275157,3367156838,1143.6
8826275178,3367156838,1457.8
8826275179,3367156838,1156.2
8826278354,7178880041,2328.8
8826283095,1887828574,1409.4
8826283098,1887828574,1782.6
8826283102,1887828574,1850.7
8869190630,2457603193,10458.2
8869190631,2457603193,10483.5
8869190632,2457603193,10494.1
8869190633,2457603193,11510.7
8869190634,2457603193,11526.4
8869190635,2457603193,11501.5
8869190636,2457603193,11485.7
8874097409,2401122715,2343.7
8882508782,2045952502,2445.9
8882508784,2045952502,2607.0
8882508806,5343198036,1727.7
8887307681,7614809187,752.9
8887307682,7614809187,1084.5
8887307688,2045952502,292.8
8887307689,2045952502,325.5
8887307693,2045952502,266.6
8887307694,2045952502,352.8
8887307696,2045952502,1053.8
8887307701,5343198036,3336.3
8887307707,5343198036,2617.4
8887307708,5343198036,2640.3
8887307710,5343198036,3006.3
8887307711,5343198036,3054.8
8887307712,5343198036,3068.4
8887307715,5343198036,2528.2
8887307716,5343198036,2226.9
8887319017,5343198036,2241.4
8887319018,5343198036,2281.9
8887319025,4540338550,51.8
8887319027,4540338550,761.7
8887319028,4540338550,1387.4
8891401447,9424855173,2189.0
8891401453,3030038002,5727.4
8906573068,3584782896,2831.2
8906573074,3584782896,2741.9
8906573129,5325050705,2110.0
8906573130,5325050705,2058.9
8906573137,5325050705,2095.6
8906573140,5325050705,1772.4
8906573145,5325050705,2243.7
8906573146,5325050705,2345.6
8906573151,5325050705,2905.6
8909899980,4742253048,2202.8
8909961508,12463139050,1222.4
8909980850,12463139050,2788.3
8909980863,12463139050,2465.9
8909980868,12463139050,3112.7
8909980876,12463139050,2787.1
8909980880,12463139050,2811.4
8909980888,12463139050,2872.6
8909980897,12463139050,2962.3
8909980902,12463139050,2674.6
8909980909,12463139050,2176.7
8909980913,11733956990,2463.7
8909980914,11733956990,2393.6
8909980949,12463139050,2237.8
8909980963,12463139050,2151.8
8909980964,12463139050,1132.3
8909981017,12463139050,3572.9
8910265151,12463139050,3960.4
8910265152,12463139050,4844.8
8910265162,12463139050,5704.8
8910265178,12463139050,3282.1
8910265196,12463139050,3959.1
8910278091,12463139050,3064.4
8910278098,4525399322,1699.6
8910278104,4525399322,2369.3
8910278108,9208010658,1771.3
8910278114,9208010658,2453.6
8910280433,9208010658,5940.0
8910280435,9208010658,5842.0
8910280437,9208010658,2108.8
8910280438,9208010658,2371.3
8910280460,12463139050,2839.8
8910280461,12463139050,2853.8
8910280462,12463139050,3002.2
8910280464,12463139050,3176.3
8910280478,9208010658,2048.6
8910280479,12463139050,2871.4
8910280480,12463139050,2823.6
8910280519,-1,-1.0
8910280522,12463139050,2738.5
8910280527,12463139050,2411.7
8910280529,12463139050,2665.1
8910280532,12463139050,2735.6
8910280582,9208010658,7872.8
8910280583,9208010658,8118.1
8910291760,12463139050,9341.0
8910291761,12463139050,8856.9
8910291762,12463139050,8666.9
8910291763,12463139050,8681.7
8910291765,12463139050,10533.4
8910291766,12463139050,8379.8
8910291767,12463139050,8398.8
8910291769,12463139050,9659.5
8910291770,12463139050,8766.1
8910291772,12463139050,9192.1
8910291773,12463139050,9802.8
8910291774,12463139050,9207.1
8910291775,12463139050,10631.6
8910291776,12463139050,10066.1
8910291777,12463139050,9835.6
8910857092,12463139050,3697.9
8910857106,12463139050,2921.2
8910857111,9208010658,3658.3
8910857113,12463139050,2897.0
8910857119,12463139050,4098.0
8910857120,12463139050,3627.9
8910857126,12463139050,2938.8
8910857128,12463139050,2747.3
8910857135,12463139050,2945.8
8910857136,12463139050,2588.3
8910857142,12463139050,3127.6
8910857143,12463139050,2552.5
8910857149,12463139050,2459.3
8910857157,9208010658,1723.0
8910857171,9208010658,1731.5
8910857177,9208010658,1600.1
8910857178,12463139050,2622.6
8910857185,9208010658,2221.4
8910857189,12463139050,2214.3
8910857197,12463139050,2115.2
8910857199,12463139050,2175.3
8910857204,12463139050,2142.6
8910857208,12463139050,2067.5
8910857231,12463139050,1985.2
8928882876,2482884829,2784.5
8928882877,2482884829,1550.4
8928882882,2482884829,1186.0
8928882892,2482884829,2049.8
8928882897,2482884829,2041.6
8946817065,2045952502,1706.7
8946817067,2045952502,2190.0
8946817068,2045952502,2391.4
8946817070,2045952502,2728.0
8946817071,2045952502,824.6
8946817073,2045952502,1567.8
8946817074,2045952502,812.5
8946817075,2045952502,791.6
8946817077,2045952502,780.1
8946817078,2045952502,1033.2
8946817080,2045952502,1315.6
8946817081,2045952502,1287.0
8946817082,2045952502,648.4
8947526062,9208010658,9339.2
8947526070,9208010658,8535.0
8947694372,7157578628,1872.0
8947694373,1887828574,2342.7
8947753833,4540338550,1159.8
8947753834,5343198036,943.9
8947753837,5343198036,1047.6
8947753838,5343198036,1661.0
8947753839,5343198036,1799.1
8947753840,5343198036,1966.4
8947753843,5343198036,2182.9
8947753844,5343198036,2453.0
8947753845,5343198036,2160.7
8947753846,3044755109,2739.3
8947753847,3044755109,2226.6
8947753848,3044755109,2595.9
8947753850,3044755109,1919.5
8947753851,3044755109,2342.2
8947753852,3044755109,2285.3
8947753853,4540338550,3470.8
8947753854,3044755109,3222.2
8947753856,3044755109,2521.2
8947753857,4540338550,1505.0
8947854512,8197771709,1772.5
8947854513,8197771709,1786.5
8947854514,8197771709,1226.2
8947854515,3030038002,2434.2
8947854516,3030038002,1962.0
8948030517,3030038002,2361.7
8948030518,3030038002,2376.7
8948030523,3030038002,2413.5
8948030526,3030038002,1724.7
8948030527,3030038002,1439.4
8948030532,3030038002,1458.0
8948030537,3030038002,947.3
8948030538,3030038002,958.3
8948030540,3030038002,1350.9
8948030541,3030038002,1702.3
8948030542,2045952502,1754.0
8948030543,2045952502,1764.9
8948030545,7295164908,1741.6
8948030546,7295164908,1719.5
8948030547,7295164908,3079.7
8948030548,7295164908,1843.8
8948030549,7295164908,2145.3
8948030551,7295164908,3070.8
8948044393,8198567118,1152.4
8948044394,5325050705,1840.2
8948044395,5325050705,1794.0
8958991920,12841249641,2648.5
8958991929,12841249641,4119.8
8958991935,12841249641,2693.2
8958991936,12841249641,2822.8
8958991937,12841249641,3514.0
8958991956,12841249641,4082.7
8958991972,12841249641,3519.4
8958991981,12841249641,3446.6
8958991998,12841249641,3539.8
8958992001,12841249641,3495.2
8958992004,12841249641,4326.9
8958992010,12841249641,3612.1
8958992012,12841249641,3420.7
8958992017,12841249641,3527.0
8967690575,7160849932,684.9
8967690580,7160849932,539.6
8967690582,7160849932,2145.6
8967690585,9487411581,1593.5
8967690586,7160849932,3199.0
8967690587,8197701278,653.6
8967690589,1459170126,725.9
8967690592,1459170126,842.7
8967690600,1459170126,1662.1
8967690601,1459170126,1099.6
8967690612,1459170126,2141.8
8967690616,3030038002,1470.2
8967690732,7614809187,528.4
8968180282,2045952502,2530.2
8968180283,2045952502,2735.8
8968180294,2045952502,849.9
8968180295,2045952502,811.2
8968180308,2045952502,994.6
8968180309,2045952502,981.5
8974257772,1814651166,4382.7
8977008659,7157578628,5208.1
8983070952,8358666767,2663.9
8986590746,7157578628,1842.6
8992630410,1814651166,2751.1
8992630412,1814651166,2612.9
8992828579,2457603193,9182.1
8992828581,2457603193,8060.0
8992828582,2457603193,8068.8
8992828583,2457603193,9591.5
8992828584,2457603193,10388.6
8992828585,2457603193,9776.7
8992828586,2457603193,9813.1
8992828587,2457603193,10412.7
8992828588,2457603193,10231.6
8992828589,2457603193,10261.7
8992828590,2457603193,9303.9
8992828596,2457603193,9483.8
8992828602,2457603193,8107.3
8992828607,2457603193,9138.1
8992828611,2457603193,8668.4
8992828613,2457603193,7936.8
8992828614,2457603193,7950.5
8992842719,2457603193,6095.6
8992842787,2457603193,7684.2
8992842788,2457603193,7484.3
8992842789,2457603193,7660.2
8992842792,2457603193,10886.0
8992842795,2457603193,12062.7
8992856406,4742253048,5540.8
8992856413,4742253048,4657.8
8997889202,13369051339,2110.6
8997889203,13369051339,1515.0
8997889204,13369051339,1864.8
9003111384,8358666767,2467.3
9003111386,8358666767,529.9
9003111387,8358666767,1081.4
9003262326,-1,-1.0
9003262347,4742253048,5423.0
9003262364,4742253048,4883.6
9003262380,-1,-1.0
9004601167,12463139050,4482.0
9004601177,12463139050,5567.9
9004601183,12463139050,5289.9
9004601187,12463139050,5239.1
9004601189,12463139050,5305.2
9004635766,11733956990,1955.6
9007445751,9208010658,3746.3
9007445760,-1,-1.0
9013079772,9487411571,516.0
9013079777,9487411571,470.2
9013079778,9487411571,484.6
9049793746,5325050705,1317.3
9049793753,5325050705,1398.4
9054721654,9933767027,3602.5
9054721655,9933767027,2748.5
9054721665,9933767027,2801.6
9054721669,9933767027,874.0
9054721670,9933767027,840.1
9067266335,10080986063,2963.4
9067266402,10080986063,3198.7
9067266445,10080986063,2651.9
9067266446,10080986063,1894.6
9067303127,10080986063,1923.3
9067341316,4742253048,5828.5
9067344126,4742253048,5092.2
9067344127,-1,-1.0
9080888576,1880396007,2728.4
9124653700,2457603193,12202.2
9124653703,-1,-1.0
9124653714,2457603193,13244.3
9124653715,-1,-1.0
9124701118,2457603193,16161.9
9124701121,2457603193,12731.5
9124701122,2457603193,12238.9
9124701125,2457603193,12554.5
9124701126,2457603193,12420.9
9124701128,2457603193,12464.4
9124701129,2457603193,12454.8
9124701130,2457603193,12507.5
9124701131,2457603193,12410.8
9124701132,2457603193,12354.8
9124701139,2457603193,12489.9
9139398479,9208010658,8833.6
9139428086,-1,-1.0
9139889936,7295164908,2423.8
9139889940,7295164908,2241.6
9139889961,7295164908,1788.2
9158437416,11880563955,4148.6
9166353164,1814651166,6680.9
9207747193,12463139050,1608.5
9207747194,12463139050,1518.8
9207747202,12463139050,1633.1
9207747210,12463139050,2609.9
9208000667,12463139050,3403.6
9208000671,12463139050,3260.6
9208010654,9208010658,1808.5
9208010656,9208010658,1827.5
9208010658,9208010658,0.0
9208010661,9208010658,1336.8
9208010662,9208010658,844.1
9208010730,9208010658,9427.4
9208010758,9208010658,379.7
9208010767,9208010658,6972.9
9208010768,9208010658,7736.6
9208010769,9208010658,6951.1
9208010782,9208010658,8831.5
9211882329,7227625036,6734.2
9213686973,9933767027,1831.0
9213687000,9933767027,3812.1
9213687003,9933767027,1513.9
9213687005,9933767027,1393.2
9213687007,9933767027,1627.7
9213687010,9933767027,1544.9
9213687014,9933767027,1601.5
9213687020,9933767027,1488.3
9213687029,9933767027,3855.4
9213687030,9933767027,3801.2
9213687034,9933767027,3859.0
9213687037,9933767027,1340.4
9213687042,9933767027,1370.8
9213881177,2457603193,10091.2
9213881178,2457603193,9604.9
9213881179,2457603193,9855.7
9213881200,2457603193,9943.5
9213881201,2457603193,9927.9
9213881202,2457603193,8853.6
9213881203,2457603193,9277.0
9213942747,12463139050,7104.5
9213942750,12463139050,6956.6
9213942771,12463139050,7171.6
9214394625,12463139050,6597.4
9214394626,2457603193,9143.2
9214394627,2457603193,9528.8
9214394631,12463139050,7468.0
9214394632,12463139050,7431.3
9214394634,12463139050,7460.1
9214394635,12463139050,7439.5
9214394640,12463139050,6627.3
9214394644,12463139050,6188.4
9214394645,12463139050,6161.4
9214394652,12463139050,6614.5
9214394654,12463139050,6194.3
9214394655,12463139050,6155.1
9214394659,12463139050,6575.1
9214394660,12463139050,5960.1
9214394663,12463139050,5608.2
9214394677,12463139050,5669.0
9214394701,12463139050,4528.2
9214394707,12463139050,3791.9
9214394711,12463139050,5241.9
9214394712,12463139050,5184.5
9214406805,2457603193,11923.5
9214406808,2457603193,11898.2
9214406809,2457603193,11911.9
9214406810,2457603193,11887.5
9214406811,2457603193,11621.7
9214406813,2457603193,11646.5
9214406814,2457603193,11659.9
9214406815,2457603193,11706.0
9214406816,2457603193,11603.3
9214416119,12463139050,3255.7
9214416120,12463139050,3285.4
9214416129,12463139050,4523.0
9214416130,12463139050,4509.9
9214416133,12463139050,4529.3
9214416134,12463139050,4503.5
9214416160,12463139050,3267.4
9214416162,12463139050,3272.6
9214416179,12463139050,2674.6
9214416183,12463139050,2684.1
9214416188,12463139050,3517.0
9214416205,12463139050,3036.3
9214416208,12463139050,2309.7
9214416210,12463139050,2057.8
9214416217,12463139050,2145.1
9214416225,12463139050,1818.2
9214416226,12463139050,1842.4
9214416228,12463139050,1811.6
9214416229,12463139050,1848.9
9214425921,2457603193,11975.4
9214425922,2457603193,14386.2
9214425924,2457603193,14891.0
9214425926,2457603193,13293.9
9214425927,2457603193,14117.1
9214425930,2457603193,14829.2
9214425931,2457603193,14332.7
9214425937,2457603193,14395.9
9214514666,3044755109,1810.8
9214514667,3044755109,2393.4
9214514668,3044755109,1584.1
9214514669,3044755109,2109.2
9214515593,-1,-1.0
9214515616,9933767027,3802.9
9214515677,-1,-1.0
9214515685,9933767027,4813.2
9214515692,2401390759,2986.2
9214515696,4742253048,1383.8
9216077658,12247625066,1936.5
9216077679,11775535391,3330.0
9216077682,1887828574,3002.9
9216077704,3030038002,2402.7
9216130975,9487411571,2069.2
9216130976,9487411571,1628.1
9216130977,9487411571,1869.0
9216130979,9487411571,2500.3
9216130983,9487411571,2614.2
9216130987,9487411571,2764.7
9216130999,10080986063,3123.2
9216131000,10080986063,2745.8
9216131001,10080986063,2267.3
9216131002,10080986063,1960.9
9216131003,10080986063,1994.0
9216131007,10080986063,3191.0
9216131008,10080986063,2991.3
9216150518,10080986063,2114.0
9216150520,10080986063,2649.3
9216150521,10080986063,2294.6
9216150522,10080986063,2279.4
9216150629,4742253048,197.9
9216150630,4742253048,213.0
9216150633,4742253048,777.4
9216150642,4742253048,1426.9
9216150646,4742253048,2188.6
9216150649,4742253048,2999.7
9216150650,4742253048,3013.3
9216150654,4742253048,1462.7
9216150655,4742253048,1483.6
9216150663,4742253048,225.6
9216150664,4742253048,185.3
9216150679,4742253048,2456.7
9216150682,4742253048,2204.3
9216150683,4742253048,2215.9
9216224479,10080986063,1363.4
9216224480,10080986063,1373.6
9216224482,9933767027,2721.0
9216224483,9933767027,2711.9
9216224485,10080986063,2342.0
9216224486,10080986063,2318.3
9216224490,10080986063,1848.4
9216224501,5325050705,1553.2
9255390790,1150768887,8419.1
9255428257,4742253048,3206.4
9255428259,4742253048,3519.4
9255428260,4742253048,4298.6
9255428262,4742253048,5407.3
9255428273,4742253048,4033.3
9287969764,4181217433,1914.4
9287969765,4181217433,2412.4
9287969766,4181217433,2233.0
9287969769,4181217433,2116.7
9287969770,4181217433,1976.8
9287969771,4181217433,2248.5
9287969788,4181217433,1463.8
9287969789,4181217433,1274.3
9310144589,1814651166,6738.8
9310144605,1814651166,6240.5
9310144654,1814651166,5667.9
9312502108,9208010658,9780.8
9312502113,9208010658,9176.5
9317633958,4540338550,1565.0
9317633959,4540338550,1769.7
9320573625,7157578628,1372.3
9320573627,7157578628,377.9
9328966032,7157578628,1746.4
9328966117,1880400488,3098.5
9328966118,7157578628,3018.2
9341257264,9208010658,4996.7
9344334991,4742253048,3660.5
9344334992,4742253048,3904.1
9344334994,4742253048,4050.0
9344334995,4742253048,3842.8
9344334997,4742253048,3599.0
9344335000,4742253048,3358.0
9344335001,4742253048,4046.2
9344335003,4742253048,4039.8
9344335008,4742253048,3467.2
9344335009,4742253048,3764.9
9344335010,4742253048,3926.5
9344335011,4742253048,4092.9
9346639920,12381917927,2478.6
9346639921,12381917927,2541.6
9349974908,8358666767,2918.6
9349976144,1459170126,636.3
9349976147,1459170126,1292.3
9350057975,12463139050,3636.0
9350057984,12463139050,3356.5
9350071620,4181217433,2851.2
9366842949,12381917927,5349.7
9369164286,2457603193,7609.2
9369164287,2457603193,7386.9
9369164302,2457603193,6871.1
9383211099,12381917927,5684.7
9401807033,12381917927,3885.7
9424855160,9487411571,6448.3
9424855166,9487411571,8089.0
9424855167,9487411571,9322.5
9424855168,9487411571,8331.9
9424855169,9487411571,8869.5
9424855172,9424855173,18.9
9424855173,9424855173,0.0
9424855174,7295164908,4756.0
9425057197,13747437765,54.3
9425057200,13747437765,248.9
9425057201,13747437765,236.0
9425057202,13747437765,88.6
9425057210,9487411571,2825.0
9425057211,7160849932,1873.0
9425060318,7160849932,1755.8
9425060321,7160849932,2937.7
9425060322,7160849932,1961.8
9425060330,7160849932,2287.7
9425060331,7160849932,2943.6
9425060332,1459170126,952.1
9425060338,1459170126,1642.6
9425819485,3030038002,112.5
9425819486,3030038002,538.1
9425819487,3030038002,229.0
9425819488,3030038002,714.5
9425819489,3030038002,335.3
9425819490,3030038002,983.6
9425819491,9424855173,1973.3
9425819492,9424855173,1963.9
9425819506,4540338550,1128.9
9425844020,-1,-1.0
9425844026,4540338550,6835.1
9425844027,4540338550,339.7
9425844028,5343198036,2331.1
9425844032,5343198036,2843.0
9425844033,5343198036,2343.2
9425844035,5343198036,2538.4
9425844038,5343198036,2808.6
9425844039,5343198036,2927.1
9425844044,4540338550,3484.4
9425844045,4540338550,3837.7
9425844046,3044755109,1961.6
9425844047,3044755109,2123.1
9425844049,3044755109,1794.9
9425844050,3044755109,2021.5
9425844051,3044755109,3609.9
9425844052,3044755109,3302.2
9425844053,3044755109,2959.0
9425844054,3044755109,3401.6
9428099032,3044755215,1292.5
9428099033,5343198036,1451.0
9428099034,5343198036,1420.1
9428099035,3044755109,2536.4
9428099038,11176160735,3095.3
9428518614,1887828574,2314.5
9428518615,1887828574,2288.4
9428518616,1887828574,2698.3
9428550617,1887828574,2675.1
9428550618,1887828574,2783.7
9428550620,1887828574,5104.2
9428550623,1887828574,5876.3
9435866180,12381917927,3684.9
9440489573,8197771709,851.1
9440489575,8197771709,1210.8
9440489577,8197771709,535.3
9440489578,8197771709,488.5
9440489582,8197771709,890.2
9440489587,8197771709,531.9
9440500496,7227625036,5478.3
9440500500,7227625036,5252.1
9440500502,7227625036,2702.5
9440500503,7227625036,2581.2
9440500504,7227625036,2733.2
9440500505,7227625036,2853.6
9442093363,1814651166,2061.5
9442093409,12381917927,3077.1
9442093410,12381917927,3154.3
9476409414,4742253048,2826.7
9476412290,4742253048,2933.1
9480961757,1148754930,2425.5
9480961760,1148754930,2275.6
9481522243,4742253048,2533.0
9481522245,10080986063,2965.5
9481522251,10080986063,1703.1
9481522263,10080986063,1164.9
9481522268,10080986063,2717.4
9481522277,10080986063,3001.7
9482275245,4742253048,2154.0
9482275248,4742253048,1788.4
9482275254,4742253048,2507.7
9482275255,4742253048,2094.8
9482836740,2457603193,5165.3
9482836741,2457603193,5069.2
9482836743,2457603193,5176.8
9482836744,2457603193,5263.1
9482836745,2457603193,5172.0
9482836749,2457603193,5017.0
9482836752,2457603193,4777.6
9482836758,2457603193,4419.6
9482836765,9208010658,3565.0
9482836784,2457603193,7058.7
9482836799,2457603193,7696.4
9482836810,2457603193,2582.4
9484489995,4742253048,2778.7
9486041525,11880563955,1697.5
9486211038,1148754930,1645.1
9486211039,1148754930,1614.9
9486211046,1148754930,2602.9
9486325520,10080986063,3164.4
9486325528,10080986063,3514.3
9486325529,2482884829,586.9
9486842278,10080986063,689.4
9486842279,10080986063,1300.2
9486842284,10080986063,733.3
9486842285,10080986063,716.4
9486842289,2482884829,669.8
9486842290,10080986063,2159.4
9486842293,10080986063,697.1
9486842294,10080986063,581.9
9486842297,10080986063,681.0
9487411550,9487411571,395.0
9487411554,9487411581,868.3
9487411564,9487411581,1466.6
9487411565,9487411571,899.3
9487411566,9487411571,875.4
9487411567,9487411571,496.9
9487411568,9487411571,289.1
9487411569,9487411571,211.3
9487411570,9487411571,200.8
9487411571,9487411571,0.0
9487411572,9487411571,377.8
9487411573,9487411571,262.3
9487411574,9487411571,388.5
9487411575,9487411571,668.8
9487411576,9487411571,1030.8
9487411577,9487411581,1008.8
9487411579,9487411581,653.4
9487411580,9487411581,434.2
9487411581,9487411581,0.0
9487411582,9487411581,1357.5
9487411584,9487411581,33.0
9495274922,9208010658,11821.9
9495274987,9208010658,6970.4
9497638844,7614809187,2248.6
9499906903,2045952502,1701.3
9499906904,7614809187,1281.0
9499906906,2045952502,1884.3
9499906907,2045952502,1085.2
9499906908,2045952502,1055.5
9499906909,2045952502,1315.9
9499909453,2045952502,1682.8
9499909454,2045952502,1235.1
9499909455,7614809187,1563.2
9499909456,2045952502,1632.2
9499909459,2045952502,1046.6
9500015966,7178880041,2016.2
9500015971,7178880041,2189.9
9500017026,8198567118,2243.9
9500017045,8198567118,2171.6
9500914449,9487411581,2160.7
9500914453,9487411581,2372.9
9500914457,9487411581,1471.4
9500914460,9487411581,1407.2
9500914461,9487411581,1393.6
9500914462,9487411581,1431.1
9500914463,9487411581,1417.4
9501913773,3541539575,1874.2
9502190629,1814651166,6306.3
9504145233,1880396007,2986.7
9504145234,1880396007,2960.7
9504727197,9487411581,1689.5
9504785942,9487411581,1846.7
9504785943,9487411581,1831.9
9506833727,13778138440,1597.7
9506833728,13778138440,1555.4
9506833730,13778138440,1591.3
9506833731,13778138440,1500.2
9506884765,11880563955,2153.1
9506884768,11880563955,1752.4
9506884776,11880563955,1985.0
9506884779,11880563955,1867.1
9506938435,4523470682,2463.8
9506938436,4523470682,2439.2
9509566787,2401122715,3059.5
9516709167,12463139050,4361.8
9517489231,3367156838,1513.4
9517489232,3367156838,1771.1
9520799127,9520799127,0.0
9520799141,11176160735,2195.8
9520799142,11176160735,2229.9
9520817014,4540338550,1443.6
9521376083,12381917927,2056.3
9521376084,12381917927,1012.6
9552100025,1290395232,3918.8
9559536926,3541539575,211.1
9587497118,13778138440,2181.1
9593380986,9933767027,4994.6
9593381001,-1,-1.0
9593390842,9933767027,4259.0
9593390843,9933767027,4276.4
9593390847,9933767027,4659.4
9593390854,9933767027,3874.6
9593390865,9487411571,10420.5
9593390873,9933767027,3833.6
9593390909,9933767027,3437.7
9593390928,9933767027,3181.7
9599748058,1880400488,840.9
9599748107,1880400488,1321.4
9606136210,1880400488,4055.3
9606136211,1880400488,4034.7
9606164081,1880400488,3467.3
9606164082,1880400488,3425.3
9608485461,1880400488,3246.2
9608485462,1880400488,2413.8
9614330239,12841249641,2115.7
9614330240,12841249641,2846.8
9614330241,12841249641,4078.1
9614330242,12841249641,3393.8
9614330255,12841249641,3465.3
9626376711,2457603193,3505.8
9626376712,2457603193,3472.6
9626752363,12381917927,1371.1
9626752364,12381917927,1394.6
9626752365,12381917927,1431.9
9626752367,12381917927,1449.1
9626752368,12381917927,1417.7
9626752369,12381917927,1366.4
9631280040,5343198036,2987.8
9631280041,5343198036,3000.0
9631280042,5343198036,2973.8
9631280043,5343198036,2994.4
9631280044,5343198036,3547.4
9631280045,5343198036,3629.3
9631280047,5343198036,3503.2
9631280048,5343198036,3586.3
9631280050,5343198036,3562.1
9631462867,12381917927,1746.8
9631462870,12381917927,1946.2
9631488686,12381917927,1944.5
9631488690,12381917927,1736.4
9631488691,12381917927,1921.1
9631488697,12381917927,2068.9
9631564679,12381917927,1600.3
9632492173,-1,-1.0
9633345158,12381917927,2035.1
9633345159,12381917927,1908.7
9633345160,12381917927,2092.5
9633345161,12381917927,2030.8
9633345162,12381917927,1960.9
9633345164,12381917927,1795.6
9633345171,12381917927,1636.4
9633499053,12381917927,1020.1
9633499054,12381917927,989.6
9633499055,12381917927,732.1
9633499056,12381917927,695.9
9641299714,1814651166,5754.6
9641299716,1814651166,5732.4
9641330617,1814651166,5688.0
9641330618,1814651166,5784.8
9641330620,1814651166,5604.1
9641330621,1814651166,5651.8
9641330622,1814651166,5558.3
9641330789,1814651166,6974.7
9641330814,1814651166,6280.6
9641330815,1814651166,6277.3
9641330832,1814651166,6898.3
9641330871,9208010658,7773.3
9641468488,1814651166,6627.8
9641468493,1814651166,6473.7
9641468494,1814651166,6448.9
9643085509,-1,-1.0
9643085513,-1,-1.0
9643085516,-1,-1.0
9643085539,-1,-1.0
9643085554,-1,-1.0
9643085578,-1,-1.0
9643085579,-1,-1.0
9643085586,-1,-1.0
9643085587,-1,-1.0
9643085588,-1,-1.0
9643085592,-1,-1.0
9643085595,-1,-1.0
9643085598,-1,-1.0
9643085599,-1,-1.0
9643085616,-1,-1.0
9643085623,-1,-1.0
9643085746,-1,-1.0
9643085755,-1,-1.0
9643085818,-1,-1.0
9643085819,9208010658,7565.4
9645634438,-1,-1.0
9652914542,7227625036,5444.7
9652914547,7227625036,4218.8
9681727748,13369051339,4518.6
9686297309,7227625036,6158.6
9686297315,7227625036,5561.7
9704772666,6868989296,3550.5
9704772667,6868989296,3224.1
9704772670,6868989296,2935.9
9718331459,8198567118,1166.5
9718331466,8198567118,525.6
9718331470,8198567118,733.1
9722186846,2401390759,1158.0
9722186847,2401390759,1843.1
9724086910,5325050705,1809.4
9724086911,5325050705,1824.8
9741448746,9933767027,2838.2
9741448747,9933767027,2853.3
9741448749,9933767027,2820.1
9741448750,9933767027,2805.8
9741462927,10080986063,2881.9
9741462928,10080986063,2896.8
9748315459,4742253048,4981.6
9748315460,10080986063,2176.6
9761710373,9208010658,17255.7
9761710496,9208010658,11832.5
9761710513,9208010658,11308.8
9761710517,9208010658,14418.4
9761710561,9208010658,11403.9
9761710562,9208010658,11836.5
9761710563,9208010658,11945.4
9761710571,9208010658,11837.7
9761710572,9208010658,11911.5
9761710579,9208010658,12116.7
9761710580,9208010658,11882.7
9761710585,9208010658,12172.8
9761710595,9208010658,13276.3
9761710597,9208010658,13047.8
9761710599,9208010658,13118.4
9761710639,9208010658,13453.1
9761710643,9208010658,13061.4
9761710646,9208010658,12616.3
9761710656,9208010658,13841.1
9761710657,9208010658,13729.4
9761710669,9208010658,14220.7
9761710674,9208010658,13786.6
9761710675,9208010658,14835.4
9761710683,9208010658,13305.8
9761710684,9208010658,13727.0
9761710695,9208010658,13201.1
9761710726,9208010658,15807.4
9794559210,6868989296,3235.9
9794559211,6868989296,3256.5
9794559212,6868989296,3652.2
9803032123,12841249641,3212.4
9803032133,12841249641,2821.0
9813153836,3541539575,1987.2
9831132151,12463139050,3067.6
9831132152,12463139050,3548.4
9831132153,12463139050,2468.0
9834371137,1215926967,3016.5
9838163244,2401390759,1365.0
9838163249,2401390759,1113.0
9838163255,2401390759,1149.5
9844995009,4541277493,1257.0
9857578838,2457603193,7164.7
9860750499,4181217433,3135.2
9860750511,4181217433,3849.9
9861506783,12841249641,3237.1
9861506789,12841249641,3582.1
9861506809,3822225896,5024.7
9861549724,12841249641,3691.2
9861549729,12841249641,3579.8
9861549732,12841249641,3482.7
9861549753,12841249641,2127.3
9861549755,12841249641,2521.6
9861549757,12841249641,2422.1
9861549758,12841249641,2484.5
9861549796,12841249641,4205.7
9861549799,12841249641,3927.5
9861549803,12841249641,3991.6
9861559726,12247625066,2052.7
9861948904,4541277493,1756.6
9861948906,4541277493,1268.5
9861948907,4541277493,1799.2
9861948909,4541277493,1439.6
9861948910,4541277493,1935.3
9861948911,4541277493,1651.8
9861948914,4541277493,2198.3
9861967117,4541277493,1989.9
9862083328,4541277493,2323.8
9862302832,7227625036,1981.2
9862507664,3822225896,959.0
9862507666,3822225896,1185.1
9862507675,3822225896,2673.2
9862507676,3822225896,2743.9
9862989142,4541277493,2227.4
9862989143,4541277493,2683.8
9893917203,1212025348,1612.5
9893917204,1212025348,3270.1
9893940667,4541277493,2323.3
9893940668,4541277493,2682.5
9893940669,4541277493,2665.1
9893940670,4541277493,2364.5
9893940673,4541277493,1322.9
9893940675,7227625036,2929.5
9893964749,7227625036,4640.9
9899384565,3044755109,2746.5
9899414887,1880396007,2101.2
9933444499,4742253048,4276.1
9933444501,4742253048,4371.4
9933444503,4742253048,3875.2
9933449816,9933767027,920.9
9933460517,9933767027,943.4
9933460520,9933767027,1213.2
9933460521,9933767027,1241.8
9933460522,9933767027,1301.6
9933460525,9933767027,1404.9
9933460526,9933767027,1358.7
9933460530,9933767027,3476.7
9933460531,9933767027,320.1
9933460532,9933767027,572.3
9933460533,9933767027,326.9
9933460534,9933767027,573.6
9933460538,9933767027,513.9
9933460543,9933767027,599.8
9933460544,9933767027,1073.9
9933460548,9933767027,774.1
9933460549,9933767027,802.9
9933460552,9933767027,938.0
9933460553,9933767027,926.4
9933460554,9933767027,792.5
9933460555,9933767027,783.6
9933460559,9933767027,1378.1
9933461533,4742253048,2185.1
9933742347,9933767027,3441.4
9933742351,9933767027,3681.5
9933742356,9933767027,3454.4
9933742357,9933767027,3625.6
9933742362,9933767027,3533.3
9933742364,9933767027,2958.8
9933742365,9933767027,4214.1
9933742369,9933767027,2949.3
9933742388,9933767027,923.3
9933742396,9933767027,1091.4
9933742397,9933767027,926.7
9933742405,9933767027,1101.0
9933758978,2482884829,1387.7
9933758979,2482884829,1164.0
9933758980,2482884829,1193.0
9933767027,9933767027,0.0
9933767029,9933767027,332.8
9933767033,9933767027,298.7
9933767034,9933767027,346.8
9933767039,9933767027,351.6
9942911426,2457603193,10927.2
9942911429,2457603193,9563.9
9942911430,2457603193,9541.7
9942911431,2457603193,8580.8
9942911432,2457603193,8602.0
9942911436,2457603193,9686.8
9942911445,2457603193,8778.0
9942911449,2457603193,9424.0
9948463400,10080986063,3651.5
9948463401,10080986063,3395.0
9948463402,10080986063,2995.4
9948463403,10080986063,3617.1
9948463404,10080986063,3113.4
9948477775,10080986063,3267.6
9948666253,12463139050,3336.8
9948666261,12463139050,2981.7
9959291187,9487411571,7073.7
9959339418,9487411571,6767.7
9959339447,9487411571,4476.6
9965368709,9933767027,5891.7
9965432437,-1,-1.0
9967436546,1290395232,6250.9
9967436550,11880563955,3238.7
9979898797,12463139050,3383.3
9979898801,12463139050,3208.3
9979898812,12463139050,3190.6
10008300562,4523470682,158.7
10008300580,4523470682,1630.9
10008300586,4523470682,407.6
10011888393,9208010658,9022.1
10011888408,9208010658,8374.3
10011888415,9208010658,8243.0
10011888420,9208010658,8250.6
10011888421,9208010658,8205.1
10011888422,9208010658,8255.1
10011888424,9208010658,8200.2
10011888425,9208010658,8132.8
10011888514,9208010658,3862.1
10011888515,9208010658,3957.7
10011888516,9208010658,3759.7
10011888577,9208010658,4276.2
10011888656,9208010658,5237.9
10011888707,9208010658,4997.7
10012487048,9208010658,2283.9
10016236814,10080986063,3244.2
10016238317,10080986063,2284.7
10017424518,1290395232,2803.5
10017424519,1290395232,2626.0
10017424525,1290395232,2757.8
10017424526,1290395232,2602.0
10017424527,1290395232,2264.6
10017424528,1290395232,2550.4
10017424532,1290395232,2427.7
10017424538,1290395232,2492.8
10017424539,1290395232,2478.7
10017424540,1290395232,2700.8
10017424541,1290395232,2635.7
10017424542,1290395232,2775.9
10017424543,1290395232,2688.5
10017424544,1290395232,2897.8
10017424546,1290395232,2491.6
10017424547,1290395232,2311.6
10017424561,1290395232,2401.6
10017424562,1290395232,2714.5
10017424564,1290395232,2456.1
10017424565,1290395232,2692.7
10017424566,1290395232,2492.6
10017424567,1290395232,2722.4
10017424568,1290395232,2518.3
10017424569,1290395232,2784.0
10017424570,1290395232,2579.5
10017424571,1290395232,2833.3
10017424573,1290395232,2149.7
10017424578,1290395232,1626.9
10017424579,1290395232,2114.0
10017424580,1290395232,1645.8
10017424581,1290395232,1617.1
10029915074,8198567118,2497.9
10029915075,8198567118,2263.4
10030017299,9208010658,6942.6
10030017305,9208010658,6680.8
10030017310,9208010658,7009.8
10030017311,9208010658,6961.4
10030017312,9208010658,6851.0
10030017313,9208010658,6649.2
10030017315,9208010658,6570.0
10030066817,9208010658,6400.2
10030066818,9208010658,6497.2
10030066819,9208010658,5925.6
10030066820,9208010658,6047.9
10030066821,9208010658,5926.2
10030066822,9208010658,5767.7
10030066827,9208010658,5410.3
10030066987,9208010658,6254.4
10030067207,9208010658,1375.9
10030067237,9208010658,1435.0
10030067245,9208010658,889.7
10030067246,9208010658,833.8
10030734384,9208010658,3359.2
10030776711,9208010658,3027.3
10030776714,9208010658,2819.1
10030776715,9208010658,2872.4
10030776717,9208010658,3110.0
10030776718,9208010658,2870.1
10030776722,9208010658,2562.2
10030776723,9208010658,2677.3
10030776725,9208010658,2468.9
10030777004,9208010658,2493.1
10030777005,9208010658,2251.2
10030777006,9208010658,2345.2
10030777007,9208010658,2548.8
10030777008,9208010658,1989.8
10030777009,9208010658,3073.4
10030777011,9208010658,3346.6
10030777013,9208010658,2924.5
10030777014,9208010658,2526.3
10030777015,9208010658,2558.0
10030777016,9208010658,2555.2
10030777017,9208010658,2594.0
10030777018,9208010658,2587.5
10030777019,9208010658,2625.5
10030777020,9208010658,2462.8
10030777022,9208010658,2589.3
10030777023,9208010658,2491.8
10030777031,9208010658,2325.9
10030777035,9208010658,1977.7
10030777036,9208010658,1793.6
10030777037,9208010658,1332.7
10030777038,9208010658,1825.3
10030777039,9208010658,1756.3
10030777040,9208010658,2192.2
10030777041,9208010658,2089.9
10030777073,9208010658,1518.0
10030777074,9208010658,1589.9
10030777075,9208010658,1254.1
10030777076,9208010658,1770.2
10030777077,9208010658,1390.6
10030777081,9208010658,2170.4
10030777082,9208010658,2190.5
10030777092,9208010658,3148.3
10030777095,9208010658,2083.1
10030777098,9208010658,1802.0
10030777099,9208010658,1904.8
10030777116,9208010658,2598.9
10030777122,9208010658,2726.8
10030777124,9208010658,3124.7
10030777125,9208010658,3293.8
10030777126,9208010658,3111.7
10030777127,9208010658,3113.5
10030777128,9208010658,2962.2
10030777129,9208010658,3268.8
10067917918,9933767027,4669.1
10079975408,2482884829,515.7
10079975412,2482884829,1008.4
10080033219,2482884829,1075.2
10080033228,10080986063,3195.2
10080033249,2482884829,1085.4
10080033250,2482884829,1131.7
10080033252,2482884829,1198.2
10080033253,2482884829,1083.2
10080033254,2482884829,896.3
10080033255,2482884829,1231.3
10080033258,2482884829,1770.4
10080033259,2482884829,1620.3
10080033261,2482884829,1458.3
10080033284,2482884829,2929.0
10080033299,10080986063,1823.5
10080033309,10080986063,2345.6
10080033318,10080986063,822.9
10080986062,10080986063,384.3
10080986063,10080986063,0.0
10080986064,10080986063,542.4
10080986065,10080986063,137.2
10080986067,10080986063,507.5
10080986069,10080986063,542.3
10080986070,10080986063,655.6
10080986071,10080986063,1272.2
10080986072,10080986063,1253.4
10080986073,10080986063,236.2
10087289746,1290395232,1307.4
10087289754,1290395232,1294.5
10102403050,2401390759,1502.6
10102403052,2401390759,1834.5
10102517960,2401390759,3110.3
10102605937,2401390759,338.5
10108965712,4742253048,2560.2
10114149143,10080986063,3172.1
10114149144,10080986063,3222.5
10114149145,10080986063,3503.0
10114149146,10080986063,3565.2
10114149147,10080986063,3475.3
10114149148,10080986063,2989.5
10114149149,10080986063,3050.8
10114149150,10080986063,2943.2
10114149151,10080986063,3001.0
10114149152,10080986063,2656.8
10114149153,10080986063,2688.6
10114149154,10080986063,2577.0
10114149155,10080986063,2634.2
10150955769,7178880041,2270.2
10150955771,7178880041,3423.7
10162473178,1880400488,1449.5
10171753760,2457603193,4463.3
10178477187,2457603193,4846.5
10178477192,2457603193,4472.7
10203993063,2457603193,6053.0
10281883835,11176160735,1743.1
10281923079,1215926967,2621.5
10281923089,8358666767,3144.8
10284062756,13778138440,1908.4
10284062784,13778138440,1940.3
10284062786,13778138440,1717.2
10284062787,13778138440,1788.3
10284062789,13778138440,1929.2
10284062790,13778138440,1642.4
10284062792,13778138440,1358.7
10284062793,13778138440,1288.5
10284062794,13778138440,1561.9
10290647885,4742253048,7552.4
10290647887,4742253048,7098.3
10292793474,4742253048,3191.1
10292793475,4742253048,2998.8
10294432479,9487411571,793.3
10295029771,9208010658,9131.4
10295029780,9208010658,10013.8
10299898632,2482884829,2883.3
10299898644,2401177369,3429.1
10299898648,2482884829,2899.1
10300069390,2482884829,685.5
10300069391,2482884829,963.8
10300069392,2482884829,1141.8
10300069395,2482884829,1009.4
10300069396,2482884829,1211.7
10300069397,2482884829,1076.7
10300069400,2482884829,1132.0
10300069401,2482884829,1312.8
10300069402,2482884829,1232.9
10300069403,2482884829,1163.8
10300069405,2482884829,1225.3
10300069406,2482884829,1569.9
10300091515,2482884829,969.5
10300091651,2482884829,830.3
10300091652,2482884829,468.0
10300091680,2482884829,1382.0
10300091684,2482884829,1523.4
10300091685,2482884829,1620.5
10300091686,2482884829,1779.7
10300093706,2401122715,1987.2
10300096010,2482884829,1625.7
10300096011,2482884829,1487.2
10300096012,2482884829,1547.1
10300096013,2482884829,1376.1
10300096014,2482884829,1442.7
10300096015,2482884829,1551.4
10300096016,2482884829,1614.7
10300096017,2482884829,1514.8
10300096018,2482884829,1303.4
10300096019,2482884829,1447.6
10300096020,2482884829,1179.6
10300096021,2482884829,1383.6
10300096429,2482884829,922.9
10300096430,2482884829,1080.0
10300096431,2482884829,891.9
10300096432,2482884829,655.2
10300096433,2482884829,1016.4
10300096434,2482884829,810.7
10300096435,2482884829,859.2
10300096436,2482884829,1027.4
10300096437,2482884829,1086.9
10300096438,2482884829,938.7
10300096439,2482884829,730.3
10300096440,2482884829,794.4
10300096441,2482884829,1146.4
10300096442,2482884829,541.6
10300096443,2482884829,830.5
10300096444,2482884829,998.7
10300122966,2482884829,759.5
10300122967,2482884829,985.2
10300124819,2482884829,1308.3
10300124830,2482884829,1679.4
10301823839,2401177369,3422.8
10301824043,10080986063,3052.5
10301824044,10080986063,3331.3
10301824073,2482884829,2714.6
10301824079,2482884829,3252.7
10301824081,2482884829,2787.7
10301824097,2482884829,3307.5
10302393244,2482884829,1247.3
10302393245,2482884829,1422.8
10302393246,2482884829,1456.3
10302496497,10080986063,2986.8
10302496506,2482884829,1885.4
10302496508,2482884829,2271.7
10302514511,2482884829,1953.4
10302514512,2401177369,2579.3
10302514515,2482884829,2057.9
10302514517,2482884829,2314.6
10302514518,2482884829,2365.6
10302514523,2482884829,2690.0
10302514527,2482884829,2745.9
10302514528,2482884829,2930.9
10302514533,2482884829,2790.2
10302514534,2482884829,2719.9
10302514536,2482884829,2064.4
10302514537,2482884829,2215.2
10302514538,2482884829,2112.0
10302514542,2482884829,2878.6
10302514543,2482884829,2981.2
10302514546,2482884829,2857.5
10302514547,2482884829,2686.6
10302514548,2482884829,2637.6
10302514549,2482884829,2920.4
10302514551,2482884829,2497.1
10302514553,2482884829,2121.2
10302514554,2482884829,1145.2
10302514555,2482884829,1975.3
10302514580,2482884829,1828.3
10302514587,2401177369,1651.9
10302514588,2482884829,2378.2
10302514593,2482884829,2590.5
10303877324,2482884829,1877.8
10303877327,2482884829,2004.5
10303877336,2401177369,1674.4
10303877348,2482884829,1070.8
10303877355,2482884829,1202.9
10303877369,2482884829,2225.5
10303877373,2482884829,1781.7
10303877374,2482884829,1752.8
10303877385,2482884829,1371.3
10303877387,2482884829,1416.3
10303877388,2482884829,1441.6
10303877395,2482884829,2554.1
10303877426,2482884829,3639.3
10303877459,2401177369,2290.2
10303877478,2401177369,2062.0
10303877479,2401177369,2078.3
10303877482,2401177369,2319.5
10303877483,2401177369,2153.2
10303877504,2401177369,1878.9
10303877508,2401177369,2036.6
10303877528,2401177369,2019.1
10303877532,2401177369,1777.1
10303877533,2401177369,1975.6
10303877549,2401177369,3230.7
10303877555,2401177369,2476.7
10303877678,2401177369,2242.9
10303877679,2401177369,2145.5
10303906593,10080986063,1918.0
10303906594,10080986063,1900.5
10303906595,10080986063,2680.4
10304714937,2482884829,1378.3
10304714943,2482884829,786.1
10307944887,3541539575,1815.7
10307944892,3541539575,2146.2
10307944893,3541539575,1963.0
10307956496,13778138440,1496.3
10307956499,13778138440,1545.0
10307956505,13778138440,1589.1
10307996338,10080986063,3048.1
10307996342,10080986063,2765.3
10307996349,10080986063,3007.3
10307996350,10080986063,2925.8
10307996355,10080986063,2521.7
10307996356,10080986063,2793.6
10307996357,10080986063,2824.7
10307996566,2482884829,1885.8
10308014224,13778138440,2642.2
10308014232,13778138440,1598.2
10308023042,13778138440,1818.2
10308023050,3541539575,1955.2
10308023060,13778138440,1655.5
10308050740,2401122715,2470.1
10308050751,2401122715,2584.5
10308805215,2482884829,1688.4
10308805222,2482884829,1892.5
10308843305,13778138440,691.7
10308843306,13778138440,796.6
10310020373,2482884829,1224.8
10310020377,2482884829,824.8
10310052813,2482884829,898.7
10310052818,2482884829,1262.8
10310123745,5325050705,2435.8
10310299095,2401177369,2179.2
10310304695,1814651166,6368.3
10311283873,2482884829,2361.6
10311283874,2482884829,2373.9
10311283875,2482884829,2578.0
10312684727,2401122715,1517.0
10312684728,2401122715,1501.4
10537165060,9487411571,1257.0
10537165064,9487411571,25.4
10589533432,2401177369,2195.1
10605001848,9208010658,4176.8
10605001849,9208010658,4401.1
10605001850,9208010658,4806.9
10605001852,9208010658,4645.2
10605001853,9208010658,4781.3
10605001856,9208010658,4644.6
10605001857,9208010658,6106.7
10605001858,9208010658,5667.4
10605001859,9208010658,5665.2
10605001860,9208010658,6173.4
10605001865,9208010658,5171.2
10605001866,9208010658,5174.4
10605001867,9208010658,4949.0
10605001868,9208010658,4952.6
10606485052,5343198036,1390.3
10606485053,5343198036,1357.7
10606485089,5343198036,1806.6
10606485100,5343198036,1397.7
10606485103,2045952502,2929.8
10606489210,2045952502,3335.1
10606540955,3501002866,3650.3
10606540960,3501002866,3882.8
10606541017,3501002866,4211.5
10606541022,3501002866,3923.6
10606541029,3501002866,4053.0
10606541035,3501002866,4019.4
10651501422,11880563955,3198.3
10653345351,10080986063,4590.0
10657877365,2482884829,2875.0
10657877369,2482884829,2752.4
10657877379,2482884829,3260.1
10657877381,10080986063,4357.4
10657877387,10080986063,4150.6
10657877390,10080986063,4551.8
10657877394,10080986063,4449.8
10660382214,2482884829,3926.4
10660765811,2482884829,3516.6
10660765847,2482884829,3145.9
10665081708,9933767027,3460.1
10665081709,9933767027,3446.3
10665081710,9933767027,4199.1
10665081711,10080986063,1886.4
10676195723,13778138440,2018.8
10676195724,13778138440,1870.4
10676211580,13778138440,1990.6
10676211581,13778138440,1853.2
10676212032,13778138440,1203.3
10676212033,13778138440,1363.9
10677599556,1212025348,3986.0
10677640093,5325050705,1133.7
10677640101,4181217433,1155.8
10677640102,4181217433,840.9
10677684591,4523470682,1418.1
10677684595,4523470682,1105.1
10677684599,4523470682,670.8
10677721664,4181217433,1512.4
10693357944,3501002866,2469.9
10693357951,3501002866,3029.0
10693357981,4523470682,565.8
10693357984,4523470682,580.0
10693357985,4523470682,282.2
10700893532,2457603193,6510.6
10700893591,2457603193,6969.8
10700893593,2457603193,7047.8
10700893599,2457603193,7603.4
10700893603,2457603193,7131.8
10725041914,11176160735,2586.6
10725041915,11176160735,2051.0
10725041916,11176160735,2605.8
10725041918,11176160735,2623.8
10725041919,11176160735,2643.8
10725041920,11176160735,2066.3
10725068679,11176160735,2405.2
10732676918,2457603193,5611.4
10732676935,2457603193,5790.3
10732676936,2457603193,5911.8
10732676961,9208010658,6268.5
10732676962,9208010658,6636.7
10736776221,8197771709,263.0
10736776222,8197771709,253.1
10736776223,7160849932,1950.0
10736776224,9487411581,2066.2
10736776226,7160849932,1459.2
10736776227,7160849932,2012.8
10752081468,12463139050,3269.3
10795039390,9933767027,5202.9
10795054314,9933767027,3810.4
10795073858,9933767027,3546.6
10795073859,9933767027,3567.0
10795073862,9933767027,3580.8
10795073863,9933767027,3539.7
10796548878,11880563955,1135.4
10796548882,11880563955,540.7
10796548884,11880563955,1126.9
10796548886,11880563955,554.0
10797074075,9208010658,2674.3
10822002685,4181217433,2351.0
10822080631,7295164908,3898.6
10822080634,7295164908,3936.7
10822080636,7295164908,4249.7
10822080641,7295164908,3326.6
10824059604,4742253048,8016.5
10824096123,11880563955,2267.4
10824096125,11880563955,2507.9
10824096127,11880563955,2755.0
10824096130,11880563955,2766.4
10824099026,4742253048,4920.2
10824099027,4742253048,5068.2
10824099031,4742253048,4050.1
10826161693,2457603193,6438.5
10826161699,2457603193,4359.5
10826161700,2457603193,4374.4
10826161705,2457603193,4709.6
10826161710,2457603193,5133.6
10826161713,2457603193,5586.1
10826161723,2457603193,6220.8
10826161727,2457603193,6475.7
10826161728,2457603193,6451.4
10826161729,2457603193,6441.0
10826161730,2457603193,6486.7
10844038345,2457603193,7686.9
10921920716,5325050705,890.1
10921920752,8358666767,4276.9
10921920758,8358666767,4463.9
10955627737,9208010658,2411.5
11026977959,4523470682,725.1
11026977961,4523470682,435.9
11026977962,4523470682,407.5
11026977976,4523470682,894.6
11026977977,4523470682,863.9
11026977978,4523470682,680.6
11026978001,3501002866,2616.8
11027026810,4523470682,1060.9
11027026811,4523470682,1198.6
11027026812,4523470682,1432.8
11027026813,4523470682,1688.1
11027026814,4523470682,1402.0
11028873786,4523470682,960.1
11028873787,4523470682,1121.2
11028873788,3501002866,2841.8
11028873790,4523470682,1151.5
11028873791,4523470682,979.5
11028873793,3501002866,2412.8
11028873794,3501002866,2390.2
11028873795,3501002866,2347.7
11028873796,3501002866,2369.5
11028873797,4523470682,1081.1
11028873798,4523470682,1144.0
11028873800,4523470682,775.0
11028873801,4523470682,2527.1
11028873802,3501002866,2497.8
11028893911,3501002866,2650.9
11028893912,3501002866,2700.1
11028893913,4523470682,2804.1
11029509098,7178880041,1407.9
11029509101,3367156838,1357.5
11029509102,7178880041,1588.4
11029544410,7178880041,2809.6
11029544413,3044755215,2110.0
11029544415,7178880041,1964.7
11029544417,7178880041,1614.4
11029544422,7178880041,1898.8
11029544425,7178880041,2194.5
11029544427,7178880041,1592.6
11050501475,2457603193,3333.2
11050501476,2457603193,3309.3
11050501486,2457603193,3869.1
11088633715,3367156838,2155.6
11088633719,8198567118,1542.2
11088633739,1459170126,3570.3
11088633748,1459170126,3454.2
11088633756,6868989296,3552.2
11088633759,6868989296,3558.7
11088633765,6868989296,3397.2
11088633768,6868989296,3720.2
11088633769,1459170126,3681.9
11088633770,1459170126,3691.3
11088633778,1459170126,4046.3
11125103443,2457603193,6409.7
11125103444,2457603193,6450.5
11125103445,2457603193,6439.5
11125103446,2457603193,6194.0
11125103447,11880563955,3234.3
11176160677,11176160735,2844.2
11176160735,11176160735,0.0
11176160819,11176160735,2612.3
11176160821,11176160735,2853.8
11176160900,4050649085,1053.8
11176160906,4050649085,2376.1
11176160910,4050649085,1211.3
11185037406,11176160735,924.6
11185037416,11176160735,1823.6
11185037417,11176160735,2343.7
11185037418,11176160735,2434.2
11185061934,11176160735,3205.5
11185061939,11176160735,3652.6
11185061998,4050649085,1783.8
11185062040,4050649085,2473.7
11185062041,4050649085,2097.1
11185062054,4050649085,1957.0
11185062055,3822225896,2575.0
11185062057,4050649085,2529.7
11185062061,4050649085,2563.0
11202872008,3541539575,1625.4
11202872009,3541539575,1355.0
11206783768,2457603193,8074.0
11233005510,2045952502,2270.4
11233005511,2045952502,2320.2
11233154928,2045952502,2169.8
11233154932,2045952502,2424.9
11233154933,2045952502,2528.2
11233154934,2045952502,2408.9
11233154935,2045952502,2598.7
11233188538,2045952502,2416.0
11233188539,2045952502,2375.2
11233188540,2045952502,2235.2
11233188541,2045952502,2131.2
11233188543,2045952502,2380.1
11233188547,2045952502,2022.5
11233188548,2045952502,1883.2
11233188550,2045952502,2413.4
11233188551,2045952502,2170.8
11233188552,2045952502,2330.3
11233188553,2045952502,2085.4
11233188554,2045952502,2216.0
11233195035,2045952502,2493.1
11233195036,2045952502,2508.3
11233206538,2045952502,2289.6
11233206539,2045952502,2533.5
11233206540,2045952502,2350.1
11233206541,2045952502,2478.6
11235079638,2045952502,2277.1
11235079640,2045952502,2383.6
11240294351,13778138440,2979.6
11240777076,3030038002,1600.5
11240777077,3030038002,1733.4
11240777078,3030038002,1807.6
11240777079,3030038002,1894.1
11240777080,3030038002,1843.2
11240777081,3030038002,1800.1
11240777082,3030038002,1907.6
11240777088,3030038002,1851.1
11240777090,3030038002,2049.5
11240777091,3030038002,1756.8
11240777092,3030038002,1881.2
11240777093,3030038002,1915.5
11244942481,3367156838,1962.0
11244942482,3367156838,1581.0
11244942483,12247625066,2104.1
11244942484,12247625066,1778.8
11244942487,12247625066,2729.8
11244942488,12247625066,2279.5
11244942491,12247625066,2545.7
11250185933,11250185933,0.0
11250185935,11250185933,602.8
11250185937,11250185933,661.2
11250185939,11250185933,1122.5
11250185960,11250185933,485.2
11250185964,-1,-1.0
11250185968,11250185933,567.6
11250185999,3822225896,400.3
11250186103,4050649085,568.1
11250186105,4050649085,760.6
11250186186,4050649085,862.5
11250186672,4050649085,2763.7
11250186682,12247625066,3542.4
11250226975,3822225896,443.7
11250226976,3822225896,617.2
11252245120,3501002866,4574.5
11252257649,1233322729,4074.3
11252257654,1233322729,6312.7
11252257656,1233322729,3688.8
11252257658,1233322729,3026.6
11252257659,1233322729,3662.3
11252257660,3501002866,4277.2
11252257687,3501002866,2632.1
11252263343,1233322729,6337.7
11252336429,11250185933,2000.6
11252388037,11250185933,829.6
11252388038,11250185933,1327.5
11252388041,11250185933,1727.0
11252388214,11250185933,2797.0
11252388220,11250185933,3456.3
11252388226,11250185933,868.0
11252388227,11250185933,739.3
11258898937,2401122715,1948.9
11258898938,2401122715,2254.3
11258898939,3541539575,2782.7
11258898945,2401122715,1995.8
11258898957,2401122715,2069.4
11258942755,4181217433,2428.5
11270724353,9487411571,1249.7
11270724357,9487411571,1858.7
11270744073,9487411571,3920.6
11270744077,9487411571,4081.1
11270744095,9487411571,3583.9
11270744096,9487411571,4091.8
11270744102,9487411571,4659.1
11270744106,9487411571,4622.4
11270744107,9487411571,4629.2
11270744117,9487411571,4344.5
11270744118,9487411571,4365.5
11270744131,9487411571,6419.8
11270842894,9487411581,3399.5
11270842904,9487411581,2713.5
11270842925,9487411581,2468.3
11270842930,9487411581,2433.0
11270842931,9487411581,2206.6
11270842941,9487411581,2660.3
11270842946,9487411581,2350.3
11270842948,9487411581,2670.2
11273504968,12247625066,3612.1
11273525073,12247625066,3257.8
11290190407,9487411581,1366.9
11290190420,7178880041,1094.9
11290190425,7178880041,1106.0
11290211971,7178880041,1107.8
11290211985,7178880041,1454.2
11290212031,7178880041,927.0
11296509910,4181217433,3819.6
11296509912,4181217433,3051.0
11296518784,2401122715,1321.4
11296518785,2401122715,1880.2
11296539084,4541277493,3504.5
11296539085,4541277493,3484.3
11296539087,4541277493,3249.8
11296539088,4541277493,3267.4
11296539089,4541277493,1964.0
11296539090,1212025358,3333.1
11296539091,1212025358,3349.6
11296860206,2482884829,2169.5
11296860217,2482884829,2935.8
11296860263,3491030918,7278.1
11296860265,3491030918,7590.6
11296860266,3491030918,7853.5
11296860267,3491030918,7755.4
11297326883,4050649085,3089.3
11299054548,3501002866,3027.2
11299222638,3822225896,3640.6
11299222659,3822225896,3609.5
11299222660,3822225896,4376.1
11299239064,3044755109,1283.3
11299240980,12841249641,2971.0
11299240981,12841249641,2319.4
11299240982,12841249641,2343.8
11299240983,12841249641,2374.0
11299240984,12841249641,2288.6
11299907777,3541539575,2127.6
11299907790,3541539575,3001.6
11299907817,13778138440,1660.8
11299907819,13778138440,2011.9
11303773478,6868989296,2840.6
11303773481,6868989296,3429.2
11303773535,1880400488,2586.9
11303773536,8198567118,1982.5
11303773538,8198567118,1546.0
11303773539,8198567118,1862.9
11303773541,8198567118,1548.4
11303773548,8198567118,1668.6
11303773549,8198567118,1488.8
11303773550,8198567118,1481.5
11303773552,8198567118,1336.8
11303773553,8198567118,1643.3
11303773554,8198567118,1464.3
11303773555,8198567118,1450.1
11303773556,8198567118,1270.8
11303773573,8198567118,993.8
11303773574,8198567118,1079.6
11303773583,8198567118,1961.4
11303773588,8198567118,2194.4
11303773589,8198567118,2067.5
11303773592,8198567118,2417.4
11303773594,8198567118,2137.1
11303773596,8198567118,1848.6
11303773598,8198567118,1980.8
11303773602,8198567118,2251.2
11303773603,1880396007,2155.9
11303773604,1880396007,2259.7
11303773605,1880396007,2357.9
11303773606,8198567118,2380.8
11303773607,1880396007,2259.2
11303773608,1880396007,2016.3
11303773610,8198567118,2048.5
11303773618,1880396007,1855.2
11303773624,1880396007,2120.0
11303773628,1880396007,2054.3
11303773629,1880396007,1909.9
11303773634,8198567118,2138.1
11303773635,8198567118,2128.3
11303773636,1880396007,1966.7
11303773643,1880396007,1729.6
11335132271,9208010658,7550.4
11335132287,9208010658,8524.0
11335132347,9208010658,8240.7
11335132354,9208010658,8866.6
11335132355,9208010658,8577.8
11335137380,9208010658,10419.6
11335230464,1290395232,2316.2
11335230467,1290395232,2531.5
11336281538,2457603193,8385.0
11336281539,2457603193,9341.4
11336281540,2457603193,8634.0
11336281541,2457603193,8943.0
11336281544,2457603193,9289.9
11336281545,2457603193,8662.8
11336281546,2457603193,8910.8
11353367390,2457601089,5738.7
11353367415,2457601089,8508.1
11353372527,2457603193,3704.8
11357329536,4181217433,2194.6
11357329537,4181217433,3068.6
11357329538,4181217433,3748.2
11357329544,4181217433,3631.1
11357329545,4181217433,3506.5
11357375327,4181217433,3731.0
11357375398,4181217433,3254.6
11357375447,4181217433,2652.6
11357375448,4181217433,3610.4
11357375449,4181217433,4271.1
11357387642,4523470682,3571.9
11357387644,4523470682,3495.4
11357387646,4523470682,3584.8
11357531569,3501002866,1387.3
11357531615,12841249641,3227.9
11357531636,3822225896,2909.7
11367840189,4523470682,1152.2
11367840197,4523470682,1791.6
11367855021,7178880041,3546.5
11385061844,10080986063,3331.4
11385061845,10080986063,3321.6
11385061847,10080986063,3562.2
11385061848,2482884829,3494.9
11385061849,2482884829,3241.7
11385061850,2482884829,2937.5
11385061851,2482884829,3008.2
11385061852,2482884829,3054.9
11385061853,2482884829,3505.3
11385061868,11880563955,3307.6
11385061875,2482884829,3404.1
11389753397,2401122715,3459.3
11389753398,2401122715,3025.5
11389753399,2401122715,1713.8
11389787986,3501002866,2257.2
11389787987,3501002866,2221.0
11389787988,4523470682,2692.2
11394531539,9208010658,6077.7
11395860771,9208010658,4457.0
11399614224,4523470682,1146.4
11399614245,4523470682,1290.2
11414309980,2482884829,3595.9
11414309981,2482884829,3426.9
11414309982,2482884829,3327.3
11414309983,2482884829,4258.7
11414309988,2482884829,3653.3
11430562691,1290395232,3762.2
11433471984,9933767027,3097.7
11433471985,9933767027,3542.5
11433471986,10080986063,3477.5
11433471992,10080986063,3534.7
11433472000,10080986063,3038.7
11433472001,10080986063,3134.8
11433472009,10080986063,3070.0
11433472010,10080986063,3103.2
11433472013,9933767027,2968.2
11433472014,9933767027,3026.4
11433472017,9933767027,2982.1
11433472018,9933767027,3012.7
11433472019,9933767027,2720.5
11433472020,9933767027,2037.5
11433472021,9933767027,3563.4
11433472022,9933767027,3665.3
11433472027,9933767027,3644.8
11433472028,9933767027,2028.3
11433472033,9933767027,1947.5
11433472038,9933767027,1344.3
11433472044,9933767027,1406.4
11433472045,9933767027,2645.6
11433472046,9933767027,2056.5
11433472047,9933767027,2072.6
11433472048,9933767027,2551.1
11433472051,9933767027,1964.4
11433472052,9933767027,2135.4
11433472053,9933767027,2176.8
11433472096,9933767027,6035.6
11436478876,12247625066,2322.5
11438479071,8358666767,1521.9
11438479079,8358666767,2397.6
11459025296,1150768887,1382.2
11459025298,1150768887,2269.9
11465867885,1887828574,4381.4
11465867886,1887828574,4397.4
11472431419,2457603193,6382.8
11472431420,2457603193,6362.0
11472431421,2457603193,6381.7
11472431422,2457603193,6399.7
11472431496,2457603193,14422.3
11472431555,2457603193,13349.7
11472431556,2457603193,13324.9
11472431565,2457603193,14464.0
11472431661,2457603193,7319.3
11472431662,2457603193,8044.7
11472431663,2457603193,7815.8
11472431664,2457603193,7557.6
11472431665,2457603193,8311.0
11472431666,2457603193,8079.3
11472431667,2457603193,7821.4
11472431668,2457603193,7584.3
11472431825,2457603193,12180.3
11472431831,2457603193,12993.7
11472431833,2457603193,12771.8
11478413435,2401122715,2989.7
11478413437,2401122715,3004.2
11478413439,2401122715,2754.6
11478413445,2401122715,2226.9
11478413446,3541539575,2719.6
11478413452,2401122715,2159.3
11478416086,2401122715,2765.4
11478416088,2401122715,2974.6
11478416106,2401122715,2609.5
11478416212,3541539575,3135.6
11478416217,3541539575,3671.8
11478416218,3541539575,1638.8
11478416226,3541539575,2094.6
11490092257,4181217433,1545.8
11490092262,4181217433,838.2
11490097486,4181217433,3380.0
11490097487,4181217433,4317.3
11490097494,4181217433,3533.9
11490097505,4181217433,3136.7
11490097507,7227625036,6695.0
11490097511,7227625036,7021.9
11490097518,4181217433,3748.3
11490097520,4541277493,3695.6
11490097524,4541277493,3622.6
11490097538,4181217433,3342.3
11490097554,4181217433,3895.7
11490097555,4541277493,3786.5
11490097560,4541277493,3565.0
11490097577,4181217433,4012.4
11490097583,-1,-1.0
11490097590,4541277493,3437.3
11490097626,4181217433,9566.0
11490097633,-1,-1.0
11497421647,2457603193,4350.2
11497421970,2457603193,2973.0
11497421971,2457603193,3232.4
11497422072,2457603193,3717.1
11497422073,2457603193,3145.5
11497422090,2457603193,5178.1
11497422101,2457603193,8328.8
11497422110,2457603193,5758.6
11497422111,2457603193,5438.8
11497422140,2457603193,6653.2
11497422142,2457603193,6565.5
11497422144,2457603193,7000.4
11497422145,2457603193,7210.1
11497476849,2457603193,5008.4
11497476858,2457603193,6147.7
11497488124,2457601089,4221.1
11497488145,2457601089,6840.9
11497488153,2457601089,6708.0
11497488156,2457601089,5921.3
11497488157,2457601089,6088.3
11497488296,9208010658,8611.1
11502398996,12463139050,8811.5
11503205156,9208010658,5362.8
11503205313,12463139050,5502.9
11505079825,4742253048,2885.7
11505079826,4742253048,2894.8
11505079833,4742253048,2874.5
11505079834,4742253048,2905.8
11505079837,4742253048,3162.2
11505079840,4742253048,2671.5
11505079844,4742253048,2584.9
11505079849,4742253048,1689.2
11505079851,4742253048,1328.2
11505079854,4742253048,712.9
11505079855,4742253048,769.0
11505079857,4742253048,1427.7
11505079858,4742253048,1397.0
11505079859,4742253048,4004.9
11505079864,4742253048,2761.8
11505079866,4742253048,3026.2
11505182570,4742253048,1576.4
11505182579,4742253048,1330.1
11505182580,4742253048,1361.4
11505182581,4742253048,1752.7
11505182582,4742253048,2431.4
11505182583,4742253048,2692.3
11505182584,4742253048,2700.8
11505182585,4742253048,2641.6
11505182586,4742253048,2650.5
11505182622,4742253048,4053.9
11505182626,4742253048,3432.5
11505182629,4742253048,3144.1
11505182630,4742253048,2660.2
11505182631,4742253048,2435.1
11505182632,4742253048,2203.1
11505182633,4742253048,2194.9
11505182639,4742253048,1788.0
11505182646,4742253048,1428.8
11505182647,4742253048,1396.0
11505182648,4742253048,1976.2
11505182650,4742253048,1448.8
11505182651,4742253048,2091.3
11505182652,4742253048,1924.6
11505182653,4742253048,3802.8
11505182694,4742253048,941.6
11505182696,4742253048,984.6
11505182697,4742253048,1019.5
11505182703,4742253048,1439.1
11505182704,4742253048,1725.3
11505182790,4742253048,2855.1
11505182791,4742253048,2491.1
11505182793,4742253048,2271.8
11505182794,4742253048,3054.0
11505182795,4742253048,2619.5
11505182796,4742253048,2656.0
11505182797,4742253048,2650.4
11505182799,4742253048,2827.0
11505182800,4742253048,2524.8
11505182801,4742253048,2356.0
11505182802,4742253048,2487.6
11505182803,4742253048,1894.8
11505182806,4742253048,2429.7
11505182807,4742253048,2552.4
11505182810,4742253048,2145.1
11534005163,9208010658,6460.8
11534005164,9208010658,6452.6
11534005168,9208010658,7039.8
11534005175,9208010658,6512.3
11549712447,9933767027,3890.9
11549712448,9933767027,3910.4
11549712450,9933767027,4776.1
11549712451,9933767027,4983.1
11549712452,9933767027,3803.2
11549712453,9933767027,3817.7
11553895919,4742253048,4229.6
11553895921,4742253048,4051.1
11553895926,4742253048,2274.9
11553895927,4742253048,2653.5
11553895942,4742253048,2865.6
11617739224,3501002866,1727.0
11617739225,3501002866,1761.5
11617779525,3501002866,1691.2
11617779526,3501002866,2257.1
11617779587,3501002866,619.9
11617779588,3501002866,893.8
11617798789,1233322729,1040.5
11617798790,1233322729,1022.3
11622321378,1233322729,3341.9
11622321379,1233322729,3486.8
11622321380,1233322729,3509.2
11622321383,1233322729,3821.2
11622321384,1233322729,3394.2
11622321385,1233322729,3534.7
11622321387,1233322729,3719.8
11622321390,1233322729,4108.6
11622321405,1233322729,3364.6
11622321451,1233322729,3933.2
11622321452,-1,-1.0
11622321457,1233322729,4023.8
11622321473,1233322729,3156.0
11622321474,1233322729,3126.6
11622321475,1233322729,3101.2
11622321476,1233322729,3123.9
11622321477,1233322729,2669.6
11622321479,1233322729,2312.5
11622321609,1233322729,4925.1
11622321610,1233322729,4480.8
11622321611,1233322729,4293.2
11628608173,1233322729,2791.0
11628608176,1233322729,1604.5
11628608177,1233322729,1468.9
11628608181,1233322729,1188.9
11628608182,1233322729,1236.0
11628608186,1233322729,1673.0
11628608190,1233322729,2043.1
11628608191,1233322729,2027.7
11628608192,1233322729,2393.4
11628608196,1233322729,1315.3
11628608197,1233322729,1998.5
11628608200,1233322729,1811.4
11628608201,1233322729,1792.1
11628608256,1233322729,2727.4
11628608257,1233322729,3103.9
11633720866,4050649085,787.2
11633720867,4050649085,1246.9
11633720868,3044755215,1133.5
11633741969,3044755215,1261.0
11633741970,3044755215,1650.1
11633741971,3044755215,2032.3
11633741973,3044755215,1988.4
11633741974,3044755215,1945.9
11633741977,3044755215,3171.0
11633741978,3044755215,3702.4
11633741979,3044755215,3481.1
11633741980,3044755215,3378.7
11633741982,3044755215,2537.6
11633741983,1233322729,2382.0
11633741984,1233322729,2354.3
11633741995,1233322729,2672.5
11633741997,1233322729,2296.4
11633742003,1233322729,3144.6
11633742004,1233322729,3157.0
11633742005,1233322729,3171.7
11652181866,-1,-1.0
11652181867,4523470682,1487.2
11674358399,7178880041,1673.1
11674358405,7178880041,2477.7
11674438875,7178880041,2525.5
11675965678,3044755215,3100.9
11675982485,1233322729,4561.6
11675982486,1233322729,4582.7
11675982487,3044755215,5035.3
11680917129,4742253048,8682.3
11698469697,9933767027,2028.7
11699967576,12247625066,2364.7
11699967578,12247625066,2399.8
11699967582,12247625066,2762.6
11699967583,12247625066,2678.6
11699967603,12247625066,3049.6
11699967607,12247625066,2525.8
11699967612,12247625066,2443.5
11699967616,12247625066,2782.4
11699967617,12247625066,2543.3
11699967618,12247625066,2626.4
11699967619,12247625066,2619.2
11699967620,12247625066,2704.1
11699967625,4050649085,987.4
11699967627,4050649085,580.4
11699967630,4050649085,1686.6
11699967631,4050649085,1371.7
11699967632,4050649085,1684.2
11699967633,4050649085,1260.6
11699967634,4050649085,1567.4
11733956990,11733956990,0.0
11733957047,12463139050,527.5
11733957051,12463139050,3034.7
11775528142,1887828574,4742.2
11775528143,1887828574,5127.2
11775528144,1887828574,4549.8
11775528145,1887828574,4816.1
11775528152,1887828574,5343.4
11775535371,11775535391,1108.6
11775535388,11775535391,740.8
11775535389,11775535391,1095.1
11775535390,11775535391,305.1
11775535391,11775535391,0.0
11775535440,5343198036,3937.9
11775535446,5343198036,4515.1
11775535477,5343198036,3911.0
11777774341,12463139050,9670.3
11777785708,9208010658,4674.0
11777785709,9208010658,5431.5
11793379681,1290395232,3531.4
11793379684,1290395232,3657.2
11793379692,1290395232,3782.0
11793760682,1290395232,3498.9
11793760720,1290395232,3593.8
11793760734,1290395232,3763.9
11793760737,1290395232,3819.7
11793760738,1290395232,2297.9
11793760740,1290395232,1927.6
11793760741,1290395232,2580.6
11793760744,1290395232,2704.5
11793760745,-1,-1.0
11793760748,1290395232,2469.6
11793760767,1290395232,4143.2
11793760768,1290395232,4170.7
11793831014,1148754930,1537.1
11793831015,1148754930,1493.7
11793831016,1148754930,1382.6
11793831017,1148754930,1342.5
11793831018,1148754930,1420.9
11793831023,1148754930,1783.5
11793831045,1148754930,2460.8
11793831047,1148754930,1751.8
11793831048,1148754930,1690.3
11793831052,-1,-1.0
11793831053,1148754930,1738.1
11793831054,1148754930,2306.2
11793831055,1148754930,2318.3
11793831058,1148754930,2148.3
11793831059,1148754930,2218.1
11793831062,1148754930,2510.1
11793833800,1290395232,2919.8
11793833801,1290395232,3031.3
11793833843,1290395232,3476.2
11793859769,1148754930,2433.8
11793859770,1148754930,2538.2
11793859775,1148754930,2374.5
11793859777,1148754930,2812.5
11793859780,1148754930,2341.3
11793859782,1148754930,2189.8
11793859787,1148754930,2480.6
11795227496,11880563955,3511.3
11795227497,11880563955,3633.3
11795250768,1290395232,4462.9
11795251169,1290395232,4614.9
11795251206,1290395232,3446.0
11795251207,1290395232,3544.5
11795251300,1290395232,3495.0
11795251301,1290395232,3453.8
11795251303,1290395232,3487.9
11795251304,1290395232,3504.0
11795251305,1290395232,3424.6
11795251306,1290395232,3522.2
11795251307,1290395232,3368.2
11795251308,1290395232,3643.7
11795251309,1290395232,3591.0
11795251310,1290395232,3688.1
11795251311,1290395232,3639.9
11795251312,1290395232,3737.9
11795251313,1290395232,3694.7
11795251314,1290395232,3795.0
11795251315,1290395232,3539.0
11795251316,1290395232,3651.4
11795251328,1290395232,4041.8
11795251329,1290395232,4347.6
11795251334,1290395232,4203.9
11795251372,1290395232,3472.0
11795251374,1290395232,3675.0
11795251375,1290395232,3494.7
11795251376,1290395232,3605.3
11795251377,1290395232,3584.1
11795251378,1290395232,3835.0
11795251379,1290395232,3648.7
11795251380,1290395232,3696.7
11795251381,1290395232,3746.2
11795251382,1290395232,3683.4
11795251383,1290395232,3788.9
11795251384,1290395232,3623.3
11795251386,1290395232,3758.5
11795251387,1290395232,3939.9
11795251392,1290395232,3668.7
11795251393,1290395232,3795.0
11795251394,1290395232,3886.1
11795251395,1290395232,3800.2
11795251396,1290395232,3874.9
11795251397,1290395232,3856.7
11795251398,1290395232,3981.6
11795251399,1290395232,3908.6
11795251400,1290395232,4012.4
11795251458,1290395232,3786.4
11795251472,1290395232,3229.8
11795251506,1290395232,4193.4
11795251507,1290395232,4250.7
11795318727,12463139050,3009.0
11795318728,12463139050,3138.4
11795318733,12463139050,2858.8
11795318734,12463139050,2620.4
11795318738,12463139050,1851.5
11795318742,12463139050,3159.3
11795318743,12463139050,3317.6
11795435030,12463139050,3061.1
11795435031,12463139050,2977.8
11795435033,12463139050,3120.1
11795539448,12463139050,2655.1
11795539449,12463139050,2076.7
11795569378,12463139050,2919.0
11799563839,-1,-1.0
11799563840,11733956990,2913.0
11799781185,12463139050,1333.9
11799781207,9208010658,6631.6
11799781211,9208010658,2004.7
11799790859,12463139050,2597.1
11799790865,9208010658,1808.6
11799802302,1290395232,1347.4
11799802305,1290395232,958.2
11799802325,1290395232,1321.4
11799802326,1290395232,1433.7
11799802333,1290395232,1025.9
11799802335,1290395232,1023.2
11799802336,1290395232,959.3
11799802337,1290395232,911.2
11799802346,1290395232,889.5
11799802354,1290395232,966.6
11799852271,12463139050,2189.9
11799852273,12463139050,1412.0
11801424292,9208010658,1917.1
11801424334,9208010658,1980.6
11801424341,9208010658,3085.2
11801424343,9208010658,3158.0
11801424359,9208010658,3255.7
11801424362,9208010658,3450.1
11801424364,12463139050,3142.9
11801424367,12463139050,3117.4
11801424368,12463139050,3120.3
11801437681,9208010658,2352.5
11801437685,9208010658,3055.1
11801437689,9208010658,3015.8
11801485724,9208010658,2043.9
11802026027,12463139050,1973.8
11802059757,12463139050,957.1
11802117620,5343198036,3209.0
11802117623,5343198036,3225.6
11802119599,12463139050,2003.4
11802119608,12463139050,1978.2
11803956625,9208010658,5275.4
11803961996,12463139050,8041.6
11803962051,9208010658,4109.1
11803962052,9208010658,4166.3
11804345047,9208010658,4012.9
11804345048,9208010658,2916.8
11804345052,9208010658,1637.5
11804345056,9208010658,1668.4
11804975273,12463139050,3129.1
11804975274,12463139050,3160.4
11804975283,12463139050,4070.1
11804975284,9208010658,3300.4
11808712389,12463139050,2361.2
11809615279,12463139050,5282.4
11809615280,12463139050,4563.3
11809615287,12463139050,4850.8
11809615308,9208010658,7268.0
11809615312,9208010658,6701.7
11810163029,4541277493,1399.3
11810163033,4541277493,1357.7
11813646328,-1,-1.0
11813646354,9208010658,2917.1
11813646360,9208010658,2709.0
11813646362,9208010658,2793.6
11813646369,9208010658,2884.7
11813779088,12463139050,5352.8
11813779089,12463139050,5308.2
11817564626,8198567118,1853.0
11817564629,8198567118,1794.3
11817785950,2457603193,14810.5
11821149397,9208010658,6217.2
11821149404,9208010658,1816.4
11822771690,4742253048,4666.5
11832177802,9208010658,2102.6
11832177805,12463139050,3393.7
11832177813,9208010658,2745.4
11834747389,2457603193,10074.7
11834747397,2457603193,10130.0
11834747401,2457603193,8604.0
11834747406,2457603193,8573.3
11834747441,2457603193,7880.9
11834747450,2457603193,6541.5
11834747451,2457603193,6528.1
11834747458,2457603193,8547.5
11861349636,2457603193,6012.6
11861491817,2457603193,3249.3
11861491821,2457603193,1269.3
11861491947,2457603193,11846.9
11861491948,2457603193,11988.0
11861491954,2457603193,12372.1
11861492050,9208010658,6281.8
11861492071,9208010658,6357.0
11861492072,9208010658,6241.8
11861492080,9208010658,7023.8
11861492081,9208010658,7013.5
11861492089,9208010658,7573.4
11861492095,9208010658,7737.5
11861492096,9208010658,5816.5
11870638297,3541539575,2437.1
11870638303,13778138440,1417.4
11870638344,13778138440,1725.3
11870638358,2401177369,1764.8
11870638377,13778138440,1871.4
11870638379,13778138440,1840.8
11871477264,3541539575,2405.7
11871481271,13778138440,1095.3
11871481272,13778138440,1135.0
11871481275,13778138440,606.2
11871481276,13778138440,629.7
11871481288,13778138440,1835.8
11871481295,13778138440,1189.5
11871481296,13778138440,1993.2
11871773763,1148754930,381.0
11871773764,1148754930,441.6
11871773765,1148754930,415.9
11871879311,3367156838,1316.3
11871879320,3367156838,1368.4
11871879321,7157578628,2163.7
11871879326,7157578628,449.8
11871879328,7157578628,689.4
11871879334,7157578628,718.1
11871879341,7157578628,1487.6
11871879359,12247625066,2079.1
11871879361,12247625066,1378.2
11871884077,3367156838,1635.3
11871884082,7157578628,1273.9
11871884096,-1,-1.0
11871884102,3367156838,1378.2
11871884103,3367156838,2036.7
11871884109,3367156838,1402.1
11871884111,3367156838,1343.9
11871884121,3367156838,1888.6
11871884189,3367156838,2310.9
11872679628,2401177369,2881.0
11872679653,2401177369,2350.3
11872679654,2401177369,2327.6
11872680917,5325050705,2285.4
11872680919,5325050705,1877.8
11873541229,1148754930,2219.4
11873541232,1148754930,1465.9
11873541234,1148754930,1297.3
11873541239,1148754930,1363.6
11873541263,11880563955,1469.4
11873541266,1290395232,3829.9
11873553570,1290395232,3090.6
11873553571,1290395232,2980.1
11873553573,1290395232,2883.2
11873553580,11880563955,3798.0
11873553583,1290395232,2711.8
11873553601,1290395232,4369.7
11873553608,1290395232,2102.2
11873553616,11880563955,4048.4
11873553623,1290395232,2204.0
11873553630,1290395232,2590.5
11873553641,11880563955,1521.9
11873553643,11880563955,2928.3
11873553647,1290395232,2864.0
11873553648,1290395232,2906.9
11873553661,11880563955,3538.1
11873553668,11880563955,2386.7
11875970766,7157578628,1146.5
11875970768,7157578628,1189.3
11875972734,7227625036,3538.1
11875972735,7227625036,3574.6
11875972766,8358666767,1899.5
11875973001,1215926967,833.5
11875973006,4181217433,2177.3
11875973007,4181217433,3472.2
11875973020,8358666767,3289.8
11875973043,7227625036,3749.0
11875973048,7227625036,3730.4
11875973052,7227625036,3904.9
11876009371,7157578628,1219.7
11876009372,7157578628,1157.2
11876009377,7157578628,1185.2
11876009378,12247625066,1391.5
11876009382,12247625066,1435.1
11876009384,7157578628,1208.4
11876009385,3367156838,1428.6
11876009394,7157578628,1406.4
11876009424,3367156838,1076.0
11876476597,1459170126,3595.9
11876476598,1459170126,3469.3
11876476627,6868989296,3428.7
11876490879,1880400488,2591.0
11876490911,6868989296,4549.9
11876490929,6868989296,3506.7
11876490931,1880400488,2745.5
11876490945,1880400488,3445.5
11876524974,1880400488,2521.9
11876524977,1880400488,2746.5
11876524984,1880400488,1609.9
11876524987,1880400488,1767.8
11878306844,9487411571,1536.2
11878306849,9487411571,986.3
11878306851,9487411581,423.7
11878306863,9487411581,2078.4
11878306868,4540338550,84.9
11878347569,5343198036,2267.4
11878347571,5343198036,790.1
11878347572,8198567118,1414.1
11880563932,4181217433,1616.1
11880563934,4181217433,1270.3
11880563940,4181217433,901.3
11880563945,4181217433,507.7
11880563952,11880563955,32.7
11880563953,11880563955,276.9
11880563955,11880563955,0.0
11880814791,9933767027,2828.6
11880814792,9933767027,2881.7
11883032169,1880400488,1575.3
11883032174,1880400488,1906.6
11883032175,1880400488,1777.9
11883032176,1880400488,1690.3
11883032177,1880400488,1644.9
11883032178,1880400488,1612.2
11883032179,1880400488,1414.1
11883032185,1880400488,1523.4
11883032189,1880400488,1533.5
11883032190,1880400488,1622.2
11883032192,1880400488,1473.0
11883032193,1880400488,1622.1
11883032194,1880400488,1530.7
11883032208,1880400488,1570.8
11883032212,1880400488,1885.3
11883032242,1880400488,951.9
11883032243,1880400488,1110.1
11885769165,9208010658,4829.9
11885797084,12463139050,7579.1
11885833868,12463139050,5133.8
11885845772,12463139050,4161.3
11888248818,1880400488,2101.1
11889153033,9208010658,2897.5
11889153044,9208010658,2879.8
11889153048,12463139050,3235.9
11889153179,12463139050,3332.0
11889153194,12463139050,3253.3
11890709392,3367156838,1376.3
11890709398,3367156838,920.5
11896284285,1814651166,6949.0
11896284361,1814651166,4711.7
11957148131,13778138440,1517.5
11957148132,13778138440,1723.4
11957148133,13778138440,1492.1
11957148136,13778138440,2138.4
12003595939,4541277493,2938.9
12003595941,4541277493,2726.9
12003595942,4541277493,1968.4
12003595954,4541277493,2313.3
12032745800,4742253048,4415.1
12032768596,4742253048,4262.3
12032768601,4742253048,4245.1
12032768605,4742253048,4183.7
12032768607,4742253048,4227.7
12032768614,4742253048,4502.7
12032768618,4742253048,4700.4
12032768619,4742253048,4438.6
12032768620,4742253048,4427.0
12032768625,4742253048,3896.7
12032768626,4742253048,3641.8
12032768627,4742253048,4140.2
12032768634,4742253048,4007.6
12032768637,4742253048,3760.2
12032768639,4742253048,3641.5
12032768641,4742253048,3758.5
12047284648,1814651166,1892.3
12047284657,1814651166,1532.7
12047306207,1814651166,3818.2
12047306213,1814651166,3324.0
12047306215,1814651166,3008.3
12047306219,1814651166,3429.0
12047306222,1814651166,3253.6
12047306223,1814651166,3370.8
12047306225,1814651166,3457.4
12047306227,1814651166,3482.0
12047306234,1814651166,3060.0
12061869317,11880563955,1884.9
12061869319,2401390759,1522.6
12061869320,2401390759,1153.5
12061869322,2401390759,786.9
12061869323,10080986063,1190.0
12061869330,10080986063,2285.4
12149866836,8198567118,2809.3
12149866841,8198567118,2874.7
12149866842,8198567118,2883.1
12149866843,8198567118,2947.0
12149866850,8198567118,2941.9
12149866851,8198567118,3006.2
12149866852,8198567118,3001.4
12149866853,8198567118,3065.7
12149919869,8198567118,2730.8
12149919870,8198567118,2909.5
12149919871,8198567118,2350.1
12149919872,8198567118,2417.4
12149919874,8198567118,2623.5
12149919875,8198567118,2839.6
12149919876,8198567118,2998.5
12149919879,8198567118,2868.9
12149962845,8198567118,2628.2
12149962882,8198567118,2817.0
12149962884,8198567118,2837.1
12149962887,8198567118,3023.9
12149962897,8198567118,2781.4
12149962921,8198567118,3099.0
12157829710,3541539575,2485.8
12157829711,3541539575,2695.0
12157874337,13369051339,3123.9
12157874340,13369051339,2075.5
12157874341,3541539575,2613.0
12157874344,13369051339,2109.1
12157874345,13369051339,1951.8
12157874348,13369051339,2000.1
12157874349,8358666767,2437.1
12157874353,13369051339,2057.5
12157903476,13778138440,1163.8
12157903481,13778138440,688.9
12159031281,2401177369,384.5
12159031283,2401177369,609.3
12159176309,13778138440,1881.6
12159176311,13778138440,2328.9
12159421467,11880563955,2612.6
12159421472,11880563955,2166.9
12159485687,11880563955,1837.2
12159485691,11880563955,1678.6
12159485692,11880563955,1488.3
12159504715,11880563955,1029.9
12159504720,11880563955,915.9
12159504721,11880563955,929.0
12159504725,11880563955,1232.1
12159861488,11880563955,2051.2
12159862794,11880563955,1897.6
12159862797,11880563955,2274.6
12159886759,11880563955,1035.0
12159886760,11880563955,1511.0
12159886762,11880563955,1495.1
12159886775,11880563955,1468.4
12160248370,2401177369,418.5
12160248371,2401177369,436.9
12160248384,2401177369,1206.0
12160248385,2401177369,1222.3
12160248386,2401177369,1199.9
12160248387,2401177369,1228.2
12160248388,2401177369,1225.2
12161412649,1880396007,2651.3
12161412679,1880396007,2969.3
12161412681,1880396007,2790.0
12161412682,1880396007,2456.4
12161412695,1880396007,2798.4
12161412696,1880396007,2594.0
12161414841,1880396007,2488.3
12161414842,1880396007,2740.7
12161414843,1880396007,2632.7
12161414844,1880396007,2885.7
12161431920,8198567118,2929.1
12161473667,8198567118,205.5
12161544856,1233322729,2583.3
12161544857,1233322729,2598.6
12161544868,1233322729,3415.1
12161544890,3044755215,3492.0
12161544896,1233322729,3405.0
12161579995,1233322729,3497.3
12161579996,1233322729,3694.1
12161580012,1233322729,4307.4
12162675625,11880563955,611.8
12163444126,2401122715,3054.4
12163444128,2401122715,2667.7
12163444129,2401122715,2392.4
12163444135,2401122715,2810.8
12163444139,2401122715,3236.7
12163444146,2401122715,2521.1
12163444147,2401122715,2292.9
12163444149,2401122715,2466.8
12163444156,2401122715,2613.0
12163444157,2401122715,2828.9
12163444163,2401122715,3049.4
12163444167,2401122715,3367.9
12163444170,2401122715,2045.8
12163444175,2401122715,2387.5
12163444179,2401122715,2250.3
12163444183,2401122715,2007.0
12163444695,2401177369,2940.2
12163444700,2401177369,3253.5
12163462502,2401122715,1941.1
12163463828,2401177369,2418.8
12163463829,2401177369,2737.0
12163463835,2401177369,2343.6
12163492912,3541539575,3042.2
12163492916,3541539575,2761.7
12163492922,3541539575,3134.6
12163492923,2401122715,2593.3
12164876465,2045952502,3159.3
12164876471,2045952502,2716.9
12164876472,2045952502,2536.1
12164876477,2045952502,2857.1
12164876480,2045952502,2843.1
12164876486,-1,-1.0
12164876487,2045952502,3227.1
12164876492,2045952502,2812.5
12164876493,2045952502,2798.6
12164879505,2045952502,3978.1
12164879611,2045952502,1612.1
12164879612,2045952502,1293.5
12164879613,2045952502,1012.6
12164879614,2045952502,964.8
12164879615,2045952502,960.4
12164879620,2045952502,874.7
12164879621,2045952502,787.8
12164879631,2045952502,632.3
12164879632,2045952502,886.3
12164879633,2045952502,906.4
12167471634,8198567118,1646.9
12167471639,8198567118,1169.2
12167636261,2401177369,2348.7
12167636265,2401177369,2302.3
12167636271,2401177369,2294.6
12167636279,2401177369,2266.7
12167651004,2401177369,2034.4
12167651006,2401177369,2170.8
12167651013,2401177369,2311.9
12167651014,2401177369,2303.6
12167651018,2401177369,2744.1
12167651020,2401177369,2096.3
12167651021,2401177369,2170.1
12167651023,2401177369,2235.7
12167651024,2401177369,2161.0
12167690310,8198567118,1120.3
12167690315,8198567118,809.0
12167690316,8198567118,1060.6
12167690321,8198567118,1158.6
12167690323,8198567118,868.9
12167690325,8198567118,734.1
12167690330,8198567118,712.2
12167690334,8198567118,712.1
12167690335,8198567118,725.6
12167690336,8198567118,927.2
12167690342,8198567118,1154.5
12169305093,1880396007,2564.7
12169305094,1880396007,2443.6
12169305095,1880396007,2569.9
12169305097,1880396007,2476.7
12169305098,1880396007,2538.1
12169305099,1880396007,2424.7
12169338007,1880396007,2420.5
12169338008,1880396007,2372.7
12169705919,3367156838,1297.8
12169705928,3367156838,1621.6
12172561308,5325050705,1187.3
12172561309,5325050705,1243.6
12172561310,5325050705,1514.2
12172561311,5325050705,1265.1
12172561312,5325050705,1901.8
12172561313,5325050705,1287.7
12172561314,5325050705,1789.4
12172561315,5325050705,1282.3
12174256148,5325050705,2743.9
12174256149,5325050705,2530.0
12174256151,5325050705,2958.0
12174256152,5325050705,2339.8
12174256173,5325050705,2592.4
12174256174,5325050705,2324.7
12174256175,5325050705,2298.5
12174256176,5325050705,2574.7
12174256184,4181217433,2212.0
12174256902,4181217433,2362.9
12174256904,4181217433,2643.0
12174256905,4181217433,2660.9
12174256908,5325050705,2813.8
12174256909,4181217433,2937.9
12174256910,4181217433,2959.4
12174256911,5325050705,3002.4
12174256912,5325050705,2986.2
12174256913,5325050705,2754.2
12174256914,5325050705,2537.2
12174256915,5325050705,2519.3
12174256916,5325050705,2620.9
12174256917,5325050705,1566.7
12174256918,5325050705,1519.3
12174256919,5325050705,1812.2
12174256920,5325050705,1886.6
12174256921,5325050705,1999.8
12174256954,5325050705,2125.4
12174256963,5325050705,2453.6
12174256964,5325050705,2289.4
12174256965,5325050705,2066.7
12174256966,5325050705,2084.3
12174827954,8358666767,4001.3
12174827960,8358666767,2326.2
12174827994,13369051339,2031.5
12174827997,8358666767,1726.7
12174842102,8358666767,1786.6
12174842107,8358666767,1634.4
12175860793,13747437765,1179.1
12178240746,9487411581,1708.8
12178240747,9487411581,2041.2
12178240754,9487411581,2545.6
12178240760,9487411581,2047.5
12178240765,9487411581,2298.1
12178270138,3584782896,3376.9
12187416804,4541277493,1392.3
12217433418,-1,-1.0
12217433429,-1,-1.0
12217433440,-1,-1.0
12217433545,4540338550,1200.8
12217433547,4540338550,1542.4
12231041224,1880400488,1292.0
12231041226,1880400488,2217.4
12231041235,1880400488,1830.1
12231041243,1880400488,2162.5
12231041249,1880400488,2413.4
12231041251,1880400488,2355.7
12231041252,1880400488,1818.4
12231041253,1880400488,2186.3
12234474627,5325050705,1402.2
12245909572,1880400488,3055.0
12245909577,1880400488,3428.8
12247561889,12247625066,3065.5
12247561891,12247625066,3216.1
12247561893,12247625066,3683.2
12247562040,12247625066,2000.2
12247562041,12247625066,1636.5
12247562120,12247625066,1458.8
12247562243,12247625066,2946.7
12247562244,12247625066,3146.3
12247562267,12247625066,1130.5
12247562279,12247625066,1700.5
12247625065,12247625066,790.4
12247625066,12247625066,0.0
12247625067,12247625066,837.3
12247625068,12247625066,15.6
12247638757,12247625066,507.2
12247638758,12247625066,1269.3
12249915676,3367156838,680.0
12250302805,1233322729,4061.7
12251667886,7157578628,933.0
12251667887,7157578628,1711.5
12251667890,7157578628,1361.4
12251667891,7157578628,2229.7
12251667893,7157578628,747.4
12251702102,7157578628,665.9
12251702103,7157578628,590.7
12251702104,7157578628,1256.7
12251702105,7157578628,1336.0
12251702106,7157578628,1054.4
12251702107,7157578628,1085.6
12251702108,7157578628,1480.7
12251702109,7157578628,1502.5
12251702110,7157578628,839.7
12251702111,7157578628,911.6
12251702112,7157578628,813.5
12251702113,7157578628,1771.6
12251702115,7157578628,2512.4
12251702137,1880400488,3204.3
12251702139,1880400488,3121.4
12251702141,1880400488,2965.4
12251702146,1880400488,2012.0
12251702147,1880400488,2357.9
12251702148,1880400488,2425.7
12251702149,1880400488,2677.7
12251702150,1880400488,2746.2
12251702151,7157578628,3208.6
12251702152,7157578628,3344.4
12251702154,7157578628,2717.2
12251702157,7157578628,2435.8
12251702158,7157578628,2667.7
12251702159,1880400488,3015.6
12251702160,7157578628,2858.0
12251702161,7157578628,2941.2
12251702163,7157578628,3224.4
12251702164,7157578628,3207.4
12251702165,11176160735,1432.1
12251702169,11176160735,2157.1
12254196464,-1,-1.0
12254196655,1212025348,1501.6
12254196698,1212025348,1919.5
12273308796,8358666767,2679.8
12277812485,13369051339,3407.7
12280750843,8358666767,2864.5
12280750844,4181217433,2887.8
12306577100,2045952502,2307.5
12343765487,1212025348,5243.7
12343765488,1212025348,5103.9
12343765490,1212025348,4527.5
12343765493,1212025348,5003.8
12343765494,1212025348,4667.1
12343765495,1212025348,4763.5
12343765497,1212025348,5096.8
12343765498,1212025348,4843.1
12343905381,7227625036,4794.3
12343905385,7227625036,4762.6
12369589922,1814651166,8744.2
12381917909,12381917927,1553.0
12381917914,12381917927,1562.0
12381917916,12381917927,1583.1
12381917918,12381917927,1573.5
12381917927,12381917927,0.0
12401558222,9487411581,2031.2
12401558237,7160849932,3817.8
12401558238,9487411581,1576.2
12401558250,2045952502,2637.1
12401558256,1459170126,3180.1
12401558260,1459170126,3023.7
12401558261,1459170126,3610.8
12421909492,3501002866,2741.0
12421909493,3501002866,2696.4
12421909494,3501002866,3027.0
12421909495,3501002866,2581.8
12421909496,3501002866,2536.9
12421911302,3501002866,2772.1
12421911303,3501002866,2941.7
12421911304,3501002866,2777.7
12421911307,3501002866,3183.3
12421911314,3501002866,2644.2
12421911315,3501002866,2340.0
12421911316,-1,-1.0
12455351554,2401177369,1454.0
12455351556,2401177369,1323.4
12455351560,2401177369,1834.0
12463139016,12463139050,590.2
12463139022,12463139050,350.3
12463139024,12463139050,448.3
12463139025,12463139050,582.5
12463139040,12463139050,382.9
12463139041,12463139050,247.6
12463139042,12463139050,626.3
12463139043,12463139050,62.3
12463139049,12463139050,560.0
12463139050,12463139050,0.0
12463139051,12463139050,287.1
12463139052,12463139050,831.1
12463139053,12463139050,346.9
12463139054,12463139050,513.1
12463139055,12463139050,690.9
12463139056,12463139050,761.8
12463139057,12463139050,311.4
12463139058,12463139050,125.3
12463139059,12463139050,197.6
12463139060,12463139050,858.2
12463139061,12463139050,325.0
12463139062,12463139050,565.9
12463139063,12463139050,926.7
12463139064,12463139050,391.5
12463139065,12463139050,633.4
12463139066,12463139050,990.4
12463139067,12463139050,456.7
12463139068,12463139050,1056.8
12463139069,12463139050,522.8
12463139070,12463139050,751.6
12463139071,12463139050,684.1
12463139072,12463139050,573.6
12463139073,12463139050,506.6
12463139074,12463139050,957.5
12463139075,12463139050,890.0
12463139076,12463139050,772.3
12463139077,12463139050,705.7
12463139090,12463139050,697.8
12463139091,12463139050,764.0
12473644511,13369051339,3599.5
12473644512,13369051339,3401.1
12477747564,4742253048,5620.6
12479760331,9487411581,832.2
12479760332,7157578628,2987.1
12491824676,1233322729,1810.4
12498102664,8198567118,2199.2
12498102667,8198567118,2442.3
12530571751,3044755215,4741.4
12530571753,3044755215,4424.0
12530571761,3044755215,4295.7
12531662908,3044755215,4077.3
12554189711,2482884829,2000.8
12554189714,2482884829,2402.8
12554189715,2482884829,2534.3
12554189716,2482884829,2224.8
12554189717,2482884829,2098.7
12554189718,2482884829,2057.9
12554189719,2482884829,1883.6
12554189720,2482884829,1826.9
12554189721,2482884829,2108.5
12554189722,2482884829,1933.9
12554189723,2482884829,2163.2
12554189724,2482884829,2289.3
12554189725,2482884829,2422.3
12554189726,2482884829,2268.1
12554189727,2482884829,2114.7
12554189728,2482884829,2466.4
12554189729,2482884829,2306.4
12554189730,2482884829,2153.6
12554189731,2482884829,2514.7
12554189732,2482884829,2352.3
12554189733,2482884829,2200.3
12554189734,2482884829,2568.4
12554189735,2482884829,2251.7
12554189736,2482884829,2620.4
12554189737,2482884829,2452.8
12554189738,2482884829,2301.6
12554189739,2482884829,2660.9
12554189740,2482884829,2495.2
12554189741,2482884829,2343.8
12554189742,2482884829,2651.6
12554189743,2482884829,2382.8
12557938021,2045952502,2462.2
12557938024,2045952502,2428.4
12557938029,2045952502,2489.0
12579566020,3030038002,5066.4
12579566036,7614809187,1591.6
12579566041,7614809187,1831.2
12579566043,7614809187,1872.5
12579566047,7614809187,1818.0
12692518569,3541539575,2781.2
12692518570,3541539575,2585.4
12692518574,3541539575,3255.1
12692518576,3541539575,3044.9
12692518577,3541539575,3137.5
12692518578,3541539575,3381.8
12699198271,2457603193,13420.6
12699198278,2457603193,13782.7
12716024576,4523470682,800.5
12802032521,1290395232,6126.4
12802032596,11880563955,6129.7
12802032679,1290395232,5580.3
12802547736,1290395232,4547.8
12802547749,1290395232,4440.4
12802547781,1290395232,5134.4
12802547786,1290395232,5242.3
12802598311,1290395232,5313.5
12802598320,1290395232,5471.3
12802598331,11880563955,5014.4
12802598332,11880563955,5126.8
12802614651,1290395232,4356.2
12802896935,5325050705,1677.8
12802896951,5325050705,1535.5
12803435207,13369051339,4541.6
12805594660,13369051339,3839.7
12805673948,11880563955,4877.8
12805673950,11880563955,4837.4
12805917112,13369051339,4632.2
12806068344,1212025348,5267.3
12806068351,1212025348,5982.9
12807986095,11880563955,4860.4
12808341226,11880563955,4387.6
12808341227,11880563955,4409.8
12840307056,5343198036,1794.0
12840307059,5343198036,1517.1
12840307065,5343198036,1295.6
12840314022,4540338550,4209.3
12840314046,4540338550,2225.6
12840314065,5343198036,2300.0
12840314133,4540338550,2049.5
12840314136,4540338550,1501.7
12840314183,4540338550,2110.9
12840314193,4540338550,2040.8
12840314228,4540338550,1780.1
12840314229,4540338550,1582.5
12840314231,4540338550,1558.0
12840314233,4540338550,1574.8
12840314246,4540338550,1751.9
12840314247,4540338550,1762.5
12841185708,5343198036,917.0
12841185709,5343198036,627.0
12841249614,12841249641,2076.7
12841249618,12841249641,1984.4
12841249620,3044755109,2312.9
12841249625,12841249641,980.2
12841249630,12841249641,257.6
12841249632,12841249641,306.9
12841249636,12841249641,25.2
12841249638,12841249641,295.9
12841249639,12841249641,306.5
12841249641,12841249641,0.0
12841249643,12841249641,337.6
12841249644,12841249641,327.1
12841249656,3584782896,992.7
12841249658,3584782896,938.9
12841249662,12841249641,898.7
12841249669,3584782896,954.6
12841249670,-1,-1.0
12841249671,3584782896,1758.0
12847386070,1290395232,6007.6
12847404820,13369051339,3335.5
12847404822,13369051339,3181.1
12848608569,1290395232,6107.5
12848608570,1290395232,6130.7
12848608571,13369051339,5070.5
12860132344,9933767027,1701.1
12860132345,9933767027,1680.1
12860132346,9933767027,1670.8
12860132347,9933767027,1691.9
12860132348,9933767027,2581.2
12880406449,9933767027,2701.8
12880406469,9933767027,2200.0
12880406470,9933767027,2215.8
12880406472,9933767027,2122.7
12885411751,9933767027,3502.2
12896768720,9933767027,2100.1
12896768721,9933767027,3206.4
12896768722,9933767027,1694.1
12896768723,9933767027,1704.4
12896768724,9933767027,1273.4
12896768728,9933767027,1409.9
12896768736,9933767027,1641.2
12896768737,9933767027,1629.9
12919442688,12463139050,6263.8
12941904329,11880563955,3987.7
12946572432,9933767027,1343.6
12949056180,2401177369,923.5
12949056181,2401177369,1052.6
12949085121,2401177369,1159.2
12949085123,2401177369,1077.0
12949085141,2401177369,1089.6
12949085142,2401177369,995.1
12964017242,9933767027,3429.8
12964017243,9933767027,3853.4
12969418876,2045952502,1956.0
12969418880,2045952502,1969.8
12969418881,2045952502,1930.4
12969418897,6868989296,3559.4
12969418898,6868989296,3235.8
12969485101,6868989296,2944.6
12969485116,6868989296,2783.1
12972353884,2401122715,2525.1
13007503957,2045952502,1031.1
13028301087,4742253048,3756.7
13034211116,9487411571,7695.1
13093723808,9487411571,6787.0
13093723809,9487411571,7742.6
13110036812,4181217433,1805.3
13110036823,4181217433,1909.2
13110036853,4181217433,1847.9
13110036854,4181217433,2058.9
13114520488,1148754930,1882.2
13114520491,1148754930,1847.4
13114520492,1148754930,1834.0
13114520494,1148754930,1864.2
13114520497,1148754930,1673.0
13114520498,1148754930,1645.2
13114520499,1148754930,1641.7
13114584402,1148754930,1806.5
13114584403,1148754930,1845.0
13114584406,1148754930,2051.0
13114584408,1148754930,1915.6
13114584417,1148754930,1896.4
13114584419,1148754930,1823.7
13114584425,1148754930,1716.3
13114584433,1148754930,1713.7
13114584444,1148754930,1549.5
13114584462,1148754930,1176.9
13114584471,1148754930,1597.1
13114584478,1148754930,1746.6
13132234721,4742253048,1429.4
13132234728,9933767027,1805.0
13132267894,10080986063,2326.8
13132267897,10080986063,2138.3
13132271607,10080986063,1685.6
13132271608,10080986063,1166.1
13132271609,10080986063,1705.0
13132271612,10080986063,2219.1
13132271613,10080986063,2242.4
13142625455,9208010658,3167.1
13142625456,9208010658,3177.0
13142625458,9208010658,3133.1
13142625459,9208010658,3210.2
13161103928,3822225896,3623.2
13161103940,3822225896,3346.9
13161103941,3822225896,3847.8
13161103942,3822225896,3585.2
13161103946,3822225896,3179.0
13161103947,3822225896,3073.5
13161103949,3822225896,3603.0
13161103950,3822225896,3686.8
13161103953,3822225896,3942.5
13161103954,3822225896,3240.1
13161103956,3822225896,3407.4
13161163817,3822225896,4664.0
13161163818,3822225896,4966.2
13161163819,3822225896,4542.0
13161163820,3822225896,4850.2
13161163821,3822225896,4305.8
13161163822,3822225896,3916.0
13162950529,2457603193,6097.6
13162950541,2457603193,7039.7
13202875911,1233322729,3845.9
13206124602,4523470682,2938.4
13206124623,7178880041,2860.7
13236009700,4181217433,3560.4
13236027139,4181217433,2632.0
13236027140,4181217433,2729.6
13236034173,4181217433,1821.0
13236034174,4181217433,2038.9
13236034177,4181217433,2197.7
13236034178,4181217433,2248.2
13236034179,4181217433,2288.3
13236034180,4181217433,2491.0
13236034184,4181217433,2313.0
13236058201,4181217433,3448.7
13236058202,4181217433,3536.6
13236058203,4181217433,3393.0
13236058204,4181217433,3694.8
13236058207,4181217433,3625.9
13236058208,4181217433,3608.0
13236058209,4181217433,3547.2
13236058210,4181217433,3478.8
13236058212,4181217433,3478.8
13236058213,4181217433,3489.2
13236058214,4181217433,3527.2
13236058215,4181217433,3591.2
13236058216,4181217433,3249.1
13236058217,4181217433,3393.1
13236058218,4181217433,3423.8
13236058219,4181217433,3496.0
13236058220,4181217433,3559.8
13236058223,4181217433,3556.7
13236058225,4181217433,3575.5
13236058226,4181217433,3458.3
13236058227,4181217433,3633.2
13236058228,4181217433,3516.9
13236058229,4181217433,3699.3
13236058230,4181217433,3580.2
13236058231,4181217433,3620.0
13236058235,4181217433,3618.9
13236058236,4181217433,3672.1
13236058237,4181217433,3565.3
13236058239,4181217433,3892.0
13236058242,4181217433,3911.2
13236058245,4181217433,3721.0
13236072735,4181217433,3417.0
13236072740,4181217433,3479.6
13236080900,4181217433,2352.3
13236096804,4181217433,2684.1
13236096809,4181217433,2762.1
13236096810,4181217433,3016.4
13236096811,4181217433,2884.1
13236096813,4181217433,2710.3
13238361093,11880563955,3497.9
13238420004,11880563955,3528.9
13238420006,11880563955,3559.9
13238420009,11880563955,3575.6
13238420010,11880563955,3588.7
13238420034,11880563955,3954.8
13238420132,11880563955,3413.3
13238797719,4181217433,4098.4
13238797720,4181217433,5013.1
13238797721,4181217433,4808.7
13239968036,11880563955,5310.7
13240918470,11880563955,4326.4
13240918474,11880563955,3961.9
13245053688,4181217433,2647.1
13245053689,4181217433,2746.7
13245053690,4181217433,3037.0
13245053691,4181217433,3122.7
13245053692,-1,-1.0
13245053693,4181217433,2751.0
13246350949,13369051339,2957.4
13246350996,11880563955,5853.7
13246423601,11880563955,5900.6
13246423610,11880563955,6097.0
13246423611,11880563955,5987.8
13246423618,11880563955,6104.2
13246771525,13369051339,5648.1
13247794582,2457603193,7095.5
13247794583,2457603193,7118.0
13266196559,11880563955,5175.7
13300645744,7157578628,1682.8
13347456469,7157578628,2345.3
13347456470,7157578628,2016.6
13357591178,12381917927,5094.7
13368657893,8358666767,3356.6
13369051339,13369051339,0.0
13369051340,3367156838,899.9
13369051343,3367156838,885.7
13378923350,12463139050,3371.6
13378923353,12463139050,3503.2
13378923376,12463139050,2377.8
13378923400,12463139050,1522.2
13378938021,12463139050,2070.9
13378938024,12463139050,2178.8
13378938035,-1,-1.0
13378938074,-1,-1.0
13378938075,-1,-1.0
13378938076,12463139050,1696.3
13378938077,12463139050,3295.5
13378938079,12463139050,2394.2
13378938080,12463139050,2385.2
13380284884,9208010658,3426.9
13380284897,9208010658,3556.0
13380361503,9208010658,3168.2
13380361514,9208010658,3199.7
13380361515,9208010658,3220.2
13380361516,9208010658,3213.4
13380361517,9208010658,3187.4
13380361518,9208010658,3241.5
13380361519,9208010658,3233.8
13380361528,12463139050,3429.0
13408124915,2457601089,6744.9
13408517346,2457603193,13016.1
13408517446,-1,-1.0
13410962226,1814651166,6771.7
13415965132,7157578628,4914.6
13415965133,7157578628,4079.0
13421513629,1814651166,3352.8
13425562657,2457603193,13775.3
13430072741,9487411571,5608.9
13430072742,9487411571,5581.9
13430072795,-1,-1.0
13430076623,9487411571,6361.0
13430076754,9487411571,4916.4
13430076771,9487411571,4730.4
13439313113,3044755109,1803.1
13439313115,-1,-1.0
13439313133,-1,-1.0
13439313134,12841249641,2921.1
13439313135,3044755109,2974.2
13439313146,12841249641,4300.6
13439313147,12841249641,4358.4
13439313149,3044755109,2346.6
13439313155,12841249641,4234.9
13439313156,12841249641,4292.8
13439313175,12841249641,3010.1
13439313179,-1,-1.0
13439313206,12841249641,1250.6
13439313207,12841249641,295.6
13439313208,12841249641,268.3
13439313212,12841249641,955.0
13439313215,12841249641,798.0
13439313308,3044755109,2354.4
13439313323,3044755109,953.3
13439313325,3044755109,1343.8
13439313328,-1,-1.0
13439313329,3044755109,1139.3
13439313331,3044755109,2052.7
13448808267,4541277493,1099.0
13448808268,7227625036,3485.9
13448808274,4541277493,1084.3
13459792906,4523470682,2914.0
13459792909,4523470682,3677.3
13503326393,13369051339,2445.3
13503350709,13369051339,2043.9
13503701843,1212025348,4375.4
13523303308,12381917927,1244.2
13527647593,11880563955,2639.3
13527647596,11880563955,2872.5
13527647597,11880563955,2551.4
13527649759,11880563955,4205.2
13530610589,3541539575,2148.7
13530610608,13369051339,2251.5
13530610610,13369051339,2020.4
13530610615,13369051339,1813.0
13530610621,13369051339,1857.9
13530610622,13369051339,1824.8
13530610629,13369051339,1393.6
13530610632,13369051339,1352.4
13530610640,13369051339,1844.1
13530610654,13369051339,2131.7
13530610682,13369051339,1986.1
13530610683,13369051339,1942.9
13530610721,13369051339,1893.5
13530610731,13369051339,1405.7
13530610732,13369051339,1743.5
13530638567,8358666767,1925.1
13530638584,8358666767,1894.9
13530638588,8358666767,1696.2
13530638590,8358666767,1438.8
13530638592,8358666767,1413.4
13530638594,8358666767,1528.5
13530638601,8358666767,2782.8
13530638607,8358666767,1657.9
13530638608,8358666767,2068.8
13530638614,8358666767,1680.8
13530638615,8358666767,2571.1
13530638616,8358666767,1679.7
13530638624,8358666767,1676.3
13530638625,8358666767,1686.7
13530638634,8358666767,1698.7
13530638637,8358666767,1708.5
13530638643,8358666767,2018.2
13530638644,8358666767,2277.5
13530638645,8358666767,2037.2
13530638652,13369051339,1768.9
13530638657,8358666767,3595.8
13530638660,8358666767,1973.4
13530638666,13369051339,1777.0
13530638700,8358666767,2338.6
13537155081,13369051339,2278.2
13537155085,13369051339,2469.1
13540934646,13369051339,2838.6
13542362015,13369051339,2908.4
13555966828,13369051339,3103.9
13564625830,1814651166,6633.9
13565666140,1290395232,5981.9
13566884859,1814651166,5644.9
13566884897,1814651166,5862.3
13566885204,1814651166,5306.8
13568451907,1814651166,7169.2
13570134431,-1,-1.0
13570134512,1150768887,2158.1
13578050876,1290395232,3460.3
13583599773,13369051339,3509.8
13585926062,7614809187,2769.4
13588405266,1290395232,3956.6
13588405267,1290395232,2888.7
13596029584,9487411581,1619.2
13596029585,9487411581,861.2
13603842211,9208010658,4108.0
13606713075,7160849932,2487.3
13606713083,7160849932,1862.9
13606713085,7160849932,1897.5
13606713086,7160849932,2424.8
13606713091,7160849932,2477.4
13606713110,1459170126,2758.9
13606713119,7160849932,2542.9
13606713129,7160849932,2498.3
13608906939,2401177369,2269.8
13608907032,2401177369,2004.2
13612477910,1880396007,1131.1
13613667158,1290395232,5062.6
13613667160,1290395232,5069.1
13613667173,13369051339,4699.1
13613667174,13369051339,4612.8
13613667185,13369051339,3908.0
13613667191,13369051339,3024.1
13619558762,13369051339,3058.7
13619558774,8358666767,2958.6
13619558775,8358666767,2978.8
13626240629,8358666767,3367.2
13626240637,8358666767,3418.2
13629152938,8358666767,4004.7
13629152939,8358666767,3936.0
13629152941,8358666767,3943.9
13629152943,8358666767,3814.0
13629152950,8358666767,2614.2
13646347718,8358666767,3016.7
13646347719,8358666767,2943.0
13646347721,8358666767,2053.4
13646347722,8358666767,2389.3
13646347723,8358666767,2984.1
13646347724,8358666767,3007.7
13657779122,2457603193,9064.2
13657779123,2457603193,8785.3
13657779125,2457603193,8782.6
13657779130,2457603193,8846.8
13665980864,1290395232,3866.1
13665980882,1290395232,3439.3
13669105351,9208010658,5203.2
13669924974,1290395232,1977.5
13671804158,1290395232,4114.3
13671958963,1290395232,3110.5
13671958964,1290395232,3424.1
13680149894,1290395232,2355.6
13683494016,1290395232,3962.0
13683532861,1290395232,4261.3
13685773269,11880563955,3138.5
13686917297,11880563955,1403.0
13688690466,1814651166,3041.2
13688690474,1814651166,2392.6
13688690475,1814651166,2367.8
13688690476,1814651166,2917.9
13688690486,1814651166,3363.1
13688690487,1814651166,3364.2
13688690807,1814651166,2915.4
13688690808,1814651166,2901.5
13691971835,13369051339,2226.6
13691971836,13369051339,2239.6
13691971838,13369051339,3365.1
13692380527,3541539575,2458.6
13692380591,3541539575,3186.0
13692380592,3541539575,2943.2
13692380697,13369051339,3102.5
13692380713,13369051339,3113.5
13694252365,3541539575,4083.8
13695577049,13369051339,3641.2
13696568331,1814651166,5856.8
13696568332,1814651166,5870.0
13696929824,11880563955,3734.1
13697069764,11880563955,3922.7
13698832667,1290395232,3275.7
13702327957,13369051339,2127.9
13702327960,13369051339,950.5
13702327961,13369051339,894.5
13702327976,13369051339,1136.5
13702327981,13369051339,776.5
13702327984,13369051339,932.4
13702327985,13369051339,1169.3
13702327986,13369051339,1147.4
13702776644,8358666767,3460.0
13702776667,8358666767,3126.1
13702776671,8358666767,2922.6
13702776689,8358666767,2148.4
13702776704,8358666767,2588.2
13703782211,8358666767,3099.8
13706490875,8358666767,2087.7
13706969752,13369051339,1968.2
13706969768,3541539575,2655.6
13707118964,13369051339,1520.5
13707119166,13369051339,1823.1
13707119167,13369051339,1747.9
13707119169,13369051339,2162.8
13707119170,13369051339,2169.9
13712720706,1290395232,948.4
13712749556,1290395232,1516.6
13712749557,1290395232,1504.6
13712749559,1290395232,1721.8
13712749560,1290395232,1542.6
13712749565,1148754930,1716.4
13712749568,1148754930,2017.7
13712749573,1290395232,1231.7
13712749574,1290395232,970.0
13712749575,1290395232,1520.0
13712749583,1290395232,863.2
13712749584,1290395232,814.8
13712749596,1290395232,937.5
13712749626,1290395232,2138.3
13712749629,1290395232,461.2
13712749630,1290395232,2423.8
13717675244,1290395232,2104.7
13717675245,1290395232,2359.3
13717675246,1290395232,2090.0
13717675247,1290395232,2352.5
13717675256,1290395232,2299.2
13717675263,1290395232,2309.5
13717675264,1290395232,1792.9
13717675265,1290395232,1871.9
13717675375,1290395232,2326.9
13726232399,13369051339,2591.2
13736028262,1459170126,1369.6
13736028264,7160849932,648.7
13736028265,7160849932,981.4
13747012234,1459170126,1329.1
13747080376,7160849932,1236.0
13747080377,7160849932,1493.8
13747080381,7160849932,734.7
13747340550,9487411571,3710.1
13747340552,7160849932,1192.0
13747340553,7160849932,1199.1
13747340558,9487411571,2105.4
13747340563,9487411571,2120.1
13747340564,9487411571,2070.5
13747340565,7160849932,451.3
13747340592,9487411571,2403.6
13747340594,9487411571,2693.1
13747437511,9487411571,3223.5
13747437520,9487411571,2002.6
13747437525,9487411571,1935.2
13747437526,9487411571,2011.0
13747437527,9487411571,1990.4
13747437529,9487411571,1487.3
13747437530,9487411571,2226.9
13747437533,9487411571,2669.7
13747437535,9487411571,2999.9
13747437537,9487411571,3270.2
13747437538,9487411571,3254.5
13747437540,9487411571,3696.6
13747437544,9487411571,4136.8
13747437552,9487411571,4382.0
13747437555,9487411571,4028.6
13747437565,9487411571,4324.2
13747437569,7295164908,4900.8
13747437572,9487411571,4291.7
13747437582,9487411571,2163.8
13747437594,9487411571,3405.7
13747437596,9487411571,2186.6
13747437602,9487411571,3522.2
13747437614,9487411571,2156.9
13747437628,9487411571,2682.1
13747437636,9487411571,3263.3
13747437640,9487411571,3204.0
13747437643,9487411571,3781.1
13747437653,9487411571,3130.8
13747437657,9487411571,3723.6
13747437678,9487411571,3636.3
13747437679,9487411571,3517.4
13747437680,9487411571,3526.5
13747437682,9487411571,3703.3
13747437683,9487411571,3712.9
13747437695,9487411571,3733.6
13747437696,9487411571,3746.9
13747437699,9487411571,3688.1
13747437703,9487411571,2444.7
13747437704,9487411571,2696.3
13747437705,9487411571,3006.8
13747437708,9487411571,2988.9
13747437709,9487411571,1999.3
13747437710,9487411571,1972.5
13747437711,9487411571,2145.3
13747437712,9487411571,2109.3
13747437713,9487411571,2094.1
13747437715,9487411571,2748.6
13747437716,9487411571,2784.0
13747437718,9487411571,2372.0
13747437719,9487411571,2092.9
13747437720,9487411571,2124.4
13747437747,9487411571,2114.8
13747437750,9487411571,1692.9
13747437751,9487411571,1705.3
13747437753,7160849932,870.0
13747437765,13747437765,0.0
13747437775,7160849932,886.7
13747437782,7160849932,877.9
13747437805,7160849932,973.7
13747437812,7160849932,964.5
13747437819,7160849932,681.1
13747437820,7160849932,667.7
13747437823,7160849932,720.9
13747437841,1459170126,1311.7
13747438015,1459170126,1534.4
13747449281,7160849932,1767.5
13747449286,1459170126,1865.4
13747476406,1459170126,1414.6
13747476407,1459170126,1384.2
13757800123,1459170126,1416.5
13759584783,1459170126,1076.1
13759584784,1459170126,1139.6
13763845405,9487411581,3465.1
13765114034,9487411581,3124.2
13772869014,2401177369,1861.5
13772869020,2482884829,2114.3
13772869031,2401177369,2168.2
13772869079,2401177369,2365.9
13772869237,2401177369,1576.0
13772869271,2401177369,2809.9
13772869301,2401177369,2096.6
13772869368,13778138440,1130.9
13772978117,13778138440,501.9
13772978118,13778138440,1380.3
13772978119,13778138440,1364.3
13772978127,13778138440,928.6
13772978132,13778138440,517.6
13778138366,13778138440,1074.2
13778138369,13778138440,4.6
13778138440,13778138440,0.0
13778138441,13778138440,253.1
13778138629,13778138440,1929.5
13778138631,13778138440,1225.8
13778138632,13778138440,478.1
13778138646,13778138440,981.4
13778138647,13778138440,961.6
13778138648,13778138440,531.5
13778138649,13778138440,810.8
13778138650,13778138440,793.5
13778138651,13778138440,749.2
13778138654,13778138440,365.6
13778138655,13778138440,521.0
13778138656,13778138440,770.5
13778138657,13778138440,787.7
13778138658,13778138440,1690.5
13778138659,13778138440,1715.1
13778138663,13778138440,593.1
13782636067,4742253048,5364.1
13783391295,9208010658,3895.4
13785487653,9208010658,4734.5
13786434690,-1,-1.0
13786434691,2457603193,12248.2
13787350001,1212025358,1945.8
13794329801,1814651166,8962.3
13794329802,1814651166,8974.4
13801184244,3541539575,1401.7
13805272220,1814651166,6592.4
13805272231,1814651166,5653.9
13805272232,1814651166,5784.3
13805272234,1814651166,6138.2
13805272237,1814651166,5587.6
13805272243,1814651166,6566.2
13805272244,1814651166,6514.6
13805272246,1814651166,6533.0
13805272296,1814651166,7312.7
13805272670,1814651166,5048.1
13805272767,1814651166,7025.6
13805272834,1814651166,7074.7
13807322966,1814651166,7589.2
13807322972,1814651166,7627.9
13807322998,1814651166,7519.2
13807376207,1814651166,7671.2
13807376209,1814651166,7635.9
13807376214,1814651166,7060.2
13807376499,1814651166,6988.9
13807376514,1814651166,7689.8
13807376636,9208010658,8676.9
13807376870,1814651166,6103.4
13807377082,1814651166,6741.4
13807377093,1814651166,6648.7
13807377098,1814651166,7107.5
13807852952,3044755215,3964.7
13807852954,3044755215,4102.9
13809515050,4742253048,4810.5
13809515051,4742253048,5294.9
13809579753,1814651166,6404.1
13809774097,9208010658,8278.7
13809774098,9208010658,8291.2
13809774099,9208010658,8266.1
13819683186,11176160735,3349.0
13819683187,11176160735,3458.2
13819683188,11176160735,3408.0
13819742189,1212025348,5283.4
13819742191,1212025348,5212.8
13819742605,1212025348,5233.2
13819742606,1212025348,5240.4
13819742609,1212025348,4801.2
13819742610,1212025348,4794.3
13819742611,1212025348,4533.3
13819742613,1212025348,5089.8
13819742614,1212025348,5111.6
13819742615,1212025348,5104.7
13819742616,1212025348,4848.4
13819742617,1212025348,5010.8
13819742618,1212025348,4987.9
13819742619,1212025348,4802.9
13819742620,1212025348,5242.1
13819742630,1212025348,4994.9
13819742641,1212025348,5273.4
13819742643,1212025348,4974.9
13819742644,1212025348,5187.9
13819742661,1212025348,5013.2
13819742682,7227625036,7740.8
13821197924,2457603193,4101.1
13821197925,2457603193,3389.7
13821197926,2457603193,2723.5
13821197949,2457601089,7149.9
13825926600,1212025348,5227.4
13828569162,4742253048,2664.3
13828569170,9933767027,818.2
13832184102,7227625036,5425.7
13832195969,1212025348,3017.3
13832195975,-1,-1.0
13832195976,1212025348,2931.4
13832195983,1212025348,2876.4
13832195988,1212025348,2988.6
13832196012,1212025348,1730.6
13832196013,1212025348,1606.5
13832196016,1212025348,2987.6
13832196017,1212025348,2958.6
13832197011,1212025348,4018.8
13832197018,7227625036,6967.3
13832197025,7227625036,3969.0
13832197027,7227625036,5391.1
13832197035,7227625036,5332.7
13832197037,7227625036,5467.9
13832197044,7227625036,5533.9
13832197052,7227625036,5931.3
13832197053,7227625036,5377.3
13832197057,7227625036,5419.4
13832197062,7227625036,7992.4
13832197070,7227625036,5440.6
13832197077,7227625036,8008.6
13832197254,1212025348,3926.4
13832197265,7227625036,5482.3
13832197306,7227625036,4049.9
13838040089,13369051339,1983.7
13838534331,2457603193,7650.2
13838534332,2457603193,9212.7
13838534333,2457603193,7639.5
13838534338,-1,-1.0
13838534343,2457603193,7504.0
13838534344,2457603193,8045.2
13838534349,2457603193,7498.5
13838534350,2457603193,9318.0
13838534360,2457603193,8241.4
13838534361,2457603193,8330.4
13838534362,2457603193,8320.6
13838534363,2457603193,8951.1
13838534373,2457603193,8227.6
13838534374,2457603193,8309.2
13838534375,2457603193,8721.1
13838534385,2457603193,7999.4
13838534388,2457603193,9083.2
13838534398,2457603193,8012.5
13838623724,2457603193,8941.6
13838623733,2457603193,9491.0
13838623734,2457603193,9515.0
13838623738,2457603193,7963.6
13838623743,2457603193,7265.4
13838623744,2457603193,7284.5
13838623752,2457603193,7776.9
13838623757,2457603193,8866.3
13838623758,2457603193,8885.4
13838623759,2457603193,8812.9
13838623760,2457603193,8997.0
13838623761,2457603193,9036.6
13838623764,2457603193,8929.0
13838623773,2457603193,8508.1
13838623774,2457603193,8484.1
13838623780,2457603193,7954.5
13838623782,2457603193,8342.0
13838623792,2457603193,9184.4
13842080207,3541539575,2653.1
13842080212,13369051339,2495.2
13842080213,13369051339,2443.3
13842080218,3541539575,857.8
13842080219,3541539575,941.9
13842080225,3541539575,2117.0
13842080226,3541539575,2493.7
13842080227,3541539575,2374.7
13842080231,3541539575,586.2
13842080233,3541539575,1140.2
13842080234,3541539575,1147.6
13842080238,3541539575,1768.4
13842080245,13369051339,2591.5
13842080246,13369051339,2580.3
13842080400,3541539575,2929.2
13842080559,2401122715,3052.8
13842080570,2401122715,2024.5
13842080574,2401122715,2121.0
13842080582,2401122715,2583.0
13842080596,3541539575,3160.3
13842080597,2401122715,2001.2
13842080598,2401122715,1986.6
13842080624,2401122715,2072.0
13842080626,2401122715,1735.4
13842080627,2401122715,1718.9
13842080628,2401122715,2025.9
13842080630,2401122715,2232.9
13842080631,2401122715,2216.2
13842080643,2401122715,2410.7
13842080647,2401122715,2204.2
13842080648,2401122715,2244.8
13842080669,3541539575,2750.0
13842080671,3541539575,2734.7
13842080673,3541539575,2919.3
13842080674,13369051339,3061.4
13842080675,13369051339,3052.2
13842080676,3541539575,2903.7
13842080680,13369051339,2760.4
13842080685,2401122715,2864.2
13842080686,2401122715,3078.5
13842080688,2401122715,2326.2
13842080700,2401122715,3160.5
13842080703,2401122715,2787.0
13842080707,3541539575,3108.5
13842080709,2401122715,2813.4
13842080719,2401122715,3219.0
13842080720,2401122715,2736.4
13842080721,2401122715,2725.9
13842080725,2401122715,2219.0
13842080729,3541539575,2213.6
13842080762,3541539575,2825.8
13842080774,2401122715,2765.3
13842080777,2401122715,2973.7
13842080779,2401122715,2959.6
13842080781,2401122715,2666.3
13842080782,2401122715,2698.3
13842080810,13369051339,3084.2
13842080812,13369051339,2727.7
13842080816,13369051339,2469.0
13842080820,13369051339,2836.1
13842080821,13369051339,2789.5
13842080822,13369051339,2499.4
13842080826,2401122715,2969.0
13842080882,13369051339,2512.4
13847623930,2482884829,2077.7
13847623931,2482884829,1870.8
13847623932,10080986063,1876.9
13847623933,2482884829,2326.7
13847623934,10080986063,1894.3
13847623935,2482884829,2051.4
13847623936,2482884829,1907.7
13847623937,2482884829,2408.1
13850102052,12247625066,1327.7
13850102053,12247625066,1370.9
13850102054,12247625066,772.9
13850102055,7157578628,973.6
13850102080,1887828574,785.8
13850113438,7157578628,1415.2
13850113476,1887828574,1696.8
13850113578,3822225896,119.7
13850113584,3822225896,936.3
13850113605,3822225896,1012.0
13850708851,13369051339,2949.9
13850708869,2401122715,3204.6
13850708884,2401122715,2696.9
13850708893,2401122715,2731.2
13850708901,13369051339,3100.3
13850709348,2401122715,2742.1
13850709355,2401122715,3191.1
13853223658,2401122715,2683.3
13853223659,2401122715,3249.3
13854687087,8358666767,2737.0
13854687092,8358666767,2782.2
13854687093,8358666767,2227.2
13854703003,8358666767,2110.5
13854703006,8358666767,2299.3
13854703012,8358666767,2935.6
13854703014,8358666767,3687.6
13854703018,8358666767,2257.1
13854703019,8358666767,2243.9
13854703020,8358666767,4058.5
13854703021,8358666767,2234.2
13854703922,13369051339,2978.9
13860049503,1148754930,2236.3
13860049504,1148754930,2471.6
13863463574,5325050705,1928.0
13863469859,2401122715,863.7
13863469860,2401122715,853.7
13863469863,2401122715,1340.9
13863469872,5325050705,1291.4
13863469873,5325050705,1314.6
13863469874,5325050705,1300.4
13863469875,5325050705,1382.2
13863469882,5325050705,1324.1
13863470027,5325050705,1111.3
13864495020,7157578628,947.2
13866651238,5325050705,614.3
13866696244,5325050705,459.5
13866696254,5325050705,647.0
13866696255,5325050705,948.3
13866696259,5325050705,935.4
13866696260,5325050705,925.4
13866696308,5325050705,1706.0
13866696315,5325050705,870.9
13866696319,5325050705,1833.6
13866696321,5325050705,939.9
13866696324,5325050705,187.2
13866696325,5325050705,210.9
13866696768,5325050705,887.3
13866696851,2401122715,1710.7
13869090526,5325050705,1479.6
13869090677,2401122715,1693.5
13869090897,2401122715,1521.7
13869090898,2401122715,1503.4
13869090899,2401122715,1526.6
13869090900,5325050705,3467.0
13869090904,2401122715,1547.4
13869091171,2401122715,1820.0
13869091172,2401122715,1781.4
13869091175,5325050705,1795.8
13869091176,5325050705,1788.2
13869091190,2401122715,1520.1
13869091202,2401122715,1491.0
13869091203,2401122715,1486.1
13869091211,2401122715,2308.7
13869091217,5325050705,1364.8
13869091218,5325050705,1403.2
13869091275,2401122715,1739.4
13869091276,2401122715,1707.7
13869091277,2401122715,1684.7
13869091278,2401122715,1649.9
13869091279,2401122715,536.8
13869091280,2401122715,1452.9
13869394270,2401122715,1874.3
13869394280,2401122715,1786.9
13869407754,5325050705,1870.7
13869407755,5325050705,1521.5
13869828149,2401122715,1639.8
13869828150,2401122715,1620.1
13869828151,2401122715,1751.5
13869828152,2401122715,1732.2
13869828153,2401122715,1673.9
13872516352,4181217433,2731.3
13872516353,4181217433,2743.3
13874072471,4181217433,2335.9
13874072472,4181217433,2323.9
13874080330,4181217433,2268.8
13874080340,4181217433,2288.4
13874080463,4181217433,2071.2
13874080472,4181217433,1961.0
13874080473,4181217433,2104.0
13874080481,4181217433,2019.7
13874080482,4181217433,2119.8
13874080491,5325050705,2454.6
13874080501,4181217433,2557.4
13874231263,4181217433,1742.1
13874231264,4181217433,1722.7
13874281031,4181217433,1929.8
13880247412,10080986063,408.6
13880247422,10080986063,405.1
13880247425,10080986063,45.0
13880247426,10080986063,151.1
13883595219,10080986063,1391.5
13883595228,10080986063,1971.1
13889845751,9208010658,8139.0
13889845760,2457601089,4336.2
13892936570,10080986063,1122.2
13892936577,2482884829,2222.3
13894048700,10080986063,2674.1
13894048725,10080986063,1879.3
13894791508,4742253048,4450.0
13894791513,4742253048,4377.6
13894791655,4742253048,3180.7
13894791679,4742253048,2964.1
13894791685,4742253048,2733.9
13894791687,4742253048,3100.1
13894791882,4742253048,3221.1
13894791902,4742253048,3992.1
13894791907,4742253048,3704.1
13894791908,4742253048,4088.8
13894791909,4742253048,3621.2
13894791970,4742253048,3402.8
13895047467,10080986063,3751.4
13895047468,10080986063,3226.3
13895047478,10080986063,3983.5
13895047508,10080986063,2949.3
13895047626,10080986063,4749.9
13895047642,10080986063,4033.1
13895047658,10080986063,3727.7
13895047666,4742253048,3892.6
13898715887,10080986063,3094.7
13898715888,10080986063,3177.7
13898715901,4742253048,3054.1
13898715923,10080986063,3075.9
13898715924,10080986063,2819.9
13898715925,10080986063,2641.5
13898715926,10080986063,2627.0
13898715995,10080986063,2866.2
13898715996,2401390759,1419.9
13898715997,2401390759,1713.2
13898715998,2401390759,2024.8
13898715999,2401390759,2280.3
13898716000,2401390759,2503.4
13898716001,10080986063,2650.6
13898716003,10080986063,2636.6
13898716006,10080986063,2285.5
13898716007,10080986063,2094.4
13898716010,10080986063,2081.5
13900212999,4181217433,4309.5
13900232607,4181217433,5030.1
13900232612,4181217433,4261.6
13900232619,4181217433,4172.9
13900232623,4181217433,4012.2
13900232631,4181217433,3937.2
13900232635,4181217433,4750.9
13900232642,4181217433,4977.1
13900232644,4181217433,4703.1
13900232653,4181217433,4617.3
13900232658,4181217433,4762.5
13900232666,4181217433,4714.2
13900234056,4181217433,3830.0
13903346737,8198567118,1145.2
13903347694,4523470682,1488.3
13903347697,4523470682,1859.7
13903347698,4523470682,1478.4
13903347716,4181217433,4214.8
13903347751,4523470682,1136.9
13903347772,4523470682,1580.4
13903347784,4523470682,1486.6
13903347791,4523470682,1608.8
13903347795,4523470682,1462.3
13903348076,8198567118,2345.9
13903348080,8198567118,2330.2
13903348109,1880396007,2513.9
13903348112,1880396007,2003.1
13903348185,1880396007,2699.1
13903348202,8198567118,2509.1
13903348205,8198567118,2698.3
13903348212,8198567118,2490.1
13908355769,4181217433,3369.8
13908355771,4181217433,3114.9
13908355773,4181217433,2863.2
13908355774,4181217433,2851.1
13908355776,4181217433,2033.4
13908355777,4181217433,2065.4
13908355782,4181217433,2643.3
13908355785,7227625036,2192.3
13908355800,4181217433,3845.5
13921127211,8358666767,2849.6
13921127230,8358666767,2860.7
13921127231,8358666767,2456.3
13924074570,2401390759,3081.9
13924074949,2401390759,1001.7
13924074950,2401390759,1038.3
13924074951,2401390759,1245.2
13924074952,2401390759,1017.3
13924075039,2401390759,1183.6
13924075645,1148754930,2746.9
13924075657,2401390759,2819.1
13924075687,2401390759,2143.5
13924075695,2401390759,2652.7
13924075696,2401390759,1619.4
13924075705,2401390759,1655.1
13924075710,2401390759,2203.1
13924075719,2401390759,1685.6
13924075721,2401390759,1507.0
13924075834,2401390759,479.6
13924075835,2401390759,609.1
13924075857,2401390759,894.3
13924075858,2401390759,886.7
13924075861,2401390759,1476.4
13924075862,2401390759,970.2
13924075897,2401390759,1295.4
13924075911,2401390759,1341.5
13924075942,2401390759,1812.7
13924075963,2401390759,1783.9
13924075976,2401390759,2139.1
13924075977,2401390759,2107.3
13924075991,2401390759,1308.9
13924076067,2401390759,2538.9
13924076068,2401390759,2549.6
13924076069,11880563955,2815.2
13924076072,11880563955,3135.0
13924076073,2401390759,3224.2
13924076083,11880563955,2920.9
13924076087,2401390759,2465.7
13924076089,2401390759,2230.7
13924076091,2401390759,2118.1
13924076095,2401390759,1828.8
13924076096,2401390759,1395.3
13924076097,2401390759,1433.1
13924076098,2401390759,1646.2
13924076099,2401390759,1934.5
13924076100,4742253048,2041.1
13924076105,4742253048,1900.9
13924076117,2401390759,989.5
13924076127,2401390759,807.4
13924076132,2401390759,640.9
13924076133,2401390759,20.9
13924076134,2401390759,10.3
13924076135,2401390759,336.0
13924076136,2401390759,728.0
13924076137,2401390759,691.4
13924076138,2401390759,678.8
13924076141,2401390759,1177.5
13924076148,2401390759,1523.7
13924076151,1148754930,1473.4
13924076161,1148754930,1143.8
13924076163,1148754930,1188.8
13924076166,2401390759,956.8
13924076168,2401390759,945.0
13924076169,2401390759,683.8
13924076172,2401390759,306.8
13924076174,2401390759,204.1
13924076203,2401390759,642.0
13926351887,1814651166,2594.6
13926351892,1814651166,3252.4
13926375121,12381917927,5353.0
13926375124,12381917927,5423.7
13927681696,2401390759,2920.6
13927681992,1148754930,1424.2
13927914313,2401390759,2034.7
13927914314,2401390759,2897.7
13927940926,2401390759,2256.3
13927940927,2401390759,2088.8
13927940928,2401390759,2025.9
13927940929,2401390759,2867.2
13927940930,2401390759,3023.0
13927940931,2401390759,2806.0
13927940932,2401390759,2795.0
13927940933,2401390759,3049.5
13927940936,2401390759,3260.8
13927940955,2401390759,3247.1
13927940961,11880563955,3375.4
13927940964,11880563955,3262.4
13927940967,11880563955,3152.7
13927940976,11880563955,2975.9
13927940995,11880563955,2556.0
13927941007,11880563955,3122.7
13927941013,11880563955,3160.7
13927941014,11880563955,3184.7
13927941027,2482884829,2928.0
13927941028,2482884829,2917.2
13927941038,2482884829,2454.0
13927941039,2482884829,2446.4
13927941040,2482884829,2441.5
13927941051,2482884829,1861.3
13927941077,2482884829,2583.4
13927941084,2482884829,3015.8
13927941085,2482884829,3137.7
13927941087,2482884829,3484.4
13927941111,2401390759,2312.1
13927941113,2401390759,2471.9
13927941114,2401390759,2567.2
13927941115,2401390759,2794.9
13927941116,2401390759,2891.3
13927941117,2401390759,3036.6
13927941118,2401390759,3224.3
13927941120,10080986063,3311.6
13927941121,10080986063,3301.9
13927941126,10080986063,3068.2
13927941130,10080986063,2921.3
13929913993,1148754930,1024.3
13929913994,1148754930,1270.1
13929913995,1148754930,1312.2
13929914013,1148754930,2157.5
13929914029,1148754930,1643.0
13929914032,1148754930,1657.9
13929914039,1148754930,1342.0
13929914054,1148754930,3046.1
13929914057,1148754930,1431.9
13930197843,1148754930,1524.0
13930197844,1148754930,1512.2
13930197853,1148754930,2631.1
13930197863,11880563955,1740.7
13930197876,11880563955,1510.7
13930197879,11880563955,1358.4
13930197881,11880563955,1146.1
13930197882,11880563955,1116.0
13930199101,1148754930,1896.3
13930199108,1148754930,1804.6
13930199131,1290395232,4891.2
13930199144,11880563955,2663.8
13930199165,1148754930,2230.2
13930199168,1148754930,1872.4
13930199173,1148754930,1914.8
13930199174,2401390759,3810.1
13945487147,2457603193,8492.0
13945487148,2457603193,8463.0
13945512988,2457603193,12624.3
13945512989,2457603193,12720.3
13945512990,2457603193,12607.5
13945512991,2457603193,12510.0
13945514220,12463139050,10463.4
13945514237,2457603193,17178.3
13984537279,4540338550,1913.7
13997613862,9933767027,729.1
13997613865,9933767027,1569.4
14029903452,4742253048,4446.0
14029924662,4742253048,4364.5
14029924666,4742253048,3282.5
14029924679,4742253048,3786.0
14029924682,4742253048,3735.0
14029924684,4742253048,3618.4
14029924685,4742253048,3455.9
14029924686,4742253048,3443.5
14029924687,4742253048,3652.9
14029924688,4742253048,3903.7
14029924689,4742253048,3895.1
14029924690,4742253048,4319.8
14029924691,4742253048,3633.1
14029924692,4742253048,4006.1
14029924693,4742253048,4362.8
14029924694,4742253048,4267.0
14029924695,4742253048,4296.7
14029925009,4742253048,3997.5
14029925015,4742253048,4536.8
14029925017,4742253048,4261.8
14029925042,4742253048,4271.2
14029925043,4742253048,4193.0
14029925054,4742253048,4436.0
14029925055,4742253048,4365.5
14029925056,4742253048,4347.3
14029925057,4742253048,3885.3
14029925092,4742253048,5124.2
14029925100,4742253048,4649.2
14029925101,4742253048,4566.4
14029925102,4742253048,4341.4
14029925103,4742253048,4042.2
14029925104,4742253048,4075.9
14029925105,4742253048,4032.9
14032063463,4742253048,3735.2
14032063464,4742253048,3961.2
14032063504,4742253048,3501.1
14032063505,4742253048,3861.9
14032063506,4742253048,3626.5
14036811083,4742253048,3827.4
14036811101,4742253048,3388.8
14036811102,4742253048,3383.8
14040438983,2045952502,2162.6
14040438987,7614809187,1319.7
14050213874,13747437765,1473.5
14050213880,13747437765,1500.2
14050213882,9487411571,1404.0
14050213889,9487411571,1370.0
14050213971,9487411571,1549.4
14050213972,9487411571,991.6
14050213973,9487411571,1012.2
14050213974,9487411571,1056.7
14050213975,9487411571,1631.0
14050213976,9487411571,1022.4
14050213977,9487411571,1046.5
14050213982,9487411571,1607.3
14050213985,9487411571,1042.3
14050213986,9487411571,986.8
14050213987,9487411571,358.0
14050213989,9487411571,807.2
14050213990,9487411571,779.2
14050213997,9487411571,114.8
14050214005,9487411571,129.9
14050214019,9487411571,1602.0
14050214032,13747437765,1470.9
14050214033,13747437765,1445.9
14050214034,9487411571,1621.6
14050214068,9487411571,1435.8
14050214070,9487411571,733.0
14058678860,2401177369,1318.9
14058678865,2401177369,1347.3
14058678888,2401177369,919.3
14058685616,2401177369,952.3
14058685620,2401177369,1275.3
14058685640,2401177369,885.3
14058685647,2401177369,910.1
14058685659,2401177369,1423.1
14058685676,2401177369,1010.4
14058685683,2401177369,1595.7
14058685699,2401177369,959.8
14058685704,2401177369,968.1
14058685705,2401177369,955.6
14058685706,2401177369,942.8
14058685707,2401177369,930.4
14058685708,2401177369,711.7
14058685709,2401177369,669.4
14058685711,2401177369,695.4
14058685712,2401177369,686.3
14058685715,2401177369,1088.5
14080105834,10080986063,2964.1
14080105840,10080986063,3101.4
14080105841,10080986063,2455.5
14080105844,10080986063,2657.6
14103922699,2482884829,2463.9
14103922906,2482884829,1801.8
14103922907,2482884829,1783.7
14103922910,2482884829,1765.1
14103922940,2482884829,1820.8
14124032107,1880400488,2184.5
14124032111,1880400488,1844.7
14124032112,1880400488,2180.9
14124058732,2401177369,1190.3
14124058736,2401177369,1257.5
14124058737,2401177369,1415.8
14124058738,2401177369,1305.2
14124058739,2401177369,1478.9
14161422439,4742253048,7430.5
14161656085,4742253048,1971.6
14161656087,4742253048,1313.2
14161656284,4742253048,3294.5
14161656307,4742253048,1630.1
14161656309,4742253048,1778.4
14161656311,4742253048,1735.5
14161656328,4742253048,792.7
14161656329,4742253048,1425.9
14161656334,4742253048,1123.1
14161656336,4742253048,949.2
14161656337,4742253048,1053.9
14161656338,4742253048,951.6
14181729948,4742253048,2884.0
14181729949,10080986063,4337.7
14181729956,4742253048,2306.4
14181729959,10080986063,2209.5
14181729962,10080986063,2542.3
14181729963,10080986063,2473.4
14181729965,10080986063,2517.6
14181729966,10080986063,2498.1
14181729975,9933767027,2261.0
14181729976,9933767027,2287.4
14181729977,9933767027,2691.1
14181729978,9933767027,2308.1
14181729979,9933767027,2240.2
14181729983,9933767027,2619.2
14181729985,9933767027,2635.1
14181729989,9933767027,3592.5
14181729990,9933767027,3491.1
14181729993,9933767027,3079.2
14208103774,-1,-1.0
14208119107,11176160735,2565.3
