name,category,lon,lat,nearest_u,nearest_v,walk_dist,weight
枫桦苇岸,住宅,114.17421823994351,30.460890757486634,5535918115,4519138593,0.1,1.0
沌口馨苑B区,住宅,114.17536220164541,30.46443896941885,5535918115,4519138593,0.0,1.0
后官湖生态宜居新城,住宅,114.17300335588459,30.46550531511266,5535918115,4519138593,0.0,1.0
沌口馨苑,住宅,114.16982964106087,30.46058264059943,5535918115,4519138593,0.1,1.0
万家湖社区D区,住宅,114.16964983240182,30.463910453444402,5535918115,4519138593,0.1,1.0
万家湖社区,住宅,114.1756688618486,30.466909896707456,5535918115,4519138593,0.0,1.0
沌口馨苑A区,住宅,114.16971435386938,30.460055557917322,5535918115,4519138593,0.1,1.0
汤湖域景,住宅,114.16901119109727,30.46155885631478,5535918115,4519138593,0.1,1.0
万家湖社区C区,住宅,114.16888573546477,30.462627348018266,5535918115,4519138593,0.1,1.0
华茂品江,住宅,114.18038142256744,30.46411722889464,13430072742,13430076623,0.0,1.0
万家湖社区A区,住宅,114.17604485988561,30.46775337093307,5535918115,4519138593,0.0,1.0
华茂品江1期,住宅,114.18059701290241,30.464263580028163,13430072742,13430076623,0.0,1.0
车都外校城,住宅,114.16852541646563,30.465811851745578,5535918115,4519138593,0.1,1.0
华茂盛景,住宅,114.18170016637049,30.46336579201417,13430072742,13430076623,0.0,1.0
武汉经开智创P(2023)050号地块,住宅,114.18138255525854,30.460217025660533,13430072742,13430076623,0.0,1.0
武汉城建悦享湖璟,住宅,114.17171834400905,30.469148967970508,5535918115,4519138593,0.0,1.0
万家湖社区B区,住宅,114.16883311944173,30.467961870829754,5535918115,4519138593,0.0,1.0
建华社区C区,住宅,114.18388423739205,30.46297577183364,13430072742,13430076623,0.0,1.0
君融天湖,住宅,114.16649445017185,30.466812773960612,5535918115,4519138593,0.1,1.0
建华社区A区,住宅,114.18522492048008,30.46280816554829,13430072742,13430076623,0.0,1.0
建华社区,住宅,114.1852429633298,30.462881178326473,13430072742,13430076623,0.0,1.0
人才公寓,住宅,114.18495951605728,30.45911564042472,13430072742,13430076623,0.0,1.0
建华社区B区,住宅,114.18733865680649,30.46262586597563,13430072742,13430076623,0.0,1.0
港湾江城一期西区,住宅,114.18832930841691,30.462636551959104,13430072742,13430076623,0.0,1.0
港湾江城一期,住宅,114.18962080753246,30.461824936548137,13430072742,13430076623,0.0,1.0
港湾江城一期东区,住宅,114.18961083084007,30.461250066241234,13430072742,13430076623,0.0,1.0
港湾江城,住宅,114.19094533064187,30.461335264394737,13430072742,13430076623,0.0,1.0
港湾江城二期,住宅,114.19248634169037,30.461226815047148,13430072742,13430076623,0.0,1.0
纸晨苑小区,住宅,114.19353082674299,30.463503917646275,13430072742,13430076623,0.0,1.0
汉纸小区,住宅,114.19398305899186,30.462586875188567,13430072742,13430076623,0.0,1.0
德信江宸,住宅,114.19443034563396,30.460837031812176,13430072742,13430076623,0.0,1.0
德信江宸1期,住宅,114.19508595376733,30.461388925756726,13430072742,13430076623,0.0,1.0
汉纸中路16号,住宅,114.19450917848091,30.465088067997964,13430072742,13430076623,0.0,1.0
汉纸中路25号,住宅,114.19418030689769,30.465524433631497,13430072742,13430076623,0.0,1.0
汉纸中路30号,住宅,114.19419232646298,30.465651419883955,13430072742,13430076623,0.0,1.0
汉纸中路26号,住宅,114.19439485932178,30.465430798383423,13430072742,13430076623,0.0,1.0
纸城苑小区,住宅,114.1938514224798,30.46607876629865,13430072742,13430076623,0.0,1.0
汉纸中路27号,住宅,114.1945271966572,30.46540601437015,13430072742,13430076623,0.0,1.0
汉纸中路29号,住宅,114.19437880050181,30.46564071863404,13430072742,13430076623,0.0,1.0
汉纸中路28号,住宅,114.19467456413791,30.465467231503517,13430072742,13430076623,0.0,1.0
汉纸东路85号,住宅,114.19529011477559,30.465474197919203,13430072742,13430076623,0.0,1.0
电塔小区,住宅,114.19629270403945,30.464512006196237,13430072742,13430076623,0.0,1.0
东荆社区,住宅,114.19634279659059,30.46488298792904,13430072742,13430076623,0.0,1.0
汉纸东路7号,住宅,114.19681601726668,30.464334857465673,13430072742,13430076623,0.0,1.0
周公4区,住宅,114.190653526561,30.473378645139167,13430072742,13430076623,0.0,1.0
临江花园1期,住宅,114.21010775518556,30.47094835485436,1321744157,13034211116,0.0,1.0
临江花园,住宅,114.20967583050066,30.471276750626714,1321744157,13034211116,0.0,1.0
临江花园2期,住宅,114.20898333421754,30.471807769174653,1321744157,13034211116,0.0,1.0
长江·楚韵,住宅,114.21275681014933,30.474440479648695,1321744157,13034211116,0.0,1.0
沃鼎·探索,住宅,114.23630544334,30.46194868161954,9593390842,9593380986,0.0,1.0
青江苑2期,住宅,114.23759257527875,30.463544626467037,9593390842,9593380986,0.0,1.0
旭辉江山境,住宅,114.2362796253483,30.459518291212767,9593390842,9593380986,0.0,1.0
青江苑,住宅,114.23936914897062,30.464208841241774,9593390842,9593380986,0.0,1.0
人才公寓,住宅,114.23811352307158,30.458231102310236,9593390842,9593380986,0.0,1.0
建和世家二期,住宅,114.23955210740937,30.466561265824453,9593390842,9593380986,0.0,1.0
青江苑A区,住宅,114.2412156546694,30.46467999440862,9593390842,9593380986,0.0,1.0
美好长江首玺K1,住宅,114.24081120519092,30.466125571409673,9593390842,9593380986,0.0,1.0
美好长江首玺2期,住宅,114.24132156617408,30.466694484655196,9593390842,9593380986,0.0,1.0
和喜园,住宅,114.24142664583435,30.4667324861038,9593390842,9593380986,0.0,1.0
美好长江首玺k2三期,住宅,114.2441829165039,30.463557454197677,9593390842,9593380986,0.0,1.0
建和世家,住宅,114.24188489057798,30.468029192688107,9593390842,9593380986,0.0,1.0
建和世家一期,住宅,114.24213006425722,30.468179174040827,9593390842,9593380986,0.0,1.0
建和锦源江城还建小区,住宅,114.2443676295749,30.468329217015444,9593390842,9593380986,0.0,1.0
美好长江首玺K3,住宅,114.24677929235632,30.465846739196888,9593390842,9593380986,0.0,1.0
美好长江首玺,住宅,114.246846324922,30.465893720423022,9593390842,9593380986,0.0,1.0
干调C区,住宅,114.25462258872363,30.46147893751667,10795039390,1313972308,0.0,1.0
新城阅璟台,住宅,114.24901316695549,30.468608708107688,10795039390,1313972308,0.0,1.0
白沙洲冷链市场公寓楼,住宅,114.25732291026178,30.462127576744635,2418603936,3523480831,0.0,1.0
旭辉江悦府(28-31栋),住宅,114.2501665589479,30.46971218371216,10795039390,1313972308,0.0,1.0
杂粮6区,住宅,114.25759764176965,30.46550157246187,10795039390,1313972308,0.0,1.0
干调北区,住宅,114.25727250790086,30.466776403212947,10795039390,1313972308,0.0,1.0
云隐城.青,住宅,114.25917015378572,30.46016210452611,2418603936,3523480831,0.0,1.0
旭辉江悦府南区(1-12栋),住宅,114.25147692952112,30.47099951665531,10795039390,1313972308,0.0,1.0
青菱小区,住宅,114.25747039555111,30.456594901989607,2418603936,3523480831,0.0,1.0
旭辉华宇江悦府1期,住宅,114.25162293752336,30.471476350025785,10795039390,1313972308,0.0,1.0
旭辉江悦府,住宅,114.25155590853093,30.47155434807869,10795039390,1313972308,0.0,1.0
旭辉都会山,住宅,114.26070696333682,30.46180778215196,2418603936,3523480831,0.0,1.0
旭辉江悦府北区(13-27栋),住宅,114.25199296082937,30.472599945690778,10795039390,1313972308,0.0,1.0
云隐城·菱,住宅,114.2598274845837,30.456197725781763,2418603936,3523480831,0.0,1.0
云隐城·湖,住宅,114.25744369797918,30.453039797821965,2418603936,3523480831,0.0,1.0
香水湾-西区,住宅,114.25337718847088,30.451183968379983,2418603936,3523480831,0.0,1.0
青菱社区,住宅,114.26004558993121,30.454885924135066,2418603936,3523480831,0.0,1.0
新力城,住宅,114.25508058413885,30.474214428310926,10795039390,1313972308,0.0,1.0
融科花满庭4期,住宅,114.25551668318239,30.450568293140766,2418603936,3523480831,0.0,1.0
融科花满庭,住宅,114.25551468680068,30.450522305213305,2418603936,3523480831,0.0,1.0
融科花满庭3期,住宅,114.25608677040927,30.450529053985075,2418603936,3523480831,0.0,1.0
湖北中医药大学黄家湖校区学生公寓北区,住宅,114.26579053343785,30.456603504846797,2418603936,3523480831,0.0,1.0
金地·保利·褐石公馆,住宅,114.27376884557214,30.47051050319736,12896768720,7674711338,0.0,1.0
城开·青菱城市花园2期,住宅,114.27077528472206,30.472454023989275,2397255268,2397255476,0.0,1.0
城开青菱城市花园-南区,住宅,114.27102614546706,30.472663725084047,2397255518,2397255476,0.0,1.0
和园(知行大道),住宅,114.26229476093182,30.45066454099805,2418603936,3523480831,0.0,1.0
城开·青菱城市花园,住宅,114.27146985269907,30.473506065546253,2397256056,2397255613,0.0,1.0
水科所小区,住宅,114.2617917443476,30.474915662968584,1314092196,1314091755,0.0,1.0
湘龙鑫城南区东区,住宅,114.26297452023849,30.475649666145948,3524739609,3524739608,0.0,1.0
正北岸,住宅,114.28221226992868,30.461954664411866,7674711361,7674711362,0.0,1.0
楚天都市沁园西区,住宅,114.28321142495889,30.461193530653535,7674711361,7674711362,0.0,1.0
楚天都市沁园,住宅,114.285217731346,30.458489467271217,9214515593,9214515616,0.0,1.0
东原启城三/四期,住宅,114.28374833737811,30.468002048967914,7674711362,7674711361,0.0,1.0
彩虹郡2期,住宅,114.28674207706241,30.459724995979236,9214515593,9214515616,0.0,1.0
楚天都市沁园东区,住宅,114.28598305516158,30.457417660262422,9214515593,9214515616,0.0,1.0
胜利丰园,住宅,114.28653165819497,30.467135393962145,7674711358,9214515616,0.0,1.0
富强楼,住宅,114.28569838443072,30.46857420132748,7674711361,7674711362,0.0,1.0
东原启城,住宅,114.28451247255279,30.469552597323446,7674711359,7674711361,0.0,1.0
正商金域世家,住宅,114.27724655014586,30.47057260295696,12896768721,12896768722,0.0,1.0
栖花里美容(东原启城店),住宅,114.28474724121777,30.46958526449069,7674711361,7674711359,0.0,1.0
彩虹郡,住宅,114.28859515917263,30.459035466064783,9214515593,9214515616,0.0,1.0
白沙洲新城,住宅,114.28865612582963,30.458646473815595,9214515593,9214515616,0.0,1.0
东原启城二期,住宅,114.28406280684916,30.47069891218365,7674711360,7674711361,0.0,1.0
东原启城一期南区,住宅,114.28637255477096,30.47024580604572,7674711361,7674711358,0.0,1.0
彩虹郡1期,住宅,114.28996367249754,30.4585915269963,7674713322,9214515685,0.0,1.0
东原启城一期,住宅,114.2861857074355,30.470697952865315,7674711360,7674711361,0.0,1.0
筑福江城,住宅,114.2897291615155,30.467617565762744,9214515593,7674713321,0.0,1.0
东原启城一期北区,住宅,114.28578004783589,30.471532306854062,7674711360,7674711361,0.0,1.0
福临居3期,住宅,114.27597422088311,30.473122391262702,12896768724,3999821875,0.0,1.0
福临居,住宅,114.27548854017115,30.473176922617807,3999821875,12896768737,0.0,1.0
人才公寓,住宅,114.2755294937144,30.473403816377033,12896768724,3999821875,0.0,1.0
清江锦城3期,住宅,114.28401758111193,30.473828142704846,11433472045,11433472046,0.0,1.0
东原湖光里,住宅,114.29130935315733,30.45589614305756,9214515677,6914401849,0.0,1.0
毛坦港湾B区,住宅,114.28644319512273,30.47358381963421,7674711346,11433472045,0.0,1.0
华润·紫云府2期,住宅,114.27487681441073,30.474591221819292,7674711339,12896768737,0.0,1.0
东原乐见城三期,住宅,114.30296327311842,30.46477849186732,4742253154,4742253111,0.0,1.0
康曼居,住宅,114.29334954559103,30.471725869008118,7674713322,9214515685,0.0,1.0
李桥小区二区,住宅,114.30217919395554,30.45552222134458,1149139774,8166012120,0.0,1.0
东原乐见城一期,住宅,114.3014779223558,30.470214681396847,1793010347,1793010264,0.0,1.0
东原乐见城,住宅,114.30175155033054,30.470041249213608,1793010347,1793010264,0.0,1.0
都市花园,住宅,114.29118310917269,30.472076172362133,7674713321,7674713322,0.0,1.0
李桥小区一区,住宅,114.30437991034432,30.456717023500396,8168565431,7674661165,0.0,1.0
板桥新村南1区,住宅,114.30228766897422,30.471420944945883,1793010347,1793010264,0.0,1.0
板桥新城南区,住宅,114.30381145571957,30.47161619820573,9067344127,837957043,0.0,1.0
毛坦还建楼H3地块,住宅,114.2935490501165,30.474634775612717,6914401863,6914401843,0.0,1.0
毛坦港湾A区,住宅,114.28939997899776,30.474036365360757,7674713333,7674713334,0.0,1.0
博雅园,住宅,114.30203788262875,30.47307094497462,9067344127,837957043,0.0,1.0
誉城千里,住宅,114.29394853481217,30.474884069596005,6914401849,6914401862,0.0,1.0
李桥小区三区,住宅,114.30847357769962,30.459036012476272,8168565431,7674661165,0.0,1.0
李桥小区,住宅,114.30853849129247,30.458886930726695,8168565431,7674661165,0.0,1.0
毛坦港湾,住宅,114.28816735094485,30.473851247621365,7674713323,3025210514,0.0,1.0
板桥新村,住宅,114.30433564629764,30.472128127428498,9067344127,837957043,0.0,1.0
东原乐见城,住宅,114.30723955535903,30.46944558998241,7674661165,7852963922,0.0,1.0
南九公寓,住宅,114.30443448518136,30.47231690055185,9067344127,837957043,0.0,1.0
聚福苑,住宅,114.3065678832423,30.454186709724866,8168565431,7674661165,0.0,1.0
虹桥家园E区,住宅,114.31192445664826,30.45635727917879,1865280090,1865280106,0.0,1.0
东原乐见城二期,住宅,114.30907678357731,30.469109306199407,7674661165,7852963922,0.0,1.0
板桥小区E区,住宅,114.31199019510692,30.469768714382585,7852963922,4742253063,0.0,1.0
桥富水岸,住宅,114.31340119548264,30.45553770990271,1865280090,1865280106,0.0,1.0
板桥小区D区,住宅,114.31240843072712,30.470993607076085,7852963922,4742253063,0.0,1.0
保利心语十区B区,住宅,114.30916544682955,30.471430530296093,7852963922,4742253063,0.0,1.0
保利心语十区,住宅,114.30957581085097,30.471471760769294,7852963922,4742253063,0.0,1.0
明泽丰华苑下马湖,住宅,114.31442424437788,30.470851846745262,4742253063,14029925055,0.0,1.0
保利·心语十区A区,住宅,114.31039741373802,30.47291285400723,14029925100,14029925092,0.0,1.0
马咀29号,住宅,114.31005276607358,30.451858882877513,8168565431,7674661165,0.0,1.0
保利·心语9区,住宅,114.31232639117897,30.472948242130784,14029924690,14029925100,0.0,1.0
侨心花园,住宅,114.31696809139251,30.47162981147558,12032768620,12032768625,0.0,1.0
板桥新村北区,住宅,114.30538998975136,30.4733219175773,9067344126,9067341316,0.0,1.0
世茂林屿岸,住宅,114.31431912840125,30.450986101607562,9003262364,9003262347,0.0,1.0
保利·心语3期,住宅,114.32114636445138,30.470861025888315,4742253121,12032745800,0.0,1.0
独山公寓,住宅,114.32243738421585,30.469346949616494,837959232,837959231,0.0,1.0
洪投·蓝城·桂悦宏章(建设中),住宅,114.3110565448056,30.471083112520002,7852963922,4742253063,0.0,1.0
红房子小区,住宅,114.33260049788164,30.461745559062116,7638241901,4537615877,0.0,1.0
新村2区,住宅,114.33392944099627,30.46097426665682,7638241901,4537615877,0.0,1.0
先建新村,住宅,114.33533617249286,30.46141153772607,7638241901,4537615877,0.0,1.0
紫岸5期别墅,住宅,114.32275554005284,30.47308235059119,14029924679,12032745800,0.0,1.0
保利·心语1期,住宅,114.32085263923432,30.473229959791162,14029924679,12032745800,0.0,1.0
野芷湖一号,住宅,114.3391819922343,30.46364791703209,1124470979,14161422439,0.0,1.0
春天社区,住宅,114.31976242768813,30.449993978385816,9003262364,9003262347,0.0,1.0
学海别墅,住宅,114.3447288844271,30.461883555864077,7654235640,1865280090,0.0,1.0
枫香咀68号,住宅,114.35043948399534,30.45610546982297,7654235640,1865280090,0.0,1.0
华中农业大学孙家窑居民楼,住宅,114.34533391029379,30.474595187179315,1124861508,1124861512,0.0,1.0
锦绣良缘B区,住宅,114.3650900974731,30.46724364731542,8547857341,1140523115,0.0,1.0
锦绣良缘,住宅,114.36558861170725,30.46776090495018,8547857341,1140523115,0.0,1.0
关山街南湖校区社区行政服务站,住宅,114.36732054710946,30.463191040211598,7654235640,1865280090,0.0,1.0
天祥尚府,住宅,114.36747874592368,30.459437814805604,7654235640,1865280090,0.0,1.0
湾郡北岸公馆,住宅,114.36623407863469,30.45600313462113,7654235640,1865280090,0.0,1.0
东湖高新区关东街南湖社区,住宅,114.36835455076962,30.465192347393543,8547857341,1140523115,0.0,1.0
湾郡,住宅,114.36777081869373,30.455912366503114,7654235640,1865280090,0.0,1.0
当代·安普顿小镇,住宅,114.37100308584974,30.459924845019366,7654235640,1865280090,0.0,1.0
南湖社区和谐园小区,住宅,114.3720250586931,30.464011764134945,8547857341,1140523115,0.0,1.0
名湖豪庭2期,住宅,114.37449884482886,30.46126011342996,8547857341,1140523115,0.0,1.0
宝业光谷丽都12期,住宅,114.3740067363862,30.465597449747776,8547857341,1140523115,0.0,1.0
光谷锦绣龙城南湖店,住宅,114.37220469717367,30.466853849567745,8547857341,1140523115,0.0,1.0
名湖豪庭,住宅,114.3750346871593,30.459827996154317,8547857341,1140523115,0.0,1.0
宝业·光谷丽都,住宅,114.3752391567517,30.464710565841234,8547857341,1140523115,0.0,1.0
名湖豪庭1期,住宅,114.37525363071191,30.459189964037016,8547857341,1140523115,0.0,1.0
南山樾府,住宅,114.37615402952835,30.461036717568753,8547857341,1140523115,0.0,1.0
南湖周店社区,住宅,114.37243546298907,30.46788535290823,8547857341,1140523115,0.0,1.0
南山锦宸,住宅,114.3765108590606,30.461097402151108,8547857341,1140523115,0.0,1.0
光谷·梅花坞,住宅,114.37421649140069,30.46707487234868,8547857341,1140523115,0.0,1.0
湾郡A区,住宅,114.36991919307958,30.45588799905655,7654235640,1865280090,0.0,1.0
水蓝郡百合园,住宅,114.3710442923671,30.46870753725327,8547857341,1140523115,0.0,1.0
湾郡B区,住宅,114.36847128267995,30.455757614381245,7654235640,1865280090,0.0,1.0
宝业·光谷丽都3期,住宅,114.37727525518378,30.464169988210422,8547857341,1140523115,0.0,1.0
中谷苑南区,住宅,114.37726111907594,30.465799578224203,6286565888,6220274445,0.0,1.0
南波湾锦湖苑,住宅,114.37268517154558,30.469464694688472,8547857341,1140523115,0.0,1.0
中谷苑,住宅,114.37681419927183,30.46710160358676,6286565888,6220274445,0.0,1.0
汤逊湖周店小区,住宅,114.37879295653104,30.460781677131582,8547857341,1140523115,0.0,1.0
中谷苑北区,住宅,114.37649127128559,30.467940652127037,6286565888,6220274445,0.0,1.0
周店职工住宅小区项目,住宅,114.37783954322266,30.458202060468917,8547857341,1140523115,0.0,1.0
南波湾碧湖苑,住宅,114.37260213825371,30.470429521359893,8547857341,1140523115,0.0,1.0
韵湖首府北区,住宅,114.3768101255463,30.456498315316676,7654235640,1865280090,0.0,1.0
锦绣龙城G区,住宅,114.3791604969808,30.464571433584325,13570134431,6286565888,0.0,1.0
水蓝郡,住宅,114.36967003105914,30.471283306627807,8547857341,1140523115,0.0,1.0
光谷自由城,住宅,114.37434913892552,30.47028490905895,6286565888,6220274445,0.0,1.0
保利十二橡树庄园北门商业街,住宅,114.3727425232679,30.453557697640896,7654235640,1865280090,0.0,1.0
中冶南方韵湖首府,住宅,114.3764404180726,30.45505398240558,7654235640,1865280090,0.0,1.0
南波湾月湖苑,住宅,114.372402160064,30.471596408502197,8547857341,1140523115,0.0,1.0
中冶南方国际社区2期,住宅,114.37659037159686,30.454803919545157,7654235640,1865280090,0.0,1.0
韵湖星光,住宅,114.37749295243172,30.4551261045795,7654235640,1865280090,0.0,1.0
武汉金桥科技创业社区,住宅,114.38024266770329,30.458641175712824,8547857341,1140523115,0.0,1.0
锦绣龙城二期小区,住宅,114.38086294848779,30.46487616173823,13570134431,6286565888,0.0,1.0
南波湾南湖苑,住宅,114.37423308551142,30.47162466093532,6286565888,6220274445,0.0,1.0
锦绣龙城I区,住宅,114.378923234747,30.468526579923594,13570134431,6286565888,0.0,1.0
中国铁建·梧桐苑2期,住宅,114.38000083873408,30.457516627274007,8547857341,1140523115,0.0,1.0
中冶南方国际社区,住宅,114.37739006351133,30.45434338127076,7654235640,1865280090,0.0,1.0
韵湖首府,住宅,114.37590583744937,30.453121913749097,7654235640,1865280090,0.0,1.0
中国铁建·梧桐苑1期,住宅,114.37963909582571,30.455874294709698,8547857341,1140523115,0.0,1.0
锦绣龙城E区,住宅,114.38170970887171,30.465187529886045,13570134431,6286565888,0.0,1.0
中国铁建·梧桐苑,住宅,114.37998796757729,30.45608399515205,8547857341,1140523115,0.0,1.0
丽岛·美生,住宅,114.38227596106981,30.46086828542748,13570134431,6286565888,0.0,1.0
津发小区,住宅,114.37627803356946,30.471792816231524,13570134431,6286565888,0.0,1.0
津发小区西区,住宅,114.37607012166347,30.471901963261036,13570134431,6286565888,0.0,1.0
津发小区东区,住宅,114.37766746276033,30.471388788613798,13570134431,6286565888,0.0,1.0
锦绣龙城,住宅,114.38161455008681,30.46726405095931,13570134431,6286565888,0.0,1.0
锦绣龙城5期,住宅,114.38163754614429,30.467247040730552,13570134431,6286565888,0.0,1.0
锦绣龙城A区,住宅,114.38094758319748,30.468805082237637,13570134431,6286565888,0.0,1.0
锦绣龙城F区,住宅,114.38211845689001,30.467030795200287,13570134431,6286565888,0.0,1.0
长城别苑,住宅,114.37897098562543,30.47118984297709,13570134431,6286565888,0.0,1.0
梧桐苑·阅立方,住宅,114.38163950732388,30.456217855812994,8547857341,1140523115,0.0,1.0
华壹公馆,住宅,114.38304597047231,30.459082278906614,13570134431,6286565888,0.0,1.0
城投光谷香恋,住宅,114.3756880923881,30.45140852264128,7654235640,1865280090,0.0,1.0
锦绣龙城店,住宅,114.38302519970789,30.46796300757591,13570134431,6286565888,0.0,1.0
锦绣龙城B区,住宅,114.38282512104509,30.46927378121113,13570134431,6286565888,0.0,1.0
光谷建投民族新城028号地块(建设中),住宅,114.38225613985543,30.45886480545802,13570134431,6286565888,0.0,1.0
华师科技园创新大楼,住宅,114.38568552509422,30.460763458581265,13570134431,6286565888,0.0,1.0
华育公寓,住宅,114.38837667766116,30.459293703773195,8910280582,1145214740,0.0,1.0
锦绣龙城D区,住宅,114.38461404168359,30.467261316586974,13570134431,6286565888,0.0,1.0
茅店七期小区,住宅,114.39005881522192,30.459864007956995,8910280582,1145214740,0.0,1.0
华师一附中教师公寓,住宅,114.38927181309504,30.458692547389802,8910280582,1145214740,0.0,1.0
中铁七局公寓,住宅,114.38840293512307,30.467832498519925,13570134431,6286565888,0.0,1.0
传奇悦荟城,住宅,114.39158807314398,30.460194526686383,8910280582,1145214740,0.0,1.0
中铁七局公寓物业,住宅,114.38879797321327,30.467768375540768,13570134431,6286565888,0.0,1.0
中兴楼,住宅,114.39048809088898,30.457495483970586,8910280582,1145214740,0.0,1.0
天泽园,住宅,114.39118819214151,30.457845214548446,8910280582,1145214740,0.0,1.0
庙山小区,住宅,114.39313838242144,30.461293946143353,8910280582,1145214740,0.0,1.0
汤逊湖社区,住宅,114.39390953777904,30.462319573061965,8910280582,1145214740,0.0,1.0
新疆烤肉餐厅店,住宅,114.39359569327581,30.459352370154793,8910280582,1145214740,0.0,1.0
加州·香山美树,住宅,114.39402630646086,30.465427758305307,8910280582,1145214740,0.0,1.0
耐英小区,住宅,114.38203709429044,30.471389700301174,13570134431,6286565888,0.0,1.0
矿山小区,住宅,114.38438268503054,30.471635287249196,13570134431,6286565888,0.0,1.0
佳明职工住宅,住宅,114.38528658370574,30.471843771694356,13570134431,6286565888,0.0,1.0
创业公寓,住宅,114.38548823510659,30.452748560147015,8910280582,1145214740,0.0,1.0
东山公寓,住宅,114.39175225589138,30.46999895394474,8910280582,1145214740,0.0,1.0
茅店小区,住宅,114.397039826993,30.46234338121863,8910280582,1145214740,0.0,1.0
光谷·麒麟社,住宅,114.39865763557384,30.4628913131878,8910280582,1145214740,0.0,1.0
清江山水2.2期,住宅,114.39267928239329,30.47239813308117,8910280582,1145214740,0.0,1.0
梅花坞小区A,住宅,114.3969711919814,30.469246590457093,8910280582,1145214740,0.0,1.0
科技园公寓,住宅,114.39750860890021,30.456062978074847,1145214736,1145214738,0.0,1.0
万科城市花园上西3区,住宅,114.40058588117653,30.462256713115746,8910280582,1145214740,0.0,1.0
万科城市花园上西5区,住宅,114.40009265765386,30.461124925597144,8910280582,1145214740,0.0,1.0
万科城市花园上西7区,住宅,114.40174272776169,30.46175806227385,8910280582,1145214740,0.0,1.0
万科城市花园上西2区,住宅,114.40148439564656,30.463445575320765,8910280582,1145214740,0.0,1.0
万科城市花园上西1区,住宅,114.40226501027719,30.46292988205406,8910280582,1145214740,0.0,1.0
万科城市花园上西6区,住宅,114.40134156259839,30.460369332258068,1145214736,1145214738,0.0,1.0
万科城市花园上西8区,住宅,114.40209405788178,30.460920354957654,1145214736,1145214738,0.0,1.0
万科城市花园特1区,住宅,114.40313573054408,30.46237025200504,8910280582,1145214740,0.0,1.0
万科城市花园上东1区,住宅,114.4026151759947,30.46407567457528,8910280582,1145214740,0.0,1.0
万科城市花园,住宅,114.40353105661353,30.462271391364776,8910280582,1145214740,0.0,1.0
万科城市花园上西9区,住宅,114.40269659498182,30.45998274170625,1145214736,1145214738,0.0,1.0
万科城市花园上西11区,住宅,114.40150579199783,30.45906869509202,1145214736,1145214738,0.0,1.0
万科城市花园上东8区,住宅,114.40367307169245,30.463430136949206,8910280582,1145214740,0.0,1.0
万科城市花园上东7区,住宅,114.40385515038912,30.46425098173111,8910280582,1145214740,0.0,1.0
万科城市花园上西10区,住宅,114.40424877270176,30.46089696701453,1145214736,1145214738,0.0,1.0
万科城市花园上东9区,住宅,114.40482810725656,30.462801678985933,8910280582,1145214740,0.0,1.0
万科城市花园上东2区,住宅,114.40502013140964,30.464472318444106,8910280582,1145214740,0.0,1.0
万科城市花园上东6区,住宅,114.40563991488887,30.461905211812333,1145214736,1145214738,0.0,1.0
万科城市花园上东10区,住宅,114.40559774939462,30.463361822174566,8910280582,1145214740,0.0,1.0
万科城市花园上东5区,住宅,114.40656773235537,30.462561427003468,1145214736,1145214738,0.0,1.0
万科城市花园上东3区,住宅,114.40631132326752,30.464434835756972,8910280582,1145214740,0.0,1.0
万科城市花园上东4区,住宅,114.40723932586599,30.46332753192204,1145214736,1145214738,0.0,1.0
当代花园绿地,住宅,114.406737656139,30.465331788056133,8910280582,1145214740,0.0,1.0
万科公寓,住宅,114.40759775989564,30.46249591435504,1145214736,1145214738,0.0,1.0
文藏楼,住宅,114.40316230238196,30.456043858751496,1145214736,1145214738,0.0,1.0
关山街铁基山小区,住宅,114.40576450976421,30.467879717112957,8910280582,1145214740,0.0,1.0
当代国际花园四区,住宅,114.40826926962782,30.464625699308275,8910280582,1145214740,0.0,1.0
当代国际花园十区,住宅,114.40875989639045,30.463424264491394,1145214736,1145214738,0.0,1.0
高企达集团高企达公寓,住宅,114.40009226952698,30.45409569150428,1145214736,1145214738,0.0,1.0
当代国际花园十一区,住宅,114.40937361248004,30.462898734566732,1145214736,1145214738,0.0,1.0
万科红郡,住宅,114.40762729515545,30.45668939855233,1145214736,1145214738,0.0,1.0
当代国际花园十二区,住宅,114.4099053149752,30.46167635136933,1145214736,1145214738,0.0,1.0
当代国际花园五区,住宅,114.40993918143141,30.46365386454428,1145214736,1145214738,0.0,1.0
当代国际花园中心寓,住宅,114.41038177558407,30.462662382546586,1145214736,1145214738,0.0,1.0
当代国际花园三区,住宅,114.4100351616837,30.46513753829233,1145214736,1145214738,0.0,1.0
当代国际花园十三区,住宅,114.41045201342108,30.460864884074986,1145214736,1145214738,0.0,1.0
万科红郡南区,住宅,114.40801278607232,30.45560685782408,1145214736,1145214738,0.0,1.0
当代国际花园六区,住宅,114.41124576782315,30.462981840448656,1145214736,1145214738,0.0,1.0
当代国际花园七区,住宅,114.41130391319206,30.4621150999305,1145214736,1145214738,0.0,1.0
芭比伦堡,住宅,114.39765525045918,30.472522738774767,8910280582,1145214740,0.0,1.0
当代国际花园八区,住宅,114.41165441724183,30.461212559727887,1145214736,1145214738,0.0,1.0
当代国际花园十五区,住宅,114.41152834778232,30.460242723156984,1145214736,1145214738,0.0,1.0
当代国际花园2期,住宅,114.41165716711912,30.464127814685007,1145214736,1145214738,0.0,1.0
当代国际花园一区,住宅,114.4116500480902,30.46539648231888,1145214736,1145214738,0.0,1.0
清江山水2.1期,住宅,114.39528813628645,30.472772709533462,8910280582,1145214740,0.0,1.0
中建康城西区南区,住宅,114.40274247141271,30.47329129142017,8910280582,1145214740,0.0,1.0
中建康城西区,住宅,114.40191882629962,30.47357901388652,8910280582,1145214740,0.0,1.0
中建康城,住宅,114.40324586233562,30.473346414334056,8910280582,1145214740,0.0,1.0
现代·森林小镇,住宅,114.41167075143254,30.45759848478895,1145214736,1145214738,0.0,1.0
中建康城东区,住宅,114.40503138795378,30.47312605277721,8910280582,1145214740,0.0,1.0
现代·森林小镇3期,住宅,114.4117919439114,30.457094691922116,1145214736,1145214738,0.0,1.0
建发小区,住宅,114.40113722266621,30.47411470819464,8910280582,1145214740,0.0,1.0
当代国际花园未来域,住宅,114.41313540679866,30.45979794964172,1145214736,1145214738,0.0,1.0
曙光新二村,住宅,114.40617344893742,30.47297453895109,8910280582,1145214740,0.0,1.0
当代社区,住宅,114.41295363274655,30.465998228018037,1145214736,1145214738,0.0,1.0
当代国际花园青年郡,住宅,114.41355086492729,30.46078000714708,1145214736,1145214738,0.0,1.0
当代国际花园铂公馆,住宅,114.41403438724727,30.46217401846111,1145214736,1145214738,0.0,1.0
中建三局三公司大院,住宅,114.40198777220465,30.474780707908184,8910280582,1145214740,0.0,1.0
清江山水1.3期,住宅,114.39562010276249,30.474724168032225,8910280582,1145214740,0.0,1.0
蓝域·拿铁公寓,住宅,114.40090396969268,30.475178379798876,8910280582,1145214740,0.0,1.0
关南小区东区,住宅,114.40494419173338,30.474491656175836,1150821136,11733956990,0.0,1.0
清江山水3.1期,住宅,114.39245707113575,30.474129712343096,6915679323,6915679315,0.0,1.0
关南小区,住宅,114.4050842927786,30.474759635325107,1150821136,11733956990,0.0,1.0
光谷润府,住宅,114.41804411957217,30.462819297788172,7041282296,1176704368,0.0,1.0
德胜山小区,住宅,114.417110070739,30.45854251852739,7041282296,1176704368,0.0,1.0
中建五局生活区,住宅,114.42196747255605,30.46380710505495,7041282296,1176704368,0.0,1.0
富强科技公寓,住宅,114.42276888099619,30.463808017500536,8816640095,8816640032,0.0,1.0
光谷金融港青年公寓1期,住宅,114.42443215041841,30.46096972713044,8816640080,1563235401,0.0,1.0
光谷金融港青年公寓,住宅,114.42457441201559,30.461006892879272,8816640080,1563235401,0.0,1.0
金地艺境店,住宅,114.42198315167295,30.4562930279413,7041282296,1176704368,0.0,1.0
佛奥·俊贤雅居,住宅,114.4248541790745,30.45819895070277,8816640080,1563235401,0.0,1.0
鹏翔花园,住宅,114.42574773990574,30.459778683021614,8816640080,1563235401,0.0,1.0
现代·国际设计城,住宅,114.41586197010186,30.473169628105392,1150821136,11733956990,0.0,1.0
现代·国际设计城3期,住宅,114.41581489374417,30.473271560902635,1150821136,11733956990,0.0,1.0
光谷理想城,住宅,114.41123077911291,30.474141906504503,1150821136,11733956990,0.0,1.0
佛奥小区,住宅,114.42647651814524,30.45556468953229,1194993482,1194993407,0.0,1.0
万科·城花璟苑,住宅,114.40914937795068,30.474246636418727,1150821136,11733956990,0.0,1.0
中建一局生活区,住宅,114.18164858959193,30.47991132039316,5535918115,4519138593,0.0,1.0
武汉建工生活区,住宅,114.16703523424532,30.487284262419525,5535918115,4519138593,0.0,1.0
招商蛇口武汉城建未来中心·峯境,住宅,114.16713951098785,30.487574377159536,5535918115,4519138593,0.0,1.0
中营寺社区,住宅,114.1897165459915,30.479347477122204,5535918115,4519138593,0.0,1.0
华立苑小区,住宅,114.21885828589751,30.484709884790487,13430072742,13430076623,0.0,1.0
武昌监狱家属楼,住宅,114.24876906959896,30.480125669807546,9593390847,9593390854,0.0,1.0
职工小区,住宅,114.2508780236326,30.479117496730524,9593390854,9593390909,0.0,1.0
蔷薇金区,住宅,114.25342055769084,30.482023938142756,2397258129,7241542785,0.0,1.0
万科金色城市23地块,住宅,114.25418674217616,30.48197067537839,7241542785,2397258129,0.0,1.0
万科金色城市20地块,住宅,114.25239710360334,30.484045716023513,7241517383,2397258133,0.0,1.0
观庭·金色世家A区,住宅,114.25707925667685,30.48118064828557,6914663503,3524739604,0.0,1.0
万科金色城市,住宅,114.25458565525963,30.483957973484866,6914663507,2397258129,0.0,1.0
观庭·金色世家,住宅,114.25804637870985,30.48054933634997,2397290165,3524739605,0.0,1.0
琳琅金区,住宅,114.25477063458655,30.484622716027964,2397258129,6914658058,0.0,1.0
观庭·金色世家B区,住宅,114.25899945292164,30.480001974585196,2397290159,2397290039,0.0,1.0
万科金色城市17地块,住宅,114.25409343250432,30.48534377655252,2397258133,2397258129,0.0,1.0
万科金色城市18地块,住宅,114.25663296401008,30.484069063796586,6914663508,6914663507,0.0,1.0
世茂云锦玉海园,住宅,114.25866621985,30.482661427070216,6914663503,6914663505,0.0,1.0
万科金色城市5期,住宅,114.2560037519161,30.48562991649086,6914658058,2397258129,0.0,1.0
万科金色城市3期,住宅,114.25504154081786,30.486305138014487,6914658065,6914658058,0.0,1.0
湘龙鑫城,住宅,114.26147455526892,30.47750817036063,3524739609,3524739608,0.0,1.0
湘龙鑫城南区西区,住宅,114.26167850890091,30.477805957673688,3524739608,2397258122,0.0,1.0
湘龙鑫城南区,住宅,114.26204851966966,30.47718688196551,3524739609,3524739608,0.0,1.0
湘龙鑫城北区,住宅,114.26183533568918,30.479625360364462,2397258122,3524739608,0.0,1.0
万科金色城市锦绣苑,住宅,114.26137622302812,30.48149314666972,3524739604,9213686973,0.0,1.0
万科金色城市13地块,住宅,114.25776587412746,30.48625390269435,6914663509,3523519321,0.0,1.0
城投联投江南岸D区,住宅,114.2580718515463,30.48671261696691,3523519321,8194866790,0.0,1.0
瑞鑫花园,住宅,114.26308816238799,30.47960651488973,3524739608,2397258122,0.0,1.0
瑞鑫花园1期,住宅,114.26309816089817,30.47960450842381,3524739608,2397258122,0.0,1.0
城投联投江南岸C区,住宅,114.25583552019475,30.488054311788062,6914658064,3527724425,0.0,1.0
汉悦公寓江南岸,住宅,114.2592389284591,30.48612714868505,9213687034,6914663509,0.0,1.0
长征公寓楼,住宅,114.26064699171307,30.484855674558165,13132234728,6914663506,0.0,1.0
城投联投江南岸,住宅,114.25700564472822,30.488238722389916,8194866790,3523519321,0.0,1.0
中建壹品宏泰阅江府·西区,住宅,114.2642448908166,30.480207515881595,9213687007,9213687042,0.0,1.0
城投联投江南岸A区,住宅,114.25753864680388,30.488729322616145,8194866790,3523519321,0.0,1.0
老B区,住宅,114.26492105267448,30.476519007882672,2397257904,9054721665,0.0,1.0
城投联投江南岸B区,住宅,114.26008781531424,30.48724334542667,9213687034,6914663509,0.0,1.0
中建壹品宏泰·阅江府,住宅,114.2652267324941,30.479366000060775,9213687042,2397258099,0.0,1.0
城际花园西区,住宅,114.26690010286057,30.481059188986592,2397258113,9213687037,0.0,1.0
城际花园,住宅,114.26761983821672,30.48130551187995,2397258113,9213687037,0.0,1.0
城际花园东区,住宅,114.26840452310351,30.481605744746112,4539344291,2397258119,0.0,1.0
农科院社区,住宅,114.26554635751577,30.482762818325284,11549712450,11549712448,0.0,1.0
天地源荷景苑,住宅,114.27040979559021,30.480163296165532,3523480833,1314091763,0.0,1.0
武汉市青菱渔场小区,住宅,114.27133181112394,30.474799855589346,2397256383,2397256658,0.0,1.0
壹号公馆(洪山区),住宅,114.27182703347736,30.48091970519442,9933767027,9933767033,0.0,1.0
城开·青菱城市花园1期,住宅,114.2726560709875,30.475309387861678,2397256582,2397256758,0.0,1.0
华润·紫云府1期,住宅,114.27387916375507,30.477689466072395,9933460559,9933460555,0.0,1.0
朗居,住宅,114.27396724214549,30.476160785156218,2397257732,7674711339,0.0,1.0
万科·城市之光,住宅,114.26904697789462,30.484984234364482,11549712450,11549712448,0.0,1.0
华润·紫云府,住宅,114.27452594603373,30.47562832651808,12896768737,7674711339,0.0,1.0
南国都市1期西区,住宅,114.27393375870302,30.48202722302538,6914328313,3488332205,0.0,1.0
万科光澜道,住宅,114.26665270424128,30.48662485229329,11549712450,11549712448,0.0,1.0
南国都市2期西区,住宅,114.27319104318653,30.483783522088114,9933742405,9933742397,0.0,1.0
南国都市2期,住宅,114.2738816610006,30.483528864077506,9933742405,9933742397,0.0,1.0
万象公裕A区,住宅,114.26384034595229,30.48753178376183,6914663506,12964017242,0.0,1.0
南国都市,住宅,114.27494512117585,30.482160090566456,9933742388,9933742396,0.0,1.0
世茂云锦,住宅,114.27640240112613,30.479260249787572,9933460549,6914328320,0.0,1.0
万科光澜道2期,住宅,114.26761930575707,30.487513788650833,12964017242,11549712448,0.0,1.0
万象公裕,住宅,114.26330842056174,30.48781808554674,6914663506,12964017242,0.0,1.0
世茂云锦樱海园,住宅,114.27651734430587,30.47899319076173,9933449816,9933460549,0.0,1.0
南国都市2期东区,住宅,114.27460024317045,30.483276159864396,9933742405,9933742397,0.0,1.0
南国都市1期东区,住宅,114.2765721190809,30.48117153231946,3488332200,6914328318,0.0,1.0
南国都市1期,住宅,114.27698683804793,30.481037089686513,3488332200,6914328318,0.0,1.0
万象公裕B区,住宅,114.26195355849579,30.488528813682912,2398267843,2398267823,0.0,1.0
青青花园小区清馨楼,住宅,114.27086794391396,30.487560806098372,9933742347,11549712447,0.0,1.0
青青花园,住宅,114.27084895177728,30.487575820265707,9933742347,11549712447,0.0,1.0
龙湖·天璞,住宅,114.27208138292491,30.486944779788733,9933742347,11549712447,0.0,1.0
大丽上品,住宅,114.27651503137169,30.482656189342155,9933742405,9933742397,0.0,1.0
长江鑫都C区,住宅,114.26089560539764,30.489163313810472,8194866790,2398267839,0.0,1.0
长江鑫都,住宅,114.26152946245605,30.490188621752026,2398267893,2398267843,0.0,1.0
长江鑫都A区,住宅,114.26282427657745,30.490428687675728,2398267988,2398268002,0.0,1.0
长江鑫都B区,住宅,114.25961359050153,30.490022839565555,2398267927,8194866790,0.0,1.0
三桥社区玻璃钢小区,住宅,114.26117447570948,30.49041778372594,2398267893,2398267843,0.0,1.0
武汉城建·白沙嘉序(建设中),住宅,114.27234982159308,30.48016238547679,9933767033,9933767027,0.0,1.0
喜瑞都,住宅,114.28052526077754,30.4790763247616,11433472038,9933460517,0.0,1.0
龙湖天街A管公寓,住宅,114.28236047937683,30.48124935659816,7674713293,9933460526,0.0,1.0
龙湖·三千城,住宅,114.2842517330389,30.481085857049926,11433472048,11433472051,0.0,1.0
龙湖三千城光曜,住宅,114.2863008721702,30.47904155091499,11433472048,11433472019,0.0,1.0
清江锦城玥园,住宅,114.28637911125433,30.475326444415934,11433472046,2397257060,0.0,1.0
佳兆业·金域天下二期,住宅,114.28344030846664,30.48334433840341,6914401836,11433472051,0.0,1.0
原启城4期,住宅,114.28720587091831,30.479743059612467,1313971366,11433472019,0.0,1.0
清江锦城,住宅,114.28795511929934,30.479207113946973,7674713339,6914328310,0.0,1.0
佳兆业·金域天下一期,住宅,114.28615664890378,30.483354572106485,6914401839,11433472051,0.0,1.0
佳兆业·金域天下,住宅,114.28629650678995,30.48334237646373,6914401839,11433472051,0.0,1.0
清能清江锦城·玺园,住宅,114.28936476301567,30.477004620091623,7674713339,7674713340,0.0,1.0
烽胜路地铁光霞,住宅,114.2882166219811,30.48170604537208,6914328311,6914401838,0.0,1.0
清江1期,住宅,114.2898032072701,30.47773976069299,7674713339,7674713340,0.0,1.0
高邦-顺风安家,住宅,114.28665603707792,30.484492543680325,11433472052,2398267723,0.0,1.0
尚云楚府,住宅,114.28828842747825,30.483061565791964,6914401838,2398267725,0.0,1.0
鑫宇花园,住宅,114.27712720946235,30.48718622048773,2418603936,3523480831,0.0,1.0
佳兆业·金域天下三期,住宅,114.28937220781783,30.483360870287424,6914401837,6914401838,0.0,1.0
波光霞影B区,住宅,114.28608246053737,30.486424823314465,6914349258,2398267737,0.0,1.0
清江锦城·沁园,住宅,114.29222345567584,30.476998235657355,7674713341,11433472021,0.0,1.0
清能锦城·缦云观樾,住宅,114.29218032361267,30.479131724116936,7674713341,11433472021,0.0,1.0
建材新村,住宅,114.27803042692032,30.48857376409047,3523480836,14181729979,0.0,1.0
城中村改造H3地块,住宅,114.2918005299534,30.481985535538225,11433471985,11433471984,0.0,1.0
万象新城三区,住宅,114.2892511694848,30.485375492351203,11433472014,6914349242,0.0,1.0
车队小区,住宅,114.27589695003167,30.488530255089607,3523480836,14181729979,0.0,1.0
湖北第二师范学院职工住宅小区,住宅,114.2803115777228,30.489099814600937,14181729983,12880406469,0.0,1.0
青润家园南区,住宅,114.27671827104608,30.48985294369379,3523480836,14181729979,0.0,1.0
万象新城四区,住宅,114.29036782687656,30.486316541774872,11433472014,6914349242,0.0,1.0
万象新城,住宅,114.29065448436893,30.486467061653965,11433472000,11433472018,0.0,1.0
青润家园,住宅,114.27732378556979,30.490469064458757,7393389897,7393377012,0.0,1.0
中建铂公馆,住宅,114.27304462628979,30.489610043462186,6914663498,9933742364,0.0,1.0
武南铁路和谐佳苑,住宅,114.3000503505438,30.47678740042171,2389480346,1685339558,0.0,1.0
武汉铁路新村,住宅,114.30038979505117,30.47777254868201,1685339558,2389480346,0.0,1.0
学府家园小区,住宅,114.30046771118856,30.477488491099308,2389480346,1685339558,0.0,1.0
武南新村,住宅,114.30078832441868,30.476788125769684,5121388663,5121388658,0.0,1.0
洪山南湖P (2023) 044号地块,住宅,114.30135738464729,30.47842369359814,2389480346,1685339558,0.0,1.0
武南李家墩经济适用房,住宅,114.30138829237828,30.47898848605084,1685331223,1685339571,0.0,1.0
湖工南区教师公寓,住宅,114.30168800844096,30.477370402396048,2389480346,1685339558,0.0,1.0
湖北工业大学教师公寓,住宅,114.30386889300556,30.47717060831457,5121388663,5121388658,0.0,1.0
教工住宅区,住宅,114.30393985077468,30.476461673504573,5121388663,5121388658,0.0,1.0
湖北工业大学农机院宿舍楼,住宅,114.30122899546163,30.485033098811503,8507615444,8519925917,0.0,1.0
万象新城五区,住宅,114.2927519377273,30.487242582448808,6914401852,11433472000,0.0,1.0
万象新城二区,住宅,114.29138455412425,30.487403675034344,6914349257,6914401852,0.0,1.0
武汉广成智程4S店中铁十一局生活区,住宅,114.29100080187422,30.489734610365105,6914401853,6914349255,0.0,1.0
马湖新村C区,住宅,114.31220523847607,30.476924402136493,4742253069,7852937647,0.0,1.0
佰港城,住宅,114.31232197449974,30.47785093228325,4742253069,7852937647,0.0,1.0
马湖新村C区南区,住宅,114.3123880088159,30.476249241657207,4742253069,7852937647,0.0,1.0
马湖新村C区北区,住宅,114.31270638901724,30.477606276960394,4742253069,7852937647,0.0,1.0
中国电建生活区,住宅,114.310215001503,30.48096501574856,7154206675,11553895921,0.0,1.0
马湖新村,住宅,114.31504179930049,30.47614726395298,14029924693,14032063505,0.0,1.0
马湖新村B区,住宅,114.31545715335318,30.475917538300582,14029924693,14032063505,0.0,1.0
明泽·第6区,住宅,114.31419850895188,30.483523843845745,3198375046,11505079834,0.0,1.0
马湖新村A区,住宅,114.31821470547567,30.475880297564085,14032063463,14029924666,0.0,1.0
保利·心语,住宅,114.31783877636427,30.48210631904082,3198376161,11505182631,0.0,1.0
保利·心语南区,住宅,114.31849776297486,30.481462237771733,11505182630,3198375049,0.0,1.0
保利·心语6期,住宅,114.31854468573223,30.48147414482771,11505182630,3198375049,0.0,1.0
万青公寓,住宅,114.3197601569877,30.47628723239523,11505182629,14029924666,0.0,1.0
保利心语2期彼岸,住宅,114.32051082265073,30.477558450953083,3083960664,3198375047,0.0,1.0
保利·心语北区,住宅,114.31820408678723,30.483229311487904,3198376161,11505182631,0.0,1.0
彼岸别墅,住宅,114.32055862977634,30.478884998945045,3083960664,3198375047,0.0,1.0
保利·心语2期,住宅,114.32123662674108,30.477679027256563,3083960664,3198375047,0.0,1.0
南湖明泽丰苑,住宅,114.31955986455883,30.48343566199493,11505079834,11505182632,0.0,1.0
保利·心语4期,住宅,114.32129522238617,30.48124294224574,3198375047,10292793475,0.0,1.0
明泽丰华苑5区,住宅,114.31944491942114,30.484964457529927,11505182633,7154206658,0.0,1.0
南湖瑶苑,住宅,114.31604515058616,30.488148052563435,11505182800,7154206644,0.0,1.0
明泽丰华苑,住宅,114.3208037079426,30.484909870370146,9933461533,7154206670,0.0,1.0
拉德芳斯,住宅,114.30872345506408,30.490772035700957,4197007137,4197007139,0.0,1.0
芷岸龙庭,住宅,114.32700884801277,30.481513921417136,2401362952,10108965712,0.0,1.0
城市大厦计生委小区,住宅,114.33199178052173,30.481284525040557,10108965712,2401362913,0.0,1.0
南湖·狮山美庐,住宅,114.33296831640999,30.480097015314573,3587564114,3587564119,0.0,1.0
卫计委公寓,住宅,114.33213348552567,30.482058045428065,10108965712,2401362913,0.0,1.0
珞南雅居,住宅,114.33400668335912,30.479812150284836,8544145204,8544145212,0.0,1.0
锦华小区,住宅,114.33216335457242,30.483013725436535,2401362928,2401503891,0.0,1.0
丰华苑东区,住宅,114.32511152098418,30.48648217270857,11505182703,11505182704,0.0,1.0
丰华苑西区,住宅,114.32372477315127,30.486701768943096,11505182703,2401362993,0.0,1.0
丰华苑,住宅,114.32473208619919,30.487129718145006,11505182703,11505182704,0.0,1.0
天下南湖湾,住宅,114.33272135665793,30.484191350254054,9482275248,2401362943,0.0,1.0
金地·西岸故事,住宅,114.33149017134396,30.486089138938237,4742253060,9482275255,0.0,1.0
华大家园,住宅,114.32865365876563,30.48735416166215,4742253110,4742253142,0.0,1.0
健康楼,住宅,114.33072235707986,30.486712415226158,4742253142,4742253153,0.0,1.0
碧乐城,住宅,114.3360003724616,30.481613953778183,1145360194,1143453811,0.0,1.0
丰华苑北区,住宅,114.3253199996877,30.48855819014207,11505182697,11505182703,0.0,1.0
科普楼,住宅,114.33189846671014,30.486630217758815,4742253153,4742253142,0.0,1.0
马应龙小区南区,住宅,114.32097009382991,30.48886244349356,2401362993,2401363001,0.0,1.0
马应龙小区,住宅,114.3211308063951,30.489149054492227,2401362993,2401363001,0.0,1.0
华大家园A区,住宅,114.32779588635111,30.489318242680437,2401503893,2401503896,0.0,1.0
澜花语岸,住宅,114.33719534837114,30.48338426579921,2446646308,2446646296,0.0,1.0
马应龙小区北区,住宅,114.32139733276182,30.489587419580975,2401363001,2401362993,0.0,1.0
瑞湖天地2期,住宅,114.3366580973423,30.484418965673296,2446646308,8826256279,0.0,1.0
植物保护站小区,住宅,114.33460112749437,30.486851093880013,2401362946,4742253030,0.0,1.0
瑞湖天地,住宅,114.3370114970158,30.48497316198187,8826256279,2446646308,0.0,1.0
华中农业大学西苑小区,住宅,114.34031198141108,30.478478956417547,9344334991,1143453739,0.0,1.0
华中农业大学南苑小区,住宅,114.34599858801352,30.478913884320807,1145382385,1145388000,0.0,1.0
揽胜公园,住宅,114.33997199654837,30.484245982104557,2446646308,8826256279,0.0,1.0
瑞湖天地1期,住宅,114.33813773078636,30.485164048501684,2446646308,8826256279,0.0,1.0
泰然南湖玫瑰湾3期,住宅,114.34094831066577,30.48663456628317,8826256280,8826256280,0.0,1.0
深业泰雲府,住宅,114.33699936204344,30.48674468942083,8826256279,2446646308,0.0,1.0
泰然南湖玫瑰湾三期蓝玫苑,住宅,114.3402512904323,30.487487574718728,8826256280,8826256280,0.0,1.0
紫玫苑,住宅,114.34103808464133,30.487679112953007,8826256280,8826256280,0.0,1.0
泰然南湖玫瑰湾,住宅,114.34048391123783,30.48779407138193,8826256280,8826256280,0.0,1.0
锦南村小区,住宅,114.3357282855266,30.487543807913813,7018253638,7018253679,0.0,1.0
泰然南湖玫瑰湾1期,住宅,114.34174994833349,30.488468624547775,9476412290,2879254203,0.0,1.0
泰然南湖玫瑰湾2期,住宅,114.3377130462743,30.489104717882658,2879254203,2401363004,0.0,1.0
武警南湖小区,住宅,114.34272242711234,30.489341660749524,9476412290,2879254203,0.0,1.0
清水源三期,住宅,114.37674017088918,30.479268419519784,13570134431,6286565888,0.0,1.0
清水源,住宅,114.37721908416745,30.477869409130662,13570134431,6286565888,0.0,1.0
清水源二期,住宅,114.37761591927665,30.47786009418411,13570134431,6286565888,0.0,1.0
Y派花园,住宅,114.37764067766066,30.48051335108534,13570134431,6286565888,0.0,1.0
绣球山庄,住宅,114.37712482024658,30.481356533064478,13570134431,6286565888,0.0,1.0
清水源1期,住宅,114.37770763246189,30.4807192417335,13570134431,6286565888,0.0,1.0
政院小区,住宅,114.3786913869855,30.479197899839075,13570134431,6286565888,0.0,1.0
政苑社区,住宅,114.37933302451734,30.480779992750506,13570134431,6286565888,0.0,1.0
东林外庐西畴园,住宅,114.38928426906422,30.476416915438627,6915679323,6915679315,0.0,1.0
东林外庐东篱园,住宅,114.38961920281456,30.47764647634053,6915679323,6915679315,0.0,1.0
东林外庐桑竹园,住宅,114.38933535921207,30.475451159082265,6915679323,6915679315,0.0,1.0
东林外庐,住宅,114.39016834624852,30.476904512879027,6915679323,6915679315,0.0,1.0
东林外庐南山园,住宅,114.39009820215018,30.47843211896385,6915679323,6915679315,0.0,1.0
广发乌托邦,住宅,114.38978601644378,30.480039773346455,6915679323,6915679315,0.0,1.0
东林外庐池渊庭,住宅,114.39064242564625,30.476905381028978,6915679323,6915679315,0.0,1.0
东林外庐芳华园,住宅,114.3904845340107,30.475345844265515,6915679323,6915679315,0.0,1.0
东林外庐爱庐园,住宅,114.39122941804926,30.478290855738553,6915679323,6915679315,0.0,1.0
云顶居,住宅,114.39119727922434,30.479806450538547,6915679323,6915679315,0.0,1.0
山水华庭,住宅,114.39081210273685,30.480963230884036,6915679323,6915679315,0.0,1.0
云顶居3期,住宅,114.3919864490311,30.479889248689307,6915679323,6915679315,0.0,1.0
正荣紫阙台1期,住宅,114.39318685859642,30.478939286482312,6915679323,6915679315,0.0,1.0
海居地产(清江山水西店),住宅,114.39302616034601,30.474931396284877,6915679323,6915679315,0.0,1.0
清江山水3.3期,住宅,114.39355613160882,30.477121724301217,6915679323,6915679315,0.0,1.0
江南家园三期,住宅,114.39232438103545,30.48164269926573,6915679323,6915679315,0.0,1.0
清江山水3.2期,住宅,114.39351231897055,30.474813352564983,6915679323,6915679315,0.0,1.0
清江山水,住宅,114.39438954259249,30.475651017284058,6915679323,6915679315,0.0,1.0
江南家园一期,住宅,114.39212918007037,30.483376259904432,6915679323,6915679315,0.0,1.0
清江山水九程,住宅,114.39481131787318,30.48001679177457,6915679323,6915679315,0.0,1.0
清江山水1.2期,住宅,114.39531876166485,30.47721151581477,6915679323,6915679315,0.0,1.0
正荣光谷紫阙台,住宅,114.39417991634028,30.4819803172884,6915679323,6915679315,0.0,1.0
江南家园,住宅,114.39295238837097,30.4835360621877,6915679323,6915679315,0.0,1.0
清江山水1.1期,住宅,114.39644026576701,30.47699152857851,8910280582,1145214740,0.0,1.0
E城6期,住宅,114.39648806135294,30.479588822012055,6915679323,6915679315,0.0,1.0
江南家园二期,住宅,114.39432774014627,30.48459857612003,1150768887,2418522238,0.0,1.0
曙光星城D区,住宅,114.39541826307816,30.483393817044647,1150768887,2418522238,0.0,1.0
曙光星城C区,住宅,114.39693178855867,30.485125292742108,1150768887,2418522238,0.0,1.0
星寰视界,住宅,114.40024026169196,30.478239443091912,1150821136,11733956990,0.0,1.0
长城坐标城G区,住宅,114.40482489295847,30.476715015271093,1150821136,11733956990,0.0,1.0
光谷软件园4期,住宅,114.40343834692348,30.48103838827397,1150821136,11733956990,0.0,1.0
中建大公馆二期,住宅,114.39914018707206,30.48273207366297,5758622278,7281878528,0.0,1.0
中建大公馆三期,住宅,114.40169986329049,30.482804459708337,5758622278,7281878528,0.0,1.0
长城坐标城三期尚馆,住宅,114.40559126869174,30.48029932617112,1150821136,11733956990,0.0,1.0
中建大公馆,住宅,114.40360732773254,30.48283494379061,13378938076,1150821221,0.0,1.0
长城坐标城D区,住宅,114.40726519700826,30.476594049083705,1150821136,11733956990,0.0,1.0
童馨楼,住宅,114.40698302455566,30.475352254178745,1150821136,11733956990,0.0,1.0
中建大公馆四期,住宅,114.401702689317,30.48482390047387,5758622278,7281878528,0.0,1.0
中建大公馆一期,住宅,114.39972833138872,30.48517946236122,5758622278,7281878528,0.0,1.0
长城坐标城A区,住宅,114.40776635112931,30.48066118139194,13378938074,13378938075,0.0,1.0
长城坐标城C区,住宅,114.4088286583182,30.478503313923515,1150821136,11733956990,0.0,1.0
江城雅居1期,住宅,114.40747793756202,30.482033665519488,13378938076,1150821221,0.0,1.0
江城雅居,住宅,114.40730472468019,30.482473462737943,13378938076,1150821221,0.0,1.0
融科天域1期,住宅,114.40614444047318,30.484239462514065,13378938076,1150821221,0.0,1.0
长城坐标城I区,住宅,114.41000497791191,30.478347017450247,1150821136,11733956990,0.0,1.0
光谷坐标城9期,住宅,114.41004901981194,30.47844301731631,1150821136,11733956990,0.0,1.0
融科天域,住宅,114.40778210545277,30.48366836040977,13378938076,1150821221,0.0,1.0
万科城花璟苑5期,住宅,114.41044973383246,30.475544041421408,1150821136,11733956990,0.0,1.0
长城坐标城H区,住宅,114.41020502815786,30.480401575628857,13378938074,13378938075,0.0,1.0
北辰光谷里2期,住宅,114.40939794751185,30.48234157505466,13378938076,1150821221,0.0,1.0
长城社区,住宅,114.41071969103426,30.47966309099233,13378938074,838320725,0.0,1.0
金地·格林东郡,住宅,114.40021041446758,30.487736813451463,5758622278,7281878528,0.0,1.0
北辰光谷里-南区,住宅,114.41029495792968,30.482399080635755,13378938076,1150821221,0.0,1.0
曙光星城,住宅,114.39719867733501,30.487902518054966,5758622278,7281878528,0.0,1.0
旭辉千山凌云1期,住宅,114.41196517459498,30.47989783469177,13378938074,838320725,0.0,1.0
曙光星城B区,住宅,114.39746977867712,30.48830741006792,5758622278,7281878528,0.0,1.0
旭辉千山岭云,住宅,114.4124019208949,30.477594761251947,13378938074,838320725,0.0,1.0
北辰光谷里-北区,住宅,114.41053216336051,30.483202002821812,13378938076,1150821221,0.0,1.0
北辰光谷里C区,住宅,114.41109988254115,30.482642512203668,13378938076,1150821221,0.0,1.0
旭辉千山凌云2期,住宅,114.41374451169798,30.479292275011517,13378938074,838320725,0.0,1.0
侨德·公寓,住宅,114.39591894512333,30.48946209335667,1150768887,2418522238,0.0,1.0
旭辉千山凌云,住宅,114.4142030571022,30.480087409477687,13378938074,838320725,0.0,1.0
旭辉千山凌云3期,住宅,114.41663839466574,30.481277108473467,13378938076,1150821221,0.0,1.0
Free阁调,住宅,114.41359742064537,30.489593302456477,4525399322,4525399362,0.0,1.0
阁调小区,住宅,114.41280135868467,30.48989163522321,4525399322,4525399362,0.0,1.0
关山春晓翠竹苑,住宅,114.41121338574202,30.4899125518065,4525399322,4525399362,0.0,1.0
东湖高新区关东街关南社区,住宅,114.4277405909223,30.483702985916377,12463139053,12463139016,0.0,1.0
关山春晓瑞庭苑,住宅,114.40893878538694,30.489899209782585,4525399322,4525399362,0.0,1.0
招商蛇口武汉城建未来中心·雅筑,住宅,114.1688742523056,30.49078873062981,5535918115,4519138593,0.0,1.0
神龙国际青年公寓,住宅,114.16946643235211,30.496903088885936,5535918115,4519138593,0.0,1.0
香槟城,住宅,114.17389496581501,30.49943462814063,5535918115,4519138593,0.0,1.0
经开绿城·柳岸春晓,住宅,114.16947735505049,30.498153746111694,5535918115,4519138593,0.0,1.0
万科翡翠玖玺1期,住宅,114.17619138547981,30.501057402982404,5535918115,4519138593,0.0,1.0
蔚然B地块,住宅,114.16449825770259,30.494475450882877,5535918115,4519138593,0.0,1.0
宁康园,住宅,114.16496135423517,30.497287509176566,3683236537,3578548936,0.0,1.0
万科翡翠玖玺,住宅,114.17400305925021,30.501923098344584,7706784990,4519138598,0.0,1.0
招商未来中心1期,住宅,114.16334504431461,30.493023700872158,5535918115,4519138593,0.0,1.0
武汉城建招商蛇口未来中心·蔚然,住宅,114.16327175847333,30.49386832140511,5535918115,4519138593,0.0,1.0
万科翡翠玖玺2期,住宅,114.17329587893849,30.50367126618134,4836121181,4835991673,0.0,1.0
湘隆时代A区,住宅,114.16272774501714,30.498897845430655,3683236537,3578548936,0.0,1.0
神龙金湖单身公寓,住宅,114.16108519519382,30.496610433795485,3683236537,3578548936,0.0,1.0
安康园,住宅,114.16125955900606,30.49821329452645,3683236537,3578548936,0.0,1.0
神龙金湖单身公寓北楼,住宅,114.16063686066715,30.497067463368065,3683236537,3578548936,0.0,1.0
招商蛇口城建未来中心·樾府,住宅,114.15954102384096,30.49336148694681,3683236537,3578548936,0.0,1.0
禹洲·朗廷元著K1区,住宅,114.19634363798242,30.50150087553463,5535918115,4519138593,0.0,1.0
禹洲·朗廷元著,住宅,114.19553350724225,30.502750248975865,5535918115,4519138593,0.0,1.0
禹洲·朗廷元著K2区,住宅,114.19492990216654,30.503759003930384,5535918115,4519138593,0.0,1.0
永合社区,住宅,114.19422607255376,30.50431772509679,5535918115,4519138593,0.0,1.0
美力城,住宅,114.20781285338475,30.494947920767153,9424855168,9424855166,0.0,1.0
汉阳区洲头街道合作新村,住宅,114.21118886159245,30.495463854078245,9424855169,9424855168,0.0,1.0
葛洲坝紫郡蘭园,住宅,114.21847243630154,30.498359643793936,9424855167,5535918109,0.0,1.0
沌口街道永和社区,住宅,114.21914972322163,30.497158616270696,7706785246,1313895558,0.0,1.0
江韵社区,住宅,114.22186258150496,30.49368896022998,13093723809,13093723808,0.0,1.0
金地兰亭大境K2地块,住宅,114.22296151650222,30.49169240895241,13093723808,13093723809,0.0,1.0
金地兰亭大境K1地块,住宅,114.22342803418744,30.494209049556574,13093723808,13093723809,0.0,1.0
金地兰亭长江序,住宅,114.22529405087644,30.49222398346167,13430076754,13430072742,0.0,1.0
汉阳·即刻里,住宅,114.22470087373085,30.495576600525876,1148953475,1148953479,0.0,1.0
金地长江峯范,住宅,114.22601092226496,30.494364862729007,13430076754,13430072742,0.0,1.0
老关社区,住宅,114.22870340908122,30.49767759116789,11270744106,7705322762,0.0,1.0
中国电建地产·洺悦江湾,住宅,114.22800034601393,30.498932810210697,11270744106,7705322762,0.0,1.0
武汉国博新城融江府,住宅,114.22401228339282,30.501861262973712,7706784991,7706785247,0.0,1.0
武汉国博新城和江府,住宅,114.22245069959553,30.50336961308047,5535918623,5535918628,0.0,1.0
武汉国博新城国博诚寓,住宅,114.22567069949685,30.502802170986097,4540474332,7706784991,0.0,1.0
国博城·盛江府,住宅,114.21971405906243,30.504565947270894,5535918632,4835990296,0.0,1.0
飞龙居,住宅,114.2294500840046,30.501365933660416,11270744077,11270744117,0.0,1.0
绿城金地凤起听澜E5,住宅,114.23201317583336,30.50288477833894,11270744096,9959339447,0.0,1.0
绿城金地凤起听澜,住宅,114.2318018937222,30.50320158702962,11270744096,9959339447,0.0,1.0
绿城金地凤起听澜E4,住宅,114.23074356340193,30.503485989713564,9959339447,11270744096,0.0,1.0
长江鑫都D区,住宅,114.26134031728918,30.49209320171363,3527724425,9933460530,0.0,1.0
三桥社区林机小区,住宅,114.2616890540087,30.494757213207965,9933742351,8197523799,0.0,1.0
花样年锦绣城A区,住宅,114.26412060966088,30.495449324345387,8197523799,6914663491,0.0,1.0
城建天惠园,住宅,114.26488678610599,30.491381914479856,10665081708,9933742351,0.0,1.0
花样年锦绣城,住宅,114.26485948840386,30.494927919941304,8197523799,6914663491,0.0,1.0
外教公寓,住宅,114.26551952812262,30.492514100777,11549712453,10665081708,0.0,1.0
富强天惠园-东区,住宅,114.2655555879452,30.49170430342597,11549712453,10665081708,0.0,1.0
花样年锦绣城B区,住宅,114.2659862563537,30.494175253772752,8197523799,6914663491,0.0,1.0
白沙洲花园1期,住宅,114.26536933187248,30.495263429268242,8197523799,6914663491,0.0,1.0
菁英城2期,住宅,114.26987109134357,30.491216721635215,11549712452,11549712451,0.0,1.0
菁英城,住宅,114.27095843230803,30.493010173363782,9933742369,12964017243,0.0,1.0
城投联投誉江南B区,住宅,114.26755347871189,30.497420015155008,9213687000,10665081710,0.0,1.0
菁英城1期,住宅,114.27099839483971,30.493220074420247,9933742369,12964017243,0.0,1.0
城投联投誉江南,住宅,114.26784834611472,30.497740667738263,6880333190,6880333198,0.0,1.0
城投联投誉江南A区,住宅,114.26862400755698,30.498269830895815,6880333190,6880333198,0.0,1.0
城联投·樾江府,住宅,114.2673173947406,30.4993486541671,6880333190,6880333198,0.0,1.0
中建铂公馆一期,住宅,114.27244196896936,30.48951369112459,6914663498,9933742364,0.0,1.0
中建铂公馆二期,住宅,114.27423071151071,30.492128073011,9933742369,12964017243,0.0,1.0
中南管道小区,住宅,114.27504693653675,30.495195303413432,7393377075,7393389895,0.0,1.0
长利小区,住宅,114.2762243296228,30.49316356744537,7393377075,7393389895,0.0,1.0
紫电星空,住宅,114.27554354090012,30.496036508951388,9741448747,14181729993,0.0,1.0
青润家园西区,住宅,114.27626451332604,30.49070422300591,3523480836,14181729979,0.0,1.0
武焦和谐小区,住宅,114.27634906271736,30.49527181905406,7393377075,7393389895,0.0,1.0
青菱小学教工楼,住宅,114.27771339430271,30.491702254554248,7393377012,7393377029,0.0,1.0
青润家园北区,住宅,114.27768448866672,30.4908525305613,7393377012,7393377029,0.0,1.0
武焦小区,住宅,114.2777973373648,30.49164117240995,7393377012,7393377029,0.0,1.0
堤后街社区(八坦北巷),住宅,114.27030887849045,30.503038876577545,7393389921,8194866803,0.0,1.0
万科云城,住宅,114.27779483519603,30.49750648719532,7393377039,7393377023,0.0,1.0
建材社区新材小区,住宅,114.2792911320481,30.49230217718402,7393377012,7393377029,0.0,1.0
保利新武昌·锦园,住宅,114.28314765320742,30.494132689435045,7393377062,7393377026,0.0,1.0
白沙洲大道138号小区,住宅,114.28062869630531,30.496269363021433,14181729975,9216224483,0.0,1.0
烽火·祺福青塆,住宅,114.28272991147345,30.495593826289333,9216224483,9216224485,0.0,1.0
复地悦城一期,住宅,114.28467528831358,30.493116900384518,14181729963,7674713296,0.0,1.0
保利新武昌K6地块,住宅,114.28408170506404,30.49493619356965,9216224485,1313971587,0.0,1.0
祈福青湾,住宅,114.28155984406457,30.49689598604005,9216224483,9216224485,0.0,1.0
波光霞影,住宅,114.28520093383979,30.491227709346862,7393377026,7393389907,0.0,1.0
物管小区,住宅,114.28155977964772,30.497645768286866,9216224486,9216224482,0.0,1.0
保利·锦上,住宅,114.27966328006508,30.49874285688386,7393389925,7393377039,0.0,1.0
保利上城西区,住宅,114.28359992402372,30.497703047550605,9216224486,9216224482,0.0,1.0
保利·星奕,住宅,114.28622652472609,30.495592012293777,9216224485,1313971587,0.0,1.0
天工小区,住宅,114.28261576388473,30.498518128893444,7393377011,1501481915,0.0,1.0
复地悦城,住宅,114.28763526297091,30.49314268689052,14181729962,2398268146,0.0,1.0
复地悦城K2地块,住宅,114.28760424175049,30.493773551226926,14181729962,2398268146,0.0,1.0
保利上城,住宅,114.2847647742795,30.498076343902643,9216224490,9216224486,0.0,1.0
星屿,住宅,114.2883536745031,30.490988247322992,6914349255,14181729965,0.0,1.0
白沙雅舍,住宅,114.28024367014922,30.50031267123507,1149116855,6914663495,0.0,1.0
汉悦公寓江国路店,住宅,114.28025565987234,30.500316654963974,1149116855,6914663495,0.0,1.0
保利上城东区,住宅,114.2861354059961,30.498054427489926,9216224490,9216224486,0.0,1.0
保利新武昌5期,住宅,114.28710446809784,30.49728826162974,9216224480,6914425470,0.0,1.0
保利上城·首座,住宅,114.2844899207799,30.49948431232166,2398268331,9216224490,0.0,1.0
保利新武昌1区,住宅,114.28815345717334,30.4960370943824,13132271607,6914425471,0.0,1.0
烽胜路崇文兰庭H11地块,住宅,114.28761591001533,30.49748346234276,9216224480,6914425470,0.0,1.0
楚天·雅苑,住宅,114.28968586873904,30.494830159186122,2398268146,13132271609,0.0,1.0
复地悦城二期,住宅,114.29033328017938,30.493126666898352,14181729959,14181729962,0.0,1.0
保利上城三期商场,住宅,114.28660477844718,30.49973826583646,9216224490,9216224480,0.0,1.0
新江南花木城A区,住宅,114.27949611350809,30.50224603515191,9741462927,6914663494,0.0,1.0
烽火崇文兰庭西区,住宅,114.2876516820355,30.49968876649333,9216224490,9216224480,0.0,1.0
烽火·崇文兰庭,住宅,114.2895046834612,30.499347120481907,13132271608,12061869330,0.0,1.0
保利新武昌K4地块,住宅,114.29099814021978,30.49745439961024,13132271608,12061869330,0.0,1.0
烽火崇文兰庭-东区,住宅,114.28953364262935,30.49944404853667,10080986071,7674713382,0.0,1.0
锦绣江城2期,住宅,114.2874257776521,30.501369601642928,13883595219,13883595228,0.0,1.0
新A区,住宅,114.2845064912208,30.50428987111309,6914663495,1195044787,0.0,1.0
五金新区,住宅,114.2881528768797,30.502785120100942,10080986072,10080986070,0.0,1.0
烽火社区,住宅,114.29170408110392,30.50013652382109,10080986071,7674713382,0.0,1.0
红旗欣居C区南区,住宅,114.29955241242979,30.495622989187886,9216130999,13895047478,0.0,1.0
红旗欣居C区,住宅,114.29926668541,30.496995080286975,9216130999,13895047478,0.0,1.0
南湖红旗新居,住宅,114.29958920273285,30.497468391227475,9216130999,13895047478,0.0,1.0
红旗欣居,住宅,114.29910065664193,30.499955499620338,9481522277,9216130999,0.0,1.0
七一二所社区,住宅,114.30388126365102,30.49584236024901,4182794769,13895047468,0.0,1.0
世茂云锦,住宅,114.2946493867735,30.501255518822017,13894048700,9481522251,0.0,1.0
世茂云锦瑰海园,住宅,114.2946493867735,30.501255518822017,13894048700,9481522251,0.0,1.0
红旗社区,住宅,114.2992154028332,30.501082972630197,9216131000,9481522268,0.0,1.0
南湖军威院,住宅,114.30628574280455,30.495476144033663,13894791909,13894791882,0.0,1.0
东原晴天见,住宅,114.30183974640347,30.501097431700103,7674713391,9067266445,0.0,1.0
军威苑小区,住宅,114.30678293597205,30.496177038211485,13894791882,13894791902,0.0,1.0
南湖东园,住宅,114.30253474123987,30.501262163019938,13898715926,7674713391,0.0,1.0
军威苑A区,住宅,114.30737808277844,30.49565510417382,13894791909,13894791882,0.0,1.0
汽校一村,住宅,114.30561843980554,30.498932346995648,7674713389,13895047508,0.0,1.0
武汉拉德芳斯影院公寓,住宅,114.30787770472764,30.491255452031247,11505079840,4742253122,0.0,1.0
汇东·南湖新村西区,住宅,114.30387676422158,30.501702656329922,9216150521,13898715925,0.0,1.0
诚信楼,住宅,114.30869221908875,30.494057154352795,4197007138,4197007139,0.0,1.0
金地圣爱米伦2期,住宅,114.30863820603075,30.49516593448797,4742253122,13898715901,0.0,1.0
汇东·南湖新村,住宅,114.30426918824253,30.501735946536307,7674713370,837956951,0.0,1.0
金地圣爱米伦,住宅,114.30959093601892,30.492904825624173,4197007139,4197007137,0.0,1.0
天地雅园,住宅,114.30615847870786,30.500737841090274,837956968,837956951,0.0,1.0
阳光上城,住宅,114.30401048163746,30.502717118233182,13898715925,13898715924,0.0,1.0
红旗欣居B区,住宅,114.30132020264855,30.50432338383803,837957265,9216131000,0.0,1.0
汇东·南湖新村东区,住宅,114.30546941417167,30.501791775950032,837956951,837956968,0.0,1.0
文明楼,住宅,114.30960767058173,30.495676997173266,4742253122,13898715901,0.0,1.0
保利·中央公馆四期,住宅,114.3139487657066,30.49671757478285,2401363080,9216150682,0.0,1.0
南湖成功花园B区,住宅,114.3088885093085,30.4987864221511,2401363086,2401363094,0.0,1.0
武汉保利中央公馆城市服务站,住宅,114.31539040516046,30.497364658372632,9216150646,2401363116,0.0,1.0
南湖成功花园,住宅,114.3096811754939,30.500090575592576,4742252600,4534994969,0.0,1.0
宝安·美约河,住宅,114.3089293141097,30.50031989772537,13898715923,837956972,0.0,1.0
南湖成功花园A区,住宅,114.31016535733806,30.500880445671513,4534994969,2401390730,0.0,1.0
采荷居,住宅,114.31393949278878,30.500042622152304,2401390710,9481522243,0.0,1.0
南国花郡,住宅,114.30788683690506,30.50113857346123,13898715923,837956972,0.0,1.0
海逸新居,住宅,114.30914282942214,30.50212997051238,4534994969,2401390730,0.0,1.0
如院,住宅,114.32058710680109,30.4959341562403,7154206618,7154206627,0.0,1.0
南湖名都B区,住宅,114.31258245085847,30.50228551689231,2401390735,2401390730,0.0,1.0
招商·雍华府,住宅,114.31654425851113,30.500718485126434,1148784411,9216150679,0.0,1.0
缤购城小区,住宅,114.3063540176429,30.502686911472324,13898715924,13898715923,0.0,1.0
德华楼(南湖名都店),住宅,114.31252347391576,30.503095387859833,2401390748,3717829106,0.0,1.0
汀香美域,住宅,114.30539243621638,30.50285859925693,13898715924,837956951,0.0,1.0
南湖新城家园,住宅,114.32238740994543,30.493085524925856,14161656087,14161656085,0.0,1.0
恺德·熹园,住宅,114.31619169021809,30.502295690681724,2401208952,1148784425,0.0,1.0
华锦花园2期,住宅,114.30951308713522,30.50411569743395,2401390749,13898715888,0.0,1.0
大华南湖公园世家3期,住宅,114.32218640476187,30.49694179814177,7154206618,2482878600,0.0,1.0
南湖名都A区,住宅,114.31862384386997,30.501262358140533,1148784425,3523329189,0.0,1.0
君悦阁,住宅,114.3155775984119,30.503213585471798,2401208952,1148784425,0.0,1.0
华锦花园4期,住宅,114.3131414168346,30.50401595286194,2401390748,3717829106,0.0,1.0
亿诚世家,住宅,114.30478126178078,30.503757431346155,1195044782,9216150520,0.0,1.0
旭缘安居,住宅,114.31701231092265,30.50293493953394,1148784425,2401208952,0.0,1.0
华锦花园物业,住宅,114.31002322179373,30.504997489575345,2401390801,2401390795,0.0,1.0
虹顶家园,住宅,114.30660645815125,30.504778831610597,2401390751,1195044782,0.0,1.0
华锦花园,住宅,114.31158279009533,30.50499258611002,2401390789,2401390804,0.0,1.0
大华三期西区,住宅,114.32220419932295,30.49897617126138,4534994703,4534994699,0.0,1.0
金地·格林小城梦茵区五区,住宅,114.32081731535763,30.500729316156193,13924076100,3523329190,0.0,1.0
保利·公园九里5期,住宅,114.30422497536425,30.50495007191899,1195044782,13898716006,0.0,1.0
鸿城家园,住宅,114.32564212615124,30.49255143933792,2401503901,13132234721,0.0,1.0
鸿城家园南区,住宅,114.32567214922332,30.491718619691728,13132234721,2401503901,0.0,1.0
鸿城家园北区,住宅,114.32564607045784,30.493119269237337,2401503901,13132234721,0.0,1.0
大华南湖公园世家,住宅,114.32639457088591,30.49628892383881,4534995043,2482878628,0.0,1.0
大华南湖公园世家2期,住宅,114.32698862031822,30.496051857050315,4534995043,2482878628,0.0,1.0
珞珈雅苑,住宅,114.33031362907415,30.491200921462667,6450708534,6450708520,0.0,1.0
福德楼,住宅,114.32566855984976,30.498582645771034,3214727128,1148784409,0.0,1.0
大华南湖公园世家1期,住宅,114.33128166499688,30.495796771743006,4534995013,4534994864,0.0,1.0
紫菘珞狮花园,住宅,114.33254293603615,30.492332391889136,6450708506,6450708517,0.0,1.0
邻莱江南阁,住宅,114.32352699660221,30.499398510865756,4534994997,13924076105,0.0,1.0
金地·格林小城莱茵区五区,住宅,114.32677769364098,30.49918034956413,2741993977,2741897799,0.0,1.0
金地·格林小城梦茵区一区,住宅,114.32340319088738,30.499496719512585,4534994997,13924076105,0.0,1.0
金地·格林小城莱茵区二区,住宅,114.32878446221758,30.49869066526556,2741993977,2741897822,0.0,1.0
珞珈雅苑二期,住宅,114.33313606794442,30.491385548963333,2401363015,7018253638,0.0,1.0
金地·格林小城莱茵区,住宅,114.32782893616731,30.49964920520259,2741897822,2741897836,0.0,1.0
金地·格林小城梦茵区二区,住宅,114.32418680065022,30.500725856308712,3523330469,3523330473,0.0,1.0
金地·格林小城梦茵区,住宅,114.32251154228561,30.500752061018662,3523330484,3523330412,0.0,1.0
金地·格林小城莱茵区三区,住宅,114.32690036341008,30.500675676506166,2741897857,2741897836,0.0,1.0
金地·格林小城梦茵区特一区,住宅,114.32239572736263,30.500804267773766,3523330412,3523330484,0.0,1.0
金地·格林小城莱茵区一区,住宅,114.32923561398769,30.50000842146379,2741897857,2741897836,0.0,1.0
金地·格林小城,住宅,114.32630029953044,30.501194670857483,2741897836,2741897799,0.0,1.0
明泽丽湾,住宅,114.33488522717155,30.49203209982517,2401363005,1277041547,0.0,1.0
金地·格林小城梦茵区三区,住宅,114.32169876814467,30.50195526502766,3523330407,3523330399,0.0,1.0
金地·格林小城美茵区7区,住宅,114.32792158005526,30.502011333474,2739341931,2739341916,0.0,1.0
金地格林区,住宅,114.33054037142459,30.501459519484655,13924076134,7281789562,0.0,1.0
明泽·半岛尊邸,住宅,114.33617589248414,30.495475720620988,5996496903,1277041547,0.0,1.0
金地·格林小城美茵区9区,住宅,114.32632111630684,30.502914123002135,2739341916,2739341915,0.0,1.0
武昌府一期,住宅,114.3233719391431,30.502990749921434,4534994915,9722186847,0.0,1.0
金地·格林小城美茵区特1区,住宅,114.32997124700627,30.50199543973061,2739341931,2739341941,0.0,1.0
金地·格林小城美茵区6区,住宅,114.32764495354307,30.502908595635034,2739341916,2739341931,0.0,1.0
金地·格林小城美茵区5区,住宅,114.32884702235667,30.502585400944692,2739341931,2739341916,0.0,1.0
金地·格林小城美茵区,住宅,114.32833481494254,30.503064234259103,2739341931,2739341916,0.0,1.0
佳和龙苑,住宅,114.32201810966168,30.5035241880375,7154206605,9722186847,0.0,1.0
金地·格林小城美茵区1区,住宅,114.33048634914428,30.502723248316606,13924076134,7281789562,0.0,1.0
金地·格林小城美茵区2区,住宅,114.32946194630073,30.50346297179059,2739341931,2739341919,0.0,1.0
武昌府三期,住宅,114.32073817095637,30.503887533924715,7154206605,9722186847,0.0,1.0
金地·格林小城美茵区3区,住宅,114.32787148962285,30.503994841046232,2739341919,2739341906,0.0,1.0
金地·格林小城美茵区8区,住宅,114.32663947150935,30.504345089238218,2739341906,2739341905,0.0,1.0
佳和龙苑A区,住宅,114.32175247086315,30.504371445502134,7154206605,9722186847,0.0,1.0
梅荷苑,住宅,114.33871135249187,30.490840407314188,2401363004,2879254203,0.0,1.0
武昌府二期,住宅,114.32320604667433,30.50488450496393,7154206605,7154206611,0.0,1.0
武昌府,住宅,114.3225101528307,30.505270724290767,7154206605,13924076141,0.0,1.0
南湖雅园,住宅,114.33559028097797,30.50160801250203,2877898314,2877898311,0.0,1.0
南湖山庄2期,住宅,114.34097490030308,30.4908933168678,9476412290,2879254203,0.0,1.0
南湖山庄·半岛花园,住宅,114.3418484803766,30.492157403100293,4742253089,9476409414,0.0,1.0
丽湖花园,住宅,114.33694914230436,30.501681484884855,8526783240,2877898303,0.0,1.0
桂园一号,住宅,114.33913667130554,30.502661205942303,1145360212,5997379336,0.0,1.0
兰园A座,住宅,114.33952601174647,30.503392285482054,1145360212,5997379336,0.0,1.0
丽岛花园兰园,住宅,114.3401470647661,30.503401164511857,1145360212,5997379336,0.0,1.0
兰园C座,住宅,114.34067423219595,30.50379010388524,5997379337,5997379336,0.0,1.0
丽岛花园橘园,住宅,114.34288893463074,30.503669213815105,7154206578,7154206590,0.0,1.0
丽岛紫园,住宅,114.33819399766176,30.504100490696338,2877898282,2877898295,0.0,1.0
紫檀苑,住宅,114.33767877896267,30.504295373026217,2877898282,2877898295,0.0,1.0
鸿湖景天,住宅,114.33423825573576,30.50352095843117,2401363141,2877898290,0.0,1.0
丽岛花园樱园,住宅,114.34079998124628,30.50449167025445,1150751864,1150752185,0.0,1.0
丽岛花园枫园,住宅,114.34217591551509,30.504536211691853,7154206578,7154206590,0.0,1.0
文佳巷15号,住宅,114.33460562204165,30.504098102546617,2877898282,2877898295,0.0,1.0
龙威小区,住宅,114.33715054527343,30.504934150008395,2877898282,2877898295,0.0,1.0
文佳巷1号公寓,住宅,114.33796227355069,30.505051629775902,2877898282,2877898295,0.0,1.0
狮龙花苑,住宅,114.33922631696416,30.505155302135154,2401363152,2877898282,0.0,1.0
中建·南湖壹号,住宅,114.34405711952469,30.504856820353993,8526783238,7154206578,0.0,1.0
丽岛花园竹园,住宅,114.34170453794147,30.50546177002281,2401363147,7154206680,0.0,1.0
北港教师小区,住宅,114.33310597674728,30.504502783272844,13924076174,2877898285,0.0,1.0
南湖半岛,住宅,114.35814629641273,30.49932199940235,4750189175,13712749630,0.0,1.0
城投·瀚城南2区,住宅,114.36262969891544,30.498188209269856,1150752129,4750189175,0.0,1.0
珞桂社区,住宅,114.35223116753171,30.501905130678743,3083960668,1150752044,0.0,1.0
绿城桂湖雲翠,住宅,114.35535826882608,30.50222222828873,10087289746,1150752044,0.0,1.0
保利大都会·尚湖,住宅,114.3607813424237,30.500665938201063,13712749556,13712749626,0.0,1.0
城投瀚城,住宅,114.36432900321546,30.49916475671406,7281964608,7281964582,0.0,1.0
保利蓝海郡洋房,住宅,114.3672278558556,30.49491749966281,6220274469,1150752129,0.0,1.0
护工邻坊,住宅,114.35730187549171,30.50361294897392,1150752044,10087289746,0.0,1.0
城投·瀚城璞岸,住宅,114.36672297923823,30.49828411195073,6220274469,1150752129,0.0,1.0
安康公寓(省肿瘤医院店),住宅,114.35938755169114,30.50370095657237,13712720706,13712749557,0.0,1.0
万科翡翠云台,住宅,114.35505143994243,30.504484018362174,1150752044,10087289746,0.0,1.0
保利蓝海郡,住宅,114.36851678574637,30.49545587876974,1150752129,6220274469,0.0,1.0
湖北省肿瘤医院家属区,住宅,114.35825070124841,30.504811228351457,10087289746,1150752044,0.0,1.0
泉盛花园,住宅,114.35763836357889,30.505098020281213,10087289746,1150752044,0.0,1.0
城投瀚城摩卡公馆,住宅,114.36526492209877,30.501868805855445,1150752241,13717675246,0.0,1.0
瀚城汇,住宅,114.36476831464245,30.50246623923233,1150752241,13717675246,0.0,1.0
牛奶厂宿舍,住宅,114.37001276591116,30.4944175464359,6220274469,6286565888,0.0,1.0
中博南湖康城,住宅,114.37089215727414,30.494363638096214,6220274469,6286565888,0.0,1.0
南湖·锦园,住宅,114.37015746646995,30.496668742019835,6220274469,1150752129,0.0,1.0
南湖锦城-南区,住宅,114.37249693244395,30.49645341743222,13570134431,4580519154,0.0,1.0
华中科学生态城·嘉悦府,住宅,114.36935194326418,30.49788725314044,6220274469,1150752129,0.0,1.0
华中科学生态城·嘉园里,住宅,114.37126861372916,30.49768628890353,6220274469,1150752129,0.0,1.0
南湖锦城,住宅,114.37358611682201,30.498351819425757,4580519154,13570134512,0.0,1.0
南湖锦城-北区,住宅,114.37365607931594,30.49832176246195,4580519154,13570134512,0.0,1.0
南湖康泰花园海棠苑,住宅,114.37595693768696,30.497545925546426,3081671530,3081674733,0.0,1.0
南湖康泰花园新竹苑,住宅,114.3777370126453,30.499139998397812,11459025296,3081674733,0.0,1.0
南湖康泰花园,住宅,114.37771501700345,30.499192000522164,3081674733,11459025296,0.0,1.0
礼合雅居,住宅,114.36872903271636,30.50221966574794,7281964567,11430562691,0.0,1.0
八一花园玫瑰苑,住宅,114.38157117258498,30.49462856900812,6915679323,6915679322,0.0,1.0
立城福第,住宅,114.36621301919892,30.502760399092786,1150752241,13717675246,0.0,1.0
南湖康泰花园紫荆苑,住宅,114.37977131231027,30.498755586737257,2418522238,11459025296,0.0,1.0
柳林雅居,住宅,114.38167903436543,30.49592012733967,6914766693,6914766692,0.0,1.0
八一花园金樱苑,住宅,114.38192402630878,30.49537213122553,6914766693,6914766692,0.0,1.0
金地天悦睿府,住宅,114.3815269851925,30.496895941606198,2418522238,11459025296,0.0,1.0
紫荆苑B2区,住宅,114.38033510259515,30.499189065783888,2418522238,11459025296,0.0,1.0
八一花园,住宅,114.38291991279816,30.494383812518354,6915679323,6914766693,0.0,1.0
德信楼,住宅,114.37652624433863,30.50244300814354,10017424544,10017424543,0.0,1.0
德荣楼,住宅,114.37713000028468,30.502179589709396,10017424544,10017424543,0.0,1.0
关西小区康富苑,住宅,114.37949724428638,30.500548257414227,11459025298,11459025296,0.0,1.0
绿汀雅境,住宅,114.36643669767825,30.504266686272846,1625350112,13712749559,0.0,1.0
关西小区康泰苑,住宅,114.38153181895916,30.49878638787516,2418522238,11459025296,0.0,1.0
桃苑,住宅,114.3717387103911,30.50449480676687,7281964550,7281964553,0.0,1.0
仁合天下,住宅,114.36978303686944,30.50465979132183,7281964553,7281964550,0.0,1.0
信合家苑,住宅,114.36908454098844,30.504774515071798,11430562691,7281964567,0.0,1.0
金地·雄楚1号D区,住宅,114.3823417079372,30.497997111707697,2418522238,11459025296,0.0,1.0
八一花园梅花苑,住宅,114.38378679999893,30.494097401691146,6914766693,6914766691,0.0,1.0
杨家湾移动公司大院,住宅,114.37503184674406,30.503858874915228,13570134512,13669924974,0.0,1.0
新苑小区,住宅,114.37059640289972,30.505329729613273,7281964553,7281964550,0.0,1.0
关西小区,住宅,114.38143568597188,30.500575925190205,11335230464,6914731383,0.0,1.0
汉电·青年里,住宅,114.36591805292328,30.505276003387635,1625350112,13712749559,0.0,1.0
金地天悦,住宅,114.38488352202646,30.495841318157858,1150768887,2418522238,0.0,1.0
柒零社区,住宅,114.38749652398734,30.49492939619133,1150768887,2418522238,0.0,1.0
印象长沙,住宅,114.38793441476881,30.496385804130714,6914731354,1150768887,0.0,1.0
金地·雄楚1号,住宅,114.38413146292858,30.497438247830743,1150768887,2418522238,0.0,1.0
惠安新苑,住宅,114.38697531091714,30.497258935732052,1150768887,2418522238,0.0,1.0
金地雄楚民宿(光谷/鲁巷店),住宅,114.38483430862574,30.498336618250576,1150768887,2418522238,0.0,1.0
美庐郡园社区,住宅,114.39190453754304,30.490110420090048,1150768887,2418522238,0.0,1.0
金地·中心城西区,住宅,114.38697015001657,30.49910140065073,6914731354,1150768887,0.0,1.0
当代曙光嘉园门市,住宅,114.3914849068222,30.49623475837037,6914731354,1150768887,0.0,1.0
金地·阳光城北苑,住宅,114.392720407596,30.494021143569835,1150768887,2418522238,0.0,1.0
金地·中心城东区,住宅,114.38834721270116,30.498987892735233,6914731354,1150768887,0.0,1.0
金地·阳光城,住宅,114.39346473992724,30.492743388953006,1150768887,2418522238,0.0,1.0
当代曙光嘉园,住宅,114.39326349768596,30.494804827318685,5758622284,6914731355,0.0,1.0
金地·阳光城南苑,住宅,114.39374687426293,30.49224349223428,1150768887,2418522238,0.0,1.0
金地阳光城B区,住宅,114.39383581712694,30.493235196675094,1150768887,2418522238,0.0,1.0
关西小区康居苑,住宅,114.3829852974278,30.50129876017009,11335230464,6914731383,0.0,1.0
关西小区阳光公寓,住宅,114.3836701810815,30.501375347231207,11335230464,6914731383,0.0,1.0
紫菘枫林上城2期,住宅,114.39253498906184,30.498233957687418,5758622284,6914731355,0.0,1.0
文豪苑,住宅,114.38673895400015,30.50134384075348,6914731379,6914766689,0.0,1.0
中南民大教师周转房1期,住宅,114.39533947399507,30.492071382334466,5758622278,7281878528,0.0,1.0
绿之苑,住宅,114.38907508140144,30.501221982967465,6914731379,6914766689,0.0,1.0
紫菘·枫林上城3期,住宅,114.39418557005772,30.497433941323813,5758622278,7281878528,0.0,1.0
中南民大教师周转房,住宅,114.39613481722161,30.49201635996419,5758622278,7281878528,0.0,1.0
洪福添美,住宅,114.39349518382025,30.49922550865849,5758622278,7281878528,0.0,1.0
关西小区康乐苑,住宅,114.38129152825971,30.502790365112336,11335230464,6914731383,0.0,1.0
光谷青年城1期,住宅,114.39678388993991,30.494612605017544,5758622278,7281878528,0.0,1.0
光谷青年城,住宅,114.39693599131748,30.494288698450987,5758622278,7281878528,0.0,1.0
曙光星城A区,住宅,114.39717042045733,30.490686730507935,5758622278,7281878528,0.0,1.0
华城新都,住宅,114.3894110014151,30.502571474727457,1280140691,1280140580,0.0,1.0
紫菘·枫林上城,住宅,114.39565005884937,30.498301566232207,5758622278,7281878528,0.0,1.0
洪福家园(雄楚大道),住宅,114.39509175354068,30.499192341644743,5758622278,7281878528,0.0,1.0
武汉工程大学教工小区,住宅,114.3882287863713,30.50377852393328,1280144163,1280144173,0.0,1.0
阳光在线小区(二区),住宅,114.39741401023886,30.496790982693778,5758622278,7281878528,0.0,1.0
悦斓庭,住宅,114.39463545313075,30.50063295831772,4182747503,5758622276,0.0,1.0
中石油华中输气小区,住宅,114.39367303462906,30.501587789463912,5758622274,5758622290,0.0,1.0
蓝箭小区,住宅,114.38109744850684,30.50427005277399,5758622274,5758622290,0.0,1.0
民族大道上钱村,住宅,114.39330086725364,30.502158675094254,6914731378,1252221314,0.0,1.0
健龙小区,住宅,114.39468542813867,30.501132806489135,5758622274,5758622290,0.0,1.0
阳光在线小区,住宅,114.39780415352827,30.497463800588555,5758622278,7281878528,0.0,1.0
研究所家属院,住宅,114.3949535262696,30.501177769691736,5758622274,5758622290,0.0,1.0
健龙·尚谷杰座1期,住宅,114.39380802176481,30.50224257792349,5758622276,4182747503,0.0,1.0
省建五公司经济适用房,住宅,114.38994888764537,30.504695677966446,1280141686,1280140617,0.0,1.0
保利时代,住宅,114.40155990885708,30.49260067621991,5758622278,7281878528,0.0,1.0
保利时代天悦,住宅,114.40123279379036,30.49127098950836,5758622278,7281878528,0.0,1.0
保利时代北区,住宅,114.40178899258152,30.49353245844436,5758622278,7281878528,0.0,1.0
保利国际公寓,住宅,114.40415596454326,30.492233475294043,5758622278,7281878528,0.0,1.0
光谷汇景,住宅,114.39999351991968,30.496399309301275,5758622278,7281878528,0.0,1.0
修罗雀庄,住宅,114.40440314587242,30.492566461956386,5758622278,7281878528,0.0,1.0
宏祥花园,住宅,114.40413208231554,30.490650918284167,5758622278,7281878528,0.0,1.0
曙光社区宏祥花园幸福楼小区,住宅,114.40437024813626,30.491069877731906,5758622278,7281878528,0.0,1.0
鲁广花园,住宅,114.40146349631303,30.496544520586593,5758622278,7281878528,0.0,1.0
汉韵公馆,住宅,114.40474136888744,30.49336734902856,5758622278,7281878528,0.0,1.0
保利广场外广场B区,住宅,114.4050927690405,30.492336770382757,5758622278,7281878528,0.0,1.0
阳光尚东-南区,住宅,114.39954515809406,30.4973349795518,5758622278,7281878528,0.0,1.0
万科锦程2期,住宅,114.40108916532618,30.497334217672687,5758622278,7281878528,0.0,1.0
中杰阳光,住宅,114.40454304068592,30.495154766026182,5758622278,7281878528,0.0,1.0
关山街汽标社区,住宅,114.40385238640685,30.49595031007693,5758622278,7281878528,0.0,1.0
阳光·尚东,住宅,114.39981729898523,30.497655920441,5758622278,7281878528,0.0,1.0
金地·太阳城2期,住宅,114.40606661393767,30.492883993086846,5758622278,7281878528,0.0,1.0
阳光尚东-北区,住宅,114.39981626362909,30.49805380442608,5758622278,7281878528,0.0,1.0
金地·太阳城3期,住宅,114.40630776979245,30.493716854815926,5758622278,7281878528,0.0,1.0
万科锦程,住宅,114.40082890621792,30.498262899733135,5758622278,7281878528,0.0,1.0
阳光在线小区(一区),住宅,114.39854544809977,30.498724477000394,5758622278,7281878528,0.0,1.0
关山春晓雅乐苑,住宅,114.40686252442084,30.491214811077068,4525399322,4525399362,0.0,1.0
关山春晓书香苑,住宅,114.40667342625669,30.490222009394092,4525399322,4525399362,0.0,1.0
星河苑,住宅,114.40133917831261,30.499183726788825,5758622278,7281878528,0.0,1.0
维佳·关山郡,住宅,114.40501821315237,30.497953122701364,5758622278,7281878528,0.0,1.0
金地·太阳城,住宅,114.40876332016602,30.493061214954093,4525399322,4525399362,0.0,1.0
当代光谷智慧城香颂公馆,住宅,114.39996514688694,30.500469117726716,5758622274,5758622290,0.0,1.0
关山春晓香榭苑,住宅,114.4090097469683,30.491226871285154,4525399322,4525399362,0.0,1.0
关山春晓,住宅,114.40901180327805,30.49060604889265,4525399322,4525399362,0.0,1.0
紫菘逸景华庭2期,住宅,114.40764480469552,30.496986515396756,5758622278,7281878528,0.0,1.0
关山春晓明溪苑,住宅,114.40923706321558,30.49045521534508,4525399322,4525399362,0.0,1.0
明珠花园,住宅,114.4035537674477,30.500233970416613,5758622278,7281878528,0.0,1.0
逸景华庭,住宅,114.40304029481128,30.500933617375008,5758622278,7281878528,0.0,1.0
当代光谷智慧城,住宅,114.40099473906102,30.50147598745133,5758622274,5758622290,0.0,1.0
风度柏林2期,住宅,114.4022936894283,30.501283321142267,5758622278,7281878528,0.0,1.0
紫菘逸景华庭西区,住宅,114.40846360117914,30.49763373723316,4525399319,5758574039,0.0,1.0
礼尚人家,住宅,114.397263520429,30.50153459158893,4182747503,5758622275,0.0,1.0
紫菘逸景华庭,住宅,114.40883501331763,30.497471980199816,4525399319,5758574039,0.0,1.0
保利花园三期,住宅,114.40547140982905,30.500374584022374,5758622278,7281878528,0.0,1.0
象鼻山社区,住宅,114.40353065727986,30.50128165538211,5758622278,7281878528,0.0,1.0
七一七小区,住宅,114.39615999809247,30.501532597887373,5758622275,4182747503,0.0,1.0
长航小区,住宅,114.40324340914776,30.50147151581642,5758622278,7281878528,0.0,1.0
光谷新世界汇贤邸,住宅,114.41038494017722,30.495284498542897,4525399322,4525399362,0.0,1.0
五〇四小区,住宅,114.40844249375861,30.498609441892825,5758622278,7281878528,0.0,1.0
关山春晓紫竹苑,住宅,114.41127636880535,30.490977290205592,4525399322,4525399362,0.0,1.0
风度柏林,住宅,114.40274294655059,30.502263145259416,5758622278,7281878528,0.0,1.0
第三社区,住宅,114.39542661860347,30.502281410058497,5758622276,4182747503,0.0,1.0
风度柏林3期,住宅,114.40359862157845,30.50232636734039,5758622278,7281878528,0.0,1.0
风度柏林1期,住宅,114.40253375299162,30.502638980200768,1814651166,4182747485,0.0,1.0
当代·香颂公馆,住宅,114.40159603443301,30.502923678386097,1814651166,4182747485,0.0,1.0
海核社区,住宅,114.39652504477411,30.502902185235268,5758622275,4182747503,0.0,1.0
蓝晶国际LOFT,住宅,114.40963077210564,30.498821027605107,4525399319,5758574039,0.0,1.0
保利花园2期,住宅,114.40874571099259,30.499836242151588,4525399319,5758574039,0.0,1.0
风度柏林小区1栋,住宅,114.4022935331502,30.503073791940704,1814651166,4182747485,0.0,1.0
星泰里,住宅,114.40538316551317,30.502256995567084,1150849631,7221391897,0.0,1.0
长航·蓝晶国际B区,住宅,114.41111462828431,30.49725238248078,4525399319,5758574039,0.0,1.0
世界城香榭丽舍,住宅,114.40555729453338,30.502596961963643,1150849631,7221391897,0.0,1.0
健龙·尚谷杰座,住宅,114.39489931608462,30.503346133125472,5758622276,4182747503,0.0,1.0
长航·蓝晶国际,住宅,114.41160317774681,30.49772356271543,4525399319,5758574039,0.0,1.0
健龙·尚谷杰座2期,住宅,114.3950413604725,30.503469085088124,5758622276,4182747503,0.0,1.0
康桥小区,住宅,114.39909027925854,30.50426689041795,1814651166,4182747485,0.0,1.0
湖北省化学研究院小区,住宅,114.39775351818083,30.504439745218257,4182747486,4182747485,0.0,1.0
龙安花苑,住宅,114.39391893184585,30.503697132508172,6914731378,1252221314,0.0,1.0
新世界社区江城峰巢,住宅,114.41305111939191,30.49633596895314,4525399319,5758574039,0.0,1.0
保利花园12期,住宅,114.40944635576393,30.501236214393106,1150849631,7221391897,0.0,1.0
保利花园12期,住宅,114.4077864756648,30.502427989494922,1150849631,7221391897,0.0,1.0
德国风情街F地块东区,住宅,114.40182105569905,30.504542246127574,12381917914,12381917927,0.0,1.0
红旗造纸厂小区,住宅,114.39528339314042,30.50419685113433,4182747503,5758622275,0.0,1.0
金盛花园,住宅,114.40537403617475,30.503645580648794,1150849631,7221391897,0.0,1.0
金盛花园-博雅庭,住宅,114.40564027847002,30.503654680758803,1150849631,7221391897,0.0,1.0
光谷香颂,住宅,114.40273974178729,30.504582456082698,12381917918,1150849631,0.0,1.0
长航·蓝晶国际A区,住宅,114.41309509549956,30.497264731428043,4525399319,5758574039,0.0,1.0
保利花园,住宅,114.40942127746274,30.501815029604444,1150849631,7221391897,0.0,1.0
西班牙风情街D268区,住宅,114.39943741203619,30.505131669918985,4182747485,1814651166,0.0,1.0
保利花园东区,住宅,114.40944630344723,30.501836037488253,1150849631,7221391897,0.0,1.0
丽岛漫城,住宅,114.4143990163971,30.495106342960778,4525399322,4525399362,0.0,1.0
广厦华庭,住宅,114.40361740153554,30.505025571234917,12381917918,1150849631,0.0,1.0
关山一路电信小区,住宅,114.40774133730298,30.503483654687702,1150849631,7221391897,0.0,1.0
世界城(光谷步行街通讯数码港),住宅,114.39837174626065,30.50565341657762,1150841564,4182747485,0.0,1.0
蓝巢逸品,住宅,114.40470933463604,30.50490996154013,1150849631,7221391897,0.0,1.0
关山街葛光社区,住宅,114.4176048784511,30.49236787817667,9007445760,13380361514,0.0,1.0
宇峰家园,住宅,114.41770817235827,30.490799421251058,9208000667,9208000671,0.0,1.0
宇峰家园2期,住宅,114.41921041937913,30.49199653289367,9208000667,9208000671,0.0,1.0
天慧小区,住宅,114.41906927383293,30.491074654776636,9208000667,9208000671,0.0,1.0
光谷陆景苑,住宅,114.41826960767108,30.495747534245154,4525399322,4525399362,0.0,1.0
招商·光谷序,住宅,114.42021200531744,30.492501412613745,9007445760,13380361514,0.0,1.0
泷悦华府二期,住宅,114.4143706075277,30.499360084656107,4525399319,5758574039,0.0,1.0
金鑫国际,住宅,114.41879320457873,30.498329292560815,4525399319,5064369542,0.0,1.0
光谷ONE·39小区,住宅,114.41524180209865,30.499472752225625,4525399319,5758574039,0.0,1.0
凯瑞之光,住宅,114.42283037377724,30.493952881774366,13380284884,7729962734,0.0,1.0
五角塘小区,住宅,114.41677497696293,30.499899942305813,4525399319,5758574039,0.0,1.0
保利茉莉公馆东区,住宅,114.41295964004838,30.500484692400732,4525399319,5758574039,0.0,1.0
长飞公寓,住宅,114.41621610658376,30.500479280678686,4525399319,5758574039,0.0,1.0
恺德光谷瑜园,住宅,114.42429113365678,30.49272597303731,13380361503,13380284884,0.0,1.0
泷悦华府,住宅,114.41416018819021,30.500901468213428,4525399319,5758574039,0.0,1.0
梓洲花苑,住宅,114.42451848692738,30.493521024377255,11832177813,11889153044,0.0,1.0
保利·茉莉公馆,住宅,114.41217761087889,30.50090001989708,4525399319,5758574039,0.0,1.0
东创仕佳,住宅,114.41463770609771,30.502423394547055,8512222855,1277053843,0.0,1.0
亿德·光谷先锋,住宅,114.41335497419064,30.502547372912076,4525399319,5758574039,0.0,1.0
金梭花园,住宅,114.41539170840937,30.502974844665964,4524791462,4524791224,0.0,1.0
迎宾家园,住宅,114.42766169349798,30.492217483102827,11804975274,11801437685,0.0,1.0
光谷8号小区2期,住宅,114.41688674585804,30.504462694012428,4524791462,4524791224,0.0,1.0
琨瑜府,住宅,114.41174573923446,30.50476358347621,4847000910,4847000912,0.0,1.0
琨瑜府1期,住宅,114.4136621647741,30.50500587165327,4847000910,4847000912,0.0,1.0
金地光谷世家,住宅,114.41540053353968,30.50512721195029,4847000910,4847000912,0.0,1.0
金地光谷世家-南区,住宅,114.41544859477584,30.5052042289401,4847000910,4847000912,0.0,1.0
琨瑜府三期,住宅,114.41007976421886,30.50474953915562,4807265712,1280163403,0.0,1.0
武汉东湖高新关南社区三期片区,住宅,114.42761817963999,30.485602290555594,8909980863,6922784047,0.0,1.0
招商原颂(建设中),住宅,114.419974617513,30.492467175719227,9007445760,13380361514,0.0,1.0
骄阳元兴天下,住宅,114.41735636452532,30.50544082845866,12369589922,4847000908,0.0,1.0
人信·太子湾,住宅,114.17597705398505,30.509355533906625,3578548975,4534553728,0.0,1.0
品悦云庭,住宅,114.17076516659107,30.50858307056326,3683236537,3578548936,0.0,1.0
人信·奥林花园冠军苑,住宅,114.17546843668137,30.51127701216081,3578548975,4534553728,0.0,1.0
经开万达广场D区,住宅,114.17015137021716,30.50886283593918,3683236537,3578548936,0.0,1.0
经开万达SOHO公寓,住宅,114.17005209330729,30.508749683927274,3683236537,3578548936,0.0,1.0
观澜御苑,住宅,114.17893845802229,30.50922400016444,4836121181,4835991673,0.0,1.0
经开万达广场F区,住宅,114.16948639708372,30.509455409533786,3683236537,3578548936,0.0,1.0
观澜御苑学苑,住宅,114.17910975009431,30.51141664675685,4836121181,4835991673,0.0,1.0
湖岸嘉苑,住宅,114.18026405405894,30.510701955294472,4836121181,4835991673,0.0,1.0
人信·奥林花园五环苑,住宅,114.17351659687989,30.514196499944674,3683236537,3578548936,0.0,1.0
新民社区,住宅,114.1787374513371,30.514291090527728,3578548975,4534553728,0.0,1.0
天鹅湖假日山庄翠湖园,住宅,114.16512879250506,30.509293267629417,3683236537,3578548936,0.0,1.0
天鹅湖假日山庄紫湖园,住宅,114.16422020612177,30.50876272001842,3683236537,3578548936,0.0,1.0
天鹅湖假日山庄枫湖园,住宅,114.1650233304777,30.51108652580341,3683236537,3578548936,0.0,1.0
山水豪都,住宅,114.1727913180253,30.516447455335108,3683236537,3578548936,0.0,1.0
武汉城建·云栖湖岸,住宅,114.1681229735506,30.514953171317455,3683236537,3578548936,0.0,1.0
都灵苑,住宅,114.17283841283967,30.51691339888701,3683236537,3578548936,0.0,1.0
锦程公寓(新民路),住宅,114.17683082146938,30.516966776370587,3683236537,3578548936,0.0,1.0
人信·奥林花园圣火苑,住宅,114.17496749058499,30.517204264931348,3683236537,3578548936,0.0,1.0
金色港湾2期,住宅,114.17111044104315,30.516871183913818,3683236537,3578548936,0.0,1.0
金色港湾栖湖居,住宅,114.16925107881882,30.516777727040783,3683236537,3578548936,0.0,1.0
双湖林语,住宅,114.18277564472643,30.515331039028656,4836121181,4835991673,0.0,1.0
金色港湾1期,住宅,114.16973341922312,30.517398439854308,3683236537,3578548936,0.0,1.0
金色港湾5期,住宅,114.17207006865033,30.518452487157322,3683236537,3578548936,0.0,1.0
武汉·外校城,住宅,114.18361387709994,30.51626223645976,4836121181,4835991673,0.0,1.0
金色港湾雅湖居,住宅,114.17115938187364,30.519171560297703,3683236537,3578548936,0.0,1.0
水墨兰庭,住宅,114.16123331183921,30.51162824977981,3683236537,3578548936,0.0,1.0
红升社区,住宅,114.18503680347933,30.515968826535484,4836121181,4835991673,0.0,1.0
金色港湾·双湖泊岸,住宅,114.18438391866086,30.517111329606877,4836121181,4835991673,0.0,1.0
观澜高尔夫公馆,住宅,114.18927966723504,30.510822678441237,7706784990,4519138598,0.0,1.0
金色港湾怡湖居,住宅,114.17136486395111,30.520439548296867,3683236537,3578548936,0.0,1.0
金桥·太子湖1号,住宅,114.17747032018488,30.52060281676381,3683236537,3578548936,0.0,1.0
庭瑞U-ME,住宅,114.19289631189172,30.508511339872666,7706784990,4519138598,0.0,1.0
新新社区,住宅,114.18998244581304,30.51173257860364,7706784990,4519138598,0.0,1.0
新新人家,住宅,114.191007071404,30.512469054367273,7706784990,4519138598,0.0,1.0
华中·中交城,住宅,114.19788187869891,30.50790731782376,5535918115,4519138593,0.0,1.0
太子湖畔·星苑,住宅,114.19251679211285,30.5147808161656,7706784990,4519138598,0.0,1.0
碧桂园泰富城,住宅,114.19929510140176,30.510306704296024,7706784990,4519138598,0.0,1.0
碧桂园泰富城4期,住宅,114.19942040206361,30.510315886462767,7706784990,4519138598,0.0,1.0
老关新城,住宅,114.19758928202262,30.51809075969859,2607696033,4835991673,0.0,1.0
太子尚品,住宅,114.19455454977255,30.519997462230513,4835991673,4836121181,0.0,1.0
广电·兰亭时代一期,住宅,114.20938073766068,30.511662905355095,7706785015,7706785063,0.0,1.0
广电·兰亭时代二期,住宅,114.21154138325956,30.509310171412473,4835990291,1892532853,0.0,1.0
金地澜菲溪岸J8区,住宅,114.20658254520255,30.514006683750047,7706785064,7706785080,0.0,1.0
金地澜菲溪岸3期,住宅,114.20444875623747,30.514572691932056,3593772849,8005194132,0.0,1.0
新力琥珀园,住宅,114.2133169023728,30.509408134676207,4835990291,4835990292,0.0,1.0
恒大翡翠华庭南区,住宅,114.21431996730786,30.50798464729113,4835990292,1892532853,0.0,1.0
江城明珠,住宅,114.21358722772905,30.511751718281396,4835990291,4835990292,0.0,1.0
金地澜菲溪岸J6区,住宅,114.20565028098454,30.516454713284787,4537595494,3593772849,0.0,1.0
和昌都会华府,住宅,114.20953974220595,30.51546893123856,7706785112,7706785111,0.0,1.0
恒大翡翠华庭,住宅,114.21512240853333,30.508984189966107,4835990292,5535918631,0.0,1.0
广电南亭时代1期,住宅,114.21263419232814,30.513671081657485,4537595485,4537595420,0.0,1.0
四新国际都会新城,住宅,114.20610721454698,30.517339038293418,8185640093,4537595494,0.0,1.0
恒大翡翠华庭北区,住宅,114.2159438592324,30.510005723954176,4835990292,4537595420,0.0,1.0
和昌都汇华府,住宅,114.20887418170427,30.517360535562077,4835990290,2607696031,0.0,1.0
华发未来荟,住宅,114.2131470791232,30.515108208460987,4835990271,1892533037,0.0,1.0
绿地中央广场2期,住宅,114.20796120315741,30.517791269395833,4835990290,2607696031,0.0,1.0
和昌都汇华府二期商业,住宅,114.20991537128587,30.5172438340479,7706785133,7706785135,0.0,1.0
华发未来荟2期,住宅,114.21265806145257,30.51573947194125,4835990271,4835990270,0.0,1.0
华发未来荟1期,住宅,114.21395869586154,30.51467722424383,4835990271,1892533037,0.0,1.0
绿地中央广场C区,住宅,114.20778279381398,30.518100949076025,4835990290,2607696031,0.0,1.0
国博城·悦江府,住宅,114.21744493588335,30.506159366660903,4835990296,5535918632,0.0,1.0
地块1期,住宅,114.20975095413586,30.51811936485201,7706785135,4835990290,0.0,1.0
城投·四新之光悦府,住宅,114.216008657699,30.513745649451486,4835990272,4835990273,0.0,1.0
绿地中央广场B区,住宅,114.21000143243899,30.518605513687525,7706785135,4835990290,0.0,1.0
中核时代广场B区,住宅,114.21348559348817,30.516820050451262,4835990271,4835990275,0.0,1.0
中核时代广场,住宅,114.21412579809515,30.51723261416353,4835990271,4835990275,0.0,1.0
城投·四新之光,住宅,114.2171506737222,30.51465250468394,4835990272,4835990273,0.0,1.0
绿地中央广场A区,住宅,114.21082304582312,30.519507204083304,7706785137,7706785134,0.0,1.0
中核时代广场A区,住宅,114.21555355439568,30.5167092726697,4835990276,4835990272,0.0,1.0
新城·璟悦城,住宅,114.19925916849871,30.520106631580266,2607696033,4835991673,0.0,1.0
武汉国博新城锦江府,住宅,114.22170816918391,30.50719487022708,4835990293,5535918630,0.0,1.0
武汉国博新城,住宅,114.22275486018603,30.507153725515632,4835990293,5535918630,0.0,1.0
武汉国博新城香涛居,住宅,114.2210767991601,30.511043181129054,4835990230,7706784538,0.0,1.0
武汉国博新城泊雅居,住宅,114.22340464604785,30.509939389912578,4540474323,4835990230,0.0,1.0
武汉国博新城3期,住宅,114.22288973447984,30.51110863653054,4835990232,4835990230,0.0,1.0
武汉国博新城华江府,住宅,114.22459383474695,30.505785524925354,5535918628,4835990234,0.0,1.0
武汉国博新城东麓居,住宅,114.22179785812499,30.512515332653887,4835990232,7706784539,0.0,1.0
武汉国博新城碧园居,住宅,114.2261769429559,30.50857678887493,4835990234,4835990233,0.0,1.0
武汉国博新城翘楚居,住宅,114.22489477768957,30.511736945240912,4540474322,4835990229,0.0,1.0
城投·四新之光珺台,住宅,114.21926842685642,30.514626503129005,4835990277,4835990273,0.0,1.0
国博城•凤栖居,住宅,114.22754776517702,30.51005022598075,4835990234,4835990233,0.0,1.0
武汉国博新城C区,住宅,114.22832103857645,30.507617428590205,1201666863,7440056754,0.0,1.0
城投四新之光3期,住宅,114.21938354595264,30.515554321278643,1201666516,4835990277,0.0,1.0
城投·四新之光观廷,住宅,114.21728885180657,30.51548838154065,4835990272,4835990273,0.0,1.0
国博城清樾水岸,住宅,114.23017794128533,30.51401752066483,4540474321,13747437708,0.0,1.0
金桥公馆,住宅,114.22007144510589,30.518792928967514,4534667112,1589270240,0.0,1.0
中铁世纪金桥碧海园,住宅,114.22022065380777,30.519307898975285,4835990307,4835990306,0.0,1.0
广电兰亭盛荟S1商业,住宅,114.23014980690455,30.515162153807246,13747437708,4540474321,0.0,1.0
世纪金桥2期,住宅,114.22033483425568,30.519453952857106,4835990307,4835990306,0.0,1.0
武汉四新生态新城,住宅,114.21942126762637,30.519546115757308,4835990306,4835990303,0.0,1.0
广电·兰亭盛荟3期,住宅,114.22862662024671,30.51730264924136,4835990300,4835990299,0.0,1.0
中铁世纪金桥锦湖园,住宅,114.22344087219481,30.51960044440661,4835990307,1892533040,0.0,1.0
广电·兰亭盛荟4期,住宅,114.2310739113544,30.51588640056578,13747437704,4835990300,0.0,1.0
金地兰亭世家,住宅,114.2268820661316,30.518924077200985,4835990313,4835990299,0.0,1.0
广电·兰亭盛荟,住宅,114.22989227533427,30.517489297390206,4835990299,4835990300,0.0,1.0
中铁世纪金桥逸江园,住宅,114.22108596781455,30.52088714772467,4835990306,4835990307,0.0,1.0
环花园A3区,住宅,114.23570681350199,30.50876645890996,1201666863,4068066351,0.0,1.0
广电·兰亭盛荟5期,住宅,114.23303837460034,30.51465667542296,1930506214,1930506210,0.0,1.0
越秀星悦湾畔,住宅,114.23373808542526,30.5156866427365,1930506214,1930506210,0.0,1.0
越秀星悦湾畔-北区,住宅,114.23404441865607,30.51580272585077,1930506214,1930506210,0.0,1.0
卓越大江,住宅,114.24224214467938,30.514872891901003,895719158,9216130976,0.0,1.0
广电·兰亭盛荟1期,住宅,114.23209100713139,30.51758335641287,13747437704,4835990300,0.0,1.0
省金属居民小区,住宅,114.24087694476913,30.516431273536952,11270724357,11270724353,0.0,1.0
新五里社区,住宅,114.24196182160885,30.516165470619928,9216130976,895719158,0.0,1.0
汉阳市政生活区,住宅,114.2337959267242,30.5182928575347,7705324206,6870973614,0.0,1.0
湖北路桥青年公寓,住宅,114.24281746726089,30.516058562815704,6870973625,6871539702,0.0,1.0
路桥小区,住宅,114.24391323392513,30.51606559584585,6870973625,6871539702,0.0,1.0
广电·兰亭盛荟2期,住宅,114.22966186188691,30.518819759191167,4835990300,4835990299,0.0,1.0
恒大御景湾1期,住宅,114.24390718401642,30.516599430615585,6870973625,6871539702,0.0,1.0
恒大御景湾,住宅,114.24492790085934,30.51601460358533,9216130977,9216130976,0.0,1.0
恒大御景湾2期,住宅,114.24550129513248,30.5155457265838,6871539710,7707109295,0.0,1.0
新城印象,住宅,114.2320077169434,30.519797628246522,4540474320,4835990297,0.0,1.0
江城国际,住宅,114.23055386352034,30.520493706053355,4540474320,4835990297,0.0,1.0
新港·临江汇,住宅,114.24704185621225,30.51924145884273,6870973645,10537165060,0.0,1.0
武汉佛罗拉花园,住宅,114.24369987464785,30.51855981844971,9487411565,11878306849,0.0,1.0
越秀汉阳星汇云锦,住宅,114.2518028762972,30.519520431663704,7707109386,9216130979,0.0,1.0
绿城·晴川潮鸣(建设中),住宅,114.24978306580054,30.520298691473567,14050213976,2045952232,0.0,1.0
长江紫都六期,住宅,114.27158598326254,30.506242682365745,8194866806,1149116962,0.0,1.0
观澜天地·长江紫都5期,住宅,114.27346475781174,30.50855206720971,10302496497,6985021463,0.0,1.0
武昌江国路P(2023)036号地块,住宅,114.27341767359914,30.509850724021977,6985021463,10302496497,0.0,1.0
长江紫都四期,住宅,114.2759150853118,30.510088927759924,10307996338,10307996349,0.0,1.0
烽火·茗盛绿堓,住宅,114.27905383099115,30.509619373802312,9741462927,10303906593,0.0,1.0
长江紫都,住宅,114.27838106205719,30.512997162392967,8194884739,10307996356,0.0,1.0
国铁·印江澜(建设中),住宅,114.27707198206426,30.513563540192465,10302496497,6985021463,0.0,1.0
烽火·尚品虹城,住宅,114.283548135571,30.50743323913504,7674713464,6914663494,0.0,1.0
世纪宸兴,住宅,114.28588601186107,30.505581559814857,6914663495,1195044787,0.0,1.0
长江紫都三期紫桂苑,住宅,114.27913146042908,30.513216182906238,1149117055,10307996356,0.0,1.0
烽火·江盛枫苑,住宅,114.28412119506176,30.512046062179895,10303906593,7674713464,0.0,1.0
长江紫都三期,住宅,114.28025043680309,30.514587370499992,10302496497,2446633718,0.0,1.0
长江紫都三期紫竹苑,住宅,114.28025043680309,30.514587370499992,10302496497,2446633718,0.0,1.0
堤后社区,住宅,114.28337073063794,30.514068461514295,13847623932,13847623930,0.0,1.0
列电社区,住宅,114.28890059631654,30.508164405815904,1501481989,13892936577,0.0,1.0
紫兰苑,住宅,114.28070094731252,30.515896396311447,2446633718,10302496497,0.0,1.0
列电新村,住宅,114.2886276582874,30.51093097379879,7674713467,7674713465,0.0,1.0
御江名苑,住宅,114.28968750355756,30.510660470430672,7674713460,2482882198,0.0,1.0
长江紫都一期,住宅,114.28252530261204,30.516455854305338,1149116976,10302514537,0.0,1.0
中大小区,住宅,114.28396895349104,30.516541887478233,1149116976,10302514537,0.0,1.0
长江紫都二期,住宅,114.28023721432298,30.517300548345666,10302496497,10657877387,0.0,1.0
郁馨花园,住宅,114.29080026177776,30.510317881038915,1501481989,13892936577,0.0,1.0
紫薇苑,住宅,114.28409976807596,30.51724449097403,1149116976,10302514537,0.0,1.0
长江紫都七期,住宅,114.28209655841526,30.51795995252933,1149117089,2446633741,0.0,1.0
馨德紫园,住宅,114.29226584866747,30.506679705137472,1501481940,13880247426,0.0,1.0
馨德紫园还建房,住宅,114.29239775522723,30.50592772341365,4539344321,13880247426,0.0,1.0
汇东·佳韵,住宅,114.29311963318351,30.50880371904055,4742678835,4742678831,0.0,1.0
鹏程·中泰花园,住宅,114.28825557864533,30.51656679377379,8928882882,2482882218,0.0,1.0
城南新居,住宅,114.29441498450608,30.5093384841719,4742678835,4742678831,0.0,1.0
武泰闸城市花园小区,住宅,114.29179866359348,30.515286816405535,10300096442,10300096444,0.0,1.0
城市花园小区-北区,住宅,114.29177467323713,30.515504786485906,10300096442,10300096444,0.0,1.0
红旗欣居D区,住宅,114.29579144799547,30.50687298608508,7674713447,5538098685,0.0,1.0
新鑫佳苑,住宅,114.2954635473632,30.51060139734985,4742678831,4742678853,0.0,1.0
保利·公园九里4期,住宅,114.29930066537261,30.50827968242714,7674713438,5538099628,0.0,1.0
城南社区,住宅,114.29506396279908,30.51169071765981,4742678856,4742678869,0.0,1.0
梧桐花园,住宅,114.29473736083088,30.511869193665326,4742678869,4742678856,0.0,1.0
平安花园,住宅,114.29540944610034,30.512577883211314,4742678869,4742678856,0.0,1.0
清雅苑,住宅,114.30105637157232,30.50666514307752,10080033309,837957265,0.0,1.0
保利·公园九里北区,住宅,114.30094519766604,30.51048618259645,9948463401,10114149143,0.0,1.0
武昌区检察院德福苑,住宅,114.29615038931581,30.513771300905972,1501482000,9486325529,0.0,1.0
保利·公园九里1期,住宅,114.30202773077377,30.509767512098836,10114149155,10114149154,0.0,1.0
保利·公园九里,住宅,114.30144743006882,30.511194093427797,9948463401,10114149143,0.0,1.0
保利·公园九里西区,住宅,114.30261390653074,30.509615527801873,5538098704,5538098703,0.0,1.0
南湖新益州,住宅,114.3025339267083,30.510709336741918,5538098703,9948463402,0.0,1.0
幸福湾小区,住宅,114.29832246390386,30.514407477763434,10080033219,10080033255,0.0,1.0
汇丰家园,住宅,114.29745455036657,30.515259675383163,10300096010,10300096016,0.0,1.0
东方莱茵,住宅,114.3045970742573,30.509065170473264,14080105840,2401390892,0.0,1.0
东方莱茵1期,住宅,114.30450107895855,30.510642864010716,2401390892,14080105840,0.0,1.0
金洋花园,住宅,114.30530818652356,30.50719445731803,14080105834,9216150518,0.0,1.0
东方莱茵2期,住宅,114.30557965324402,30.508704513028146,14080105844,14080105841,0.0,1.0
春天里,住宅,114.30577460313151,30.505927995810467,1195044782,13898716006,0.0,1.0
现代城市花园小区,住宅,114.29251864883825,30.517076135501974,2482882224,2482882222,0.0,1.0
南湖机场老区,住宅,114.30503619653534,30.511735571555086,14080105840,13927941130,0.0,1.0
红旗欣居A区,住宅,114.30224397389317,30.51496354427633,10080033284,5538098708,0.0,1.0
南湖新村,住宅,114.3045238404958,30.51301609906006,9216131008,2401208968,0.0,1.0
宝安花园3期,住宅,114.30583706651002,30.51106133350527,14080105840,2401390926,0.0,1.0
丰收小区,住宅,114.29676523791017,30.51782702959616,10300069397,10300069402,0.0,1.0
南湖安六小区,住宅,114.30684995594854,30.506351918497664,13898716006,13898716003,0.0,1.0
宝安花园,住宅,114.30711725547513,30.509792394458998,2401390902,2401390903,0.0,1.0
合汇佳苑,住宅,114.28975581513033,30.51775618558197,10300091686,10300091684,0.0,1.0
七星雪乡小区,住宅,114.30773162544543,30.506315319841292,13898716006,13898716003,0.0,1.0
宝安阳光花园香樟里,住宅,114.30526364574892,30.51421640257173,13927941085,1734799460,0.0,1.0
轻院长虹小区,住宅,114.30462745460187,30.515720081520552,1734799679,6046759215,0.0,1.0
邮政小区,住宅,114.29631367005264,30.519651208616697,10310052813,10310052818,0.0,1.0
南湖花园城祥和苑,住宅,114.30721776244947,30.513739006988654,2401209052,11385061844,0.0,1.0
星火名苑,住宅,114.29041689349084,30.519719569368714,10302514555,10302514554,0.0,1.0
华锦花园1期,住宅,114.30937813643253,30.505953398666794,13898716001,13898716000,0.0,1.0
涂家沟社区,住宅,114.30020143522067,30.51974461359775,10080033259,10311283874,0.0,1.0
新世纪宝安花园,住宅,114.31003597448709,30.50762867742164,2751749842,2751749838,0.0,1.0
南湖·沁康园,住宅,114.3098720731972,30.509423439594723,2751749778,2751749776,0.0,1.0
南湖沁康园2期,住宅,114.30994794757282,30.50951727049462,2751749778,2751749771,0.0,1.0
堤东花园,住宅,114.2891972405732,30.52008429879446,13847623933,2482882228,0.0,1.0
伟业佳苑,住宅,114.30625498483181,30.516353951895496,1734799514,2401209325,0.0,1.0
武船武泰闸厂区A地块(建设中),住宅,114.29821031646298,30.51786359780663,4539344372,1501482132,0.0,1.0
南湖都市桃源2期,住宅,114.31263591915769,30.507454874760533,13927940928,2401390870,0.0,1.0
华锦花园3期,住宅,114.3123954390378,30.50583381257922,2401390804,2401390847,0.0,1.0
南湖都市桃源,住宅,114.31302029486717,30.50764309554885,2828217454,2828217452,0.0,1.0
博雅苑,住宅,114.30968422907144,30.510981314752144,2751749675,2751749677,0.0,1.0
七星·雪香花园,住宅,114.31291130726423,30.509493741776325,2828217475,2828217482,0.0,1.0
尚林·家园,住宅,114.31316588780187,30.50968120599793,2828217454,2828217474,0.0,1.0
武汉中环-家千秋,住宅,114.31022233364655,30.51169509929142,13927941120,13927941118,0.0,1.0
景江之星,住宅,114.31356718096411,30.510489204817947,13927940930,2828217474,0.0,1.0
安康苑,住宅,114.31355718404123,30.51063717869239,13927940930,2828217474,0.0,1.0
新大地家园,住宅,114.31304595142797,30.511141987971676,2751749687,2751749679,0.0,1.0
丽水湾,住宅,114.31428308343737,30.509999002144767,13927940930,13927940929,0.0,1.0
南湖都会B区,住宅,114.30982290089662,30.512295656988034,2401208970,2401209046,0.0,1.0
悦豪庭,住宅,114.31129761647675,30.51216495334024,2751749659,2751749653,0.0,1.0
南国风华天城枇杷湾,住宅,114.315138822149,30.508760757140614,8526783241,2733796742,0.0,1.0
武汉中环-月月美居,住宅,114.31491546323154,30.505488163791796,2751749846,2751749855,0.0,1.0
南国风华天城桃花林,住宅,114.31565411589804,30.507367199663456,8526783241,2733796743,0.0,1.0
水域天际1期,住宅,114.31521499639207,30.50533764111203,2751749855,2751749853,0.0,1.0
新大地家园-东区,住宅,114.31323859800904,30.511697456067377,13927941117,13927941116,0.0,1.0
南国风华天城祺善坊,住宅,114.31523254364384,30.5102421307942,6450706889,2733773952,0.0,1.0
中央花园锦鹃谷,住宅,114.31142135903441,30.51290049722795,2751749659,2751749653,0.0,1.0
苏豪A,住宅,114.31481512616394,30.511236619328358,6450706889,2733773952,0.0,1.0
中央花园SOHO,住宅,114.31351710251415,30.512314742871283,13927940932,2751749683,0.0,1.0
南国风华天城石榴铺,住宅,114.31642575034546,30.50879430291388,2733773958,2733773959,0.0,1.0
南国风华天城,住宅,114.31644872023938,30.508714283387654,2733773958,2733773959,0.0,1.0
中央花园A座,住宅,114.30926365668786,30.513541310383516,11385061847,2401209046,0.0,1.0
南国SOHO,住宅,114.31533927033702,30.51142156961004,6450706889,2733773952,0.0,1.0
南国风华天城橘子洲,住宅,114.3170278916589,30.507485551066864,2733773956,2733773957,0.0,1.0
中央花园碧云天,住宅,114.31132843191617,30.513740413231844,2742026921,2401209075,0.0,1.0
中央花园,住宅,114.31169087020521,30.513664759034167,2742026901,2742026921,0.0,1.0
南国风华天城同顺坊,住宅,114.31673814785931,30.50993136410038,2733773948,2733822558,0.0,1.0
中央花园晴翠湾,住宅,114.31350404208806,30.51325248041117,2401209048,2401208972,0.0,1.0
风华天城社区,住宅,114.3173432752475,30.508713579711955,2733773964,2733773945,0.0,1.0
同顺坊,住宅,114.31708759402224,30.50980773595251,2733822558,2733773948,0.0,1.0
中央花园邻芳居,住宅,114.30994052499464,30.514535751754256,2742026877,2742026863,0.0,1.0
松涛阁,住宅,114.31496275138389,30.51283585131055,2401209020,2401209016,0.0,1.0
南国风华天城祥瑞坊,住宅,114.31672107350764,30.511108039029352,6450706889,2733773953,0.0,1.0
南国风华天城流云湾,住宅,114.31818604517687,30.507146443578595,2733796951,2733796942,0.0,1.0
南国风华天城月亮湾,住宅,114.31825883835165,30.508169996407133,2733796946,2733796951,0.0,1.0
中央花园红杜里,住宅,114.3127750832222,30.51457244689899,2742026892,2742026886,0.0,1.0
轻素栖花里(中央花园店),住宅,114.31246352302789,30.51517784549424,2401209123,13927940936,0.0,1.0
松涛苑B区,住宅,114.31693660353066,30.512515199124135,2733773944,2733773949,0.0,1.0
北港佳和云居,住宅,114.31840940568358,30.510342051412753,2733822559,8480471077,0.0,1.0
松涛苑A区,住宅,114.3148398250585,30.514257647797617,13924076072,2401209020,0.0,1.0
南湖花园城,住宅,114.30795147792057,30.51572105432617,2401209197,2401209384,0.0,1.0
南湖花园城温馨苑小区,住宅,114.30781368746055,30.515722306453817,2401209384,2401209197,0.0,1.0
夏朵公馆,住宅,114.31949998832059,30.506225207688534,13898715997,13898715996,0.0,1.0
南国SOHO520(2号楼)(泛悦Mall南湖店),住宅,114.31966456970106,30.507961370978027,2733773962,2401239653,0.0,1.0
康乐苑,住宅,114.30998628079315,30.516539048122496,11385061849,2401209389,0.0,1.0
松涛苑E区,住宅,114.31687655080833,30.514243783280907,13924076072,13924076069,0.0,1.0
松涛苑,住宅,114.31749359452226,30.513762755022245,2401209086,2401209022,0.0,1.0
南国婚礼花艺空间,住宅,114.31342890377184,30.516228705071974,13927940961,13927940955,0.0,1.0
武汉佰港城橙果公寓,住宅,114.3205672986357,30.505634340542603,13924076098,13924076097,0.0,1.0
宝安璞园二期,住宅,114.32091755456523,30.507618074156472,2401503926,2401503951,0.0,1.0
宝安璞园一期,住宅,114.32085452132479,30.50918972065847,2401503951,13924076095,0.0,1.0
南湖保安璞园,住宅,114.32005663010125,30.51142657005495,13924076095,13924075977,0.0,1.0
松涛苑C区,住宅,114.31933568016028,30.512869509382398,6102775860,2401209005,0.0,1.0
宝安璞园,住宅,114.32102322729955,30.50940133324866,2401503951,13924076095,0.0,1.0
江宏花园A区,住宅,114.30789840585291,30.5174886037927,2401209489,2401209384,0.0,1.0
宁静苑,住宅,114.31440528771655,30.516936642462813,2401209472,2401209156,0.0,1.0
湖北·诚功,住宅,114.31732569019744,30.5157954488595,2401209144,1734799661,0.0,1.0
宝安璞园三期,住宅,114.32125069370416,30.511267330468506,7281789523,13924076091,0.0,1.0
颐和苑,住宅,114.30974248645839,30.518524882740067,13927941027,11385061875,0.0,1.0
松涛苑D区,住宅,114.3195202337391,30.51455163964123,6102776411,6102776407,0.0,1.0
景虹花园1期,住宅,114.31504318666875,30.517869145095656,2401209422,2401209536,0.0,1.0
鸿瑞佳苑,住宅,114.31802151723421,30.516320958579488,2401209144,1734799661,0.0,1.0
江宏花园,住宅,114.308346579216,30.51914426528379,13927941038,13927941028,0.0,1.0
天久云门,住宅,114.30722029731119,30.519074349840544,13927941038,13927941028,0.0,1.0
景虹花园-南区,住宅,114.31616139552621,30.51780904119143,2401209484,2401209486,0.0,1.0
江南庭园,住宅,114.32150109756222,30.513420192207562,2733263580,2733263582,0.0,1.0
景虹花园,住宅,114.31605455222234,30.517986189160304,2401209484,2401209486,0.0,1.0
陆总花园,住宅,114.31917862998233,30.516398722863375,7474938417,2401209144,0.0,1.0
江宏花园C区,住宅,114.31156655499932,30.519561163918276,1734799643,2401209606,0.0,1.0
江宏花园B区,住宅,114.30950574344931,30.5197829279267,2401209606,2401209585,0.0,1.0
夏家村4号小区,住宅,114.31531364358328,30.519133238151035,2401209497,2401209527,0.0,1.0
铁路宿舍,住宅,114.31529567154553,30.519143269101974,2401209527,2401209497,0.0,1.0
轻工设计院南湖宿舍,住宅,114.3051403498002,30.519751906758366,11414309982,1734808344,0.0,1.0
长虹桥小区,住宅,114.30559663415028,30.520203943114442,11414309980,11414309981,0.0,1.0
丽岛柳园南区,住宅,114.33251050609223,30.50939443161091,7281789529,13924075991,0.0,1.0
桃园三章(武汉理工大学南湖校区店),住宅,114.33216790430986,30.511145544125696,13924075721,7933396689,0.0,1.0
丽岛柳园,住宅,114.33285490473851,30.50995861387104,7239273289,3799158620,0.0,1.0
洪山区洪山街道岭南路9号新建居住项目,住宅,114.32553632143164,30.515351861983085,2478523776,2478523704,0.0,1.0
丽岛柳园北区,住宅,114.33350577591092,30.51096708780929,13924075721,7933396689,0.0,1.0
万科新都会,住宅,114.32449996651847,30.515955660667213,13924076067,13930199174,0.0,1.0
海悦澜庭,住宅,114.33513235299706,30.509098623329578,13924076169,13924076168,0.0,1.0
三鸿家园,住宅,114.3346459876557,30.510660053604976,8640236592,13924075897,0.0,1.0
棋仕公馆,住宅,114.33528212061951,30.509048360677475,13924076169,13924076168,0.0,1.0
名士1号,住宅,114.335638602426,30.50853785450556,13924076169,13924076168,0.0,1.0
武锣金雀公寓,住宅,114.33396389205444,30.51272969351316,13924075911,7281789514,0.0,1.0
狮城公寓,住宅,114.33456899284454,30.51200578679524,13924075911,7281789514,0.0,1.0
宏锦苑小区,住宅,114.33536270530884,30.512361203769487,3684963096,8640236592,0.0,1.0
瑞安府,住宅,114.32072600098579,30.517613382785452,7474938421,13924076083,0.0,1.0
武昌客车车辆段单身公寓,住宅,114.33030537425604,30.517322161373553,13930199174,3799179958,0.0,1.0
御景名门,住宅,114.33342848080166,30.515782755115886,13929914057,9486211039,0.0,1.0
迪雅花园,住宅,114.3288117274089,30.518160736716226,3799313446,13930199144,0.0,1.0
雄楚大道222-7公寓,住宅,114.3268239152837,30.518800328352306,3799313446,13930199144,0.0,1.0
绿城国投·天元,住宅,114.33190877143001,30.51747208531733,3488417938,3799320408,0.0,1.0
钱家咀新区,住宅,114.33837713784449,30.51073316184055,8640236587,2733181779,0.0,1.0
中华楼精致湖北菜(武昌店),住宅,114.33043901162628,30.51900438414423,9480961757,9480961760,0.0,1.0
三鸿领域,住宅,114.3305038925918,30.519165211032544,9480961760,9480961757,0.0,1.0
丁字桥路雄楚大道小区,住宅,114.32216441125033,30.520348770625482,3799313446,13930199144,0.0,1.0
中建福地星城2期南区,住宅,114.34138473316558,30.508722358246903,3799178041,8640236586,0.0,1.0
中建福地星城,住宅,114.34006865388815,30.50949347847416,13114520497,13114520498,0.0,1.0
中建福地星城1期,住宅,114.3401515137143,30.509657279944808,13114520499,13114584425,0.0,1.0
中建福地星城福印,住宅,114.3415704071382,30.509270862349126,13114584419,13114584478,0.0,1.0
锦惠园,住宅,114.34209857354529,30.50978776981163,3799178041,8640236586,0.0,1.0
南湖悦朗湾,住宅,114.34349071038577,30.507568993947636,13924076151,8640236585,0.0,1.0
中建福地星城二期,住宅,114.34065761690773,30.51114991906001,13114584408,13114584403,0.0,1.0
中建福地星城2期-北区,住宅,114.34033308453594,30.511422417464555,13114520491,13114584406,0.0,1.0
狮城·风华新都,住宅,114.34445524907116,30.508218122015663,13924076151,8640236585,0.0,1.0
湖北城建职院南湖住宅小区,住宅,114.34373316581271,30.509749912278618,8640236585,1627803463,0.0,1.0
鸿泽苑,住宅,114.34410567169888,30.509189434300342,8640236585,1627803463,0.0,1.0
南湖壹号物业,住宅,114.34462116453325,30.506433372023956,13924076151,8640236585,0.0,1.0
尤李社区,住宅,114.34453335011096,30.505759725522623,7154206578,8526783238,0.0,1.0
狮城翰园,住宅,114.34433724948202,30.51017673352778,8640236585,1627803463,0.0,1.0
中建福地星城K5小区,住宅,114.34254172523002,30.51197232304995,13930197843,1627803518,0.0,1.0
幸福佳苑,住宅,114.34599614785256,30.506988847338548,13712749565,13924076151,0.0,1.0
春林庭苑B区,住宅,114.34038186130412,30.513137805591754,1478793790,1148754925,0.0,1.0
鸿福花园,住宅,114.34610480521319,30.5091550093412,13712749565,1150752247,0.0,1.0
剑桥园,住宅,114.34182169066534,30.513185224028977,3684965667,3488417938,0.0,1.0
机施宿舍,住宅,114.34143225390206,30.513409846454632,3684965667,3488417938,0.0,1.0
春林庭苑,住宅,114.3405825192109,30.513577311224363,3684965667,3488417938,0.0,1.0
梦里水乡,住宅,114.34635878894109,30.505219761030784,8526783238,1150752133,0.0,1.0
心禾淑院,住宅,114.34655654256291,30.5048495365229,8526783238,1150752133,0.0,1.0
狮城名居,住宅,114.34577609208291,30.51121794300156,2401363165,1150752247,0.0,1.0
幸福荣华酒家(南湖九号店),住宅,114.34725637011206,30.50706369395962,13712749565,1150752247,0.0,1.0
狮城名居1期,住宅,114.34666484349236,30.511127461062294,13712749565,1150752247,0.0,1.0
南湖九号,住宅,114.34806524245579,30.507157314079326,13712749565,1150752247,0.0,1.0
理公馆,住宅,114.34018700169756,30.514921606865947,1148754949,3523339654,0.0,1.0
南湖景苑,住宅,114.34858445163795,30.508071178084894,13712749568,6195429125,0.0,1.0
龙港小区,住宅,114.3477542950506,30.51147452518607,13712749565,1150752247,0.0,1.0
省检察院南湖小区,住宅,114.34865520936764,30.509744555254503,6195429125,3083960665,0.0,1.0
尤李村小区,住宅,114.34651287822153,30.5131820902825,5758622311,3488417963,0.0,1.0
澜享公馆,住宅,114.34501688929419,30.514529229581843,3799105871,1148732144,0.0,1.0
圆梦美丽家园1期,住宅,114.34671456030841,30.513576628159356,5758622311,3488417963,0.0,1.0
桂枫园小区,住宅,114.34936123731829,30.509923340165965,3083960665,6195429125,0.0,1.0
圆梦·美丽家园,住宅,114.34719187522921,30.513775762840456,5758622311,3488417963,0.0,1.0
雄楚住宅楼,住宅,114.34656470121591,30.51437663560568,5758622311,3488417963,0.0,1.0
南国雄楚广场R2还建楼,住宅,114.34676439987993,30.51461522460623,1148732144,1486517235,0.0,1.0
南湖北院,住宅,114.34060418468235,30.517044202140074,1148754946,1148754906,0.0,1.0
逸景苑,住宅,114.34296467369677,30.516870071870237,1148754906,1148754930,0.0,1.0
汉飞精英青年城,住宅,114.34905338115036,30.513042893913454,5758622311,3488417963,0.0,1.0
珞桂路99号,住宅,114.3476211952134,30.51473374851227,1486517235,2398938509,0.0,1.0
圆梦家园社区,住宅,114.34642775356814,30.515989369821444,1148732144,1486517235,0.0,1.0
鸿桂苑茶餐厅,住宅,114.34852596269775,30.514598285583933,2398938509,1486517235,0.0,1.0
鸿桂苑西区,住宅,114.34852096873236,30.51460729107049,2398938509,1486517235,0.0,1.0
泰格生态公寓,住宅,114.34957662220113,30.51365884792897,2398938509,1486517235,0.0,1.0
万科金域学府,住宅,114.35105785040959,30.511474121654157,3684965258,7281878582,0.0,1.0
马房山教师小区,住宅,114.34571969190111,30.51673334388383,1148732144,1486517235,0.0,1.0
博文花园,住宅,114.34250925257808,30.517953535791815,8512204007,2829269100,0.0,1.0
明雅苑,住宅,114.34403302527922,30.517825909691123,1148754908,1148754930,0.0,1.0
农贸园,住宅,114.34797160279652,30.51597777972987,1486517235,1148732144,0.0,1.0
鸿桂苑北区,住宅,114.34701886234565,30.516695152755155,1148732144,1486517235,0.0,1.0
泓悦府洛伦佐公寓,住宅,114.33916222600175,30.518823243842668,2481908715,2481908718,0.0,1.0
雄楚新天第,住宅,114.35128142257248,30.513036286795334,2398938507,2398938509,0.0,1.0
泓悦府,住宅,114.338164737507,30.519106966761623,2481908712,13929914013,0.0,1.0
鸿桂苑东区,住宅,114.34933477868239,30.515594647030763,2398938509,1486517235,0.0,1.0
剑桥铭邸,住宅,114.3508728691581,30.514037633242793,2398938507,2398938509,0.0,1.0
十五亩地小区,住宅,114.3410992477917,30.519226637779024,1148754927,1148754946,0.0,1.0
武汉华锦医院黎明社区,住宅,114.3418002043774,30.519139418870935,8512204007,2829269100,0.0,1.0
玉兰苑南区,住宅,114.35012675983435,30.51512250248903,1486517235,1148735639,0.0,1.0
教工住宅小区,住宅,114.34067687350799,30.519356351591554,1148754946,1148754927,0.0,1.0
灯泡厂小区,住宅,114.34226448019731,30.519511481187152,8512204007,2829269100,0.0,1.0
龙湖·御湖境一组团,住宅,114.3394247106748,30.520125361879376,2861349032,2861349031,0.0,1.0
玉兰苑,住宅,114.35047022921927,30.51598767970886,1486517235,1148735639,0.0,1.0
鸿达苑,住宅,114.34368036699091,30.519808904167657,8512204007,2829269100,0.0,1.0
龙湖·御湖境,住宅,114.33890049463672,30.520353239088216,2861349038,2861349031,0.0,1.0
桂子花园梅花苑,住宅,114.35467659618926,30.50789256386657,4644139103,4644139106,0.0,1.0
鸿岭花园东区,住宅,114.33559364220825,30.520395287181444,2829241482,2829220483,0.0,1.0
保利·浅水湾,住宅,114.35635665792442,30.507158271808052,4644139102,4644139103,0.0,1.0
武汉大学珞桂小区,住宅,114.3562386592593,30.508725973515688,4644139112,4644139113,0.0,1.0
桂子花园,住宅,114.35636539929274,30.51000639873604,4644139109,4644139106,0.0,1.0
桂子花园一期西区,住宅,114.35673497068234,30.509992859714433,4644139109,4644139106,0.0,1.0
桂子花园一期,住宅,114.35714651094543,30.509829308680434,4644139109,4644139106,0.0,1.0
桂子花园一期东区,住宅,114.3580065700695,30.509441185405127,4644139111,4644139109,0.0,1.0
学雅芳邻二期,住宅,114.35888681586921,30.506910699077554,13712749596,13712749573,0.0,1.0
学雅芳邻,住宅,114.3603722299211,30.506842659105875,13712749574,2398938471,0.0,1.0
滨湖·文泉书苑,住宅,114.36036202507016,30.50931292823306,4644139121,4644139130,0.0,1.0
元宝山公寓,住宅,114.35420472574104,30.513014725723608,11799802305,2398938507,0.0,1.0
湖北省肿瘤医院公寓,住宅,114.36068503961853,30.505281700598797,13712749560,1150751885,0.0,1.0
学雅芳邻一期,住宅,114.36117839823915,30.50680257888802,1481937291,1481937295,0.0,1.0
鹿鸣苑,住宅,114.36123152729189,30.504701136291313,13712749560,1150751885,0.0,1.0
BOBO城锦汇,住宅,114.36078645803538,30.5107409174143,5758622295,3722243884,0.0,1.0
保利大都会,住宅,114.35978037175398,30.512392790745597,5758622295,3722243884,0.0,1.0
南苑花园,住宅,114.36073441007214,30.511908632091572,1290395232,1625350125,0.0,1.0
兰庭居,住宅,114.36251376969531,30.51013580463729,7281878582,7281878576,0.0,1.0
湖北省林业厅住宅小区,住宅,114.35887722127428,30.51384560570159,1290395091,1290395232,0.0,1.0
湖北省供销学校宿舍,住宅,114.35989816217821,30.51335633290941,1290395091,1290395232,0.0,1.0
名都花园,住宅,114.36340527184767,30.505980906322907,1625350112,13712749559,0.0,1.0
元宝山社区,住宅,114.36025275285888,30.51374772531054,1290395232,1290395091,0.0,1.0
陈家湾交警宿舍,住宅,114.36012087960712,30.51388886281952,1290395091,1290395232,0.0,1.0
翡翠城,住宅,114.36389551073007,30.50940925120922,7281878582,7281878576,0.0,1.0
虎泉社区,住宅,114.36292520169991,30.5120556858556,1272848071,2398956574,0.0,1.0
国家粮食储备局武汉科学研究设计院,住宅,114.36204793746603,30.51348439333547,1272848071,2398956574,0.0,1.0
雄楚大道355号新建居住,住宅,114.36162032982794,30.5138988323454,1146780004,1290395232,0.0,1.0
卓刀泉人大宿舍,住宅,114.36095196057438,30.514481548855358,1146780004,1290395232,0.0,1.0
粮科院家属区,住宅,114.36269529845104,30.51350254067254,1272848071,2398956574,0.0,1.0
義合世家,住宅,114.36372937876541,30.512703458396484,1625350178,2398956564,0.0,1.0
玉兰苑北区,住宅,114.35081569570117,30.516887844658697,11793760740,1290395169,0.0,1.0
建信小区,住宅,114.36269920893994,30.514484233807774,1272848071,2398956574,0.0,1.0
凯乐桂园,住宅,114.36512513548391,30.51230384083984,1625350178,2398956564,0.0,1.0
保利·涧山观奕A区,住宅,114.36156521705843,30.515828310897227,11795251397,11795251398,0.0,1.0
凯乐桂园1期,住宅,114.36579257901319,30.511949138632385,2398956564,1625350178,0.0,1.0
保利·涧山观奕B区,住宅,114.363016833404,30.51526158311931,1272848071,2398956574,0.0,1.0
保利·涧山观奕,住宅,114.36247032124128,30.515761137897773,1272848071,2398956574,0.0,1.0
阳光美墅,住宅,114.36736960247578,30.50795349180661,1625350112,10017424581,0.0,1.0
桂园印象,住宅,114.36533385202267,30.513427241776636,2398956564,1625350178,0.0,1.0
金昌花苑,住宅,114.3662420569599,30.51349812646318,2398956564,2398956553,0.0,1.0
卓刀泉街高创家园社区,住宅,114.3681957772382,30.509861973021724,2398956553,1481940371,0.0,1.0
武汉市洪山区燃料物资总公司小区,住宅,114.36332537577161,30.51711661240279,2398956570,2398956582,0.0,1.0
领秀城二期领仕馆,住宅,114.36888433485103,30.50886150822261,5758622295,3722243884,0.0,1.0
交院家属楼,住宅,114.36779087555561,30.512396659844416,2398956549,7154206506,0.0,1.0
星光苑小区,住宅,114.36560243172309,30.515534266925084,7154206506,7154206514,0.0,1.0
伏虎山小区,住宅,114.36335732029279,30.517403482404188,2398956570,2398956582,0.0,1.0
开来枫景佳园,住宅,114.36867030485837,30.511069075422462,2398956553,2398956548,0.0,1.0
领秀城天桥,住宅,114.36964093814568,30.506971252484732,5758622300,1625350151,0.0,1.0
教师小区,住宅,114.36721614673242,30.514604642568642,7154206506,7154206514,0.0,1.0
伏泉路1号小区,住宅,114.36483896555441,30.517188687324047,13698832667,2398956570,0.0,1.0
欧亚达家居(光谷店),住宅,114.37016144819816,30.508299296059043,5758622295,3722243884,0.0,1.0
城市印象,住宅,114.37062611094277,30.508437765181412,5758622295,3722243884,0.0,1.0
水利部中国科学院水工程生态研究所,住宅,114.37112791055175,30.506817733041547,1625350112,10017424581,0.0,1.0
开物里,住宅,114.37010142296104,30.50907612508621,2398956548,1625350151,0.0,1.0
桃园公寓,住宅,114.36973856342108,30.510450096303455,2398956553,2398956548,0.0,1.0
荣军医院生活小区,住宅,114.37081474120664,30.511186735162124,2398956549,7154206506,0.0,1.0
五环嘉园,住宅,114.37413382481768,30.509608961533093,1252153374,2398956549,0.0,1.0
荣校教师小区,住宅,114.36942763310418,30.5122528826986,2398956549,7154206506,0.0,1.0
五环社区(虎泉街),住宅,114.3753411160649,30.51041763058166,6205236761,6205236761,0.0,1.0
华中师大一附中洪山校区家属区,住宅,114.37750519580158,30.509578073786933,1807231933,1807231854,0.0,1.0
雄楚天地,住宅,114.37793525707406,30.506883547459896,1280132331,1252153326,0.0,1.0
金泉社区,住宅,114.3695892707945,30.515043850704046,7154206506,7154206514,0.0,1.0
保利·华都3期,住宅,114.37712310853038,30.512422515048492,1807231923,1807231920,0.0,1.0
蓝天名苑,住宅,114.3670232208113,30.51557056866714,7154206506,7154206514,0.0,1.0
尚文创业城,住宅,114.37930182688513,30.506072759685896,1252203068,1252203014,0.0,1.0
保利·华都,住宅,114.37853368198441,30.51084289042477,1807231857,1807273549,0.0,1.0
尚文小区,住宅,114.37998350003015,30.50729690486904,1280132331,1252153326,0.0,1.0
保利·华都2期,住宅,114.37867353289299,30.511961443893703,1807231923,1807231920,0.0,1.0
伏泉小区南区,住宅,114.3665775379358,30.516188899683616,7154206506,7154206514,0.0,1.0
伏泉小区,住宅,114.36633574728704,30.5161312035471,7154206506,7154206514,0.0,1.0
伏泉路5号小区,住宅,114.36614686265712,30.516654266221423,13698832667,2398956570,0.0,1.0
山泉居小区一期,住宅,114.36645956366138,30.517032777376844,13698832667,2398956570,0.0,1.0
上马庄小区,住宅,114.37959508721796,30.513428317872815,1807231923,1807231920,0.0,1.0
伏泉小区北区,住宅,114.36774142717834,30.517981992596436,13698832667,2398956570,0.0,1.0
山泉居小区,住宅,114.36650245708297,30.517838476228288,13698832667,2398956570,0.0,1.0
红星社区,住宅,114.38138280670444,30.510790904086168,1807231916,1807231905,0.0,1.0
山泉居小区二期,住宅,114.36651941467247,30.518160355964678,13698832667,2398956570,0.0,1.0
东湖·御院,住宅,114.38242868440615,30.509514636177922,1807231916,1807231905,0.0,1.0
卓豹路小区,住宅,114.37603316616165,30.51741088319736,1205404402,1282419915,0.0,1.0
林科院小区,住宅,114.3671777927942,30.51901631843788,2398956570,13698832667,0.0,1.0
华乐苑,住宅,114.38321861576011,30.508648432038264,1252153479,1807231944,0.0,1.0
省高法家属楼,住宅,114.3694639892313,30.519317658876187,1146780897,1282419952,0.0,1.0
卓刀泉派出所家属院,住宅,114.3731455582971,30.51913995589959,1282419952,1282420026,0.0,1.0
德胜山小区,住宅,114.37893400053224,30.516984702718243,13688690475,1210354196,0.0,1.0
解甲苑,住宅,114.38413940801834,30.509505660930856,8707957600,1282442280,0.0,1.0
新奥林城,住宅,114.37153448362488,30.52006325379317,2864460542,1282419819,0.0,1.0
鲁巷特一号小区,住宅,114.38813353986488,30.506532737000146,1280144163,1252153372,0.0,1.0
中船709所小区,住宅,114.38803330701045,30.509131991645642,1282442278,1282442286,0.0,1.0
华乐山庄,住宅,114.38614815220653,30.510646317492625,1282442278,1282442286,0.0,1.0
新域柠檬特区,住宅,114.38891454016907,30.507234247666748,1252153372,12047284648,0.0,1.0
华乐北苑,住宅,114.38518314426345,30.511332567174815,1330934311,12047306234,0.0,1.0
电信小区,住宅,114.3892393948127,30.5092885196054,1282442268,7281336505,0.0,1.0
双塘小区,住宅,114.38978868404669,30.506766106751954,1252153372,12047284648,0.0,1.0
领航时代(洪山区),住宅,114.38793312263388,30.51118140756402,1330934311,12047306234,0.0,1.0
小曹楚疆馆,住宅,114.39042162451334,30.508560382858974,7281336492,1194994830,0.0,1.0
滨湖小区,住宅,114.38577996323457,30.51297877607767,1330934311,12047306234,0.0,1.0
碧水花园,住宅,114.39028036062432,30.5113145869792,6419939986,1210354256,0.0,1.0
光谷中心花园2期,住宅,114.39138369781026,30.509830751787398,7281336511,1210354256,0.0,1.0
新都汇,住宅,114.3895551828013,30.51214954845308,6508153502,6508153506,0.0,1.0
芙蓉花,住宅,114.39213414537268,30.506703530109885,12047284648,12047284657,0.0,1.0
鲁巷中医小区,住宅,114.39228712874417,30.507339308437313,12047284648,12047284657,0.0,1.0
君子兰,住宅,114.3926072635304,30.506769418704675,12047284648,12047284657,0.0,1.0
光谷中心花园,住宅,114.39157265390065,30.510807411360076,7281336521,1280163397,0.0,1.0
尖东智能花园,住宅,114.39262928806727,30.5065574782659,12047284657,6418023363,0.0,1.0
宜园,住宅,114.39282734807202,30.50650345915145,12047284657,6418023363,0.0,1.0
健龙尚古杰座,住宅,114.39249596846635,30.509803524098174,7940934616,1282419737,0.0,1.0
鲁巷教师小区,住宅,114.39189664661207,30.511749052907017,6508153506,12047306222,0.0,1.0
紫菘花园,住宅,114.38979807212205,30.51378697193296,12047306207,1205476706,0.0,1.0
五公司西区,住宅,114.39298501947403,30.51078613876533,6419939986,1210354256,0.0,1.0
气象局小区南区,住宅,114.38792075790514,30.515349134258475,1205476706,12047306207,0.0,1.0
当代花园雅典苑,住宅,114.39313497591759,30.511791807779566,12047306219,12047306222,0.0,1.0
鲁巷科技苑,住宅,114.39297877013823,30.513620273767913,6486973396,6486973395,0.0,1.0
经贸委小区,住宅,114.39571936718654,30.50656211914235,1280158880,4182747503,0.0,1.0
气象局小区北区,住宅,114.38811966461176,30.5165426899055,2864431779,1205476699,0.0,1.0
银河楼,住宅,114.39058303490793,30.515629179391425,1205476706,12047306207,0.0,1.0
湖北省五建小区-北区,住宅,114.39452040814953,30.512116527367173,4807265693,1260855526,0.0,1.0
光谷世界城光谷街3号1区,住宅,114.39613541122353,30.508130631014804,1125840430,7281336620,0.0,1.0
节能科技大厦,住宅,114.39379603433899,30.513506186295245,6486973396,6486973395,0.0,1.0
明畅里社区,住宅,114.39563698360665,30.510556917133705,6419939986,1210354256,0.0,1.0
气象局小区,住宅,114.38852866133881,30.51690542806701,2864431779,1205476699,0.0,1.0
五公司小区,住宅,114.39628935588959,30.509556196024047,6486973398,6486973402,0.0,1.0
五公司小区东区,住宅,114.39633338163037,30.509490215009315,6486973404,6486973402,0.0,1.0
紫菘教师公寓,住宅,114.39526961316173,30.513067173177305,1260850886,1260855523,0.0,1.0
光谷世界城A地块,住宅,114.39727200537466,30.507484819258753,1201319397,9633499056,0.0,1.0
现代风情街B1区,住宅,114.39748618399938,30.50668106592264,1201319397,1150841564,0.0,1.0
水红番石榴,住宅,114.39776230999867,30.506878016455524,1201319397,9633499056,0.0,1.0
博雅苑(洪山区),住宅,114.39783608686113,30.509880113729025,7281336521,1280163397,0.0,1.0
光谷康园教师小区B区,住宅,114.39538451904308,30.514678670518283,2401239656,4807242104,0.0,1.0
当代花园,住宅,114.39411290633973,30.516200316197896,6508153509,6508153507,0.0,1.0
当代花园东方巴黎苑,住宅,114.39409888944067,30.51633827514712,6508153509,6508153514,0.0,1.0
加州阳光,住宅,114.39903799385534,30.50718401277133,9633499055,9633499056,0.0,1.0
省气象局阳光社区,住宅,114.3895595686846,30.519185372731137,2864431779,2864431776,0.0,1.0
中建东湖之星,住宅,114.3956995077289,30.516309149200023,2401239656,4807242104,0.0,1.0
中建三局二公司3基地南区,住宅,114.39669003458285,30.515359415318645,13926351892,13926351887,0.0,1.0
湖北省气象局桃园小区,住宅,114.39188400586411,30.51904980139109,2875733858,2864431746,0.0,1.0
新屋熊小区,住宅,114.40055191444385,30.50750111561945,7221391918,12381917909,0.0,1.0
世界城瑜樾东方,住宅,114.40017876170118,30.506451372597578,12381917927,1201319397,0.0,1.0
长青巷桥头排骨(光谷世界城店),住宅,114.40048801778028,30.505831606098955,12381917927,1201319397,0.0,1.0
湖北中医小区,住宅,114.40227018512869,30.506862655971258,9633345164,9633345171,0.0,1.0
米兰映象,住宅,114.40220123634526,30.50568399261704,12381917918,1150849631,0.0,1.0
怡景苑,住宅,114.4038885372351,30.5060333533888,12381917918,1150849631,0.0,1.0
常青藤名苑,住宅,114.40488829374829,30.50717934551457,7221391897,9631462870,0.0,1.0
常青藤名苑1期,住宅,114.4049903868296,30.50714739193947,9631462870,7221391897,0.0,1.0
翰景苑,住宅,114.40487639475812,30.50590072469791,1150849631,7221391897,0.0,1.0
武汽花园,住宅,114.40600629922426,30.507316732958568,9631488691,9631488690,0.0,1.0
关山街阳光家园,住宅,114.40640857545039,30.50852453710178,9631488691,9631488690,0.0,1.0
洪山区关山街汽发社区,住宅,114.40624768606513,30.505494379150825,1150849631,7221391897,0.0,1.0
武汽花园东区,住宅,114.40666799464559,30.506588231936206,1150849631,7221391897,0.0,1.0
武汉市洪山区关山街汽发社区,住宅,114.40649255519193,30.509682222961167,9631564679,1280163418,0.0,1.0
洪山区关山街汽发社区B楼,住宅,114.40674181549615,30.509467396730965,9631564679,1280163418,0.0,1.0
康园教师住宅小区A区,住宅,114.39819575376495,30.515912285142143,13926351892,13926351887,0.0,1.0
华润光谷长动项目,住宅,114.40949301015789,30.505798886265463,4807265712,1280163403,0.0,1.0
中建三局二公司3基地北区,住宅,114.39715620190569,30.51602721086751,13926351887,13926351892,0.0,1.0
泛悦城,住宅,114.4100114724505,30.507202764567424,4807265712,1280163403,0.0,1.0
大业花苑,住宅,114.39728119544314,30.516814968983926,13926351892,13926351887,0.0,1.0
泛悦城2期,住宅,114.41081242981559,30.50688734536724,4807265712,1280163403,0.0,1.0
泛悦城1期,住宅,114.41104174214504,30.506426628047006,4847000910,4847000912,0.0,1.0
南青公寓,住宅,114.39769534530731,30.517526759965122,4806115397,4806115391,0.0,1.0
中建东湖明珠,住宅,114.39657575463146,30.517950613017067,13926351887,4807242104,0.0,1.0
剑桥春天西区,住宅,114.41225908001101,30.508166911429562,4847000910,4847000912,0.0,1.0
人防院,住宅,114.39580039865628,30.51805060365791,4807859875,7271085110,0.0,1.0
晶华臻宝,住宅,114.3955902903473,30.518271545260298,4807242104,7271085110,0.0,1.0
卧龙剑桥春天3期,住宅,114.41276567389296,30.50871810037382,4847000910,4847000912,0.0,1.0
卧龙剑桥春天A区,住宅,114.41299996920583,30.50878624799694,4847000910,4847000912,0.0,1.0
喻家山庄,住宅,114.40117829654038,30.51946055794992,2877837891,2877837882,0.0,1.0
剑桥春天,住宅,114.41406144381185,30.507923301249477,4847000910,4847000912,0.0,1.0
剑桥立方寓,住宅,114.4140183264962,30.508605062451977,4847000910,4847000912,0.0,1.0
中航工业武仪阳光社区,住宅,114.39310136018385,30.51872667294861,6508153513,6448983531,0.0,1.0
剑桥春天1期,住宅,114.41428370039587,30.508424322621494,4847000910,4847000912,0.0,1.0
华城花园,住宅,114.41449985337219,30.51004800119539,4847000910,4847000912,0.0,1.0
金地光谷世家-北区,住宅,114.41507696536027,30.50643455447028,4847000910,4847000912,0.0,1.0
剑桥春天东区,住宅,114.4151499500792,30.507782209301887,4847000910,4847000912,0.0,1.0
闽商·世家荟,住宅,114.4160884529433,30.505863573972263,4847000910,4847000912,0.0,1.0
光谷8号小区1期,住宅,114.41695061440362,30.50706597282843,4847000910,4847000912,0.0,1.0
光谷8号小区,住宅,114.41692769247965,30.50577633875177,4847000910,4847000912,0.0,1.0
东湖广场,住宅,114.41577165417132,30.50980311694064,4847000910,4847000912,0.0,1.0
华乐花园,住宅,114.42053306160744,30.50948875083537,4847000910,1627795786,0.0,1.0
虹景花园A区,住宅,114.41754104016051,30.5123839004664,1920006881,1919974851,0.0,1.0
金地·华公馆,住宅,114.42025144398843,30.511210931551833,1920006881,1919974851,0.0,1.0
学府佳园四区,住宅,114.4211234847218,30.504547867294185,1277053869,1277053819,0.0,1.0
南益巴黎豪庭,住宅,114.42194169216407,30.506823089092137,1627795783,4847000908,0.0,1.0
学府佳园C区,住宅,114.42216427368284,30.50459600544377,1277053869,1277053819,0.0,1.0
虹景花园,住宅,114.41782033481476,30.513897697012585,286073597,1143279434,0.0,1.0
汇博苑,住宅,114.41869368185685,30.514028493495854,286073597,1143279434,0.0,1.0
学府佳园三区,住宅,114.42260308624567,30.504128644661467,1627798088,1277053869,0.0,1.0
关山街关山口社区,住宅,114.42311251789569,30.509610590367593,1140522966,4847000910,0.0,1.0
学府佳园,住宅,114.42305186779795,30.504332104282867,1277053869,1627798088,0.0,1.0
联投喻园,住宅,114.42219062323225,30.51260961604797,1920006881,1124474715,0.0,1.0
学府佳园二区,住宅,114.42427306808031,30.504611480836733,6038421910,1627798088,0.0,1.0
学府佳园一区,住宅,114.42436432091401,30.50364787909671,1277053869,1627798088,0.0,1.0
虹景花园C区,住宅,114.41845613421265,30.516032644672123,9341257264,1198286930,0.0,1.0
华中科技大学东校区生活区,住宅,114.42590882626263,30.50846738105696,1203939648,1140522966,0.0,1.0
七号地块,住宅,114.42671988021563,30.50302407085402,10030777126,1270124013,0.0,1.0
喻园小区一期,住宅,114.41903680003115,30.518923315284354,1205356306,1205356278,0.0,1.0
喻园小区,住宅,114.41866218498143,30.519167870178116,1205356278,1205356306,0.0,1.0
中铁二局生活区,住宅,114.42211299349974,30.518291774184597,5064348745,4524791279,0.0,1.0
新家园小区,住宅,114.42937788045236,30.507654364968666,1270123978,1722780872,0.0,1.0
新嘉园,住宅,114.4294580960129,30.507108644622885,1270123978,1722780872,0.0,1.0
喻园小区二期,住宅,114.41723490621007,30.520093232815793,1186770508,1205377295,0.0,1.0
金色港湾,住宅,114.17326719283872,30.522104576022123,3683236537,3578548936,0.0,1.0
金色港湾3期,住宅,114.17341671586696,30.5210271931333,3683236537,3578548936,0.0,1.0
中恒·云天国际,住宅,114.17617336741527,30.52368446230012,3683236537,3578548936,0.0,1.0
金色港湾卡璞瑞岛,住宅,114.17175886704682,30.521959807583166,3683236537,3578548936,0.0,1.0
嘎纳印象,住宅,114.17665368242925,30.52427815854184,3683236537,3578548936,0.0,1.0
金色港湾波西塔诺,住宅,114.17510518711103,30.525217003122997,3683236537,3578548936,0.0,1.0
普天居贤院2期,住宅,114.178342657981,30.52210693940337,3683236537,3578548936,0.0,1.0
金色港湾四期,住宅,114.17500084241009,30.525751639775507,3683236537,3578548936,0.0,1.0
普天居贤院,住宅,114.17847705663534,30.521887253746762,3683236537,3578548936,0.0,1.0
观澜太子湖,住宅,114.17926719070746,30.522959353621246,3683236537,3578548936,0.0,1.0
中环湖畔,住宅,114.18063153103031,30.528571033713803,3683236537,3578548936,0.0,1.0
湖北路桥大厦保障性租赁住房,住宅,114.18123412520964,30.529592788536725,3683236537,3578548936,0.0,1.0
地铁盛观尚城,住宅,114.17436948971856,30.532031449159923,317123612,8342265691,0.0,1.0
盛观尚城1期,住宅,114.17387199891085,30.53278128144804,317123612,8342265691,0.0,1.0
新华社区,住宅,114.17843503822318,30.532239865173562,317123612,8342265691,0.0,1.0
吉星锦程,住宅,114.18169628816435,30.531025154083984,317123612,8342265691,0.0,1.0
新华社区一区,住宅,114.18619198442329,30.527051350535807,3578548975,4534553728,0.0,1.0
汉阳国际公寓,住宅,114.18241723051052,30.531713218263008,317123612,8342265691,0.0,1.0
蓝月城,住宅,114.18354939918372,30.531249377279334,317123612,8342265691,0.0,1.0
金盛国际荣力广场,住宅,114.18324849159151,30.532148553218143,317123612,8342265691,0.0,1.0
新华社区二区,住宅,114.18871985279927,30.526150961966845,4537595084,1201667288,0.0,1.0
新华社区,住宅,114.18892943808599,30.525829418356537,4537595084,1201667288,0.0,1.0
青澳·都市尚巢,住宅,114.1819226768185,30.533798656940792,7295164908,8342265691,0.0,1.0
叠墅,住宅,114.17998919999468,30.534691888206446,7295164908,8342265691,0.0,1.0
武汉·雍禧兰台,住宅,114.17501703287897,30.535586488206636,317123612,8342265691,0.0,1.0
升官渡社区,住宅,114.18567419745877,30.531450035994393,4534773028,1174444524,0.0,1.0
新城佳苑,住宅,114.17753219280533,30.535587121108577,317123612,8342265691,0.0,1.0
开来·都市丰景,住宅,114.19400281291988,30.52388436274441,4836121180,4836121181,0.0,1.0
太子尚品B区,住宅,114.19508082480388,30.520622096140407,4836121181,4835991673,0.0,1.0
金太阳米兰小镇东区,住宅,114.19164743815513,30.52751739904163,8948030546,1201667288,0.0,1.0
新城璟棠,住宅,114.1962155370632,30.52212339318815,4836121181,4835991673,0.0,1.0
方岛金茂智慧科学城A7地块,住宅,114.19598565683347,30.525674911994106,8948030551,8948030549,0.0,1.0
金太阳米兰小镇西区,住宅,114.18936030457736,30.52902312062417,8948030546,8948030547,0.0,1.0
海格公馆,住宅,114.19791553702197,30.524389274705825,10822080636,8948030551,0.0,1.0
方岛金茂智慧科学城A4地块,住宅,114.19652885021763,30.527511165077303,8948030549,8948030545,0.0,1.0
翰林苑小区,住宅,114.18890396665795,30.530488879654474,8948030546,8948030547,0.0,1.0
中关村·动漫城,住宅,114.19403336686662,30.529938475447636,8948030547,8948030546,0.0,1.0
方岛金茂智慧科学城A5地块,住宅,114.19875739131197,30.526645818728113,8948030549,8185640098,0.0,1.0
四新方岛A3地块项目,住宅,114.199374676561,30.52901897299287,8948030548,8185640029,0.0,1.0
新昕广场,住宅,114.18951833391036,30.533512930648687,1174444450,1201666400,0.0,1.0
新区汉桨OPC社区,住宅,114.19648430469431,30.532540472618496,4068066761,4068066756,0.0,1.0
新城阳光国际广场一期国创星寓,住宅,114.19414834707713,30.53354648731575,1201666488,4068066761,0.0,1.0
武汉青悦城,住宅,114.19517996925164,30.533399164720667,4068066756,4068066761,0.0,1.0
誉城千里,住宅,114.19212409111327,30.534259995175375,1201666488,1201666966,0.0,1.0
青年说,住宅,114.18554255555227,30.534721740870033,4534553725,317123612,0.0,1.0
武汉恒大珺睿,住宅,114.19086370313929,30.535490523233744,1201667298,4068066784,0.0,1.0
上坤·云启都会,住宅,114.19576133623325,30.534461725980385,1201666109,4068066761,0.0,1.0
方岛金茂智慧科学城(建设中),住宅,114.19731782536685,30.527224465075573,8948030551,8948030549,0.0,1.0
方岛金茂晓棠(建设中),住宅,114.19723247811461,30.528809826331265,8948030549,8948030545,0.0,1.0
金茂观棠(建设中),住宅,114.19946097112239,30.52801142404928,8948030549,8185640098,0.0,1.0
凤凰小城,住宅,114.21280256146676,30.524859776051503,4834845246,8185645564,0.0,1.0
星光国际3期,住宅,114.21349686081629,30.525582310235222,4835990422,8185645563,0.0,1.0
悦澜天地,住宅,114.2091897486288,30.53009288994908,8185645589,8185645518,0.0,1.0
绿地·悦澜湾,住宅,114.21060473355278,30.52954676092536,8185645582,1201667395,0.0,1.0
欣隆·一号公馆,住宅,114.214598102572,30.52420992774312,7706785037,7706785179,0.0,1.0
绿地·悦澜湾一期,住宅,114.21172005284166,30.52893425251812,4836936398,1201667395,0.0,1.0
悦澜天地2期,住宅,114.20871167626542,30.530838063311684,1201667395,8185645527,0.0,1.0
星光国际1期,住宅,114.21382037014814,30.526965219779306,8185645569,8185645573,0.0,1.0
星光国际,住宅,114.21447968334975,30.526451089281352,4835990317,4835990422,0.0,1.0
星光国际2期,住宅,114.21523917468319,30.52587606824507,4835990422,7706785049,0.0,1.0
海伦堡·海悦世界,住宅,114.21671721100178,30.52248064069613,4835990304,4835990305,0.0,1.0
招商·樾望西区,住宅,114.2034789674445,30.53296054855199,1201666729,4836936419,0.0,1.0
观澜国际1期,住宅,114.21577606287738,30.527247181574538,13747437565,7706785209,0.0,1.0
太子水榭,住宅,114.21316877081158,30.530791278521786,4836936401,4836936402,0.0,1.0
纽宾凯国际社区·锦城,住宅,114.2005000143835,30.533089300181608,1201666729,4836936419,0.0,1.0
观澜国际,住宅,114.21609158073402,30.528042246469276,13747437565,7706785209,0.0,1.0
四新中央生活区,住宅,114.21811957856487,30.524330409790267,4835990310,4835990309,0.0,1.0
总港西岸社区,住宅,114.2024374630641,30.534203697411442,1201667009,1201666729,0.0,1.0
中国铁建·御湖,住宅,114.20518168886242,30.534414376187698,7705324267,1201666729,0.0,1.0
里仁楼,住宅,114.21061040055339,30.533544470684483,4836936401,8197722093,0.0,1.0
光明上海府邸二期,住宅,114.21891418846413,30.521868926569194,4835990306,4835990305,0.0,1.0
汉City国际社区,住宅,114.20108727777506,30.53454567112992,1201667009,1201666729,0.0,1.0
光明上海府邸,住宅,114.21900133358,30.521946981760014,4835990305,4835990310,0.0,1.0
锦城公寓,住宅,114.19853823932483,30.53382317273841,4537595042,1201667009,0.0,1.0
上海府邸南区,住宅,114.21918663297558,30.522208068288204,4835990310,4835990311,0.0,1.0
阳小寓四新生活区,住宅,114.2192345592744,30.52402953606725,4835990310,13747437572,0.0,1.0
十里铺城中村2期,住宅,114.1994904792009,30.53452435659198,1201667009,1201666729,0.0,1.0
纽宾凯国际社区,住宅,114.2015503214704,30.535062163545746,1201667009,1201666729,0.0,1.0
光明上海府邸一期,住宅,114.22025634706452,30.523575588405254,4835990310,4835990311,0.0,1.0
武汉正荣府,住宅,114.22255921344018,30.52267779105804,4835990311,4835990312,0.0,1.0
华公馆(汉阳店),住宅,114.22399537223549,30.523793543201588,4534667110,4835990302,0.0,1.0
汉阳·澍,住宅,114.22018796407819,30.526681540806614,4835990314,1930527270,0.0,1.0
泰璟,住宅,114.22441603930064,30.523530936471293,4835990315,4534667110,0.0,1.0
鲤鱼洲家园,住宅,114.22319998293776,30.525548382686015,4534667110,4835990302,0.0,1.0
鲤跃龙门,住宅,114.2269653132619,30.529056919018615,7705324515,7705324516,0.0,1.0
兴华·御水华城,住宅,114.22906725480638,30.528415391889954,7705324516,4834845219,0.0,1.0
招商公园1872瑞府,住宅,114.21804566263043,30.533445406873312,7705324532,7705324408,0.0,1.0
卧龙·墨水湖边2期,住宅,114.22635815866154,30.532385446580637,4834845225,7705324527,0.0,1.0
卧龙·墨水湖边1期,住宅,114.22494001317187,30.53305125600769,13747437683,13747437695,0.0,1.0
招商公园1872尚府,住宅,114.21632048497716,30.534066524951477,7705324486,7705324423,0.0,1.0
武汉市第三寄宿中学小巷家属院,住宅,114.23360343297881,30.521511774213387,4835990316,13747340563,0.0,1.0
卧龙·墨水湖边3期,住宅,114.22909100827512,30.531650360508035,4834845211,4834845221,0.0,1.0
御水澜湾2期,住宅,114.23039880203763,30.53055742120965,4834845211,4834845221,0.0,1.0
尚府3期,住宅,114.21717800218147,30.53464618189638,7705324486,7705324423,0.0,1.0
招商公园1872茂园,住宅,114.21947001265016,30.535105176934373,7705324487,7705324415,0.0,1.0
兴华御水澜湾3期,住宅,114.23069911327353,30.53135731561101,4834845221,4834845211,0.0,1.0
招商公园1872怡府,住宅,114.2145761368946,30.534934446299662,7705324485,7705324393,0.0,1.0
墨南湖畔社区,住宅,114.21342493898658,30.534654301505203,7705324507,7705324484,0.0,1.0
向阳庭苑,住宅,114.23817787743945,30.52475818342356,7706800009,7706800051,0.0,1.0
弘阳印月府1期,住宅,114.23395327703976,30.52790987889476,13747437713,7706784546,0.0,1.0
荷塘花语·臻院,住宅,114.24100161260732,30.52147471551954,6864179626,6864179631,0.0,1.0
弘阳印月府,住宅,114.23590833583366,30.528406403053665,13747437713,7706784546,0.0,1.0
汉博佳园,住宅,114.23951285438417,30.52740261073138,7705324543,2045952236,0.0,1.0
汉博佳园3期,住宅,114.23915850739863,30.527811414267802,7705324543,2045952236,0.0,1.0
弘阳印月府2期,住宅,114.23605540519041,30.529360141757486,7706784510,13747437751,0.0,1.0
前进嘉园B区,住宅,114.24353836672454,30.523180364399614,7707034991,10294432479,0.0,1.0
向阳雅居,住宅,114.24357226795047,30.524603914098417,7707034992,7707034995,0.0,1.0
向阳四村,住宅,114.24050957208588,30.528911284781802,7706800117,4834845151,0.0,1.0
境湖玥,住宅,114.23848968672785,30.53033546505748,13747437720,13747437750,0.0,1.0
汉阳墨水湖南路P(2023)040号地块,住宅,114.23849969212962,30.530379452998766,13747437720,13747437750,0.0,1.0
向阳小区,住宅,114.24440086477426,30.524142067752063,9487411568,7707034995,0.0,1.0
前进小区,住宅,114.24456284693304,30.5255766100736,7707034995,7707035023,0.0,1.0
物业小区,住宅,114.24524544070863,30.52368019453052,9487411568,7707034995,0.0,1.0
新城·春天里,住宅,114.23751167684246,30.53139589199816,7706784499,13747437720,0.0,1.0
江博小区,住宅,114.24115199777565,30.53004000310828,7706800101,13747437718,0.0,1.0
鹦鹉名邸南区,住宅,114.24331171109249,30.528974508790938,13747437716,7706800118,0.0,1.0
向阳社区,住宅,114.24623903415772,30.523640149493932,7707034995,9487411568,0.0,1.0
鹦鹉名邸,住宅,114.24354184860346,30.529242429338087,13747437718,13747437716,0.0,1.0
天创长江云栖风华,住宅,114.24649724024272,30.522941349413994,7707034995,9487411568,0.0,1.0
前进嘉园,住宅,114.24562841234274,30.526720209308454,7707035032,2045952239,0.0,1.0
天创云栖枫华,住宅,114.24716467940664,30.522063560063,9487411568,9487411567,0.0,1.0
蓝天雅苑,住宅,114.24678818903314,30.525413538363825,7707035028,7707035032,0.0,1.0
前进嘉园A区,住宅,114.24638683808033,30.526902099429993,7707035032,2045952239,0.0,1.0
鹦鹉名邸北区,住宅,114.24423524562448,30.530084166222018,7706799997,7160849911,0.0,1.0
国球进社区,住宅,114.24046217731963,30.533049937369874,13747340553,13747437747,0.0,1.0
墨湖别院,住宅,114.2384473551709,30.5337423486429,13747437747,7706784498,0.0,1.0
万福国际广场二期,住宅,114.24760553972402,30.52636214325403,1137627740,1137627699,0.0,1.0
万福国际广场,住宅,114.24806084963794,30.525405385824055,9487411571,9013079777,0.0,1.0
万福国际广场一期,住宅,114.2483810533664,30.524833519072885,9487411571,9013079777,0.0,1.0
江欣苑,住宅,114.24281906055388,30.53245536064229,7160849911,7160849915,0.0,1.0
滨江·怡畅园,住宅,114.24878151675121,30.521613471121405,2045952234,7705324241,0.0,1.0
三里民居,住宅,114.24539787776047,30.531323738245284,7706799995,7706799997,0.0,1.0
万福里,住宅,114.24934350757768,30.52463541230336,9487411571,9013079777,0.0,1.0
万福里顾客服务中心,住宅,114.24934350757768,30.52463541230336,9487411571,9013079777,0.0,1.0
洲头二村,住宅,114.24860290649315,30.527760548371013,1137627699,1137627740,0.0,1.0
长新社区,住宅,114.24992686403382,30.523335704437855,7706800127,10537165064,0.0,1.0
保和墨水湾,住宅,114.2402498350226,30.53497127816169,13747340553,13747437747,0.0,1.0
芳草苑,住宅,114.25114440395477,30.5224306987084,14050213990,14050213973,0.0,1.0
长航新村,住宅,114.25129434646315,30.523710254419708,14050213997,14050213990,0.0,1.0
铝厂小区,住宅,114.25057402937853,30.524367229475168,7706800127,10537165064,0.0,1.0
港务村,住宅,114.25181254635068,30.523400208580675,14050213997,14050213990,0.0,1.0
皇冠幸福里(建港路店),住宅,114.2499677180559,30.52522909472648,9487411572,9487411571,0.0,1.0
瑶绮园,住宅,114.24982562916735,30.525589010723397,1137627740,9487411572,0.0,1.0
龙湖春江彼岸,住宅,114.2523145861302,30.524759628313745,4835990077,14050214005,0.0,1.0
滨江·金茂府,住宅,114.25361223393985,30.521323285283174,14050213989,7707109378,0.0,1.0
知音人才公寓(洲头街道),住宅,114.2530668081362,30.524661418350384,14050213986,4835990077,0.0,1.0
两湖小区,住宅,114.25069191105482,30.52626059802863,9487411573,9487411572,0.0,1.0
复地·海上海E地块,住宅,114.25481736129427,30.522880339473986,14050213972,14050213971,0.0,1.0
新港长江城,住宅,114.25298566570092,30.526065998139384,14050213987,14050213986,0.0,1.0
复地·海上海,住宅,114.2552254052508,30.523229062889992,14050213972,14050213971,0.0,1.0
二院小区,住宅,114.25143609780574,30.527172113462303,9487411574,1233161318,0.0,1.0
复地·海上海C地块,住宅,114.25577944386855,30.52381164268793,14050213971,14050213972,0.0,1.0
红建村194号,住宅,114.24934204229977,30.53004667897482,1233161318,7707035033,0.0,1.0
轻工业设计院小区,住宅,114.25543496307071,30.528787201610502,14050214070,14050214068,0.0,1.0
杨泗港小区,住宅,114.255611968392,30.529053040555173,14050214070,14050214068,0.0,1.0
桥机小区,住宅,114.25298830010955,30.53033162697471,3972971338,9487411575,0.0,1.0
瓜堤庭院,住宅,114.25668013462307,30.528756655943983,895719146,1137627685,0.0,1.0
汉阳区鹦鹉街桥机三小区,住宅,114.25467969009716,30.53038699439155,9487411576,9487411575,0.0,1.0
路桥小区,住宅,114.25604098140516,30.529629666932863,895719146,1137627685,0.0,1.0
桥机新村,住宅,114.25472069518365,30.530420967176145,9487411576,9487411575,0.0,1.0
桥机嘉园北区,住宅,114.25254404873246,30.531807292426105,3972971338,3972971337,0.0,1.0
桥机嘉园,住宅,114.25357633672152,30.53166999172802,3972971338,3972971337,0.0,1.0
芳卉园1期,住宅,114.25757014669817,30.529538971729796,895719146,1137627685,0.0,1.0
桥机嘉园2期,住宅,114.2540364509381,30.531596848726707,3972971337,3972971338,0.0,1.0
桥机嘉园南区,住宅,114.25413347439778,30.531574819706456,3972971337,3972971338,0.0,1.0
汉阳新港长江城P(2023)042号地块,住宅,114.2599693492291,30.52767826069461,14050214034,14050214032,0.0,1.0
芳卉园4期,住宅,114.25902021051132,30.529442236543947,14050213874,895719146,0.0,1.0
汉阳1889小区,住宅,114.25161864206636,30.53319211721541,7707035049,7707035037,0.0,1.0
芳卉园,住宅,114.25845011330456,30.530446222746352,14050213874,895719146,0.0,1.0
铉龙城,住宅,114.246855551376,30.533267000146946,7706800034,7706800048,0.0,1.0
合汇景苑南区,住宅,114.25340216917988,30.533116582048525,3972971337,7160832675,0.0,1.0
金桥·港湾花园,住宅,114.255728695653,30.532435894846394,9487411576,3972971337,0.0,1.0
鹦鹉大道小区,住宅,114.25756394954038,30.531829233412225,3972971335,4835990080,0.0,1.0
江腾苑D区,住宅,114.24847828551033,30.53431144608202,7706800028,7706800034,0.0,1.0
合汇景苑,住宅,114.25413226350591,30.534027021190376,7160832674,7160832675,0.0,1.0
水木廷苑2期,住宅,114.25666674659728,30.533257203832974,9487411554,9487411576,0.0,1.0
新城丽景B区,住宅,114.24522351352876,30.53431976941929,7706800091,7160849915,0.0,1.0
金桥·港湾花园水木廷苑,住宅,114.25607263545277,30.53370732878928,9487411576,3972971337,0.0,1.0
合汇景苑北区,住宅,114.25468131930838,30.534707587102314,7160832674,7160832675,0.0,1.0
桥机二小区,住宅,114.25771681992846,30.533456626280977,9487411554,9487411576,0.0,1.0
新城丽景,住宅,114.24424684193676,30.53487360746195,7706800091,7160849915,0.0,1.0
锦绣雅苑,住宅,114.25367604535137,30.53534375672183,7160832674,7160832675,0.0,1.0
世茂锦绣长江3期,住宅,114.26026088281361,30.532971375567847,14050213880,4835990080,0.0,1.0
锦绣长江,住宅,114.2611107791192,30.53353966703916,4835990080,7160832676,0.0,1.0
世茂锦绣长江6期,住宅,114.26495699121162,30.535373376379873,9425057201,4540234732,0.0,1.0
融创望江府,住宅,114.28429304486049,30.523488268278076,1149116812,10660765811,0.0,1.0
汉悦公寓(望江府店),住宅,114.2848694455756,30.52393733049932,10660765811,1149116812,0.0,1.0
融创望江府闸口,住宅,114.28414494567961,30.526292579205467,10657877387,10303877549,0.0,1.0
山河·江景阁,住宅,114.28691219144501,30.52606576395068,10301823839,10299898632,0.0,1.0
湖北省船宿舍,住宅,114.28897433273136,30.52188506607217,10303877395,8928882892,0.0,1.0
梅花苑小区,住宅,114.28787215008522,30.526345280060102,4742253143,4742252589,0.0,1.0
堤东社区,住宅,114.28863545224132,30.524829638001282,10302514548,10302514549,0.0,1.0
平房小区,住宅,114.28953053278515,30.523974572023473,10302514548,10302514549,0.0,1.0
万福广场,住宅,114.289838257067,30.52315036884455,13847623933,14103922940,0.0,1.0
武庆花园,住宅,114.28923066004711,30.526388253767674,4742253143,4742252589,0.0,1.0
堤东大楼(万福林),住宅,114.29025473871664,30.523669572512663,13847623933,14103922940,0.0,1.0
武汉市武昌区白沙洲街阳光家园,住宅,114.28896487172551,30.527355341504233,10301823839,10302514512,0.0,1.0
解放桥小区,住宅,114.29002171841107,30.52698587017179,1149116648,4742252589,0.0,1.0
八铺街社区,住宅,114.29073491270739,30.526846827002615,10302514580,2446633747,0.0,1.0
滨江智洲,住宅,114.28934928746021,30.529175181331617,2446633751,10303877555,0.0,1.0
锦泓嘉寓,住宅,114.29138620509538,30.52625001429875,10302514580,2446633747,0.0,1.0
望江公寓,住宅,114.28915145207655,30.5298232686375,10303877549,10303877555,0.0,1.0
武汉长江天地珺廷,住宅,114.29040612220297,30.52880969975019,7707039179,2446633751,0.0,1.0
兴隆街小区,住宅,114.29289738048743,30.52647057850197,10302514580,2446633747,0.0,1.0
汇文新都A区,住宅,114.29177649115147,30.529189464921707,1215728134,5649839798,0.0,1.0
汇文新都,住宅,114.29179247255553,30.52918544133112,1215728134,5649839798,0.0,1.0
福星苑,住宅,114.29134593123943,30.52997388006487,1215728134,5649839798,0.0,1.0
长江新天地江屿,住宅,114.2902480793892,30.531405101489955,1220522236,10303877679,0.0,1.0
望山门新都,住宅,114.29078744219895,30.531598214450263,5649839794,10303877678,0.0,1.0
世纪新长江,住宅,114.29574014463203,30.52274817923677,9933758979,9933758978,0.0,1.0
九龙涺,住宅,114.29665593261943,30.523023580924754,10303877324,9933758978,0.0,1.0
武泰闸小区,住宅,114.29815187632528,30.523871809007975,10303877324,9933758978,0.0,1.0
汇文新都C区,住宅,114.2984134123416,30.525169954555647,13772869031,13772869020,0.0,1.0
新桥巷27号,住宅,114.29514353714049,30.52704478786933,3491027877,5758622965,0.0,1.0
汇文新都D区,住宅,114.29688131446498,30.526762017123655,10310299095,10303877504,0.0,1.0
武泰闸堤街小区,住宅,114.3003380780076,30.521684768732445,5758622961,1501481989,0.0,1.0
福盛苑,住宅,114.30040708895825,30.520447038673822,4539344372,1501482132,0.0,1.0
汇文新都B区,住宅,114.29601033478473,30.528094031532103,10303877478,13772869079,0.0,1.0
汇文新都E区,住宅,114.29757132233696,30.52769056718194,3488384201,3488315346,0.0,1.0
明伦天下,住宅,114.30096993261625,30.524733710006306,1220521285,1220521419,0.0,1.0
明伦小区,住宅,114.3017029688993,30.52392768887053,1220521285,1220521419,0.0,1.0
卧佛庵大院,住宅,114.29994113178226,30.52742962659362,3488384201,3488315346,0.0,1.0
康华园,住宅,114.29316381357073,30.529279254405232,1215728094,10303877533,0.0,1.0
华泰铭苑,住宅,114.30254976195918,30.52393020214229,1734808364,1220521419,0.0,1.0
起义街55社区,住宅,114.30099970035792,30.5269389546186,1220522348,9506833728,0.0,1.0
合纤大院,住宅,114.3023299493379,30.525402120951192,1220521134,1220521382,0.0,1.0
明伦公馆,住宅,114.30274442400632,30.524608643551165,1734808364,1220521419,0.0,1.0
梅山公寓,住宅,114.3027493252222,30.525670296858728,1220521134,1220521382,0.0,1.0
武泰闸蔬菜大市场宿舍,住宅,114.3036222985559,30.52295461339655,1734808344,506157801,0.0,1.0
栅栏口181号,住宅,114.3036622943517,30.52233073940135,1734808344,506157801,0.0,1.0
起重小区,住宅,114.30360627655688,30.52347847606675,1734808344,506157801,0.0,1.0
武昌区园林小区,住宅,114.29754416733823,30.52990389994004,13772869301,1220521619,0.0,1.0
特1号花园,住宅,114.29688899292529,30.53036984335519,13772869271,1220521619,0.0,1.0
兴安家园,住宅,114.29448803847133,30.53083662980994,5649839794,13772869237,0.0,1.0
中山路栅栏口,住宅,114.3042864308981,30.521784799119345,1734808344,506157801,0.0,1.0
南大门小区,住宅,114.30431221487972,30.52384710113612,4539344372,1501482132,0.0,1.0
信达·新外滩,住宅,114.29197312096404,30.530773646327457,10303877528,10303877678,0.0,1.0
湖北化肥驻汉小区,住宅,114.30443799040648,30.52431072910364,1501482132,3488383273,0.0,1.0
白鳍豚大厦,住宅,114.30376078943841,30.52651523478467,5758622965,3523483594,0.0,1.0
湖滨村小区,住宅,114.29723346975614,30.531171009552768,13772869271,1220521619,0.0,1.0
六八三小区,住宅,114.30482439719655,30.52459994491808,1501482132,3488383273,0.0,1.0
华天明珠张公苑,住宅,114.29284399782419,30.53165799112917,5649839794,13772869237,0.0,1.0
水陆小区,住宅,114.29389564145808,30.532419069277612,1220522186,12455351556,0.0,1.0
华天明珠紫阳府,住宅,114.29137170165569,30.532285090599693,5649839794,1220522236,0.0,1.0
701社区,住宅,114.3029316582535,30.53035247065788,13778138651,13778138646,0.0,1.0
民政厅小区,住宅,114.30223359252581,30.531123450760365,13772869368,13772978127,0.0,1.0
民仁小区,住宅,114.29436996691649,30.53338199240682,12455351556,1220522186,0.0,1.0
南海湾,住宅,114.30362267285828,30.530187299425016,13778138651,13778138646,0.0,1.0
铁路小区,住宅,114.30729778986763,30.5235867886045,2401209673,2401209668,0.0,1.0
江宏新村小区,住宅,114.30748767144004,30.521631059539924,1734799533,2401209646,0.0,1.0
歌笛湖社区,住宅,114.29342911554917,30.533601429276818,1220522186,12455351556,0.0,1.0
紫湖村附20号小区,住宅,114.29698460076509,30.533455680925325,13772869271,1220521619,0.0,1.0
馨都茗苑,住宅,114.29155738222305,30.533455421187913,12455351556,1220522186,0.0,1.0
紫湖村23小区,住宅,114.29694662129756,30.533796632735353,1220521619,13772869271,0.0,1.0
紫湖村,住宅,114.29692263238347,30.534033595153183,13772869271,1220521619,0.0,1.0
中国船舶总公司719所家属区,住宅,114.3056277928756,30.529397962385875,13778138631,13778138659,0.0,1.0
复兴路社区,住宅,114.29640329530928,30.534227393470893,4539344315,14058685708,0.0,1.0
紫湖村25小区,住宅,114.2969855273831,30.534291406040463,1220521619,13772869271,0.0,1.0
东海湾,住宅,114.30562274807332,30.53000277616123,13778138631,13778138659,0.0,1.0
紫笛苑小区,住宅,114.2935458697721,30.534784855670402,4539344434,14124058732,0.0,1.0
紫湖村26号小区,住宅,114.29714727984084,30.534689006098475,13772869271,1220521619,0.0,1.0
陆羽茶都A区,住宅,114.29564117874025,30.535413259556524,14058685711,4539344402,0.0,1.0
地铁·复兴城,住宅,114.29231331802792,30.535368614677694,1220522186,1220522636,0.0,1.0
大歌笛湖小区,住宅,114.29442271021509,30.535590183733056,14124058732,4539344434,0.0,1.0
北海湾,住宅,114.30384911068538,30.53287902239303,13778138655,13778138369,0.0,1.0
歌笛湖社区,住宅,114.294697361365,30.53562972655508,1220522636,14058685711,0.0,1.0
小歌笛湖社区,住宅,114.29349486226262,30.535599669489454,4539344434,14124058732,0.0,1.0
首义路178号院,住宅,114.30258686356359,30.533709986983627,13772978132,13778138657,0.0,1.0
相国花园027社区,住宅,114.3100915093899,30.523568649965682,3684963100,3488384199,0.0,1.0
虾湖院,住宅,114.31035132113261,30.52108195231955,1734799428,2401209625,0.0,1.0
江宏别墅小区,住宅,114.31176602523993,30.52206400458185,1734799647,1734799600,0.0,1.0
福达坊,住宅,114.31207848640754,30.522612246399852,2389851237,1734799602,0.0,1.0
誉城九方,住宅,114.3106534771779,30.525400023425615,1215717600,3799206016,0.0,1.0
城投·禧园,住宅,114.31307378960179,30.5240529211067,3684963100,3799206016,0.0,1.0
湖北省工建宿舍楼小区,住宅,114.31355620257183,30.5219916645167,7097958259,13927940976,0.0,1.0
三角地小区,住宅,114.31343047274503,30.521178157682385,7097958259,13927940976,0.0,1.0
凯旋名邸,住宅,114.31304670032635,30.525579486437447,2389799918,2389800330,0.0,1.0
晒湖路29号院,住宅,114.31414006302013,30.524417794635827,2389799437,838312926,0.0,1.0
张浩湾小区,住宅,114.31534817752515,30.523873680184696,2389799437,838312926,0.0,1.0
超高压小区,住宅,114.31561284285135,30.522831507990603,3488417921,3799313446,0.0,1.0
国网武汉输电检修中心小区,住宅,114.31580750192514,30.523155036019524,3488417921,3799313446,0.0,1.0
凯旋铭邸小区物业,住宅,114.31461418347997,30.52583244764036,1215717603,2389800550,0.0,1.0
紫阳村小区,住宅,114.31240954731024,30.527432091261232,2389800706,1215717600,0.0,1.0
紫阳新村特一号,住宅,114.31211798919824,30.527636572465706,2389800706,1215717600,0.0,1.0
站前·阳光,住宅,114.31327919807376,30.527122555520855,2389800809,2389800950,0.0,1.0
武昌晒湖小区,住宅,114.31632981274598,30.521403596002564,13927940995,2398924982,0.0,1.0
天华新村,住宅,114.31608928360845,30.520441355761506,1734799479,1734799552,0.0,1.0
武南一村军官楼,住宅,114.31296663182248,30.52783491531217,2389800950,2389800809,0.0,1.0
静安上城南区,住宅,114.3159320963202,30.525523047097114,2389851241,2389851514,0.0,1.0
静安上城,住宅,114.31597698960552,30.525920834881937,2389851514,838312921,0.0,1.0
武昌城市公园,住宅,114.31467395722738,30.52734085198187,2389800550,2389801437,0.0,1.0
紫阳弘苑,住宅,114.31501342768343,30.52718126023323,2389800550,2389801437,0.0,1.0
静安府,住宅,114.31706635604762,30.524492216853982,12159421472,12159421467,0.0,1.0
静安上城北区,住宅,114.31614962020659,30.526976169297708,2389801437,838312921,0.0,1.0
江宏地产世纪名苑B区,住宅,114.31802794381056,30.522816913611976,3799307717,9506884768,0.0,1.0
湖北省畜牧兽医局机关大院,住宅,114.31775924865279,30.52432694799871,12159421472,12159421467,0.0,1.0
武南新村,住宅,114.31458697027769,30.52879554911569,2389824615,838312904,0.0,1.0
万青公寓,住宅,114.31875771004742,30.523375342542785,9506884768,3799307717,0.0,1.0
江宏地产世纪名苑A区,住宅,114.31921604121867,30.522487746671118,3799307717,9506884768,0.0,1.0
江宏地产世纪名苑,住宅,114.31922103309174,30.52248773712354,3799307717,9506884768,0.0,1.0
武昌电务社区,住宅,114.316036659747,30.528618856555244,838312904,2389824615,0.0,1.0
七一九社区,住宅,114.30727521023721,30.530682556242237,13778138629,13778138631,0.0,1.0
武铁向阳小区,住宅,114.31916288012236,30.525343942248814,2389851514,5178960088,0.0,1.0
第719研究所家属楼,住宅,114.30807395731026,30.53114294509755,13778138629,13778138631,0.0,1.0
雄楚春天,住宅,114.31953770012991,30.520378794983973,11296860265,11296860266,0.0,1.0
相国寺小区,住宅,114.3156012495832,30.529893272540058,2389824615,838312904,0.0,1.0
武南村社区,住宅,114.31555931209954,30.529949334025023,2389824615,838312904,0.0,1.0
波光园一期,住宅,114.31581181799139,30.530967524942394,1215717617,838312901,0.0,1.0
波光园,住宅,114.31568999694747,30.5311626929922,1215717617,838312901,0.0,1.0
莲溪寺南村铁路小区,住宅,114.32186274773233,30.52216177874837,9506884765,9506884776,0.0,1.0
莲溪寺社区佑泉苑小区,住宅,114.32174866235067,30.525298003112557,12159485691,12159485687,0.0,1.0
涂家岭三村,住宅,114.32237172469306,30.52435010981387,12159504715,12159485692,0.0,1.0
涂家岭-一村,住宅,114.32285310874677,30.522362815948796,12159504720,2398924991,0.0,1.0
阳光小区,住宅,114.320403525435,30.529169340582474,12061869317,1150242435,0.0,1.0
省一幼家属区,住宅,114.30827340644525,30.53399165076488,11871481275,5649788632,0.0,1.0
梅苑小区三期,住宅,114.3169159349635,30.532155038867245,838312901,2398925098,0.0,1.0
涂家岭铁路小区,住宅,114.32298571606606,30.52438492118235,12159485692,12159504715,0.0,1.0
中国邮政大院,住宅,114.3124419345713,30.533916929713165,2398925153,2398925148,0.0,1.0
梅苑小区2期,住宅,114.31800620807063,30.531710104167953,838312901,2398925098,0.0,1.0
金诺雅苑,住宅,114.32262810511195,30.526651884212896,12159504725,12159504715,0.0,1.0
武昌公寓,住宅,114.31566584921487,30.53331503822278,1215717617,2398925128,0.0,1.0
涂家岭居逸楼小区,住宅,114.32145982799466,30.528835423586543,1150242435,2398925021,0.0,1.0
江零南苑,住宅,114.30779208875516,30.534583339884247,11871481275,5649788632,0.0,1.0
康欣楼,住宅,114.3231423046221,30.526170052099953,12159504715,12159504725,0.0,1.0
欣隆紫阳苑,住宅,114.30722694150946,30.534632357097784,13778138631,13778138663,0.0,1.0
银海花园南区,住宅,114.32274382926919,30.52764634356329,1150242435,2398925021,0.0,1.0
金诺雅苑物业,住宅,114.32312525698225,30.527040806208248,12159504725,12159504715,0.0,1.0
洪富楼青年旅舍(丁字桥地铁站店),住宅,114.32417483047388,30.523661870503187,12159862794,2751749936,0.0,1.0
城市印象,住宅,114.32394109777204,30.52499489513195,12159504720,2398924991,0.0,1.0
武昌晒湖东路P(2023)043号地块,住宅,114.32177924983043,30.52947560465961,1150242435,2398925021,0.0,1.0
融创静云府(建设中),住宅,114.32177924965723,30.52947760401457,1150242435,2398925021,0.0,1.0
银海花园,住宅,114.32288757240593,30.527892988681227,2398925021,1150242435,0.0,1.0
沈家湾花园小区,住宅,114.32467107481297,30.52300012893383,12159862794,12159862797,0.0,1.0
安华锦悦,住宅,114.31078240190769,30.535498514281787,1220521726,5649788634,0.0,1.0
站前小区,住宅,114.31298396472525,30.535219484210096,2398925151,11871481288,0.0,1.0
波光园二期,住宅,114.3188157926061,30.532866180841875,2398925113,2398925109,0.0,1.0
宏基社区,住宅,114.31193659808191,30.53544937462427,11871481288,11871481295,0.0,1.0
银海花园北区,住宅,114.32320900153397,30.528403208206708,1150242435,2398925021,0.0,1.0
紫阳路工程营小区,住宅,114.31711844856723,30.533989054480596,1150257040,1215717616,0.0,1.0
涂家岭社区安泰苑,住宅,114.32392592098279,30.527318181958382,1150242435,2398925021,0.0,1.0
丽岛·2046,住宅,114.32527226061136,30.52103459708478,3799320408,13930199131,0.0,1.0
向阳村涂家岭,住宅,114.32506724474163,30.525085707945156,2751749936,12159504721,0.0,1.0
百瑞景一期,住宅,114.3277411654018,30.52169666864458,10824096123,2751749952,0.0,1.0
天河国际,住宅,114.32806051815876,30.523149600835527,2751749952,2751749936,0.0,1.0
向阳佳苑B区,住宅,114.325760062673,30.52563220711604,12159504721,7154206541,0.0,1.0
弘业俊园,住宅,114.32505419754902,30.525875481141245,12159504721,7154206541,0.0,1.0
省临床检验中心宿舍,住宅,114.32464283115489,30.52634012089103,2398925021,12159504720,0.0,1.0
百瑞景六期,住宅,114.32818516771276,30.52484382558396,2751749952,2751749936,0.0,1.0
弘业俊园A座,住宅,114.32527180052875,30.526342915020635,12159504721,7154206541,0.0,1.0
涂家岭小区,住宅,114.32474764009731,30.526562848824142,2398925021,12159504720,0.0,1.0
涂家岭社区安顺苑,住宅,114.32463875755165,30.527264832663715,1150242435,2398925021,0.0,1.0
滨湖·名邸二期,住宅,114.33036585968784,30.52211654567828,10824096125,10824096123,0.0,1.0
长投珑庭,住宅,114.3262381310264,30.527349743030385,12159504721,7154206541,0.0,1.0
涂家岭社区安景苑,住宅,114.32399377647897,30.527701928742378,1150242435,2398925021,0.0,1.0
百瑞景中央生活区二期西区,住宅,114.33083990961308,30.524219982598872,12159861488,12159886775,0.0,1.0
99号公寓,住宅,114.32650262696785,30.528170973508967,12159504721,7154206541,0.0,1.0
滨湖·名邸,住宅,114.33151493413317,30.522901125449696,4849593441,12159861488,0.0,1.0
百瑞景中央生活区四期,住宅,114.32893473595583,30.527268623894003,12159886760,12159886759,0.0,1.0
滨湖名都城,住宅,114.32758185859055,30.52822289523332,12159886760,12159886759,0.0,1.0
东湖教师公寓,住宅,114.33173681547486,30.520151572838156,2829227806,9480961757,0.0,1.0
百瑞景中央生活区二期,住宅,114.33181530029523,30.52462401269945,12159886775,12159861488,0.0,1.0
丁字桥向阳佳苑,住宅,114.32369714354361,30.529073056386657,1150242435,2398925021,0.0,1.0
滨湖·名邸一期,住宅,114.33232658078488,30.52343942612358,4849593441,12159861488,0.0,1.0
向阳佳苑A区,住宅,114.32446486921428,30.52926052412845,1150242435,2398925021,0.0,1.0
岭上府,住宅,114.33232089260271,30.519957533870766,2829227806,9480961757,0.0,1.0
丁字桥公寓,住宅,114.32622996614514,30.52940209839638,11880563953,2398925021,0.0,1.0
滨湖名都城(南门),住宅,114.32685893691934,30.52940689432109,11880563953,2398925021,0.0,1.0
工行干部小区,住宅,114.32668716124329,30.5300580122694,12159504721,7154206541,0.0,1.0
百瑞景中央生活区五期西区,住宅,114.33022651179618,30.5287177054471,12159886760,12159886759,0.0,1.0
鸿岭花园西区,住宅,114.33387818023647,30.522487818794218,4849593441,12159861488,0.0,1.0
百瑞景中央生活区二期东区,住宅,114.33328988087501,30.525231048924674,12159886762,12159886759,0.0,1.0
滨湖名都城-名流苑,住宅,114.32925400892566,30.529658247843468,12159886760,12159886759,0.0,1.0
湖北省油脂公司住宅区,住宅,114.32824859886223,30.530200985809657,11880563955,11880563953,0.0,1.0
江厦新村社区,住宅,114.33413857022482,30.52473362086271,2860053104,4849593441,0.0,1.0
警官公寓,住宅,114.32559585588409,30.531109759337497,11880563953,1734799763,0.0,1.0
丁字桥社区安国苑,住宅,114.32812775472445,30.530675062622333,11880563955,11880563953,0.0,1.0
湖北省公安厅西院,住宅,114.32536519479747,30.531557055785548,11880563953,1734799763,0.0,1.0
龙湖·天玺,住宅,114.33501722197585,30.524200154924035,2860053104,4849593441,0.0,1.0
中南六十七号院,住宅,114.32186792731673,30.53151977270086,12061869317,1150242435,0.0,1.0
海居租房龙湖天玺,住宅,114.33541568767066,30.523100764230627,2860053104,4849593441,0.0,1.0
涂家岭兰苑小区,住宅,114.32846116398811,30.531218251248756,12159504721,7154206541,0.0,1.0
百瑞景中央生活区五期东区,住宅,114.33342542568093,30.527973917539576,12159886762,12159886759,0.0,1.0
时代花园西区,住宅,114.33100512351113,30.53019075629048,7154206541,10796548882,0.0,1.0
时代花园,住宅,114.33192267364286,30.529843137243557,10796548882,12159886759,0.0,1.0
中南欢乐汇2期,住宅,114.3259951111065,30.532158654332548,1734799605,11880563955,0.0,1.0
财会大院,住宅,114.32543102604156,30.532258701539217,1734799605,11880563955,0.0,1.0
石建小区,住宅,114.33597976902794,30.523442612278643,13930197853,13930197863,0.0,1.0
石牌岭115号,住宅,114.33606463594967,30.52343845685542,13930197853,13930197863,0.0,1.0
紫菘·中南特区,住宅,114.32891438076965,30.53173722001669,7154206541,10796548882,0.0,1.0
时代花园东区,住宅,114.33308884447952,30.52934810553679,10796548882,12159886759,0.0,1.0
红星家苑,住宅,114.33504393941952,30.526962224367967,12159886762,12159886759,0.0,1.0
和成天下,住宅,114.32784209216048,30.53215512665648,1734799605,11880563955,0.0,1.0
洪岭公寓,住宅,114.33622131494657,30.524298894723046,13930197853,13930197863,0.0,1.0
岭地·金居,住宅,114.33457057478807,30.52828368029368,12159886762,12159886759,0.0,1.0
岭秀华庭,住宅,114.33629311405569,30.525312439816027,13930197863,13930197876,0.0,1.0
石牌岭佳苑,住宅,114.33655378246553,30.52442624153702,13930197863,2860045413,0.0,1.0
石牌岭41号,住宅,114.33667963354637,30.523873185521758,13930197853,13930197863,0.0,1.0
省直工委党校家属楼,住宅,114.32568954160816,30.53296197738756,11880563952,1734799605,0.0,1.0
天下龙岭广场,住宅,114.336859479745,30.522408318485713,13930197853,9486211046,0.0,1.0
红岭花园,住宅,114.33682862077643,30.521341711456028,13930197853,9486211046,0.0,1.0
省国资委小区,住宅,114.32657310063699,30.532903306188928,11880563952,1734799605,0.0,1.0
紫阳东路8号小区,住宅,114.3264393016901,30.533108495063228,7154206548,7154206544,0.0,1.0
文翰苑,住宅,114.33582667550809,30.52728667000804,13930197882,2828216713,0.0,1.0
珞南街石牌园社区,住宅,114.33646577474109,30.526099870348826,13930197863,13930197876,0.0,1.0
紫东馨居,住宅,114.32564658025798,30.533326940490895,11880563952,1734799605,0.0,1.0
地铁紫阳城,住宅,114.32394536242467,30.53338518102571,1734799605,2398925097,0.0,1.0
中南花园家属区,住宅,114.32859678952985,30.532984418259286,838313738,1406772738,0.0,1.0
武汉总医院南院老职工楼,住宅,114.33511565575027,30.528918462705743,10796548882,13930197882,0.0,1.0
卓远众城,住宅,114.31985509072709,30.5329701581927,2398925109,1734799605,0.0,1.0
龙湖·御湖境二组团,住宅,114.33760245400306,30.5208904344443,1148754888,9486211046,0.0,1.0
武锅社区(江天大厦西南),住宅,114.33232287328502,30.531644800095275,1197871900,10796548886,0.0,1.0
南院小区,住宅,114.33063251620564,30.532605676878887,10796548886,838313738,0.0,1.0
建行小区,住宅,114.32502454726037,30.533923936556437,12162675625,1406772766,0.0,1.0
二聋校教师小区,住宅,114.33710275754572,30.52634262163352,13930197876,2828216718,0.0,1.0
乐水居,住宅,114.32958915628241,30.53320146051507,838313738,1406772738,0.0,1.0
中南国际汇A区,住宅,114.32894018100465,30.53355257921828,838313738,1406772738,0.0,1.0
银河苑公寓,住宅,114.32638929717375,30.534102265824664,7154206548,7154206544,0.0,1.0
银河苑公寓A座,住宅,114.32645818239946,30.53412612628422,7154206548,7154206544,0.0,1.0
武汉理工大学西社区荷花村小区,住宅,114.33833224019078,30.521846801744132,9486211046,2861349040,0.0,1.0
建发璞玥(建设中),住宅,114.33233180077967,30.532313565757523,1197871900,10796548886,0.0,1.0
龙湖御湖境东区,住宅,114.33837027012049,30.52082805315111,2861349040,9486211046,0.0,1.0
银海公寓,住宅,114.32462016496461,30.534440542206315,12162675625,1406772766,0.0,1.0
丰泽楼,住宅,114.32923966776465,30.533851911873143,838313738,1406772738,0.0,1.0
梅苑小区,住宅,114.3216220755847,30.534447288983777,2485875780,2485875765,0.0,1.0
南方帝园,住宅,114.33076619934954,30.53376204638141,1406772738,1197871900,0.0,1.0
中南新村,住宅,114.32599786563546,30.534932742381518,12162675625,1406772766,0.0,1.0
梅苑小区1期,住宅,114.32018340957191,30.534646980940156,2485875767,2485875771,0.0,1.0
中铁建家属院,住宅,114.3318554484142,30.533678017257216,1406772738,1197871900,0.0,1.0
邮电局小区,住宅,114.33208508152975,30.53364659503636,1406772738,1197871900,0.0,1.0
龙玺嘉寓(梅苑小区),住宅,114.31945958721303,30.534679356254276,2485875780,2485875771,0.0,1.0
安监局桂苑小区,住宅,114.32285597563515,30.535364621539788,2485875780,2485875765,0.0,1.0
洪珞小区,住宅,114.33746994347239,30.529124055554107,13930197876,10796548884,0.0,1.0
竹苑小区西区,住宅,114.33878311405346,30.526799408871288,2844115734,2844115732,0.0,1.0
红鑫佳园,住宅,114.31829051819093,30.534343701811828,1150257040,1215717616,0.0,1.0
武商梦时代7FC区,住宅,114.33562962887632,30.531390710249678,1197871900,13930197879,0.0,1.0
方海公寓,住宅,114.31917604433053,30.534733880937967,2485875780,2485875771,0.0,1.0
武珞路502号,住宅,114.32709302444881,30.535505460430258,1406772766,7154206544,0.0,1.0
聚豪华庭小区,住宅,114.32626836338216,30.535617999740097,1406772766,12162675625,0.0,1.0
湖北工业大学马房山校区湖工分部,住宅,114.3399707513378,30.521574922072194,2860045417,2835707681,0.0,1.0
马房山小区,住宅,114.3424520728695,30.520990686317973,2860065706,2860065705,0.0,1.0
黎明新居,住宅,114.34294030322582,30.521536655847466,2860065706,2860065705,0.0,1.0
狮城公寓,住宅,114.34398582535991,30.520910027084028,2860065703,2860065704,0.0,1.0
竹苑小区,住宅,114.33992233285747,30.52722821271182,2844115716,2844115729,0.0,1.0
竹苑小区东区,住宅,114.34057631538525,30.527512947447818,2829263275,2844115711,0.0,1.0
京韵花园,住宅,114.34089272479684,30.528805965906592,2828216718,2829263275,0.0,1.0
鹏程·蕙园,住宅,114.34431774200905,30.52780725970125,2828216817,2828216817,0.0,1.0
街道口航空大院,住宅,114.34579066612805,30.527345875228963,3692819371,3692819370,0.0,1.0
青松公寓,住宅,114.33897455545711,30.529835085227518,7414953048,2828216718,0.0,1.0
航天小区,住宅,114.34626399265775,30.52737306089635,3692819371,3692819370,0.0,1.0
武珞路小区,住宅,114.34374743134825,30.529423729875315,2828216817,1224844637,0.0,1.0
珞东教师小区,住宅,114.34796474608979,30.525914667564816,1827210269,6221318599,0.0,1.0
匠心城·中航广场,住宅,114.34655652083697,30.52805334664484,1197879673,3692819371,0.0,1.0
武珞村10附1号小区,住宅,114.34556484597763,30.528973737624298,1224844637,1159482898,0.0,1.0
福源公寓,住宅,114.33907929499843,30.53097952498382,1214524215,11873553641,0.0,1.0
逸景南湾小区,住宅,114.34721260476967,30.528021250754694,1197879673,3692819371,0.0,1.0
星城瑞景便利店,住宅,114.3440159719659,30.530201011551764,13527647593,1199792114,0.0,1.0
亚贸恒升公馆,住宅,114.33803487756181,30.531296320380623,13930197879,13930197881,0.0,1.0
珞瑜村小区,住宅,114.34930993390726,30.525668524226685,2828214531,2481909860,0.0,1.0
科技公寓,住宅,114.34931093142936,30.52568151844689,1827210269,6221318599,0.0,1.0
珞南街街道口社区,住宅,114.34194992601557,30.531251295207635,1224845045,1406772784,0.0,1.0
群光上苑,住宅,114.34917803519421,30.526548459337782,1827210269,6221318599,0.0,1.0
桂子山庄,住宅,114.35055545424083,30.52358516282935,2481909860,2828214533,0.0,1.0
珞珈山大厦,住宅,114.34477678249321,30.531199371197886,13527647596,13527647593,0.0,1.0
畔山庭院,住宅,114.34095930704319,30.53244966658165,1224845045,1406772784,0.0,1.0
映日星,住宅,114.34849271708136,30.529407669798044,1159482855,1159482853,0.0,1.0
中建开元珞珈公馆,住宅,114.34628763299261,30.53111581336112,13527647596,10651501422,0.0,1.0
歌剧院小区,住宅,114.34706248301832,30.531820275035695,10651501422,13527647596,0.0,1.0
湖北歌剧舞剧院宿舍,住宅,114.34796023523897,30.53184476418043,4052353031,10651501422,0.0,1.0
东方墨兰,住宅,114.3512570783052,30.528814366261187,1370770959,1159482855,0.0,1.0
书香门第,住宅,114.34833170441343,30.53207907071485,13696929824,1199771757,0.0,1.0
宝通花园,住宅,114.33643302887985,30.535259962690308,1406772784,1406772824,0.0,1.0
洪山公寓,住宅,114.33313433579046,30.534359390727378,1406772784,1406772824,0.0,1.0
学府鑫苑,住宅,114.34975074647465,30.532494603190074,1199771744,4162357199,0.0,1.0
珞南街广埠屯社区,住宅,114.35630013317014,30.525391708522907,1210058586,1214475497,0.0,1.0
七二二社区,住宅,114.35940895374017,30.521747401880102,11795251506,11795251507,0.0,1.0
珞南街广埠屯东湖花园,住宅,114.35722598475009,30.52627607068582,11873553648,11873553571,0.0,1.0
东湖花园A座,住宅,114.35705017490851,30.52640628474529,11873553648,11873553571,0.0,1.0
融科·珞瑜路95号院,住宅,114.36224383981794,30.523829907243776,13680149894,11873553630,0.0,1.0
广八路省纺小区,住宅,114.35804483587906,30.528820074104857,1197839355,11873553571,0.0,1.0
融创珞瑜路95号院,住宅,114.363169011619,30.52299796937856,1146781913,1159496450,0.0,1.0
七环科技公寓,住宅,114.36273127572439,30.52481395845184,13683532861,11873553583,0.0,1.0
纺织大院,住宅,114.35849825409548,30.529703143415095,1197839355,11873553571,0.0,1.0
银海雅苑,住宅,114.35969699467081,30.52918762943416,1197839355,11873553571,0.0,1.0
安卓小区,住宅,114.3640652125559,30.52246699792384,1146781913,1159496450,0.0,1.0
东湖风光,住宅,114.36424886829931,30.524463134989126,1210354215,7654235659,0.0,1.0
金桥社区,住宅,114.36482853038108,30.522279106218097,1146771949,1196691551,0.0,1.0
珞南街金桥花园2期,住宅,114.36483249266539,30.522669977866105,1146771949,1196691551,0.0,1.0
开来枫景佳园,住宅,114.3645929212757,30.520248036944878,1272848048,1180187243,0.0,1.0
天宝嘉苑,住宅,114.36168695427114,30.528883026968543,1210074934,1210074934,0.0,1.0
广八路社区,住宅,114.3585561063497,30.530662750950096,1197839355,11873553571,0.0,1.0
东湖名居,住宅,114.36505722475778,30.523426461949544,1210354215,7654235659,0.0,1.0
武电仪小区,住宅,114.35966891280208,30.530469254148247,11873553571,1197839355,0.0,1.0
金桥花园,住宅,114.3652970848264,30.52258443494268,1146771949,1196691551,0.0,1.0
银海·东湖珞珈,住宅,114.36079273717245,30.530376744145656,1197839355,2447737146,0.0,1.0
武汉市凤鸣山小区,住宅,114.36454832601217,30.527527782688825,11873553583,13683532861,0.0,1.0
市政小区,住宅,114.36632405157123,30.52420968428168,1210354215,7654235659,0.0,1.0
丰颐苑,住宅,114.36071870128895,30.53166642616654,1197839355,2447737146,0.0,1.0
武汉大学测绘社区,住宅,114.35320118028497,30.533539771869997,1199840512,1199840514,0.0,1.0
东湖·楚天府,住宅,114.3635459638563,30.530883961258507,2447737146,13683494016,0.0,1.0
珞喻硅巷广埠屯·锦里(建设中),住宅,114.35784341528571,30.524773658286957,1214475497,11873553661,0.0,1.0
珞南街四眼井社区,住宅,114.34981358726569,30.533356219765064,1199771744,4162357199,0.0,1.0
武汉大学文理学部家属东中区,住宅,114.35884754217571,30.5334514318301,2505909463,9967436546,0.0,1.0
相识里,住宅,114.35016707593672,30.53381749497675,13238420132,4162357199,0.0,1.0
桃源村小区,住宅,114.36480179644857,30.53095636262046,2447737146,1196680428,0.0,1.0
东湖公馆,住宅,114.36606976540808,30.529971140877926,13683494016,2447737146,0.0,1.0
珞珈山路19号小区,住宅,114.35060843181101,30.53450555672092,13238420132,4162357199,0.0,1.0
长汉新邨,住宅,114.36640143939037,30.530464586559795,1196680428,1827193772,0.0,1.0
风光苑,住宅,114.3675925787965,30.529057652951494,1202521087,13683494016,0.0,1.0
荣泰小区,住宅,114.34937704501654,30.534823451856134,1199766388,1199771758,0.0,1.0
誉城千里,住宅,114.369088479495,30.52834020631776,7654235659,4516248637,0.0,1.0
湖滨花园,住宅,114.37860386485715,30.519898041413843,13671958964,1282469915,0.0,1.0
武汉大学文理学院珞涵屯,住宅,114.3678611139534,30.53192041929365,4265783518,1196680453,0.0,1.0
地质医院家属区,住宅,114.36585876148897,30.532098703637814,1195154242,1195154114,0.0,1.0
武汉珞涵新邨小区,住宅,114.36675497436339,30.532384546229768,1195154114,1195154242,0.0,1.0
东湖村军转小区,住宅,114.36792095569143,30.533187938227616,1195154114,1197776359,0.0,1.0
珞珈东湖新村,住宅,114.36641021137093,30.53298875565529,1195154114,1195154242,0.0,1.0
武汉大学珞珈山公寓(东湖宿舍区),住宅,114.37024320689386,30.533289358099157,3135788300,845686557,0.0,1.0
珞珈山花园小区,住宅,114.36866836417052,30.533298062868937,1197776359,13565666140,0.0,1.0
民政厅花苑小区,住宅,114.37147521349401,30.53504050760934,3135788300,845686557,0.0,1.0
武大文理学部社区,住宅,114.36404518907032,30.53439518475384,12802547786,12802598311,0.0,1.0
武汉大学家属区,住宅,114.36377742765,30.534525480050142,12802547786,12802598311,0.0,1.0
芯源伴山水榭,住宅,114.39023248009264,30.521305506601728,2864431775,2864431776,0.0,1.0
中国地质大学国防学苑,住宅,114.39075425591103,30.52489822685807,4807108540,2864431748,0.0,1.0
南望山庄教师小区,住宅,114.39453630066633,30.52486255107223,2864434520,2864434507,0.0,1.0
菱角湖小区,住宅,114.38761127154766,30.532201910140216,4516248646,4516248596,0.0,1.0
博士后公寓,住宅,114.39618396626895,30.524925425255446,2864434522,2864434505,0.0,1.0
武汉市无线电小区,住宅,114.39723347852839,30.5247504754165,6508233850,6508233851,0.0,1.0
康逸阁,住宅,114.38878120847414,30.53377396379331,1807209562,1807209529,0.0,1.0
枫叶苑,住宅,114.3849191051995,30.53490923793306,1807209529,2716778370,0.0,1.0
沙湾村71号,住宅,114.39129959595292,30.533681256555845,4807268939,6514721039,0.0,1.0
嘉宁公寓,住宅,114.39733717158299,30.52886016194416,6514765008,6514765002,0.0,1.0
东湖阳光,住宅,114.38154663313233,30.535202076003753,2716778370,286074405,0.0,1.0
中国地质大学东区家属楼,住宅,114.4014871894044,30.523176450366236,4807102322,2864441900,0.0,1.0
华中科技大学高层小区,住宅,114.4026442648852,30.520665510400733,2877837891,4806115416,0.0,1.0
东湖风景区街道方家村109号,住宅,114.39996857144551,30.529999006081823,5869827590,5869826684,0.0,1.0
方家村79号,住宅,114.40017768563531,30.530224962981304,5869827590,4265829520,0.0,1.0
西头村162号,住宅,114.39868272754718,30.530780611428213,13696568331,4265829520,0.0,1.0
城市A馆,住宅,114.39474560511823,30.533713675827308,6514721039,6514721060,0.0,1.0
星野湖畔Hoshino Villa,住宅,114.39522576570353,30.53401353906655,6514721060,6514721043,0.0,1.0
沙湾村3号,住宅,114.39563287307247,30.534698289817804,6514721043,6514721052,0.0,1.0
沙湾村6号,住宅,114.39542575116282,30.53510816708364,6514721052,6514721043,0.0,1.0
东湖鹿遥里,住宅,114.41004511860582,30.53464216274914,6497185046,7154182732,0.0,1.0
雍禧兰台1期,住宅,114.17367706278813,30.537111499845892,9424855173,9424855172,0.0,1.0
洺悦芳华,住宅,114.17578703893186,30.537796183642737,9424855173,9424855172,0.0,1.0
轩轩开心花园,住宅,114.17286863088437,30.538377576209196,9424855173,9424855172,0.0,1.0
山水秀园,住宅,114.17289269701031,30.538412609464828,9424855173,9424855172,0.0,1.0
海伦春天4期,住宅,114.1743457945917,30.539237038692104,9424855173,9424855172,0.0,1.0
海伦春天,住宅,114.17738063892472,30.537015373336796,7296662011,7295164908,0.0,1.0
海伦春天3期,住宅,114.17732452726476,30.536469450347248,7296662011,7295164908,0.0,1.0
海伦春天2期,住宅,114.17857609125478,30.536210823738188,7296662011,7295164908,0.0,1.0
汤城西郡,住宅,114.17686987183484,30.54066222653403,9424855173,9424855172,0.0,1.0
汤城西郡物业,住宅,114.17655395229691,30.54090856344633,9424855173,9424855172,0.0,1.0
碧桂园·优璞城,住宅,114.18194044559051,30.537029628258058,7296662011,7295164908,0.0,1.0
保利香颂五期,住宅,114.1812770378477,30.54348728978595,7296662020,7295164898,0.0,1.0
城市星空潮娃街区(方圆荟奥特莱斯店),住宅,114.18414863129662,30.536037870471663,7295164908,8342265691,0.0,1.0
保利香颂一期,住宅,114.1836366944287,30.54213694427029,7295164898,7295164899,0.0,1.0
保利香颂,住宅,114.18389743188155,30.541905481702976,7295164898,7295164899,0.0,1.0
中铁十一局生活区,住宅,114.17041086007765,30.546270337057486,1136871011,1199846255,0.0,1.0
保利香颂三期,住宅,114.1866721472727,30.540152902981692,7295164904,7296662003,0.0,1.0
保利香颂二期,住宅,114.185506734644,30.543058913478593,7295164898,7295164899,0.0,1.0
陶馨阁,住宅,114.18521866908341,30.546292320756823,7296662018,7295164898,0.0,1.0
第柒居,住宅,114.19211785456261,30.536805149346918,8197771539,1201667025,0.0,1.0
汉荣苑,住宅,114.19412512330805,30.53544982739905,4068066761,4068066784,0.0,1.0
驻警家属院,住宅,114.19056737489714,30.54185792218428,8197771544,8197771541,0.0,1.0
汉欣苑,住宅,114.19508938099317,30.53756165603187,1201667154,1201666576,0.0,1.0
升官渡特一号大院,住宅,114.18971506596287,30.54260625176228,7296662003,8947854513,0.0,1.0
朗诗绿色街区,住宅,114.19020228822218,30.543326823040353,7296662003,8947854513,0.0,1.0
东投汉阳城,住宅,114.19360821632156,30.542258744584913,3683236563,3683236550,0.0,1.0
武汉市汉阳区龙阳街道汉城社区,住宅,114.19655202656962,30.537699884984615,1201666170,1201666876,0.0,1.0
汉城花园,住宅,114.19613772239464,30.540863194924682,8197771559,8197771569,0.0,1.0
名士华府,住宅,114.19091404870025,30.54456458670213,8947854514,8947854513,0.0,1.0
和昌·森林湖,住宅,114.19840560554177,30.537424791344456,9139889961,9139889940,0.0,1.0
陶馨园,住宅,114.1877686824195,30.544947175330897,8947854512,7295164899,0.0,1.0
龙阳金街,住宅,114.19491134812293,30.5443091245151,8197771569,4534773274,0.0,1.0
南国明珠一期,住宅,114.19723222841563,30.54325307651433,4534772989,7289755975,0.0,1.0
陶园社区,住宅,114.19514284719187,30.545285158986612,8197771569,4534773274,0.0,1.0
公汽宿舍,住宅,114.19551779023593,30.545276748823273,8197771569,4534773274,0.0,1.0
万科汉阳国际C区,住宅,114.18675375423608,30.547223664893234,7296662018,4534772843,0.0,1.0
万科汉阳国际D区,住宅,114.19295809058627,30.54756490824803,7296661998,4534773227,0.0,1.0
陶家岭医药物流园金鼎药业住宅楼,住宅,114.19027808515222,30.54797037805375,7296662018,7296662017,0.0,1.0
汉City国际社区·爱尚里,住宅,114.20184288959662,30.53640813663687,6106172705,7705324302,0.0,1.0
万科汉阳国际B区,住宅,114.18882419249542,30.548507758135997,7296662018,7296662017,0.0,1.0
南国明珠二期,住宅,114.20110262506219,30.542518051725644,7705324250,6106172727,0.0,1.0
南国明珠三期,住宅,114.19861333009273,30.546447082407997,3667339628,3667339627,0.0,1.0
南国明珠2期B区,住宅,114.20230946676244,30.542300837352563,7705324250,6106172727,0.0,1.0
中铁大院,住宅,114.19327375839565,30.549209855614475,7296661997,8197771601,0.0,1.0
天创产投·芳草雅境,住宅,114.20388662524803,30.536104077614347,4836937621,1201666729,0.0,1.0
龙阳南苑,住宅,114.19932297236929,30.547293848752766,3667339628,4534666336,0.0,1.0
万科汉阳国际,住宅,114.18726185609692,30.55030848440633,4534773031,2045952305,0.0,1.0
万科汉阳国际A区,住宅,114.18723778986653,30.55032543734653,4534773031,2045952305,0.0,1.0
领地·银保城(建设中),住宅,114.20064680364524,30.53955738374064,6106172730,6106172721,0.0,1.0
港口小区,住宅,114.20684298925744,30.53863715704691,7705324255,7705324311,0.0,1.0
招商公园1872御府,住宅,114.20959801827807,30.536878170634548,9424855174,7705324391,0.0,1.0
招商公园1872蔚湖轩,住宅,114.21124430330636,30.538076721222577,7705324466,9424855174,0.0,1.0
招商公园1872沁园,住宅,114.21168731935055,30.536679692619884,7705324437,7705324448,0.0,1.0
中大水墨兰轩,住宅,114.20395386911449,30.546628652672503,8197771639,7705324249,0.0,1.0
招商公园1872品园,住宅,114.21548970155446,30.536836772797933,7705324492,7705324450,0.0,1.0
水墨甲秀,住宅,114.20139395661727,30.546612087626563,3667339628,4534666336,0.0,1.0
竹韵轩B,住宅,114.20139395566461,30.546623083893984,4534666336,3667339628,0.0,1.0
水墨·清华2期,住宅,114.20697849275813,30.547807249933477,4834845172,9216077704,0.0,1.0
世纪龙城二期,住宅,114.20415414184012,30.548730209625038,8197771622,8197771610,0.0,1.0
招商公园1872璟园,住宅,114.21764369950664,30.536295090342772,7705324488,7705324492,0.0,1.0
世纪龙城,住宅,114.20354674949759,30.54885533796655,8197771622,8197771610,0.0,1.0
高路小区,住宅,114.19934394921026,30.54814558979355,9440489573,8197771652,0.0,1.0
天创云和樾,住宅,114.20098280121086,30.548779760994933,4534666335,8197771610,0.0,1.0
世纪龙城一期,住宅,114.20237302867284,30.549077633278202,8197771610,4534666335,0.0,1.0
龙阳御园,住宅,114.20115005246126,30.550435434330613,1150948074,4534666335,0.0,1.0
钰龙·旭辉半岛璞园,住宅,114.2201781481423,30.547583635035195,1459478787,8197701259,0.0,1.0
钰龙·旭辉半岛沁园,住宅,114.2171507835859,30.548220618414923,1150591377,1150591381,0.0,1.0
汉阳区桃花岛人才公寓,住宅,114.21994966831745,30.54864707185434,1150591377,1150591381,0.0,1.0
安居苑,住宅,114.22014098742652,30.548718215757205,1459478787,8197701259,0.0,1.0
桃花岛城市花园东区,住宅,114.21931953970582,30.549195321971414,1150591377,1150591381,0.0,1.0
吉星佳地,住宅,114.22111056665389,30.54926086382202,1459478787,8197701259,0.0,1.0
五玉里社区,住宅,114.22277325421875,30.549414166576017,1459478787,8197701259,0.0,1.0
桃花岛城市花园,住宅,114.21782285696455,30.549799726295543,1201667130,1150591381,0.0,1.0
南静苑小区,住宅,114.21992450299861,30.550068563397893,1150591381,1459478787,0.0,1.0
桃花岛城市花园西区,住宅,114.21734798873624,30.54997920883369,1201667130,1150591381,0.0,1.0
汉桥城市花园,住宅,114.22099828808796,30.55033140226395,1150591381,1459478787,0.0,1.0
汉桥城中花园E区,住宅,114.22170742908209,30.55065288414063,1150591381,1459478787,0.0,1.0
七里新村(麒麟路),住宅,114.22013980159622,30.550852483760266,1459478787,1150591381,0.0,1.0
丽水花园,住宅,114.23978094883186,30.540647326458934,13747437782,13747340552,0.0,1.0
水墨丹青,住宅,114.24108219279742,30.538760140406122,13747340553,13747437747,0.0,1.0
鹦鹉苑,住宅,114.23782300121628,30.54271623366143,13747080381,13747437753,0.0,1.0
江腾苑C区,住宅,114.24291062488372,30.53829744721718,7706800100,7706800092,0.0,1.0
新城丽景A区,住宅,114.24346927466192,30.535338444580326,7706800091,7160849915,0.0,1.0
汉阳下马湖小区,住宅,114.244080432427,30.538353460361524,7706800092,7706800091,0.0,1.0
广电·兰亭熙园,住宅,114.24384411282549,30.54022083779183,5758623026,7706800093,0.0,1.0
邓甲新城E区,住宅,114.24450165342705,30.53901124093728,5758623026,7706800093,0.0,1.0
名流公馆(二环线),住宅,114.24384284449646,30.54333379596576,3491054010,7441939710,0.0,1.0
名流公馆NK4区,住宅,114.24398093790681,30.543332797859296,3491054010,7441939710,0.0,1.0
江腾苑B区,住宅,114.24671913981554,30.53718972607116,7706800058,7706800066,0.0,1.0
新长江·香榭琴台墨园B区,住宅,114.24514172022494,30.542964905972287,7160849932,13747340565,0.0,1.0
江腾苑2期,住宅,114.24709121627768,30.538646206128334,7160849912,7160849914,0.0,1.0
名流公馆,住宅,114.24634455480397,30.54156430538661,4523404110,3491054010,0.0,1.0
名流公馆NK5区,住宅,114.24635856274028,30.54156430424837,4523404110,3491054010,0.0,1.0
芙蓉兴盛便利超市(江腾苑店),住宅,114.24726346000959,30.536870773878913,7706800058,7706800066,0.0,1.0
新长江·香榭琴台墨园,住宅,114.24524471477422,30.543769631540542,8967690575,7160849932,0.0,1.0
名流公馆NK3区,住宅,114.24441409771161,30.544815298536086,8967690575,7160849932,0.0,1.0
水天一色公寓,住宅,114.24317312989572,30.546241796287845,2045952302,13736028265,0.0,1.0
瑞园住宅小区,住宅,114.24672366617592,30.54273188075289,7160849932,8967690580,0.0,1.0
新长江·香榭琴台墨园A区,住宅,114.24531367667043,30.544706312978462,7160849932,5180958605,0.0,1.0
江腾苑,住宅,114.24829584747141,30.538401128171436,7706800066,7706800058,0.0,1.0
江腾苑1期,住宅,114.24831284608481,30.538512088759365,7706800058,7706800066,0.0,1.0
金源华庭,住宅,114.24343226183005,30.54682660673186,2045952302,13736028265,0.0,1.0
开来·东方华庭,住宅,114.24254455553748,30.547637289960512,13747437805,13747080377,0.0,1.0
邓甲新城B区,住宅,114.24821149734117,30.54200394090838,7160849936,8967690580,0.0,1.0
水岸人家,住宅,114.24454301542525,30.546748642532382,13736028265,13747437819,0.0,1.0
丽湖花园,住宅,114.24186296798035,30.548507941348703,13747437841,13747437805,0.0,1.0
丽湖花园一期,住宅,114.2418649695164,30.548507941526594,13747437841,13747437805,0.0,1.0
东方华尔兹,住宅,114.23678736317859,30.550081465141826,3491047951,3491054005,0.0,1.0
江腾苑A2区,住宅,114.24905894295209,30.541398001440495,7160849936,8967690580,0.0,1.0
丽湖花园二期,住宅,114.24285070415641,30.54850901035496,13747449286,13747437812,0.0,1.0
龙江庭苑C区,住宅,114.24751592683113,30.5446051628093,7160849932,8967690580,0.0,1.0
邓甲新城A区,住宅,114.2417368036906,30.549288663059926,13747437812,13747012234,0.0,1.0
广电·兰亭都荟,住宅,114.2500597358098,30.537098226856514,7706800052,7706789980,0.0,1.0
红光景观苑,住宅,114.23012075191949,30.550267707575887,8197701709,13747438015,0.0,1.0
芯引丽水岸人家店,住宅,114.24499624409376,30.547449394680807,13736028265,13747437819,0.0,1.0
龙江庭苑A区,住宅,114.2463041200613,30.546356694379583,5180958605,7160849932,0.0,1.0
康泰苑,住宅,114.25334481724418,30.537044313312432,7707035046,3972971336,0.0,1.0
江腾苑A区,住宅,114.25059157839011,30.54133869509989,4540235221,4523404110,0.0,1.0
康泰苑2期,住宅,114.25420892593677,30.53815163503672,7707035046,3972971336,0.0,1.0
江腾苑A1区,住宅,114.25090068545506,30.541424589859496,4540235221,4523404110,0.0,1.0
郡胜公寓,住宅,114.25520119166315,30.537310520318226,7707035037,7707035040,0.0,1.0
盛世名门(夹河路店),住宅,114.25527528716536,30.53634680736041,7160832674,7160832675,0.0,1.0
旅游小区,住宅,114.25521104813556,30.539000956473455,7707035046,3972971336,0.0,1.0
钢管小区,住宅,114.25568718966478,30.53825300279339,7707035037,7707035040,0.0,1.0
邓甲新城C区,住宅,114.25049939553224,30.543060140343375,10736776226,5178930097,0.0,1.0
燕归园2期,住宅,114.25181483741746,30.54330571177587,10736776226,5178930097,0.0,1.0
龙江村,住宅,114.2492127812842,30.54407107552438,5178930097,8967690580,0.0,1.0
武汉城建汉阳印象,住宅,114.25349532777093,30.54318221662988,10736776227,10736776226,0.0,1.0
人防小区,住宅,114.2560529582346,30.541558741758397,4523403987,4523404182,0.0,1.0
雅居苑小区,住宅,114.25781853173488,30.53688344985783,7160832684,7160832677,0.0,1.0
燕归园小区,住宅,114.25202080219341,30.54447825679376,10736776226,5178930097,0.0,1.0
枫桦苑1期,住宅,114.2577162787915,30.53975455071582,7160832684,9487411584,0.0,1.0
翠微福苑物业,住宅,114.256149900158,30.5423854214797,4523404182,5758623078,0.0,1.0
枫华苑,住宅,114.25826536528089,30.53907649198595,7160832677,7160832684,0.0,1.0
俭德居,住宅,114.25706606519837,30.54165423897336,5758623068,5758623078,0.0,1.0
城市晶品翠微新城,住宅,114.25584680001562,30.543063328511863,5758623083,696981355,0.0,1.0
翠微福苑,住宅,114.25704102775578,30.54206311417202,5758623068,5758623078,0.0,1.0
福星惠誉福园,住宅,114.25880152432325,30.537399759294008,7160832684,7160832677,0.0,1.0
夹河馨居,住宅,114.25774214108095,30.54137599678193,9487411580,7160875785,0.0,1.0
龙江庭苑,住宅,114.24728172626439,30.545522881024088,7160849932,5180958605,0.0,1.0
三星公寓,住宅,114.25853522344468,30.540832763592668,9487411581,7160875785,0.0,1.0
枫华锦都,住宅,114.25956037555487,30.539130760225778,7160832684,9487411584,0.0,1.0
武汉城建·明镜台,住宅,114.25072120687544,30.546227017646057,5178930097,9425060322,0.0,1.0
汉阳华立苑,住宅,114.2585231305805,30.541909410132632,9487411580,7160875785,0.0,1.0
远洋东方境世界观2号地块,住宅,114.2565978152946,30.54400767110064,5758623098,5758623083,0.0,1.0
瓜堤后地,住宅,114.25994456910531,30.536768318580926,7160832684,7160832677,0.0,1.0
龙江庭苑B区,住宅,114.2478209311631,30.546356530218073,9425060318,9425060321,0.0,1.0
汉阳福园,住宅,114.26035263418453,30.53581338980797,11878306851,7160832677,0.0,1.0
油田小区,住宅,114.26049540845898,30.538351465480677,9487411584,11878306851,0.0,1.0
知音学府,住宅,114.25951416475225,30.54159196633841,9487411580,7160875785,0.0,1.0
枫华国际,住宅,114.26070430605267,30.539394991237515,9487411584,11878306851,0.0,1.0
颐翠苑,住宅,114.25893403670214,30.543094788781627,5758623068,5758623078,0.0,1.0
中轧厂宿舍,住宅,114.26125837551054,30.53808907751921,9487411584,11878306851,0.0,1.0
夹河小区(鹦鹉大道),住宅,114.26043413510729,30.54157143063795,9487411580,9487411581,0.0,1.0
金地大成乐府二期(建设中),住宅,114.2569575587658,30.535791235979136,7160832674,7160832675,0.0,1.0
金地大成乐府(建设中),住宅,114.25838869631318,30.53527668125937,7160832677,9487411554,0.0,1.0
蓝江家园,住宅,114.26046606291288,30.5423911367028,9487411580,7160875785,0.0,1.0
福地华庭,住宅,114.25719771038337,30.54591873910178,13596029584,4540234755,0.0,1.0
大三合院,住宅,114.26041402010128,30.54292199011475,9487411580,7160875785,0.0,1.0
新长江香榭琴台东区,住宅,114.24638300551133,30.54821005762796,13747437823,1459555830,0.0,1.0
世茂锦绣长江4期,住宅,114.26269419257687,30.538222083140372,5758623050,4835990099,0.0,1.0
新长江香榭琴台,住宅,114.24446285693203,30.54798722207061,13747437820,5180959121,0.0,1.0
远洋东方境世界观8号地块,住宅,114.25872180320674,30.54577400124407,13596029585,13596029584,0.0,1.0
五里汉城,住宅,114.24755854212415,30.549336549636987,9425060318,9425060321,0.0,1.0
新长江香榭琴台西区,住宅,114.24479897884764,30.549085841675087,13747437823,1459555830,0.0,1.0
自力南苑,住宅,114.26282283526844,30.542150685479793,7288825633,7288825635,0.0,1.0
嘉怡苑,住宅,114.2628697651201,30.542881407815052,7288825639,7288825643,0.0,1.0
自力新村(鹦鹉小道),住宅,114.26281873063243,30.543375277192663,7288825615,7288825616,0.0,1.0
远洋国际天境,住宅,114.25731548527882,30.548651751654308,1150606488,10736776224,0.0,1.0
世茂锦绣长江5期,住宅,114.26471486284701,30.537540846992446,9425057202,7706800166,0.0,1.0
武汉远洋里1期,住宅,114.2569694313603,30.548923826981657,1150606500,1150606488,0.0,1.0
福星惠誉·汉阳华府,住宅,114.26257268869159,30.54429213758763,7288825617,7288825630,0.0,1.0
高森庭院,住宅,114.26183069811286,30.54529629557275,4540234761,7288820606,0.0,1.0
金源德林(武汉远洋里店),住宅,114.25691941989798,30.549000824617373,1150606488,10736776224,0.0,1.0
复地翠微新城北区,住宅,114.25200428025788,30.550491215222017,10736776223,9425060322,0.0,1.0
汉阳城,住宅,114.26110869081087,30.54620445280889,1150589797,12479760331,0.0,1.0
武汉市市政庭院,住宅,114.26219066550347,30.545169099870073,4540234761,7288820606,0.0,1.0
金江公寓,住宅,114.26487165313749,30.539547062390795,3488315346,3491030912,0.0,1.0
汉阳城1期,住宅,114.26176266034628,30.545824161496586,4540234734,1150589797,0.0,1.0
江涛庭院,住宅,114.26216364842044,30.545408037134475,4540234761,7288820606,0.0,1.0
世茂天胤,住宅,114.26710411419982,30.538368660436042,3488315346,3491030912,0.0,1.0
东星公寓,住宅,114.26496353596158,30.540650624410073,13747437765,5758623056,0.0,1.0
江景园,住宅,114.26515642072223,30.541433214284343,7288825640,5758623056,0.0,1.0
世茂锦绣长江二期,住宅,114.26647501192278,30.541897007759555,13747437765,1459192808,0.0,1.0
商誉楼,住宅,114.2683144131546,30.541496575160718,4540234735,1459192808,0.0,1.0
世贸希尔顿酒店商寓楼,住宅,114.26851434040758,30.54144641471053,4540234735,1459192808,0.0,1.0
锦绣苑,住宅,114.26495731264187,30.543265753274785,5825396613,4835990094,0.0,1.0
世茂锦绣长江,住宅,114.26804740410198,30.54276938318689,1459192808,1459192809,0.0,1.0
建安小区,住宅,114.2637405288985,30.54385146398031,5825396613,4835990094,0.0,1.0
杨泗社区水务小区,住宅,114.26494024262806,30.544128475925923,5825396613,1459192808,0.0,1.0
世茂锦绣长江1期,住宅,114.2693858057456,30.543539924079834,1459192809,1459192808,0.0,1.0
鹦鹉花园玫瑰湖畔,住宅,114.26762841407324,30.544418191463123,1459192808,1459192809,0.0,1.0
月影江畔,住宅,114.26391536564165,30.545348831312914,7288820606,5825396613,0.0,1.0
鹦鹉花园4期,住宅,114.26623078956642,30.545340048143522,7159564901,7288820604,0.0,1.0
鹦鹉花园,住宅,114.26689857880444,30.545379485045544,7159564901,7288820604,0.0,1.0
鹦鹉花园E区,住宅,114.26361537678822,30.54589886274949,7288820606,7288820604,0.0,1.0
鹦鹉花园,住宅,114.26502503124908,30.546344661311764,7288820606,7288820604,0.0,1.0
鹦鹉花园樱花园,住宅,114.26813003585895,30.546692985867935,7288820604,4517322371,0.0,1.0
碧桂园·晴川府,住宅,114.27049212143606,30.545756138453367,4269200625,12175860793,0.0,1.0
福星惠誉·汉阳城,住宅,114.26491597792266,30.547275428840813,7159564909,4540234734,0.0,1.0
福星惠誉·汉阳城云顶,住宅,114.26217447729663,30.547382359982137,11290190407,12479760331,0.0,1.0
青石小区,住宅,114.26408010408576,30.547998810519527,7288767647,7288767639,0.0,1.0
南城小区,住宅,114.26724324680659,30.547912335185323,7159564909,7288767672,0.0,1.0
江御,住宅,114.27115069704307,30.547007077129408,12175860793,4269200625,0.0,1.0
武汉四新生态新城,住宅,114.2604275719295,30.548127220227123,1150606488,9487411577,0.0,1.0
翠微路社区,住宅,114.26018657396797,30.548239327039912,1150606488,9487411577,0.0,1.0
海山·观江楼,住宅,114.26980024494239,30.54797503800233,4517322371,4517322366,0.0,1.0
共勉街28号,住宅,114.26957831089567,30.548334121789537,7288767675,7288767671,0.0,1.0
金茂樾满晴川(建设中),住宅,114.26781807334767,30.547590952379558,7159564909,7288767672,0.0,1.0
三槐一岭,住宅,114.26615947197244,30.54927776621394,9504785942,9504785943,0.0,1.0
陶家巷(群建路),住宅,114.26661132888023,30.54934837284764,9504785943,7159564908,0.0,1.0
洲尾小区,住宅,114.27240001378786,30.547424687892736,4269200635,4269200625,0.0,1.0
朗星小区,住宅,114.2709127104888,30.548203901339004,1459181644,5825396611,0.0,1.0
共勉小区,住宅,114.26965123345221,30.54886687225234,7288767669,7288767671,0.0,1.0
棉花雅苑,住宅,114.2688585418817,30.54914350284897,7288767668,7288767669,0.0,1.0
迎江华庭,住宅,114.27228603361371,30.54790963860606,4517322371,4517322366,0.0,1.0
中海寰宇天下观云府7号地块,住宅,114.26116539419007,30.54959926005755,1459181738,7288767666,0.0,1.0
江叁號院,住宅,114.27116154029113,30.548766466883148,1459181644,5825396611,0.0,1.0
远洋归元,住宅,114.25819750805559,30.54901817761688,1150606488,10736776224,0.0,1.0
中海寰宇天下·观云府,住宅,114.26738397249159,30.550543315576974,1459181732,7159564908,0.0,1.0
朗星巷,住宅,114.27218497979533,30.54916431257132,1459181644,5825396611,0.0,1.0
武汉长江天地,住宅,114.28506822151614,30.53587319790497,13608907032,1220521988,0.0,1.0
花堤街小区,住宅,114.28719660747815,30.540979481172634,11872679654,12167651014,0.0,1.0
金融街·融御滨江,住宅,114.28769985269247,30.543536891721466,1218937231,12167636261,0.0,1.0
紫阳之星,住宅,114.29130035850048,30.537233578240322,2401080977,1218937043,0.0,1.0
平湖门小区B,住宅,114.28809933392155,30.54457195733392,1218937231,12167636261,0.0,1.0
平湖门小区,住宅,114.28807735577541,30.544593982209825,12167636261,1218937231,0.0,1.0
江畔新城,住宅,114.28780960284735,30.545071213653095,1215755012,1218937132,0.0,1.0
汉飞又一城,住宅,114.28991445197931,30.543082749903032,11870638358,1215754947,0.0,1.0
金厦小区,住宅,114.29217434138248,30.537027286238462,1313976964,2401080977,0.0,1.0
彭刘杨路社区,住宅,114.28998323112987,30.544738087877484,1215755003,1218937341,0.0,1.0
彭刘杨路社区宜居家园,住宅,114.28902122891209,30.545683215497387,12167636265,12163463828,0.0,1.0
黄鹤楼道小区,住宅,114.28848776738295,30.54624581776964,1215728092,12163463828,0.0,1.0
清风巷小区,住宅,114.29026188979992,30.545013571447086,1218937341,1215755003,0.0,1.0
邮政大院,住宅,114.29214489860536,30.542566488215705,1218937499,1218937341,0.0,1.0
万商云集(武汉)科技有限公司武昌分公司,住宅,114.29339394602196,30.53606667667846,1220522636,14058685711,0.0,1.0
彭路社区,住宅,114.28980435204136,30.545686038004924,12163463835,12163463829,0.0,1.0
威宝小区,住宅,114.29287613157253,30.541244780423224,1218937503,1218937505,0.0,1.0
大陶家巷33-34号,住宅,114.29124779975245,30.544423258572497,1215755003,1218937341,0.0,1.0
乃园1号,住宅,114.2898472747719,30.546018860303985,12163463829,12163463835,0.0,1.0
乃园社区,住宅,114.29044161570539,30.54580303024273,12163463835,12167651004,0.0,1.0
解放路333号明悦公寓,住宅,114.29252836390756,30.54342859656169,1218937499,1215754727,0.0,1.0
政通体苑,住宅,114.28915295705835,30.54713952428042,12163463828,1215728092,0.0,1.0
吉祥巷小区,住宅,114.2912007717099,30.545386005837088,12167651004,12163463835,0.0,1.0
城市花园,住宅,114.29415665358705,30.540102119071424,1218937503,14058685715,0.0,1.0
中海寰宇天下,住宅,114.27351422618038,30.549278900069122,1459181644,5825396611,0.0,1.0
梳妆台小2区,住宅,114.29374402750588,30.541709244313015,1218937503,1218937447,0.0,1.0
省文化厅宿舍红色物业自治服务小区,住宅,114.2938489058272,30.541614108223694,1218937503,1218937447,0.0,1.0
读书院,住宅,114.29427447458576,30.54047080644285,14058685715,1218937503,0.0,1.0
城市花园12期,住宅,114.29454223438549,30.539363742957573,1313974511,1313974515,0.0,1.0
解放路320号小区,住宅,114.29320355796003,30.54326658340624,1218937499,1215754727,0.0,1.0
电信还建楼,住宅,114.29504186204014,30.536363925541608,1220522636,14058685711,0.0,1.0
黄鹤世家,住宅,114.29099591298029,30.546518937622793,12167651004,12163463835,0.0,1.0
紫阳·金利屋,住宅,114.29684543520914,30.537491586091917,12159031283,12159031281,0.0,1.0
武库大院,住宅,114.29708900948985,30.538709776950295,2401177371,2401177372,0.0,1.0
城市花园三期,住宅,114.29504353404111,30.54013867185676,14058685715,1218937503,0.0,1.0
新宇安居楼,住宅,114.29740459127524,30.53872024628775,2401177372,12159031281,0.0,1.0
五库村大院,住宅,114.29807376494891,30.537955375790194,2401177367,12159031281,0.0,1.0
兴华苑小区(体育街),住宅,114.29811159356962,30.539351848629533,2401177372,2401177369,0.0,1.0
719所小区,住宅,114.29863697569178,30.538307306747576,12160248371,12160248384,0.0,1.0
首义师苑,住宅,114.2954709041488,30.541122646175324,14058685616,14058685715,0.0,1.0
新宇佳苑(铜钱巷),住宅,114.29766512177407,30.54014733502112,1220522696,2401177372,0.0,1.0
湖北省奥林匹克体育中心首义大院,住宅,114.29815949636404,30.539732641124985,1218937407,2401177369,0.0,1.0
金榜名苑,住宅,114.29455004816128,30.541407048850246,1218937503,1218937447,0.0,1.0
新宇小区,住宅,114.29773788137649,30.541807658115662,14058685699,12160248386,0.0,1.0
鑫华园酒楼(彭刘杨路),住宅,114.29784171239994,30.54215936574345,14058685699,12160248386,0.0,1.0
黄鹤楼街中营社区,住宅,114.29359306251361,30.543463896622352,1218937366,7229678933,0.0,1.0
翠湖苑,住宅,114.30145835364125,30.535052525652457,12949085123,1220521837,0.0,1.0
复兴路社区工程营小区,住宅,114.30181779364372,30.535643703428168,12949085142,1220523595,0.0,1.0
首义小区南区,住宅,114.30190736563969,30.53912339632994,2401177374,2401177361,0.0,1.0
武昌首义社区,住宅,114.30225309834184,30.536518652054735,12157903481,12157903476,0.0,1.0
八卦井2号,住宅,114.2955355545028,30.544212502874547,14058678865,14058685683,0.0,1.0
首义小区,住宅,114.30237764599597,30.539692381710072,2401177374,12157903476,0.0,1.0
首义小区北区,住宅,114.30225079430977,30.540073477763073,2401177374,12157903476,0.0,1.0
扎珠前街37号,住宅,114.2949292814665,30.544742312888037,7229678933,10589533432,0.0,1.0
园丁小区,住宅,114.30373575844843,30.53886125552461,10308843305,1220522384,0.0,1.0
黄鹤楼小区1期,住宅,114.29359289012625,30.545463222038975,7229678933,7229678932,0.0,1.0
黄鹤小区,住宅,114.294414855858,30.545600855647052,7229678933,10589533432,0.0,1.0
民政小区,住宅,114.30417418292268,30.538119720129572,10308843305,1220522384,0.0,1.0
九龙井小区,住宅,114.29844165171338,30.545112359111304,5982860394,1540320825,0.0,1.0
皇冠幸福里(首义路店),住宅,114.30393738234045,30.539813579877926,1220522384,12157903476,0.0,1.0
美联·首义尚景,住宅,114.30263303046024,30.542579966763928,4516243227,317756898,0.0,1.0
大成公寓(首义公园路),住宅,114.29218855806491,30.545907292951743,12167651004,12163463835,0.0,1.0
法苑小区,住宅,114.30479741245605,30.53644815719697,11871481276,2401080972,0.0,1.0
首义四巷小区,住宅,114.30456647100382,30.53970049374121,1220522384,317756858,0.0,1.0
先贤苑,住宅,114.29462152811062,30.546388254604082,7229765806,7229765810,0.0,1.0
商会小区-南楼,住宅,114.3044785486048,30.540296452581124,1220522384,317756858,0.0,1.0
首義名居,住宅,114.30497390623012,30.53929089923688,10308843305,1220522384,0.0,1.0
江零社区,住宅,114.30509401162968,30.536020765318373,11871481276,2401080972,0.0,1.0
湖北省民主党派大楼,住宅,114.30470317431882,30.540805880245912,317756858,1220522384,0.0,1.0
武昌源著(建设中),住宅,114.2969191453297,30.539726721928158,2401177371,2401177372,0.0,1.0
春江名苑(建设中),住宅,114.29431804490825,30.544816277237278,1218937366,7229678933,0.0,1.0
江零社区,住宅,114.30559213989407,30.537560359984422,10284062793,10284062794,0.0,1.0
首义路47号小区,住宅,114.30472008543309,30.541545602612125,1220522384,317756858,0.0,1.0
首义二巷1号,住宅,114.30452832418507,30.542045778634215,317756858,1220522384,0.0,1.0
首义路101号小区,住宅,114.30620311451351,30.538877818384695,10284062793,10284062794,0.0,1.0
民主大巷1号,住宅,114.29609647078532,30.5483901636597,1218942837,12163444700,0.0,1.0
豪泰锦德,住宅,114.29846236270207,30.54813329785396,11296518785,14058685620,0.0,1.0
民主大巷3号,住宅,114.29596061011674,30.54881224322469,12163444700,1218942837,0.0,1.0
三道街8号小区,住宅,114.29843435307039,30.548682157858966,8194368738,2139758155,0.0,1.0
民主大巷小区,住宅,114.30136040385823,30.547638486565322,4516243422,4516243435,0.0,1.0
武房趣家民主路社区2期,住宅,114.30083312222095,30.54790031398053,1218865126,11389753397,0.0,1.0
民主路65号小区,住宅,114.29205042554304,30.54935433483013,317006206,316974470,0.0,1.0
司门口民主巷小区,住宅,114.29298329073993,30.549475825235735,1215728045,1215729803,0.0,1.0
民主大巷24号,住宅,114.2958646686076,30.54956914199736,3184921965,12163444700,0.0,1.0
七四三五公寓,住宅,114.30756275416448,30.542474142061966,317184183,11870638377,0.0,1.0
三道街社区,住宅,114.3007441660287,30.54883314968578,2139758155,8194368738,0.0,1.0
广福坊,住宅,114.2913462267865,30.5497253030897,1218840236,1218839825,0.0,1.0
胭脂山花园,住宅,114.30170984107662,30.54843260573374,8194368738,2139758155,0.0,1.0
政通壹公馆,住宅,114.3093025265889,30.537465611661542,11957148132,11957148136,0.0,1.0
黄鹄新园,住宅,114.30906368670388,30.53986425674487,11957148132,11957148136,0.0,1.0
半边坊,住宅,114.3032736623204,30.547725094049817,1215728315,1218865126,0.0,1.0
司门口青龙巷小区,住宅,114.2960983190799,30.550118569014586,3184921965,11389753398,0.0,1.0
烈士祠小区,住宅,114.30787921489345,30.543148336169523,1215729830,1215730772,0.0,1.0
户部巷45号底商,住宅,114.29304314558335,30.550312443520742,1215728045,1215729803,0.0,1.0
户部巷小区,住宅,114.29266759686482,30.550367018553622,1215728045,1215729803,0.0,1.0
民主路荆南街小区,住宅,114.30461275340475,30.547208883611066,1218886898,12163492912,0.0,1.0
楚材社区,住宅,114.29606133157199,30.55052848923155,7782310154,1218865146,0.0,1.0
楚材社区南区,住宅,114.2961352322949,30.550569353375682,1218865146,7782310154,0.0,1.0
育才嘉苑,住宅,114.30985654675901,30.538896112135934,11957148132,11957148136,0.0,1.0
建设科大院,住宅,114.29234197062765,30.550582456897143,1218840236,1215729803,0.0,1.0
金专苑住宅区,住宅,114.30407947213999,30.547937588735486,12163492912,12163492922,0.0,1.0
白土塘小区,住宅,114.29975542851122,30.550105418879788,14058678888,11296518784,0.0,1.0
千家鑫苑,住宅,114.31022906671244,30.537767794970286,5649788635,11957148131,0.0,1.0
育才嘉苑2期,住宅,114.3105195355207,30.5386859507346,11957148131,5649788635,0.0,1.0
华中师大一附中武昌校区家属区(南),住宅,114.31086693549719,30.53936107964385,5649788635,11957148131,0.0,1.0
中山路517号小区,住宅,114.31238669587296,30.537678795593084,11871481295,4539344453,0.0,1.0
新宏基宿舍,住宅,114.31303873619173,30.536855842353347,11871481295,4539344453,0.0,1.0
千家街83号,住宅,114.31169559098426,30.539904351605827,9587497118,5649788635,0.0,1.0
中山路501号小区,住宅,114.31274601754427,30.538956697147576,11299907819,11299907817,0.0,1.0
幸福彼岸,住宅,114.31315835795704,30.53903289625895,11299907817,11299907819,0.0,1.0
燃料小区,住宅,114.31377355505266,30.537020403432372,4742678851,4742678882,0.0,1.0
金涛铭座,住宅,114.31199206079344,30.540644549771663,5649788635,9587497118,0.0,1.0
大东门荣发小区,住宅,114.31359765844351,30.539056060888974,11299907817,11299907819,0.0,1.0
中山路社区,住宅,114.3119810445242,30.541032440841523,5649788635,9587497118,0.0,1.0
老车站路15号小区,住宅,114.31395803306123,30.539654181978044,10308023060,11299907819,0.0,1.0
平安苑,住宅,114.31490579588669,30.536461447194437,4742678851,4742678882,0.0,1.0
幸福里寓,住宅,114.31470917396959,30.53573006040394,4742678851,4742678882,0.0,1.0
绿荫苑,住宅,114.3151363812349,30.536982838205496,4742678851,4742678882,0.0,1.0
德福苑小区,住宅,114.31355856845364,30.540811549775697,12159176311,12159176309,0.0,1.0
悦心苑,住宅,114.31518924198188,30.5376115301898,4742678851,4742678882,0.0,1.0
温馨苑,住宅,114.31520124630205,30.537339597359797,4742678882,4742678851,0.0,1.0
和谐苑,住宅,114.31524612484904,30.537910323434787,4742678851,4742678882,0.0,1.0
中南财经政法大学首义校区家属院,住宅,114.31109733166535,30.54217670978039,2398925167,10308023050,0.0,1.0
康乐苑,住宅,114.31524011308763,30.538157253036736,4742678851,4742678882,0.0,1.0
武汉铁路大东门住宅小区,住宅,114.3152752106855,30.53638177328083,4742678882,4742678851,0.0,1.0
大东门社区,住宅,114.31522010306526,30.538643129851703,4742678882,4742678851,0.0,1.0
紫竹园小区,住宅,114.31524990447929,30.540382494610544,9813153836,4742678840,0.0,1.0
中天水景,住宅,114.3154934594142,30.5410068241189,1992855011,9813153836,0.0,1.0
武珞路四巷102号小区,住宅,114.31746468138023,30.53637461085372,2485874010,2485874022,0.0,1.0
吉祥人家,住宅,114.31760936675504,30.537300029389794,2485874022,2485874010,0.0,1.0
祥云山庄,住宅,114.31157332908106,30.54514282175311,1215732338,4516243372,0.0,1.0
小东门社区北区,住宅,114.3104900076983,30.545310785219282,4516243469,4516243372,0.0,1.0
小东门社区,住宅,114.31103815623291,30.5452697781762,1215732338,4516243372,0.0,1.0
水院小区,住宅,114.31891427299806,30.537009632633694,2485874010,2485874022,0.0,1.0
武珞路四巷小区,住宅,114.31850469571755,30.539814485440022,11299907777,2485874022,0.0,1.0
长春小区,住宅,114.31537341145716,30.543783120234142,1218887032,1205094857,0.0,1.0
长春社区,住宅,114.31876631680875,30.53927916347525,2485874010,2485874022,0.0,1.0
杏林苑,住宅,114.30904222286797,30.54560236897709,4516243469,4516243372,0.0,1.0
中南帝斯曼国际住宅楼,住宅,114.31885613680751,30.53966986174569,2485874010,2485874022,0.0,1.0
佳兆业广场天御,住宅,114.3192086959691,30.538136696602464,2485874022,2485874010,0.0,1.0
现代大厦,住宅,114.31394659327361,30.54493843084479,1218887032,1205094857,0.0,1.0
蛇山六坡一号小区,住宅,114.30777215341911,30.545739657538583,4516243469,4516243372,0.0,1.0
凯乐花园-龙堂,住宅,114.31805924191761,30.54185765391976,4516243501,2398925165,0.0,1.0
蛇山六坡二十号小区,住宅,114.3072878758348,30.54588049536689,4516243469,4516243372,0.0,1.0
武汉支队家属楼,住宅,114.30922088865991,30.546285807362622,1218886556,1218886898,0.0,1.0
凯乐花园-龙阁,住宅,114.31870816714486,30.542094334672264,3541539572,1205094857,0.0,1.0
舒家街小区,住宅,114.31859432681189,30.542387453968793,3541539572,1205094857,0.0,1.0
凯乐花园(舒家街),住宅,114.31842557277837,30.54271366696199,1218887032,1205094857,0.0,1.0
忠孝门77-85号小区,住宅,114.31170499533235,30.54660907842847,1218886948,1218886556,0.0,1.0
绿州广场,住宅,114.32035477844731,30.538696316674706,1197877667,838313533,0.0,1.0
紫阳东路社区居民楼,住宅,114.32047162564804,30.538258238117876,1197877760,838313533,0.0,1.0
忠孝门小区,住宅,114.30996764074844,30.54737005644264,1218886948,1218886680,0.0,1.0
建发璟玥,住宅,114.3211017069723,30.536979453642694,1197877713,1197877760,0.0,1.0
中南致知小苑,住宅,114.32093877939678,30.53921402555462,3541539571,1197871890,0.0,1.0
小东门桃源小区,住宅,114.31025016631583,30.54778539050155,1218886977,1218886948,0.0,1.0
泰安楼,住宅,114.30826920650915,30.547927002249534,1218886815,1218886680,0.0,1.0
小东门社区北区,住宅,114.31102894129674,30.547916896107814,1218886977,1218886948,0.0,1.0
武昌区粮道街民主路社区,住宅,114.30605158752113,30.547586163626335,12163492923,12163492922,0.0,1.0
湖北省应急管理厅付家坡桂苑,住宅,114.32193334721849,30.536969862218427,1197877713,1197877760,0.0,1.0
二十五中校内小区,住宅,114.31803197672512,30.545424504609368,1218886895,1150257036,0.0,1.0
洪山坊社区武珞路五巷,住宅,114.32080073403276,30.54233624735183,1205094857,1205094856,0.0,1.0
中山桥社区北区,住宅,114.31151714532444,30.548280860391948,1218886977,1215728050,0.0,1.0
怡博苑,住宅,114.31028904779544,30.548456089413698,1218886977,1218886699,0.0,1.0
湖北经济学院小区,住宅,114.30682734811268,30.54845745807264,12163492923,12163492922,0.0,1.0
法庭小区,住宅,114.322400314119,30.540062940495996,3541539571,1205094856,0.0,1.0
马应龙医院住宅区,住宅,114.32267492296049,30.53938763865855,3541539573,1197877757,0.0,1.0
广通小区,住宅,114.31182062741406,30.548758129665753,1215728050,1218886977,0.0,1.0
民主路620号小区,住宅,114.31920707287117,30.545348284242454,1150257036,1150257043,0.0,1.0
戈甲营红色物业小区,住宅,114.31024607144191,30.548953999075145,1218886699,1218886977,0.0,1.0
电信住宅区,住宅,114.31224894945964,30.548800312717013,1218886977,1215728050,0.0,1.0
朱家巷18号,住宅,114.30672047724596,30.548824527101623,12163492923,12163492922,0.0,1.0
阳光年华,住宅,114.31984805972955,30.544984180529376,1150257043,1150257036,0.0,1.0
小刘家湾社区,住宅,114.32114305930749,30.543662145417684,1150257043,1205094857,0.0,1.0
中交二航局家属楼,住宅,114.3159101940451,30.547872714875343,13842080643,4516243314,0.0,1.0
云架桥小区,住宅,114.309212634709,30.549364772929977,1218886699,1218886771,0.0,1.0
武汉二师教工宿舍小区,住宅,114.32294037442,30.540696693270245,1205094856,3541539571,0.0,1.0
金沙花园,住宅,114.31632251450158,30.548049870591775,13842080643,4516243314,0.0,1.0
金沙阁,住宅,114.31676081644012,30.54794307284061,13842080643,4516243314,0.0,1.0
民主路610号附1号,住宅,114.31870576554067,30.546767761520016,4539344457,4539344423,0.0,1.0
粮道街285号小区,住宅,114.30763403151835,30.549571604666244,1218886776,12163492923,0.0,1.0
胭脂坪19号,住宅,114.3034643172317,30.548521484160815,1218865144,2139758149,0.0,1.0
中南国际城,住宅,114.32374940637166,30.536577508838075,1197877668,3541539575,0.0,1.0
粮道街244号小区,住宅,114.30652571764935,30.54942967404751,1218887076,12163492923,0.0,1.0
煜龙山庄,住宅,114.30599651870975,30.54933166716493,1218887076,12163492923,0.0,1.0
中南规划设计院小区,住宅,114.32279349619749,30.54206551697073,1205094857,1205094856,0.0,1.0
武昌紫沙路53号小区,住宅,114.31610683213191,30.548395162873682,13842080643,4516243314,0.0,1.0
金沙苑,住宅,114.31763340179143,30.547975398510633,13842080643,4516243314,0.0,1.0
华润置地公馆,住宅,114.32081939591129,30.545880016321274,1150257036,1150257043,0.0,1.0
测绘院家属院,住宅,114.32338151109909,30.54231430579292,1205094857,1205094856,0.0,1.0
武昌紫沙路75号(甲、乙栋),住宅,114.31599594106541,30.5491980991284,13842080643,4516243314,0.0,1.0
湖北省测绘局中南大院,住宅,114.32330558888336,30.542851271089052,1205094856,1205094865,0.0,1.0
东方映象,住宅,114.32449691804969,30.53960907131774,3541539573,1197877757,0.0,1.0
小东门电子小区,住宅,114.31438746729933,30.549813937700943,11258898939,11258898945,0.0,1.0
省建材大院,住宅,114.32398359747154,30.541472433394304,1205094856,1205094860,0.0,1.0
中南龙庭,住宅,114.32174593908901,30.545204468773154,11478416218,1150257043,0.0,1.0
胭脂山桂苑小区,住宅,114.3036090209619,30.549517886296172,1218865144,2139758149,0.0,1.0
宁馨苑,住宅,114.31983786048876,30.547471355970792,12692518569,2482878639,0.0,1.0
云鹤星苑,住宅,114.3090876995019,30.550837498250296,1218887008,1218886771,0.0,1.0
武汉中南路中建广场公寓,住宅,114.32694310878699,30.53735513698172,1330929815,4517322350,0.0,1.0
石化大院,住宅,114.32764688321699,30.538226504750575,1330929815,4517322350,0.0,1.0
园里苑小区,住宅,114.32800936786013,30.537349103847816,7154206551,4517322341,0.0,1.0
鹏程时代水晶座,住宅,114.32779256166793,30.539189907021072,4517322350,4517322341,0.0,1.0
中南大公馆,住宅,114.32865938886403,30.5364211718553,7154206551,4517322338,0.0,1.0
中南路14号院,住宅,114.32848845712792,30.538839697032248,7154206551,4517322341,0.0,1.0
龙腾世家,住宅,114.32561094562594,30.54130437156452,1205094867,1205094860,0.0,1.0
湖北省住建厅家属大院,住宅,114.32824076422624,30.539951798948994,4517322341,4517322350,0.0,1.0
湖北省水利厅机关大院,住宅,114.32549509608778,30.54175644204117,1205094860,1205094867,0.0,1.0
下徐家湾小区,住宅,114.32964258830765,30.538736536639686,7154206551,4517322341,0.0,1.0
小刘家湾社区,住宅,114.32474129740736,30.54214375614621,1205094862,1205094860,0.0,1.0
中南新苑东区,住宅,114.32576159549892,30.54249468428375,1205094862,1205094860,0.0,1.0
中南新苑,住宅,114.32544909646927,30.54261924073879,1205094862,1205094860,0.0,1.0
建设厅社区,住宅,114.32953760915898,30.540458162940183,4517322335,4517322341,0.0,1.0
中南新苑西区,住宅,114.32509566315363,30.54276087007148,1205094860,1205094862,0.0,1.0
奥山星座,住宅,114.32410422656305,30.543466532757023,1205094856,1205094865,0.0,1.0
中勘大厦住宅楼,住宅,114.33037519497448,30.541092362442804,4517322335,4517322341,0.0,1.0
中南建筑设计院高层住宅,住宅,114.32839726135516,30.542801547255653,13842080238,13842080218,0.0,1.0
蓝鹰物业中南电力小区,住宅,114.32337240196047,30.543742842950902,11478416218,1205094865,0.0,1.0
虹星苑,住宅,114.33195778944882,30.539359950555678,7154206557,11202872008,0.0,1.0
中南电力设计院生活区,住宅,114.32322561184044,30.544096005410722,11478416218,1205094865,0.0,1.0
中南建筑设计院路东生活区,住宅,114.32970310947529,30.54311295932686,13842080231,13842080233,0.0,1.0
中南建筑设计院生活区,住宅,114.32830730630458,30.54397132488758,13842080238,13842080218,0.0,1.0
戎安华府,住宅,114.33192665017593,30.541537282650904,4517322335,11202872008,0.0,1.0
中南电力设计院第一生活区北苑,住宅,114.32274932149903,30.544910643803156,11478416218,1205094865,0.0,1.0
中部战区总医院师职楼,住宅,114.33061164627401,30.542998275725104,4517322335,4517322341,0.0,1.0
百合营小区,住宅,114.33193658322372,30.542123067666925,4517322335,11202872008,0.0,1.0
中南电力设计院二区南苑,住宅,114.32295092983769,30.545617018069176,11478416218,11478416226,0.0,1.0
清江花园,住宅,114.33286809259117,30.542056338683526,4517322335,11202872008,0.0,1.0
博雅中南,住宅,114.33378873213455,30.540774043806362,11202872008,7154206557,0.0,1.0
新南方小区,住宅,114.33388051281555,30.541612591899725,7154206557,11202872008,0.0,1.0
武铁洪山住宅小区北区,住宅,114.33307265879094,30.54327554547686,7154206563,11202872009,0.0,1.0
武昌区八一路武铁小区元气先锋店,住宅,114.33527635024181,30.541000198632126,1406781274,13692380527,0.0,1.0
何家垅社区,住宅,114.32207223693183,30.547139186517157,12692518570,12692518574,0.0,1.0
武铁洪山住宅小区,住宅,114.33461129191383,30.542284004315132,11202872008,1406781274,0.0,1.0
知音花园,住宅,114.32415778447793,30.54754504879189,4539344341,4539344313,0.0,1.0
洪山花园,住宅,114.32209713210615,30.547876887477727,12692518570,12692518574,0.0,1.0
南国·悦公馆,住宅,114.32781677073496,30.54783395028777,1146763186,4539344313,0.0,1.0
铁路局小区,住宅,114.33458019291722,30.5439884888853,597420919,1406781273,0.0,1.0
省委铁路局机关小区,住宅,114.33222877255962,30.546037197420116,597420913,597420919,0.0,1.0
中南电力设计院第二生活区北苑,住宅,114.32387116449705,30.54857824578571,4539344388,4539344432,0.0,1.0
中南电力设计院第二生活区南苑,住宅,114.32475570708579,30.54866652008211,4539344341,4539344395,0.0,1.0
红岭大厦,住宅,114.32720271571478,30.54850089462851,4539344341,4539344395,0.0,1.0
高知公寓,住宅,114.33606892045987,30.543072037310747,1406781220,13530610589,0.0,1.0
武汉中环-慧美居,住宅,114.33622764375794,30.5433856388639,1406781220,13530610589,0.0,1.0
省外办家属院,住宅,114.3342765337366,30.545616504278698,4539344375,1146763173,0.0,1.0
建行楼小区,住宅,114.32379623605546,30.54916818769721,4539344388,4539344432,0.0,1.0
电力社区,住宅,114.32363450050947,30.54917549532757,4539344388,4539344432,0.0,1.0
国防科工办家属院,住宅,114.33737599183345,30.541734082354594,1406781274,13692380527,0.0,1.0
拜赞庭,住宅,114.32195025648863,30.549213712407294,4539344388,4539344432,0.0,1.0
中科院武汉分院西区,住宅,114.3401258921108,30.54021459965571,1406781301,1408367568,0.0,1.0
小洪山小区,住宅,114.3408957108984,30.540393161029616,13692380591,1408367568,0.0,1.0
银海华庭,住宅,114.33835355902615,30.540778616913617,1406781274,13692380527,0.0,1.0
小洪山小区西区,住宅,114.34113831461696,30.54074661018648,1408367568,1408364586,0.0,1.0
南苑村,住宅,114.34008384759026,30.541459259385647,1408364582,13530610589,0.0,1.0
长江小区,住宅,114.34473837770453,30.536478710244506,13694252365,1406781246,0.0,1.0
核动力小区,住宅,114.34476533933754,30.536472665735726,13694252365,1406781246,0.0,1.0
南坡湾小区,住宅,114.34476533933754,30.536472665735726,13694252365,1406781246,0.0,1.0
东一路21号院,住宅,114.33812979435827,30.542048599478115,13530610589,1408364582,0.0,1.0
湖北省科学技术厅住宅小区,住宅,114.34053707561208,30.5424271217741,1408364582,13530610589,0.0,1.0
锦华苑,住宅,114.3385320928207,30.542967558629005,1408364582,13530610589,0.0,1.0
中科院武汉分院联建楼小区,住宅,114.34358955033723,30.54218080666864,1408364584,1408367592,0.0,1.0
洪侧12号院,住宅,114.34048805827791,30.543477856345778,13691971836,1408364584,0.0,1.0
公选王状元阁,住宅,114.34657058271277,30.538585882453827,1224846338,1406781339,0.0,1.0
洪山侧路32号院,住宅,114.34305326591935,30.54300646722234,1408364584,1408367592,0.0,1.0
东一路17号小区,住宅,114.33823546096592,30.54399975086021,1408364582,13530610589,0.0,1.0
农商行小区,住宅,114.34674913033966,30.540895811417613,1408367592,1408367590,0.0,1.0
地震局宿舍,住宅,114.34651642833308,30.541230093121197,1408367592,1408367590,0.0,1.0
振兴苑小区,住宅,114.34757003873933,30.54028163664191,13692380697,13692380713,0.0,1.0
百乐园,住宅,114.34288439300998,30.544405292196945,8997889204,597420882,0.0,1.0
固体潮小区,住宅,114.34840127610387,30.535897705536645,10651501422,13527649759,0.0,1.0
星星新城,住宅,114.3482312007162,30.539433817262854,13692380713,13692380697,0.0,1.0
东三苑,住宅,114.34336366980085,30.544608383933667,8997889202,8997889204,0.0,1.0
北坡山庄,住宅,114.34746607519519,30.54151739773265,1408367592,1408369130,0.0,1.0
东一路28号小区,住宅,114.33616760800538,30.54487924577551,13691971835,4539344375,0.0,1.0
中科新苑,住宅,114.34884051002754,30.53781334740886,1224846338,12473644511,0.0,1.0
银海山庄,住宅,114.34804831980418,30.54094961571199,1408369130,2288656705,0.0,1.0
就业小区,住宅,114.33698229236181,30.545332592640115,13691971835,4539344375,0.0,1.0
张家湾小区,住宅,114.34059770745353,30.54559894356954,13503326393,13838040089,0.0,1.0
茶港社区,住宅,114.34741108478242,30.542283233200468,1408369138,1408369113,0.0,1.0
省委宣传部小区,住宅,114.33731275034081,30.545637883024337,4539344344,4539343781,0.0,1.0
茶港社区北区,住宅,114.34757884924176,30.542313941989985,1408369138,1408369113,0.0,1.0
东一路24号小区,住宅,114.33628636511844,30.545526807565412,4539344344,4539343781,0.0,1.0
氪空间武汉科技创业大厦社区,住宅,114.34995395132731,30.53849729890785,1199764889,2288655186,0.0,1.0
红星大院,住宅,114.34764362641448,30.543839320669964,13695577049,1408369118,0.0,1.0
茶港军转小区,住宅,114.34958311428615,30.542315628737597,1370792972,1199766388,0.0,1.0
兰溪谷,住宅,114.34195752439253,30.54720497723675,597420896,13838040089,0.0,1.0
东湖8号,住宅,114.34009031668539,30.54743922856059,13838040089,13503350709,0.0,1.0
东一小区,住宅,114.33563424749882,30.547176452285978,1146763189,4516243337,0.0,1.0
京审小区,住宅,114.34974082928521,30.543159088165996,1370792972,1199766388,0.0,1.0
茶港新村东院5-3号小区,住宅,114.34897178210826,30.54411402546333,13583599773,1146763175,0.0,1.0
武汉大学茶港新村,住宅,114.3489587954438,30.544163030295824,13583599773,1146763175,0.0,1.0
桃山村,住宅,114.34468751251315,30.54724319077331,8997889202,8997889203,0.0,1.0
悦品天下水果湖线下体验店,住宅,114.33927249627935,30.54822843385008,597420892,13530610622,0.0,1.0
洪山路39号小区,住宅,114.33943124939785,30.54827213202173,597420892,13530610622,0.0,1.0
洪山路69号小区,住宅,114.33999238819962,30.54832810148339,597420892,13530610622,0.0,1.0
水果湖横路7号小区,住宅,114.33771785337628,30.548702098718,617564331,597420860,0.0,1.0
银河卢,住宅,114.33762499116871,30.548776243154737,617564331,597420860,0.0,1.0
水果湖路188-190号小区,住宅,114.34072918056897,30.549363425941593,13702327981,13369051339,0.0,1.0
水果湖欧式一条街小区,住宅,114.33960287944736,30.549506400046244,13702327981,13369051339,0.0,1.0
北环南苑小区,住宅,114.3350520051784,30.549039895799805,5758615079,5758615073,0.0,1.0
德华楼(水果湖店),住宅,114.33811216079319,30.549635059568168,617564335,617564331,0.0,1.0
水生科技苑,住宅,114.34905845356485,30.546533064043047,13537155085,13537155081,0.0,1.0
供暖小区,住宅,114.3471509673038,30.54778180996109,8997889203,13530610683,0.0,1.0
水果湖横路41号,住宅,114.3386233587058,30.549779079871207,13530610610,13530610615,0.0,1.0
温馨家园,住宅,114.34175160624712,30.549793457704066,13702327981,13702327976,0.0,1.0
舒心苑,住宅,114.34058035410361,30.549954489635475,13702327981,13369051339,0.0,1.0
武汉大学工学部家属区,住宅,114.35125565821211,30.54510898712319,1370792972,1199766388,0.0,1.0
北环路27-29号小区,住宅,114.33496010490046,30.549565886365233,5758615079,5758615073,0.0,1.0
北环路18、19、19-1号大院,住宅,114.3351557863872,30.54966648854376,5758615073,5758615079,0.0,1.0
楚天都市花园7站,住宅,114.3335563510813,30.549413555653597,1150257051,1150257067,0.0,1.0
东湖上领,住宅,114.34814256596125,30.548104042650003,4516243585,13530610654,0.0,1.0
东南楼,住宅,114.36124451513066,30.5390462913348,13239968036,13246423610,0.0,1.0
珞珈社区,住宅,114.35284047064859,30.546869888045904,1199764915,1370793167,0.0,1.0
武汉大学9区,住宅,114.3686381485516,30.536029200697328,1195154114,1197776359,0.0,1.0
沙湾村301号,住宅,114.38146652559442,30.536652649914608,2716778370,286074405,0.0,1.0
东湖医院康健楼2号门鑫源雅居,住宅,114.38894201019016,30.536216107021573,2716778370,4807268939,0.0,1.0
东湖医院职工之家,住宅,114.39526650868416,30.537141507681433,6514721060,6514721043,0.0,1.0
武汉市东湖磨山揽翠园艺场小区,住宅,114.39914114865205,30.540463469229596,7154171931,7154150111,0.0,1.0
山水揽翠,住宅,114.40758430224477,30.536443253971747,13566884897,13805272231,0.0,1.0
磨山小区,住宅,114.40136018647813,30.545079254314167,1371798985,1371799463,0.0,1.0
在水一方·湖滨庄园(洪山店),住宅,114.40879255380814,30.5366248065279,13807376870,13805272232,0.0,1.0
小李村173号,住宅,114.4088455566632,30.537248628953254,13809579753,7154150088,0.0,1.0
东湖悦里,住宅,114.40904037982065,30.541702252835552,7836434351,13807376214,0.0,1.0
大李村156号,住宅,114.40929359778002,30.542392161090216,13807322972,13807376214,0.0,1.0
大李村159号,住宅,114.40968302534903,30.54246735603874,7836434351,13807376207,0.0,1.0
东湖怡园,住宅,114.40948471119484,30.543522888265876,13807322966,13807376209,0.0,1.0
大李村264号,住宅,114.40919836549672,30.543850617874064,6497186064,13807322998,0.0,1.0
广电计量大院,住宅,114.41398987762284,30.536274305324838,6497185986,6497296610,0.0,1.0
中国科学院武汉植物园小区,住宅,114.41125655907194,30.54588916107653,13807376514,1371799436,0.0,1.0
傅家村47号,住宅,114.4158825500765,30.535787998621608,6497296610,6497185986,0.0,1.0
东湖家·境界,住宅,114.41952397934209,30.537342884954157,7836434209,7836434208,0.0,1.0
东头村222号,住宅,114.41670216400065,30.542453497508813,13807376499,13807376514,0.0,1.0
丰华园,住宅,114.42105952862337,30.53728451356184,7836434209,7836434208,0.0,1.0
七处二所小区,住宅,114.18695687062032,30.5521983111944,4534772857,9425819491,0.0,1.0
米粮新家园,住宅,114.16592846808173,30.56246929620821,5810571007,12579566020,0.0,1.0
龙阳湖健康谷,住宅,114.19154403347781,30.552172029460948,1150947742,8197771585,0.0,1.0
华航公寓,住宅,114.19201631858749,30.551499033940697,4534773012,8197771600,0.0,1.0
天润御品,住宅,114.19181961595055,30.553717946660147,2045952326,1150947910,0.0,1.0
正山堂巴东红汉阳店,住宅,114.1925134187886,30.55364110329487,1150947910,2045952326,0.0,1.0
悦城街区,住宅,114.19322325221731,30.55355827854725,2045952326,8197771599,0.0,1.0
银孚汉阳首府,住宅,114.19535284983752,30.55135641790824,7296661995,10736776222,0.0,1.0
汉阳人信汇天悦,住宅,114.19668895084023,30.55405655763421,10736776222,8197771709,0.0,1.0
新澳·蓝草坪,住宅,114.1974346631536,30.55554518016954,8197771708,8197771716,0.0,1.0
麦迪森广场,住宅,114.1982930502223,30.552239621920272,4534772656,8197771709,0.0,1.0
磨山东苑,住宅,114.19251390918981,30.559536046087548,6397662631,5810570966,0.0,1.0
人信汇,住宅,114.1987892168317,30.552687209209843,4534772656,8197771709,0.0,1.0
龙阳熙苑西区,住宅,114.19763399542025,30.557363848011306,8197771717,8197771702,0.0,1.0
中国铁建·花语汀澜,住宅,114.19365276367947,30.56034359627289,6397662631,5810570966,0.0,1.0
文杉学府,住宅,114.1993604275651,30.554635381527632,8197771716,8197771709,0.0,1.0
龙阳西苑,住宅,114.19813513522824,30.558364254158295,8197771702,8197771720,0.0,1.0
磨山南苑,住宅,114.18847709522409,30.56202546953644,6397662652,6397662655,0.0,1.0
龙阳熙苑,住宅,114.19946745512773,30.557292613281042,8197771717,8197771724,0.0,1.0
中国铁建国际城1期,住宅,114.19320845435226,30.562328181407132,7614809296,7614809190,0.0,1.0
龙阳荟,住宅,114.20153969868383,30.5535519168433,8197771666,5504441244,0.0,1.0
龙阳锦园,住宅,114.20161101944727,30.551774631946426,1150948074,4534666335,0.0,1.0
中国铁建国际城,住宅,114.19348012735064,30.56259352354442,7614809296,7614809190,0.0,1.0
龙阳住宅楼,住宅,114.20214812403944,30.553499796315545,8197771666,5504441244,0.0,1.0
龙阳时代,住宅,114.20211801796103,30.553916609564546,8197771666,5504441244,0.0,1.0
新龙尚座,住宅,114.20120258280706,30.55729813196264,8197771722,8197771697,0.0,1.0
汉阳人信汇4期,住宅,114.19988926988505,30.55956643472998,8197771720,7614809283,0.0,1.0
汉阳人信汇·天誉,住宅,114.1999133275053,30.559565470269057,8197771720,7614809283,0.0,1.0
优美居,住宅,114.20099200682832,30.55821850755432,8197771724,8197771722,0.0,1.0
耀阳星辰,住宅,114.20099200682832,30.55821850755432,8197771724,8197771722,0.0,1.0
盛世威业公寓,住宅,114.20154336856892,30.55746955845212,8197771722,8197771697,0.0,1.0
王家湾中央生活区,住宅,114.1981949886466,30.561745152319265,7614809299,7614809293,0.0,1.0
龙阳雅苑B区,住宅,114.20372666851954,30.554542626217792,8947854516,5504441245,0.0,1.0
汉阳·磨山港湾二期,住宅,114.19230392364923,30.564646893236457,1462111173,3226612100,0.0,1.0
龙阳雅苑,住宅,114.20409663862858,30.55304664872949,5504441244,4534666335,0.0,1.0
龙阳雅苑南区,住宅,114.20422396587806,30.552596976799382,5504441244,4534666335,0.0,1.0
楚汉名居,住宅,114.19587907743532,30.56395882567322,7614809185,7614809187,0.0,1.0
中央金龙,住宅,114.19983695731545,30.561732593262818,7614809196,7614809299,0.0,1.0
汉阳·磨山港湾,住宅,114.1915689563195,30.565345443363178,3226612100,1462111173,0.0,1.0
龙阳1号,住宅,114.20609325266804,30.551304908440407,4534666347,4534666342,0.0,1.0
龙阳1号3期,住宅,114.20608423374192,30.551293900455697,4534666347,4534666342,0.0,1.0
花木深,住宅,114.20549968463186,30.55424911214941,8948030517,8947854516,0.0,1.0
时代映象,住宅,114.20509573528217,30.5548143801013,8947854516,5504441245,0.0,1.0
工地生活区,住宅,114.2068075390961,30.554540715507493,4534666349,8948030517,0.0,1.0
心聆家苑,住宅,114.20810451752006,30.552479072816222,8948030518,8948030517,0.0,1.0
十里景秀,住宅,114.20784383870364,30.55387426378035,4534666349,8948030517,0.0,1.0
十里景秀1期,住宅,114.2083258881445,30.55365794113468,5504441246,8948030518,0.0,1.0
檀悦B地块,住宅,114.20710612940442,30.55522785932398,8948030517,4534666349,0.0,1.0
十里檀悦3期,住宅,114.2062041062716,30.55582648770573,4534666349,5504441245,0.0,1.0
阳光檀悦A地块,住宅,114.2068054450101,30.555577352441208,4534666349,8948030517,0.0,1.0
创新小区,住宅,114.20558369700414,30.55626652132378,8947854516,5504441245,0.0,1.0
电建地产·泷悦长安,住宅,114.20857028666856,30.555060757334502,4534666349,5504441246,0.0,1.0
十里铺村城中村改造AB002003地块,住宅,114.20656783237122,30.556660668492825,4534666349,5504441245,0.0,1.0
生态家园,住宅,114.21006238303228,30.555431440546034,4534666349,5504441246,0.0,1.0
十里景秀北区,住宅,114.20951113620745,30.556589374923032,4850958250,4534666349,0.0,1.0
阳光城·十里新城,住宅,114.20743561503332,30.55786635751246,4850958256,4850958250,0.0,1.0
新城轩棋牌,住宅,114.20640126485242,30.559005631327587,4850958256,5504441245,0.0,1.0
丹桂别院,住宅,114.20355374013685,30.560720226159585,3523951211,3523949881,0.0,1.0
汤家咀B区,住宅,114.2146317455402,30.552309660252607,1201667130,1150591381,0.0,1.0
汽配小区,住宅,114.20754858897331,30.560991400799566,4850958257,7614809312,0.0,1.0
十里和府,住宅,114.21113223339462,30.559434298997864,4850958240,4850958238,0.0,1.0
肥运小区,住宅,114.2076187256162,30.561159430034284,4850958257,7614809312,0.0,1.0
十里铺城中村改造K7地块独立商业,住宅,114.2075315124347,30.561451216569935,4850958257,7614809312,0.0,1.0
纽宾凯繁华里,住宅,114.20685402147637,30.56170726232112,7614809313,5186267841,0.0,1.0
武汉摩尔城C区,住宅,114.20154301331847,30.561568115253973,9425819489,9425819490,0.0,1.0
轻汽大院,住宅,114.20783715497602,30.561626539917082,4850958257,7614809312,0.0,1.0
绿馨芳草庭,住宅,114.21230359365354,30.559407648161706,4850958227,4850958226,0.0,1.0
环卫小区,住宅,114.20760665065508,30.561726214200963,4850958257,7614809312,0.0,1.0
旭辉半岛公寓,住宅,114.21599429310693,30.552502001418667,1462120185,1462129256,0.0,1.0
中兴小区,住宅,114.21596310516847,30.554010448102126,1201667003,1201666103,0.0,1.0
朝阳苑,住宅,114.20815180484256,30.56190383571755,4850958257,7614809312,0.0,1.0
中兴小区A区,住宅,114.21596711261189,30.554010452157677,1201667003,1201666103,0.0,1.0
纽宾凯汉CITY云座,住宅,114.20992258386241,30.56133220289674,4850958238,2418582935,0.0,1.0
桃花岛小区,住宅,114.21643118104619,30.55156776227596,1201667130,1150591381,0.0,1.0
汉商二十一世纪B区,住宅,114.20520128781651,30.562722742555426,5186267842,5186267841,0.0,1.0
金色世家,住宅,114.2137514663817,30.55910435341587,11240777078,11240777077,0.0,1.0
赏新园,住宅,114.20214131515273,30.56267257078864,9425819487,9425819488,0.0,1.0
冯家畈小区,住宅,114.20827301361543,30.5624817817978,4850958257,7614809312,0.0,1.0
钰龙·旭辉半岛礼园,住宅,114.21631062328163,30.5554622937176,1150580615,1201667003,0.0,1.0
鄂钢小区,住宅,114.20768372188057,30.562822922458416,7614809313,5186267841,0.0,1.0
天创云和奕,住宅,114.21157997435407,30.56135913673455,2418582935,4850958238,0.0,1.0
吉祥欧式花园,住宅,114.2087440043003,30.56259532443018,7614809312,2418582935,0.0,1.0
紫荆花园西区,住宅,114.21476041131054,30.559028455807983,11240777092,11240777088,0.0,1.0
紫荆花园,住宅,114.21476141313026,30.559029456508505,11240777092,11240777088,0.0,1.0
电信小区,住宅,114.21379045765768,30.560082051325793,11240777088,11240777090,0.0,1.0
汇福园,住宅,114.21738573345361,30.553731952463362,1462120185,1462129256,0.0,1.0
汇福园A区,住宅,114.21738873809674,30.55374095225055,1462129256,1462120185,0.0,1.0
警苑小区,住宅,114.21663613918844,30.556419284426134,1201666721,4850958308,0.0,1.0
钰龙·旭辉半岛和岸,住宅,114.217908537867,30.555277916771878,1462129268,1462129254,0.0,1.0
瑞地自由度,住宅,114.20996047307273,30.563526469556027,1462111133,2418582938,0.0,1.0
七里二村,住宅,114.21851495053475,30.551351844897194,1201667130,1150591381,0.0,1.0
旺达小区,住宅,114.21854300367798,30.551307886090875,1201667130,1150591381,0.0,1.0
十里铺商住楼,住宅,114.21248668437397,30.562576733674753,1935052512,1462111133,0.0,1.0
七里晴川1期,住宅,114.21689342687763,30.558535797443884,5758628902,4850958226,0.0,1.0
烟草小区,住宅,114.215473646803,30.560327739411708,5186267871,5186267868,0.0,1.0
检查院家属院,住宅,114.21537244745791,30.560435597161533,5186267871,5186267868,0.0,1.0
五芳园,住宅,114.21893461460303,30.552176948023785,1150591381,1462129259,0.0,1.0
七里晴川,住宅,114.21716691158755,30.558678015021833,4850958281,2418582932,0.0,1.0
旺达花苑,住宅,114.21906069709877,30.553767513522327,1201667369,1462129254,0.0,1.0
汇福园B区,住宅,114.2191389203947,30.55275293569352,1462129256,1462129259,0.0,1.0
紫荆嘉苑,住宅,114.21654469314898,30.55964806173111,5186267868,5186267866,0.0,1.0
K5小区,住宅,114.212516704719,30.563031605713483,1935052512,1462111133,0.0,1.0
纽宾凯汉CITY汉棠,住宅,114.20722553865738,30.565066542262397,5186267858,317751904,0.0,1.0
城投·墨北璟苑,住宅,114.21921885635268,30.55510519306926,1462129268,1462129254,0.0,1.0
王家湾中央生活区一期,住宅,114.19813060322316,30.564383117815243,7614809185,7614809196,0.0,1.0
纽宾凯汉CITY公园里,住宅,114.21321906047706,30.56337026417406,4864116765,1935052512,0.0,1.0
润帝嘉园,住宅,114.21187332875981,30.564094500702005,1462111133,2418582938,0.0,1.0
润帝嘉园A区,住宅,114.21180718969686,30.564166399660962,1462111133,2418582938,0.0,1.0
纽宾凯汉CITY紫御(建设中),住宅,114.21105463340616,30.56455639329536,1462111133,2418582938,0.0,1.0
纽宾凯汉CITY,住宅,114.20679855357956,30.565723760718512,5186267858,317751904,0.0,1.0
汉桥城中花园D区,住宅,114.22144687782182,30.552095172307872,1462129259,8197701278,0.0,1.0
锦华华庭,住宅,114.22104002147626,30.554232092057468,1201667369,1462129259,0.0,1.0
汉桥金福世家,住宅,114.22128037319142,30.554769107927843,4850958312,4850958316,0.0,1.0
汉桥城中花园B区,住宅,114.22274689312069,30.55312087089101,1462129259,8197701278,0.0,1.0
季佳·里汉桥小镇,住宅,114.22264387403827,30.55143537098646,1459478787,8197701278,0.0,1.0
汉桥城中花园,住宅,114.22294126339085,30.552405270505773,1462129259,8197701278,0.0,1.0
汉桥警苑小区,住宅,114.22366250744575,30.551102273538245,1459478787,8197701278,0.0,1.0
汉阳靓衣之都,住宅,114.22351330663493,30.550735286461038,1459478787,8197701278,0.0,1.0
汉桥城中花园C区,住宅,114.22400597442685,30.551852273026622,8197701278,8967690587,0.0,1.0
汉桥城中花园A区,住宅,114.22450964555969,30.55300924410716,8197701278,8967690587,0.0,1.0
钰龙湾汇园-西区,住宅,114.2243602988404,30.554394655369435,4850958316,4850958317,0.0,1.0
钰龙湾汇园,住宅,114.22481100402648,30.554144068557708,1462129255,8197701267,0.0,1.0
七里一村社区,住宅,114.21944102798,30.5575695337974,4864116798,4864116799,0.0,1.0
钰龙湾,住宅,114.22495714677518,30.555039861777114,5758628902,5758628905,0.0,1.0
钰龙湾丰园,住宅,114.225234473694,30.55606070215111,1459170113,5758628905,0.0,1.0
外运路小区,住宅,114.22657760186692,30.554150276476975,5758628913,3491063059,0.0,1.0
垦鑫花园,住宅,114.22610782965144,30.555241586384113,5758628902,4850958226,0.0,1.0
兆麟·锦桦豪庭,住宅,114.2243239668317,30.557606509072535,1459170113,4864116802,0.0,1.0
汉钢小区,住宅,114.2208432759337,30.559085230084428,2418582932,317752112,0.0,1.0
麒麟社区二印小区,住宅,114.2214292506004,30.5590407393566,317752112,4864116802,0.0,1.0
麒麟社区西区,住宅,114.22048065652774,30.55922187075522,2418582932,317752112,0.0,1.0
五麟里社区,住宅,114.22636814028657,30.556012491233794,8967690589,1459170113,0.0,1.0
红光鹏程苑-南区,住宅,114.22637512584036,30.55629739648545,8967690589,1459170113,0.0,1.0
红光鹏程苑,住宅,114.22602956197936,30.557027910825393,8967690589,1459170113,0.0,1.0
七里晴川二期,住宅,114.21909223906844,30.559719463114096,2418582932,4850958281,0.0,1.0
张家湾住宅楼,住宅,114.2228284998292,30.559194816696724,317752112,1459170163,0.0,1.0
红光鹏程苑-北区,住宅,114.22603754322851,30.55738079275957,8967690589,1459170113,0.0,1.0
朝阳星苑,住宅,114.22478758486224,30.55860249588545,317752112,1459170163,0.0,1.0
湖畔新居,住宅,114.22865061737328,30.55260309060873,5758628913,3491063059,0.0,1.0
尚城国际,住宅,114.22734246907454,30.5566758871207,8967690589,1459170113,0.0,1.0
中新公寓,住宅,114.22278534962075,30.560142449045287,8967690601,2418582931,0.0,1.0
绿色晴川,住宅,114.22861032610275,30.555357112562806,1462120198,1462120212,0.0,1.0
金芳社区,住宅,114.22012692122772,30.560818000157393,5186267876,1201667191,0.0,1.0
红光村雅丽佳苑,住宅,114.2295307429365,30.553104413647024,5758628913,3491063059,0.0,1.0
七里香苑,住宅,114.22443490345312,30.56030764069775,8967690612,8967690601,0.0,1.0
金龙花园,住宅,114.22172753894483,30.561369164878766,5186267882,5186267875,0.0,1.0
尚城国际二期,住宅,114.22790409412515,30.55848460002825,1459170163,2418582928,0.0,1.0
雅丽花园二期,住宅,114.230493984553,30.553098926535288,4519170288,5758628902,0.0,1.0
曾家岭小区,住宅,114.22995807740321,30.555673752815206,1459170126,1462120208,0.0,1.0
昌隆花园2期,住宅,114.22740233893985,30.559162053160215,8967690592,8967690601,0.0,1.0
芳草园,住宅,114.22044731728697,30.56250768082363,4864116764,5186267879,0.0,1.0
汉阳七里铁路和谐家园B区,住宅,114.22547237288887,30.561335015312043,8967690601,8967690612,0.0,1.0
红光怡馨苑,住宅,114.23056078559138,30.556394815724158,1459170126,1462120208,0.0,1.0
阳城景园,住宅,114.21587220928512,30.562441398653654,1201667392,8948030538,0.0,1.0
温馨苑小区,住宅,114.22868507550774,30.55943872735177,8967690600,8967690592,0.0,1.0
五福里社区,住宅,114.23121663986039,30.55600128000268,1462120208,1459170126,0.0,1.0
汉阳七里铁路和谐家园,住宅,114.2254743308553,30.561856831894776,8967690612,8967690601,0.0,1.0
中国中铁·金桥璟园,住宅,114.23065982223966,30.557422506905155,2418582922,1459170126,0.0,1.0
昌隆花园-南区,住宅,114.22893935767627,30.56011863372732,8967690600,8967690592,0.0,1.0
金龙公馆,住宅,114.22154405483884,30.56350225637244,4864116797,4864116791,0.0,1.0
武拖老旧小区,住宅,114.23033630012408,30.558723884646778,9349976147,9349976144,0.0,1.0
十里华府,住宅,114.21484222932925,30.56294215828342,8948030538,8948030540,0.0,1.0
铁桥新家园五期,住宅,114.21742895635222,30.563651510206256,8948030540,1462111096,0.0,1.0
五麒里社区,住宅,114.22620035320868,30.562336155580976,8967690612,8967690601,0.0,1.0
汉阳七里铁路和谐家园A区,住宅,114.22548026526634,30.5627205295874,8967690612,8967690601,0.0,1.0
江南苑,住宅,114.2145105809387,30.563131741651663,8948030538,8948030540,0.0,1.0
碧溪苑一期,住宅,114.22990365087495,30.559813273541835,9349976144,9349976147,0.0,1.0
缤纷四季,住宅,114.23288979792083,30.554265646508203,5758623359,4850958294,0.0,1.0
昌隆花园,住宅,114.22928477534708,30.560591661289884,8967690600,8967690592,0.0,1.0
五檀里社区(汉阳大道),住宅,114.23209061031977,30.557093309999722,2418582922,1459170126,0.0,1.0
东港国际花园,住宅,114.2160584321028,30.563869079500396,8948030540,1462111096,0.0,1.0
观澜台,住宅,114.22035700687113,30.564342949399975,1459170196,4864116764,0.0,1.0
昌隆花园-北区,住宅,114.22946198116497,30.56090964705573,8967690600,8967690592,0.0,1.0
特警大院,住宅,114.23269933590348,30.557049595195977,2418582922,9425060332,0.0,1.0
惠明苑小区,住宅,114.22116132008176,30.564708506691552,1459170196,4864116764,0.0,1.0
百灵社区,住宅,114.21507255825861,30.564189954596014,8948030538,8948030540,0.0,1.0
金龙百灵景都,住宅,114.21925708186563,30.564860788887916,1462111096,1459170183,0.0,1.0
碧溪苑小区,住宅,114.23058944550145,30.5607682945341,9349976144,9349976147,0.0,1.0
琴台馨都,住宅,114.22465988986494,30.564432340205705,4864116778,4864116780,0.0,1.0
花前树下,住宅,114.23163081131626,30.559919104980548,9349976144,9349976147,0.0,1.0
冰川集团住宅楼,住宅,114.21757609308314,30.565136122162468,1462111096,1459170183,0.0,1.0
康馨楼,住宅,114.23369851507233,30.556709127618767,2418582922,9425060332,0.0,1.0
汉阳二合村,住宅,114.23417410029322,30.55609052734675,2418582922,9425060332,0.0,1.0
融创·武汉1890小区,住宅,114.22800278515237,30.563651832634545,1459170199,12401558256,0.0,1.0
招商丽湖轩,住宅,114.21557463183768,30.539492980765264,7705324436,7705324455,0.0,1.0
墨水湖小区,住宅,114.23579924647564,30.55140371574956,3491047951,3491054005,0.0,1.0
泓源楼小区,住宅,114.23694744098961,30.551019187610127,5758623351,13747437841,0.0,1.0
五里墩住宅楼,住宅,114.23770907354101,30.552248962140695,3491047923,4519170249,0.0,1.0
医院小区,住宅,114.23970692684755,30.551795534252935,1459106938,1459106940,0.0,1.0
墨香居,住宅,114.24084678459384,30.552933311379487,1459106938,1459106940,0.0,1.0
汉阳水墨雅苑,住宅,114.24102098266751,30.552268562557316,1459106938,1459106940,0.0,1.0
七里小区,住宅,114.23865555514155,30.55690156217735,2418582914,6868869299,0.0,1.0
恒韵府,住宅,114.23631920065274,30.558136536357132,6868869307,2418582920,0.0,1.0
墨缘楼,住宅,114.24156128826466,30.553698128088776,1459106938,1459106940,0.0,1.0
弘阳天悦,住宅,114.24175859255978,30.551940754413728,1459106940,1459106938,0.0,1.0
五园里社区,住宅,114.2418075213227,30.553208321209063,1459106938,1459106940,0.0,1.0
五合里社区,住宅,114.23884864140386,30.55793324089687,2418582914,6868869299,0.0,1.0
五合里社区,住宅,114.23884763731759,30.557970227726422,2418582914,6868869299,0.0,1.0
万科金域国际,住宅,114.24114777121686,30.555911314273832,9425060330,1150600399,0.0,1.0
雅丽花园三期,住宅,114.23385347426242,30.559211311246823,1462129269,1462129263,0.0,1.0
红光颐景苑,住宅,114.23492860351287,30.559816495552134,6624482583,6624483585,0.0,1.0
雅丽花园,住宅,114.23375731222202,30.559838052939213,1462129269,1462129263,0.0,1.0
五里铁路和谐家园,住宅,114.24003065155185,30.55822235288881,6868869299,6868869405,0.0,1.0
金府,住宅,114.24326453840916,30.553875182699873,1459106940,13747449286,0.0,1.0
马沧湖小区,住宅,114.24333885541269,30.550795248082967,13747449286,13747437812,0.0,1.0
景江御水天成,住宅,114.24356478556113,30.553438343051113,1459106940,13747449286,0.0,1.0
雅丽花园一期,住宅,114.2337072135074,30.560328860116563,1462129263,1462129269,0.0,1.0
博力花园小区,住宅,114.24381509194944,30.551870889366928,13747449286,13747437812,0.0,1.0
五里墩街道五湖里社区建材宿舍小区,住宅,114.24362610636092,30.550198460855547,13747449286,13747437812,0.0,1.0
湖畔嘉苑,住宅,114.2443235627765,30.550349415252537,5180959121,13747449281,0.0,1.0
美好范米粒,住宅,114.2446886813292,30.551727937177073,5180959121,13747449281,0.0,1.0
琴台颖园,住宅,114.24383374336227,30.556073432648528,9425060330,9425060331,0.0,1.0
红光翠景苑,住宅,114.23282111294584,30.561297153468672,1462129269,1462129263,0.0,1.0
五琴里社区,住宅,114.2450436052737,30.555226716999773,13606713085,9425060330,0.0,1.0
碧溪苑二期,住宅,114.231372345592,30.56165336914452,9349976144,9349976147,0.0,1.0
紫薇花园,住宅,114.23887336950696,30.561354040972205,6868869391,6868869397,0.0,1.0
五琴里社区3村,住宅,114.24559603427694,30.554174059399912,13606713085,9425060330,0.0,1.0
中国电建地产·汉阳公馆,住宅,114.2459994474484,30.55214273770194,13747437823,1459555830,0.0,1.0
五里二村,住宅,114.24587020614442,30.554070079597807,13606713085,9425060330,0.0,1.0
邓甲新城D区,住宅,114.2471210979794,30.551845739994423,9425060318,9425060321,0.0,1.0
五新里社区,住宅,114.2474150654116,30.55402195358032,11270842925,5180958611,0.0,1.0
地铁汉阳城,住宅,114.2474480257785,30.55468172055692,5180958611,13606713086,0.0,1.0
龙灯里小区,住宅,114.23987709833668,30.56313259359865,6868869317,1150600246,0.0,1.0
怡景华庭,住宅,114.24819065896656,30.551642670078763,9425060318,9425060321,0.0,1.0
武汉新区产业投资琴台月湖124号地块(建设中),住宅,114.23823957916312,30.563801036530943,4835911373,6868869431,0.0,1.0
城投·月湖云镜,住宅,114.23922345577013,30.563986174406367,1150600246,6868869363,0.0,1.0
车站前路小区,住宅,114.24924284355019,30.555135281264096,11270842894,11270842904,0.0,1.0
复地翠微新城,住宅,114.24998936859096,30.552679979386976,9425060322,10736776223,0.0,1.0
复地翠微新城3期,住宅,114.25142197077645,30.551874904642798,9425060322,2418582873,0.0,1.0
远洋东方境世界观,住宅,114.2533165046293,30.552235195635248,9425060322,2418582873,0.0,1.0
远洋东方境世界观1A地块,住宅,114.2534065649883,30.551799314783437,9425060322,2418582873,0.0,1.0
杨家岭小区,住宅,114.25354048511402,30.55311681304351,12178240760,11270842931,0.0,1.0
复地翠微新城1期,住宅,114.25501005010817,30.550200259275236,1150606478,2418582873,0.0,1.0
远洋春秋公馆,住宅,114.25538607488595,30.550669942246437,1150606478,2418582873,0.0,1.0
琴台社区,住宅,114.25581093497722,30.553066933705004,12178240747,12178240760,0.0,1.0
远洋东方境世界观3号地块,住宅,114.25633018676848,30.55095343051831,2418582873,1150606478,0.0,1.0
远洋东方镜天境,住宅,114.25761526261408,30.551500625379283,317747516,10736776224,0.0,1.0
琴台公寓,住宅,114.25790012388951,30.55331785306742,12178240746,12178240747,0.0,1.0
琴台社区二号院,住宅,114.2583791872738,30.55283077101224,9500914457,12178240746,0.0,1.0
琴台村26号,住宅,114.25862715007877,30.553347459324502,12178240747,12178240754,0.0,1.0
钟家村城市公园时云宾馆地块,住宅,114.26053527532437,30.551506996551776,9487411564,9487411577,0.0,1.0
闽东国际东1区,住宅,114.26086623292936,30.551748709384714,9487411582,2418671320,0.0,1.0
岚庭,住宅,114.26118514581,30.552468260963007,9500914449,2418582877,0.0,1.0
观云府,住宅,114.26111526268076,30.551177749932332,7288767666,9487411582,0.0,1.0
鹦鹉大道17号,住宅,114.26112801903938,30.55399876747806,12401558238,4516217367,0.0,1.0
皇冠幸福里(都市兰亭店),住宅,114.2617570884331,30.552482887667917,3762099174,9500914449,0.0,1.0
金地·知音乐府(建设中),住宅,114.25379059423007,30.552547920313238,12178240760,11270842931,0.0,1.0
都市兰亭,住宅,114.26262788064444,30.553595919559726,3762099174,9500914449,0.0,1.0
中建三局生活区,住宅,114.24781135385241,30.56464916194921,1150600145,1150922273,0.0,1.0
荷塘月色,住宅,114.24393311338349,30.56418257354158,6868783278,1150600145,0.0,1.0
广厦海滨城1期,住宅,114.26435740034529,30.5554920227934,317006206,316974470,0.0,1.0
大桥一社区,住宅,114.26615511820236,30.553405349007182,1150899741,3762099174,0.0,1.0
金桥嘉园,住宅,114.26667902609994,30.552621191550887,1150899741,3762099174,0.0,1.0
金桥·半山花园,住宅,114.26739386434235,30.551760888279713,7288785087,7288767677,0.0,1.0
中海寰宇天下观雲府8号地,住宅,114.26903935470301,30.55046388679441,7288785090,1459181732,0.0,1.0
金桥·凤凰华庭,住宅,114.27016085473547,30.550632789825293,1459181732,5825396610,0.0,1.0
锦绣江山,住宅,114.27055849546659,30.55266870994661,2418671299,6324562164,0.0,1.0
莲花村,住宅,114.27062255143993,30.551666994121536,2418671357,2418671292,0.0,1.0
园丁园,住宅,114.2708700776999,30.555796324246554,6324562169,1150899587,0.0,1.0
中海寰宇天下天钻,住宅,114.27218380636735,30.551186619938058,2418671357,2418671292,0.0,1.0
龟北花园,住宅,114.26721128298458,30.559240438127787,1201714529,13765114034,0.0,1.0
莲花湖公寓,住宅,114.27353668850633,30.555371773084982,6324562169,1150899587,0.0,1.0
汉汽社区,住宅,114.26514871248841,30.561316376009174,6600251772,6600289732,0.0,1.0
江汉桥社区,住宅,114.26256417185364,30.561944037120437,1230843953,1230844556,0.0,1.0
江汉桥小区,住宅,114.26243916317343,30.562251013326495,1150922211,1230844556,0.0,1.0
汉南二村,住宅,114.25958928240561,30.563470367845508,1150600145,1150922273,0.0,1.0
尚品天成,住宅,114.26894010954656,30.565402737859824,1880334708,1880327634,0.0,1.0
新城金郡,住宅,114.28929242040661,30.55155880247045,1218840150,1215728305,0.0,1.0
鸿翔巷38号,住宅,114.28985585638091,30.550755230329578,1218839825,1218840355,0.0,1.0
司门口鸿翔巷小区,住宅,114.28992481680888,30.55030827947437,1218840355,1218839825,0.0,1.0
国棉社区(汉江大道),住宅,114.2773896307868,30.56144834015637,6600251774,5649839799,0.0,1.0
中华路公寓,住宅,114.2905969637805,30.551285920079586,1218839825,1218840236,0.0,1.0
北城角社区,住宅,114.29129499048118,30.553159199662865,1215728302,1218865100,0.0,1.0
都府堤社区,住宅,114.29178540533465,30.55323941083086,1218865100,1215728302,0.0,1.0
北城角50号小区,住宅,114.29182135225673,30.55336031297035,1215728302,1218865100,0.0,1.0
自由路小区,住宅,114.29198138769691,30.55074596531112,1218840236,1215729803,0.0,1.0
常阳丽江城,住宅,114.29242550085179,30.5548608467493,1215728302,1218865100,0.0,1.0
都府堤,住宅,114.29282036928575,30.550859608123638,1215729803,1215728170,0.0,1.0
司门口社区,住宅,114.29324774647245,30.55203952434961,1215728170,1215728219,0.0,1.0
中华路小区,住宅,114.29341748570498,30.552648044096216,1215728170,12163444135,0.0,1.0
中华路欧式公寓,住宅,114.29373218578701,30.55162789370989,1215728219,1215728170,0.0,1.0
都府堤76号小区,住宅,114.29384797195789,30.55244342694944,1215728170,1215728219,0.0,1.0
青石公寓,住宅,114.29428325760719,30.554437036878685,1218865187,12163444135,0.0,1.0
银聚园小区南区,住宅,114.29455396027723,30.553947769701704,12163444139,12163444135,0.0,1.0
银聚园小区,住宅,114.29464981628621,30.554217520978693,12163444135,12163444139,0.0,1.0
银聚园小区北区,住宅,114.2946627887977,30.554346455203515,12163444135,12163444139,0.0,1.0
解放路460号小区,住宅,114.29543395845737,30.55261979843249,1218865131,12163444139,0.0,1.0
淘房·楚材公寓,住宅,114.29561581760294,30.551551869237393,1215728219,1218865146,0.0,1.0
楚材社区北区,住宅,114.29590842319485,30.55175631839751,12163444126,1218865111,0.0,1.0
武昌海马巷小区,住宅,114.29610313467329,30.552180851349174,1218865111,1218865131,0.0,1.0
新华村社区,住宅,114.29619393764152,30.55309838446937,1218865131,12163444139,0.0,1.0
青石桥,住宅,114.29524507550975,30.554057609017562,12163444139,12163444135,0.0,1.0
泰昌公寓,住宅,114.29600813207307,30.553634505087246,1218865131,12163444139,0.0,1.0
红色物业院落,住宅,114.29695296434716,30.55288220104736,1218865125,1218865082,0.0,1.0
都景园小区,住宅,114.2967014304975,30.55130916206599,1218865132,1218865146,0.0,1.0
金厦银座,住宅,114.2969259353703,30.55362898748994,1218865200,1218865063,0.0,1.0
雄楚楼社区,住宅,114.29518008827046,30.554868433310443,1218865187,1218865200,0.0,1.0
常平仓,住宅,114.29790968983579,30.552941578908186,1218865159,1218865072,0.0,1.0
兴隆巷小区,住宅,114.29786294542622,30.55070742793298,1218865163,1218865132,0.0,1.0
顶秀嘉园,住宅,114.29856901774102,30.550457321590816,1218865163,1218865132,0.0,1.0
武昌实验中学家属院,住宅,114.29891818970826,30.554558311771196,11389753399,12163444183,0.0,1.0
后补街小区,住宅,114.29988104923605,30.552488382713655,14058678888,11296518784,0.0,1.0
西城壕小区,住宅,114.29813609592696,30.55630202940841,1215728142,317005532,0.0,1.0
司门口252号小区,住宅,114.30082858269068,30.554213149778946,12163444170,12163444175,0.0,1.0
戈甲营小区,住宅,114.30034416922447,30.555245628870473,11296518785,14058685620,0.0,1.0
英坊小区,住宅,114.30133009018516,30.5517601267427,1218865124,1218886744,0.0,1.0
华发外滩玺,住宅,114.29581997922709,30.558215216624003,1218886780,1218886944,0.0,1.0
湖北经济学院小区,住宅,114.30121039892855,30.550139892472384,1218865144,1218865195,0.0,1.0
黄鹤雅舍,住宅,114.30102521426552,30.555285435645203,14058678888,11296518784,0.0,1.0
马道门小区,住宅,114.30072957387571,30.555916728518923,11296518785,14058685620,0.0,1.0
鸿华花园小区,住宅,114.30197806734179,30.552974575005976,12163444163,1218886739,0.0,1.0
候补街社区,住宅,114.30208500520519,30.55193274740085,1218865124,1218886744,0.0,1.0
胭脂山庄,住宅,114.30139418495583,30.549618751060184,1218865144,1218865195,0.0,1.0
粮易新居,住宅,114.30163380519181,30.55009317019636,1218865195,1218865144,0.0,1.0
粮道街胭脂路社区,住宅,114.30219792048669,30.551050853037864,1218865144,1218865195,0.0,1.0
中山社区,住宅,114.2987830426236,30.55838320517119,4353370985,1218886780,0.0,1.0
胭脂庭院,住宅,114.30302663614883,30.552153012711592,1218865088,1218886744,0.0,1.0
粮道街履坦巷社区,住宅,114.30247763091012,30.549775799170494,1218865144,1218865195,0.0,1.0
汉安里,住宅,114.29906462283881,30.55880857657788,4360449878,4360449882,0.0,1.0
东城壕33号,住宅,114.30156530052183,30.55704887935686,1218887023,1218886663,0.0,1.0
沙湖南巷9号,住宅,114.30155631168029,30.5570668887485,1218887023,1218886663,0.0,1.0
双柏小区,住宅,114.30355895391683,30.551133420542246,1218865144,1218886725,0.0,1.0
金都·汉宫,住宅,114.29783119921191,30.55983130437803,4360489003,4353370983,0.0,1.0
天玺华府,住宅,114.303479137991,30.550344833382027,1218886725,1218865144,0.0,1.0
胭脂大院,住宅,114.3040940833537,30.552184105668196,1218886790,1218886538,0.0,1.0
武昌积玉桥街中山社区,住宅,114.30048463381793,30.559176010161007,4353370983,4360449878,0.0,1.0
紫晋公寓,住宅,114.30451361857492,30.550450952694703,1218887076,1218886557,0.0,1.0
武昌区粮道街阳光家园,住宅,114.30472423695191,30.551281289810774,1218886647,1218886872,0.0,1.0
长宏公寓,住宅,114.30477717256785,30.55112424893688,1218886872,1218886647,0.0,1.0
地铁凤凰苑,住宅,114.30204245794319,30.55895937400587,14058678888,11296518784,0.0,1.0
德庆里,住宅,114.30113163999879,30.56019552898148,5825383369,1501482203,0.0,1.0
棕榈阁,住宅,114.29788595577017,30.561800515881316,4360489003,1501482208,0.0,1.0
凤凰城,住宅,114.30305697142306,30.559329456731454,2401122681,2401122731,0.0,1.0
书香苑,住宅,114.30631786433074,30.551337396182298,1218886742,1218886923,0.0,1.0
金域雅庭,住宅,114.3012763792809,30.560854044399814,4353370983,5825383368,0.0,1.0
凤凰山小区,住宅,114.30546567577422,30.556650093980373,4517328381,2401122623,0.0,1.0
十四中学西家属区,住宅,114.3063735219603,30.55432826083897,1218887034,9509566787,0.0,1.0
万源昌花园,住宅,114.30476955787239,30.558355748141537,4517328376,4360538750,0.0,1.0
凤凰山公寓,住宅,114.30597993078395,30.55640924922225,4517328381,2401122623,0.0,1.0
蓝湾俊园,住宅,114.3000060490281,30.562056817184008,5825383368,4353370983,0.0,1.0
桂花公寓,住宅,114.30529378771135,30.558302824585937,4360538750,4517328376,0.0,1.0
涵三宫小区,住宅,114.30723448414787,30.551337728175856,1218886544,1218886742,0.0,1.0
中山路193号小区,住宅,114.30600679096062,30.5575607976621,4360538749,4360538751,0.0,1.0
凤凰世纪家园2期,住宅,114.30591683048783,30.558655576153665,4360538750,4360538748,0.0,1.0
凤凰世纪家园,住宅,114.30614351232862,30.558418249190744,4360538750,4360538748,0.0,1.0
鼓架坡小区,住宅,114.30842269029651,30.551178606095103,1218887053,1218887073,0.0,1.0
中山路217号小区,住宅,114.30743866581146,30.557217313494604,4360538849,4360538745,0.0,1.0
雪莲星苑,住宅,114.30133110831747,30.56309415430942,5825383368,5825383367,0.0,1.0
城开玉桥新都,住宅,114.30359497050914,30.561892596830234,2401122781,2401122765,0.0,1.0
友谊国际百老汇,住宅,114.30602752108615,30.56031978942969,4360538752,8480471058,0.0,1.0
友谊国际沙湖苑,住宅,114.30707704643426,30.559140298472588,4360538747,4360538745,0.0,1.0
凤凰村小区,住宅,114.30883166723835,30.555753268173227,1218886811,317005546,0.0,1.0
积玉桥中山路小区,住宅,114.30813757630207,30.557523925930838,2401122630,4360489051,0.0,1.0
生态环境局小区,住宅,114.30807865163275,30.557691975167977,2401122630,4360489051,0.0,1.0
沙湖社区,住宅,114.30895338482748,30.5568546590681,4741696249,2401122630,0.0,1.0
武昌区粮道街中医社区,住宅,114.31040950679787,30.552538463002485,1218886839,1218887008,0.0,1.0
泛悦汇昙华林A-B,住宅,114.31071787987761,30.554230303177892,4741696267,4741696280,0.0,1.0
江江城,住宅,114.31126205110226,30.553981374926646,4741696280,1215728165,0.0,1.0
招商·紫荆府,住宅,114.31328303728449,30.551988274213066,1218886670,11258898945,0.0,1.0
紫金花园,住宅,114.31402583458743,30.552232788843313,11258898939,11258898945,0.0,1.0
政通菁苑,住宅,114.31454503057087,30.551946906032605,11258898945,11258898939,0.0,1.0
区委宿舍,住宅,114.31504227192625,30.551517112633796,11258898945,11258898939,0.0,1.0
东龙社区,住宅,114.31485037027812,30.553927642736994,10308050740,11258898957,0.0,1.0
东龙世纪花园5期,住宅,114.31513310248997,30.551791845769436,11258898945,13842080647,0.0,1.0
东龙世纪花园星河居,住宅,114.31552045502067,30.55208900851922,11258898945,13842080647,0.0,1.0
紫沙金苑,住宅,114.3154237011834,30.551042552756947,13842080643,4516243314,0.0,1.0
东龙世纪花园,住宅,114.31569108560898,30.553186305283877,13842080648,10308050740,0.0,1.0
东龙世纪花园百花居,住宅,114.31577088549226,30.554013866883487,10308050740,11258898957,0.0,1.0
广电花园,住宅,114.31489314744591,30.555706942837272,5952650602,4516243301,0.0,1.0
紫荆花苑,住宅,114.3158810712264,30.549829101216712,13842080643,4516243314,0.0,1.0
金湖公寓,住宅,114.3165237541631,30.553072761646995,13842080630,13842080597,0.0,1.0
金橡阁,住宅,114.3166656067294,30.55213281652303,13842080631,2482878649,0.0,1.0
友谊国际1期,住宅,114.31074246994746,30.558517759631545,1218901118,4741696296,0.0,1.0
翠林居,住宅,114.3169282261218,30.551629489999705,13842080643,13842080631,0.0,1.0
金沙城公寓,住宅,114.31683351152154,30.550104195024417,13842080643,4516243314,0.0,1.0
法院小区,住宅,114.31646560625181,30.555858904177683,1205415387,1205415375,0.0,1.0
武昌公安分局住宅小区,住宅,114.30948535095038,30.559327808241218,2401122693,13869091279,0.0,1.0
姚家岭还建楼H1小区,住宅,114.31747438124579,30.551181603190834,4539344348,4539344423,0.0,1.0
东龙世纪花园金湖居,住宅,114.31734133852007,30.554156828336,13842080630,13842080597,0.0,1.0
新长江•香榭东沙,住宅,114.31444167077649,30.557999995266176,5952650790,5952650788,0.0,1.0
东湖阁,住宅,114.31770680192662,30.553517352995815,13842080630,13842080597,0.0,1.0
星海印象酒店,住宅,114.31759787687137,30.554688154420482,13842080597,13842080582,0.0,1.0
星星社区,住宅,114.31839586515892,30.55142476020518,13842080631,2482878649,0.0,1.0
铁路小区,住宅,114.31758638923904,30.548998138840233,4539344348,4539344423,0.0,1.0
中南路街民主路小龟山社区,住宅,114.31850381268563,30.550008040982974,4539344423,4539344348,0.0,1.0
沙湖明珠,住宅,114.31614088072759,30.558729516384936,5952650791,5952494976,0.0,1.0
小东门铁路小区,住宅,114.31856481469211,30.548842323680393,4539344423,4539344359,0.0,1.0
群建星城,住宅,114.31954707160003,30.550501875954716,2482878649,4539344359,0.0,1.0
尚隆地球村,住宅,114.3082510625425,30.5614543325464,4517328368,2401122715,0.0,1.0
太阳岛花园,住宅,114.31965101115571,30.54924610767715,2482878649,4539344359,0.0,1.0
姚家岭新城,住宅,114.32010217187445,30.550435835739293,2482878649,4539344359,0.0,1.0
鸿玺公馆,住宅,114.32069895071362,30.553274713142166,13842080597,13842080582,0.0,1.0
尚隆苑,住宅,114.30602439875597,30.561786276088846,2401122715,4517328368,0.0,1.0
姚家岭新城2期,住宅,114.32085594890837,30.55034042421163,12692518576,4539344388,0.0,1.0
招商·武昌序,住宅,114.32129684647302,30.554733060942304,8874097409,11478416106,0.0,1.0
嘉景花园,住宅,114.3074821162499,30.56280126357918,4517328368,13863469860,0.0,1.0
供电小区,住宅,114.30550109934026,30.562699897239423,2700935078,2401122765,0.0,1.0
四清里社区,住宅,114.30808712688315,30.56359987111322,13863469863,13863469860,0.0,1.0
沙湖怡景,住宅,114.32241098595254,30.555154777623695,8874097409,11478416086,0.0,1.0
武铁汇文住宅小区,住宅,114.32324087582603,30.552281182388782,13842080582,13842080596,0.0,1.0
同昌花园,住宅,114.30696878445185,30.5640517549998,2700935078,2401122765,0.0,1.0
鸿玺御园,住宅,114.32313285507533,30.554557600850707,11478416088,11478416086,0.0,1.0
星海虹城1期,住宅,114.32344746986927,30.553056518127025,11478416212,13842080559,0.0,1.0
融创壹号院3期,住宅,114.32309783004261,30.55550633781457,11478416086,11478416088,0.0,1.0
星海虹城,住宅,114.32375594390096,30.553290845459788,11478416212,13842080559,0.0,1.0
金地·国际花园,住宅,114.30559581252152,30.56438612550588,2401122781,2700934439,0.0,1.0
翰园,住宅,114.32081514960217,30.56031202896648,13842080624,5952495078,0.0,1.0
阳光水岸,住宅,114.31256407159918,30.56472315288933,13869090899,13869091176,0.0,1.0
中南电力设计院第二生活区,住宅,114.3239099954216,30.549791755944355,4539343757,4539344432,0.0,1.0
东湖城建,住宅,114.3284892335978,30.552896929610004,13842080400,13842080671,0.0,1.0
合建楼,住宅,114.32853918697286,30.552496972776083,11478413446,1146762345,0.0,1.0
融创中心武汉壹号院南区,住宅,114.3251823731601,30.55597018005112,13842080685,13842080686,0.0,1.0
融创中心武汉壹号院,住宅,114.3269734281844,30.55611870152395,13842080675,11478413437,0.0,1.0
姚家岭242号,住宅,114.32963647292286,30.551676169632334,1146762345,13842080821,0.0,1.0
丽江龙城,住宅,114.32952873091612,30.550722702500163,4516243339,11478413446,0.0,1.0
融创中心武汉壹号院北区,住宅,114.32468709236164,30.5570337572461,13853223659,13853223658,0.0,1.0
香格里嘉园,住宅,114.33026653475437,30.550707308115157,4516243339,11478413446,0.0,1.0
绿城桂语江南,住宅,114.3314474412995,30.552815347858,13842080680,13842080676,0.0,1.0
融创中心武汉壹号院二期,住宅,114.32830713672041,30.557423700300028,13850708884,13850708869,0.0,1.0
安顺家园南区,住宅,114.33083520193617,30.55544159278334,13842080810,1146762353,0.0,1.0
楚天都市花园D座,住宅,114.33167923001079,30.550947554952838,13842080820,12157829710,0.0,1.0
红色住宅楼,住宅,114.33201760315728,30.551887593480075,13842080680,13842080676,0.0,1.0
东湖熙园,住宅,114.3318896473249,30.553747191267334,1835360721,5960527575,0.0,1.0
安顺花园,住宅,114.33190055345722,30.5546238663028,13842080812,13842080810,0.0,1.0
安顺家园梅岭,住宅,114.33111665905642,30.556450708558163,13842080810,1146762353,0.0,1.0
沙湖九号,住宅,114.32772094420723,30.559137216034532,13850708851,13854703922,0.0,1.0
安顺家园兰亭,住宅,114.33174766079121,30.556220598044746,13842080810,1146762353,0.0,1.0
安顺家园,住宅,114.3319583218342,30.556216202626356,13842080810,1146762353,0.0,1.0
安顺家园竹居,住宅,114.33232374082655,30.556137542310285,5960527580,13842080812,0.0,1.0
安顺家园菊坊,住宅,114.33269515896043,30.55596990280659,13842080812,5960527580,0.0,1.0
海山金谷天城小区,住宅,114.33356094160077,30.554032954194902,13842080816,13842080812,0.0,1.0
联合新村,住宅,114.32953698496259,30.559142756912443,5957618722,13854703922,0.0,1.0
沙湖公寓,住宅,114.32954696691594,30.559163730570475,5957618722,13854703922,0.0,1.0
中北路44号小区,住宅,114.334262031677,30.551648469713857,13842080226,13842080207,0.0,1.0
水果湖路1号小区,住宅,114.33420516418346,30.55116574205769,5758615079,13842080227,0.0,1.0
万达行政公馆,住宅,114.32961978901464,30.559848350991142,5957618722,13854703922,0.0,1.0
皇冠幸福里(中北路店),住宅,114.3347451817767,30.552595243183493,5758615080,13842080213,0.0,1.0
楚悦庭云水禅心按摩足浴SPA(汉街店),住宅,114.32973658243789,30.560042060916796,8197650529,4516243230,0.0,1.0
中国铁建·1818中心,住宅,114.33417382940455,30.555583270058346,13842080812,5960527580,0.0,1.0
Spr·Sum春夏花园,住宅,114.3302028432469,30.55984124742408,8197650529,4516243230,0.0,1.0
安顺花园1至3期,住宅,114.33501964665962,30.55374533486943,13842080212,1446233440,0.0,1.0
远洋国际,住宅,114.33041143139354,30.560688552945493,4516243230,8197650529,0.0,1.0
幸福之光,住宅,114.3297364869015,30.56114167236566,8197650529,4516243230,0.0,1.0
世纪瑞安,住宅,114.32887983919268,30.56161113398348,4516243391,4516243230,0.0,1.0
安顺星苑,住宅,114.33430340492824,30.558090151424356,5957619819,13842080882,0.0,1.0
北环路小区,住宅,114.33646262146617,30.550890651670656,5758615080,5758615079,0.0,1.0
水果湖二小宿舍,住宅,114.33706760844316,30.551655275882624,5758615080,617564335,0.0,1.0
观湖闲庭,住宅,114.32820583187619,30.562826985666508,3583675281,3583675271,0.0,1.0
汐湖里,住宅,114.33120103287189,30.562078566908976,13863470027,4516243354,0.0,1.0
省财政厅家属楼,住宅,114.33637710886691,30.546834196587834,4539344344,4539343781,0.0,1.0
御湖壹号四组团,住宅,114.33382992006935,30.56083406802195,4516243601,2401160974,0.0,1.0
同成富苑,住宅,114.33637413376191,30.558082315314163,2401160967,5957619826,0.0,1.0
水果湖工商银行宿舍,住宅,114.33821880768019,30.551794122849635,5758615080,617564335,0.0,1.0
御湖壹号K4地块,住宅,114.33355530827562,30.561409377731287,2401160976,13854687087,0.0,1.0
一街区云中,住宅,114.3366256830465,30.558729624557294,2401160967,5957619826,0.0,1.0
万达御湖壹号灵隐阁,住宅,114.33481334531068,30.560958191175278,13530638700,2401160976,0.0,1.0
水中大院,住宅,114.3390304182481,30.5533850984628,13530610629,617564335,0.0,1.0
万象春天,住宅,114.33845499270326,30.556958898487252,4847228187,4052821769,0.0,1.0
红军村,住宅,114.33941875964318,30.554111144165592,13706969768,13726232399,0.0,1.0
万达御湖世家,住宅,114.33302101451963,30.563113773138284,8197650544,3583675281,0.0,1.0
和美楼,住宅,114.33961759456145,30.55251733734423,13530610629,617564335,0.0,1.0
地税小区,住宅,114.33928587248855,30.555151022773035,13707118964,13706969752,0.0,1.0
招商紫荆府,住宅,114.33866062779174,30.55750733265599,4847228187,4052821769,0.0,1.0
汉街壹号公馆一组团,住宅,114.33629800421318,30.560940448253206,8301765452,8301765451,0.0,1.0
水果湖中学家属区,住宅,114.3399569878042,30.553540371856677,13530610629,617564335,0.0,1.0
御湖邻里,住宅,114.33469639738334,30.562489865486196,13854687087,12273308796,0.0,1.0
壹号府(万达御湖壹号店),住宅,114.33507281940432,30.562276241799584,8301765452,12273308796,0.0,1.0
红军村楚苑,住宅,114.34004782308291,30.553844103163208,13726232399,13530610629,0.0,1.0
同心大厦,住宅,114.34021471007183,30.552230361865703,13530610615,13702327957,0.0,1.0
红军村还建安置住宅楼,住宅,114.34017063803222,30.55382488912407,13530610629,617564335,0.0,1.0
东湖路78号小区,住宅,114.34193109197564,30.55261716738245,13702327984,13530610632,0.0,1.0
惠明小区,住宅,114.34185929701765,30.55149468198386,13702327960,13702327981,0.0,1.0
天永公寓,住宅,114.34215670913028,30.55315158338737,13530610731,13702327985,0.0,1.0
放鹰台社区,住宅,114.34158777094004,30.55071643150489,13702327981,13369051339,0.0,1.0
水果湖·长城嘉苑,住宅,114.34257315961483,30.552361122160814,1146760278,1146762346,0.0,1.0
中北路四街坊,住宅,114.34043411510086,30.55523692553465,13707119167,13707118964,0.0,1.0
水果湖白鹭街小区,住宅,114.34264293860005,30.55371053227074,13702327986,4516243345,0.0,1.0
量绅公馆Kingentle Bespoke(汉街体验店),住宅,114.340325243314,30.555659973344127,13707119167,13707119169,0.0,1.0
水产局社区,住宅,114.3435726755485,30.552496323525375,1146762346,1370793026,0.0,1.0
双湖桥住宅小区,住宅,114.34527225328785,30.55203654147011,1146762346,1370793026,0.0,1.0
武汉大学高家湾社区,住宅,114.34403868841554,30.556012291098394,13702776644,13702776667,0.0,1.0
寰宇上楼,住宅,114.3394353324947,30.55872050352777,13530638567,2401160940,0.0,1.0
放鹰台1号小区,住宅,114.3468909901929,30.551684909342335,1146762346,1370793026,0.0,1.0
御湖汉印,住宅,114.34059148919968,30.559682085729854,5753680285,5957618716,0.0,1.0
中北领秀领寓,住宅,114.33818014771589,30.56005331119397,13530638614,2401160967,0.0,1.0
中北领秀1期,住宅,114.33822307931094,30.560076224885325,13530638614,2401160967,0.0,1.0
周家大湾领寓,住宅,114.33837283480644,30.560225899364564,13530638614,2401160967,0.0,1.0
复地东湖国际8.2期,住宅,114.34359703028854,30.559484841847866,5753680276,5753680283,0.0,1.0
广厦中北领秀,住宅,114.33781265260413,30.56079372004102,8301765446,8301765451,0.0,1.0
武重经济适用房小区,住宅,114.34434288976188,30.560099328724153,3125538797,5753680283,0.0,1.0
怡欣苑,住宅,114.34704719576811,30.558283349671253,12174827997,13706490875,0.0,1.0
九天公寓小区,住宅,114.33836375707288,30.56127854357596,8301765451,8301765449,0.0,1.0
万达御湖公寓,住宅,114.3391844823935,30.56140900793338,13530638608,13530638614,0.0,1.0
K4-2组团,住宅,114.33732437400556,30.561227459875024,8301765452,8301765451,0.0,1.0
汉街壹号公馆,住宅,114.33665040244622,30.561505598965393,8301765451,8301765452,0.0,1.0
秀水公寓,住宅,114.35065272969709,30.55333813615541,3123587187,13619558762,0.0,1.0
复地·东湖国际8.1期,住宅,114.34676044743078,30.56000122815163,5758615108,12174842102,0.0,1.0
保利沙湖嘉瑞(建设中),住宅,114.33976251376448,30.562377620533333,13530638601,13530638607,0.0,1.0
楚汉新居,住宅,114.34245748468287,30.5620659270654,5758615112,3125538801,0.0,1.0
汉街壹号公馆二组团,住宅,114.33716652446924,30.562324360214934,8301765453,8301765452,0.0,1.0
楚汉新居北区,住宅,114.34275004424549,30.562147383166433,3125538801,5758615112,0.0,1.0
复地·东湖国际五六期,住宅,114.34373262413128,30.56186676318876,3125538801,5758615112,0.0,1.0
中央文化区2区,住宅,114.33632583518441,30.56237888690437,8301765453,8301765452,0.0,1.0
万达御湖壹号,住宅,114.33533740201402,30.562263755340016,8301765452,12273308796,0.0,1.0
御湖壹号公馆1号,住宅,114.33657540465413,30.562828267361812,8301765452,8301765453,0.0,1.0
复地·东湖国际四期,住宅,114.34653963904981,30.561362120182935,12174842102,5758615108,0.0,1.0
武汉建发朗玥,住宅,114.33875397853129,30.563306114160024,13530638607,8301765450,0.0,1.0
复地·东湖国际七八期,住宅,114.34906627049396,30.55996439944283,5758615108,5758615089,0.0,1.0
中建八局生活区,住宅,114.33722430777462,30.563776737291377,8301765450,13854703003,0.0,1.0
武汉沙湖中心云玺,住宅,114.34173037003717,30.564333405298612,9003111384,2401160982,0.0,1.0
工地生活区,住宅,114.33817273020546,30.56497457563898,13854687093,13921127211,0.0,1.0
复地·东湖国际三期高层,住宅,114.34760194278641,30.563791469225542,3125538797,5753680281,0.0,1.0
怡园柒号,住宅,114.35718716280041,30.559090104710343,1370793063,12277812485,0.0,1.0
东湖银苑小区,住宅,114.35257865765378,30.55997575610353,3125538790,5758615089,0.0,1.0
十亩地小区,住宅,114.35375807796895,30.561112522835458,5758615109,7654235695,0.0,1.0
复地·东湖国际一二期,住宅,114.3514439950193,30.56135006230663,5758615109,7654235695,0.0,1.0
东沙公寓,住宅,114.35428227387189,30.562918078582932,5758615109,7654235695,0.0,1.0
东湖1号小区1期,住宅,114.35203011267554,30.562786622945957,7654235695,5758615109,0.0,1.0
东湖1号小区3期,住宅,114.35306776782703,30.563083890938092,5758615109,7654235695,0.0,1.0
安诚铭居,住宅,114.35126709199787,30.562873803353018,5758615109,7654235695,0.0,1.0
东湖1号小区,住宅,114.3531476321749,30.56348762300646,5758615109,7654235695,0.0,1.0
东湖1号小区2期,住宅,114.35350016902073,30.56373998688945,5758615109,7654235695,0.0,1.0
伟鹏苑,住宅,114.34981688385388,30.564276640953214,5753680281,5758615109,0.0,1.0
锦绣江南一期,住宅,114.35329732072685,30.564903885053187,5758615109,7654235695,0.0,1.0
泓雅小区,住宅,114.35432597813929,30.56568902220016,1370793181,13368657893,0.0,1.0
蘭府LAN MANSION,住宅,114.36979889845524,30.56330758195954,1370819264,1370819371,0.0,1.0
黄鹂小区,住宅,114.3636030386838,30.563725707231747,1370819499,1370819272,0.0,1.0
保利星河九州K5地块,住宅,114.17387987280723,30.568922883789533,4519170305,2045952397,0.0,1.0
仙山创业中心观湖星座,住宅,114.17241478490014,30.567524659125848,4519170305,2045952397,0.0,1.0
保利星河九洲·K8,住宅,114.17237953556564,30.569219981977618,4519170305,2045952397,0.0,1.0
保利·青年荣耀,住宅,114.1707766336154,30.57243581747549,2045952536,8192055482,0.0,1.0
芳草苑小区西区,住宅,114.18136807374825,30.56899855609384,6397662610,6397662588,0.0,1.0
芳草苑小区,住宅,114.1817079356011,30.56997381223689,6397662613,4519170217,0.0,1.0
芳草苑小区东区,住宅,114.1816818306032,30.570345630783887,6397662613,4519170217,0.0,1.0
御景轩,住宅,114.16596719474396,30.566881793701807,5810571007,12579566020,0.0,1.0
昌南花园,住宅,114.18240885781607,30.570260959672144,6397662613,4519170217,0.0,1.0
保利星河九洲,住宅,114.18306752887767,30.572010494634814,9497638844,8946817068,0.0,1.0
保利星河九洲K5区,住宅,114.18283385024446,30.5723849435394,9497638844,8946817068,0.0,1.0
当代万国城MOMA,住宅,114.1640434574986,30.568708519429777,5810571007,12579566020,0.0,1.0
米粮新城,住宅,114.16425795474025,30.570132407520017,5810571007,12579566020,0.0,1.0
保利星河九洲K4区,住宅,114.1800286755657,30.576489410709485,11233206539,8192055446,0.0,1.0
阳城·汉江苑三期,住宅,114.18198822188629,30.57564424408868,8882508782,11233195035,0.0,1.0
鑫安居,住宅,114.16228561540443,30.565848248745546,5810571007,12579566020,0.0,1.0
阳城·汉江苑,住宅,114.18371195115266,30.576094139411598,11233188548,8946817067,0.0,1.0
磨山新天地2区,住宅,114.18853971930572,30.568281339204873,4519170220,8207331795,0.0,1.0
保和·汉水湾,住宅,114.17146802529909,30.57934956789533,2045952573,12164876465,0.0,1.0
汉琴社区,住宅,114.18614474161691,30.574458992689536,1150948084,8946817068,0.0,1.0
阳城·汉江苑二期,住宅,114.18315832392234,30.57725173364266,11233188547,11233005511,0.0,1.0
燎原悦府二区,住宅,114.18801799605438,30.57207607851009,9499906906,1150948084,0.0,1.0
锦绣仙山一期,住宅,114.17757647831928,30.579702757887276,3503089279,8192055481,0.0,1.0
阳城·汉江苑一期,住宅,114.18532638098557,30.57601799886359,11233188548,8946817067,0.0,1.0
锦绣仙山,住宅,114.17521169799032,30.580256198122168,12164876477,8192055484,0.0,1.0
保利星宸,住宅,114.17988401194404,30.579448054561205,8192055448,12164876472,0.0,1.0
仙山新城,住宅,114.17415162670369,30.580681075101335,2045952573,12164876465,0.0,1.0
中国铁建国际花园,住宅,114.18172015512087,30.57933640071994,8192055448,12164876472,0.0,1.0
米粮村还建房(建设中),住宅,114.16456112934222,30.566751196849143,5810571007,12579566020,0.0,1.0
汉阳·磨山港湾一期,住宅,114.19054418736079,30.566387379959487,1462111173,3226612100,0.0,1.0
磨山新天地1区,住宅,114.19157574678157,30.567965514009682,3226612107,3226612100,0.0,1.0
四时苑,住宅,114.19267070105587,30.56660278826115,3226612100,1462111173,0.0,1.0
磨山集团,住宅,114.19298945084621,30.56741801045416,3226612107,3226612100,0.0,1.0
华福苑,住宅,114.1935159240187,30.565996367278444,1462111173,3226612100,0.0,1.0
燎原悦府一区,住宅,114.1903181615549,30.5713662066802,8946817073,14040438983,0.0,1.0
财校东苑,住宅,114.19421153876567,30.56782881898088,3226612098,3226612109,0.0,1.0
燎原悦府,住宅,114.191915317006,30.571565766542346,8207331793,8207331792,0.0,1.0
燎原悦府五区,住宅,114.19226722989826,30.571553344733278,8207331792,1669802006,0.0,1.0
安居苑,住宅,114.1934091872873,30.571344265956032,9499909455,1669802006,0.0,1.0
玫瑰西苑,住宅,114.1956280760017,30.56826689081876,1462111145,1462111137,0.0,1.0
赛博园,住宅,114.19328478190911,30.57234370237551,1669802006,1669802054,0.0,1.0
保利庭瑞阅江台雅园,住宅,114.19085941528557,30.57328640412587,9499906906,8946817073,0.0,1.0
汉阳锦绣汉江,住宅,114.19615464486616,30.56534975649231,7614809187,7614804272,0.0,1.0
燎原悦府四区,住宅,114.1928907091739,30.57304381210966,8946817080,9499909456,0.0,1.0
玫瑰西苑社区嘉园小区,住宅,114.19626952454131,30.570043244644964,9499909455,317751693,0.0,1.0
燎原悦府三区,住宅,114.18906564044954,30.573793225346833,9499906906,1150948084,0.0,1.0
锦绣汉江六区,住宅,114.19649751081486,30.565202338703568,7614809187,7614804272,0.0,1.0
保利庭瑞阅江台沁园,住宅,114.19546836518838,30.571847344428427,8946817078,9499909456,0.0,1.0
玫瑰苑南苑,住宅,114.19741556804883,30.567652864722387,8887307681,1462111112,0.0,1.0
邹家湾小区,住宅,114.19738262922327,30.566010404496257,3226612093,7614809330,0.0,1.0
玫瑰苑北苑,住宅,114.19761391815055,30.569238593869205,8887307681,8887307682,0.0,1.0
玫瑰苑,住宅,114.19792367519607,30.569262053888977,1462111112,1462111117,0.0,1.0
王家湾中央生活区湾玺,住宅,114.19782279211965,30.56505941220927,7614809185,7614809196,0.0,1.0
保利庭瑞阅江台璟园,住宅,114.19422805647302,30.573877649244743,8946817080,9499909456,0.0,1.0
玫瑰馨苑,住宅,114.1983990189453,30.567137534436124,3030037805,3226612094,0.0,1.0
保利庭瑞阅江台朗园,住宅,114.19149092039427,30.57494683627776,8946817081,9499906903,0.0,1.0
保利庭瑞阅江台峯园,住宅,114.19568379694662,30.573099224119485,8946817078,9499909456,0.0,1.0
朝阳富苑,住宅,114.19922099522012,30.567307696939686,1462111126,1462111112,0.0,1.0
鑫瑞·小城故事东区,住宅,114.19586717148013,30.574073153308905,9499909456,9499909454,0.0,1.0
永开商住楼,住宅,114.1968777558581,30.57325701143816,8946817078,9499909456,0.0,1.0
鑫瑞·小城故事,住宅,114.19512927640872,30.574571818025312,9499909456,9499909454,0.0,1.0
中央之心,住宅,114.19938752563122,30.565813479178047,3226612093,7614809330,0.0,1.0
鑫瑞·小城故事西区,住宅,114.1945728370673,30.5749627979311,9499909453,9499909454,0.0,1.0
德才小区,住宅,114.19942730363363,30.56948421661742,1462111117,1150580614,0.0,1.0
王家湾中央生活区写字楼,住宅,114.19953790443778,30.56561377226576,3226612093,7614809330,0.0,1.0
永丰街道磨山村磨山城中村改造开发用地A地块1期,住宅,114.19951887134785,30.565467796491966,3226612093,7614809330,0.0,1.0
保利庭瑞阅江台汀园,住宅,114.18663693470441,30.576064253080126,1150948084,1150948041,0.0,1.0
大江·鑫港龙城小区,住宅,114.19223374758397,30.57611562077812,9499906907,8946817074,0.0,1.0
保利庭瑞阅江台竹园,住宅,114.19711530187787,30.57373020180285,8887307689,8946817078,0.0,1.0
玫瑰东苑,住宅,114.20007501987713,30.56758585153087,1462111126,1462111112,0.0,1.0
玫瑰东苑G区,住宅,114.2000750686934,30.567023053984524,1462111126,1462111112,0.0,1.0
玉龙社区,住宅,114.19651175410425,30.574347050303004,9499909456,9499909454,0.0,1.0
二桥街水仙里社区,住宅,114.19963972147163,30.57055214241373,8887307696,1150947906,0.0,1.0
保利庭瑞阅江台麓园,住宅,114.19512518205997,30.575541455626624,9499909454,9499909453,0.0,1.0
锦绣汉江三区,住宅,114.19714529692304,30.57464191365634,9499909459,8887307689,0.0,1.0
保利庭瑞阅江台,住宅,114.19553512333148,30.5765717181702,8887307688,2045952524,0.0,1.0
保利庭瑞阅江台·江峯,住宅,114.19657373304982,30.576366403794186,8887307688,2045952524,0.0,1.0
锦绣汉江四区,住宅,114.19978279465192,30.573669216930764,8887307694,1150948206,0.0,1.0
玫瑰西园社区,住宅,114.20196161597497,30.56591716004854,2418582944,7614809327,0.0,1.0
同济医院郭茨口小区,住宅,114.20209983400132,30.567119923497835,1150580614,1462111126,0.0,1.0
锦绣汉江,住宅,114.19940782247838,30.57450136086989,8887307694,1150948206,0.0,1.0
锦绣汉江一区,住宅,114.19791907070278,30.576112547702632,8887307688,2045952524,0.0,1.0
恒富苑小区2区,住宅,114.20182280707536,30.57152294010803,1150947861,1150947800,0.0,1.0
锦绣汉江五区,住宅,114.20157106650665,30.573273944435396,1150948206,1150947861,0.0,1.0
锦绣汉江二区,住宅,114.19996707955136,30.57547182573865,2045952502,8887307693,0.0,1.0
博雅苑,住宅,114.20262962761656,30.57215584430011,1150947800,1150947861,0.0,1.0
恒富苑小区,住宅,114.20232586483786,30.572838170249472,1150947800,317751542,0.0,1.0
玫瑰园小区,住宅,114.2031549153459,30.57126189942072,1150947800,7614809341,0.0,1.0
江汉二桥街知音西苑社区,住宅,114.20374541787842,30.569505348331635,1462129266,1462129249,0.0,1.0
玫瑰园西村,住宅,114.20437304723784,30.56712705903187,7614809348,1462129266,0.0,1.0
万科翡翠滨江一期,住宅,114.20121397706906,30.576170372449127,12164879631,2045952502,0.0,1.0
汉江阳光城A区,住宅,114.2062031715476,30.56662266813641,7614809321,7614809336,0.0,1.0
汉江阳光城,住宅,114.20624426955207,30.566534753174896,7614809321,7614809336,0.0,1.0
永丰乡政府小区,住宅,114.20748993696154,30.56707515816129,5186267858,317751904,0.0,1.0
知音东苑社区,住宅,114.20806395621747,30.569554986258094,3734111094,317751904,0.0,1.0
清宜农园(桥西社区),住宅,114.20643432142695,30.570764473308962,1150947800,7614809341,0.0,1.0
玫瑰东园小区,住宅,114.20909737336518,30.566957199761273,317751726,317751904,0.0,1.0
桥西村40号,住宅,114.20609650117132,30.57166170798896,7614809341,1150947800,0.0,1.0
江汉二桥街桥西社区,住宅,114.20550316070786,30.57197481501235,7614809341,1150947800,0.0,1.0
常福楼,住宅,114.21019568158347,30.566752596635105,317751904,317751726,0.0,1.0
十里铺社区,住宅,114.21009158460453,30.56538196396963,317751904,5186267858,0.0,1.0
家福庭苑,住宅,114.21055147460419,30.566058266882177,1462134297,1462134260,0.0,1.0
东北小区,住宅,114.21032066850054,30.56989261267524,3734111094,8967690616,0.0,1.0
长江委二桥小区,住宅,114.20746141558936,30.57239719555464,7614809439,7614809445,0.0,1.0
枫桥苑,住宅,114.20408187966513,30.57300953334609,1150931303,7614809410,0.0,1.0
吉祥苑,住宅,114.21102331964049,30.56745231906648,317751726,317751904,0.0,1.0
吉祥福邸,住宅,114.20886544902231,30.57199809239333,7614809387,7614809392,0.0,1.0
首座凯德,住宅,114.20925928464025,30.571924600349295,7614809387,7614809392,0.0,1.0
桥东社区国信新城一期小区阳小驿,住宅,114.21026441242633,30.571513957519116,7614809392,7614809369,0.0,1.0
小区超市(玫瑰新苑店),住宅,114.21214956178738,30.56780448490443,317751726,1459106935,0.0,1.0
国信新城一期,住宅,114.21063718881095,30.57140643703089,7614809369,7614809371,0.0,1.0
十里家园,住宅,114.21224499650532,30.564974607863352,1462134297,1462134260,0.0,1.0
玫瑰新苑,住宅,114.21271580402738,30.56645160665168,1462134297,1462134260,0.0,1.0
联投新青年·江苑,住宅,114.20321476698582,30.57456577602802,7614809411,2045952502,0.0,1.0
知音嘉苑,住宅,114.21226758584584,30.570254732864218,8967690616,7614809371,0.0,1.0
十里琴台,住宅,114.21302509107151,30.57019260054235,8967690616,7614809371,0.0,1.0
十里新村小区,住宅,114.2133180980469,30.56518172668095,1462134297,1462134260,0.0,1.0
国信新城二期,住宅,114.21273444368997,30.57105396577746,7614809371,7614809374,0.0,1.0
万科翡翠滨江三期,住宅,114.20675062641972,30.57524324632181,12164879633,12306577100,0.0,1.0
汉府上院,住宅,114.21388704346715,30.567051674466473,1459106935,317751726,0.0,1.0
十里玫瑰二期,住宅,114.21391302204677,30.56788240356276,1459106935,317751726,0.0,1.0
万科翡翠滨江,住宅,114.20458178001813,30.575663236842193,7614809412,12164879633,0.0,1.0
国信新城,住宅,114.21313823679017,30.571079403483328,7614809371,7614809374,0.0,1.0
河畔风景线,住宅,114.21393088684557,30.569849712297696,7614809374,317751805,0.0,1.0
万科翡翠滨江二期,住宅,114.20287285871287,30.57597578436034,12164879631,2045952502,0.0,1.0
万博雅苑,住宅,114.214685687938,30.56576598644469,1459106947,1459106935,0.0,1.0
十里玫瑰三期,住宅,114.21491090727186,30.568187352713718,1459106935,317751726,0.0,1.0
润帝嘉园B区,住宅,114.21496313391917,30.56670793953802,1459106935,1459106947,0.0,1.0
十里玫瑰,住宅,114.21527761344711,30.56803678831932,317751895,1459106935,0.0,1.0
国信新城三期,住宅,114.21525238785634,30.57010101630835,7614809374,317751805,0.0,1.0
汉水尚庭一期,住宅,114.21569960137285,30.56575904015078,8948030540,8948030541,0.0,1.0
汉水尚庭,住宅,114.215926983582,30.56624009903806,8948030540,8948030541,0.0,1.0
汉水尚庭二期,住宅,114.21609025833264,30.56656814640734,1459170183,8948030541,0.0,1.0
汉水玫瑰乐园2期,住宅,114.2039191236501,30.577478670291654,7614809415,8946817082,0.0,1.0
十里玫瑰一期,住宅,114.21683368370056,30.56589212959422,1459170183,8948030541,0.0,1.0
汀澜公馆,住宅,114.21691542195265,30.570655492367298,7614809374,317751805,0.0,1.0
赫山新村,住宅,114.21745453691693,30.569050598166438,4864116769,4864116772,0.0,1.0
十里玫瑰四期,住宅,114.21772408968518,30.5682541444297,4864116772,4864116769,0.0,1.0
铁桥新家园南区,住宅,114.21804486229902,30.56593228386422,1459170183,1462111096,0.0,1.0
琴断口街道七里庙社区,住宅,114.21803652435322,30.569679926336416,4864116772,4864116769,0.0,1.0
赫山家园,住宅,114.21821589974324,30.569019334294442,4864116772,4864116769,0.0,1.0
宝安·汉水琴台,住宅,114.21731800436825,30.572370261306375,12306577100,12969418880,0.0,1.0
机械化宿舍,住宅,114.21849828247967,30.57036511118229,8948030542,317123313,0.0,1.0
铁桥新家园,住宅,114.21904855269568,30.566801904056714,4864116768,4864116769,0.0,1.0
铁桥新家园北区,住宅,114.21922180052611,30.5674158409122,4864116769,4864116772,0.0,1.0
铁桥新家园3期,住宅,114.21937916133503,30.566387352633345,4864116766,1459170183,0.0,1.0
碧水晴天1期,住宅,114.21913136533507,30.570644592168144,8201673906,8948030543,0.0,1.0
高阳印象,住宅,114.2198109131882,30.56626978082326,4864116766,4864116769,0.0,1.0
亘星玫瑰里,住宅,114.2201674106481,30.567539638664144,4864116769,4864116766,0.0,1.0
罗七人家,住宅,114.22127837727479,30.56629103858827,1459170199,1459170196,0.0,1.0
香樟水岸,住宅,114.22276078077718,30.566292242412445,1459170199,1459170196,0.0,1.0
雨淋山庄,住宅,114.22340771226585,30.5673323707727,8948030542,317123313,0.0,1.0
碧水晴天,住宅,114.22046760278175,30.571194577977327,12969418881,12969418897,0.0,1.0
塞纳河畔(赫山路),住宅,114.22137604247105,30.572045040350226,9704772666,1150600186,0.0,1.0
汉江·云赫,住宅,114.22441803820745,30.570055142765817,12969418881,12969418897,0.0,1.0
雨林香居,住宅,114.22513044857989,30.566163056631908,4864116777,317123313,0.0,1.0
琴台天地,住宅,114.22579842925192,30.566259484998117,12401558256,12401558250,0.0,1.0
安厦花园,住宅,114.22164813999879,30.576096782240732,1886846389,1886840646,0.0,1.0
江景时代,住宅,114.22234623856211,30.576492204215,8197713612,8197713610,0.0,1.0
秦水名邸,住宅,114.21943735000256,30.57696255677563,1886840646,1886840634,0.0,1.0
首创天阅一江源E区,住宅,114.22467589984346,30.576206082675704,1886846389,1886840646,0.0,1.0
香荷嘉苑,住宅,114.22717963014267,30.575375082511652,11303773478,1886846389,0.0,1.0
首创天阅一江源C区,住宅,114.22266562826903,30.57790693596821,1886803793,1886641177,0.0,1.0
首创天阅一江源,住宅,114.22264658616308,30.57804287061736,1886803793,1886641177,0.0,1.0
都市申新花园,住宅,114.22501027561346,30.57769077381,1886803793,1886641177,0.0,1.0
阮家台铁路住宅区,住宅,114.22811886564679,30.576179364764517,1886803793,1886641177,0.0,1.0
融侨锦江2期,住宅,114.21737451030364,30.57928077355426,1886803793,1886641177,0.0,1.0
首创天阅一江源B区,住宅,114.22382736668862,30.578924453884287,8197713614,8197713612,0.0,1.0
自治小区,住宅,114.23002345747784,30.575472699829884,11303773478,1886846389,0.0,1.0
武地万科·澄园,住宅,114.2277823041492,30.57731974060657,1886803793,1886641177,0.0,1.0
中央公园一期,住宅,114.23383567579702,30.568259081357777,4835911365,4835911366,0.0,1.0
宗关还建2期,住宅,114.22629209652014,30.578469365518448,8197713604,8197713603,0.0,1.0
融侨锦江,住宅,114.21729933437476,30.5797465277546,1886803793,1886641177,0.0,1.0
汉水一村,住宅,114.22711730760133,30.578099038375647,8197713604,8197713603,0.0,1.0
黎明公寓,住宅,114.2271443070317,30.57854788926009,8197713603,11303773481,0.0,1.0
军院小区,住宅,114.23053301543798,30.57655156801646,1886803793,1886641177,0.0,1.0
天创坦达·月湖云庄,住宅,114.23478456109179,30.57012675966376,12969418881,12969418897,0.0,1.0
中央公园,住宅,114.2356316276689,30.568195745068817,4835911366,12969418897,0.0,1.0
中央公园二期,住宅,114.23655954952876,30.56852391071741,4835911376,6868869434,0.0,1.0
九龙仓·月玺,住宅,114.23813323633493,30.56663499866157,6868869435,6868869434,0.0,1.0
华润·悦府,住宅,114.23732918182657,30.56999858858424,12969418897,12969418898,0.0,1.0
中海琴台华府,住宅,114.23894183898047,30.56823759541291,6868869434,12969418898,0.0,1.0
月湖琴声D区,住宅,114.23936045660149,30.565381701466407,4835911373,6868869435,0.0,1.0
月湖琴声,住宅,114.23985582052968,30.566150512326136,6868869435,1150600152,0.0,1.0
月湖琴声C区,住宅,114.24050928022123,30.56720723246313,12969485101,6868869435,0.0,1.0
月湖景苑,住宅,114.24089577686891,30.56511503407274,1150600246,1150600152,0.0,1.0
丽江新居,住宅,114.23927162477872,30.574140513397897,1884975569,7218151631,0.0,1.0
银河小区,住宅,114.23833169691129,30.57504798831289,1884975569,7218151631,0.0,1.0
越秀·星汇云锦1期,住宅,114.24224319447643,30.572488505604614,11088633759,11088633768,0.0,1.0
越秀·星汇云锦西区,住宅,114.24224319447643,30.572488505604614,11088633759,11088633768,0.0,1.0
环卫大院,住宅,114.23610146389046,30.575744143480712,1886645401,1886645341,0.0,1.0
汉中·越港湾,住宅,114.24392150970651,30.571110079038384,11088633770,11088633778,0.0,1.0
越秀·星汇云锦东区(硚口路),住宅,114.24372530597927,30.571927778681808,11088633759,11088633770,0.0,1.0
皮子街社区,住宅,114.23771002091877,30.57612144814075,1886678503,1886678558,0.0,1.0
特一号小区,住宅,114.24174067009417,30.574133861928352,11088633765,1886645369,0.0,1.0
越秀·星汇云锦,住宅,114.2435471546512,30.572261653168677,11088633759,11088633770,0.0,1.0
武汉城建·万科万维天地,住宅,114.23255543723978,30.57714530864124,11303773481,11303773478,0.0,1.0
三六零四老小区,住宅,114.23551171519955,30.577339368508262,1886641104,1886641239,0.0,1.0
武汉城建万科万维天地A区,住宅,114.2315962867677,30.57714187344747,11303773481,11303773478,0.0,1.0
武汉城建万科万维天地B区,住宅,114.23112768832122,30.577394554618888,11303773481,11303773478,0.0,1.0
崇仁街长堤社区创新大楼,住宅,114.24665133546647,30.569379594625143,1884983026,11876490911,0.0,1.0
仁寿社区,住宅,114.23999901197296,30.576969598958257,1886645407,1886678511,0.0,1.0
汉江公寓,住宅,114.24698755528952,30.56895671418795,1885037341,1880327551,0.0,1.0
兴隆小区(兴隆北巷),住宅,114.2472406692508,30.569198598828713,1884990097,1884983026,0.0,1.0
汉水新村,住宅,114.2361322587765,30.578493137883054,1886723081,1886691320,0.0,1.0
翰林珑城,住宅,114.23822629462411,30.578586659117263,1886641308,1886723081,0.0,1.0
隧华里,住宅,114.24373593638663,30.57630817410136,1886641269,1886645407,0.0,1.0
硚口路住宅,住宅,114.24547419064807,30.57475771790105,1886641269,1886645407,0.0,1.0
燧华里老旧物业小区,住宅,114.24415223874232,30.576057270653564,1886641269,1886645407,0.0,1.0
仁硚新村,住宅,114.24480868625555,30.57581835175805,1886645407,1886641269,0.0,1.0
建国社区,住宅,114.24709423538275,30.573340109403812,1885026725,1885026707,0.0,1.0
汉正小区,住宅,114.248948562933,30.568509595876446,7178831308,7178831333,0.0,1.0
中山花园,住宅,114.24788071082325,30.572528307984562,6868962764,6868989218,0.0,1.0
荣华街道中山上巷170-173号,住宅,114.24769458129849,30.572947180370427,6868962764,6868989218,0.0,1.0
解放大道486号小区,住宅,114.24339057775947,30.577700651659086,1886641124,1886641117,0.0,1.0
3604小区1期,住宅,114.23341115681104,30.580320492184395,1886691318,1886691314,0.0,1.0
东辉花园,住宅,114.24517284262032,30.57665703192949,5805853194,6868962768,0.0,1.0
3604小区,住宅,114.23308577155984,30.580453308716038,1886691318,1886691314,0.0,1.0
学苑社区,住宅,114.24251386797461,30.578625267631462,1886641151,1886723073,0.0,1.0
武汉建工生活区,住宅,114.24405802209036,30.577844610595214,1886641124,1886641117,0.0,1.0
桥新公寓,住宅,114.25073222163243,30.56936590563216,1884990112,1884990079,0.0,1.0
同兴小区,住宅,114.25142750182651,30.568980863902127,1885037343,1885006540,0.0,1.0
汉宜里,住宅,114.25228277923041,30.56894662872748,1885037343,1885006540,0.0,1.0
静安里,住宅,114.2526308357223,30.569480327119045,1885006540,1884981395,0.0,1.0
常青楼,住宅,114.25023787413066,30.57121135392708,1884981410,1884990115,0.0,1.0
唐家巷小区,住宅,114.25023787206612,30.57123534520493,1884990115,1884990073,0.0,1.0
花好月园,住宅,114.25091909040819,30.57168801608928,6868962757,1884975605,0.0,1.0
中山大道46号,住宅,114.24989267927566,30.571869191190405,1884990073,6868962757,0.0,1.0
硚口区居仁门勤工院,住宅,114.2522375676766,30.571246808711045,1884981395,1884981410,0.0,1.0
硚口区交通大队二中队宿舍,住宅,114.25173937153262,30.571702789511235,6868962757,1884975605,0.0,1.0
雅泰小区,住宅,114.25502456209468,30.567536159149846,7178831308,7178831333,0.0,1.0
李寓,住宅,114.25348394021213,30.57091951986851,7178831327,1884981395,0.0,1.0
天声小区,住宅,114.25416914294873,30.57042345101489,1884981395,7178831327,0.0,1.0
崇仁街尚义社区,住宅,114.2554246031598,30.567858876736768,7178831345,1885006540,0.0,1.0
建乐小区爱老楼,住宅,114.24936340156347,30.57251306525922,6868962768,6868962757,0.0,1.0
居仁门,住宅,114.25343488435718,30.571426352764885,1884975605,7178831325,0.0,1.0
三乐路/建乐村(路口),住宅,114.24986359704214,30.572686899308003,1885026716,1885026726,0.0,1.0
公安小区,住宅,114.25396401541758,30.5713741820047,1884975605,7178831325,0.0,1.0
裕亚俊园,住宅,114.25264960582165,30.5722153277246,1885026709,1884975558,0.0,1.0
崇仁街爱国社区,住宅,114.25591553753276,30.56949207489319,7178831327,7178831345,0.0,1.0
江山如画二期,住宅,114.25673479189949,30.567714343003505,1884979300,1884982995,0.0,1.0
怡佳公寓,住宅,114.25551633933678,30.57109766566547,1884981395,7178831327,0.0,1.0
红星公寓,住宅,114.2534627607054,30.57294478952553,1885026716,1885026709,0.0,1.0
玉三小区,住宅,114.25060078356896,30.57388729215741,1885026716,1885026726,0.0,1.0
玉带路2-10号小区,住宅,114.25491114917268,30.572094554006167,7178831313,1885026709,0.0,1.0
建乐小区,住宅,114.24959937427181,30.57400047435933,7178831335,1885026697,0.0,1.0
御景名苑,住宅,114.25168217264894,30.573797041225184,1885026726,1885026716,0.0,1.0
硚口区荣华街道阳光家园,住宅,114.25224835131853,30.57379987396022,1885026726,1885026716,0.0,1.0
中建湖北文旅壹品公馆-南区,住宅,114.25737275388566,30.568838629225635,1884982995,1884985369,0.0,1.0
弘玉花园金玉华庭,住宅,114.24956732866919,30.5743733442545,7178831335,1885026697,0.0,1.0
玉二小区,住宅,114.25321762911183,30.573747580596304,1885026716,1885026726,0.0,1.0
高逸小区,住宅,114.2577318757285,30.567715854175947,1884983695,1880327572,0.0,1.0
玉带家园,住宅,114.251060895421,30.574546934967586,7178831335,1885026697,0.0,1.0
玉带汇景苑,住宅,114.25282048749753,30.57415056531379,1885026716,1885026726,0.0,1.0
中建湖北文旅壹品公馆,住宅,114.2577826998876,30.569796076909274,1884983696,1884983683,0.0,1.0
崇仁新都,住宅,114.25712352665045,30.571237881795273,1884979298,1884983694,0.0,1.0
崇仁小区1号楼,住宅,114.25601328862295,30.572543922559603,7178831339,7178831313,0.0,1.0
皇冠幸福里(崇仁路店),住宅,114.25649939285805,30.572048882536233,1884979297,1885021157,0.0,1.0
友谊社区(玉带正街),住宅,114.25514309072813,30.57326103357992,7178831339,7178831313,0.0,1.0
崇仁小区,住宅,114.255919254086,30.57279287334436,7178831339,7178831313,0.0,1.0
汉中街马家社区,住宅,114.25831781627328,30.568746178549624,1884998931,1884983695,0.0,1.0
江山如画一期,住宅,114.25847993817132,30.567392580252008,1884983695,1880327572,0.0,1.0
和成天下,住宅,114.25642835722776,30.57236579977445,1884979297,1885021157,0.0,1.0
玉带社区,住宅,114.25290546151717,30.574725326735848,1885026726,1885026716,0.0,1.0
华勘小区,住宅,114.25586621899272,30.573112779837047,7178831339,7178831313,0.0,1.0
集贤一村,住宅,114.2570504604287,30.57193066504245,1885021158,1884979297,0.0,1.0
江山如画,住宅,114.25879396356423,30.567182485887493,1884998921,1884998931,0.0,1.0
新世界,住宅,114.25891386530748,30.568344001609905,1884998931,1884983695,0.0,1.0
丰源大厦,住宅,114.25893586623557,30.568335992361188,1884998931,1884983695,0.0,1.0
锦荣花园,住宅,114.25675936242466,30.572736510204766,1884979297,1885021157,0.0,1.0
葛洲坝·城市花园一期,住宅,114.2477293772769,30.57552323166088,1885077857,7178831340,0.0,1.0
江山如画五期,住宅,114.25872573391047,30.569837564702684,1884983683,1884983696,0.0,1.0
名仕阁小区,住宅,114.25898280982918,30.56899672779151,1884983696,11876490945,0.0,1.0
银洲公寓,住宅,114.25663830244766,30.573282367686062,1885021157,1885021164,0.0,1.0
武汉城建·天樾,住宅,114.25497194064593,30.57464859543201,7178831318,1885026716,0.0,1.0
鄂教小区,住宅,114.2517560100781,30.575967223495685,1885077857,7178831340,0.0,1.0
硚口小区,住宅,114.25724436403763,30.573249089559457,1885021157,1885021164,0.0,1.0
江山如画三期,住宅,114.25977695902414,30.567181930833517,1884998931,1884983029,0.0,1.0
江山如画4期,住宅,114.25986582953381,30.568658346792045,11876490945,1884983696,0.0,1.0
葛洲坝·城市花园,住宅,114.24782235806555,30.576289936842784,1885077857,7178831340,0.0,1.0
集贤路茶叶市场小区,住宅,114.25628217022236,30.574331147977496,1885021157,1885021160,0.0,1.0
集贤·书香苑,住宅,114.25689927319912,30.57393900407012,1885021157,1885021164,0.0,1.0
物资站小区,住宅,114.25753437479436,30.57338489620719,1885021157,1885021164,0.0,1.0
集一小区,住宅,114.25826348323264,30.57259281066275,1885021158,1885021164,0.0,1.0
长寿社区万安国际还建楼,住宅,114.25931363848895,30.570992819142045,1884983694,1884983682,0.0,1.0
江山如画3期A区,住宅,114.26016397060758,30.56689380618526,4516217466,1884998921,0.0,1.0
硚口·金利屋,住宅,114.25897854186962,30.57211059993493,1885021166,1885021158,0.0,1.0
崇仁路教委小区,住宅,114.25371255077945,30.576093546080365,7178831314,1885077857,0.0,1.0
井冈民苑小区,住宅,114.25829344689369,30.573028635696684,1885021158,1885021164,0.0,1.0
江滩花园A区,住宅,114.26042199815609,30.566429817653958,4516217466,1884998921,0.0,1.0
集贤花园南区,住宅,114.25679421277971,30.57451784187214,1885021174,1885021160,0.0,1.0
江滩花园,住宅,114.26046399897112,30.56639380509144,4516217466,1884998921,0.0,1.0
井岗名苑小区,住宅,114.25802039605855,30.57347961381647,1885021157,1885021164,0.0,1.0
江山如画六期,住宅,114.26023672632799,30.56969575180576,1884983686,1884983696,0.0,1.0
葛洲坝·城市花园二期,住宅,114.24784231687734,30.576884714766578,8343338429,1885048823,0.0,1.0
同馨花园二期,住宅,114.24959610052025,30.577166310644078,1885077857,7178831340,0.0,1.0
汉华公寓,住宅,114.2601126153518,30.571047335578346,1884983694,1884983682,0.0,1.0
幸乐村小区,住宅,114.25902445499581,30.57312420454276,1885021164,1885021177,0.0,1.0
铁路小区(京汉大道),住宅,114.25630107083526,30.575513705158162,1885021160,1884979292,0.0,1.0
集贤花园,住宅,114.2571832151047,30.574919507455935,1885021174,1885021160,0.0,1.0
众科苑,住宅,114.25614303739329,30.575666720372947,1885021160,1884979292,0.0,1.0
江山如画汉玺,住宅,114.26118291031484,30.566834200770945,4516217466,1884998921,0.0,1.0
幸乐村小区二村,住宅,114.25943947509543,30.572879060470648,1885021177,1885021166,0.0,1.0
汉华花园,住宅,114.26082160947718,30.570659045735308,1884981405,1884983682,0.0,1.0
化工小区,住宅,114.25620102233917,30.575929597498543,1885021160,1884979292,0.0,1.0
集贤花园北区,住宅,114.25740021200998,30.575161311898913,1885021174,1885021160,0.0,1.0
圣锦苑,住宅,114.25987648730495,30.572631897925,1885021177,1885021166,0.0,1.0
华通花园,住宅,114.25889738722994,30.573897991743472,1885021164,1885021177,0.0,1.0
同馨花园雍豪府,住宅,114.25110361972484,30.577927678257037,7178831340,1885077857,0.0,1.0
马家社区洪湖小区,住宅,114.26163462882465,30.569603911865055,1884983696,1884983686,0.0,1.0
长寿社区-东区,住宅,114.2615715638845,30.570434651666815,1884983682,1884981405,0.0,1.0
中御公馆,住宅,114.24854053190539,30.57831508034812,7216532239,7216532182,0.0,1.0
汉中街长寿社区,住宅,114.26177954751044,30.57036654092584,1884983682,1884981405,0.0,1.0
幸福一村,住宅,114.26053241543376,30.573130323470895,1885021177,1885021166,0.0,1.0
武胜西街4号小区,住宅,114.25920031079717,30.57480549050241,1885021153,1885021174,0.0,1.0
荣华苑,住宅,114.25833021661454,30.57572062917151,1885021153,1885021174,0.0,1.0
爵世嘉园,住宅,114.25977033687278,30.574414307874402,1885021153,1885021177,0.0,1.0
天茗居,住宅,114.25751811574698,30.57638180401742,1885021161,1884979292,0.0,1.0
红色物业教委小区,住宅,114.25416249025923,30.577992679514875,7178831340,1885077857,0.0,1.0
站邻园社区,住宅,114.25641894288866,30.577168041506894,1885079870,1885079887,0.0,1.0
地质小区,住宅,114.26052033698679,30.574049994315526,1885021177,1885021178,0.0,1.0
材料站小区,住宅,114.25944825580243,30.575426122074784,1885021153,1885021174,0.0,1.0
同馨花园一期,住宅,114.25223390622114,30.578921990546355,4519170251,1885061299,0.0,1.0
宝丰公寓小区,住宅,114.25739304603556,30.577083607369023,1885080778,1885079887,0.0,1.0
集贤公寓南苑,住宅,114.26039228913163,30.574687838211535,1885021153,1885021177,0.0,1.0
集贤公寓南苑,住宅,114.26040128866025,30.574687832766724,1885021153,1885021177,0.0,1.0
硚北社区教委小区,住宅,114.25545972370159,30.57814710336232,7216601045,7178831340,0.0,1.0
集贤公寓,住宅,114.26047327693603,30.574778755720875,1885021156,1885021163,0.0,1.0
集贤雅苑,住宅,114.2610642885503,30.574174611667317,1885021177,1885021178,0.0,1.0
药帮巷小区,住宅,114.26358852661541,30.5674663457742,1880327770,1880341177,0.0,1.0
江山如画8期,住宅,114.26367232235116,30.569655494982165,1880327743,1880341156,0.0,1.0
地质村,住宅,114.26162123698974,30.574173256087207,1885021178,1885021148,0.0,1.0
3506小区,住宅,114.24363466090492,30.578702287168454,1886641077,7216532270,0.0,1.0
存仁社区,住宅,114.2639783918408,30.568145817801007,1880327770,1880341177,0.0,1.0
丽景苑小区,住宅,114.26357423402953,30.57089711531372,1880341181,1880341156,0.0,1.0
集贤里155-158号小区,住宅,114.2604201796867,30.575942360177734,1885021155,1885021156,0.0,1.0
仁和世家,住宅,114.25615377058877,30.57878356414546,1186631581,1885079872,0.0,1.0
黄金公寓(荣华街),住宅,114.2622611778235,30.573981903324754,1885021148,1885021167,0.0,1.0
三五零六社区,住宅,114.25740094315232,30.57828615867547,1885079870,1885079887,0.0,1.0
人信·武胜里,住宅,114.26176115147749,30.57499186455111,1885021148,1885021180,0.0,1.0
集贤公寓北苑,住宅,114.26108213842832,30.575901965935607,1885021155,1885021156,0.0,1.0
武北公寓,住宅,114.262317121003,30.574555655334606,1885021148,1885021167,0.0,1.0
滨水香苑B区,住宅,114.26466342785596,30.56599108214484,1880337938,1880327575,0.0,1.0
滨水香苑,住宅,114.26475440207732,30.56604299449669,1880337939,1880337938,0.0,1.0
育英小区,住宅,114.26463009634047,30.569932686541744,1880341143,1880341156,0.0,1.0
烟草楼,住宅,114.25596267518596,30.579591349511247,1885079872,1885079870,0.0,1.0
集贤里,住宅,114.26019808483382,30.577170041143905,1885021155,1885021156,0.0,1.0
宝康苑,住宅,114.25849999413444,30.578370560171436,1885080778,1885080776,0.0,1.0
锅厂台小区,住宅,114.23853072717134,30.576825377549778,1886678511,1886678503,0.0,1.0
和平新村,住宅,114.2511646859503,30.554153185864692,11270842941,11270842946,0.0,1.0
德厚里,住宅,114.26551303055915,30.568139653549174,1880341177,1880341184,0.0,1.0
东富商城南区,住宅,114.26611286271448,30.568139175449577,1880341184,1880341177,0.0,1.0
互助里,住宅,114.26611286271448,30.568139175449577,1880341184,1880341177,0.0,1.0
光裕里,住宅,114.26671279624223,30.566789170629374,1880337939,1880327665,0.0,1.0
厚善里,住宅,114.26689174717899,30.566693056358424,1880337939,1880327665,0.0,1.0
利济社区怡庆里,住宅,114.26614275122247,30.56933272014914,1880341177,1880341184,0.0,1.0
庆丰里1号小区,住宅,114.26724149618924,30.5682631970877,1880327665,1880341184,0.0,1.0
利济社区,住宅,114.26574283411703,30.56969490971855,1880327704,1880341143,0.0,1.0
安吉里,住宅,114.267462487148,30.567488288430994,1880327665,1880334708,0.0,1.0
海富大厦,住宅,114.26690055053794,30.568944237820098,1880341184,1880341177,0.0,1.0
小新社区,住宅,114.26711971451398,30.56620204147852,1880334708,1880327634,0.0,1.0
武汉市硚口区长堤街育英下巷12号,住宅,114.26501898592426,30.570135316410113,1880341143,1880341156,0.0,1.0
银丰富苑,住宅,114.26808325677781,30.567569722283746,1880327665,1880334708,0.0,1.0
世纪金苑,住宅,114.2685061536682,30.56689659124526,1880334758,1880334708,0.0,1.0
利南小区,住宅,114.26896789288445,30.56778785608833,1880334758,1880337941,0.0,1.0
红燕社区,住宅,114.26598063242227,30.571259152011038,1880341143,1880327704,0.0,1.0
华祥苑,住宅,114.26964169188729,30.566825584762586,1880334758,1880334708,0.0,1.0
水悦澜庭,住宅,114.26994556204684,30.566778318248907,1880334758,1880334701,0.0,1.0
石码头正巷88号,住宅,114.27022845228431,30.566567127424218,1880334701,1880334758,0.0,1.0
水景园,住宅,114.27006160394568,30.5656866008916,1880334701,1880334758,0.0,1.0
华贸四号楼B区居民区,住宅,114.2705581928832,30.567801369203906,11303773535,1880337929,0.0,1.0
雅端小区,住宅,114.26926149608549,30.570985431721784,1880327732,1880341152,0.0,1.0
凌云里,住宅,114.26882664039228,30.571384681331562,1880327704,1880327732,0.0,1.0
学堂社区,住宅,114.26418194682434,30.572823970041625,1880372550,1880372579,0.0,1.0
安善社区,住宅,114.27037112014845,30.56966087617841,1880337934,1880327599,0.0,1.0
金海名都,住宅,114.26523267746936,30.57309407408352,1880311415,1880372550,0.0,1.0
中山大道209号小区,住宅,114.26610544175101,30.57305439703773,1880311415,1880372550,0.0,1.0
儒祥里,住宅,114.27161070291179,30.567484456372796,1880334797,1880327798,0.0,1.0
荣华花园,住宅,114.26361300364361,30.57348914242663,1880372550,1880372579,0.0,1.0
保利尚品,住宅,114.27179556973597,30.567924113849728,1877156885,1880327798,0.0,1.0
旌德社区,住宅,114.27053192183605,30.571092203287034,1880327814,1877156636,0.0,1.0
长沙印象,住宅,114.26541256673299,30.5738376616965,1880363681,1880311415,0.0,1.0
金城·时代,住宅,114.27155394875305,30.56496641617362,1880337929,11303773535,0.0,1.0
利济北路46号小区,住宅,114.26649725840105,30.573818798373114,1880311415,1880363670,0.0,1.0
长堤街733号,住宅,114.27036089467623,30.572333914409636,1880341138,1880327814,0.0,1.0
荣东社区,住宅,114.26514758137084,30.57446163940056,1880363681,1880311415,0.0,1.0
汉正花园,住宅,114.27224916206801,30.569876951540312,1877156751,1880334756,0.0,1.0
金昌C区,住宅,114.27278598194991,30.56855887940551,1877156751,1880334797,0.0,1.0
湖正里,住宅,114.26968013171717,30.57313626173994,1880341164,1880341138,0.0,1.0
艺和社区,住宅,114.27290393489993,30.568338836978523,1877156751,1880334797,0.0,1.0
宝善小区,住宅,114.27045879430987,30.572970588643777,1880341138,1880327814,0.0,1.0
武汉市硚口区达意工艺品综合社区,住宅,114.26544346270245,30.57495122911019,1880363681,1880311415,0.0,1.0
多福商城D区,住宅,114.27106054386432,30.57253316763801,1880327814,1880341138,0.0,1.0
同安里E区,住宅,114.27260991379465,30.57048236412572,11883032212,1877156636,0.0,1.0
燕山社区,住宅,114.27000596571551,30.573388864840005,1880341164,6480234638,0.0,1.0
硚口区汉正街全新社区,住宅,114.27264583784803,30.57113409050947,11883032212,1877175230,0.0,1.0
金昌同益里,住宅,114.2737123896692,30.5692506602754,1877156632,1877156751,0.0,1.0
武汉城发·金地上宸,住宅,114.26585327753791,30.575801592024206,1880363670,1880367680,0.0,1.0
汉正常青地产硚口跃进片051号地块(建设中),住宅,114.26859840367166,30.575187495459847,1880367678,1880367680,0.0,1.0
幼南里,住宅,114.27353633648808,30.571072185984956,1877175230,11883032212,0.0,1.0
六角亭街宝善社区,住宅,114.2699038874541,30.574827433449588,1880367684,1880367364,0.0,1.0
盛世康园,住宅,114.2651384347879,30.57619101073313,1880363670,1880363671,0.0,1.0
荣东社区利民大厦,住宅,114.26455057253455,30.576229445473334,1880363680,1880363672,0.0,1.0
荣西社区,住宅,114.26221498802555,30.576257098421348,11876524974,1230844507,0.0,1.0
硚房集团汉正街核心商业片096号地块(建设中),住宅,114.27490798821424,30.56537376441863,1880327553,1877160498,0.0,1.0
怀安一里,住宅,114.27351518901973,30.572927532145627,11883032169,1877175230,0.0,1.0
由义社区,住宅,114.26573119747064,30.57712720050145,1880367374,1880363671,0.0,1.0
宝庆社区,住宅,114.27604416699205,30.566220192587735,1880327553,1877160498,0.0,1.0
六水街20号,住宅,114.27470851620564,30.572319472956814,11883032176,11883032175,0.0,1.0
航发大厦,住宅,114.26841832055749,30.57696700020094,1880367680,1880367362,0.0,1.0
民安大厦,住宅,114.27157702775898,30.575522564401993,1880367373,1880367364,0.0,1.0
大新社区,住宅,114.27608480693176,30.570077755042128,1877156587,1877156632,0.0,1.0
电车村,住宅,114.26079004327174,30.577263646204678,1885021155,1885021156,0.0,1.0
美奇国际公寓,住宅,114.2726035102323,30.57520764479396,1880367373,1880367364,0.0,1.0
顺道社区,住宅,114.26771353754452,30.577489423720788,1880367680,1880367362,0.0,1.0
汉正街新安社区,住宅,114.27601079675867,30.57077958427694,11883032185,1877156587,0.0,1.0
金成世家,住宅,114.27010963196832,30.57672054322465,1880367362,1880367684,0.0,1.0
民意社区循礼巷48号居民楼,住宅,114.27125413309415,30.57619063703644,1880367685,1880367684,0.0,1.0
老三栋物业自管小区,住宅,114.2676325568865,30.57759945279345,1880367374,1880363671,0.0,1.0
民康大厦,住宅,114.27188782454304,30.576017072507884,1880367685,1880367684,0.0,1.0
游艺东村,住宅,114.27076033201,30.576681936479556,1880367685,1880367684,0.0,1.0
天成里,住宅,114.27612066704599,30.571417227773566,11883032192,1270137468,0.0,1.0
新安里小区,住宅,114.27647845330226,30.571036957500056,1877156579,1877156587,0.0,1.0
公寿后街18号,住宅,114.27595770030965,30.572316085100137,11883032190,11883032194,0.0,1.0
同丰大厦,住宅,114.27653738640718,30.571336780790787,1877156579,1877156587,0.0,1.0
熙龙阁,住宅,114.27668231189125,30.571023727754064,1877156579,1877156587,0.0,1.0
游艺西村,住宅,114.26844022651572,30.577960613430072,1880367374,1880367362,0.0,1.0
游艺社区,住宅,114.26959178170152,30.577645685590202,1880367362,1880367374,0.0,1.0
金地汉口峯汇,住宅,114.26446039262268,30.578555653471454,1880363671,1230844348,0.0,1.0
老鼠街小区,住宅,114.27408367473456,30.57496418138178,1880367367,11888248818,0.0,1.0
桥口路小区,住宅,114.26004701921659,30.5780038227604,4873221601,1885080778,0.0,1.0
民乐小区,住宅,114.27349095761909,30.57577751256709,1880367373,1880367685,0.0,1.0
港务局宿舍,住宅,114.27335201688669,30.576027566611195,1880367373,1880367685,0.0,1.0
大通国际,住宅,114.26042797285845,30.578340469709584,4873221601,1885080778,0.0,1.0
煦龙阁,住宅,114.27675317109605,30.57207826206401,1270137468,11883032178,0.0,1.0
江通A,住宅,114.27770671037487,30.56942710907825,1877156872,1877156809,0.0,1.0
秋亚骄都,住宅,114.27741882151105,30.570592026611926,1877156562,1877184747,0.0,1.0
中山大道661号,住宅,114.27405863693336,30.57557898222692,1880396010,1880367373,0.0,1.0
中山大道305号,住宅,114.27415858051847,30.575528893360683,1880396010,1880367373,0.0,1.0
雅典居花园,住宅,114.2728562551068,30.576539894101646,1880367373,1880367685,0.0,1.0
汉口·中心嘉园,住宅,114.26574202739705,30.579067473415478,1880367374,1880363671,0.0,1.0
双龙小区,住宅,114.27652823399868,30.573179119412988,11883032179,11883032178,0.0,1.0
流通巷盛源,住宅,114.27788051308261,30.57021761627331,1877184736,1877184747,0.0,1.0
中大公寓,住宅,114.27500808371228,30.575128116005768,1877175163,1880311372,0.0,1.0
山陕北里,住宅,114.27542085031533,30.57472780554785,1877175163,1880311372,0.0,1.0
满春街小夹社区,住宅,114.27870291801881,30.56986175649739,1877184736,1877184747,0.0,1.0
绿地汉正中心,住宅,114.28154057211557,30.569923170176722,1877156741,1877160227,0.0,1.0
江汉区满春街大夹社区,住宅,114.27823516255269,30.571187839967106,1877156562,1877184747,0.0,1.0
沿江1号3区,住宅,114.28362671442555,30.569494559528493,1877156741,1877160227,0.0,1.0
龙王庙社区,住宅,114.28174428857413,30.571139463853058,1877164600,1877164583,0.0,1.0
上合国际,住宅,114.27905549043169,30.57162468607247,1877165238,1877164588,0.0,1.0
军属大院,住宅,114.28215292763191,30.571120935992052,1877164583,1877164601,0.0,1.0
银河联盟集团港寓,住宅,114.28420110093914,30.570268496524086,1877164618,1877160161,0.0,1.0
满春新泰源,住宅,114.27875559582529,30.57312450495108,1877184720,1877165238,0.0,1.0
昌龙阁,住宅,114.27717879817622,30.57288247386319,1877168008,1877168103,0.0,1.0
万年社区,住宅,114.2808478736957,30.573347814673916,5875248466,1419796884,0.0,1.0
长堤社区,住宅,114.2791911953879,30.57380272425069,13612477910,1877168009,0.0,1.0
三义里,住宅,114.28385122819067,30.572668100866075,5875248497,5875248498,0.0,1.0
大董社区,住宅,114.28446467351031,30.57227340514068,1877164598,5875248485,0.0,1.0
大兴路79号小区,住宅,114.28569154188831,30.571326040726703,1877160185,5875248418,0.0,1.0
八街A区,住宅,114.2768049916282,30.573735596655492,1877189253,1877168008,0.0,1.0
武汉·江城府,住宅,114.28254834209581,30.573780443770644,5875248466,1419796884,0.0,1.0
满绿里,住宅,114.27700677568225,30.574576054417445,1877175208,11883032242,0.0,1.0
中大社区满福里,住宅,114.27690683830984,30.57467613382557,1877175208,11883032242,0.0,1.0
清芬小区A区,住宅,114.2765570934011,30.57457657439919,1877175199,11883032243,0.0,1.0
满春花园,住宅,114.27585856669587,30.57464234598304,1877175199,11883032243,0.0,1.0
和平里,住宅,114.28760355215084,30.571391275021924,1419796832,1877160184,0.0,1.0
江城美苑,住宅,114.28797920081365,30.57079494229956,1419796832,1877160184,0.0,1.0
顺天泰,住宅,114.27671194079221,30.575087208475487,1877175208,11883032242,0.0,1.0
江城人嘉,住宅,114.28709801942816,30.57218072144739,5875248436,1877164579,0.0,1.0
淘房·三民公寓,住宅,114.27953377612717,30.575491681603694,1419796860,1419797134,0.0,1.0
招商长江序·序会馆,住宅,114.28819195030117,30.571032543151055,1419796832,1877160184,0.0,1.0
满喜里小区,住宅,114.27799096216208,30.57564950007343,1419797133,6480234629,0.0,1.0
民权公寓,住宅,114.28722884097716,30.572651360381318,1419796812,1270140835,0.0,1.0
广益·天下南区,住宅,114.28306772928852,30.575370168478617,5875248306,9899414887,0.0,1.0
肖家社区,住宅,114.27741836994988,30.575834110500573,1419797133,6480234629,0.0,1.0
人民小区,住宅,114.28160999371916,30.575924887273295,5875248352,5875248339,0.0,1.0
繁花里,住宅,114.278488547005,30.576083742684535,1419797133,6480234629,0.0,1.0
青仁里,住宅,114.27559367554503,30.575432353552245,1877175199,1880311382,0.0,1.0
江汉公寓,住宅,114.27607932904739,30.575665720038423,1877175199,1880311382,0.0,1.0
江华园,住宅,114.27676282891481,30.57596882536294,6480234629,1880395963,0.0,1.0
广益·天下,住宅,114.2832435308489,30.57578078151808,5875248306,9899414887,0.0,1.0
花楼街100号,住宅,114.2841316899565,30.575803568578177,1419796862,5875248386,0.0,1.0
五彩城,住宅,114.28841356345475,30.572721600682453,1419796812,1270140835,0.0,1.0
信泰公寓,住宅,114.2876313326375,30.57359043187104,1270140835,5874445809,0.0,1.0
广益天下1期,住宅,114.28366810872352,30.576062104757565,1419796862,5875248306,0.0,1.0
汉来广场-仁爱楼,住宅,114.28715977976348,30.574203892347303,1270140835,5874445809,0.0,1.0
广益·天下北区,住宅,114.283457286196,30.576303301082685,1419796862,5875248306,0.0,1.0
江汉区利大还建楼,住宅,114.28679812341554,30.57461326390197,5874445808,5874448490,0.0,1.0
华航大厦,住宅,114.28884909601845,30.5726009985491,1419796816,1419796812,0.0,1.0
忠孝楼A区,住宅,114.2872976119453,30.574462597760547,5874448490,5874445808,0.0,1.0
民意街舞台社区,住宅,114.27660684834856,30.577015619278463,1880396017,1880395997,0.0,1.0
王家巷社区,住宅,114.28830955209274,30.574165226092465,1270140835,5874445809,0.0,1.0
大江家院,住宅,114.2838238838371,30.576959562216263,5874448634,5874448632,0.0,1.0
舞台小区南区,住宅,114.27691459899285,30.577388125846333,1880396017,1880395996,0.0,1.0
积庆社区东区,住宅,114.28259696900598,30.57759297612703,5875248776,5875248774,0.0,1.0
远东巷30号楼,住宅,114.27815364373956,30.57792146698549,1880387814,1880396017,0.0,1.0
誉城九方,住宅,114.27904993839749,30.578077323340967,1880396013,1880387814,0.0,1.0
永福里,住宅,114.28220529858801,30.577869391209045,1419796820,1419796873,0.0,1.0
小蔡家巷5号,住宅,114.28763715604033,30.575563699199403,5874445812,5874445813,0.0,1.0
小江家院,住宅,114.28415351951215,30.5775358994702,5874448602,5874448615,0.0,1.0
民意一路19号(六渡桥地铁站D口步行200米),住宅,114.27683959640159,30.57803597313691,1880395996,1880396017,0.0,1.0
海山·友谊城,住宅,114.27502286349124,30.577573198330146,1880395986,1880396010,0.0,1.0
民意四路小区,住宅,114.27352382839344,30.577054007252904,1880367685,1880400427,0.0,1.0
同益社区,住宅,114.27768795958227,30.57829688269623,1880396013,1880395996,0.0,1.0
六角亭北巷社区,住宅,114.27542258199364,30.577827661060045,1880395997,1880395961,0.0,1.0
舞台天下,住宅,114.27569039600655,30.577929323745714,1880395997,1880395961,0.0,1.0
协兴里,住宅,114.28328829458484,30.57803588867162,5874448552,5874448599,0.0,1.0
新港长江府,住宅,114.28921449613439,30.574855627287473,5874445811,5874445807,0.0,1.0
民意一路21号小区,住宅,114.27660673553333,30.57832513497262,1880395996,1880396005,0.0,1.0
璀璨星城,住宅,114.28181656966406,30.57873457983972,1419796873,5875248304,0.0,1.0
醒居人才公寓,住宅,114.27575728696476,30.578675971882408,1880395961,1880396005,0.0,1.0
永广里,住宅,114.28317133921159,30.578778770466116,5875248301,5875248304,0.0,1.0
磨子桥,住宅,114.28740427396545,30.577068483554836,5874445859,5874445856,0.0,1.0
坤元里,住宅,114.28467593758442,30.578418853777237,5874448590,5874448589,0.0,1.0
民意街天仁社区,住宅,114.27367964332663,30.578137441783678,1880400427,1880400414,0.0,1.0
民意街天仁社区西区,住宅,114.27312898242803,30.577915102910943,1880400427,1880367685,0.0,1.0
德仁里,住宅,114.28845419117326,30.576519146758397,5874448533,5874448536,0.0,1.0
民意街天仁社区东区,住宅,114.27412335514573,30.578392873720865,1880400427,1880400414,0.0,1.0
江汉区花楼街街道永前二巷13号,住宅,114.28794569192229,30.577106678928867,5874445862,5874445861,0.0,1.0
天仁里楼,住宅,114.27241538070096,30.577904842285474,1880367685,1880363677,0.0,1.0
民生路85-91号,住宅,114.2875970350202,30.57746105785314,5874445853,5874445796,0.0,1.0
三江停车场公寓楼,住宅,114.2772561740084,30.57947395440554,1880396005,1880395999,0.0,1.0
同安里,住宅,114.28480378196927,30.578772545602863,5874448571,5874448578,0.0,1.0
富源里,住宅,114.27689543645695,30.579431390749154,1880396005,1880395999,0.0,1.0
和成天下,住宅,114.28819641632508,30.577160290577908,5874445796,5874445866,0.0,1.0
新风巷,住宅,114.28456799351349,30.57898979108964,5874448546,5874448564,0.0,1.0
南阳公寓,住宅,114.27616194633042,30.5794512261735,1880395969,1880396005,0.0,1.0
安仁里,住宅,114.27558233667078,30.57945088056576,1880395949,1880395969,0.0,1.0
南泰楼,住宅,114.27865508330737,30.57997210124303,1880421412,1880421511,0.0,1.0
民意三路25号小区,住宅,114.27303896479518,30.578713900617796,1880363677,1880400414,0.0,1.0
景江华庭,住宅,114.27791463652154,30.580088947887333,1880395990,1880395999,0.0,1.0
宝利金CL栋,住宅,114.28672285871333,30.578586906005185,4154270306,4360488928,0.0,1.0
悦海,住宅,114.27882992807794,30.580196805018446,1880421412,1880421511,0.0,1.0
维善小区,住宅,114.27446204577546,30.579567072297003,1880395949,1880396016,0.0,1.0
宝丽金国际广场1期,住宅,114.28683871849732,30.5788126556996,4154270306,4360488928,0.0,1.0
友谊社区东区,住宅,114.27339170977491,30.57932430538306,1880400488,1880400414,0.0,1.0
世纪江尚写字楼,住宅,114.29069369583243,30.576256870268793,317116256,317003603,0.0,1.0
安顺佳园,住宅,114.27387640742643,30.579515721220762,1880395944,1880396025,0.0,1.0
友谊社区南区,住宅,114.27260418169196,30.57901623729802,1880400488,1880400414,0.0,1.0
维善小区西区,住宅,114.27494470614486,30.579979391706836,1880395976,1880396016,0.0,1.0
大陆里,住宅,114.27530946138656,30.580085948762683,1880395976,1880395969,0.0,1.0
上城国际,住宅,114.27866801863696,30.580605849495623,1880395990,1880421511,0.0,1.0
世纪江尚3期,住宅,114.28958486121215,30.577406131058996,13903348112,8202663572,0.0,1.0
武汉城建·楚宝里,住宅,114.28057846956942,30.580673452224254,1880421399,1880421441,0.0,1.0
友谊社区,住宅,114.27251919232181,30.579434169101066,1880395965,1880400488,0.0,1.0
景江国际城,住宅,114.30078172000488,30.56494444891454,1501482208,7115808959,0.0,1.0
汉成里社区,住宅,114.30129698041165,30.56512848776231,7115820588,7115820595,0.0,1.0
锦江国际城,住宅,114.30242039125262,30.565050548878943,7115808973,7115808984,0.0,1.0
万达公馆,住宅,114.30415459522561,30.56835328799752,7140575737,7140575738,0.0,1.0
禅学花园,住宅,114.30588803351382,30.568354172672212,7140575738,1501482212,0.0,1.0
江南明珠园2期,住宅,114.30528471137194,30.570887343781404,2401081040,4050649060,0.0,1.0
江南明珠园,住宅,114.3058578675692,30.570789345181623,4050649060,3663373178,0.0,1.0
世纪·江尚东区,住宅,114.29039694781966,30.57729694012906,8202663573,8202663572,0.0,1.0
世纪江尚1期,住宅,114.29139275141998,30.577755239826065,1419152466,4360488929,0.0,1.0
中铁六院,住宅,114.30692238513537,30.56946889219609,8906573130,8906573129,0.0,1.0
中国铁建·积玉万象,住宅,114.30734601176401,30.56638823042427,2700935078,2700934439,0.0,1.0
世纪·江尚,住宅,114.28962877595771,30.57782091143076,8202663573,13903348109,0.0,1.0
江汉关社区邻里之家,住宅,114.29034392572427,30.578256665802204,13903348109,8202663573,0.0,1.0
世纪·江尚西区,住宅,114.28892451344895,30.578381759551124,13903348109,8202663573,0.0,1.0
欧林湾,住宅,114.30823835552788,30.56983735146945,7140534362,7140534364,0.0,1.0
世纪江尚A区,住宅,114.28954473344056,30.579407449603966,1419140459,1419152466,0.0,1.0
世纪江尚C区,住宅,114.28956970321725,30.579432402725736,1419140459,1419152466,0.0,1.0
幸福里小区,住宅,114.30948353214997,30.568807428733717,4517328385,13869407754,0.0,1.0
联投中心,住宅,114.30812323019373,30.573311297780062,6936295774,6936295754,0.0,1.0
联投中心二期,住宅,114.30866948414304,30.572277671094458,6936295754,11872680919,0.0,1.0
新生里红色物业小区,住宅,114.30956827818194,30.570226757871648,2418671430,3663373177,0.0,1.0
上海路一号小区,住宅,114.29200378354282,30.580585238136706,5875253732,5875253738,0.0,1.0
江滩3期,住宅,114.30676408948482,30.57563392949767,6936295743,11872680917,0.0,1.0
中环国际,住宅,114.31018136123524,30.569846759008005,2418671430,3663373177,0.0,1.0
新生里社区,住宅,114.31025419357117,30.570475395661173,2418671430,3663373177,0.0,1.0
水岸国际·澜桥公馆一期,住宅,114.31475319048486,30.569319370668577,13869090899,13869091176,0.0,1.0
融侨华府,住宅,114.31154602493399,30.572216354346402,3663373177,8194368749,0.0,1.0
水岸国际·时代上城,住宅,114.3137815626315,30.571382458447466,1837322207,13866696768,0.0,1.0
华东院,住宅,114.3151594529944,30.57031623959226,13869090899,13869091176,0.0,1.0
福星惠誉·水岸国际,住宅,114.31543903993574,30.56990485853362,8906573145,13869091176,0.0,1.0
富坤山居,住宅,114.31565070485644,30.569846477938203,8906573145,13869091176,0.0,1.0
康乐里小区,住宅,114.31333711149294,30.573201632678114,1207481161,1837322207,0.0,1.0
康乐里社区四里,住宅,114.31371152352108,30.573117957425442,1837322207,13866696768,0.0,1.0
康乐里九里,住宅,114.31366158562989,30.573317978465184,1207481161,1837322207,0.0,1.0
积玉桥街康乐里社区,住宅,114.31467801259416,30.57275526349356,1837322207,13866696768,0.0,1.0
康乐里社区二里,住宅,114.3135856954077,30.573444075447064,1207481161,1837322207,0.0,1.0
康乐里社区8里,住宅,114.31473490974913,30.572891106142574,1837322207,13866696768,0.0,1.0
武汉理工大学河校小区,住宅,114.31537092864629,30.57244706291232,1837322207,13866696768,0.0,1.0
华康里小区,住宅,114.30930829591274,30.574651623651288,6936295772,6936295773,0.0,1.0
河校社区,住宅,114.31472087970823,30.57349591149579,1837322207,13866696768,0.0,1.0
华新里小区,住宅,114.31004609783557,30.57530601672066,6936295772,6936295773,0.0,1.0
联投中心一期,住宅,114.30881797880049,30.575478224841046,6936295772,6936295773,0.0,1.0
蓝山印象,住宅,114.31575720244835,30.573660885884816,1837322207,13866696768,0.0,1.0
恒大·首府西区,住宅,114.31371437142543,30.57481832886522,1207481161,1837322207,0.0,1.0
长江悦,住宅,114.31133503988055,30.575858413575368,2700986660,8194368748,0.0,1.0
鄂电村北区,住宅,114.31002304110535,30.576372666658646,1207481161,1837322207,0.0,1.0
恒大·首府,住宅,114.3153078023606,30.575069222156838,8194368754,8194368764,0.0,1.0
恒大·首府东区,住宅,114.31585691287962,30.575148150758316,6936297712,6936297705,0.0,1.0
新河社区船院小区,住宅,114.30893862522053,30.577418286733323,1207481161,1837322207,0.0,1.0
云澜雅境,住宅,114.31455984055408,30.57691495911414,6936297712,6936297705,0.0,1.0
水岸国际·澜桥公馆二期,住宅,114.3200862737138,30.57258901550523,10310123745,8906573151,0.0,1.0
三角花园赵家墩小区,住宅,114.31309011269296,30.577704441028455,6936297685,8194368748,0.0,1.0
赵家墩小区云江公寓,住宅,114.31311207240762,30.577767376401763,6936297685,8194368748,0.0,1.0
水岸国际·LOFT公寓,住宅,114.3155981525988,30.577180892841838,3317600973,6936297687,0.0,1.0
水岸国际·峯岚天下,住宅,114.31788854512993,30.576114925190815,6936297696,6936297687,0.0,1.0
武车四村小区,住宅,114.31429813775893,30.57830893828991,12172561315,6936295782,0.0,1.0
水岸国际店(大米先生),住宅,114.31640781835841,30.5775292252022,6936297687,3317600973,0.0,1.0
徐家棚街渝家湖社区医疗器械小区,住宅,114.31971163788296,30.57543369019921,13866696315,2418671457,0.0,1.0
德华楼(漫时区店),住宅,114.3171346564411,30.57738489441903,6936297687,3317600973,0.0,1.0
漫时区E区,住宅,114.31800427968871,30.57700837451735,9049793753,5736019559,0.0,1.0
百合苑,住宅,114.32015093213919,30.575304896286116,9049793753,5736019559,0.0,1.0
三角花园三角路小区,住宅,114.3131129549293,30.57910487877073,9216224501,12174256917,0.0,1.0
番禧阁,住宅,114.31724346732285,30.577534631611847,6936297687,3317600973,0.0,1.0
美城·清芷园,住宅,114.32035461160683,30.57516555732704,9049793753,5736019559,0.0,1.0
漫时区A区,住宅,114.31737524970075,30.577583362304015,3317600973,6936297687,0.0,1.0
晋颐府,住宅,114.31678916497802,30.577962338959193,6936297687,3317600973,0.0,1.0
沙湖金港苑,住宅,114.32188625022754,30.573510228438252,5736019559,13866696260,0.0,1.0
漫时区B区,住宅,114.31815401055012,30.57730797783187,9049793753,5736019559,0.0,1.0
BLD半山良筑建筑设计事务所,住宅,114.31690295623834,30.578248016370885,12172561309,3317600973,0.0,1.0
鑫鑫花园住宅小区,住宅,114.31345135241892,30.57985696175492,8948044394,9216224501,0.0,1.0
惠馨苑,住宅,114.31435990001334,30.579911226307708,12174256917,12172561314,0.0,1.0
三角众诚广场,住宅,114.31921423871151,30.57785075007854,5325050700,9049793746,0.0,1.0
梦湖水岸,住宅,114.32425938024937,30.57328775872482,1837322231,5325050492,0.0,1.0
荣公馆,住宅,114.32518176380908,30.57448855112184,5736019559,13866696260,0.0,1.0
水岸国际·沙湖公馆,住宅,114.32680308756404,30.57473235918224,13866696260,13869090526,0.0,1.0
湖大琴园,住宅,114.32350839331997,30.57579627783948,13866696255,13866696308,0.0,1.0
湖北大学武昌校区保集安五区,住宅,114.3301935389645,30.57499680639486,1837322250,13869090526,0.0,1.0
沙湖学府,住宅,114.3290203785605,30.575763751768736,13866696260,13869090526,0.0,1.0
长鑫家园,住宅,114.32450368032347,30.576730025278177,13866696255,5323894626,0.0,1.0
园丁楼,住宅,114.32395755309733,30.576989976219522,5323894626,13866696255,0.0,1.0
喻家湖社区二区,住宅,114.32200673399689,30.577178647920267,5325050694,13866696244,0.0,1.0
喻家湖社区一区,住宅,114.32097643825108,30.57697169995871,5325050694,13866696244,0.0,1.0
喻家湖社区,住宅,114.32176812373713,30.577190101295656,5325050694,13866696244,0.0,1.0
万汇家园智慧油园,住宅,114.33236200639637,30.575347582730842,5325050471,1837322250,0.0,1.0
喻家湖社区三区,住宅,114.32208056033595,30.577785281921503,5325050694,13866696244,0.0,1.0
梦想花园,住宅,114.33556102356243,30.574029094928317,5325050471,3125538824,0.0,1.0
水岸星城C区,住宅,114.33415511018978,30.575660108898973,3125539232,3125539236,0.0,1.0
武昌区徐家棚街长轮社区,住宅,114.32016862133683,30.578548664215056,2700993729,3317600974,0.0,1.0
湖北大学武昌校区四区,住宅,114.32984778027607,30.5786691058765,1837322295,5324941800,0.0,1.0
三角路小区,住宅,114.31855220561334,30.57912454372936,2700993729,3317600974,0.0,1.0
沙湖学府一期南区(建设中),住宅,114.32971124323142,30.575899389100154,13866696260,13869090526,0.0,1.0
冶电村,住宅,114.31752987703469,30.578989546120123,3317600974,12172561310,0.0,1.0
鄂电小区,住宅,114.31203898122092,30.575314296908864,6936297685,8194368748,0.0,1.0
青鱼咀球场小区,住宅,114.3427416282837,30.567057642761565,13921127231,13921127230,0.0,1.0
新安花园,住宅,114.34318495023462,30.567333765524918,13921127230,4516243541,0.0,1.0
新安·金沙豪庭,住宅,114.34422736286484,30.568058687852474,4741652422,13921127231,0.0,1.0
京韵时代,住宅,114.34624653674952,30.567271506371913,4741651103,9003111386,0.0,1.0
尚城国际,住宅,114.34675977551626,30.56770847989065,9003111386,9003111387,0.0,1.0
世纪彩城嘉苑,住宅,114.34674665837173,30.569260941226077,4741652422,13921127231,0.0,1.0
建发望湖建筑工地,住宅,114.34675962297779,30.569457848035604,4741652422,13921127231,0.0,1.0
天源城,住宅,114.34709542569546,30.566332409354416,5758615114,5753680281,0.0,1.0
天源城2期,住宅,114.34729116434147,30.566199128326353,5753680281,5758615114,0.0,1.0
中油小区,住宅,114.34680949626492,30.570107528337584,4741652422,13921127231,0.0,1.0
真福家园,住宅,114.34720894082618,30.570070869074453,4741652422,13921127231,0.0,1.0
锦绣中北南区,住宅,114.34788327291277,30.567006847648177,9003111387,9003111386,0.0,1.0
新澳园,住宅,114.34820795694233,30.56550684610076,5753680281,9003111387,0.0,1.0
中北春天,住宅,114.34844437924957,30.56841140915756,9003111387,9003111386,0.0,1.0
爱尚东亭小区,住宅,114.34758733198737,30.571017890778574,4741652422,13921127231,0.0,1.0
锦绣中北,住宅,114.3490496294533,30.5675627169193,5753680280,9003111387,0.0,1.0
爱尚东亭1期,住宅,114.3482074643408,30.571154807484074,4741652422,13921127231,0.0,1.0
白玫瑰花苑,住宅,114.34684419278999,30.5730254070008,4741651100,4741651119,0.0,1.0
锦绣中北北区,住宅,114.34944707476153,30.567769990665106,5753680280,9003111387,0.0,1.0
松石苑,住宅,114.34615804979762,30.574282108570518,4516243245,13854703014,0.0,1.0
车家岭中天生活区,住宅,114.34970558937967,30.56935299666666,4741652440,4741651072,0.0,1.0
新建居住商业服务业设施项目(武昌区农行南A-2地块B地块),住宅,114.34986939104914,30.56911481619731,4741652440,4741651072,0.0,1.0
水云居,住宅,114.34728949533265,30.57388634255106,4516243541,4741651100,0.0,1.0
越秀星悦峯,住宅,114.34856485233925,30.572558703592698,4741651100,4741652422,0.0,1.0
锦绣小区,住宅,114.35068938206224,30.568214815030537,5753680280,9003111387,0.0,1.0
工地生活区,住宅,114.34947660215352,30.572725143885854,4741651100,4741652422,0.0,1.0
锦绣江南二、四期,住宅,114.35124484292393,30.56605670153376,5753680280,5758615109,0.0,1.0
锦绣江南-西区,住宅,114.35130975950932,30.566043602631584,5753680280,5758615109,0.0,1.0
御福湾,住宅,114.35040445360026,30.571701009948104,4516243341,4741652447,0.0,1.0
水岸星城,住宅,114.33807475162546,30.577936034797293,3125539280,3125539263,0.0,1.0
水岸星城B区,住宅,114.33823050665777,30.577980734362736,3125539263,3125539280,0.0,1.0
锦绣江南,住宅,114.351831110848,30.565737883652215,5753680280,5758615109,0.0,1.0
世纪彩城E区,住宅,114.35035435396722,30.573600397058016,1215926909,1446238253,0.0,1.0
丽苑楼,住宅,114.35045420435578,30.57380016262648,1215926909,1446238253,0.0,1.0
金沙泊岸,住宅,114.34554763135078,30.57756194100975,4516243243,4516243374,0.0,1.0
世纪彩城-欣苑,住宅,114.34875132513845,30.575683249838818,4516243506,8197650564,0.0,1.0
干警楼,住宅,114.35290157833658,30.567648514641863,4741651072,4741652455,0.0,1.0
东亭小区,住宅,114.35283654828385,30.568932152614245,4741651072,4741652455,0.0,1.0
世纪彩城,住宅,114.34967512215447,30.575167924406966,4741652450,4516243506,0.0,1.0
沙湖天境(建设中),住宅,114.3448154411483,30.5688673791021,4741652422,13921127231,0.0,1.0
建发·望湖(建设中),住宅,114.3459696304505,30.57069174009144,4741652422,13921127231,0.0,1.0
武重南路九号店,住宅,114.35330122891246,30.56589852267592,4741651072,4741652455,0.0,1.0
油料所社区南区,住宅,114.33539386310052,30.57889760830349,5988973781,5988973783,0.0,1.0
水岸星城4期,住宅,114.34042498228625,30.579848074500507,3125539275,3125539270,0.0,1.0
沁苑,住宅,114.3502562814948,30.57591770442997,1215926909,1446238253,0.0,1.0
水岸星城A区,住宅,114.34176995838196,30.57983268211693,4516243456,4516243306,0.0,1.0
铂金天地,住宅,114.34457885640397,30.579477895899597,9349974908,9350071620,0.0,1.0
武昌区水果湖街阳光家园,住宅,114.35153762691883,30.575616759666445,1215926909,1446238253,0.0,1.0
东亭邮政大院,住宅,114.354549302631,30.570295020498826,13646347721,4741652447,0.0,1.0
黄鹂路社区,住宅,114.35271623689819,30.57423640843757,13646347722,11438479071,0.0,1.0
中海·东湖玖章,住宅,114.35368013995787,30.57295138291382,13646347722,11438479071,0.0,1.0
东湖·香榭水岸,住宅,114.35569224040539,30.566712593751042,1370793181,13368657893,0.0,1.0
省报小区,住宅,114.35523060201972,30.56888150289097,4741652455,3125538808,0.0,1.0
发改委家属院,住宅,114.35690384387694,30.56646289510117,1370793181,13368657893,0.0,1.0
东亭黄鹂苑,住宅,114.35675577992029,30.56915114228644,4741652455,3125538808,0.0,1.0
科学院东院,住宅,114.35704474581321,30.56572895300282,13368657893,1370793181,0.0,1.0
东亭花园牡丹苑,住宅,114.35654288164902,30.57081385155498,3125538808,11438479079,0.0,1.0
东亭花园-海棠苑,住宅,114.35772846548936,30.57146089185964,11438479079,13646347719,0.0,1.0
东亭花园,住宅,114.35866338256191,30.571916392436286,11438479079,13646347719,0.0,1.0
碧竹苑,住宅,114.35825578965094,30.57242478541762,11438479079,13646347719,0.0,1.0
东湖·楚世家·行吟水榭,住宅,114.36145592691736,30.56618862522999,2401101716,2401101722,0.0,1.0
楚天丽园,住宅,114.36033567511234,30.57086045127607,13629152950,13629152938,0.0,1.0
青年公寓2期,住宅,114.35979318598744,30.571586932812227,13646347718,13629152943,0.0,1.0
东湖名邸,住宅,114.36173546157886,30.568279500333848,2401101779,1370793226,0.0,1.0
东亭花园-玫瑰苑,住宅,114.35865931630222,30.572725103029672,11438479079,13646347719,0.0,1.0
东亭九里,住宅,114.35490655978411,30.57383018974915,11438479071,13646347722,0.0,1.0
东亭花园丁香苑,住宅,114.3599219804975,30.57236747036393,13629152943,13646347718,0.0,1.0
亘星滨湖苑,住宅,114.35422235289435,30.574295058908074,13646347722,11438479071,0.0,1.0
东亭花园-恒达苑,住宅,114.3601906442888,30.57295788521717,13629152943,13646347718,0.0,1.0
东湖林语,住宅,114.36348691729803,30.566368909120623,1370819499,1370819272,0.0,1.0
湖北日报社家属区,住宅,114.36091588629746,30.572970893289327,13629152943,13646347718,0.0,1.0
楚天都市雅园,住宅,114.35640965368432,30.575196445179465,3125539247,3125539257,0.0,1.0
湖北经济学院小区,住宅,114.35935242105563,30.574311548839315,3125538822,1215926846,0.0,1.0
武重明珠苑,住宅,114.35510017407806,30.5755692589328,3125539247,3125539249,0.0,1.0
东亭·30号院,住宅,114.35936938619585,30.574500455853162,3125538822,1215926846,0.0,1.0
东篱庭院(东亭店),住宅,114.36119847120268,30.574395990708688,13629152943,13646347718,0.0,1.0
钢院小区,住宅,114.35870297693712,30.57605481940668,3125538822,1215926846,0.0,1.0
东湖春树里,住宅,114.35658327339776,30.577231439401228,3125539247,3125539257,0.0,1.0
中天公寓,住宅,114.36618733637972,30.568029979758222,1370819348,1370819263,0.0,1.0
中天建设生活区,住宅,114.35409922900693,30.577443087441022,4873564199,1215926909,0.0,1.0
东湖山庄,住宅,114.36565246215324,30.571875227001183,4848963452,1370819464,0.0,1.0
英特小区,住宅,114.35192193450035,30.57785932215068,4541644163,5164457618,0.0,1.0
武汉徐东大街东中村,住宅,114.3613181796125,30.57633111821502,1215926916,1215926948,0.0,1.0
少年儿童出版社宿舍,住宅,114.36449332397501,30.57386792031712,2401101784,3125538811,0.0,1.0
新华香樟园,住宅,114.36459012577001,30.575123339163053,2418582958,2401101784,0.0,1.0
岳家嘴老年宜居社区,住宅,114.34949508064699,30.578409021378494,4516243506,8197650564,0.0,1.0
博译上坤·云峯,住宅,114.35072440047203,30.5789198387996,8197650564,4873564199,0.0,1.0
徐东嘉园3期,住宅,114.35965770638745,30.578724495795264,2401313009,7947070552,0.0,1.0
东湖睿园,住宅,114.35857781047162,30.579534707945186,2401313009,7947070552,0.0,1.0
上坤大都会,住宅,114.3501041532142,30.579698550876845,8197650564,4873564199,0.0,1.0
省电社区,住宅,114.36131394999215,30.579004134483068,8209518262,8209518265,0.0,1.0
省电社区西区,住宅,114.36009416410631,30.579610564119616,5165225478,2401312947,0.0,1.0
省电科院小区,住宅,114.36462889133387,30.57739845203993,2401312941,2418582968,0.0,1.0
正信楼,住宅,114.36214012073148,30.578981046402713,8209518259,2418582968,0.0,1.0
东湖梨园医院家属楼,住宅,114.36973383673475,30.575973062430975,1370819282,1370819304,0.0,1.0
天时东湖风景苑,住宅,114.36952090968997,30.57691294530617,1405249844,1370819282,0.0,1.0
格林号,住宅,114.37220708969404,30.576778211656308,1405249844,1370831372,0.0,1.0
香樟A,住宅,114.36637135791437,30.577417331355615,1370793095,2401312941,0.0,1.0
东湖天下,住宅,114.36700172092556,30.57866512810688,1706129995,2401101782,0.0,1.0
华电梨园小区东区,住宅,114.36556392288075,30.57892074174868,7227649501,7227649503,0.0,1.0
雁中咀5号,住宅,114.4134665395072,30.566567476666233,4251953634,4251921174,0.0,1.0
东湖扬金阁(湖光村1栋),住宅,114.41159854600271,30.57370057717685,4251953634,4251921174,0.0,1.0
琴断口南岸,住宅,114.17620813912525,30.584869311118407,1150931879,1150931686,0.0,1.0
保利星河九州·璟江,住宅,114.17812787125392,30.581638045574877,8968180283,12164876492,0.0,1.0
佳兆业滨江壹号,住宅,114.1800051458844,30.581815391906286,8968180283,8192055437,0.0,1.0
琴断口监狱家属区,住宅,114.16874810271118,30.580053206983088,2045952573,12164876465,0.0,1.0
琴断口米粮山新村,住宅,114.16825162553593,30.580504106382627,2045952573,12164876465,0.0,1.0
琴断口三新村,住宅,114.18189063431595,30.579279726655702,12164876472,12164879611,0.0,1.0
黄金口岸,住宅,114.16610087015022,30.586464825720974,8201673846,12164879505,0.0,1.0
汉阳惠民苑2期,住宅,114.16624517625503,30.587749610571716,1150931879,1150931686,0.0,1.0
古田一路小区,住宅,114.17916702674202,30.590570564700407,12840314231,13984537279,0.0,1.0
怡景南苑,住宅,114.18029223502762,30.590038805761676,12840314133,9317633958,0.0,1.0
汉阳惠民苑-北区,住宅,114.16612973964521,30.588913951164646,1150931879,1150931686,0.0,1.0
江山樾,住宅,114.1830911384527,30.588746306877194,12840314065,9317633959,0.0,1.0
汉阳惠民苑,住宅,114.1647608873455,30.587570887257776,1150931879,1150931686,0.0,1.0
汉阳惠民苑3期,住宅,114.16598631629874,30.588998649200768,1150931879,1150931686,0.0,1.0
阅江华庭,住宅,114.18346214784269,30.588914899579557,12840314065,9317633959,0.0,1.0
罗家墩新寓,住宅,114.17729757388307,30.5924774214541,13984537279,12840314193,0.0,1.0
古南社区陈家墩小区,住宅,114.18037933476586,30.591696329316008,2383219217,2383219162,0.0,1.0
汉阳惠民苑1期,住宅,114.16284741510994,30.586722614652867,1150931879,1150931686,0.0,1.0
金地悦江时代·悦峯,住宅,114.17563574312979,30.593626920700462,7056025215,12840314022,0.0,1.0
黄金花园,住宅,114.16446680856218,30.590153352178415,1150931879,1150931686,0.0,1.0
滨江军苑,住宅,114.18424716622448,30.590538664443997,9317633959,5522651156,0.0,1.0
黄金花园2期,住宅,114.164031548884,30.59012654451095,1150931879,1150931686,0.0,1.0
怡景北苑,住宅,114.18257141570844,30.59201713494332,5522651157,8192087177,0.0,1.0
金地悦江时代芸湾区,住宅,114.17838652876193,30.593962842277367,12840314133,9317633958,0.0,1.0
金地悦江时代,住宅,114.18026278447148,30.594264132113747,3044755047,8192087177,0.0,1.0
梅艳新村,住宅,114.18261242632313,30.593200753448965,8192087177,5522651157,0.0,1.0
光通天下,住宅,114.18568806821656,30.59094702651009,8947753857,4532987141,0.0,1.0
管煤小区,住宅,114.1826374942855,30.593217791482942,8192087177,5522651157,0.0,1.0
红星社区,住宅,114.17951766041689,30.594626643889125,3044755047,8192087180,0.0,1.0
电缆AB栋小区,住宅,114.17501481009405,30.595448069910116,13984537279,12840314193,0.0,1.0
福达坊新大楼,住宅,114.16087866248952,30.575937951682185,2045952536,8192055482,0.0,1.0
金地悦江时代骊湾区,住宅,114.18113520338714,30.594514606757397,8192087170,8192087177,0.0,1.0
物资局小区,住宅,114.18621647528609,30.59126781979342,4532987141,8947753857,0.0,1.0
罗家墩122号院,住宅,114.1896608637056,30.58938940115215,4532987141,3734086275,0.0,1.0
广电·江湾新城南区,住宅,114.1932613031921,30.588699574020122,12840307059,12840314065,0.0,1.0
罗家墩小区,住宅,114.19416665277281,30.588266185990427,3734086270,1460229249,0.0,1.0
军院社区,住宅,114.18980021832945,30.589546574403535,3734086275,4532987141,0.0,1.0
广电·江湾新城,住宅,114.1936743273458,30.589080091543963,12840307059,12840314065,0.0,1.0
军缘楼,住宅,114.18774367528842,30.590331801202336,4532987141,3734086275,0.0,1.0
内燃小区,住宅,114.19357087075736,30.591295080607033,3734086280,8947753833,0.0,1.0
广电·江湾新城北区,住宅,114.19560004803937,30.590854456959743,12840307059,3734086280,0.0,1.0
红星新村,住宅,114.18548835371924,30.592911926082692,8947753857,4532987141,0.0,1.0
康怡苑小区,住宅,114.18816052038508,30.593455313784276,8947753833,1460229295,0.0,1.0
东方花城,住宅,114.19423139706875,30.593111437324726,12841185708,12841185709,0.0,1.0
古田街古田社区,住宅,114.18689509484828,30.59375203646785,1460229295,8947753833,0.0,1.0
电建地产·澋悦苑,住宅,114.19121855844976,30.59397822965431,8947753834,8947753833,0.0,1.0
弘鑫商住楼,住宅,114.19734527427276,30.59213265695882,12840307065,12841185708,0.0,1.0
湖北警官学院南校区-教工宿舍,住宅,114.19883690541988,30.59226984938755,2969492159,12840307065,0.0,1.0
辛鑫绣城,住宅,114.19031106200076,30.595337203671683,8947753834,8947753833,0.0,1.0
古田三路社区汽挂小区,住宅,114.19745542115534,30.593565274051702,12841185709,12841185708,0.0,1.0
美好名流汇K6地块,住宅,114.19247268035951,30.595534678990557,12841185709,8947753834,0.0,1.0
金地悦江时代朗湾区,住宅,114.18359199483876,30.594786878724744,8192087177,8192087170,0.0,1.0
公园华府,住宅,114.20839826746582,30.585781404423106,5343198063,5343198049,0.0,1.0
尚水湾,住宅,114.20982323105116,30.586183991334938,5343198063,5343198049,0.0,1.0
天宇·盛世滨江,住宅,114.2117233725376,30.58326131823357,2969491769,2969491774,0.0,1.0
桂苑西村西区,住宅,114.2113815468475,30.584829336292362,5343198053,5343198057,0.0,1.0
天宇盛世滨江1期,住宅,114.2119698906106,30.582996698450522,2969491769,2969491774,0.0,1.0
西江月·厦,住宅,114.2058414398912,30.588987925243444,10606485100,1460229370,0.0,1.0
探矿小区,住宅,114.21112993476669,30.586002602562708,5343198049,5343198047,0.0,1.0
桂苑西村,住宅,114.21210901311487,30.58480317757415,5343198053,5343198057,0.0,1.0
新明小区,住宅,114.21034721783677,30.587321185666834,5343198049,5343198047,0.0,1.0
汉水熙园,住宅,114.2092067708051,30.588169494084134,10606485052,5343198047,0.0,1.0
四新社区,住宅,114.21055063622055,30.587324424768155,5343198049,5343198047,0.0,1.0
桂苑西村东区,住宅,114.21253486287856,30.58478566347548,5343198057,5343198053,0.0,1.0
左岸美邻,住宅,114.21312808641484,30.584174551896197,5343198057,2969491769,0.0,1.0
紫薇花园,住宅,114.20507360714288,30.590426361725093,1460229370,2969491827,0.0,1.0
百泰·邻里汇(汉水熙园店),住宅,114.20895311982737,30.589522669552903,10606485052,5343198047,0.0,1.0
博学仕府,住宅,114.21220500890006,30.587072429159974,5343198049,5343198047,0.0,1.0
韩家墩街简易社区C区,住宅,114.21368002929206,30.5857375661095,8887307716,5343198057,0.0,1.0
星火小区,住宅,114.21391951999111,30.5854309405147,8887307716,5343198057,0.0,1.0
丽水康城,住宅,114.21465921785497,30.582217935180484,8887307712,8887307715,0.0,1.0
韩家墩街简易社区B区,住宅,114.2138793875424,30.586065657707778,8887307716,5343198057,0.0,1.0
香港映象1期,住宅,114.20988001850407,30.59000960686943,300799159,9428099034,0.0,1.0
简易社区外贸小区,住宅,114.21385627928292,30.58680135461857,8887307716,5343198057,0.0,1.0
双强小区,住宅,114.20561671256644,30.591638617745307,300799151,10606485053,0.0,1.0
简易生活街区,住宅,114.21366686111257,30.58738892723199,5343198047,8887307716,0.0,1.0
长福小区,住宅,114.20468862702324,30.591773331523573,300799151,10606485053,0.0,1.0
古田五路3号大院,住宅,114.21126786360175,30.590070218243103,5343198041,300799159,0.0,1.0
香港映象,住宅,114.20897097741792,30.59160589553738,300799159,9428099034,0.0,1.0
三星公寓,住宅,114.21132594669524,30.59047213196716,300799159,5343198041,0.0,1.0
汉口1872小区,住宅,114.21609673410921,30.584374608096642,1886808413,8887307715,0.0,1.0
汉口1872二期,住宅,114.21674205010906,30.582889809399596,1886777976,1886803802,0.0,1.0
联发九都府,住宅,114.20661580603198,30.5928904405511,300799156,9428099033,0.0,1.0
古田五路7号大院,住宅,114.2119361336305,30.590976638617775,300799159,5343198041,0.0,1.0
解二小区,住宅,114.21607145837129,30.58702658171413,1886828478,1886808419,0.0,1.0
解放大道367号小区,住宅,114.2161836664122,30.587023695809457,1886828478,1886808419,0.0,1.0
硚房南苑,住宅,114.21608844006289,30.58760338025817,1886816090,9631280042,0.0,1.0
湖北地质大楼9号院,住宅,114.21076063536243,30.592318767051772,300799159,9428099034,0.0,1.0
公安社区公客小区,住宅,114.2023761887381,30.59355547264571,300799151,10606485053,0.0,1.0
硚房北苑,住宅,114.2159290463386,30.588736788689076,1886820945,8887319018,0.0,1.0
新水利厅小区B楼,住宅,114.20660168236088,30.593963009634287,8947753843,300799156,0.0,1.0
永安名苑,住宅,114.21616349561626,30.588570088791126,1886816090,9631280042,0.0,1.0
煤建小区,住宅,114.21847919804135,30.582549603188642,1886777976,1886803802,0.0,1.0
武汉四中小区,住宅,114.216022170046,30.589307665651898,1886820945,8887319018,0.0,1.0
江湾汇,住宅,114.21791077340673,30.58738224821143,1886831786,1886828478,0.0,1.0
武警家属区,住宅,114.19858314850887,30.593901843661985,300799151,12841185708,0.0,1.0
皇家经典D区,住宅,114.21766824227782,30.58851058868442,1886828482,1886831786,0.0,1.0
洺悦府,住宅,114.21482070385514,30.591732502421582,300799159,5343198041,0.0,1.0
南垸小区,住宅,114.20575269787065,30.595294389961968,8947753838,8947753843,0.0,1.0
南国一期(好吃多连锁便利店),住宅,114.21742375383049,30.589077138134538,1886816090,9631280042,0.0,1.0
省纸张公司小区,住宅,114.20446678864576,30.595686526259126,9428099033,9425844028,0.0,1.0
武汉城建·汉江云宸,住宅,114.2104738367585,30.5947484944984,8947753844,8947753845,0.0,1.0
古田帝园,住宅,114.20884639881264,30.595256338189564,8882508806,8947753845,0.0,1.0
宗关水厂轻轨小区,住宅,114.22160457986905,30.581766643189717,7218151463,1886840630,0.0,1.0
幸福楼,住宅,114.2220320380028,30.58453295603845,1886777918,1886894556,0.0,1.0
变电一小区,住宅,114.22343249068022,30.58195802530036,1886641243,1886777826,0.0,1.0
变电宿舍,住宅,114.22396632769126,30.581868461614665,1886641243,1886777826,0.0,1.0
汉水三村小区,住宅,114.22417956666764,30.582901233240428,1886641243,1886777826,0.0,1.0
宗关派出所小区,住宅,114.22400243462333,30.581273710628462,1886641243,1886777826,0.0,1.0
新合东村,住宅,114.22385595349549,30.584231493246577,1886894566,1886894556,0.0,1.0
红旗小区,住宅,114.22428884983033,30.58155781626014,1886641243,1886777826,0.0,1.0
新合村后街89号,住宅,114.22316972653987,30.586037290400245,1886894612,1886894581,0.0,1.0
汉南小区,住宅,114.22363444582244,30.586133609462678,1886894581,1886894612,0.0,1.0
后街小区,住宅,114.22354627735344,30.58649440620827,1886894612,1886894581,0.0,1.0
日月佳苑,住宅,114.22138667290615,30.58813306399989,1886887076,1886777976,0.0,1.0
时代·新世界,住宅,114.22718184197781,30.58455966781556,7218151400,1886645310,0.0,1.0
时代·新世界南区,住宅,114.22725593583252,30.584680669013906,9794559211,1886645310,0.0,1.0
中建御景星城一期,住宅,114.22805826782617,30.58215511038967,1886645428,7218133981,0.0,1.0
铁路小区,住宅,114.22416705534448,30.58861006897074,1886887097,1886777643,0.0,1.0
时代·新世界北区,住宅,114.22576352849998,30.587726538779858,1886777957,1886883617,0.0,1.0
中建御景星城,住宅,114.22824759329139,30.58138351184228,7218133981,1886645428,0.0,1.0
五库皇家经典,住宅,114.22140552807295,30.590172303311345,1886777686,9631280040,0.0,1.0
汉西社区,住宅,114.2182711559834,30.590369451769327,1886816090,9631280042,0.0,1.0
桥梁小区,住宅,114.22467172367764,30.589778992052445,1887815738,11775535388,0.0,1.0
保利·香槟国际(汉西一路),住宅,114.21716106998053,30.591498958775684,5343198041,1886820901,0.0,1.0
中民·仁寿里,住宅,114.23052135239114,30.584078759782468,1886667408,1886645325,0.0,1.0
洺悦府2期,住宅,114.21602095913929,30.591724741063796,300799159,5343198041,0.0,1.0
保利香槟国际B区,住宅,114.21742345996604,30.592475838632136,5343198041,1886820901,0.0,1.0
3604小区2期,住宅,114.23138068975052,30.58100733624156,7218151646,1886667408,0.0,1.0
双墩社区,住宅,114.22457537244601,30.592159012144833,11775535388,11775535389,0.0,1.0
双墩小区-西区,住宅,114.2246825310347,30.592203072636604,11775535388,11775535389,0.0,1.0
汉西一村,住宅,114.22376107817769,30.59267921127691,1887905980,11775535371,0.0,1.0
汉墩社区,住宅,114.22464144910037,30.59243195517676,11775535388,11775535389,0.0,1.0
综合楼小区,住宅,114.2246053823722,30.59257187540045,11775535388,11775535389,0.0,1.0
鑫海花园,住宅,114.23235165853978,30.583387894959465,1886667412,1886667408,0.0,1.0
武汉城建·梦湖云著,住宅,114.22726337504332,30.591309157228817,1887815738,11775535390,0.0,1.0
弘西花园,住宅,114.23256898297852,30.582606283784866,1886667412,1886667408,0.0,1.0
荣冠花园,住宅,114.22374100712798,30.593142018301045,1887905980,11775535371,0.0,1.0
汉水桥社区,住宅,114.23278527660996,30.582144550240265,1886727447,1886727480,0.0,1.0
旧小区,住宅,114.23290841825094,30.582167594161156,1886727443,1886727446,0.0,1.0
双墩社区铁路小区,住宅,114.22283548854914,30.59426189093072,1886887076,1886777976,0.0,1.0
兴华尚都国际,住宅,114.22644303665555,30.59329486701782,11775535389,11775535391,0.0,1.0
兴华尚都国际2期,住宅,114.22647506802345,30.593465822310183,11775535389,11775535391,0.0,1.0
华鼎·尚都国际,住宅,114.2235185408881,30.594533313968483,1886887076,1886777976,0.0,1.0
华鼎尚都国际-北区,住宅,114.2235836426794,30.59453036456433,1886887076,1886777976,0.0,1.0
金蝶世家陶瓷,住宅,114.21935763818183,30.595211590843316,5343198040,1887818888,0.0,1.0
三库西区,住宅,114.21957699332683,30.595476685384067,5343198040,1887818888,0.0,1.0
四库东区,住宅,114.22072891706078,30.5958275579642,1887811503,1887811488,0.0,1.0
CBD楚世家,住宅,114.23389097798164,30.588700528996327,7217380413,11465867885,0.0,1.0
广空房管处家属区,住宅,114.23720745111207,30.588730599893708,1886727454,1886727457,0.0,1.0
绿城湖畔云庐,住宅,114.23641455552179,30.589992897563157,7217380413,11465867885,0.0,1.0
广空后勤家属院,住宅,114.23825236302577,30.589689490469183,1886727454,1886727457,0.0,1.0
营房四村菜场,住宅,114.24410760790244,30.583042674735303,1886708854,1886663555,0.0,1.0
爱国社区,住宅,114.24354801833212,30.58547375232989,1886708854,1886708947,0.0,1.0
空装居乐苑,住宅,114.23384374987253,30.590733735336016,7217380413,11465867885,0.0,1.0
营北社区,住宅,114.24233192179737,30.588048719305664,1886654488,11775528144,0.0,1.0
营南社区(建设大道),住宅,114.24391422562066,30.585975569454266,1886708947,1886708854,0.0,1.0
建通大夏,住宅,114.24412536326274,30.586022553183927,1886708947,1885074583,0.0,1.0
武汉凌云小区,住宅,114.23928823028439,30.590511389758053,11775528143,11775528142,0.0,1.0
营一庭院,住宅,114.24555466770606,30.58140025490695,1886663555,1886667410,0.0,1.0
世纪花园,住宅,114.24402917738206,30.587435018102443,1886654488,11775528144,0.0,1.0
王家墩机场社区职工楼,住宅,114.24390701716126,30.588340673213523,1886654488,11775528144,0.0,1.0
武监小区,住宅,114.24624091554496,30.58320053705067,1886663555,1885063418,0.0,1.0
汉西营院,住宅,114.23080902768476,30.592057875650756,9428550620,9428550623,0.0,1.0
时代天骄,住宅,114.24641514055976,30.581735071716167,6868989235,5947612785,0.0,1.0
天星苑,住宅,114.2447625620049,30.588540592978923,8130420811,8130425937,0.0,1.0
飞行员小区,住宅,114.24550810679902,30.58759092730439,8130420811,8130425937,0.0,1.0
宝丰路商业宿舍,住宅,114.24714556628318,30.581434112771703,6868989235,6868989262,0.0,1.0
解放社区,住宅,114.24733864002135,30.581758969162237,1885063418,1885061302,0.0,1.0
硚口区汉水桥街解放社区商业庭院,住宅,114.24733864002135,30.581758969162237,1885063418,1885061302,0.0,1.0
商业厅大院,住宅,114.2473596523647,30.581742972634277,1885063418,1885061302,0.0,1.0
王家墩机场公寓,住宅,114.24419003409592,30.590345910892122,1886654488,11775528144,0.0,1.0
宝丰人家,住宅,114.24784468581554,30.584231976930464,1885077254,1885074591,0.0,1.0
德华楼(宝丰路店),住宅,114.24794900464798,30.581130124377342,7216532257,5947609982,0.0,1.0
际华物流小区,住宅,114.22914577421328,30.59330351298472,1887815637,11775535391,0.0,1.0
宝丰二路2-4号小区,住宅,114.24825413229735,30.581377986764217,13415965133,1885077254,0.0,1.0
软件学院小区,住宅,114.24874213540937,30.58400992126139,13415965133,1885077254,0.0,1.0
双墩特1号院,住宅,114.22819045105686,30.593733794287022,11775535391,11775535389,0.0,1.0
空后小区,住宅,114.24915444818623,30.582533401104204,1885077254,13415965133,0.0,1.0
同济宝丰小区,住宅,114.24923730211829,30.584653589263898,13415965133,1885077254,0.0,1.0
添翼苑,住宅,114.24720088940114,30.589639010274556,8130425936,6868989313,0.0,1.0
央著湖璟(建设中),住宅,114.23283719094373,30.595452509752796,7217380402,7217380413,0.0,1.0
公路社区,住宅,114.24932418053271,30.58650587345459,1885074506,1885074503,0.0,1.0
宝丰二路24号,住宅,114.24997067566584,30.5839017220149,13415965133,1885077254,0.0,1.0
宝地社区,住宅,114.25029375464437,30.584476433308748,13415965133,1885077254,0.0,1.0
交通小区,住宅,114.25049172376521,30.585722917016913,13415965133,1885077254,0.0,1.0
空后社区东院,住宅,114.2545143435166,30.580560591258866,7216532282,1885061345,0.0,1.0
地大小区,住宅,114.25236128034989,30.586640059238075,1885077247,13415965133,0.0,1.0
同济社区,住宅,114.25486840576119,30.580641421058615,7216532282,1885061345,0.0,1.0
华发公园首府1期,住宅,114.25015233891232,30.58865988265956,1885074506,1885074503,0.0,1.0
同济医学院社区,住宅,114.25379758775496,30.587517245091504,7216532374,7216532369,0.0,1.0
华发公园里IN PARK,住宅,114.25220105272682,30.58872231808726,1885077247,1885084584,0.0,1.0
源华家园,住宅,114.25758465541699,30.58178476501042,7216532286,7216532284,0.0,1.0
华发公园首府,住宅,114.25396455889047,30.58830088654709,1885077247,13415965133,0.0,1.0
宝丰小区,住宅,114.25742378780066,30.58011146955668,1885080776,1885080775,0.0,1.0
煤气宿舍小区,住宅,114.25757282728021,30.5797785189798,1885080776,1885080775,0.0,1.0
机场社区,住宅,114.24940992464825,30.589908563870054,1887905967,8130425936,0.0,1.0
武汉K11高区,住宅,114.25810875431252,30.580985794860688,1885080775,9608485461,0.0,1.0
省二建家属院,住宅,114.2565621014147,30.587138244864846,1885077247,1885074475,0.0,1.0
王家墩社区,住宅,114.24865657338646,30.590080636133678,1887905967,8130425936,0.0,1.0
航空工程大院,住宅,114.25432658113034,30.58896549787822,1887932257,1885077247,0.0,1.0
七二一八小区,住宅,114.2587275908691,30.583119666623656,1887089822,9608485462,0.0,1.0
宝丰园小区,住宅,114.25830485313186,30.579933083983274,1885080776,1230844176,0.0,1.0
青年社区,住宅,114.25487668187621,30.58906924256092,1887932257,1885077247,0.0,1.0
三五零六G栋小区,住宅,114.2580989099313,30.579172474868265,1885080778,1885080776,0.0,1.0
航空社区,住宅,114.25541380195877,30.58876913520405,1885077247,1885074475,0.0,1.0
利北社区北区,住宅,114.25897766630044,30.58228384247759,1887089822,9608485462,0.0,1.0
新兴物业一小区,住宅,114.25833790210451,30.579378272737266,1885080776,1230844176,0.0,1.0
航空小路6号小区,住宅,114.25495767323575,30.589344105135023,1885077247,1887932257,0.0,1.0
祥和社区,住宅,114.2589978261689,30.580428524097897,1885080776,1230844176,0.0,1.0
航邮社区,住宅,114.25936256270883,30.58348817517267,1230843972,1887089822,0.0,1.0
祥和社区北区,住宅,114.25921183388654,30.580346435183774,1885080776,1230844176,0.0,1.0
航空路医药公司大院,住宅,114.25921246033101,30.58468580963239,7216532383,7216532386,0.0,1.0
武汉城建·中央云城C区,住宅,114.2590873372072,30.586114340728837,1885074475,12251702151,0.0,1.0
祥和公寓,住宅,114.25947889871587,30.579570572400424,1885080776,1230844176,0.0,1.0
宝丰三村,住宅,114.25916796486831,30.578825025327593,1885080776,1230844176,0.0,1.0
华发硚口航空路地大二期052号地块(建设中),住宅,114.25181810593905,30.586707195872243,1885077247,13415965133,0.0,1.0
电业新村,住宅,114.25817716049393,30.58791914951238,12479760332,12251702151,0.0,1.0
瑞丰阁,住宅,114.25956294315911,30.579039721378425,1885080776,1230844176,0.0,1.0
建筑村小区,住宅,114.25627283346302,30.589848347354753,12251702154,1887932257,0.0,1.0
爱特城,住宅,114.25878619630923,30.587714900833205,12479760332,12251702151,0.0,1.0
汇豪邸,住宅,114.26074875963764,30.58059143688386,1885080776,1230844176,0.0,1.0
利北一村,住宅,114.26119663332382,30.581657758547653,1230843948,1230844176,0.0,1.0
武汉城建·中央云城A区,住宅,114.25785598818221,30.589733625542806,12251702154,12251702161,0.0,1.0
长投云玺,住宅,114.25249282596089,30.592369834206487,1887932239,1885074572,0.0,1.0
武汉城建·中央云城D地块,住宅,114.2606832641074,30.586397297356278,12251702146,12251702148,0.0,1.0
速丰公寓,住宅,114.25693282512543,30.590800675645607,12251702154,1887932257,0.0,1.0
武汉市江汉区万松街阳光家园,住宅,114.25694782692361,30.590796669991292,12251702154,1887932257,0.0,1.0
利北社区,住宅,114.26135481995577,30.579324527117574,4873221601,1885080778,0.0,1.0
承宁府,住宅,114.26135582037874,30.579318528705652,4873221601,1885080778,0.0,1.0
长源家园,住宅,114.25731986061638,30.59078749263431,12251702154,1887932257,0.0,1.0
华玻小区,住宅,114.25651273532455,30.591324672977443,12251702154,1887932257,0.0,1.0
中信·武汉三镇中心,住宅,114.26183830892766,30.5846782110933,12251702146,12251702148,0.0,1.0
长源大厦,住宅,114.25769386775397,30.591018217410873,12251702154,1887932257,0.0,1.0
云都滨湖家园,住宅,114.25066011893341,30.593487915777757,1887932239,1885074572,0.0,1.0
电力社区,住宅,114.25504941243241,30.59256683480689,1887932252,1887932257,0.0,1.0
地质大院,住宅,114.26258742291081,30.5822256295602,1230844008,1887914096,0.0,1.0
嘉鑫大厦,住宅,114.2576498441451,30.591259147463806,12251702154,1887932257,0.0,1.0
中央华府,住宅,114.2533449872555,30.59320523238983,1887932239,1885074572,0.0,1.0
武汉城建·中央云城E区,住宅,114.26059609097547,30.588471564227095,12251702148,12251702150,0.0,1.0
万松园特一号,住宅,114.262612310739,30.583486140004936,316995510,1230843791,0.0,1.0
电业村小区,住宅,114.25775584539126,30.591323069234885,12251702157,12251702158,0.0,1.0
太和里A座,住宅,114.25692971929737,30.592026207718227,12251702157,12251702158,0.0,1.0
邮电小区,住宅,114.25547544162188,30.59307046361027,1887932252,1887932257,0.0,1.0
万景花园,住宅,114.26170904637337,30.587894079652408,9606164082,9606136211,0.0,1.0
武汉城建·中央云城B区,住宅,114.25979896879701,30.59029734515071,12251702150,12251702141,0.0,1.0
江汉区万松街航空社区,住宅,114.25437519684223,30.593547724874643,1885074671,1887932230,0.0,1.0
利济北路244号院,住宅,114.26312050151364,30.58034196320086,4873221608,1230844545,0.0,1.0
楚天星座,住宅,114.25874687180186,30.59147548838375,12251702141,12251702159,0.0,1.0
仁义小区,住宅,114.2541621212768,30.593895671795952,1887932239,1885074572,0.0,1.0
武汉城建·中央云城,住宅,114.26006893364837,30.59060306944115,1887914598,12251702141,0.0,1.0
妙墩小区,住宅,114.25546038608496,30.593687232612353,1887932252,1887932230,0.0,1.0
湖北省地质局万松街地质社区,住宅,114.2637463838813,30.5803914978976,2466017214,4873221608,0.0,1.0
武商A1区,住宅,114.2647619719059,30.582634905300026,1186631624,1887914096,0.0,1.0
新世国际,住宅,114.26472482475616,30.584445253690305,1882302779,316995510,0.0,1.0
广播大院,住宅,114.2649907530535,30.584535016697185,1882302779,316995510,0.0,1.0
鄂广大院,住宅,114.26561152357887,30.585333231911253,1882302779,316995510,0.0,1.0
恒享里,住宅,114.2673614417781,30.5800337815736,1880367374,317114802,0.0,1.0
梅花园,住宅,114.2677148423861,30.5855544094798,1882302779,1882302787,0.0,1.0
恒隆广场-东中庭,住宅,114.2694255537541,30.58112054799815,317114802,1880367371,0.0,1.0
双左小区,住宅,114.26963129953955,30.58304363832331,1194098099,9599748058,0.0,1.0
市教委万松小区,住宅,114.26365680903208,30.587266978865856,9606164082,9606136211,0.0,1.0
新育社区,住宅,114.2698340770666,30.584593866924195,1882302783,1230844119,0.0,1.0
新育社区出版社小区,住宅,114.27032494207334,30.58358478375077,1194098099,9599748058,0.0,1.0
民意街仁厚社区冶金大楼,住宅,114.27078188460416,30.581755031516142,1880363685,1880367371,0.0,1.0
川街熙巷(西园购物中心店),住宅,114.26298087844349,30.58784523935081,9606164082,9606136211,0.0,1.0
西园F区,住宅,114.26356175230472,30.58813371838666,9606164082,9606136211,0.0,1.0
西园A区,住宅,114.26356175230472,30.58813371838666,9606164082,9606136211,0.0,1.0
民意街仁厚社区,住宅,114.27126167019618,30.581519652290584,1880363685,1880367371,0.0,1.0
移动大楼小区,住宅,114.27174436597289,30.5822049183762,1880367371,6480234612,0.0,1.0
怡和星汉里,住宅,114.27150931211898,30.584228392615277,1230843637,6480234614,0.0,1.0
南巷社区,住宅,114.27108293703783,30.579449598569973,1880395965,1880363685,0.0,1.0
藕池巷小区,住宅,114.27176653780076,30.580077690259508,1880395965,1880363685,0.0,1.0
万松园党校函授家属院,住宅,114.26271182678389,30.588934011928774,9606164082,9606136211,0.0,1.0
新华街协和社区,住宅,114.26943298136018,30.587727054462363,7216530624,7216530632,0.0,1.0
友谊社区北区,住宅,114.27190646828865,30.58003856482787,1880395965,1880363685,0.0,1.0
百穂养老省运社区,住宅,114.2688571787173,30.588210395635148,7216530624,7216530628,0.0,1.0
逸安公寓,住宅,114.27256779093932,30.583782494345435,1186631575,6480234613,0.0,1.0
新华街邮三社区,住宅,114.27230185588846,30.58470741758212,6480234613,1880396026,0.0,1.0
自治街18号小区,住宅,114.27249110025562,30.58068073382162,1880400488,1880400462,0.0,1.0
财政小区,住宅,114.2728086752391,30.583577323771067,1186631575,6480234613,0.0,1.0
邮政小区,住宅,114.27266469551158,30.584270211542005,6480234613,1880396026,0.0,1.0
翠景阁A座,住宅,114.272937608716,30.583510215647284,1186631575,6480234613,0.0,1.0
建行宿舍小区,住宅,114.272419244486,30.579461261081534,1880400488,1880395965,0.0,1.0
庭瑞中心,住宅,114.27321850682482,30.582839175112365,6480234611,1880396008,0.0,1.0
万松还建楼,住宅,114.26242280042021,30.58972590763611,9606164082,9606164081,0.0,1.0
电信小区,住宅,114.27287951109538,30.585021707067167,1230843697,1230843774,0.0,1.0
湖北邮电小区,住宅,114.27299938911433,30.58565334453291,1230843697,1230843774,0.0,1.0
江城华庭,住宅,114.27362216728459,30.58405429434801,1186631575,6480234613,0.0,1.0
湖北邮电新华街邮二社区,住宅,114.27320828969353,30.585426212700405,1230843697,1230843774,0.0,1.0
恒隆府(建设中),住宅,114.2666947051159,30.579528529115635,1880367374,1880363671,0.0,1.0
焕英里,住宅,114.2741100612366,30.58189658353088,1880396029,1880395959,0.0,1.0
市一医院小区,住宅,114.26503462829405,30.574244806134626,1880363681,1880311415,0.0,1.0
越秀·国际金融汇5期,住宅,114.27188881149803,30.587766677442048,1230843648,12231041224,0.0,1.0
越秀·国际金融汇3期,住宅,114.2716369163008,30.588064815636038,1230843648,12231041224,0.0,1.0
崇安鑫城,住宅,114.27430202376614,30.580969723084475,1880395976,1880396016,0.0,1.0
兴华楼,住宅,114.26193476428011,30.590872796213507,1887914598,9606164082,0.0,1.0
永丰小区,住宅,114.2747616336097,30.582170774702387,1186631495,1880396029,0.0,1.0
中奇万松欧式花园,住宅,114.26096687638666,30.59066649773872,1887914598,9606164082,0.0,1.0
万松园路18号,住宅,114.26176177019192,30.591033848345635,1887914598,9606164082,0.0,1.0
省石油宿舍小区,住宅,114.27355992417074,30.587299134821265,1882315271,1882402547,0.0,1.0
省运社区,住宅,114.26910986055223,30.590704216042074,1882311543,7216530632,0.0,1.0
万松广场,住宅,114.26106381699886,30.591267207051207,1887914598,12251702141,0.0,1.0
万科金色家园2期,住宅,114.27548602405682,30.583815357058157,1880421332,1880421453,0.0,1.0
单洞新村小区,住宅,114.27510714106499,30.585324209787327,1230843774,1186631575,0.0,1.0
多闻社区北区,住宅,114.27563211465335,30.58164300776996,1186631495,1880396029,0.0,1.0
万科金色家园1期,住宅,114.27537502200754,30.584685153565932,1880421436,1186631575,0.0,1.0
福星城市花园写字楼,住宅,114.2698095421,30.590927485603842,10162473178,4050649063,0.0,1.0
多闻社区,住宅,114.27558523160032,30.580647431937923,1880396007,1880395976,0.0,1.0
民意里,住宅,114.27580003711036,30.581241968843326,1880396007,1880395976,0.0,1.0
越秀·国际金融汇二期,住宅,114.27148781091394,30.590170161543657,1882405954,12231041235,0.0,1.0
多闻社区东区,住宅,114.2758740253075,30.580802049566284,1880396007,1880395976,0.0,1.0
越秀·国际金融汇四期,住宅,114.27298508542506,30.589269987483156,12231041253,12231041252,0.0,1.0
单洞社区烟草小区,住宅,114.2756597845973,30.585257619457494,1880421436,1186631575,0.0,1.0
万科金色家园,住宅,114.27594867379575,30.584294656773384,1880396008,317003611,0.0,1.0
银松院,住宅,114.2629804777141,30.59249846269645,1882413371,1882318596,0.0,1.0
越秀·国际金融汇,住宅,114.27272318548005,30.589811051839874,12231041253,12231041235,0.0,1.0
前进一路小区,住宅,114.27637363714095,30.581348277854104,1880396007,1880395976,0.0,1.0
和成天下,住宅,114.26281148436308,30.592732490224705,1882413371,1882318596,0.0,1.0
江汉区教育局教师公寓,住宅,114.26603275970135,30.592829041146214,1882413350,1882413367,0.0,1.0
武广农林局宿舍,住宅,114.26627668788848,30.592829843425214,1882413350,1882413367,0.0,1.0
福星·城市花园,住宅,114.27051515898897,30.591643544319552,1882405954,10162473178,0.0,1.0
武汉城建绍兴里1期,住宅,114.27670643283882,30.581024016398157,1880396007,1880395990,0.0,1.0
前进社区,住宅,114.28009366893309,30.583041178739432,1880421338,1880421441,0.0,1.0
集宝里,住宅,114.28082810484463,30.58245546849633,1880421338,1880421441,0.0,1.0
任冬社区,住宅,114.27828414452351,30.58256258190715,1880421399,1880421383,0.0,1.0
任冬·天下,住宅,114.27787643608441,30.582744001567246,1880421477,1880421508,0.0,1.0
御庭园,住宅,114.27837298920544,30.583578094020755,1880421338,1880421383,0.0,1.0
金涛大厦,住宅,114.27902144765042,30.584027137727897,1880421493,1880421338,0.0,1.0
都汇轩,住宅,114.28149958482645,30.581782856614943,1880421441,1880455463,0.0,1.0
前进坊,住宅,114.28085794795275,30.583979858289876,1880455505,1880455525,0.0,1.0
西福巷,住宅,114.28164833344927,30.583188137164264,1880455514,1880455505,0.0,1.0
东民社区,住宅,114.27974383550658,30.584428094957275,1880455525,1880421338,0.0,1.0
武汉城建·绍兴里1921小区,住宅,114.27734692457612,30.58160305446862,1880421477,1880396007,0.0,1.0
东民里,住宅,114.27908735148809,30.584539864049404,1880421493,1880421338,0.0,1.0
后勤大院小区,住宅,114.28204008885817,30.58201006721227,1880421441,1880455514,0.0,1.0
三民小区(前进五路),住宅,114.27990667703142,30.584726779311076,1880455525,1880455444,0.0,1.0
长康里,住宅,114.28126157511888,30.58429022361624,1880455505,1880455525,0.0,1.0
燕马社区,住宅,114.27688210321953,30.583405921536436,1880421531,1880421367,0.0,1.0
立志巷,住宅,114.28221678851358,30.583661216074276,1880455514,1880455505,0.0,1.0
盛世家成,住宅,114.27990365001129,30.585068654240484,1880455525,1880455444,0.0,1.0
花样年华,住宅,114.2777753501915,30.58461241969043,1880421367,1880421493,0.0,1.0
汉口科技王公寓,住宅,114.28077793368713,30.58493260171574,1880477808,1880455525,0.0,1.0
永康社区,住宅,114.2827324908404,30.581703267631944,1880455463,1880455433,0.0,1.0
耕辛里小区,住宅,114.28292826671995,30.582220813085062,1880455463,1880455433,0.0,1.0
华顺公寓,住宅,114.28157725053757,30.584870596753195,1880477808,1880455525,0.0,1.0
万科金色家园3期,住宅,114.27704089420119,30.584516319475586,1880421367,1880421493,0.0,1.0
长健里小区,住宅,114.28206184045156,30.584664042347978,1880477872,1880455505,0.0,1.0
水塔街长健社区,住宅,114.28225664036073,30.58496367343084,1880477872,1880455505,0.0,1.0
单洞社区名仕阁公寓,住宅,114.2782568840816,30.585822388262656,1186631634,2289778025,0.0,1.0
紫晶城,住宅,114.28360854078937,30.583293496108706,1880477884,1880455427,0.0,1.0
永康里,住宅,114.28320614506468,30.580654026255228,1880455463,6480234670,0.0,1.0
海底十万里,住宅,114.28091973051458,30.58589005927406,1880477808,1880455525,0.0,1.0
都会轩,住宅,114.28086976306359,30.586006079310113,1880455444,1186631543,0.0,1.0
联保里,住宅,114.28399222348281,30.582754176866164,1880477884,1880455427,0.0,1.0
新华街省社社区,住宅,114.28320780031403,30.584630533823447,1880455514,1880477880,0.0,1.0
华中社区,住宅,114.28320879938592,30.584630532481977,1880455514,1880477880,0.0,1.0
锦绣花样年华,住宅,114.28215767156907,30.585629552394156,1880477808,1880455525,0.0,1.0
江三小区,住宅,114.2824214449681,30.585508250581864,1880477808,1880455525,0.0,1.0
楠公馆,住宅,114.28270118182604,30.585614839577556,1880477808,1880455525,0.0,1.0
单洞后路4号,住宅,114.27728056213824,30.586364341994447,2289778029,2289778033,0.0,1.0
消防小区,住宅,114.28470957173587,30.582276370126888,12169305098,12169305097,0.0,1.0
横桥村小区,住宅,114.27855456167188,30.586919614230947,2289778034,2289778029,0.0,1.0
森谷小城,住宅,114.28225451337387,30.586457112169445,3225481868,11303773607,0.0,1.0
福新里,住宅,114.28298487224468,30.5861872450655,1880477808,1880455525,0.0,1.0
长盛公寓,住宅,114.28376020175553,30.5855614366151,1880455505,1880477872,0.0,1.0
水塔里,住宅,114.285147134299,30.582353733153262,12169305097,12169305095,0.0,1.0
联保社区,住宅,114.28519602426358,30.58306639777892,12169305093,12169338007,0.0,1.0
新华小区,住宅,114.28253924095281,30.586636668131337,1880477808,1880455525,0.0,1.0
泰宁里小区,住宅,114.28189478316921,30.587047360556674,11303773604,11303773605,0.0,1.0
慈德里小区,住宅,114.28358731691951,30.586118460575666,1880477872,1880455505,0.0,1.0
江汉路站还建楼,住宅,114.28543289842763,30.581789544478287,1880447679,1880447678,0.0,1.0
保和小区南区,住宅,114.28435164225594,30.585488656040045,1880455514,1880477880,0.0,1.0
保和小区,住宅,114.2843766115663,30.585564593050776,1880455514,1880477880,0.0,1.0
永康社区公安小区,住宅,114.28552066370935,30.58348978407565,12169305093,12169338007,0.0,1.0
中山大道549-559号,住宅,114.28570354035409,30.582787790093672,12169305093,12169338007,0.0,1.0
八号楼小区,住宅,114.28271005086535,30.58703828931612,1880483301,11303773603,0.0,1.0
兴业里,住宅,114.28580946388917,30.582433773270317,1419140443,1880447678,0.0,1.0
木兰公寓,住宅,114.28579858037304,30.581212245466773,1419140487,1419140443,0.0,1.0
泰宁社区南区,住宅,114.28234933847266,30.587495593684753,1880483301,11303773594,0.0,1.0
泰宁社区,住宅,114.28230837189071,30.587535632525732,1880483301,11303773594,0.0,1.0
君子兰A,住宅,114.28604811117991,30.58371095623763,1880477876,12169338008,0.0,1.0
鄂储居民小区,住宅,114.28496202035693,30.58579269747721,1880477880,1880477872,0.0,1.0
宁波社区,住宅,114.28574933944488,30.584579052401917,1880477884,1880455427,0.0,1.0
鼎新里,住宅,114.28433057413862,30.58651329769049,11303773618,11303773628,0.0,1.0
宁波社区南区,住宅,114.2860390918871,30.584040845011423,1880477876,1880477884,0.0,1.0
京汉大道商住楼,住宅,114.28200161349172,30.58791489165953,11303773594,1186631543,0.0,1.0
保成社区-北区,住宅,114.28479914427828,30.586211765194005,11303773643,11303773618,0.0,1.0
保和小区北区,住宅,114.2848191255476,30.58620174128302,11303773643,11303773618,0.0,1.0
金业里小区,住宅,114.28413972145931,30.586934399903694,11303773618,11303773628,0.0,1.0
南国中心一期,住宅,114.27578050555194,30.587558613210003,7604043556,1882402521,0.0,1.0
德安总理小区,住宅,114.2834713065605,30.58750109374598,11303773608,11303773610,0.0,1.0
保安里小区,住宅,114.2850488855234,30.586361361609338,11303773618,11303773643,0.0,1.0
先锋社区北区,住宅,114.28583716238867,30.58560054315732,1880477884,1880477880,0.0,1.0
万达悦荟,住宅,114.28649793004894,30.580461531459385,1419140487,1419140443,0.0,1.0
泰宁社区北区,住宅,114.28258905396528,30.58827897906495,11303773596,11303773594,0.0,1.0
规划小区,住宅,114.28328343441142,30.58805413699293,1880483285,11303773610,0.0,1.0
万尧芳公馆,住宅,114.28382295051298,30.587782510386546,1880483285,1880480133,0.0,1.0
先锋社区西区,住宅,114.28652351290306,30.5849857989567,1880477884,1880477840,0.0,1.0
南福佳苑,住宅,114.28302465770409,30.58824741075587,11303773596,1880483285,0.0,1.0
江城百臻,住宅,114.28050280892774,30.589066385075277,1230843792,1230844023,0.0,1.0
义成东里,住宅,114.28670531835213,30.585055512075925,1880477884,1880477840,0.0,1.0
慎源里,住宅,114.28697405625003,30.584842205745808,1880477810,1880477799,0.0,1.0
退思里小区,住宅,114.28503081274465,30.587410989143347,1880480117,1880480113,0.0,1.0
循礼社区,住宅,114.27520583243023,30.58816302565589,12231041249,1882402547,0.0,1.0
鑫成大厦,住宅,114.28372599714837,30.588306443053092,11303773596,1880483285,0.0,1.0
裕润里,住宅,114.28456922822109,30.58784046596558,1880480122,1880480133,0.0,1.0
安静社区红艳村,住宅,114.28109028630763,30.589346528906272,1230843792,1230844023,0.0,1.0
泰安里,住宅,114.28638353907172,30.586355481722936,1880480112,1880477840,0.0,1.0
泛悦南国中心,住宅,114.27643193997224,30.588964338806797,12231041249,12231041251,0.0,1.0
南国中心二期,住宅,114.27639796034144,30.589001363634335,12231041249,12231041251,0.0,1.0
福忠里,住宅,114.28582304926283,30.587076004918917,1880480117,1880480113,0.0,1.0
溪口公管,住宅,114.27845841161681,30.58951574373075,1882315361,4519229803,0.0,1.0
西马街光荣坊社区,住宅,114.27937468631615,30.58960459111264,1230843831,1230844601,0.0,1.0
延昌里,住宅,114.28787123320696,30.583345464456695,12161412681,1880510915,0.0,1.0
宝利金中央荣御,住宅,114.28748094359615,30.579951303126823,4154270306,1419140490,0.0,1.0
胜利街5号小区,住宅,114.28800313220196,30.582870449245593,1880510915,5875253760,0.0,1.0
还建住宅综合楼,住宅,114.28733763279001,30.585310503012696,1880477810,1880477799,0.0,1.0
钦一里,住宅,114.28765735705231,30.584565318509753,7385521345,12161412682,0.0,1.0
上海邨,住宅,114.28804216252163,30.582031706105436,5875253770,5875253765,0.0,1.0
汇通社区,住宅,114.28366900491726,30.5888403172605,11303773598,11303773596,0.0,1.0
德润社区二德里安全小区,住宅,114.28543538270982,30.587733301406384,1880480117,1880480113,0.0,1.0
新德里,住宅,114.28772628834278,30.584507239704674,12161412682,7385521345,0.0,1.0
保元里,住宅,114.28692299686611,30.586148786122326,1880480114,1880477810,0.0,1.0
榆荫里,住宅,114.28504773318734,30.58813868928721,1880480111,1880480113,0.0,1.0
鼎余里,住宅,114.2881608818839,30.583793870633283,12161412696,12161412695,0.0,1.0
吉庆街小区,住宅,114.28600380867361,30.58773649853312,1880480130,1880480113,0.0,1.0
中孚里,住宅,114.2880599058119,30.584781647405997,7385521345,12161412682,0.0,1.0
空间贵族,住宅,114.28847559517126,30.583148648436204,1880510915,5875253760,0.0,1.0
大城知音,住宅,114.28215929608564,30.58996290493221,1230843792,1230844023,0.0,1.0
日和坊,住宅,114.2887853894715,30.58159477076163,5875253770,5875253772,0.0,1.0
金茂小区,住宅,114.27828046413345,30.59048258899159,4519229803,12149962845,0.0,1.0
永松里,住宅,114.28860630503377,30.584850814641072,7385521345,1880480143,0.0,1.0
汇通小区,住宅,114.28731050038287,30.587175836873715,1880504367,1880480114,0.0,1.0
汉润里,住宅,114.28802082504198,30.58620516742911,7385521340,7385521332,0.0,1.0
中国电建·汉口公馆,住宅,114.2847199477606,30.5893856697458,1880480122,11303773598,0.0,1.0
吉润楼,住宅,114.28625549800445,30.588354905934597,1880477857,1880480166,0.0,1.0
崇正里,住宅,114.28851935276651,30.585400736097302,7385521345,7385521339,0.0,1.0
先锋里,住宅,114.28658217461206,30.58819949839592,11303773588,11303773589,0.0,1.0
金灿家园,住宅,114.27968333473005,30.59080075179598,12149962845,4519229802,0.0,1.0
祥润楼,住宅,114.28622651279044,30.588527881417537,1880480166,1880477857,0.0,1.0
怡廉里,住宅,114.2891170934283,30.580772583032115,5875253772,317407286,0.0,1.0
鄱阳新里小区,住宅,114.28932470008002,30.58264757102486,1880510916,5875253699,0.0,1.0
德润楼,住宅,114.28583387556293,30.58896027375229,1880477864,1880480122,0.0,1.0
公安新村,住宅,114.29370047307512,30.583474474397484,13903348080,1880527298,0.0,1.0
沿江大道137号小区,住宅,114.29279675093997,30.58149865128683,5875253736,5875253735,0.0,1.0
南京路1号小区,住宅,114.29235228030878,30.58158232008327,5875253736,5875253735,0.0,1.0
外滩洞庭首府,住宅,114.29324394278022,30.58454080129484,1880527298,1207481080,0.0,1.0
同福社区,住宅,114.29217829940397,30.583774771138234,5875253746,5875253745,0.0,1.0
邮政大院,住宅,114.29122858023312,30.581964927297513,1880510918,1880509263,0.0,1.0
上海路3号小区,住宅,114.29169413110637,30.580819633458812,5875253738,5875253732,0.0,1.0
南京小区,住宅,114.29096482390639,30.582708055692716,5875253739,5875253740,0.0,1.0
新华苑(南京路),住宅,114.29109957036418,30.583824429051006,1880509263,1880506150,0.0,1.0
洞庭村,住宅,114.29133526120884,30.584208920372106,5875253744,12161431920,0.0,1.0
天津院小区,住宅,114.29433748179375,30.58576758746304,1207481080,1880506151,0.0,1.0
江润溪舍,住宅,114.29059831519679,30.581936906945,5875253740,1880510918,0.0,1.0
洞庭街17号大院,住宅,114.29053843836861,30.581310232795733,5875253717,5875253718,0.0,1.0
江汉村,住宅,114.2901279197759,30.581183905711804,5875253702,5875253698,0.0,1.0
洞庭街3号小区,住宅,114.29029377045177,30.580718826932557,5875253713,5875253715,0.0,1.0
同仁里,住宅,114.29054313536342,30.58475393367781,5875253750,12161431920,0.0,1.0
11号花园洋房民宿(江汉路汉口江滩一店),住宅,114.2927983266799,30.586383811776855,1880527301,1207481080,0.0,1.0
华晖熙翠,住宅,114.29029343939251,30.584554389952416,1880480143,1880506150,0.0,1.0
咸安坊启昌里,住宅,114.29068693815411,30.58511557720378,5875253750,12161431920,0.0,1.0
凯旋嘉苑,住宅,114.2942764574788,30.58693224518907,1880527307,1880527329,0.0,1.0
君安还建楼,住宅,114.29353937589455,30.586898440127353,1880527307,1880509275,0.0,1.0
德永里,住宅,114.29064295113182,30.585553479341012,1880506158,1207481161,0.0,1.0
钻石大厦,住宅,114.28932984468777,30.58090721410891,5875253772,317407286,0.0,1.0
7号花园,住宅,114.29496257048055,30.587192036128624,10029915075,1880527340,0.0,1.0
君安公寓,住宅,114.29379503420061,30.58719591865344,1880527307,1880527329,0.0,1.0
洞庭社区,住宅,114.29487266669284,30.587397104430494,10029915075,1880527340,0.0,1.0
玉龙居小区,住宅,114.29443520992541,30.587493776164855,1880527307,1880527329,0.0,1.0
兰陵路2号,住宅,114.29563667057248,30.587644763852314,10029915075,1880527340,0.0,1.0
豪景名苑,住宅,114.28942232630796,30.585709272448685,1880506158,1880506163,0.0,1.0
福宁阁,住宅,114.28918661390196,30.585427732312734,1880506158,1880506163,0.0,1.0
诚昌里,住宅,114.29185134122572,30.587800761016158,1880506161,1880527301,0.0,1.0
智民里,住宅,114.29102331619657,30.58779404674603,8342188639,1880506161,0.0,1.0
江滩印象·精致湖北菜(汉口江滩公园店),住宅,114.29738732547125,30.588324605524893,1880527300,1881983570,0.0,1.0
文华里小区,住宅,114.28864613395037,30.586325198819065,7385521336,7385521338,0.0,1.0
同兴第二小区,住宅,114.29588620646817,30.589293726900017,7170382600,7170382601,0.0,1.0
华发外滩荟A地块,住宅,114.29019322569945,30.588353104913526,11303773556,1207481161,0.0,1.0
兰陵·大公馆,住宅,114.29183423752154,30.589235241971657,1880506160,1880527338,0.0,1.0
黎黄陂路10号,住宅,114.29473763864803,30.589695449087152,1880527299,1880527342,0.0,1.0
电信大院,住宅,114.29069258705687,30.589102057398396,1880506160,1880527319,0.0,1.0
洞庭里,住宅,114.29618176762139,30.589942992343815,1880504401,1881983318,0.0,1.0
黄陂村小区,住宅,114.29458178795541,30.590241493001752,1880527299,1880527342,0.0,1.0
义品里,住宅,114.29083736477119,30.589733594471806,1880527319,1880504371,0.0,1.0
中山公寓(中山大道),住宅,114.29106808348627,30.589882182767116,1880527319,1880504371,0.0,1.0
吉庆民俗街1期1区,住宅,114.28889463733748,30.58890485018129,1882026450,4523471915,0.0,1.0
新源公寓,住宅,114.29389261808899,30.59060746317876,1880504369,1881983316,0.0,1.0
华发外滩荟(建设中),住宅,114.29142104825796,30.585506298542192,4242305020,1880527294,0.0,1.0
武汉租界百年江景洋房,住宅,114.29756492613154,30.590212588409955,1881983319,7170382600,0.0,1.0
兰陵村,住宅,114.29179618882324,30.5903208869523,1880504371,1880527338,0.0,1.0
德华楼(吉庆街店),住宅,114.28765304991971,30.5881739594743,4523471915,1880477807,0.0,1.0
江汉二路177号,住宅,114.28760909684725,30.588174023579388,1880477807,4523471915,0.0,1.0
黄石路小区,住宅,114.287209544526,30.587899708550264,1880480119,1880477807,0.0,1.0
奥凯心意,住宅,114.290642558453,30.590101752711195,1880504390,1880527320,0.0,1.0
同兴里,住宅,114.29529082389362,30.590993053255133,1880504401,1881983318,0.0,1.0
瑞祥楼,住宅,114.29431704870372,30.59107060348866,1880504369,1881983316,0.0,1.0
光影花园洋房,住宅,114.29332128332241,30.59107019878539,1880504369,1880504395,0.0,1.0
吉庆家园,住宅,114.28884263170465,30.58963464949621,1882026450,1882026456,0.0,1.0
同兴第一小区,住宅,114.2946306468539,30.59116106217765,1881983316,1881983326,0.0,1.0
合兴里小区,住宅,114.28794366003139,30.589078190184825,1882026444,1882026450,0.0,1.0
黄陂二里,住宅,114.29325236237256,30.591133284255232,1880504369,1880504395,0.0,1.0
辅仁里,住宅,114.291078992723,30.590784821007322,1880504365,1880504390,0.0,1.0
大卫办公公寓,住宅,114.29286482861018,30.59120986942175,1880504369,1880504395,0.0,1.0
泰兴里,住宅,114.29557043346946,30.59136845225641,1881983320,1881983326,0.0,1.0
吉祥大厦,住宅,114.28800954936055,30.589536918635037,1882026444,1882026450,0.0,1.0
岳飞小区,住宅,114.29353398805152,30.59145971061503,1881983322,1881983316,0.0,1.0
雅致社区,住宅,114.28983043499122,30.590704758313112,4261883432,1688268491,0.0,1.0
汉成里,住宅,114.29168522920774,30.591374656449915,1880504365,1880504390,0.0,1.0
融兴商城,住宅,114.28863480442985,30.590282710975092,11303773552,11303773555,0.0,1.0
黃興路肆號,住宅,114.29405331646457,30.59178375472411,1881983322,1881983316,0.0,1.0
吉庆小墅,住宅,114.28776279345212,30.589783186279412,11303773554,11303773553,0.0,1.0
空中花园,住宅,114.28837209370488,30.590260108577795,11303773552,11303773555,0.0,1.0
春天里SpringOnline,住宅,114.29300260589599,30.591846407343855,1881983324,1881983322,0.0,1.0
沁馨苑,住宅,114.29363782060847,30.591914370455,1881983315,1881983322,0.0,1.0
立兴巷小区,住宅,114.29804716746465,30.59153427185953,1881983569,1881983568,0.0,1.0
洞庭街110号小区,住宅,114.29739401102,30.59185524583199,1881983568,1881984010,0.0,1.0
景福小区,住宅,114.28782866993461,30.59039485629296,11303773550,11303773552,0.0,1.0
集家嘴社区,住宅,114.28686001517713,30.5751189891149,5874448490,5874445808,0.0,1.0
华新里,住宅,114.2917610729911,30.592142244044943,1881983329,1880504365,0.0,1.0
岳飞第二小区,住宅,114.29474439282065,30.592438387962826,1881983326,1881983315,0.0,1.0
长越苑,住宅,114.29240229516799,30.592281187702838,1880504395,1881983324,0.0,1.0
武汉越秀中交外滩星汇园,住宅,114.28808633436032,30.591065221831446,1882026453,1882026464,0.0,1.0
越秀中交·外滩星汇园B区,住宅,114.28905922537771,30.59156258921996,1882026459,1882026448,0.0,1.0
韩家社区,住宅,114.28872160531667,30.591483122733198,1882026453,1882026464,0.0,1.0
瑞祥路小区,住宅,114.28739510177489,30.59075235198878,1882026454,11303773541,0.0,1.0
铭新巷小区,住宅,114.2868137454853,30.590380334774217,11303773539,11303773538,0.0,1.0
十六号洋房,住宅,114.2941181481394,30.5927952620563,1881983315,1881983322,0.0,1.0
桃源公寓,住宅,114.29648014307337,30.592671453822874,1881983320,1881983326,0.0,1.0
伟英里,住宅,114.29319728775663,30.59277574156508,1881983324,1881962506,0.0,1.0
首安里,住宅,114.2949830380053,30.59304676656992,1881983326,1881983315,0.0,1.0
吉庆社区,住宅,114.2854481949002,30.589759512229506,1880477864,1880477858,0.0,1.0
滨江里,住宅,114.29694051425504,30.592964576667924,1881984013,1881984010,0.0,1.0
新华里,住宅,114.29100091220107,30.59276918024941,1881983329,1882034696,0.0,1.0
吉庆嘉园,住宅,114.28884440773248,30.592203663690984,11303773573,11303773574,0.0,1.0
江岸区大智街道瑞祥路54号,住宅,114.28745297323758,30.591528970479494,11303773549,1882026453,0.0,1.0
乐居,住宅,114.28755684320646,30.59175473270115,11303773549,1882026453,0.0,1.0
海珀滨江,住宅,114.31375558165917,30.58316115299266,8948044395,8197552595,0.0,1.0
三角花园鑫鑫路小区,住宅,114.31346625714964,30.580681626403983,8948044394,9216224501,0.0,1.0
海珀·御观,住宅,114.31435870318228,30.582200373926753,3125539283,3125539279,0.0,1.0
绿地海珀御观-北区,住宅,114.31480090796569,30.58321315738099,3125539288,3125539283,0.0,1.0
滨江汇,住宅,114.31477580761494,30.584831596059015,8197552595,12174256954,0.0,1.0
名邸公馆南区,住宅,114.31557985103642,30.5809925117497,12174256918,12174256919,0.0,1.0
名邸公馆,住宅,114.31585132083391,30.58206959358753,12174256919,3125539278,0.0,1.0
海珀滨江-云境,住宅,114.31521508670949,30.585024690837212,12174256954,12174256964,0.0,1.0
名邸公馆北区,住宅,114.31667298824551,30.582157997746176,12174256919,3125539278,0.0,1.0
绿地名邸,住宅,114.31635665935887,30.580310289940897,3125539278,12172561312,0.0,1.0
海珀·云邸,住宅,114.3162573351978,30.585886386081235,12174256954,12174256964,0.0,1.0
海珀滨江2期,住宅,114.31682847850252,30.58513358329283,12174256964,12174256965,0.0,1.0
绿地铂瑞公馆,住宅,114.31662476028717,30.585678765389943,12174256964,12174256965,0.0,1.0
和平大道756号小区,住宅,114.3174518949201,30.580238230404024,12172561311,4516243237,0.0,1.0
西斯莱公馆,住宅,114.31824928377544,30.58389134079309,12174256920,12174256966,0.0,1.0
西斯莱公馆1期,住宅,114.31830321665423,30.583655326489048,3125539284,12174256920,0.0,1.0
绿地蓝海,住宅,114.31896200478114,30.58526945917666,12174256921,5942140625,0.0,1.0
武车三村,住宅,114.31953539335953,30.581554757351775,12172561311,4516243237,0.0,1.0
喻家湖小区,住宅,114.32050985231331,30.58098310453523,3317600974,2700993729,0.0,1.0
赵家墩社区,住宅,114.3207782282291,30.58311579189753,3125539291,5988973640,0.0,1.0
武车公寓,住宅,114.32142416889076,30.583146542027496,5988973640,3125539291,0.0,1.0
武汉武昌万象城,住宅,114.32041047506357,30.587189959475207,12174256175,12174256176,0.0,1.0
教工宿舍,住宅,114.32171454225066,30.584886330680682,4516243576,5988973489,0.0,1.0
武昌万象城A区,住宅,114.32109839739668,30.586648846062367,12174256149,12174256175,0.0,1.0
武车一村,住宅,114.32263204641983,30.58480360214906,5988973489,3125539289,0.0,1.0
武房趣家武车社区,住宅,114.32285868734175,30.584661221102778,5988973489,3125539289,0.0,1.0
武车六村小区,住宅,114.3234298072563,30.58401536890113,3125539286,5988973639,0.0,1.0
福星惠誉月亮湾壹号2期,住宅,114.32179111727685,30.588330879390924,12174256176,12174256152,0.0,1.0
三角花园王家湾小区,住宅,114.32385930122709,30.581737399794942,5988973350,5988973349,0.0,1.0
时尚馨都,住宅,114.32303722409638,30.586622137881697,4516243427,4516243304,0.0,1.0
武昌车辆厂小区,住宅,114.3233078363257,30.585979861900842,4516243427,3044752011,0.0,1.0
余家湖1期,住宅,114.32404385012192,30.583444406075262,3125539289,3125539286,0.0,1.0
武车七村,住宅,114.32410862450776,30.584816765429874,3044752009,5988973490,0.0,1.0
福星惠誉月亮湾壹号,住宅,114.32236710680428,30.589100481685612,12174256915,4516243530,0.0,1.0
皇冠幸福里(学院路店)(装修中),住宅,114.32084322885922,30.581886128131693,4516243237,3125539281,0.0,1.0
徐家棚街秦臻路社区,住宅,114.3238418756349,30.58695746767512,4516243427,4516243304,0.0,1.0
友谊大道三角花园6号地块,住宅,114.32537278794817,30.582106361214247,5988973731,5325077198,0.0,1.0
三角花园刘家河小区,住宅,114.32576205545725,30.583194208051047,5988973737,3125539289,0.0,1.0
武车五村小区建安楼,住宅,114.32559223577931,30.584319110224804,5988973946,3044752011,0.0,1.0
三角花园刘家河小区B区,住宅,114.32689018910007,30.583417966299702,3044752011,5988973946,0.0,1.0
武车小区,住宅,114.32616427570801,30.584583915655767,5988974091,5988974095,0.0,1.0
武车五村小区,住宅,114.32666139778712,30.58532068709364,5988974095,5988974091,0.0,1.0
三角花园刘家河小区D区,住宅,114.32621310865122,30.58558444478744,3044752017,5988974091,0.0,1.0
大湖公寓,住宅,114.327884475926,30.584430687178084,5988974095,5988974098,0.0,1.0
三飞市场小区,住宅,114.32640767239538,30.586936561031415,4516243304,3125539313,0.0,1.0
秦园居名雅花苑,住宅,114.3287279819924,30.585786568489375,3125539311,3125539300,0.0,1.0
三角花园陈家河小区,住宅,114.32955166091624,30.5855630868695,10677640102,5988973946,0.0,1.0
安居苑,住宅,114.32792020259504,30.58689968623766,3125539317,3125539300,0.0,1.0
徐家棚街惠誉社区交警小区,住宅,114.32688584009212,30.587508430005087,4516243304,3125539313,0.0,1.0
鹏程·帝景园,住宅,114.32520853329905,30.588125404980932,4516243304,3125539313,0.0,1.0
秦园居,住宅,114.32972223823207,30.58723313086912,3125539315,3125539311,0.0,1.0
武汉理工大学友谊小区,住宅,114.33175116293212,30.58483619874656,12802896951,12802896935,0.0,1.0
徐东二路2号油料所社区3期,住宅,114.33218080705298,30.580979836287042,5323894267,8480471017,0.0,1.0
惠誉花园,住宅,114.32743982068317,30.588812875979126,5804140852,5804292744,0.0,1.0
常贵楼,住宅,114.32984400284498,30.587664735977885,3125539315,3125539311,0.0,1.0
三角综合楼小区,住宅,114.32568061850479,30.589746883284256,5804140852,5804292744,0.0,1.0
七星绿色花园,住宅,114.33322993850344,30.583102071786048,5325050466,5325050468,0.0,1.0
福星惠誉月亮湾壹号1期,住宅,114.32296406632106,30.589814064504576,12174256915,12174256905,0.0,1.0
环卫小区,住宅,114.32694253984583,30.589891414437837,13874080482,3044752024,0.0,1.0
湖北大学教师公寓,住宅,114.33335454414896,30.58533899634604,2418671504,2418671497,0.0,1.0
远东国际,住宅,114.32404321183684,30.59079162132401,5804140852,5804292744,0.0,1.0
秦园路小区,住宅,114.32654412146871,30.59069886734509,13874080482,3044752024,0.0,1.0
油料所社区北区,住宅,114.33446116333141,30.58093758186787,5325050466,4516243510,0.0,1.0
佳馨花园一期,住宅,114.33121666606178,30.58896164382741,4516243559,4516243539,0.0,1.0
团结名居桂园,住宅,114.33006346370533,30.589763520625368,3125539332,4516243539,0.0,1.0
七星岛花园,住宅,114.3347765068477,30.582724326492585,5325050466,5325050468,0.0,1.0
佳馨花园,住宅,114.33162002677834,30.588824934562666,4516243559,4516243539,0.0,1.0
油料所社区,住宅,114.33472279937779,30.580346315411877,5325050469,4516243510,0.0,1.0
三角花园余家湖小区,住宅,114.33496010241122,30.58402449686917,2418671497,3125539290,0.0,1.0
新长江·滨江花园,住宅,114.32931657056845,30.59098847017082,3125539332,4516243539,0.0,1.0
东原·时光道,住宅,114.3342050375826,30.587052758598364,5804110884,4516243382,0.0,1.0
佳馨花园二期,住宅,114.33296687409347,30.588674458408445,1014368397,5804140852,0.0,1.0
福星惠誉·国际城2期,住宅,114.33393439540744,30.587893944400097,2418671537,3125539328,0.0,1.0
湖北大学附属中学家属区,住宅,114.33129839282188,30.59058187097102,3125539332,2701015866,0.0,1.0
中寰悦府(建设中),住宅,114.33254644699049,30.589840803062845,2701015866,3125539332,0.0,1.0
保利生活区,住宅,114.3242167680538,30.5926205870451,13874080463,13874072472,0.0,1.0
武科大宿舍,住宅,114.3352144333095,30.587079870636426,3125539294,4181217448,0.0,1.0
团结名居兰园,住宅,114.33614613840166,30.58507990290541,8480471038,5804110884,0.0,1.0
联发悦榕华,住宅,114.33588346586677,30.58606401634536,3125539294,4181217448,0.0,1.0
东原时光道商铺,住宅,114.33432769180234,30.588779873662034,2418671537,3125539328,0.0,1.0
龙湖清能武汉101,住宅,114.32643808368611,30.59312613859478,13874231264,13874080472,0.0,1.0
九坤·秦南都汇,住宅,114.33683407947274,30.584852721457672,3125539294,4181217448,0.0,1.0
港町湾,住宅,114.3269572090838,30.5934140353965,13874231264,13874080472,0.0,1.0
龙湖清能武汉滨江国际,住宅,114.3269382382854,30.593435063544486,13874231264,13874080472,0.0,1.0
三三七社区,住宅,114.33263617890253,30.59126309047057,3125539332,2701015866,0.0,1.0
轻机小区,住宅,114.33240552237815,30.591573405000673,3125539332,2701015866,0.0,1.0
徐东公馆,住宅,114.33212095762907,30.591830841608825,13110036812,3125539332,0.0,1.0
芭莎公馆,住宅,114.33562262789313,30.588920414642004,4181217448,4181217449,0.0,1.0
环璟,住宅,114.32722773049414,30.593829358572133,13874231264,13874080472,0.0,1.0
城投·金沙府,住宅,114.33742802500196,30.586315079332117,4181217448,3125539294,0.0,1.0
城投武汉印,住宅,114.33428958531492,30.590696213199816,10677640102,5988973946,0.0,1.0
龙湖清能·天奕,住宅,114.3311264636849,30.592956284799975,13110036853,13110036854,0.0,1.0
德成香奈·长江国际,住宅,114.33242342632765,30.59234507514999,13110036812,3125539332,0.0,1.0
团结名居,住宅,114.3368707327349,30.588170397908268,4181217449,3125539323,0.0,1.0
龙湖清能公寓,住宅,114.33058231181649,30.59332817079519,13110036853,13110036854,0.0,1.0
团结名居桔园,住宅,114.33688570810025,30.58818436507859,4181217449,3125539323,0.0,1.0
王家墩小区,住宅,114.33753676011794,30.587411464776704,4197042118,3125539323,0.0,1.0
红盛路小区,住宅,114.33354865394435,30.59199010105488,3125539332,13110036812,0.0,1.0
龙湖天奕龙湖公寓,住宅,114.33048339087463,30.59425999880437,13110036854,13110036823,0.0,1.0
电信宿舍,住宅,114.33305331863917,30.593456464894448,3125539333,13110036812,0.0,1.0
铁路小区,住宅,114.33413863849707,30.59284167159573,3125539333,13110036812,0.0,1.0
团结新村北区,住宅,114.3416149194306,30.58293679713121,4516243251,4208446789,0.0,1.0
团结新村,住宅,114.34161891379787,30.5829327915425,4516243251,4208446789,0.0,1.0
团结新村南区,住宅,114.34179772865315,30.581988828072248,12280750843,12280750844,0.0,1.0
沙湖花园,住宅,114.34285019632,30.581625106953762,12280750843,12280750844,0.0,1.0
团结社区(团结新村路),住宅,114.3433144708358,30.58210011549476,12280750844,12280750843,0.0,1.0
长城嘉苑,住宅,114.34156280403043,30.58515305575541,4208446738,4208446728,0.0,1.0
锦知阁,住宅,114.3434941031698,30.58329135490074,4208446789,3125539297,0.0,1.0
团结名居竹园,住宅,114.33938897318757,30.586582410557764,4197042118,4197042117,0.0,1.0
工人公寓,住宅,114.34104446182725,30.58654045399183,4208446755,3125539312,0.0,1.0
武汉铁路徐东路住宅小区,住宅,114.34073788387124,30.587005825235483,4208446755,3125539312,0.0,1.0
兴华·嘉天下,住宅,114.3451018613391,30.58223896416031,3125539287,12280750844,0.0,1.0
盛世徐东,住宅,114.34494794862866,30.583773652954083,3125539297,2401313023,0.0,1.0
福星惠誉·国际城3期,住宅,114.34439563542973,30.58504612708873,3125539297,2401313023,0.0,1.0
徐清公寓,住宅,114.33928701185404,30.587929083992908,3125539323,3125539331,0.0,1.0
徐东国际城,住宅,114.34475206478406,30.585676273322022,3125539297,2401313023,0.0,1.0
荟珈苑,住宅,114.34684943580861,30.58160722460086,9349974908,4533346268,0.0,1.0
徐东路社区,住宅,114.34061991208907,30.588726382600015,3125539323,3125539331,0.0,1.0
中力名居,住宅,114.3417032767889,30.58878243058214,3125539331,3125539321,0.0,1.0
明靖阁,住宅,114.33830842500541,30.58899745311008,3125539323,3125539331,0.0,1.0
福星惠誉·国际城北区,住宅,114.34730167494577,30.583082910850838,3125539287,12280750844,0.0,1.0
沙湖路国际城1期,住宅,114.34727063240834,30.584064594010414,2401313023,2401313018,0.0,1.0
福星惠誉·国际城,住宅,114.34754632372172,30.583210452985153,3125539287,12280750844,0.0,1.0
华庭锦园,住宅,114.33956845588746,30.58936302974446,3125539331,3125539323,0.0,1.0
徐青公寓,住宅,114.34052599265924,30.589432281759425,3125539323,3125539331,0.0,1.0
徐东3期,住宅,114.33916904572577,30.589613655905715,3125539323,3125539331,0.0,1.0
天台花园,住宅,114.34640861069676,30.58670205239167,6505394751,299848306,0.0,1.0
都市经典·卓锦园,住宅,114.34812274149259,30.5807614083177,9349974908,4533346268,0.0,1.0
城建院,住宅,114.34812344701376,30.58412014849087,2401313023,2401313018,0.0,1.0
福星惠誉国际城公寓楼,住宅,114.34858685836461,30.58359057956052,2401313023,2401313018,0.0,1.0
汪家墩小区,住宅,114.3473852358059,30.586777377397837,6505394759,6505394751,0.0,1.0
福星惠誉·国际城悦公馆,住宅,114.34813927071352,30.585888455185266,6505394751,6505394759,0.0,1.0
销品茂C区,住宅,114.33737175042364,30.590466603035008,4181217451,4181217450,0.0,1.0
徐东四期公寓一区,住宅,114.34649332877034,30.588561202908252,299848306,1205415378,0.0,1.0
徐东四期公寓,住宅,114.34667406270431,30.588694846271245,299848306,1205415378,0.0,1.0
福星惠誉国际城写字楼,住宅,114.33834517881003,30.59116755711668,4181217451,4181217450,0.0,1.0
天梨花园,住宅,114.34960774253626,30.580546042662192,299989225,8197650561,0.0,1.0
团结生鲜市场(枫园店),住宅,114.34831792708107,30.58701373259537,6505394759,6505394751,0.0,1.0
中铁机械院小区,住宅,114.3455415777142,30.589722380414678,4200233022,4200233028,0.0,1.0
都市经典(徐东大街),住宅,114.35000203703935,30.58258363900389,4533346268,299989224,0.0,1.0
团结名居枫园,住宅,114.3481341306507,30.587571825974894,299848306,1205415378,0.0,1.0
半山畔,住宅,114.33976795052774,30.591661790850893,4181217438,2401313033,0.0,1.0
徐东四期公寓二区,住宅,114.34743994396057,30.589246347299643,299848306,1205415378,0.0,1.0
团结生鲜市场,住宅,114.34850156195058,30.58831493429225,299848306,1205415378,0.0,1.0
徐东嘉园,住宅,114.35024544937563,30.5856021085043,6505353701,6505353705,0.0,1.0
武汉中商世界里,住宅,114.33954323920554,30.592286956095343,4181217438,2401313033,0.0,1.0
欧洲花园,住宅,114.34327565459017,30.592099391661797,4181217439,4181217445,0.0,1.0
佳园小区,住宅,114.35119329897228,30.58449100337939,6505353700,6505353698,0.0,1.0
鹏程花园(徐东大街),住宅,114.35015344652648,30.587032716062666,6505394759,6505394751,0.0,1.0
徐东安居住宅小区,住宅,114.34800712413777,30.589646247577033,1205415378,299848306,0.0,1.0
武昌区宏方苑青电小区,住宅,114.3494203133488,30.588338413810316,1205415378,299848306,0.0,1.0
徐东村小区,住宅,114.34060058298888,30.592830846363324,4181217439,4181217438,0.0,1.0
武铁佳苑西区,住宅,114.34683860735986,30.591261588044567,4200233022,4200233015,0.0,1.0
华电沙湖小区,住宅,114.35206018777943,30.58436767307983,6505353700,6505353698,0.0,1.0
云江公寓(洪山区),住宅,114.35225104590059,30.58319381364519,10281923079,8197650583,0.0,1.0
机电小区,住宅,114.33532971550827,30.593219310898046,299853241,2401313048,0.0,1.0
新世纪花园(A区),住宅,114.34931829918428,30.590072919560352,1205415378,4204511118,0.0,1.0
新世纪花园B区,住宅,114.35041692321946,30.589020534319705,1205415378,6505394759,0.0,1.0
时尚欧洲,住宅,114.34204234079762,30.593700945346082,4181217439,4197064152,0.0,1.0
银厦公寓(徐东一路),住宅,114.34360005771568,30.593483292659307,4181217439,4197064155,0.0,1.0
武铁佳苑,住宅,114.34768639040975,30.59166800888828,4200233026,4200233027,0.0,1.0
佳源小区,住宅,114.35228672598723,30.586330575030857,6505353701,6505353705,0.0,1.0
新世纪花园,住宅,114.3498595827394,30.589955081060378,1205415378,4204511118,0.0,1.0
宝业徐东雅苑,住宅,114.35119495269262,30.588426510772322,6505394751,6505394759,0.0,1.0
金银岛花园,住宅,114.343037860198,30.593753171843282,4181217439,4197064152,0.0,1.0
鹏凌苑小区,住宅,114.33425341071934,30.593358258695446,3125539333,299853241,0.0,1.0
汉飞·滨江国际,住宅,114.33511401563881,30.593690529532893,3125539333,299853241,0.0,1.0
武铁佳苑2期,住宅,114.34738276640277,30.592187317735767,4200233026,4200233027,0.0,1.0
鸿源国际公馆,住宅,114.35300287848193,30.585630718875105,6505353701,6505353705,0.0,1.0
汇星苑,住宅,114.35261627915048,30.58663994066865,6505353701,6505353705,0.0,1.0
新新花园,住宅,114.34563912176735,30.593346823859783,4197064155,4181217442,0.0,1.0
新世纪花园C区,住宅,114.35022104424662,30.590606245591765,4204511118,1205415378,0.0,1.0
杨园街二桥社区,住宅,114.33890498233427,30.594987069983556,1014368393,1014368382,0.0,1.0
徐东公寓,住宅,114.35311957830594,30.58738387354455,6505394759,6505353705,0.0,1.0
昌友楼,住宅,114.34476029929876,30.594301964423117,4197064155,4181217442,0.0,1.0
洪山区机关住宅小区,住宅,114.35438649927568,30.581756044253638,2401313009,8209518239,0.0,1.0
七星四季花园,住宅,114.3539386408153,30.586432969053558,8197650577,6505353705,0.0,1.0
逸居苑,住宅,114.33746817023638,30.595394530388464,7926697975,7926697970,0.0,1.0
武铁佳苑东区,住宅,114.34930111723268,30.59241904874632,4204511119,4204511120,0.0,1.0
君临天下,住宅,114.33555518600129,30.59520612623594,2401313065,7926697968,0.0,1.0
徐东馨苑,住宅,114.34432087390806,30.59500445249875,694060932,4197064153,0.0,1.0
嘉泊泰涞(徐东plus店),住宅,114.33224854982369,30.594153707628358,13110036812,13110036854,0.0,1.0
洪山区防爆宿舍,住宅,114.35514252659587,30.582389662006165,2401313009,8209518239,0.0,1.0
V7星公馆,住宅,114.35546325544841,30.581094664939204,2401313009,8209518239,0.0,1.0
还建新村,住宅,114.35649587160553,30.5829874237815,5165225478,5165225483,0.0,1.0
华腾园,住宅,114.35556588086585,30.583977430860795,10281923089,8197650576,0.0,1.0
德成东湖MOMA城,住宅,114.35689557434459,30.58108754910122,5165225483,5164457618,0.0,1.0
嘉隆小区,住宅,114.35739681409682,30.583208026197617,4540472547,8197650576,0.0,1.0
正堂山外山,住宅,114.35808507770994,30.582741211341574,4540472547,5165225478,0.0,1.0
长航·蓝晶绿洲3期,住宅,114.35831056834083,30.585686780892193,4540472547,8197650576,0.0,1.0
岳家嘴小区A区,住宅,114.36034160381982,30.583031946517345,4540472545,2418537468,0.0,1.0
长航·蓝晶绿洲1、2期,住宅,114.35880499421319,30.58600396062389,4540472547,8197650576,0.0,1.0
长航·蓝晶绿洲,住宅,114.35869408820926,30.586322996453735,8197650576,8197656623,0.0,1.0
湖北省电力岳家嘴小区,住宅,114.3607691236646,30.583420218822543,4540472545,8197656621,0.0,1.0
东湖花园一期,住宅,114.36089810316615,30.58212952837767,2418537468,4540472545,0.0,1.0
东湖花园,住宅,114.36113182059479,30.582610033295776,4540472545,2418537468,0.0,1.0
团结竹君苑,住宅,114.35695293330677,30.587657990962427,9834371137,8197650577,0.0,1.0
东湖花园二期,住宅,114.36151136683354,30.583374238236406,4540472545,2418537468,0.0,1.0
岳家嘴职工住宅小区二期,住宅,114.36252541543172,30.582696155329703,2418537468,4540472545,0.0,1.0
东沙花园南区,住宅,114.36033221607299,30.58757424469305,8197656623,8197656620,0.0,1.0
梨园小区北区,住宅,114.36288728302046,30.580181625286443,8209518256,8209518254,0.0,1.0
梨园小区,住宅,114.3627194893306,30.579686027220674,8209518254,8209518259,0.0,1.0
梨园小区西区,住宅,114.36264258285908,30.57947420594284,8209518254,8209518259,0.0,1.0
岳家嘴职工住宅小区一期,住宅,114.36298978402144,30.58474978091566,4540472545,8197656621,0.0,1.0
和盛世家,住宅,114.36393108058034,30.582580395364992,2418537489,2418537468,0.0,1.0
东沙花园,住宅,114.36119826712576,30.588154850497073,8197656632,8197656631,0.0,1.0
岳家嘴职工住宅小区,住宅,114.36426561285688,30.584378299458272,2418537489,8358725960,0.0,1.0
美术出版社小区,住宅,114.36473747809247,30.580992981766222,2418537468,2418537489,0.0,1.0
东沙花园北区,住宅,114.36209930619349,30.588748426561,8197656631,8197656646,0.0,1.0
花畔里,住宅,114.35998933598023,30.59034066125296,8197650614,13908355785,0.0,1.0
城投·金沙樾(建设中),住宅,114.35492130593653,30.587961892826083,6505353705,8197650577,0.0,1.0
东湖新城,住宅,114.36549066712027,30.582576466569066,2418537468,2418537489,0.0,1.0
新绿美地,住宅,114.35205455533362,30.591681901890023,1205415378,4197064159,0.0,1.0
东湖尚郡,住宅,114.36418639160222,30.58774012722079,7849794845,8197656632,0.0,1.0
岳家嘴职工住宅小区三期,住宅,114.3656732586895,30.58541317827852,2418537489,8358725960,0.0,1.0
锦绣山河,住宅,114.35828904343752,30.591957423332644,8197650614,13908355785,0.0,1.0
融海杰座,住宅,114.35402496671388,30.59292036062262,4197064159,1205415464,0.0,1.0
爱家皇家公馆,住宅,114.360567612918,30.591648368871393,8197656642,8197650614,0.0,1.0
芙蓉兴盛(颐桂苑店),住宅,114.3626465966941,30.590692968203207,8197656642,8197650614,0.0,1.0
康明大厦,住宅,114.36623563660694,30.586972914010122,2418537539,1863058995,0.0,1.0
颐桂苑,住宅,114.36237276552154,30.591831888978867,8197656642,8197650614,0.0,1.0
东湖景园C区,住宅,114.36735376114474,30.58632984724253,2418537551,1863058995,0.0,1.0
徐东苑,住宅,114.35265258009291,30.594105029694656,4197064157,4197064159,0.0,1.0
爱家国际华城2期,住宅,114.35760064087836,30.593966636676075,7227624527,13908355785,0.0,1.0
徐东苑南区,住宅,114.35244982612102,30.59423929563053,4197064157,4197064159,0.0,1.0
福星惠誉星湖公馆,住宅,114.3633997924259,30.591587654528862,8197656642,8197650614,0.0,1.0
爱家国际华城3期,住宅,114.36034867349177,30.593573927162417,13908355785,7227624527,0.0,1.0
保利城三期,住宅,114.35448524881004,30.594669983146318,4197064157,7227625018,0.0,1.0
爱家国际华城,住宅,114.36010586426437,30.594317972900072,13908355785,7227624527,0.0,1.0
东湖景园A区,住宅,114.36934838788343,30.584321369321355,2418537489,2418537551,0.0,1.0
东湖景园,住宅,114.36918641115214,30.585429128275816,2418537551,2418537489,0.0,1.0
美林青城一期,住宅,114.349617492778,30.59469165570083,9287969764,7721368080,0.0,1.0
美林青城三期,住宅,114.34736760896824,30.594229556820242,4181217442,4181217437,0.0,1.0
梨园医院小区,住宅,114.37145510176092,30.58217495882133,11875972734,4524691384,0.0,1.0
东湖景园B区,住宅,114.36996669677222,30.587071663881044,4528317379,2418537551,0.0,1.0
华侨城纯水岸天屿,住宅,114.37278064529991,30.589214982849253,3916334970,2418537766,0.0,1.0
纯水岸·东湖天屿二期,住宅,114.3743517357606,30.589266484280255,13448808268,6505353477,0.0,1.0
东亭新嘉源小区,住宅,114.36831860726265,30.590738071504713,8197656641,9440500502,0.0,1.0
纯水岸东湖二期小区,住宅,114.37737817567883,30.59041045214426,4251953592,13448808268,0.0,1.0
东湖庭园,住宅,114.3732620630061,30.59257523391592,1862971616,2418537762,0.0,1.0
纯水岸·东湖天屿,住宅,114.37834070543295,30.591393322106587,4251953592,13448808268,0.0,1.0
东湖城拾景,住宅,114.3720915569878,30.595105397155262,7230701741,9440500505,0.0,1.0
东湖·华侨城店,住宅,114.3794272128615,30.5926080473528,6505353313,13448808268,0.0,1.0
纯水岸·东湖天屿一期,住宅,114.38111769514494,30.592819798714473,13448808268,6505353313,0.0,1.0
生态家园,住宅,114.3803587077725,30.595056446328527,2418537832,7227374542,0.0,1.0
欢乐星城,住宅,114.37818448224107,30.59462020028708,8197650603,8197650602,0.0,1.0
满星湖畔,住宅,114.41199412442568,30.584104979675047,8197531720,9211882329,0.0,1.0
濮锦二号,住宅,114.41289334863812,30.583110981256148,8197531720,9211882329,0.0,1.0
张大姐住宅,住宅,114.42396842118848,30.58603956848926,1862951464,2418671594,0.0,1.0
城市花园,住宅,114.42487485769259,30.588905594697433,1862951464,2418671594,0.0,1.0
红星佳苑,住宅,114.17991864848952,30.596220753927515,3044755047,8192087180,0.0,1.0
硚口城建文澜序,住宅,114.18316357540104,30.59751606376574,8192087180,8192087170,0.0,1.0
越秀·天悦文华,住宅,114.18444092513634,30.59941957492116,8192087170,8192087175,0.0,1.0
汉江湾1号,住宅,114.17609494963045,30.606274824051514,9425844026,2383219223,0.0,1.0
招商·江湾国际,住宅,114.18600536954744,30.597398090558492,8192087170,8192087175,0.0,1.0
恺德云麓,住宅,114.1856120056488,30.60078508657198,8192087175,8192087171,0.0,1.0
装卸小区,住宅,114.18012735357748,30.606328167705577,12217433547,12217433545,0.0,1.0
汉水岸,住宅,114.17355856110952,30.60776753229512,2383219229,300799139,0.0,1.0
锻压小区,住宅,114.18077516565263,30.606358324200343,12217433547,12217433545,0.0,1.0
古一社区港机小区,住宅,114.18374659458841,30.604278445088777,8887319027,12217433545,0.0,1.0
汉江明珠南1区,住宅,114.18232555012312,30.605614396531667,8887319027,12217433545,0.0,1.0
易家墩还建项目生活区,住宅,114.18409449964469,30.604873822754016,4540338595,8887319027,0.0,1.0
汉江明珠南2区,住宅,114.18375152323186,30.605254067984824,4540338595,8887319027,0.0,1.0
御花园,住宅,114.18551250831511,30.603387890827936,11878306868,8887319027,0.0,1.0
汉江明珠,住宅,114.1833644217236,30.605651226773784,8887319027,12217433545,0.0,1.0
易家街工农社区,住宅,114.17258569056084,30.608608384729525,2383219229,300799139,0.0,1.0
古田社区,住宅,114.18206773505717,30.606752485086037,4540338518,4540338595,0.0,1.0
华金阁,住宅,114.1619502337077,30.593383391427913,1150931879,1150931686,0.0,1.0
和成天下,住宅,114.17938110946795,30.608014145735773,4540338518,4540338595,0.0,1.0
日出中庭,住宅,114.18832548150466,30.598976455102118,4540338550,8192087176,0.0,1.0
凯德西城T3公寓,住宅,114.18835651164879,30.59958327091209,4540338550,8192087176,0.0,1.0
汉江明珠-北区,住宅,114.18441025883178,30.60610988807448,4540338518,4540338595,0.0,1.0
华发都荟天地一期,住宅,114.1886716541555,30.596110155381123,1460229295,8192087162,0.0,1.0
华发都荟天地,住宅,114.18903155720379,30.596738519313092,9425819506,8947753834,0.0,1.0
省柴小区西区,住宅,114.18813973257839,30.60188000334174,11878306868,8887319027,0.0,1.0
易家墩街田庄社区,住宅,114.180955432705,30.609077565732534,9425844050,2383219289,0.0,1.0
飞帆花园小区西区,住宅,114.18842545575716,30.602344305848273,11878306868,8887319027,0.0,1.0
汉江华府,住宅,114.1735693297759,30.610770352260513,2383317016,2383316997,0.0,1.0
华发都荟天地二期(建设中),住宅,114.18999096187596,30.598295522842278,9425819506,8947753834,0.0,1.0
美好名流汇2期,住宅,114.19251667926927,30.59685623844892,12841185709,8947753834,0.0,1.0
美好名流汇,住宅,114.1930611285234,30.596315328428563,8947753834,12841185709,0.0,1.0
省柴小区,住宅,114.18971098008741,30.60108696451615,11878306868,8887319027,0.0,1.0
易家墩社区,住宅,114.19401640792692,30.598208123714436,7056025067,5343198036,0.0,1.0
美好名流汇1期,住宅,114.19431238313324,30.595643589368734,12841185708,12841185709,0.0,1.0
宇济·红瓦苑,住宅,114.19286621429565,30.601073159686077,9425844027,7056025081,0.0,1.0
电台村小区,住宅,114.19353897614448,30.600664402098296,9425844027,7056025081,0.0,1.0
飞帆花园小区B区,住宅,114.18999563220991,30.602231990653245,5522651153,11878306868,0.0,1.0
飞帆花园小区,住宅,114.18946422429075,30.60227108628975,11878306868,8887319027,0.0,1.0
硚口·人才公寓,住宅,114.19271770283936,30.602558336393674,8887319025,5522651149,0.0,1.0
福星惠誉汉口春天,住宅,114.19610857034287,30.59949790756025,5343198037,5343198034,0.0,1.0
融侨锦城,住宅,114.19627933099217,30.59563467326622,5343198036,300799151,0.0,1.0
赛达国际,住宅,114.19475195714045,30.60186685902221,9425844027,7056025081,0.0,1.0
省柴小区,住宅,114.19143727978677,30.603757776372152,4540338579,5522651153,0.0,1.0
省柴小区东区,住宅,114.19150044071117,30.603799863462918,4540338579,5522651153,0.0,1.0
汉口人家,住宅,114.18996439330418,30.604033229002503,4540338595,4540338579,0.0,1.0
海尔国际人才公寓,住宅,114.19377036987066,30.602940878382498,9425844027,7056025081,0.0,1.0
惠园,住宅,114.19727743982727,30.59983057328093,5343198037,5343198039,0.0,1.0
皇冠幸福里(古田三路店),住宅,114.19906510989202,30.596280641986347,9425844028,7056025053,0.0,1.0
金福源,住宅,114.18824667502857,30.605831625748753,4540338595,4540338579,0.0,1.0
康丰苑小区,住宅,114.19964250863667,30.596182532231825,9425844028,9425844032,0.0,1.0
韩家墩街肖家社区,住宅,114.19997618025273,30.59765444994745,9425844028,9425844032,0.0,1.0
正康花园,住宅,114.19530006772489,30.604999485675922,3667340207,1460229244,0.0,1.0
汉口西园,住宅,114.1960880434566,30.604981720194314,3667340207,3734097214,0.0,1.0
千禧城,住宅,114.20018644957968,30.60033970935389,8947753838,8947753837,0.0,1.0
新华社区,住宅,114.20152397438872,30.59616725992557,9428099033,9425844028,0.0,1.0
天宇万象国际,住宅,114.19571097935635,30.606380580075086,3734092014,3734097214,0.0,1.0
富仕雅庭,住宅,114.1942943054758,30.60753289464663,5343195714,3734092016,0.0,1.0
千禧城5号院,住宅,114.20259125793318,30.598511854427333,8947753838,8947753843,0.0,1.0
永利新城西苑,住宅,114.19816407382031,30.60606446061869,4540338559,3734097214,0.0,1.0
盛世公馆,住宅,114.19495190068044,30.608338612728907,7076775236,5343195714,0.0,1.0
港机小区,住宅,114.19557546029422,30.608447546306937,7076775236,5343195714,0.0,1.0
永利新城,住宅,114.2036787537338,30.598542346662857,8947753838,8947753843,0.0,1.0
永利新城南苑,住宅,114.20377798283529,30.59850849557815,8947753838,8947753843,0.0,1.0
武汉航天城,住宅,114.19251055329265,30.60964219064612,3734096425,3734096426,0.0,1.0
云鹤怡景苑,住宅,114.19588521071768,30.608739911928417,7076775236,5343195714,0.0,1.0
星田公寓,住宅,114.19541802300269,30.608932106996292,7076775236,5343195714,0.0,1.0
华美小区,住宅,114.19416878949386,30.60980178979062,3734092016,3734096425,0.0,1.0
长华公寓2期,住宅,114.20566637166762,30.596852672933217,8947753838,8947753843,0.0,1.0
长华公寓,住宅,114.20654533247135,30.596581924590136,8947753843,8947753838,0.0,1.0
香榭丽厅,住宅,114.20554888525126,30.599459503382697,9425844035,9425844039,0.0,1.0
长青小区,住宅,114.20751540156095,30.597042986546324,8947753838,8947753843,0.0,1.0
长华公寓1期,住宅,114.20733106182179,30.59636501573299,8947753838,8947753843,0.0,1.0
曾家社区,住宅,114.20756652376762,30.596905104728084,8947753838,8947753843,0.0,1.0
东鸿小区,住宅,114.2081466324377,30.598485219003198,4540338071,8947753843,0.0,1.0
德必·古田坊C区,住宅,114.20659712986217,30.600234568850723,9425844035,9425844039,0.0,1.0
南泥湾大道小区,住宅,114.20878581450454,30.600532211405582,1460229345,7056025064,0.0,1.0
建工生活区,住宅,114.21040955591842,30.596466753843416,8947753845,8947753844,0.0,1.0
永利新城东苑,住宅,114.20752695594423,30.6024828754417,3734097211,3734097209,0.0,1.0
弘鑫花园,住宅,114.21037215542906,30.600208252549987,11775535477,8887307708,0.0,1.0
中民·长青里南区,住宅,114.21144758874375,30.597465577801213,8947753845,8947753844,0.0,1.0
中民·长青里,住宅,114.21171009312584,30.597760764372264,11775535440,11775535446,0.0,1.0
中民·长青里北区,住宅,114.2122681257737,30.598752012097133,8887307707,11802117620,0.0,1.0
建荣嘉园B区,住宅,114.21108551537377,30.60138162976148,11775535477,8887307710,0.0,1.0
公安小区,住宅,114.20947903057139,30.603333956362153,3734097209,3734097211,0.0,1.0
武汉英中二期工程暨学校家属院,住宅,114.21312384297114,30.59847407378098,11775535440,11775535446,0.0,1.0
轻汽小区,住宅,114.21306497390498,30.59562011685637,11775535440,11775535446,0.0,1.0
中民·幸福里,住宅,114.21254050689562,30.60061159143603,11775535477,8887307710,0.0,1.0
建荣嘉园,住宅,114.21149427995348,30.602130808329335,11775535477,8887307710,0.0,1.0
常码鑫城汇长安苑,住宅,114.20550225863954,30.605502065147935,8947753853,3734097211,0.0,1.0
永利新城北苑,住宅,114.20756781083307,30.6051788632817,9425844051,8947753853,0.0,1.0
广电·兰亭荣荟福园,住宅,114.20981563888118,30.60441993334345,8947753854,9425844051,0.0,1.0
城建·汉樾台2期,住宅,114.20413817025423,30.60579712159046,4540338559,3734097211,0.0,1.0
华鼎·丽都国际,住宅,114.21460272603453,30.598246756898728,11775535440,11775535446,0.0,1.0
城投立城,住宅,114.20761386236231,30.60573070287235,9425844051,8947753853,0.0,1.0
得华楼,住宅,114.20338542969145,30.606091975723498,3734097211,4540338559,0.0,1.0
兰亭荣荟·雅园,住宅,114.20847371037983,30.605644812366084,9425844051,8947753853,0.0,1.0
建荣嘉园A区,住宅,114.21219858548622,30.60339811229788,8887307710,8947753856,0.0,1.0
东源小区,住宅,114.21456992240721,30.595247885631547,11775535440,5343198041,0.0,1.0
长青国际,住宅,114.21422977371076,30.600999285883645,2418582977,1887801501,0.0,1.0
武汉城建汉樾台,住宅,114.20155116197553,30.606282332213656,3734097211,4540338559,0.0,1.0
康逸居,住宅,114.21554457662174,30.597447047921037,1887801496,11775535440,0.0,1.0
广电·兰亭荣荟翠园,住宅,114.21052200010635,30.605572317648132,9425844051,9425844052,0.0,1.0
广电·兰亭荣荟悦园,住宅,114.21250808869739,30.604705943988343,8887307710,8947753856,0.0,1.0
楚汉公馆,住宅,114.21485083465545,30.602459369176902,2418582977,1887801501,0.0,1.0
清溪小苑,住宅,114.21516637025796,30.603177415453587,2418582978,4519229833,0.0,1.0
雅丰园,住宅,114.21324549554834,30.60525554400085,8947753856,4519229482,0.0,1.0
长康楼,住宅,114.20293420686426,30.60824449583089,4540338508,4540338496,0.0,1.0
百姓之春南区,住宅,114.20903970771329,30.60796458696897,8947753847,8947753848,0.0,1.0
丰华园,住宅,114.20511110656557,30.608734261069998,8947753846,4540338496,0.0,1.0
华杰时代,住宅,114.2168075473799,30.60168466256973,1887801453,1887801443,0.0,1.0
山海云居,住宅,114.21646385645515,30.602391044492208,1887801483,2418582978,0.0,1.0
广电兰亭荣荟锦园,住宅,114.21136157349561,30.607195652824362,9425844053,9425844052,0.0,1.0
泽熙门庭,住宅,114.21782377293226,30.59717440825442,1887818899,1887818888,0.0,1.0
长健楼,住宅,114.20154194106682,30.608582403755648,4540338508,4540338496,0.0,1.0
长爱楼,住宅,114.20308049461426,30.608809473222653,4540338508,4540338496,0.0,1.0
盛世长丰,住宅,114.20211525103963,30.608926078434294,4540338508,4540338496,0.0,1.0
君奕国际公馆,住宅,114.21298085373334,30.606668692063007,8887307710,8947753856,0.0,1.0
百姓之春,住宅,114.20886027108335,30.60863509977526,8947753848,8947753847,0.0,1.0
盛世长丰-西区,住宅,114.20151183363468,30.60900719130544,4540338496,4540338508,0.0,1.0
云鹤小区六组团,住宅,114.21613006203907,30.604455896115194,4519229591,4519229637,0.0,1.0
百姓之春北区,住宅,114.20902857409125,30.6092380651526,8947753847,8947753848,0.0,1.0
润和花园,住宅,114.21789939258366,30.603144145005235,4519229589,4519229591,0.0,1.0
精品园,住宅,114.21509894346613,30.606642974345363,4519229487,4519229836,0.0,1.0
天泽一方,住宅,114.21192257334953,30.608715690012218,8947753848,9899384565,0.0,1.0
云鹤小区二组团,住宅,114.21616601125055,30.605814394539525,4519229611,4519229487,0.0,1.0
万佳小区,住宅,114.222481724104,30.596578715380577,1887811503,1887811488,0.0,1.0
铁路小区,住宅,114.22193056818601,30.599664070192656,1887811459,1887811487,0.0,1.0
汉西苑小区,住宅,114.22192452869992,30.600007930860635,11273504968,11273525073,0.0,1.0
汉西花园,住宅,114.2221969376122,30.60038400462615,11273504968,11273525073,0.0,1.0
发展社区,住宅,114.22142851212655,30.602386589348015,11273525073,11273504968,0.0,1.0
香港置地·金地·峯璟,住宅,114.22303991652966,30.604647994619725,1887807372,1887807355,0.0,1.0
泛海桂府,住宅,114.2274987779347,30.602060133949628,7710756214,7710756217,0.0,1.0
常码头鑫城汇H2区,住宅,114.22300276333273,30.605742532364893,1887807355,1887807372,0.0,1.0
泛海国际芸海园,住宅,114.22989528152031,30.59880879149836,9216077679,7710756209,0.0,1.0
云鹤小区五组团,住宅,114.21780895457624,30.606345792773705,4519229591,4519229487,0.0,1.0
常码头鑫城汇,住宅,114.22282044437009,30.606088252731098,1887807343,1887802757,0.0,1.0
苗圃新村南区,住宅,114.22036938491782,30.60657903176218,1887802757,1887802754,0.0,1.0
云鹤小区,住宅,114.21624208768635,30.606558175810033,4519229611,4519229487,0.0,1.0
常码头鑫城汇H1区,住宅,114.22252489398171,30.60700165647785,1887807343,1887802757,0.0,1.0
井南社区,住宅,114.22447193891382,30.60695715671126,1887807367,1887807343,0.0,1.0
泛海国际桂海园,住宅,114.23061293080954,30.60192094767164,7710756217,4835000346,0.0,1.0
苗圃新村,住宅,114.220837043666,30.60804185200653,4860003290,1887802718,0.0,1.0
武汉CBD泛海国际居住区,住宅,114.23074106352222,30.60225488127979,7710756217,4835000346,0.0,1.0
云鹤小区四组团,住宅,114.2168400503086,30.608127145739033,4860003523,4860003290,0.0,1.0
泛海芸府(建设中),住宅,114.22680901541942,30.599621652731923,7710756209,7710756214,0.0,1.0
武汉华鼎创投硚口宗关053号地块(建设中),住宅,114.22728912274015,30.594655886931395,11775535391,11775535389,0.0,1.0
泛海国际松海园,住宅,114.2308100438389,30.603488430214846,7710756217,4835000346,0.0,1.0
云鹤小区三组团,住宅,114.21535828251383,30.608379551632552,4519229459,4860003317,0.0,1.0
新合商苑,住宅,114.22082993561169,30.585977410926517,1886828446,1886828443,0.0,1.0
云鹤园(汉西三路),住宅,114.21435237955097,30.60828653525894,4519229456,4519229836,0.0,1.0
发展三村,住宅,114.22343815623921,30.60912752079444,8597640205,4860003008,0.0,1.0
常码社区(常码侧路),住宅,114.22503357591333,30.60940658324697,4519229677,8597640205,0.0,1.0
德华楼(古田四路店),住宅,114.2128984871375,30.609032659159233,1460229297,9899384565,0.0,1.0
常扬里南,住宅,114.23357134606572,30.60345768680765,4835000364,4835000346,0.0,1.0
云飞雅苑南院,住宅,114.23559872269703,30.601534177944835,4870153823,9428550617,0.0,1.0
云飞雅苑,住宅,114.23475374583369,30.602431537817193,1887891576,4519229486,0.0,1.0
泛海国际竹海园,住宅,114.23522907119506,30.604572858336624,1887891841,1887823004,0.0,1.0
泛海国际香海园,住宅,114.24094552765271,30.603330670111504,1887891717,3230353729,0.0,1.0
蓝天花园(振兴路),住宅,114.23515490261343,30.605613421216585,4834257052,1887823073,0.0,1.0
常青街扬子社区,住宅,114.23729200706741,30.60644973298721,3822173866,3822173867,0.0,1.0
泛海国际兰海园,住宅,114.24349948712556,30.602866044961367,1887891752,5934019279,0.0,1.0
泛海国际碧海园,住宅,114.24535572612348,30.60255015347323,1887891554,1887828621,0.0,1.0
合作小区,住宅,114.23293621901672,30.60806859723582,1887823077,1887823030,0.0,1.0
复兴新村小区,住宅,114.23978322233901,30.607221959900613,13850102053,3822581311,0.0,1.0
泛海国际兰海园(Ⅱ期),住宅,114.24551580169637,30.60280204682697,1887891627,1887891725,0.0,1.0
复兴村合作住宅小区,住宅,114.23635090186353,30.608440678073016,3824026479,3824026480,0.0,1.0
金山公馆,住宅,114.23318645713815,30.608665463895086,1887823030,1887823040,0.0,1.0
复兴村小区,住宅,114.24158168884263,30.607326158317246,13850102054,13850102053,0.0,1.0
常明里,住宅,114.2416037010976,30.6073831378166,13850102054,13850102053,0.0,1.0
常利里,住宅,114.23851095815614,30.60876909974743,3822581312,12247625067,0.0,1.0
武汉市司法局干警公寓,住宅,114.23842083569588,30.60922889648318,12247625067,12247625068,0.0,1.0
裕和公寓,住宅,114.23100376090603,30.609580107009187,11244942483,4519229467,0.0,1.0
中城悦城一期,住宅,114.23617359537499,30.609905039642236,1887822987,3578501595,0.0,1.0
复兴村汉江公寓,住宅,114.23899834587436,30.60939594972288,12247625067,12247625068,0.0,1.0
新华书店常码头综合楼,住宅,114.23035695627863,30.6094578286407,4519229467,4519229680,0.0,1.0
仁信大楼,住宅,114.23229430761725,30.60987959446399,12247562041,12247562040,0.0,1.0
苗圃新村中区,住宅,114.23003753787401,30.609564618685695,4519229467,4519229680,0.0,1.0
江汉区民政局社区,住宅,114.23429953357847,30.610736073234097,11244942484,3822581290,0.0,1.0
泛海国际樱海园,住宅,114.2464310482124,30.606140665463943,1887891617,1887830208,0.0,1.0
凯德淮海壹号(建设中),住宅,114.23050930581459,30.607649628736066,1887802766,5758722262,0.0,1.0
华发中城荟中央首府,住宅,114.25398953373839,30.600272259464155,4519229800,8947694372,0.0,1.0
王家墩车站小区,住宅,114.25452806978271,30.595388955175853,1887932239,1885074572,0.0,1.0
詹家墩社区,住宅,114.25370541064774,30.600934103693213,8947694372,4519229800,0.0,1.0
妙墩社区外贸,住宅,114.2555008940731,30.599475969766704,4519229476,13300645744,0.0,1.0
妙墩小区,住宅,114.25630439009018,30.595043338080423,1887932230,1885074498,0.0,1.0
建工广电项目新生活区,住宅,114.25630895374134,30.600116363204986,4519229476,13300645744,0.0,1.0
荣泰小区,住宅,114.25622349099206,30.593752872758454,1887932259,1887932252,0.0,1.0
妙墩路28号,住宅,114.2566935057938,30.594224474171938,1887932259,1887932252,0.0,1.0
泰合花园,住宅,114.25638884980236,30.601436809191163,1887886077,13300645744,0.0,1.0
嘉颐新都,住宅,114.25719601836703,30.60044781465053,13300645744,4519229476,0.0,1.0
武汉东和天谷中医门诊部(青年路店),住宅,114.25748004328675,30.60042068504568,1887886077,13300645744,0.0,1.0
华发·中城荟,住宅,114.25434128137807,30.604094624153994,1887830264,1887830148,0.0,1.0
开关厂宿舍小区,住宅,114.25839254944222,30.595111280173903,1887886153,1887886090,0.0,1.0
中庭城堡,住宅,114.2496086636864,30.605533446233316,1887828574,1887830145,0.0,1.0
鸿泰佳园,住宅,114.256473725237,30.60300015532532,1887908204,1887886071,0.0,1.0
青年广场,住宅,114.25825562343871,30.5941937070184,1887886168,1882421205,0.0,1.0
青年路308号花园道1期,住宅,114.25956129484683,30.598182441351053,2168408831,1882421175,0.0,1.0
泛海国际悦海园,住宅,114.25204152310071,30.605912685686313,1887830140,1887830259,0.0,1.0
建工生活区,住宅,114.25305983822007,30.6056824554996,1887830140,1887830148,0.0,1.0
粤楚·熙江粤,住宅,114.25851172336097,30.59313497855466,12251702139,12251702137,0.0,1.0
国信天宇,住宅,114.25856172043505,30.593184932455966,12251702139,12251702137,0.0,1.0
统建千禧园,住宅,114.25956957944767,30.594876718877263,1887886168,1882421205,0.0,1.0
金泰公寓,住宅,114.25996522829786,30.59883595138632,2168408831,1882421175,0.0,1.0
妙三社区,住宅,114.25978315024904,30.599805679439132,2168408831,1882421175,0.0,1.0
同成广场,住宅,114.26010446691846,30.59600596907144,1882421193,1882421211,0.0,1.0
范湖万达广场1期,住宅,114.25030884844284,30.60668283732181,1887830259,1887830145,0.0,1.0
西北湖·御玺湾,住宅,114.25941501755864,30.6014242575427,13347456470,2168408831,0.0,1.0
万豪国际1期,住宅,114.26025618679176,30.599181643364453,2168408831,1882421175,0.0,1.0
白松小区,住宅,114.25925175279153,30.59290166107122,9328966118,12251702139,0.0,1.0
双玺荟,住宅,114.25958601240002,30.601456147070955,13347456470,2168408831,0.0,1.0
东方万豪,住宅,114.2607321257175,30.59957719907907,2168408831,1882421175,0.0,1.0
教委小区,住宅,114.26044561868848,30.59405651749785,1887886168,1882421205,0.0,1.0
西街花园,住宅,114.26105250296445,30.59492380766653,1882421211,1882421205,0.0,1.0
中海·万松九里,住宅,114.26031372598705,30.592890046349613,9328966118,12251702139,0.0,1.0
武汉广电全媒体中心生活区,住宅,114.25280958476097,30.60783168379085,1887830140,1887830259,0.0,1.0
北湖西路居住区,住宅,114.25847568661618,30.60515830438821,2168408833,3824033006,0.0,1.0
万松小区北区,住宅,114.26215434247915,30.59545688670309,1882421205,1882440894,0.0,1.0
航侧小区,住宅,114.25728852440268,30.606271472838795,4741713798,7157578628,0.0,1.0
德富花园,住宅,114.25992278187445,30.604033935993034,7539398230,9328966032,0.0,1.0
光华苑,住宅,114.25936869054743,30.605224785307502,2168408833,9320573625,0.0,1.0
青松社区,住宅,114.2621115237254,30.593415703043515,1882413371,1882318596,0.0,1.0
西北湖公寓,住宅,114.25905863888435,30.605830719508425,9320573627,4539353916,0.0,1.0
两湖官邸,住宅,114.26019970937939,30.60475248765805,2168408833,9320573625,0.0,1.0
辉煌公寓,住宅,114.25855858905784,30.606317800044984,4539353916,9320573627,0.0,1.0
心之家园,住宅,114.2632110875088,30.59658072492451,1882421165,1882421187,0.0,1.0
两湖总都,住宅,114.26079971570138,30.60428230812984,7539398230,9328966032,0.0,1.0
航天花园,住宅,114.24471879901738,30.60868774070926,13850102055,13850102054,0.0,1.0
万松小区,住宅,114.26318429163634,30.594264639852636,1882421205,1882440894,0.0,1.0
万松小区南区,住宅,114.26311236477454,30.59355696324486,1882413371,1882318596,0.0,1.0
东臣世纪,住宅,114.263846962349,30.596666235561003,1882421165,1882421187,0.0,1.0
安全村234号小区,住宅,114.26384305217891,30.595632638990608,1882413376,1882421165,0.0,1.0
新华小路136号,住宅,114.26394398346021,30.596195347323565,1882421165,7178878583,0.0,1.0
常青九村,住宅,114.24735724109479,30.60973213937502,4849687519,13850113438,0.0,1.0
劲松巷小区,住宅,114.26392300458092,30.595999438590674,1882413376,1882421165,0.0,1.0
北湖小路30-36号小区,住宅,114.25928456302131,30.606711243154766,9320573627,4539353916,0.0,1.0
碧湖花园,住宅,114.26179161555545,30.604397629940475,7539398230,9328966032,0.0,1.0
祥和家园,住宅,114.26038159263526,30.606005881599366,9320573627,4539353916,0.0,1.0
世纪源,住宅,114.26446281410384,30.59687569883441,1882421165,7178878583,0.0,1.0
宇济花园,住宅,114.2570832999269,30.608671617307458,7157578628,9320573627,0.0,1.0
西湖庭居,住宅,114.26470083054166,30.596051838792473,1882421165,7178878583,0.0,1.0
世纪华庭,住宅,114.26430249057064,30.601041193222834,5938739383,2168408831,0.0,1.0
凤凰城,住宅,114.26222549966485,30.60513205152979,9320573625,648969693,0.0,1.0
钻石公寓,住宅,114.25774834031131,30.608790239664796,9320573627,7157578628,0.0,1.0
城市之光,住宅,114.26099550697924,30.60653629286453,648969839,7157578623,0.0,1.0
富豪花园西区,住宅,114.2594214581666,30.60791568603581,9320573627,4539353916,0.0,1.0
新华街取水楼社区新华公寓,住宅,114.26530967113398,30.596158329124826,7178878583,1882421165,0.0,1.0
新华小路121号,住宅,114.26616041228979,30.596428548223805,1882421165,7178878583,0.0,1.0
新华小路129号,住宅,114.26681019087286,30.596677918178536,7178878583,7178880013,0.0,1.0
新华壹号,住宅,114.26513535666321,30.60032484150755,5938739383,286085676,0.0,1.0
新华明珠,住宅,114.26684933463648,30.59486358812187,1882413366,1882326247,0.0,1.0
建文明社区,住宅,114.26639195957848,30.600877624981063,3822581409,3822227989,0.0,1.0
新华小区,住宅,114.26701975707499,30.60092008828685,3822227989,2293587299,0.0,1.0
东一时区,住宅,114.26703236391772,30.593830833534884,1882315268,1882413350,0.0,1.0
北湖邮电公寓,住宅,114.26619996830422,30.601444558893775,3822227989,3822227987,0.0,1.0
银松路106号院,住宅,114.26656054536352,30.59347936121955,1882315268,1882413350,0.0,1.0
武汉星宇世纪,住宅,114.26837730830347,30.600503080995896,1891150133,3822581416,0.0,1.0
黛西花园厅,住宅,114.26536016127051,30.601922040120343,648969698,653438806,0.0,1.0
邮政小区(新华路),住宅,114.26697871791414,30.601530883038446,2293587299,3822227989,0.0,1.0
黄孝北路14号,住宅,114.26763149915212,30.601485346741242,3822227989,2293587299,0.0,1.0
天下·国际公馆,住宅,114.26954130023469,30.595091133477826,1882326245,1891195564,0.0,1.0
杂技厅小区,住宅,114.26946386899237,30.600479108336163,1891150133,3822581416,0.0,1.0
建银小区(云林街),住宅,114.2704735033958,30.59947455334077,1891195559,1891195569,0.0,1.0
华银城小区,住宅,114.26939682450072,30.60132683770571,2293587299,653438810,0.0,1.0
中环大厦,住宅,114.27137518982379,30.598034239955265,1891195569,1891195559,0.0,1.0
黄孝河故道住宅工程,住宅,114.26925083624273,30.60190574426945,653438810,2293587299,0.0,1.0
利源公寓高雄小区,住宅,114.27124546487748,30.59559731359139,1882326245,1891195564,0.0,1.0
武汉建苑,住宅,114.27161603677139,30.59839086274029,1891195559,1891195569,0.0,1.0
云林社区,住宅,114.2718439867144,30.59760494145477,12245909572,1891195569,0.0,1.0
观湖铂金公寓,住宅,114.2717551453509,30.59630053681131,1891195564,12245909572,0.0,1.0
台北玖号,住宅,114.27186514384168,30.595654677076507,1882326245,1891195564,0.0,1.0
小南湖芬香园,住宅,114.27161634621106,30.594800255650885,1882326245,1891195564,0.0,1.0
颐园公寓,住宅,114.27246579710771,30.595957952224328,1891195564,12245909572,0.0,1.0
台颐公寓,住宅,114.27246481462414,30.595761029500363,1891195564,12245909572,0.0,1.0
台北二村,住宅,114.27227257253382,30.599775662955594,1891195569,1891195560,0.0,1.0
小南湖大厦,住宅,114.27210309963161,30.59471380166963,1882326245,1891195564,0.0,1.0
江汉北路175号,住宅,114.27058903675186,30.592658084149853,1882315411,1882405950,0.0,1.0
环保小院,住宅,114.26664256307,30.604578961492642,3822227987,3822227982,0.0,1.0
星云阁,住宅,114.27054110010009,30.59218531167656,1882315411,1882405950,0.0,1.0
城开园丁苑,住宅,114.26392624390591,30.60481898262811,648969693,3822227969,0.0,1.0
云林街60号,住宅,114.27309744920409,30.595909319716082,12245909572,1891195564,0.0,1.0
和美社区3区,住宅,114.27324731094198,30.596517927361553,12245909577,12245909572,0.0,1.0
北湖正街小区,住宅,114.26851593446408,30.604216496894775,648969695,2393234864,0.0,1.0
长发小康苑,住宅,114.27331932037578,30.59592708099932,1891195564,12245909572,0.0,1.0
建银小区,住宅,114.27191634924556,30.592961664850908,7604043545,1882315274,0.0,1.0
王家墩机场小区,住宅,114.27234108037156,30.59345804484814,7604043545,1882315274,0.0,1.0
人智里,住宅,114.26927063417432,30.604152840615843,648969731,648969735,0.0,1.0
台南社区,住宅,114.27326943243018,30.594961506879134,1891195564,1886635180,0.0,1.0
天润·北湖假日,住宅,114.26404217662706,30.605324697338546,648969693,3822227969,0.0,1.0
台北小区,住宅,114.27307306676457,30.60050455503014,1891154866,1891195560,0.0,1.0
交通小区,住宅,114.2736868599629,30.598772587319235,1891195569,1891195560,0.0,1.0
明珠商住楼,住宅,114.27363383387161,30.599438383566635,1891195569,1891195560,0.0,1.0
北湖小区,住宅,114.26664748551566,30.605460608349382,3822227987,3822227982,0.0,1.0
环亚艺树家,住宅,114.27420775553013,30.596348973382852,12245909577,12245909572,0.0,1.0
台北二村1区,住宅,114.2739516101969,30.599835890191436,1891195569,1891195560,0.0,1.0
北湖公寓,住宅,114.26387116587391,30.60585261331834,3822227969,648969693,0.0,1.0
中燃暖居,住宅,114.27432844141117,30.599131760381432,1891195569,1891195560,0.0,1.0
黄孝北路商品房住宅区,住宅,114.27231328713502,30.60283042271948,7539398237,653438810,0.0,1.0
江花小区,住宅,114.26999926783012,30.604727937175117,648969731,648969735,0.0,1.0
银丰公寓(台北路),住宅,114.27223929581639,30.60319135557654,7539398237,653438810,0.0,1.0
湖影公寓,住宅,114.26482592651799,30.60619776375412,3822227969,648969693,0.0,1.0
台北街和美社区,住宅,114.27498711517785,30.598114438486355,1891195560,1891154882,0.0,1.0
长航小区,住宅,114.27073692763949,30.604706243323676,648969731,2293587319,0.0,1.0
台北教师公寓,住宅,114.27496828072412,30.59633515070605,12149866841,1886635180,0.0,1.0
人德里,住宅,114.26775606146127,30.60604643878701,648969695,2393234864,0.0,1.0
台北苑,住宅,114.27471155175019,30.59508391672913,7539398242,1886635180,0.0,1.0
江北社区,住宅,114.27222633362352,30.59123701417136,1882405954,12231041235,0.0,1.0
省社大院小区,住宅,114.27355746226982,30.592673085958143,7604043546,7604043545,0.0,1.0
北湖街毛纺大院,住宅,114.269997223663,30.605250732110125,2293587319,4103995019,0.0,1.0
碧波公寓,住宅,114.27481551075599,30.59479691388306,7539398242,1886635180,0.0,1.0
添地公寓,住宅,114.2644459734392,30.606673862037923,648969693,3822227969,0.0,1.0
莫愁公寓,住宅,114.26945342396108,30.605692063375965,4103995019,2393234864,0.0,1.0
楼高高,住宅,114.27398018949526,30.59291954193587,7604043546,7604043545,0.0,1.0
江汉北路34号小区,住宅,114.27336263028353,30.592042533242015,7604043546,7604043545,0.0,1.0
赏荷居,住宅,114.27389427537537,30.59252278620019,7604043546,7604043545,0.0,1.0
金星花苑,住宅,114.26919450563088,30.60601317351898,2393234864,4103995019,0.0,1.0
商务中心商品房,住宅,114.27075986795097,30.605270997589137,2293587319,648969731,0.0,1.0
万达公馆,住宅,114.26755907742823,30.606673359384136,2393234864,3822227982,0.0,1.0
万达公馆1号,住宅,114.26755907742823,30.606673359384136,2393234864,3822227982,0.0,1.0
中侨观邸,住宅,114.27566280949209,30.596540299107875,12149866851,12149866843,0.0,1.0
新世纪都市花园上园,住宅,114.2621523621162,30.606837423791493,648969839,7157578623,0.0,1.0
天下名苑,住宅,114.2698492245974,30.606005571543932,2293587319,4103995019,0.0,1.0
德望社区,住宅,114.27189133145582,30.604916024994235,648969731,2293587319,0.0,1.0
新华豪庭,住宅,114.26450790833077,30.607267579379204,3822227971,3822227969,0.0,1.0
武汉万科翡翠国际,住宅,114.27328165520807,30.603891005336624,7539398237,653438810,0.0,1.0
华祥苑·喜苑(新华路店),住宅,114.26349811351494,30.607290311713708,3822227969,648969693,0.0,1.0
北鑫花苑,住宅,114.27046094404588,30.606028984066402,2293587319,4103995019,0.0,1.0
指挥部职工生活区,住宅,114.27440608405493,30.60271827004061,2393234827,1891150133,0.0,1.0
天门墩电信小区,住宅,114.271102659623,30.605755472723395,2293587319,648969731,0.0,1.0
华港苑,住宅,114.27619843672979,30.596665644840982,12149866850,12149866851,0.0,1.0
新兴花园晴雅轩,住宅,114.26337811159455,30.60756528793579,3822227971,3822227969,0.0,1.0
客运站宿舍,住宅,114.27525437795532,30.593067096754258,7539398242,1886635180,0.0,1.0
天下·城市星座,住宅,114.26857566053334,30.60712229136424,2393234864,1540325268,0.0,1.0
台北三村,住宅,114.27645107367435,30.598852505119165,1891195560,1891154882,0.0,1.0
越秀·国际金融汇一期,住宅,114.27351067259035,30.590551948354108,12231041235,12231041243,0.0,1.0
新华家协会社区,住宅,114.27022158739223,30.588252118337248,7216530624,7216530632,0.0,1.0
华润万象城幸福里,住宅,114.27580230031423,30.601361260796054,1891195554,1891195560,0.0,1.0
银城大厦,住宅,114.27651299487582,30.599266272530386,1891195560,1891154882,0.0,1.0
台北院子D区,住宅,114.27670505861771,30.59696794650677,12149866842,12149866850,0.0,1.0
港信小区,住宅,114.26315912452675,30.60785832627363,3822227971,3822227969,0.0,1.0
北湖街黄菱苑,住宅,114.27362439699192,30.604567377183823,2393234849,2393234827,0.0,1.0
台北路97-101号小区,住宅,114.27685989751139,30.597566534719622,1891195560,1891154882,0.0,1.0
菱角湖壹号,住宅,114.26700615202112,30.607990304096646,2393234864,3822227982,0.0,1.0
聚友小区,住宅,114.27460085306971,30.603989557087733,2393234827,2393234849,0.0,1.0
澎湖公寓,住宅,114.27718659163132,30.59840182914858,1891154882,1891195560,0.0,1.0
建银小区(台北路),住宅,114.2769576417508,30.59972457966754,1891195560,1891154882,0.0,1.0
新世纪都市花园沁园春,住宅,114.26128835770244,30.607981532488363,648969839,7157578623,0.0,1.0
香江新村社区,住宅,114.26930831919297,30.60762142988699,1540325268,7539398225,0.0,1.0
法院小区,住宅,114.26931031722964,30.607634422878636,7539398225,1540325268,0.0,1.0
德润社区,住宅,114.26037742444328,30.60796010683349,648969839,7157578623,0.0,1.0
和谐小区,住宅,114.27157732921144,30.606824580898216,2293587319,7150411380,0.0,1.0
江都仕嘉,住宅,114.27465299188763,30.59040777805845,12231041243,4519229805,0.0,1.0
金融花园,住宅,114.27705848812465,30.600669092579498,1891195554,1891195560,0.0,1.0
新华时代,住宅,114.26290010246176,30.608608208379987,3822227971,3822227969,0.0,1.0
石化小区,住宅,114.26910936755917,30.608024451008948,7539398225,1540325268,0.0,1.0
江北社区1区,住宅,114.27581014014787,30.59156505198091,4519229803,14124032112,0.0,1.0
东方时空,住宅,114.27428328138569,30.589714443911237,12231041253,12231041235,0.0,1.0
食品大院,住宅,114.26520960517695,30.608824422292845,3822227982,3822227978,0.0,1.0
莹湖公寓,住宅,114.27702944259471,30.601437824875198,1891195560,1891195554,0.0,1.0
富豪花园,住宅,114.25953444290244,30.608075557663096,648969839,7157578623,0.0,1.0
香江新村南区,住宅,114.26988003936395,30.607994751409418,4103995019,1540325301,0.0,1.0
新世纪都市花园,住宅,114.26138428497568,30.608722175626447,3822227971,648969839,0.0,1.0
八一二小区,住宅,114.26887642001635,30.60852146382581,1540325333,1540325268,0.0,1.0
鑫涛苑(渣家左路店),住宅,114.27669547792212,30.59218580407339,12149962921,12149919875,0.0,1.0
江汉北路12号院,住宅,114.27608098452114,30.591245867902295,4519229803,14124032112,0.0,1.0
宝岛公寓,住宅,114.27938400004383,30.597470550051394,12498102667,12498102664,0.0,1.0
万科阅庐,住宅,114.28007241301563,30.597797565872646,12498102667,12498102664,0.0,1.0
招银苑,住宅,114.2806129998771,30.59736705076206,12498102667,12498102664,0.0,1.0
台北花苑,住宅,114.27839774501317,30.597779633272836,1891226671,1891154882,0.0,1.0
桃源里,住宅,114.2792971673555,30.596335098104642,12149919871,1891154882,0.0,1.0
苗栗路3号小区,住宅,114.28132837814528,30.59748808752821,11817564626,1891226671,0.0,1.0
国信城,住宅,114.28103875032575,30.59606801152737,1891226671,648969763,0.0,1.0
高雄社区长航村小区,住宅,114.28068207391017,30.595834557643084,1926866253,648969763,0.0,1.0
苗栗路8号,住宅,114.2818289571478,30.597290514624007,1891226671,11817564626,0.0,1.0
湖光公寓,住宅,114.2808016896796,30.59911213062234,12498102664,648969776,0.0,1.0
高雄小区,住宅,114.28204066277493,30.59852475722082,648969776,1926866291,0.0,1.0
港台名邸,住宅,114.28243537134956,30.59779852050842,11817564626,1891226671,0.0,1.0
万科金域湖庭,住宅,114.28130421860202,30.59957830374319,1926866313,648969776,0.0,1.0
香港路社区,住宅,114.2818837315927,30.5993416437933,648969776,1926866291,0.0,1.0
台中新居,住宅,114.28252143561912,30.59615204616614,1926866262,648969763,0.0,1.0
福隆花园,住宅,114.28220142595413,30.599604124722372,1926866318,1926866313,0.0,1.0
熊家台小区,住宅,114.28320874443737,30.59684985867558,1926866262,1926866264,0.0,1.0
台北沁园,住宅,114.28339452153243,30.597425385011398,11817564626,11817564629,0.0,1.0
高雄路91号小区,住宅,114.2808285239717,30.600767448780445,1926866313,1926866350,0.0,1.0
百帝苑,住宅,114.28381308164674,30.597952613105612,11817564626,11817564629,0.0,1.0
紫荆花园二期,住宅,114.28299169274078,30.599775009681863,1926866318,1926866313,0.0,1.0
百帝苑A座,住宅,114.28395790435017,30.598410237621323,1926866291,1926866285,0.0,1.0
港台公寓,住宅,114.28410887477695,30.59708154851677,1926866264,1926866262,0.0,1.0
紫荆花园(苗栗路),住宅,114.28351222474085,30.59958438437052,1926866318,1926866313,0.0,1.0
新香港大厦,住宅,114.28403380382356,30.59873500740033,1926866302,1926866291,0.0,1.0
台北名居,住宅,114.28215496935691,30.59379244167027,1891154878,1926866253,0.0,1.0
民政局宿舍,住宅,114.28091837879086,30.60156302178846,1926866313,1926866350,0.0,1.0
西马路小区,住宅,114.28456740010351,30.597449775425993,11817564629,1926866264,0.0,1.0
幸源雅城,住宅,114.28446738889524,30.59870442465193,1926866302,12167471634,0.0,1.0
开源·阳光城,住宅,114.28453124279116,30.59967795645502,1926866302,1926866291,0.0,1.0
金湖公寓,住宅,114.2787450861788,30.602309440161424,1891195554,648969744,0.0,1.0
江城蜂巢花莲社区,住宅,114.28090830262003,30.602544648687736,1926866313,1926866350,0.0,1.0
香榭里小区,住宅,114.28348608850366,30.601445690473717,1926866333,1926866318,0.0,1.0
新三巷社区,住宅,114.28570223674811,30.597896018672987,12167471634,12167471639,0.0,1.0
光荣坊,住宅,114.28230493058447,30.592683671032116,1891154878,1926866253,0.0,1.0
万科锦绣湖山物业,住宅,114.2814008772776,30.60256000921588,1926866356,1926866350,0.0,1.0
周家墩小宛,住宅,114.28201335206317,30.602404273328172,1926866356,1926866350,0.0,1.0
中寰润府,住宅,114.28297751112315,30.602029144714066,1926866356,1926866333,0.0,1.0
荣光小区,住宅,114.28201322996819,30.59223822550638,1891154878,1230843831,0.0,1.0
香榭大厦,住宅,114.28590490355695,30.599378154344784,1230844570,1926866309,0.0,1.0
269小区,住宅,114.28177051670002,30.602988360636704,1926866356,1926866350,0.0,1.0
康怡花园,住宅,114.28508159156792,30.600967688408733,1926866309,1926866334,0.0,1.0
亚当角小区,住宅,114.28619663397271,30.599054866655017,1230844570,1926866309,0.0,1.0
福怡苑,住宅,114.28283358609809,30.60269307558712,1926866350,1926866356,0.0,1.0
周家墩,住宅,114.28220111708755,30.60318371978995,1926866356,1926866350,0.0,1.0
君悦尚品,住宅,114.28676110284587,30.598453294174984,1230844570,1926866309,0.0,1.0
金川阁小区,住宅,114.2857065840962,30.593824589744994,1882284064,1688268507,0.0,1.0
教委大院,住宅,114.28574692371242,30.60099674395327,1926866309,1926866334,0.0,1.0
桥东小区,住宅,114.28621050315427,30.600404319222974,11088633719,1926866319,0.0,1.0
中行花苑,住宅,114.28026272601947,30.603931921321838,648969815,648969744,0.0,1.0
同庆阁社区,住宅,114.28692716502168,30.595727114431806,1479967280,1882284064,0.0,1.0
渣家路小区,住宅,114.27726315888555,30.59118552743013,12149962845,4519229803,0.0,1.0
华美国际,住宅,114.28275958746035,30.60346187110458,1926866356,1926866350,0.0,1.0
盈安2期,住宅,114.28654666656884,30.59450613316435,1479967280,1882284064,0.0,1.0
鑫汉城市花园,住宅,114.28559275210796,30.593206987954392,1882284064,1688268507,0.0,1.0
模范路16号,住宅,114.28714864698729,30.599030510121192,1230844045,11088633719,0.0,1.0
惠西小区,住宅,114.27803248254364,30.604030620530075,648969744,1891226597,0.0,1.0
平安苑1期,住宅,114.28055146079151,30.60421044615516,648969815,1891226597,0.0,1.0
中奇香港花园,住宅,114.28129083665826,30.6041355298849,1926866385,648969815,0.0,1.0
安和九龙阁,住宅,114.2822100463197,30.60391042126953,1926866385,1926866376,0.0,1.0
台北央玺(建设中),住宅,114.28221883476053,30.59468901176133,1926866253,648969763,0.0,1.0
万科锦绣湖山(建设中),住宅,114.28140986782283,30.602578990117674,1926866356,1926866350,0.0,1.0
馨悦国际,住宅,114.28683936406595,30.59448572090203,1479967280,1882284064,0.0,1.0
安静社区北区,住宅,114.28434509849785,30.59185924079065,1882271316,1882271296,0.0,1.0
安静社区,住宅,114.28432811627734,30.59184327024693,1882271316,1882271296,0.0,1.0
平安苑,住宅,114.28049349941708,30.60432647377796,648969815,1891226597,0.0,1.0
模范路社区,住宅,114.28738737687155,30.599236083690162,1230844045,11088633719,0.0,1.0
世纪皇冠,住宅,114.287575427356,30.59633793801458,1230844244,1230844417,0.0,1.0
香港路综合大楼,住宅,114.2838805464411,30.603406383810494,1926866334,648969813,0.0,1.0
荷花池小区,住宅,114.28148864470778,30.604368182228193,1926866385,648969815,0.0,1.0
模范三村,住宅,114.28754915548959,30.599807624908877,11088633719,1926866319,0.0,1.0
武汉剧院村,住宅,114.28269675553696,30.59059995117463,1230844023,1882271321,0.0,1.0
模范新村,住宅,114.28696865751472,30.601096961420247,1926866345,1926866319,0.0,1.0
金地·京汉1903小区,住宅,114.28634702137226,30.59278408196137,1882284060,1882284062,0.0,1.0
金地名郡商业裙房,住宅,114.28654681323233,30.592806787704085,1882284060,1882284062,0.0,1.0
江岸区台北街道花莲社区老年宜居社区省农资大院,住宅,114.27907359353235,30.60503596288078,1891226597,1891226717,0.0,1.0
西马街金门社区,住宅,114.28734325170993,30.60122536892803,1926866345,1926866319,0.0,1.0
光大华庭,住宅,114.28113289487202,30.605039375691376,1926866413,1926866385,0.0,1.0
标达花园,住宅,114.28748274760096,30.593774064270978,1186631539,1882026452,0.0,1.0
球场一里,住宅,114.28848447242662,30.596029722158512,3974639549,1688268524,0.0,1.0
联医社区,住宅,114.28568179095215,30.60329393227615,1926866410,1926866352,0.0,1.0
兆瑞国际大酒店(暂停营业),住宅,114.2792634176137,30.60533161256593,1891226597,1891226717,0.0,1.0
武汉花鸟市场,住宅,114.2870304700866,30.6025153147881,1926866345,1926866319,0.0,1.0
市政家属院,住宅,114.28814940433108,30.601036264569736,1926866319,1926866368,0.0,1.0
球场路143号小区,住宅,114.28573370021482,30.60373768397143,1926866410,1926866352,0.0,1.0
球场路16号,住宅,114.28813041772158,30.601119259951425,1926866319,1926866368,0.0,1.0
汇景宫,住宅,114.28586964427267,30.591218360829718,11303773536,11303773548,0.0,1.0
澳门路社区,住宅,114.28844011779857,30.60069297023003,1926866319,1926866368,0.0,1.0
惠东花园,住宅,114.27987288443566,30.605815664775534,1926866413,1891226597,0.0,1.0
化工小区,住宅,114.28806044812775,30.60164315716224,1926866368,1926866319,0.0,1.0
化工宿舍,住宅,114.28826624713801,30.601387954393523,1926866319,1926866368,0.0,1.0
黄石里,住宅,114.28514544026189,30.590410687190214,1880477858,11303773536,0.0,1.0
大智嘉园,住宅,114.28772958321397,30.592628145301898,1882026445,1882026453,0.0,1.0
球场路163号小区,住宅,114.28424106042705,30.605038246163712,648969813,1926866410,0.0,1.0
大智嘉园I区,住宅,114.28843776025795,30.593289849565124,11303773573,1882026445,0.0,1.0
苗栗社区,住宅,114.2891084127041,30.60033211770929,1926866319,1230844585,0.0,1.0
球场路151号,住宅,114.28519715414774,30.604704055172004,1926866410,1926866352,0.0,1.0
绿城沁百合(建设中),住宅,114.28969294244025,30.598200072388657,1688268540,1252207466,0.0,1.0
康胜庭院,住宅,114.28523311797845,30.60470900296555,1926866410,1926866352,0.0,1.0
康顺庭苑,住宅,114.28788656222811,30.602492078514647,1926866345,1926866319,0.0,1.0
球新社区,住宅,114.2897170690445,30.59642072773096,1252207125,3974639549,0.0,1.0
逸居阁,住宅,114.28512521419661,30.604835103717114,1926866410,1926866352,0.0,1.0
球场花园,住宅,114.28829615137074,30.60211962276061,1926866319,1926866368,0.0,1.0
市政公馆,住宅,114.28813530303314,30.602384755472944,1926866368,1926866319,0.0,1.0
文明小区,住宅,114.28382141478899,30.605580604331585,648969813,1926866410,0.0,1.0
京汉花园,住宅,114.28996974619511,30.596845180729595,1688268524,1688268540,0.0,1.0
高家台182号,住宅,114.27566401192635,30.60577467472402,1926866429,2393234866,0.0,1.0
解放南路160号,住宅,114.29006257899812,30.59755776294999,1688268524,1688268540,0.0,1.0
长报小区,住宅,114.27476661986628,30.60548278521859,2393234849,2393234827,0.0,1.0
大智小区,住宅,114.28840686420438,30.59247720776498,1882026445,1882026453,0.0,1.0
中南建院工地,住宅,114.28585947903548,30.604824076840668,1926866410,1926866352,0.0,1.0
球场路附52号小区,住宅,114.28785253408543,30.60324083335185,1926866395,1926866352,0.0,1.0
童康小区,住宅,114.28414808786944,30.605755089408785,1926866535,1926866410,0.0,1.0
街村社区,住宅,114.28928412796027,30.601361450975315,1926866319,1926866368,0.0,1.0
绿茵仁居,住宅,114.28959182681258,30.600855187076114,1926866368,1926866319,0.0,1.0
车站街尚德社区,住宅,114.28978220959215,30.59394358738141,1882034705,1882034702,0.0,1.0
大智公寓,住宅,114.28902217930049,30.5925712574327,1688268503,1882026459,0.0,1.0
裕华公寓,住宅,114.28947761614185,30.593209329493213,1688268491,1882034702,0.0,1.0
融科·天城二期,住宅,114.29052893646866,30.598811563986562,1688268540,1479967285,0.0,1.0
城中坊,住宅,114.28910624191917,30.60233533455167,1926866368,1926866319,0.0,1.0
中城国际2期,住宅,114.29475293477891,30.597607375649805,12161473667,1882037548,0.0,1.0
中城国际,住宅,114.2942595202606,30.598011016067925,1882037548,8198567118,0.0,1.0
武汉市长安公安一村,住宅,114.29388808420767,30.596844066923747,12161473667,1882037538,0.0,1.0
车站街道华清社区,住宅,114.29546000827948,30.597918103099254,1882037540,9718331466,0.0,1.0
长安社区东区,住宅,114.29368733371814,30.59683539175594,12161473667,1882037538,0.0,1.0
中城国际1期,住宅,114.29314094680663,30.597513998587313,1882037548,1882037542,0.0,1.0
中福时代,住宅,114.29473286843319,30.59866699537965,9718331466,1882037540,0.0,1.0
民福金堡大厦,住宅,114.29604229797727,30.597459325699905,9718331466,1882037540,0.0,1.0
如寿里人家,住宅,114.29394509796016,30.595866354713383,1882035259,1882037538,0.0,1.0
永庆里,住宅,114.29514159489352,30.595838430674355,1881986250,1882044588,0.0,1.0
通达公寓,住宅,114.29267458273407,30.59672004509754,1882037542,1881983314,0.0,1.0
华清园,住宅,114.29600621049318,30.59900978096837,12167690325,1882037539,0.0,1.0
三阳里,住宅,114.29520254934448,30.595467474960238,1882044588,1881986250,0.0,1.0
长安社区西区,住宅,114.29259571880425,30.59624935205373,1882037542,1882037538,0.0,1.0
潞安里,住宅,114.2934887206889,30.5951953445746,1882035259,1882037538,0.0,1.0
坤厚里,住宅,114.29702911323385,30.59624916044401,1881981626,1881986250,0.0,1.0
海寿里,住宅,114.29545625945781,30.595071213894897,1882044588,1881962445,0.0,1.0
融科·天城一期,住宅,114.29159774829093,30.59813218161189,1688268540,1479967285,0.0,1.0
庆祥里,住宅,114.29769211792336,30.597591529880706,1881989364,9718331470,0.0,1.0
融科·天城三期,住宅,114.2927052960041,30.599604872736748,1479967272,1479967285,0.0,1.0
融科·天城,住宅,114.29205711265905,30.599174059286227,1479967285,1688268541,0.0,1.0
一元路9号小区,住宅,114.29696026536716,30.595539550088912,1881981626,1881986250,0.0,1.0
昌年里,住宅,114.29617134843978,30.59494308859922,12167690315,1881984012,0.0,1.0
广兴里,住宅,114.29769103195467,30.598601138411542,5804309055,5804309057,0.0,1.0
三德里,住宅,114.29409503177274,30.594473652534525,1881962445,1881983328,0.0,1.0
江岸区一元街延庆社区,住宅,114.29797571161534,30.59790593057149,1881989363,9718331470,0.0,1.0
辅堂里,住宅,114.29204446243047,30.59530458319168,1881983314,1882034688,0.0,1.0
公德里,住宅,114.29338889967435,30.594545754727385,1882034688,1882035259,0.0,1.0
坤厚社区,住宅,114.29815746842492,30.597897627351063,1881989363,9718331470,0.0,1.0
融科·天城四期,住宅,114.2942233463987,30.60054308518274,1479967285,1479967272,0.0,1.0
锋尚时代大厦,住宅,114.29723392939457,30.595248206388945,1881981626,12167690315,0.0,1.0
江花庭院,住宅,114.29667524912752,30.60005126771458,8130341077,1881989910,0.0,1.0
裕合苑,住宅,114.29308927530278,30.59444626941491,1882034688,1881983328,0.0,1.0
名人城,住宅,114.29661580330762,30.59454850577341,1881984011,12167690316,0.0,1.0
融科·天城五期,住宅,114.29191620466817,30.600051936186052,1479967285,1479967272,0.0,1.0
同德小区,住宅,114.29848697351528,30.59848484144023,12167690323,1881989912,0.0,1.0
车站路小区,住宅,114.29246804347822,30.594276316297442,1882034692,1882034688,0.0,1.0
云宏大厦,住宅,114.29336137482771,30.601003285119987,1479967272,1479967285,0.0,1.0
滨江社区,住宅,114.2979320231108,30.59498413776092,1881981633,1881981626,0.0,1.0
宏伟里,住宅,114.29418699241798,30.593601840841416,1881962506,1881983321,0.0,1.0
农机大院,住宅,114.2975066288077,30.594543022705334,12167690321,12167690310,0.0,1.0
四益里,住宅,114.29835507103913,30.599414701711424,5804309055,5804309057,0.0,1.0
融创公园壹号,住宅,114.2916265224438,30.60035027050409,1230843877,5941810171,0.0,1.0
新成里,住宅,114.29141427116903,30.59458684140736,1882034688,1882034692,0.0,1.0
解南小区,住宅,114.29308867934988,30.601343584967566,5941810171,5941810176,0.0,1.0
信风洋房,住宅,114.29714616075543,30.593915867507175,1881984013,1881984010,0.0,1.0
延庆小区,住宅,114.29912907769214,30.598757643775524,12167690323,1881989912,0.0,1.0
公安宿舍,住宅,114.29939683078625,30.597378723695794,1881989363,1881989360,0.0,1.0
阳春阁大厦,住宅,114.29355409226322,30.601527771997645,5941810171,5941810176,0.0,1.0
首善里,住宅,114.29704131226498,30.59376410088568,1881984013,1881984010,0.0,1.0
柏林公寓,住宅,114.29805690957632,30.594362167633644,1881981633,1881984010,0.0,1.0
永胜大厦,住宅,114.29956057814141,30.59770031835641,1881989912,1881989363,0.0,1.0
长青广场,住宅,114.29222339597735,30.593598961589805,1882034692,1882034688,0.0,1.0
武汉三阳广场向阳阁,住宅,114.29556754326387,30.601697448751345,8130341080,1882060973,0.0,1.0
车站街辅堂社区,住宅,114.29035248100075,30.59485936814974,1881983314,1882024041,0.0,1.0
太平里,住宅,114.29068913027808,30.59443201858038,1882034688,1882034692,0.0,1.0
汉口总院,住宅,114.29138375015229,30.60102638209801,1230844538,1230843658,0.0,1.0
洞庭街141-145号小区,住宅,114.29869704020606,30.594431058120755,1881981633,1881984010,0.0,1.0
东方大厦,住宅,114.29074610394774,30.593974107901847,1882034692,1882034688,0.0,1.0
球场街小区,住宅,114.29509111133783,30.602168041860182,8130341080,1882060973,0.0,1.0
外滩三阳金城,住宅,114.29798641015704,30.60122161632661,656217792,1881989893,0.0,1.0
谊通洞庭,住宅,114.29848237348264,30.593937612498316,1881981633,1881984010,0.0,1.0
地铁·三阳星曜营销中心,住宅,114.29464665739363,30.602362687008032,5941852301,5947444887,0.0,1.0
三星阳景园,住宅,114.29110204576777,30.601424661111228,1230844538,1230843658,0.0,1.0
物业管理小区,住宅,114.2904274827209,30.59384364576341,1882034705,1882034702,0.0,1.0
车站街辅仁社区,住宅,114.29054139255652,30.593370653953805,1882034705,1882034702,0.0,1.0
四唯街道麟趾新村,住宅,114.29722233337402,30.602309470519348,656217792,1882087716,0.0,1.0
中海·澳门佳园,住宅,114.29013616469712,30.601379157724473,1926866319,1926866368,0.0,1.0
长投保利汉口印,住宅,114.29136866352307,30.60223293145448,5804079271,6314844779,0.0,1.0
麒麟小区,住宅,114.29774364504783,30.602258617214748,656217792,1882087716,0.0,1.0
财政大院,住宅,114.30114239065857,30.597552645245468,1881981628,1881989360,0.0,1.0
锦江苑,住宅,114.29892906174493,30.602089679162678,1882095065,656217792,0.0,1.0
外滩7号,住宅,114.30131999192513,30.59926666784295,5804309057,5804153590,0.0,1.0
葡京花园,住宅,114.29362483352622,30.603508879046082,1230844538,1230843658,0.0,1.0
九运京汉名都,住宅,114.29651517257676,30.603354235274487,1882087718,1882087714,0.0,1.0
麟趾社区,住宅,114.29902291271351,30.602334423087928,1882095065,656217792,0.0,1.0
湖边坊人家,住宅,114.2904157299733,30.60270521048098,1926866319,1926866368,0.0,1.0
天德里,住宅,114.29878420937997,30.602658701508243,1882095065,656217792,0.0,1.0
四唯街进化社区,住宅,114.29616459193565,30.603783645411237,1882087714,1230844634,0.0,1.0
御江南(三阳路),住宅,114.29491118265837,30.60398361876732,1230844416,3874109287,0.0,1.0
四唯煤建大院,住宅,114.2999296508503,30.602531793687014,5804292744,8130341076,0.0,1.0
劳动新村,住宅,114.29457257717297,30.604368015799007,1230844538,1230843658,0.0,1.0
鹏程花苑(苗栗路),住宅,114.28953171582778,30.602920465764697,1926866319,1926866368,0.0,1.0
进化村221号,住宅,114.29735900712731,30.603986580751243,1882095066,1882087718,0.0,1.0
三阳小区,住宅,114.29201273739345,30.604124183855884,3874109285,3874109287,0.0,1.0
五福社区煤建小区,住宅,114.3002621769877,30.602682161861708,1882095059,9718331459,0.0,1.0
美联·五福路1号小区,住宅,114.30122389394039,30.60196077926873,1882095059,9718331459,0.0,1.0
五福社区四新大院,住宅,114.30070757406452,30.60247547336032,9718331459,1882095067,0.0,1.0
五福社区福达大院,住宅,114.3002391857957,30.60294909633808,9718331459,1882095067,0.0,1.0
绿缘路30号,住宅,114.29228936583779,30.60459356510607,3874109285,3874109287,0.0,1.0
保仁里,住宅,114.29977978847876,30.60333173586121,1882095072,1882095065,0.0,1.0
绿缘路小区,住宅,114.29201369396363,30.604612989069732,3874109285,648969832,0.0,1.0
中南市政院小区,住宅,114.29427789587255,30.604960257263624,1230844538,1230843658,0.0,1.0
四唯街道太平社区,住宅,114.29658295873519,30.604800551368506,1882087714,1230844634,0.0,1.0
澳门路85号小区,住宅,114.289618533118,30.603903946964117,1926866395,1926866368,0.0,1.0
福兴大院,住宅,114.30157935584215,30.602376995742564,9718331459,1882095067,0.0,1.0
三合社区(解放公园路),住宅,114.29494702343125,30.605298040400772,1230844538,1230843658,0.0,1.0
五福社区福盛大院,住宅,114.30046881872408,30.60349848323324,1882095072,1882095057,0.0,1.0
半岛豪庭,住宅,114.29764454622806,30.604925730832214,1882095045,1882095066,0.0,1.0
解放公园路28号,住宅,114.29733290763014,30.605535011498755,1882095045,1882095066,0.0,1.0
袁家墩28号楼,住宅,114.29754762297236,30.60552965409469,1882095045,1882095066,0.0,1.0
六合新界,住宅,114.30144943287509,30.60360873698379,1882095072,1882095057,0.0,1.0
塘新社区,住宅,114.29931029057387,30.60498388684667,1882095054,1882095039,0.0,1.0
浚安大厦,住宅,114.29823071423371,30.605468528821376,1882081961,1882095066,0.0,1.0
合福大厦,住宅,114.30257591359704,30.602627148992294,1882095057,1882095067,0.0,1.0
中天云朗,住宅,114.30222637065204,30.603127566755244,1882095040,1882095057,0.0,1.0
光华社区,住宅,114.28761570804787,30.60416281552306,1926866352,1926866395,0.0,1.0
盛合嘉园,住宅,114.30109285477432,30.604540989542848,1882095068,1882095061,0.0,1.0
绿城中国,住宅,114.30047866796644,30.605079840949557,1882095068,1882095061,0.0,1.0
湖边坊社区,住宅,114.28893714937689,30.60557430753862,1926866370,1926866443,0.0,1.0
六合社区,住宅,114.3032748412179,30.603375618733626,1882095040,1882095063,0.0,1.0
金丰大厦(解放大道),住宅,114.29795897481597,30.60667250909294,1882095053,1882081962,0.0,1.0
歌舞剧院小区,住宅,114.29655680388876,30.606983728263163,1230844538,1230843658,0.0,1.0
铁路宿舍,住宅,114.30364030630315,30.603427949309445,1882095040,1882095063,0.0,1.0
外滩·棕榈泉,住宅,114.30425435779422,30.604027618097604,1882077240,1882077235,0.0,1.0
张自忠路1号小区,住宅,114.30566914383822,30.605453512209973,1882071489,1882145004,0.0,1.0
中储小区,住宅,114.30613642743916,30.60566958126676,1882071489,1882145004,0.0,1.0
长航大院,住宅,114.30547143644736,30.60547086210148,1882071489,1882145004,0.0,1.0
民生轮船公司海员公寓,住宅,114.30568709880237,30.605664396146647,1882071489,1882145004,0.0,1.0
粮校宿舍三区,住宅,114.30675445329257,30.606201248048748,1882149848,1882145004,0.0,1.0
沈阳社区东区,住宅,114.30478841311457,30.605867933123005,1882071489,1882145004,0.0,1.0
六合花园,住宅,114.3022911451798,30.60466084724415,1882095062,1882095560,0.0,1.0
六合小区,住宅,114.30282732462145,30.605252668241917,1882095062,1882095560,0.0,1.0
胜利街276-300号小区,住宅,114.30427215746707,30.606036790449185,1882165534,1882071489,0.0,1.0
胜利街306-308号小区,住宅,114.30466550542772,30.606891746691375,1882165530,1882071489,0.0,1.0
胜利街306-308号小区1栋,住宅,114.30457264381596,30.60687192096295,1882071489,1882165530,0.0,1.0
怡景花园,住宅,114.30747321842313,30.60790925728579,1882149848,1882145004,0.0,1.0
汉口·滨江公馆,住宅,114.30397351211124,30.60698594619037,1882071489,1882165530,0.0,1.0
良茂大院,住宅,114.30651766804665,30.607832029543506,1882165516,1882149816,0.0,1.0
粮校二区,住宅,114.30476830343072,30.60747433042603,1882165536,1882165530,0.0,1.0
沈阳路20号小区,住宅,114.30278127285824,30.606614209089468,1882165527,1882165519,0.0,1.0
观澜阁A座,住宅,114.30781765537992,30.60836544487298,1882149816,1882149848,0.0,1.0
沈阳社区,住宅,114.30352913053936,30.607318604534036,1882165521,1882095558,0.0,1.0
丰泽苑,住宅,114.30354909460425,30.60739853723383,1882165521,1882095558,0.0,1.0
粮校宿舍一小区,住宅,114.30493900680011,30.607989818527884,1882165536,1882165528,0.0,1.0
长春街43号,住宅,114.3037887249729,30.6076400148863,1882165525,1882165521,0.0,1.0
吉林社区临江苑,住宅,114.30657552297231,30.608501657207455,1882165516,1882149816,0.0,1.0
沈阳社区西区,住宅,114.30309475116208,30.607418335001544,656217819,1882095558,0.0,1.0
永清街吉林社区,住宅,114.30456154976036,30.60814443383165,1882165528,1882165536,0.0,1.0
胜利街359号小区,住宅,114.30471827856798,30.608610966710557,1882165528,1882165538,0.0,1.0
三元里社区,住宅,114.30122643864831,30.607172712702038,1882081958,1882081953,0.0,1.0
中国铁建生活区,住宅,114.32359744379033,30.596525266210193,4541698712,11357329538,0.0,1.0
花园路11号(中山大道店),住宅,114.30333231273289,30.608510478532242,1882165523,1882165532,0.0,1.0
未来家园,住宅,114.30004412524042,30.60676991961399,1882095054,1882081958,0.0,1.0
吉林路还建楼,住宅,114.30555996091952,30.60943512315134,4523471898,4523470648,0.0,1.0
国铁城投中心公寓楼,住宅,114.32413350562318,30.59720397465849,4541698712,11357329538,0.0,1.0
德华楼(永清街店),住宅,114.29953580215798,30.607050680588834,1882081961,1882095066,0.0,1.0
绿城外滩玫瑰园(建设中),住宅,114.30111068060867,30.606261276557337,1882081958,1882081953,0.0,1.0
三合晶舍,住宅,114.30456441851604,30.609608843364523,4523470677,1882149840,0.0,1.0
御江苑三期,住宅,114.30895671316128,30.610659432359537,7713207051,7713207058,0.0,1.0
四唯街袁家社区,住宅,114.29883975611901,30.607019880493016,1882081961,1882095066,0.0,1.0
三元里8号楼,住宅,114.30023573877284,30.60816303453408,4523470661,1882081961,0.0,1.0
国铁城投国樾滨江,住宅,114.32820375719237,30.598179809958296,299855721,3074054600,0.0,1.0
徐家棚长江中心小区,住宅,114.3319798540646,30.59562464475361,11880563932,2401313078,0.0,1.0
建新里小区,住宅,114.33057060016216,30.601709931639522,9860750499,8209518287,0.0,1.0
四美塘汽车队小区,住宅,114.33103080171524,30.602323819621475,8209518287,9860750499,0.0,1.0
四美花苑,住宅,114.3306782760382,30.603427051517304,8209518287,9860750499,0.0,1.0
新建里,住宅,114.3328779096161,30.601370715253513,11296509912,11357329536,0.0,1.0
江尚,住宅,114.33410834471476,30.59676321231257,7926709197,7926709192,0.0,1.0
四十八栋社区,住宅,114.33227875413823,30.602721309700577,11357375447,11357329536,0.0,1.0
福星惠誉瞰江坊,住宅,114.33402919901485,30.599879145222246,385057960,8194368780,0.0,1.0
武铁汽车队小区,住宅,114.3311404986762,30.6037650440232,8209518289,8209518287,0.0,1.0
四美塘社区,住宅,114.3345254494794,30.599418400259967,385057960,8194368780,0.0,1.0
武汉铁路粤汉里住宅小区,住宅,114.33133813576273,30.604264473348405,8209518289,8209518287,0.0,1.0
武昌江滩大道58号,住宅,114.33033565323643,30.605468892475088,13900232644,13900232607,0.0,1.0
才华茗苑四期,住宅,114.33583057651114,30.597213837907944,7926697968,7926709191,0.0,1.0
三角花园,住宅,114.33367148614067,30.603129536524847,11357375447,11357375448,0.0,1.0
才华茗苑,住宅,114.33587738633021,30.598548231684088,4516243574,7926697969,0.0,1.0
优活城,住宅,114.3363278910127,30.596105350095772,7926697970,7926697975,0.0,1.0
粤汉里社区幸福小院,住宅,114.33251118252153,30.60499097596475,8209518289,9860750511,0.0,1.0
徐家棚还建楼,住宅,114.33558857316916,30.60162556111634,3044755082,8194368785,0.0,1.0
四美苑住宅小区,住宅,114.33495646342762,30.602880239699267,8194368785,11357329536,0.0,1.0
徐家棚村,住宅,114.33609875974149,30.601735574602184,3044755082,8194368785,0.0,1.0
公路桥小区,住宅,114.33723640855348,30.596801409478857,7926697975,7926697970,0.0,1.0
柴林公寓,住宅,114.33766866803371,30.597575317111076,7926697969,613500237,0.0,1.0
杨园街电力新村社区,住宅,114.33760753192313,30.600223395063356,7926688148,7926697969,0.0,1.0
林泰华府,住宅,114.33814382641447,30.598772982887976,7926688148,7926697969,0.0,1.0
四美新村社区,住宅,114.33730975698124,30.602955866538277,8209518274,3044755082,0.0,1.0
杨园街电信社区西区,住宅,114.3391903020969,30.597758477794876,613500237,7926697969,0.0,1.0
桥梁村西区,住宅,114.33395766965369,30.607253367375264,11357375327,9860750511,0.0,1.0
万科朗苑,住宅,114.33944779200368,30.599081496381178,7926688148,7926697969,0.0,1.0
和谐大院,住宅,114.33562311386332,30.606263664351175,11357375448,11357375398,0.0,1.0
铁路医院家属楼,住宅,114.3363570213616,30.60554559365429,11357375398,11357375448,0.0,1.0
徐东乐业小区,住宅,114.33998813812337,30.597122285881937,613500237,7926697969,0.0,1.0
紫荆坊,住宅,114.34041640556784,30.59805815257136,613500237,7926697969,0.0,1.0
保利铂樾滨江,住宅,114.34108349778765,30.596907407484228,3044755070,11490092257,0.0,1.0
杨园街电信社区东区,住宅,114.3409725665733,30.5980341670072,3044755070,7926688148,0.0,1.0
杨园街电信社区,住宅,114.3411153536039,30.59800892212885,3044755070,11490092257,0.0,1.0
万科润园,住宅,114.3401597229129,30.598887289841546,7926688148,3044755070,0.0,1.0
徐东石化小区,住宅,114.34259929204049,30.59622998451982,11490092262,11490097505,0.0,1.0
光明馨城,住宅,114.34099431890535,30.60049416690067,7926688148,3044755070,0.0,1.0
平安花园,住宅,114.34356979644915,30.596980992007783,694060932,4524689857,0.0,1.0
东润上域,住宅,114.34339186809335,30.599147458580386,694061157,3044755070,0.0,1.0
千禧名苑,住宅,114.34423573374032,30.598023428170585,11490092262,11490097505,0.0,1.0
变电村,住宅,114.34231330382342,30.60095364575413,7926688148,7926688152,0.0,1.0
武昌区杨园街变电社区,住宅,114.341886902997,30.601368236927158,7926688148,7926688152,0.0,1.0
兆丰苑,住宅,114.34495477083671,30.597141529257783,694059793,694060932,0.0,1.0
江南花园,住宅,114.34520021558038,30.599458204133924,11490097555,11490092257,0.0,1.0
南山纵横滨江时代,住宅,114.34083038194161,30.602604630410745,7926688152,7926688148,0.0,1.0
南山纵横滨江时代B区,住宅,114.33955730420533,30.60274885989032,4516243465,4516243409,0.0,1.0
洪山区和平街纺机社区,住宅,114.34562567912069,30.59863079839468,11490092262,11490097505,0.0,1.0
柴东社区,住宅,114.34360931937691,30.601778048005468,7926688152,13236034173,0.0,1.0
朗诗熙华府,住宅,114.34723751608888,30.597364560351426,7721417286,7721417287,0.0,1.0
管房2号,住宅,114.34738025526767,30.598074044619647,694059793,7721417292,0.0,1.0
恒庆花园,住宅,114.34643634838775,30.600696610600647,11490097555,11490092257,0.0,1.0
柴林头小区,住宅,114.3439816620307,30.603074889113596,7926688152,13236034173,0.0,1.0
万科金域华府3期,住宅,114.34500922862044,30.602448359146045,13236034173,13236034174,0.0,1.0
南山纵横滨江时代A区,住宅,114.34174185621623,30.60438530477842,694059734,4516243409,0.0,1.0
钢旅蓝郡,住宅,114.34772567350659,30.59924600932423,4197064156,7721417292,0.0,1.0
纺器小区,住宅,114.34459575362985,30.603265749766173,13236034173,7926688152,0.0,1.0
徐东朗苑,住宅,114.34800934825982,30.598485833158794,7721417292,4197064156,0.0,1.0
朗诗熙华府2期,住宅,114.34815520794146,30.597794859882473,9287969766,7721417287,0.0,1.0
美林青城二期,住宅,114.34859171317775,30.596614595451427,9287969770,7721417287,0.0,1.0
铁四院城地院,住宅,114.3379575519993,30.605221786072672,11357375398,7922766795,0.0,1.0
联投城市空间,住宅,114.34805507470836,30.600893815134814,11490092262,11490097505,0.0,1.0
九亩地,住宅,114.34555933042992,30.603702920717932,13236058242,13236058242,0.0,1.0
美林青城,住宅,114.34886044908066,30.595448604100042,7721417285,9287969764,0.0,1.0
二棉小苑,住宅,114.34374085863206,30.604847607534957,13236027140,694059734,0.0,1.0
万科金域华府,住宅,114.34645610229268,30.603192595465806,13236034179,13236034184,0.0,1.0
杨园建设新村,住宅,114.33921750511442,30.606407026086128,7922766795,11357375398,0.0,1.0
武昌杨园柴林头西区,住宅,114.34090693148343,30.606437976753867,694059799,8209518274,0.0,1.0
武昌区杨园街道楚天舒阳光家园,住宅,114.34429594297772,30.606070158321568,13245053692,13245053693,0.0,1.0
九阳轩,住宅,114.35101345096855,30.5968755524559,4197064157,4197064156,0.0,1.0
建设77、78、42小区,住宅,114.33771376131067,30.60715846195807,11357375449,11357375448,0.0,1.0
杨园壹号街区(建设中),住宅,114.33672830910488,30.60703631760709,11357375449,11357375448,0.0,1.0
江南公寓南区,住宅,114.3462332198223,30.605449081019497,13236058226,13236058217,0.0,1.0
保利·才盛景苑南区,住宅,114.34926125284024,30.602918027244215,11490092262,11490097505,0.0,1.0
铁机小区西区,住宅,114.35003930957721,30.60177021012574,4524691298,694060938,0.0,1.0
融侨滨江城天域,住宅,114.34410315576005,30.606842185761387,13245053692,13245053693,0.0,1.0
建设社区,住宅,114.3381420464426,30.607737449484176,11357375448,11357375449,0.0,1.0
杨园新村,住宅,114.3424774764245,30.60763171505401,613500233,694059799,0.0,1.0
忠诚花苑,住宅,114.35095412728833,30.601463854945788,4524691298,694060938,0.0,1.0
馨都雅园,住宅,114.3416087443579,30.607946126435543,7922766795,7922766793,0.0,1.0
保利城1期A区,住宅,114.35218683735773,30.597950270168898,694060938,7227625018,0.0,1.0
保利城一期,住宅,114.35228671396996,30.597900132451826,694060938,7227625018,0.0,1.0
杨园新村1至2期,住宅,114.34321136852911,30.60789931927435,613500233,694059799,0.0,1.0
保利·才盛景苑,住宅,114.35036873369539,30.603350054431335,11490092262,11490097505,0.0,1.0
融侨滨江城,住宅,114.34522149286322,30.607376042603516,4516243413,13245053690,0.0,1.0
保利·才盛景苑北区,住宅,114.350644360488,30.603452569445604,11490092262,11490097505,0.0,1.0
桥梁村东区,住宅,114.33547816024715,30.608354100136406,7922766798,13238797720,0.0,1.0
杨园桥梁新村,住宅,114.33477428245304,30.60826444246754,13900232658,13908355800,0.0,1.0
融侨城1期,住宅,114.34086473185224,30.609451849836592,7922766795,7922766793,0.0,1.0
中天生活区,住宅,114.35348907891881,30.599233737261,13908355785,13908355782,0.0,1.0
保利·江锦,住宅,114.33645651642247,30.609540818047577,7922766798,13238797720,0.0,1.0
武昌首府,住宅,114.34433462169736,30.609102882511205,6405616354,13908355773,0.0,1.0
融侨滨江城美域,住宅,114.3463358199677,30.608362747368158,13908355774,4524689876,0.0,1.0
保利城2期,住宅,114.35408950467576,30.59729157082062,694060938,7227625018,0.0,1.0
北洋桥西路铁机社区,住宅,114.35349891286107,30.600991033954376,13908355782,7227624534,0.0,1.0
武昌首府A地块,住宅,114.34422876083062,30.609269999094806,13908355773,13908355771,0.0,1.0
融侨城,住宅,114.34018671433724,30.60996385926878,7922766795,7922766798,0.0,1.0
江南公寓(铁机路),住宅,114.34345985466634,30.609601204570772,13908355773,13908355771,0.0,1.0
铁机小区,住宅,114.35253891425994,30.603364593990115,11490092262,11490097505,0.0,1.0
融侨城2期,住宅,114.33923814454653,30.610172485429743,13238797719,7922766798,0.0,1.0
中铁花园,住宅,114.35341493228826,30.60196678046046,7227624534,13908355782,0.0,1.0
理工大水运社区党员群众服务中心,住宅,114.34826017866904,30.607914696848564,13908355777,13908355774,0.0,1.0
江南公寓北区,住宅,114.34353571930876,30.609876961646844,13908355773,13908355771,0.0,1.0
铁机东区,住宅,114.35304825585537,30.603523735789736,11490092262,11490097505,0.0,1.0
保利城四期,住宅,114.35581849414444,30.596395308578714,13908355785,13908355782,0.0,1.0
丽华苑,住宅,114.35767123679211,30.597669100181008,13908355785,13908355782,0.0,1.0
栖花里铁机路店,住宅,114.35837225286515,30.599930214467125,7227624535,7227624537,0.0,1.0
中铁重工独立公寓,住宅,114.35504594157217,30.60183234198101,7227624534,13908355782,0.0,1.0
铁机宿舍(北洋桥西路),住宅,114.35498201607905,30.601862426576808,7227624534,13908355782,0.0,1.0
铁机新居,住宅,114.3577907452088,30.601741335229974,7227624535,7227624537,0.0,1.0
保利城七期云廷,住宅,114.35544932048062,30.603396119844074,13908355782,7227624534,0.0,1.0
诺展星座,住宅,114.36166257186717,30.60212582536741,7227624527,7227624535,0.0,1.0
和逸苑,住宅,114.35826995606675,30.60461851467146,7227624534,7721368019,0.0,1.0
洪山教委教师楼,住宅,114.35586366270185,30.60528175562871,11490092262,11490097505,0.0,1.0
下马庙社区,住宅,114.36007004061636,30.60415517832623,7227624534,5760065763,0.0,1.0
保利城爱尚里,住宅,114.3607423681667,30.60378440691508,5760065763,7227624534,0.0,1.0
华城广场,住宅,114.35471395594674,30.606258094461037,11490092262,11490097505,0.0,1.0
虹琦花园三区,住宅,114.35768848339974,30.606049779923527,7227624534,7721368019,0.0,1.0
大城小院,住宅,114.35898695735642,30.606990558877545,5760065763,5760065768,0.0,1.0
江南新天地-北区,住宅,114.36505227175813,30.602945167975435,5760065742,5760065741,0.0,1.0
江南·新天地C区,住宅,114.36598057840504,30.60154859200202,5760065742,5760065741,0.0,1.0
虹琦花园,住宅,114.35686026730151,30.607909241352665,7227624534,7721368019,0.0,1.0
江南·新天地,住宅,114.36501926478275,30.60336204406627,5760065742,5760065741,0.0,1.0
保利琅誉(建设中),住宅,114.355852466787,30.596248315064297,13908355785,13908355782,0.0,1.0
江南·新天地B区,住宅,114.36502325761379,30.60340302299048,5760065742,5760065741,0.0,1.0
红大天成,住宅,114.35849143800108,30.607724965781756,7227624534,7721368019,0.0,1.0
文卓小花园,住宅,114.36693387156281,30.600416908568253,4541689064,5758657682,0.0,1.0
绿景苑港东名居一期,住宅,114.3640210306611,30.605025627664332,7227347427,3044755091,0.0,1.0
铁机盛世家园西区,住宅,114.3675505479645,30.59835799958105,5758657660,5758657675,0.0,1.0
盛世花园社区,住宅,114.360956813022,30.607588607279883,4524691449,3044755091,0.0,1.0
铁机馨苑,住宅,114.36277506397006,30.606760531007353,7227347427,3044755091,0.0,1.0
融侨悦府2期,住宅,114.3612924203584,30.608140935648304,3044755091,4524691449,0.0,1.0
融侨悦府,住宅,114.36117250554014,30.60856792604091,5760065771,4524691449,0.0,1.0
铁机盛世家园,住宅,114.36902433313382,30.599117047983395,4541689064,5758657682,0.0,1.0
保利云上,住宅,114.36893614618627,30.602008011782253,4541689064,5758657682,0.0,1.0
钢都欧式花园,住宅,114.36279688534788,30.608556786633354,7227347427,7227347420,0.0,1.0
铁机盛世家园东区,住宅,114.36988366263303,30.599552945823074,4541689064,5758657682,0.0,1.0
宏源小区,住宅,114.37094481450649,30.60076135655108,9862302832,7227374539,0.0,1.0
园林居小区写字楼,住宅,114.37222990369597,30.60156074321362,9862302832,9893940675,0.0,1.0
园林居小区,住宅,114.37253869834832,30.601708381534465,9862302832,9893940675,0.0,1.0
福星惠誉·东湖城2期,住宅,114.37683379663848,30.59741019425396,7230701734,7230701741,0.0,1.0
江南·新天地A区,住宅,114.368861061035,30.603627456353863,5760065742,5760065741,0.0,1.0
绿景苑港东名居三期,住宅,114.36798867961312,30.60427517631228,5760065742,5760065741,0.0,1.0
福星惠誉·东湖城,住宅,114.37771731234433,30.59866399442918,7227374539,8487621045,0.0,1.0
武丰佳园一期,住宅,114.37331096176749,30.60480941346433,5760065742,7227374528,0.0,1.0
武丰佳园,住宅,114.37238746412876,30.605449052928847,5760065742,7227374528,0.0,1.0
东湖雅庭,住宅,114.37894864215792,30.600986143708116,7227374539,8487621045,0.0,1.0
武丰佳园二期,住宅,114.37093433689299,30.606290184740143,5760065742,7227374528,0.0,1.0
白马馨居1期,住宅,114.37622742841369,30.604755816455175,7227374523,7227374533,0.0,1.0
K2区公寓,住宅,114.37637734126314,30.604955611179797,7227374523,7227374533,0.0,1.0
沙湖港湾B区,住宅,114.38080523350723,30.59903059884658,7227374539,8487621045,0.0,1.0
东湖ONE,住宅,114.37859155768783,30.603416454597443,9862302832,9893940675,0.0,1.0
联投燕语光年,住宅,114.37194456504362,30.607488681035296,3044755103,7227374528,0.0,1.0
福星惠誉·东湖城1期,住宅,114.38068503739541,30.601643655938123,9893940675,8487621045,0.0,1.0
山城老炮(武丰家园),住宅,114.37350362830242,30.607332229038352,3044755103,7227374528,0.0,1.0
团结大道武丰村,住宅,114.3777837002787,30.60533831695417,7227374523,7227374533,0.0,1.0
沙湖港湾,住宅,114.38185493490958,30.59945575135946,9893964749,8487621045,0.0,1.0
东湖ONE一期,住宅,114.37962416549286,30.603817536761127,8487621045,9893940675,0.0,1.0
美地家园,住宅,114.3656363203234,30.60790448993057,4541278130,7227347427,0.0,1.0
金地自在城K2区,住宅,114.37662706886894,30.606762685557943,3044755100,7227374528,0.0,1.0
联投凤鸣星河,住宅,114.37348557370865,30.608073950366276,7227374528,3044755103,0.0,1.0
金地广场K2区,住宅,114.37837640655982,30.606053573945697,7227374523,7227374533,0.0,1.0
逸居阁,住宅,114.37592731635505,30.6076549197477,7227374528,3044755100,0.0,1.0
金地自在城B座公寓,住宅,114.37817641706339,30.60680342933687,7227374523,3044755100,0.0,1.0
永旺金地,住宅,114.37727672412387,30.60745387943031,7227374528,3044755100,0.0,1.0
金地自在城,住宅,114.3778305061587,30.60733748573272,7227374523,3044755100,0.0,1.0
沙湖港湾A区,住宅,114.38355155389043,30.600164465095993,9893964749,8487621045,0.0,1.0
绿景苑,住宅,114.36795821618476,30.60983599715564,4541276631,4541277620,0.0,1.0
花样年花郡西区,住宅,114.37626907952124,30.60851228744128,7227374528,3044755100,0.0,1.0
钢都花园128街坊,住宅,114.36455415284566,30.60943720392037,7227347420,4541278505,0.0,1.0
天丰花园(祥丰路),住宅,114.3757342482942,30.609496349940656,12003595939,12003595941,0.0,1.0
东湖九号,住宅,114.38970256590355,30.599414083234002,13832197037,1863926471,0.0,1.0
林湖景苑,住宅,114.38805519249527,30.601870683077188,1863926471,7227374551,0.0,1.0
福星惠誉仁和公馆,住宅,114.38564195361057,30.604566648253286,7227374551,4541278519,0.0,1.0
东区公寓,住宅,114.3807255738435,30.606801589117712,1839449479,7227374523,0.0,1.0
金地商业公寓,住宅,114.38065159355395,30.606810635400667,1839449479,7227374523,0.0,1.0
华侨城·原岸2期,住宅,114.39633552904792,30.599286038174924,2418537813,2418537935,0.0,1.0
大洲星城小店,住宅,114.38646659451611,30.60832477590879,7227374671,2418671775,0.0,1.0
金地自在城K3区,住宅,114.38007563033922,30.608304435708618,3044755100,7227374526,0.0,1.0
华侨城·原岸,住宅,114.39885389919064,30.59853541671582,2418537813,2418537935,0.0,1.0
花样年花郡1期,住宅,114.37927576913863,30.609651467861866,7227374526,3044755100,0.0,1.0
花样年花郡,住宅,114.37791730937347,30.60918667960333,7227374359,3044755100,0.0,1.0
花样年花郡东区,住宅,114.37926576358377,30.609753434316307,7227374356,7227374359,0.0,1.0
武汉洪山中雄置地洪山009号地块(建设中),住宅,114.38902697631742,30.605223013873417,13832197306,13832197044,0.0,1.0
杨春湖高铁商务区P(2023)018号地块(建设中),住宅,114.39506569682969,30.602630788415283,5227950381,13503701843,0.0,1.0
杨春湖高铁商务区P(2023)019号地块(建设中),住宅,114.39632329170891,30.601931001678054,2418537913,2418537904,0.0,1.0
杨春湖高铁商务区P(2023)021号地块(建设中),住宅,114.3985714532645,30.601777123936913,2418537945,2418537913,0.0,1.0
东湖原岸,住宅,114.40213087074521,30.600799063089937,8197531688,9211882329,0.0,1.0
天兴洲绿岛小区西区,住宅,114.39862115654651,30.605485663639136,5227950381,13503701843,0.0,1.0
天兴洲绿岛小区中区,住宅,114.4002491415859,30.605565819505024,5227950381,13503701843,0.0,1.0
天兴洲绿岛小区,住宅,114.40028214274571,30.60579773251761,5227950381,13503701843,0.0,1.0
天兴洲绿岛小区东区,住宅,114.40190021865737,30.606299838732912,5227950381,13503701843,0.0,1.0
白马馨居一期西区,住宅,114.41036758457304,30.602247953033366,1862951296,13819742682,0.0,1.0
白马馨居,住宅,114.41041963252066,30.602390928326127,13819742605,13819742606,0.0,1.0
华侨城·天荟,住宅,114.40059911140412,30.608541690764724,5227950381,13503701843,0.0,1.0
东湖雅苑,住宅,114.3977083601297,30.608884256584982,13832197011,5227950378,0.0,1.0
白马馨居一期,住宅,114.41193145064265,30.60236390884217,1862951296,13819742682,0.0,1.0
工人生活区,住宅,114.39942830247581,30.60924524451621,13503701843,5227950381,0.0,1.0
欢乐天际·中央区三期,住宅,114.40314891124277,30.60928496426404,5227950370,1863926570,0.0,1.0
中建八局生活区,住宅,114.39962836838718,30.6098950082585,13832197011,5227950378,0.0,1.0
欢乐天际·中央区二期,住宅,114.40468516850859,30.609561337825586,5227950370,1863926570,0.0,1.0
欢乐天际·中央区,住宅,114.4045020007227,30.609661234543918,5227950370,1863926570,0.0,1.0
白马馨居一期东区,住宅,114.41379182697561,30.602553168806725,13819742682,1862956878,0.0,1.0
杨春湖高铁商务区P(2023)020号地块(建设中),住宅,114.39841322169184,30.603404471395862,5227950381,13503701843,0.0,1.0
杨春湖高铁商务区P(2023)022号地块(建设中),住宅,114.4002162812087,30.603728541679704,2418537945,2418537913,0.0,1.0
华侨城天荟示范区(建设中),住宅,114.40069916819422,30.608658660966938,13503701843,5227950381,0.0,1.0
白马馨居二期,住宅,114.41712761056745,30.601905204764577,2418671665,1862951354,0.0,1.0
东湖印象民宿(青山工业区·武汉火车站·欢乐谷二店),住宅,114.41950140919349,30.600809915657162,1862951464,2418671594,0.0,1.0
白马馨居二期西区,住宅,114.41755922293125,30.602363420640376,2418671665,1862951354,0.0,1.0
首开华侨城,住宅,114.41464391119878,30.60335451603273,13819742682,1862956878,0.0,1.0
东湖金茂府一期,住宅,114.41295656231044,30.604482788896135,12806068344,12806068351,0.0,1.0
东湖金茂府二期,住宅,114.41513244258142,30.605035246482853,12806068351,1862951358,0.0,1.0
邻湖壹方·民宿天地,住宅,114.41714030661478,30.605602756263522,13825926600,1862956878,0.0,1.0
东湖金茂府,住宅,114.41372243905602,30.60593377976317,12806068344,12806068351,0.0,1.0
中建三局生活区,住宅,114.41374246403211,30.60595278736557,12806068344,12806068351,0.0,1.0
东湖金茂府四期,住宅,114.41262401218273,30.605895991462607,12806068344,12806068351,0.0,1.0
东湖金茂府三期,住宅,114.41439530880187,30.606350133235665,12806068344,12806068351,0.0,1.0
白马馨居二期东区,住宅,114.42235292795313,30.60423563577151,2418671665,1862951354,0.0,1.0
武汉白马馨居公寓,住宅,114.42316434209255,30.604578438540837,2418671665,1862951354,0.0,1.0
万科华生·星耀大道,住宅,114.17385295667204,30.612915017397132,2383317040,2383317016,0.0,1.0
长丰大道30号院,住宅,114.17064157722268,30.614403421893545,7716106451,2383219439,0.0,1.0
东风里熙和苑,住宅,114.17878382146415,30.614946275331558,2383219414,2383219439,0.0,1.0
染料新村,住宅,114.16884126367405,30.61561055559192,8597604786,7716106466,0.0,1.0
东风里,住宅,114.18116753391605,30.614714680230662,4860003527,13439313331,0.0,1.0
东风里颂和苑,住宅,114.1813881486836,30.614724072335807,4860003527,13439313331,0.0,1.0
东风里·悦和苑,住宅,114.18143318724228,30.615722748446714,3734096442,2383219481,0.0,1.0
硚口古田一路P(2023)041号地块,住宅,114.17954270353435,30.617885460055533,13439313115,13439313328,0.0,1.0
东风里御和苑,住宅,114.18341278370063,30.614510764930873,4519229623,4540338607,0.0,1.0
银舵新都,住宅,114.16473285068456,30.609905130003085,2383219229,300799139,0.0,1.0
御和苑东区,住宅,114.18444467327117,30.61392082141471,4519229623,4540338607,0.0,1.0
家安小区,住宅,114.16413610053714,30.610126919682887,2383219229,300799139,0.0,1.0
天勤花园,住宅,114.18582162002427,30.611771090848684,3734096427,3734096432,0.0,1.0
2008城市花园,住宅,114.185670958953,30.614658664599165,2383219481,3734096442,0.0,1.0
华生城首府公寓楼,住宅,114.16850380376034,30.621123671858253,11299240981,4033245975,0.0,1.0
绿城华生·桂语映月,住宅,114.18404217172564,30.618474264892182,3734096442,2383219481,0.0,1.0
馨竹苑,住宅,114.1855875700718,30.616518765339286,3734096442,2383219481,0.0,1.0
晶华,住宅,114.16614197672179,30.62088432949033,7716106451,5758722230,0.0,1.0
华生·汉口城市广场三期南区,住宅,114.1694794969893,30.6226328833532,11299240981,4033245975,0.0,1.0
信达·天纵第五园,住宅,114.16168041998364,30.61657371168764,2383219229,300799139,0.0,1.0
乐易居筑,住宅,114.16629729795405,30.622361014581674,7716106451,5758722230,0.0,1.0
绿城华生桂语朝阳,住宅,114.18338504535828,30.622108615719586,13439313113,13439313149,0.0,1.0
龙湖·春江郦城1期,住宅,114.18887466675547,30.61368854511575,4519229626,4519229623,0.0,1.0
华生·汉口城市广场三期,住宅,114.16944224038579,30.624333111610657,11299240981,4033245975,0.0,1.0
富品居,住宅,114.16613475816688,30.62314038769705,11299240981,4033245975,0.0,1.0
荟聚中庭,住宅,114.16182957519078,30.619726704950278,2383219229,300799139,0.0,1.0
龙湖·春江郦城,住宅,114.18990039766287,30.613546324492983,4519229626,4519229623,0.0,1.0
华丽花园,住宅,114.1912200357313,30.611554314962326,3734096426,3734096434,0.0,1.0
龙湖·春江郦城2期,住宅,114.19099727962154,30.613555142013425,5343198025,4519229626,0.0,1.0
龙湖·揽境,住宅,114.19311780293931,30.613260718582303,5343198025,4519229626,0.0,1.0
兴昌长城,住宅,114.19471175484033,30.61454774017331,5343200403,5343198025,0.0,1.0
世纪中天,住宅,114.19361885460125,30.615935440748395,5343198025,5343200403,0.0,1.0
汇丰园,住宅,114.19417030413206,30.615436522647038,5343200403,5343198025,0.0,1.0
长丰城H3区,住宅,114.19850017805864,30.6143046642921,11299239064,9214514666,0.0,1.0
长丰城,住宅,114.19821930299187,30.61650635076549,9214514669,9214514668,0.0,1.0
翡翠中心,住宅,114.19981150830839,30.612399374520955,9214514666,11299239064,0.0,1.0
翡翠中心润玺,住宅,114.19981150830839,30.612399374520955,9214514666,11299239064,0.0,1.0
汉口城市广场南区C小区,住宅,114.20011006615249,30.614199084857184,9214514666,5343190991,0.0,1.0
翡翠中心B区,住宅,114.20080982137955,30.613137527872766,4540338074,5343190991,0.0,1.0
蓝光林肯公园,住宅,114.18678932436771,30.622320471090564,13439313149,13439313135,0.0,1.0
鼎鑫阳光,住宅,114.18985849758401,30.622626551330352,5570733300,5570733299,0.0,1.0
众鼎天成,住宅,114.19216452123992,30.622730313459773,5570856449,5570733299,0.0,1.0
华生·汉口城市广场南区B小区,住宅,114.20061601946229,30.61709064668945,9214514669,9214514667,0.0,1.0
华生·汉口城市广场南区,住宅,114.20121852568836,30.61614389827522,5343190991,5343190982,0.0,1.0
华生·汉口城市广场南区D小区,住宅,114.20209778754354,30.613806093872338,5343190991,5343190990,0.0,1.0
长丰城H4区,住宅,114.20250391814996,30.611645534670984,4540338534,4540338074,0.0,1.0
团结·佳兴园,住宅,114.20297964168343,30.615976448156584,5343190991,5343190990,0.0,1.0
美好香域花境,住宅,114.1983731910547,30.622120285712906,5343190972,5343190974,0.0,1.0
鑫达天越,住宅,114.19236488344924,30.624529896315835,5570856449,5570733299,0.0,1.0
武汉鼎都汇,住宅,114.19588191896588,30.623527902479903,5570856449,12841249625,0.0,1.0
华生·汉口城市广场南区A小区,住宅,114.20285114029255,30.618345305579822,5343190982,5343190985,0.0,1.0
美好香域花境二期,住宅,114.19847337452894,30.62281614913375,3044755138,8238666029,0.0,1.0
优康五路2期,住宅,114.19131207024947,30.625427803283348,5570733299,5570856450,0.0,1.0
万科华生·公园大道,住宅,114.18386714516687,30.62473338371619,11299240980,13439313155,0.0,1.0
龙湖古田天街(建设中),住宅,114.1958458211023,30.612094506409605,4519229592,4519229638,0.0,1.0
长丰城H1区(建设中),住宅,114.19792543253192,30.618263192950685,9214514667,5343190981,0.0,1.0
长丰城H5区,住宅,114.2063055036978,30.611634670318956,9425844046,4540338534,0.0,1.0
长丰城H6区,住宅,114.20845722832658,30.610811731806734,4860003522,9425844046,0.0,1.0
天顺园十组团,住宅,114.20711285058553,30.616452763045093,5343191010,5343191009,0.0,1.0
天顺园,住宅,114.20979374178886,30.614264971436125,7716148387,5343191009,0.0,1.0
天顺园还建楼,住宅,114.21018976587425,30.611923388849352,5343191012,7716148386,0.0,1.0
天顺园九组团,住宅,114.20913423859591,30.615687597201365,5343191010,5343191009,0.0,1.0
天顺园三组团,住宅,114.21089111733671,30.612964796197023,7716148386,5343191012,0.0,1.0
景明花园,住宅,114.20435159301374,30.61804048707797,5343190985,5343190990,0.0,1.0
天顺园四组团,住宅,114.21127401311655,30.611622781548,7716148386,5343191012,0.0,1.0
天顺园六组团,住宅,114.21080676955253,30.614991878451796,7716148387,5343191009,0.0,1.0
天顺园二组团,住宅,114.21260458417446,30.612756838021134,5343191011,7716148386,0.0,1.0
天顺园一组团,住宅,114.21273896938703,30.611378542336354,5343191011,7716148386,0.0,1.0
天顺园七组团,住宅,114.21262950391862,30.61425626061307,7716148387,7716138279,0.0,1.0
天顺园一村,住宅,114.21336400937115,30.613563352116778,7056024999,7716148387,0.0,1.0
华润翡翠城1期-南区,住宅,114.20149872347689,30.621461126186666,9861549753,9861549757,0.0,1.0
城中村改造K10地块,住宅,114.20108670347527,30.622044297451456,8238666029,9861549758,0.0,1.0
华润翡翠城1期,住宅,114.20108469796462,30.62205329087395,9861549758,8238666029,0.0,1.0
紫润明园南区,住宅,114.20497661296801,30.62250449696034,9614330242,3044755136,0.0,1.0
园博南社区,住宅,114.21089235488625,30.62180819640259,8958992010,9614330241,0.0,1.0
华生·汉口城市广场北区-南院,住宅,114.21057067629853,30.622033726282105,9614330242,9861549799,0.0,1.0
华润·翡翠城,住宅,114.20096830612158,30.62340356727958,8238666029,3044755136,0.0,1.0
紫润明园,住宅,114.20547961939168,30.623851609322216,3044755136,9614330242,0.0,1.0
华生·汉口城市广场北区,住宅,114.21047438178502,30.623149153163673,9614330242,9861549799,0.0,1.0
紫润明园北区,住宅,114.20580527412652,30.624637713165786,9614330242,3044755136,0.0,1.0
华润翡翠城2期,住宅,114.2016357777452,30.62454205068974,8238666030,9614330240,0.0,1.0
瞭望花园,住宅,114.21283615007717,30.62307388942032,4532987110,7056025030,0.0,1.0
华润翡翠城3期,住宅,114.198939352084,30.6245801153975,8238666030,8306163003,0.0,1.0
华润翡翠城4期,住宅,114.19757807531319,30.62408827521051,3044755138,8238666029,0.0,1.0
华生·汉口城市广场北区-北院,住宅,114.21026580191331,30.62488119039897,9614330240,4532987099,0.0,1.0
翡翠中心B区,住宅,114.19756100309172,30.624437105069067,12841249618,12841249614,0.0,1.0
波西米亚花园,住宅,114.21908303781028,30.61981654791778,11299222638,9861506809,0.0,1.0
华安里社区,住宅,114.2275627122217,30.615449827615517,13161163819,13161163820,0.0,1.0
香缇美景1期,住宅,114.22363158262515,30.61927056687762,11299222660,11299222659,0.0,1.0
香缇美景,住宅,114.22495160738251,30.61920456263165,13161103942,13161103941,0.0,1.0
复兴五村新村西区,住宅,114.22857707952399,30.615730322816763,13161163819,4540338563,0.0,1.0
丰竹园卉竹苑,住宅,114.22936054852006,30.610812751974844,11244942483,11244942488,0.0,1.0
汉口里东区,住宅,114.21887356913598,30.621015864621597,11299222638,9861506809,0.0,1.0
硕实馨园,住宅,114.23012035681937,30.61289932323713,11244942483,4519229464,0.0,1.0
常远里社区居委会,住宅,114.22553439676275,30.620121595559635,13161103942,13161103946,0.0,1.0
丰竹园韵竹苑,住宅,114.2306170913933,30.61171805577737,11244942483,4519229464,0.0,1.0
蕾丹妮公寓,住宅,114.23132806984009,30.610658833272943,12247562041,12247562040,0.0,1.0
汉兴街环境卫生管理所暖居公寓,住宅,114.22663592207182,30.62102196532424,13161103946,13161103947,0.0,1.0
丰竹园东区,住宅,114.2320727977282,30.612722352755405,11244942484,12247561889,0.0,1.0
金盾花园,住宅,114.22817911933598,30.620592104720167,13161103949,13161103947,0.0,1.0
工地生活区,住宅,114.23280123732155,30.617629685750998,4540338645,4540338647,0.0,1.0
复兴五村新村,住宅,114.23356207275279,30.61810580673771,4540338647,4540338645,0.0,1.0
中铁北苑,住宅,114.23261584933597,30.61960779780462,4540338500,4540338645,0.0,1.0
楚天都市金园,住宅,114.23668281309916,30.613342807201857,4519229830,12247562120,0.0,1.0
省纺织宿舍小区,住宅,114.23569972772363,30.61430212240051,4519229830,12247562120,0.0,1.0
远洋朗院,住宅,114.23652853871903,30.614733200930743,12247562120,4519229830,0.0,1.0
凯旋佳园,住宅,114.23636329146808,30.615667773769154,12247561889,12247561893,0.0,1.0
中城悦城,住宅,114.23846275116954,30.610657333647367,3822581314,3578501637,0.0,1.0
东方现代花园,住宅,114.23885884268047,30.61378015964953,4519229451,4519229668,0.0,1.0
复兴湾公寓,住宅,114.23498278031138,30.616497992531396,12247561893,12247561889,0.0,1.0
中城悦城2期,住宅,114.2393605323051,30.61096239100908,3822581314,3578501637,0.0,1.0
常青社区防暴大队-住宅楼,住宅,114.23957650633922,30.61345542619726,4519229451,4519229668,0.0,1.0
远洋心御风,住宅,114.23960152593247,30.61348042047735,4519229451,4519229661,0.0,1.0
常青街道仁和社区,住宅,114.24022306954076,30.61333757911577,4519229451,4519229661,0.0,1.0
万和田季,住宅,114.2391008614459,30.61607927622276,4519229830,12247562243,0.0,1.0
远洋·万和四季,住宅,114.23987060642652,30.615239754286645,12247562243,4519229830,0.0,1.0
常展里,住宅,114.2408024594273,30.61438023879896,7516058184,4519229451,0.0,1.0
远洋心汉口御峰K5小区,住宅,114.23910780318029,30.616826973652437,12247562243,4519229830,0.0,1.0
中铁南苑,住宅,114.23469630344186,30.61844209948507,4540338647,4540338645,0.0,1.0
卫东小区,住宅,114.24160321838517,30.612980895023416,3578501637,12247638757,0.0,1.0
远洋汉口公馆远洋心汉口,住宅,114.24138595136243,30.614102419881018,4519229451,7516058184,0.0,1.0
远洋汉口公馆,住宅,114.24144601288477,30.613937492890404,7516058184,4519229451,0.0,1.0
远洋心汉口御峰,住宅,114.23955517934084,30.617033971909294,4519229830,12247562243,0.0,1.0
远洋汉口公馆远洋心汉口2期,住宅,114.24160811840075,30.614185409105943,4519229451,7516058184,0.0,1.0
江汉区贺家墩村C包K5地块,住宅,114.24027881403863,30.616845166165515,12247562243,4519229830,0.0,1.0
时尚公寓,住宅,114.24210876306141,30.61116567046196,3044755102,12247625068,0.0,1.0
华安里师范小区,住宅,114.23434586553302,30.619076712442663,4540338645,4540338500,0.0,1.0
力兴花园,住宅,114.2422867613765,30.61274005061283,12247638757,12247638758,0.0,1.0
示范小区,住宅,114.23562523280754,30.619141130411528,4540338647,4540338645,0.0,1.0
裕荣家园,住宅,114.24273115704256,30.611958393896877,12247638758,12247638757,0.0,1.0
远洋心汉口御峰K4小区,住宅,114.24045990888547,30.61749792670003,5331308877,7516058177,0.0,1.0
华安里社区新大楼,住宅,114.2335989884384,30.619569223474947,4540338500,4540338645,0.0,1.0
富强天嘉园,住宅,114.23757817425594,30.61931561943732,4540338642,4540338645,0.0,1.0
佳兴苑,住宅,114.24329543869331,30.613379846530357,12247638757,3578501593,0.0,1.0
当代·中锐万国府ΜΟΜΛ,住宅,114.24341073588126,30.610868860830447,12247638757,12247638758,0.0,1.0
常宏里42-50号小区,住宅,114.24378988445363,30.612180342384608,12247638758,12247638757,0.0,1.0
电建小区,住宅,114.23911058308452,30.619408920762123,3732361089,7516058184,0.0,1.0
长乐小区(常青路),住宅,114.24391883689124,30.613747712043597,3578501593,3822581267,0.0,1.0
恒大御园,住宅,114.24437135121825,30.61127370961401,12247638757,12247638758,0.0,1.0
远洋心语,住宅,114.23613859939731,30.62104351194607,4540338642,4540338645,0.0,1.0
宜景阁,住宅,114.24375450706,30.6162796839447,3578501290,4860002963,0.0,1.0
思联花园城,住宅,114.24254349606363,30.618031922225878,12247562267,7150348316,0.0,1.0
天梨豪园帝景阁,住宅,114.24453612128954,30.615188128575443,4741736411,3822581285,0.0,1.0
天梨豪园,住宅,114.24448901766827,30.616035785233038,3578501290,4860002963,0.0,1.0
老98户小区,住宅,114.24242233188151,30.618896561271896,7150348316,12247562267,0.0,1.0
龙泉公寓,住宅,114.24465508676248,30.6164796025718,3578501290,4860002963,0.0,1.0
天梨豪园丽景阁,住宅,114.24532257706966,30.61565191876564,3578501290,4860002963,0.0,1.0
江锋大厦,住宅,114.24574190095795,30.614829231075934,3822581274,2320987467,0.0,1.0
东航小区,住宅,114.24614730318203,30.61291297861436,5331335585,4860002963,0.0,1.0
贺家墩社区,住宅,114.24623926205503,30.614002531792746,2320987467,3044755111,0.0,1.0
常青街银河社区,住宅,114.24559764175032,30.616837423960362,4741736323,7150348316,0.0,1.0
楚街一品,住宅,114.24450481738675,30.618478790202644,12247562267,12247562279,0.0,1.0
红梅里社区,住宅,114.24104304973811,30.621393408802078,4050649067,3732361107,0.0,1.0
银河花园,住宅,114.24422959785068,30.61893260652782,7150348316,12247562279,0.0,1.0
福星惠誉·福星城南区,住宅,114.2418156951895,30.620960667761498,4050649067,3732361107,0.0,1.0
武汉临湖公寓(汉口火车站店),住宅,114.24676454426856,30.614140430188236,2320987467,3044755111,0.0,1.0
铁路小区,住宅,114.24295059742387,30.62029501912848,8202725337,11871879359,0.0,1.0
白金领域,住宅,114.24627010325246,30.616049699937683,3578501290,4860002963,0.0,1.0
福星惠誉·福星城,住宅,114.2413963261113,30.621451424877275,4050649067,3732361107,0.0,1.0
新98户宿舍,住宅,114.24477792319702,30.619289454298574,12247562279,4741736387,0.0,1.0
福星惠誉·福星城北区,住宅,114.2407377164886,30.622385962086042,3732361115,4050649070,0.0,1.0
城投·金沙境,住宅,114.23293587422759,30.623659269158534,3732372513,3732372504,0.0,1.0
汉升OPC社区,住宅,114.23099754877543,30.623544427163065,3732372490,1540326771,0.0,1.0
江汉印象,住宅,114.24774892965785,30.615677693383365,2320987467,2320987470,0.0,1.0
金雅公寓,住宅,114.23843453530678,30.62446070306347,1540326796,1540325166,0.0,1.0
远洋心苑,住宅,114.24234387685105,30.623497665539794,1540325326,3732361115,0.0,1.0
金涛鸿公馆,住宅,114.24940772283892,30.615461505752194,3955578698,3578501607,0.0,1.0
海马公园,住宅,114.24978695363038,30.614637761975146,12251667890,2320987456,0.0,1.0
武汉市道路运输信息中心家属院,住宅,114.25091834181941,30.61522326112594,12251667890,2320987456,0.0,1.0
江汉区青年路下牯牛洲三村,住宅,114.25471659330843,30.612962938003008,4741736336,12251667893,0.0,1.0
领绣·友筑(欧亚达国际广场),住宅,114.24922549240797,30.617217827324684,7150348305,4741736405,0.0,1.0
青洲盛汇,住宅,114.25492754010625,30.614044416790957,4741736336,12251667893,0.0,1.0
葛洲坝国际广场北区,住宅,114.25569089619275,30.61140216216168,4741736394,11871879321,0.0,1.0
葛洲坝国际广场,住宅,114.25582100054568,30.610415501559803,4741736394,11871879321,0.0,1.0
江北园丁苑,住宅,114.25622783415834,30.612992284205305,12251667893,4741736336,0.0,1.0
福星公寓,住宅,114.25529440161702,30.616404309183547,1363228259,1455682792,0.0,1.0
晶锋雅舍,住宅,114.25742903060664,30.612130061071106,4741736394,4741736336,0.0,1.0
下牯牛洲四村,住宅,114.25776802253162,30.61249174478843,4741736336,4741736394,0.0,1.0
融创玖玺台,住宅,114.25799302753309,30.61257959380591,4741736394,4741736336,0.0,1.0
鑫城国际聚福苑,住宅,114.2578888595832,30.614463886620324,4741736336,4741736344,0.0,1.0
鑫城国际C区,住宅,114.25820983959565,30.614876552653932,1455682792,4741736344,0.0,1.0
鑫城国际1区,住宅,114.25847492173968,30.614033753065645,4741736344,4741736336,0.0,1.0
宠喜里,住宅,114.25685954993389,30.617126315481972,1363228259,1455682792,0.0,1.0
凌霄阁,住宅,114.2544649682337,30.619632326342273,4741736351,7516046074,0.0,1.0
鑫城国际,住宅,114.2588508525596,30.614932185557592,1455682792,4741736344,0.0,1.0
新华西·美林公馆,住宅,114.25957510005264,30.61204594369027,4741736344,4104009763,0.0,1.0
东方帝园,住宅,114.25381376304017,30.620353275256363,7516046072,7153032684,0.0,1.0
金利·明珠花园,住宅,114.25937529020305,30.609869931539446,648969839,7215552546,0.0,1.0
武汉微寓B区,住宅,114.25398576232227,30.620821020324808,7516046072,7153032684,0.0,1.0
鑫城国际润雅苑,住宅,114.25971080745873,30.615408506680485,7150348322,1455682660,0.0,1.0
长安丽都(新华路),住宅,114.26048011728767,30.611459643704688,4104009763,4741736394,0.0,1.0
三金鑫城国际D区,住宅,114.25975774945246,30.616068211621386,12169705928,1455682660,0.0,1.0
日月华庭,住宅,114.26047488115061,30.6142025409604,7150348317,7150348322,0.0,1.0
金家墩185号,住宅,114.25530003276647,30.62069455442372,7153036789,7153036788,0.0,1.0
富豪花园东区,住宅,114.25995438425679,30.608636089698933,648969839,7157578623,0.0,1.0
三金华都一期B1地块,住宅,114.26000971968283,30.616323959843214,12169705928,1455682660,0.0,1.0
朝阳华西公寓,住宅,114.2609590920446,30.61138337879903,4104009763,4741736394,0.0,1.0
万科汉口传奇悦庭西区,住宅,114.25435577847611,30.62157057306394,7153048487,7153048491,0.0,1.0
三金华都2期,住宅,114.25977463725543,30.6173646743916,12169705919,12169705928,0.0,1.0
井南小区,住宅,114.25908852702572,30.618732507652002,3955578685,7390688860,0.0,1.0
新世纪都市花园梅园,住宅,114.2612881948004,30.609871777312886,648969839,3822227971,0.0,1.0
万科汉口传奇悦庭,住宅,114.25543598083102,30.621558142402638,7153036788,7153032675,0.0,1.0
万科汉口传奇悦庭东区,住宅,114.25578703590813,30.621549994795075,7153036788,7153032675,0.0,1.0
万达广场小区B区,住宅,114.26207876391778,30.61388464762444,7150348322,7150348317,0.0,1.0
马场路140号小区,住宅,114.2612565955812,30.616855977964722,12169705928,12169705919,0.0,1.0
庭瑞时代,住宅,114.26235603944632,30.610269916560462,4539426660,3822227971,0.0,1.0
万达广场小区,住宅,114.26252868919008,30.614053276230567,7150348317,7150348322,0.0,1.0
万科·圆方,住宅,114.26186551883673,30.617023515578214,1455682776,1455682766,0.0,1.0
菱角湖万达广场E区,住宅,114.262959716526,30.61297441466523,1455682669,4104009764,0.0,1.0
都市骊园B座,住宅,114.2609594463219,30.618873342694286,12169705919,12169705928,0.0,1.0
万科锦园,住宅,114.25104562193933,30.624106591010747,11699967576,4540338650,0.0,1.0
万达广场小区C区,住宅,114.26316357192351,30.614259752579187,7150348322,7150348317,0.0,1.0
华薇商厦,住宅,114.26032839785104,30.619898310910113,7153048495,7153036802,0.0,1.0
福康居小区,住宅,114.26174143877346,30.6181141524521,1455682766,1455682671,0.0,1.0
香榭果颂,住宅,114.26370960523867,30.612723982773314,1455682669,4104009764,0.0,1.0
文锦苑,住宅,114.252420037637,30.624486042215864,7516046074,5760208361,0.0,1.0
万科汉口传奇唐樾,住宅,114.25888724068308,30.622035264535462,7153019279,7153019282,0.0,1.0
安逸居小区,住宅,114.26429935348764,30.61423993756393,8826275179,1455682782,0.0,1.0
锦绣人家,住宅,114.24675960429362,30.625014978993146,1540326795,1540325311,0.0,1.0
顶琇国际城D区,住宅,114.26125627137401,30.6206164414151,13369051343,7153048495,0.0,1.0
万科汉口传奇,住宅,114.2580321162839,30.623173252919898,7153019282,7153019279,0.0,1.0
红旗公寓,住宅,114.25046928557175,30.625537141620672,3732361539,11250186672,0.0,1.0
市政小区,住宅,114.24470538891183,30.624950125309038,1540325311,1540325326,0.0,1.0
学林华府,住宅,114.25503463462412,30.624775981374512,3955578709,3955578708,0.0,1.0
武汉·理想之地,住宅,114.26308717805037,30.618976887765495,1455682766,1455682671,0.0,1.0
菱湖上品,住宅,114.26509622343261,30.61358459792291,8826275179,1455682782,0.0,1.0
大唐新都,住宅,114.26530811889539,30.614170196736524,2393234841,1455682782,0.0,1.0
九头鸟小区,住宅,114.26699262125287,30.61419682284038,11890709398,8826275156,0.0,1.0
荷花苑,住宅,114.26833408679906,30.614860398907144,7150411321,648969857,0.0,1.0
鹏翔阁,住宅,114.2692789776394,30.61172481419677,1973301981,1540325333,0.0,1.0
香港路·浅水湾,住宅,114.26900987441479,30.614217054176887,2393234873,8826275157,0.0,1.0
物资局宿舍,住宅,114.26950981284749,30.612497290896737,1973301981,1540325333,0.0,1.0
馨兰花苑,住宅,114.26968364432922,30.613577693958163,2393234873,8826275157,0.0,1.0
香港路公务员小区,住宅,114.26973581300723,30.611357539926143,1973301981,1540325333,0.0,1.0
理想之花,住宅,114.26625860358891,30.61707026278787,6861387077,7178880063,0.0,1.0
香港丽都,住宅,114.27022943089258,30.613220325973842,2393234873,8826275157,0.0,1.0
鹏飞湖庭,住宅,114.27040442555305,30.612345512347712,1973301981,1540325333,0.0,1.0
工人新村,住宅,114.26975950614226,30.614794131303668,7150411321,648969857,0.0,1.0
荷花池村,住宅,114.27027234134074,30.61402995820305,7150411321,648969857,0.0,1.0
东方名园D座,住宅,114.2673582420264,30.617169307603515,9517489231,2393234853,0.0,1.0
东方名园,住宅,114.26733424413258,30.61724029909883,2393234853,1455682744,0.0,1.0
香江新村北区,住宅,114.27068542075138,30.61086783729426,7150417187,7150411384,0.0,1.0
香江花园4期,住宅,114.26944053200586,30.616096898417528,7150411321,648969857,0.0,1.0
万科金域时代西区,住宅,114.26987594669,30.60909031783812,1540325301,1540325333,0.0,1.0
香江花园1期,住宅,114.26910060147804,30.61694786363297,9517489231,2393234853,0.0,1.0
穗丰花园,住宅,114.27161777936297,30.612958084201452,2393234870,2393234873,0.0,1.0
穗丰花园2期,住宅,114.27171778508726,30.612295251846337,2393234870,2393234873,0.0,1.0
商职公寓,住宅,114.27072797787585,30.61576581900579,9517489232,7150411324,0.0,1.0
香天公寓,住宅,114.27188275093344,30.611697327624647,2393234856,1540325301,0.0,1.0
万科金域时代,住宅,114.27083350372762,30.609083409179675,4103995019,1540325301,0.0,1.0
安友花园,住宅,114.27205446728944,30.61393725184491,7150411323,7150411321,0.0,1.0
天门墩社区,住宅,114.27140919382937,30.60938372654349,7150411380,1540325301,0.0,1.0
万科金域时代一期,住宅,114.27116336150269,30.608864175808336,1540325301,7150411380,0.0,1.0
香江花园,住宅,114.26938941286697,30.61773028065777,2393234853,9517489231,0.0,1.0
香江花园2期,住宅,114.26916148498742,30.61800537719316,9517489231,2393234853,0.0,1.0
万科金域时代2期,住宅,114.2717150425522,30.609327445769402,1540325301,7150411380,0.0,1.0
长安花园(天门墩路),住宅,114.27226367228843,30.610267517652492,7150411378,7150411380,0.0,1.0
西桥老年宜居社区,住宅,114.2724012320905,30.614507669693495,7178880008,7150411324,0.0,1.0
蓝空·国粹香舍,住宅,114.26731708298065,30.619176523308695,7178879995,1455682781,0.0,1.0
香江苑,住宅,114.2705059376025,30.617451346712983,9517489232,9517489231,0.0,1.0
馨兰花苑,住宅,114.27281509545708,30.613448673377505,7150411323,7150411321,0.0,1.0
中央锦城,住宅,114.26463480752139,30.619697464321384,7390688864,1455682700,0.0,1.0
鹏程创意院子,住宅,114.27291922036274,30.611324421445513,2393234856,7150411378,0.0,1.0
唐家墩街阳光家园,住宅,114.27259508023228,30.615039256237576,7178880008,7150411324,0.0,1.0
海虹公寓,住宅,114.27121860327622,30.617334703913208,7178879998,9517489232,0.0,1.0
香港路245号小区,住宅,114.2731421446771,30.61073642589341,7150411380,7150411378,0.0,1.0
海虹景,住宅,114.2722931449378,30.616195095244326,7178879998,7178880008,0.0,1.0
新兴华鼎丽都,住宅,114.26841763938062,30.619674364006325,7178879995,1455682781,0.0,1.0
紫藤花园,住宅,114.27342104709,30.61000342769962,7150411380,7150411378,0.0,1.0
香江家园,住宅,114.26908738865988,30.61947784287806,7178879995,1455682781,0.0,1.0
钉丝小区,住宅,114.27173929792342,30.617811994418766,2393234816,7178879998,0.0,1.0
电信宿舍(唐家墩),住宅,114.26270910923165,30.620471538401706,7390688861,7153048495,0.0,1.0
西马新村小区,住宅,114.27406352393591,30.611642087619078,2393234842,2393234870,0.0,1.0
三眼桥路小区,住宅,114.27233103158834,30.617271618748383,7178879998,9517489232,0.0,1.0
景桥花苑小区,住宅,114.27406934855274,30.613633278764837,4519242557,648969870,0.0,1.0
武汉市无线电厂,住宅,114.27385539281505,30.61461411079247,4519242557,648969870,0.0,1.0
星誉国际云居,住宅,114.27099160470082,30.618614403491904,9517489231,2393234816,0.0,1.0
唐蔡社区三峡大院,住宅,114.26749191775934,30.62039187639873,7178879995,1455682781,0.0,1.0
恒发新村,住宅,114.27398032759287,30.614500023594623,4519242557,648969870,0.0,1.0
天门墩8-12号小区,住宅,114.27228591326286,30.6073356663545,7150411380,2293587319,0.0,1.0
香江花园3期,住宅,114.27041382918893,30.61920671794202,7178880009,2393234816,0.0,1.0
北斗花园,住宅,114.26932424556288,30.619989416956848,1455682781,7178879995,0.0,1.0
穗丰花园东区,住宅,114.27454312928784,30.612795105401673,4519242551,4519242557,0.0,1.0
唐蔡天下,住宅,114.27000396951594,30.61975388209088,7178880009,2393234816,0.0,1.0
顶琇国际城,住宅,114.26283504153692,30.621032221251294,7215552541,7215552538,0.0,1.0
佳瑞居,住宅,114.27448036811433,30.610481104169388,7150411378,2393234871,0.0,1.0
怡青园,住宅,114.27314939936664,30.607736617978045,2393234819,2393234836,0.0,1.0
众联新澳国际,住宅,114.27470694049806,30.613791524598764,4519242551,4519242557,0.0,1.0
财经小区,住宅,114.27423764252566,30.60903794454976,2393234871,2393234819,0.0,1.0
星誉国际(建设中),住宅,114.2726707684402,30.618167905979654,4104000619,7178879894,0.0,1.0
美稷公寓,住宅,114.27415572037468,30.608716161314742,2393234871,2393234819,0.0,1.0
顶琇国际城C区,住宅,114.26393080111579,30.621542231071917,7215552538,7215552541,0.0,1.0
海虹锦都,住宅,114.27360630559181,30.6173382687759,648969870,4104000619,0.0,1.0
中行宿舍小区,住宅,114.26795768398502,30.62116715595905,1455682705,7178879930,0.0,1.0
空间小区,住宅,114.27416276903823,30.608102398713932,2393234866,2393234847,0.0,1.0
家具小区,住宅,114.27045671283543,30.62032321963233,7178880009,2393234816,0.0,1.0
星誉国际·云麓,住宅,114.27267371866543,30.61872567512845,7178879957,7178879894,0.0,1.0
花桥街四村,住宅,114.27487467856294,30.615594610655194,656217810,4519242557,0.0,1.0
长安公寓,住宅,114.2748193177801,30.60859648866813,2393234866,2393234847,0.0,1.0
三眼桥二村,住宅,114.27574841222264,30.612070064073347,7150411370,4519242551,0.0,1.0
积益小区,住宅,114.26977496288602,30.621011580606243,7178879995,1455682781,0.0,1.0
新大陆城市花园,住宅,114.262864951847,30.622017795210265,7215552538,7215552541,0.0,1.0
国安社区,住宅,114.27548079281222,30.60972030741198,2393234847,2393265038,0.0,1.0
武汉城建·中央雲璟,住宅,114.2738101028089,30.606700334297084,2393234849,2393234866,0.0,1.0
三眼桥四村,住宅,114.27387007789632,30.618160653287305,656217811,648969887,0.0,1.0
顶琇·晶城,住宅,114.26681299731496,30.622106744466205,1705316758,6861387084,0.0,1.0
星誉国际云幕,住宅,114.27193700499684,30.62001189709855,7178879957,7178879894,0.0,1.0
天成花园,住宅,114.2750984238455,30.616883840255298,656217811,656217810,0.0,1.0
八古新墩69号院,住宅,114.26190906126229,30.62227133788637,7215552538,7215552541,0.0,1.0
元辰世纪,住宅,114.2695909950077,30.6215705218549,1455682705,7178879930,0.0,1.0
顶琇国际城4期,住宅,114.26170108684593,30.62224648458504,7215552538,7215552541,0.0,1.0
电科院路3号院,住宅,114.27292648747205,30.61976898739201,7178879957,7178879894,0.0,1.0
教委教工幸福楼,住宅,114.27480753302808,30.617774797335088,656217811,648969887,0.0,1.0
添乐花园,住宅,114.27413785116657,30.618913059276373,648969887,656217811,0.0,1.0
雅苑公寓(发展大道),住宅,114.26845938553043,30.62242919520287,6861387077,3578501280,0.0,1.0
顶琇国际城B区,住宅,114.2612970948668,30.622620591074757,7153019282,7215552538,0.0,1.0
高家台68号,住宅,114.2748614774908,30.606435303250965,1926866429,2393234866,0.0,1.0
桥苑新村,住宅,114.2765470865689,30.60951518108327,2393265043,2393234842,0.0,1.0
红桥公寓,住宅,114.27564600670271,30.617558955558902,656217811,656217810,0.0,1.0
高家台164号,住宅,114.27497342096869,30.606262248945292,2393234866,1926866429,0.0,1.0
福星惠誉·铂雅府,住宅,114.27705030177373,30.614480600083198,4519242547,4519242551,0.0,1.0
蓝色天际,住宅,114.26314579018529,30.62336004550316,7153048486,300798309,0.0,1.0
金凌育才雅苑,住宅,114.27985333488017,30.612364071132266,7178879948,7178879978,0.0,1.0
三眼桥一村,住宅,114.27863931378111,30.612205629126223,7150411370,7150411376,0.0,1.0
金汉花园,住宅,114.27913382107074,30.613430531769215,7150411370,7150411376,0.0,1.0
二航宿舍,住宅,114.27825862600115,30.61197118307959,7150411376,7150411370,0.0,1.0
金色华府,住宅,114.28109534720393,30.611753743833884,7150417189,2393265100,0.0,1.0
福星惠誉育才里,住宅,114.27815358713207,30.613343755816082,7150411376,7150411370,0.0,1.0
育才一小小区,住宅,114.2802401640416,30.610656272620204,7178879948,7178879978,0.0,1.0
花桥街长惠社区,住宅,114.27989013740648,30.614302242624415,7178879979,7178879948,0.0,1.0
华侨苑B座,住宅,114.28011494041662,30.614444903233125,7178879979,7178879948,0.0,1.0
儒雅阁,住宅,114.2784925837483,30.610389536573514,7178879923,2393265087,0.0,1.0
惠济小区,住宅,114.28224921983931,30.613070712464094,2393265100,2393264981,0.0,1.0
长航小区,住宅,114.27949982306332,30.6100274494559,2393265041,7150411370,0.0,1.0
华侨苑,住宅,114.27984013204644,30.614837088518634,7150411370,7150411376,0.0,1.0
建设大道955号院,住宅,114.28264586099836,30.613072187369188,2393265064,2393264981,0.0,1.0
王府花园,住宅,114.28025524011028,30.60963066467484,7178879978,2393265041,0.0,1.0
御才名仕,住宅,114.28220615637481,30.614252291710134,2393265064,648969898,0.0,1.0
颐和丽晶,住宅,114.28123294356037,30.615054234037977,648969898,2393265064,0.0,1.0
育才一村,住宅,114.27992799772267,30.615560685330422,7150411376,7150411370,0.0,1.0
希望小区,住宅,114.28060044830174,30.61545588025407,7178879979,7178879948,0.0,1.0
惠济路13号大院,住宅,114.28246425025426,30.61047547275902,1973301960,2393265050,0.0,1.0
进小区,住宅,114.28120894466994,30.615281172932058,2393265064,648969898,0.0,1.0
恵园·大公馆,住宅,114.28327224426121,30.61353116490585,2393265064,648969898,0.0,1.0
惠园大公馆E座,住宅,114.28324826037193,30.613603168070618,2393265064,648969898,0.0,1.0
解放公园路79号院,住宅,114.28329043902737,30.61108112733214,2393265050,3501032386,0.0,1.0
惠济一路18号小区,住宅,114.28274064218729,30.61460344240761,648969898,2393265064,0.0,1.0
长福沁苑公寓,住宅,114.27720361288328,30.609599385970036,2393265043,2393234842,0.0,1.0
华氏儒商花园,住宅,114.27816095209688,30.609052471050127,2393265043,2393234842,0.0,1.0
花桥街育才二村居民区,住宅,114.27858102938735,30.616020156914157,656217809,7150411361,0.0,1.0
杏园F座,住宅,114.27772527962652,30.60903799618816,2393265043,2393234842,0.0,1.0
惠济公寓,住宅,114.28381170619414,30.61388729139354,2393265064,648969898,0.0,1.0
惠一轻工苑小区,住宅,114.28351993591949,30.61441747250997,2393265064,648969898,0.0,1.0
惠济路19号院,住宅,114.28399877405398,30.611041183422405,7150417193,3501032386,0.0,1.0
高富生活广场,住宅,114.28314468844621,30.609762851867234,7150417193,3501032386,0.0,1.0
皇冠幸福里(惠济路店),住宅,114.28430149177208,30.61094480773783,3501032386,7150417193,0.0,1.0
花桥小区,住宅,114.27764569753853,30.616461097470207,656217809,656217810,0.0,1.0
惠济路育才二小社区,住宅,114.2839005523748,30.614689845718523,7150417206,2393265064,0.0,1.0
惠中社区南区,住宅,114.28467796171658,30.612848522838743,648969899,648969895,0.0,1.0
思成名居,住宅,114.2767340272522,30.60868229860098,2393234847,2393265038,0.0,1.0
惠济路20号小区,住宅,114.2845023376184,30.610478718502485,7150417193,3501032386,0.0,1.0
壹方时代,住宅,114.27735362813573,30.60816278420905,2393234847,2393265038,0.0,1.0
惠济二路小区,住宅,114.28490065949516,30.61381882240366,648969899,7150417202,0.0,1.0
花桥一村,住宅,114.28169937506851,30.616928868567562,656217812,7150411363,0.0,1.0
育才社区南区,住宅,114.27760268195557,30.61700892543091,656217809,656217810,0.0,1.0
华储大厦,住宅,114.28309485647459,30.608352482534137,7150417193,7150417192,0.0,1.0
花惠社区,住宅,114.28505879193155,30.610481946112746,9500015966,3501032386,0.0,1.0
惠济二路五号大院,住宅,114.28422616062478,30.61561602522531,7150417210,7150417206,0.0,1.0
东方墨兰,住宅,114.2818500604601,30.607457486232512,1926866423,8299158003,0.0,1.0
育才名苑,住宅,114.2837635367418,30.616376347713008,7150417211,7150417210,0.0,1.0
开明路17-23号院,住宅,114.283224757902,30.608098409584738,7150417193,7150417192,0.0,1.0
惠济二路1号院,住宅,114.28548805252402,30.61409089199202,7150417205,7150417202,0.0,1.0
育才名仕,住宅,114.28376753200568,30.616387337816814,7150417211,7150417210,0.0,1.0
市政苑,住宅,114.27971597401311,30.61783602410587,7178879963,7150411358,0.0,1.0
育才社区,住宅,114.27762959340068,30.61780456938137,656217809,656217810,0.0,1.0
华润大厦,住宅,114.28627127195055,30.61392685040525,7150417202,7150417205,0.0,1.0
苔绿花园,住宅,114.28211390782266,30.618083855866224,7150411363,7150411367,0.0,1.0
名雅居,住宅,114.28564131157326,30.609312598562905,9500015966,3501032386,0.0,1.0
育才三村,住宅,114.2774536814331,30.618281582294706,7150411360,7150411358,0.0,1.0
雅琪公寓,住宅,114.2801625389261,30.618637138338745,7178880041,7178879963,0.0,1.0
武汉市司法局干警公寓,住宅,114.28518584039372,30.608464576226474,7150417193,7150417192,0.0,1.0
便民驿站-武汉市融玺公馆,住宅,114.28362255767293,30.617676009758608,7150411368,7150411367,0.0,1.0
玲珑丽都,住宅,114.27970090678903,30.618755667328603,11290190425,7150411358,0.0,1.0
武汉润府,住宅,114.28551281915294,30.61650287891298,4942991713,7150417206,0.0,1.0
育才苑,住宅,114.27879359941663,30.619089647506694,11290190425,7150411358,0.0,1.0
澳门路230号小区,住宅,114.28520089386731,30.607672870991724,1926866443,8299158002,0.0,1.0
开明小区,住宅,114.28609991675954,30.60849827539264,7150417194,1926866443,0.0,1.0
育才四村,住宅,114.27883355245766,30.619272524017394,11290190425,7150411358,0.0,1.0
武汉星河湾,住宅,114.28567861013511,30.616991446793236,7150417210,7150417214,0.0,1.0
花西公寓,住宅,114.27550901474319,30.6185177177132,656217811,648969887,0.0,1.0
花桥劳动局宿舍小区,住宅,114.27651027683484,30.619191307678065,7150411360,4519242545,0.0,1.0
花桥二村社区,住宅,114.28227165575242,30.619365124670953,7178879986,7178879956,0.0,1.0
圆梦圆国际广场,住宅,114.27984767081118,30.620104932052588,11290190425,7178880041,0.0,1.0
惠中社区北区,住宅,114.28813122137808,30.614944744595547,7150417205,7150417218,0.0,1.0
聚才南苑1期,住宅,114.27594063048168,30.619626778750973,4519242545,648969887,0.0,1.0
聚才南苑,住宅,114.27628236796318,30.619965251733372,4519242545,648969887,0.0,1.0
惠济路41号院,住宅,114.28828201589164,30.61542832631801,7150417218,7150417205,0.0,1.0
枇杷园,住宅,114.28565657431159,30.60609485943935,1926866410,1926866441,0.0,1.0
金惠公寓,住宅,114.28814309162637,30.61629617857184,7150417218,7150417221,0.0,1.0
和成天下,住宅,114.27758837677729,30.620664447857582,4519242545,11290190420,0.0,1.0
花桥社区,住宅,114.28305885678729,30.620305693529165,7178879986,7178879956,0.0,1.0
光华路7号大院,住宅,114.28704107953405,30.6069045624877,1926866370,1926866443,0.0,1.0
重才里B区,住宅,114.27850167279063,30.620856277553813,7178879947,7150411355,0.0,1.0
光华小区(光华路),住宅,114.28565460670377,30.605743001850573,1926866410,1926866441,0.0,1.0
御景别苑,住宅,114.28892730687171,30.615441363960542,7150417218,7150417205,0.0,1.0
解放社区,住宅,114.2886152502497,30.60850961825909,9500017045,7150417194,0.0,1.0
蔡家田小区B区,住宅,114.27666502978744,30.620797471206547,7178880017,11290190420,0.0,1.0
花桥派出所楼小区,住宅,114.27655810697094,30.62077160497652,7178880017,11290190420,0.0,1.0
科技苑小区,住宅,114.28237042308527,30.621028312337312,642989469,7154185640,0.0,1.0
酒宝荡社区,住宅,114.28866747677908,30.616789202834774,7150417218,7150417221,0.0,1.0
惠济雅院,住宅,114.28928088423318,30.615783696315344,7150417218,7150417221,0.0,1.0
重才里,住宅,114.27816188595986,30.621389467467854,7178879947,7150411355,0.0,1.0
望才小区,住宅,114.28030316854186,30.621573757170772,1445954842,7178880000,0.0,1.0
统建大江园南苑,住宅,114.28693413855633,30.619083802972686,4942999946,4942999927,0.0,1.0
松园别院,住宅,114.28478918211515,30.620607211755015,7178879986,7178879956,0.0,1.0
47号小区,住宅,114.28519578594062,30.620547670450442,7178879956,8197792077,0.0,1.0
幸福家园,住宅,114.28961145674339,30.61643993263799,7150417218,7150417221,0.0,1.0
乐府江南小区,住宅,114.28961145674339,30.61643993263799,7150417218,7150417221,0.0,1.0
武华住宅小区1区,住宅,114.2765550360841,30.621617260951584,2393265057,7150411355,0.0,1.0
长江委酒宝荡小区,住宅,114.28910794613992,30.617295340405303,7150417221,7150417224,0.0,1.0
协昌里小区,住宅,114.28156906332975,30.621859019729136,642989469,7154185640,0.0,1.0
德威大厦,住宅,114.28485608222499,30.621002956451278,5300643126,642989469,0.0,1.0
江大路工科院小区,住宅,114.28457832142406,30.621379186260143,5300643126,11290212031,0.0,1.0
长江委惠济路小区49号小区,住宅,114.290234764913,30.616259062000406,7150417225,7150417218,0.0,1.0
南山福屋,住宅,114.28653343923352,30.620430826706897,7178879956,8197792077,0.0,1.0
翠涛苑C区,住宅,114.29533485535232,30.613085293865684,3501032388,3501032390,0.0,1.0
翠涛苑,住宅,114.29598204226734,30.612863322111373,3501032388,3501032390,0.0,1.0
解放公园新闻出版小区,住宅,114.29339226819053,30.61335132058859,3501032390,7150417235,0.0,1.0
清和苑,住宅,114.29505711112462,30.61422028808812,3501032391,3501032390,0.0,1.0
曙光幼儿园小区,住宅,114.29241446709524,30.61324191199312,3501032390,7150417235,0.0,1.0
永清路39号小区,住宅,114.29360192365853,30.614347583372293,3501032390,7150417235,0.0,1.0
柒景轩·棋牌·茶艺(永清路店),住宅,114.29405926187133,30.61543840852391,5300643121,7150417241,0.0,1.0
永清庭苑,住宅,114.29332917719809,30.615297633321415,5300643121,7150417241,0.0,1.0
公园社区,住宅,114.2930983877098,30.61613066185152,5300643121,7150417241,0.0,1.0
长江委永清小区,住宅,114.29422395129181,30.61665065100321,5300643121,299855783,0.0,1.0
通信学院家属院,住宅,114.29738754186431,30.608921571786563,1230844538,1230843658,0.0,1.0
宁馨园,住宅,114.29888642730249,30.61008257795221,1882149836,1230844538,0.0,1.0
长江委惠济路小区42号小区,住宅,114.29165612740886,30.616068952435082,7150417222,3501032495,0.0,1.0
永清路5号,住宅,114.29966922390328,30.611605629504012,1882149836,3501032388,0.0,1.0
艺苑社区,住宅,114.29667453589498,30.60829900881375,1230844538,1230843658,0.0,1.0
金苑商厦,住宅,114.29347286096558,30.616909749291615,7150417241,3501032495,0.0,1.0
长江委惠济路小区,住宅,114.29147732630625,30.61621017267652,7150417222,3501032495,0.0,1.0
赵家条公寓,住宅,114.29273776678954,30.61682095185791,3501032495,7150417241,0.0,1.0
江城百臻,住宅,114.29114870456549,30.616296645901443,7150417225,7150417222,0.0,1.0
解放公园路36号,住宅,114.29482199568604,30.607448389081195,1230844416,648969832,0.0,1.0
永清小路1号院,住宅,114.29453549687419,30.617384849241855,299855783,5300643121,0.0,1.0
基地第五批老干楼,住宅,114.2945364937154,30.617406838667627,299855783,5300643121,0.0,1.0
园林大院,住宅,114.29245290060159,30.607698075433355,648969832,9500017045,0.0,1.0
解大社区,住宅,114.293930121372,30.607366860762653,9500017045,648969832,0.0,1.0
永清路28号,住宅,114.29358667505534,30.617436353137293,7150417239,7150417241,0.0,1.0
永清小路3号院,住宅,114.29495893343059,30.617712029273118,5300643121,299855783,0.0,1.0
育才二小社区,住宅,114.29108671565407,30.617005453129668,3501032495,7150417222,0.0,1.0
永成花园,住宅,114.29203954419494,30.61754275479832,3501032495,7150417222,0.0,1.0
永清小路社区,住宅,114.29478511888593,30.618113147871764,7150417239,7150417241,0.0,1.0
尚德尚艺美家美苑,住宅,114.29749554572801,30.607221069309347,1230844538,1230843658,0.0,1.0
永成·精英汇,住宅,114.29195462822108,30.617741806301876,8197792080,3501032495,0.0,1.0
永清小路9号院,住宅,114.29527348443274,30.618273287810986,299855783,5300643121,0.0,1.0
仁义社区,住宅,114.30021768760277,30.60904271428634,4133842089,7713193280,0.0,1.0
黄浦雅苑,住宅,114.30044681199142,30.615467730608223,7150417260,13459792906,0.0,1.0
塔子湖黄浦社区,住宅,114.2981308036766,30.617528847853,7150417264,7150417266,0.0,1.0
俊华雅苑,住宅,114.29869290601067,30.60759090257301,1882081962,4133842089,0.0,1.0
永清小路11号院,住宅,114.29524750702475,30.61839528037738,5300643121,299855783,0.0,1.0
清风苑,住宅,114.29885483071601,30.617462648411447,7150417266,1882138546,0.0,1.0
雷达学院经济适用房,住宅,114.29325395763675,30.618899286058014,3501032495,3501032377,0.0,1.0
常阳·永清城,住宅,114.30224658435861,30.611864050615512,7150417273,1882138557,0.0,1.0
赵家条小区,住宅,114.29461521693577,30.61945787339795,3501032377,299855783,0.0,1.0
劳动街社区,住宅,114.29061211186963,30.618794452355445,7150417224,8197792080,0.0,1.0
青禾尚品,住宅,114.29148904169799,30.619338878283465,8197792080,3501032495,0.0,1.0
武汉后方基地经济适用房,住宅,114.30105474874203,30.61791768004088,7150417282,7150417275,0.0,1.0
基指大院,住宅,114.30019288743603,30.61867086423142,7150417275,1882138650,0.0,1.0
晋合世家,住宅,114.28888106821142,30.618791068575778,8197792078,4942991713,0.0,1.0
永清小区,住宅,114.30380118246131,30.613685566245074,1882138597,299855760,0.0,1.0
东亚富苑,住宅,114.29811560137466,30.620098822659816,7150417298,1676342440,0.0,1.0
黄浦大街194号院,住宅,114.29642679765804,30.62056045564248,8600114948,7150417286,0.0,1.0
长江委上滑坡小区,住宅,114.30030666178229,30.619450349099782,299848027,9506938436,0.0,1.0
宝福阁E座,住宅,114.2953341463194,30.6212819559069,8600114950,5300641307,0.0,1.0
宝福阁,住宅,114.29535112349083,30.62129492284172,8600114950,5300641307,0.0,1.0
统建大江园,住宅,114.28798996767215,30.619643037895038,4942999946,4942999927,0.0,1.0
统建大江园北苑,住宅,114.28997667484839,30.62070063944982,4939256581,4942999926,0.0,1.0
顺鑫公寓,住宅,114.29547293915722,30.62162258890107,8600114950,5300641307,0.0,1.0
宝祥阁,住宅,114.29604320880799,30.62157067392612,8600114948,4939256548,0.0,1.0
上滑社区,住宅,114.30144704541486,30.61965128813013,7150417275,7150417282,0.0,1.0
黄浦花园,住宅,114.29600923660405,30.621757652944112,4939256544,7150417293,0.0,1.0
亚安花园,住宅,114.29474982463385,30.62202560087708,4939256544,7150417293,0.0,1.0
空医家园,住宅,114.29945367810596,30.621321047201803,7150417298,1676342440,0.0,1.0
金融街壹号,住宅,114.29045803107752,30.62177946346371,299855779,4939256538,0.0,1.0
嘉会大江天际,住宅,114.28802783409857,30.620714542853744,642989453,4942999962,0.0,1.0
御江苑二期A6区,住宅,114.30645634525943,30.612613223836025,1882159772,1882159834,0.0,1.0
同心阁,住宅,114.28813366446502,30.621352125269308,642989453,4942999962,0.0,1.0
新闻出版社小区,住宅,114.30635625846648,30.615344300923823,10008300586,1882138599,0.0,1.0
山海关路77号小区,住宅,114.30388577384277,30.60544471474188,1882165534,1882077240,0.0,1.0
江大路22号小区,住宅,114.28738249431723,30.62106834038066,642989453,4942999962,0.0,1.0
长荡子社区,住宅,114.28659935884349,30.62057067489693,7178879956,8197792077,0.0,1.0
富豪公寓,住宅,114.3060206532196,30.616587404157045,1882138568,3501074214,0.0,1.0
富豪公寓,住宅,114.30600865874283,30.616730367694377,1882138568,3501074214,0.0,1.0
御江苑一期,住宅,114.30716642149815,30.610924610818266,1882149808,4523470655,0.0,1.0
御江苑二期,住宅,114.30732706752218,30.612200804251835,1882159834,1882159772,0.0,1.0
御江苑二期A8区,住宅,114.30736701540735,30.612103770360324,1882159795,1882138613,0.0,1.0
长航局江大路住宅小区,住宅,114.28650639286131,30.621290512316783,11290211985,5300643127,0.0,1.0
御江苑,住宅,114.3076486496001,30.61139354115343,1882159795,1882149808,0.0,1.0
罗家庄社区,住宅,114.29696383543121,30.623540336704426,4939256544,7150417293,0.0,1.0
御江苑二期A10区,住宅,114.30829165228968,30.611590282823894,1882159795,1882138613,0.0,1.0
云庭2期,住宅,114.31126178210287,30.61470652134553,5058363080,11399614224,0.0,1.0
武汉天地,住宅,114.30896131019912,30.61521858426869,5175111006,5175111000,0.0,1.0
武汉天地云廷2期,住宅,114.31072158698322,30.61516534271584,5058363077,5058363080,0.0,1.0
武汉天地御江璟城B9小区,住宅,114.30880153434119,30.615465778597063,5175111000,5175111006,0.0,1.0
武汉天地云廷,住宅,114.31115087303287,30.615659341933213,5058363077,5058363080,0.0,1.0
武汉天地云廷3期,住宅,114.31120474924396,30.616113057057955,5058363077,7178880057,0.0,1.0
武汉天地御江璟城,住宅,114.30972900212304,30.616637588446277,5058363077,5058363075,0.0,1.0
武汉新天地御江璟城B11小区,住宅,114.30986276669381,30.616962208379558,5058363077,5058363075,0.0,1.0
武汉天地云廷1期,住宅,114.31224304242174,30.61697076522157,7178880057,5771031975,0.0,1.0
武汉新天地御江璟城B13小区,住宅,114.31080922438781,30.61776412236485,4535099587,5771031975,0.0,1.0
武汉天地盛荟,住宅,114.30866946692687,30.618576754890057,10008300586,8196196878,0.0,1.0
华发外滩首府1期,住宅,114.31207318982072,30.618356518454643,11026977978,5771031975,0.0,1.0
武汉天地永泰时代A区,住宅,114.30956403845539,30.619157865449257,10008300562,4535099586,0.0,1.0
中建壹品·汉芯公馆B地块,住宅,114.30592262183309,30.618636745824528,11367840189,8600114957,0.0,1.0
侨治.壹方,住宅,114.309210555436,30.619489383414333,10008300562,4535099586,0.0,1.0
中建壹品·汉芯公馆,住宅,114.30616918683504,30.619399987109873,11367840189,8600114957,0.0,1.0
滨江苑1期,住宅,114.31395614725018,30.619012707362945,11026977977,11026977978,0.0,1.0
华发外滩首府三期,住宅,114.31223781549045,30.61967666969152,10693357985,11026977978,0.0,1.0
永泰时代一期,住宅,114.3099293930794,30.620073813234846,11026977959,11026977961,0.0,1.0
华发·外滩首府,住宅,114.3123256678197,30.61978046235617,11026977977,11026977962,0.0,1.0
中建壹品·汉芯公馆A地块,住宅,114.30630295602464,30.61974960135532,11367840189,8600114957,0.0,1.0
永泰时代,住宅,114.31023287539405,30.620608030687578,11026977959,11026977961,0.0,1.0
绿城·云锦府,住宅,114.30826587379526,30.621009500287652,11367840189,11367840197,0.0,1.0
中建三局工人生活区,住宅,114.30487104201335,30.620265973878404,11367840189,11367840197,0.0,1.0
永泰时代二期,住宅,114.31064716731088,30.62133196275227,11026977959,11026977961,0.0,1.0
地铁鑫城,住宅,114.30606717601724,30.621283399105927,11367840189,11367840197,0.0,1.0
黄家墩社区铁路小区,住宅,114.30926022434802,30.62241908782744,3501032503,8600114954,0.0,1.0
绿城·黄浦湾B区,住宅,114.31390698296273,30.621803654757226,11028873798,11028873800,0.0,1.0
绿城·黄浦湾A区,住宅,114.31260699957151,30.62235387647961,12716024576,10693357984,0.0,1.0
黄家墩148号,住宅,114.30642452759005,30.622583215876432,11367840189,11367840197,0.0,1.0
绿城·黄浦湾,住宅,114.31404871660727,30.62226719615095,11028873798,11028873800,0.0,1.0
滨江苑2期,住宅,114.31587784012758,30.621622995692928,1252134748,5175110986,0.0,1.0
工农家属院,住宅,114.30528722311662,30.622605263345722,11367840189,11367840197,0.0,1.0
武汉瑞府,住宅,114.31206477500854,30.623281511122006,11027026811,11027026810,0.0,1.0
绿城·黄浦湾C区,住宅,114.31476152885459,30.622821619331486,11028873800,11028873798,0.0,1.0
阳光家园,住宅,114.3064024785024,30.62352986511156,7178880047,3501032500,0.0,1.0
谊通·滨江院子,住宅,114.31617328040947,30.622584038182705,5175111153,11028873798,0.0,1.0
滨江苑,住宅,114.31684616264516,30.622941609983314,1252134748,5175111153,0.0,1.0
长建社区,住宅,114.30783120616323,30.624818725800427,4899642721,4899642725,0.0,1.0
御玺滨江C区,住宅,114.3140764689162,30.624606177282626,11028873791,11027026811,0.0,1.0
恒大双城,住宅,114.30938576453904,30.62548158896594,4899642721,4899642725,0.0,1.0
新建大院,住宅,114.30212471712748,30.623869366128943,3969572085,7150417298,0.0,1.0
机关公寓,住宅,114.30232441017914,30.6241189121027,3969572085,7150417298,0.0,1.0
东立国际3期,住宅,114.3054257934783,30.625184946766694,3501032500,7178880047,0.0,1.0
滨江阁,住宅,114.3179363372637,30.62361625213967,7972424408,1252134748,0.0,1.0
武铁余家头小区,住宅,114.33894740543337,30.61229715779675,13908355800,13238797719,0.0,1.0
滨江苑3期,住宅,114.31809299732484,30.624598546484037,7972424408,5175111151,0.0,1.0
橡树湾,住宅,114.34224634620524,30.613050948832,7922768504,13908355769,0.0,1.0
华润橡树湾二期B组团,住宅,114.34235937788723,30.610765669417578,13908355771,13908355769,0.0,1.0
锦绣家园2期,住宅,114.34507828654321,30.612087401286797,7922768537,7922768498,0.0,1.0
岸芷汀兰,住宅,114.34484377377993,30.610376492687447,6405616354,13908355773,0.0,1.0
锦绣家园,住宅,114.34534892499745,30.611781060020334,7922768537,7922768498,0.0,1.0
武昌首府B地块,住宅,114.34500757956097,30.609899401947793,6405616354,13908355773,0.0,1.0
安胜花园,住宅,114.34479541048128,30.61532857791779,11296539084,7922768533,0.0,1.0
德安苑,住宅,114.34578607985203,30.614306292937535,6405616353,7922768533,0.0,1.0
中铁十四局生活区,住宅,114.3463123610607,30.613988525971575,6405616354,6405616353,0.0,1.0
怡景苑,住宅,114.34530848799913,30.61743983685891,7922794467,7922794465,0.0,1.0
南国鼎峰,住宅,114.34782641387788,30.612054759054637,7926632621,7926632623,0.0,1.0
盛唐盛景,住宅,114.3478344053722,30.612025757405707,7926632623,7926632622,0.0,1.0
怡君苑,住宅,114.34557795940304,30.619075707106326,11296539084,6405616346,0.0,1.0
怡芳苑,住宅,114.3483180546728,30.619852772544164,7922799102,7922799103,0.0,1.0
余家头村H6地块,住宅,114.35070008976152,30.617132992447786,6405616349,7922799108,0.0,1.0
欧景苑,住宅,114.34986706818363,30.618582748224807,7922799115,7922799113,0.0,1.0
欧景苑5期,住宅,114.34944656675886,30.61933112780792,7922799102,7922799111,0.0,1.0
怡华苑,住宅,114.35141612431896,30.617458713474157,6405616349,7922799108,0.0,1.0
和平社区,住宅,114.35367457129584,30.613817652612966,5758657697,1876183739,0.0,1.0
联盟小区,住宅,114.3539245119797,30.61095742108374,5760065766,13908355777,0.0,1.0
余家头小区,住宅,114.35490218621568,30.61244233441751,5760065783,5760065766,0.0,1.0
城建江南岸(建设中),住宅,114.34130855409263,30.615277710354825,4524691292,11296539084,0.0,1.0
绿城·梧桐里,住宅,114.35515784000862,30.61287377488363,5760065776,5760065783,0.0,1.0
钢都花园125小区,住宅,114.35752182528097,30.61571913643087,4524691390,4541278508,0.0,1.0
钢都花园126街坊,住宅,114.35976554956268,30.613456880112587,4541278508,2152848555,0.0,1.0
青扬六和,住宅,114.35658977197726,30.617142914731698,4524691344,4524691390,0.0,1.0
柴林尚城,住宅,114.36091051891741,30.611490107581258,11490097633,11490097583,0.0,1.0
融侨悦府1期,住宅,114.36058897265261,30.61012009364539,11490097511,11490097518,0.0,1.0
柴林新村,住宅,114.36022384765931,30.61591525295526,2152848555,4541277493,0.0,1.0
柴林花园,住宅,114.36154694498572,30.610613605806876,7227347422,5760065771,0.0,1.0
林秀家园,住宅,114.35999402707108,30.616642273004818,2152848555,4524691344,0.0,1.0
宝钢冶金建设公司武汉地区职工住宅区,住宅,114.35889012542572,30.617694381216754,2152848555,4524691344,0.0,1.0
奥山世纪城CC尚品,住宅,114.35580354478023,30.618858376942665,1876183768,4524691477,0.0,1.0
才聚社区62街坊,住宅,114.3603675461528,30.61763035804921,4524691326,4541277493,0.0,1.0
和平花苑西区,住宅,114.35714493481993,30.61937918990366,4524691475,1876183768,0.0,1.0
钢都花园127街坊,住宅,114.3632801415646,30.61173089115079,11490097633,11490097583,0.0,1.0
农商行小院,住宅,114.35801294747273,30.619409925013542,6405616370,4524691360,0.0,1.0
民族新村,住宅,114.35794096196884,30.620166717895668,6405616370,4524691444,0.0,1.0
奥山世纪城V公馆,住宅,114.35335935322897,30.6207952953088,9861948910,9861948911,0.0,1.0
奥山世纪城澜郡,住宅,114.3565594620726,30.621082346915735,4524691444,9861948906,0.0,1.0
林湘新苑,住宅,114.36301081960133,30.618352552125216,4541277493,4541277471,0.0,1.0
新湘小区,住宅,114.36352135985331,30.61803002943908,4541277493,4541277471,0.0,1.0
才聚社区,住宅,114.35907660491823,30.62130863868187,4524691444,6405616370,0.0,1.0
钢都花园123街坊,住宅,114.36515999725577,30.61638665239017,4541278101,1205415425,0.0,1.0
宏盈花园,住宅,114.35867700664998,30.621721031559236,6405616370,4524691444,0.0,1.0
武钢书园C区,住宅,114.36043817522904,30.621016874915522,4524691475,6405616370,0.0,1.0
钢都花园124街坊,住宅,114.36616136903048,30.613572583720316,11490097518,11490097626,0.0,1.0
奥山世纪城澜橼,住宅,114.35471153311593,30.62253750633203,9861948904,9861948906,0.0,1.0
武钢云谷书园,住宅,114.3606569351679,30.621149522584105,4524691475,6405616370,0.0,1.0
和平花苑东区,住宅,114.35771601722794,30.622429110442592,6405616370,4524691444,0.0,1.0
和平花苑,住宅,114.35773499516947,30.622436080262133,6405616370,4524691444,0.0,1.0
绿景花园,住宅,114.36703581001503,30.611565362821334,4541277467,4541277505,0.0,1.0
青合仕家,住宅,114.35838023741267,30.622833993425278,4524691444,6405616370,0.0,1.0
大华·滨江天地铂金华府西区,住宅,114.35723847132222,30.623445381189942,7230845359,7230885077,0.0,1.0
大洲社区,住宅,114.36772310347135,30.613254889365326,11490097518,11490097626,0.0,1.0
春笋园小区,住宅,114.36639581746276,30.617584676114895,4541278338,4541277471,0.0,1.0
康裕苑,住宅,114.36524166451724,30.619352342158056,13448808274,4541277471,0.0,1.0
大华·滨江天地铂金华府,住宅,114.35768194178206,30.6237296224852,7230885077,3597602310,0.0,1.0
东兴天地A区,住宅,114.35917132082753,30.623373654681973,3597602310,7230885077,0.0,1.0
怡江苑,住宅,114.35310438336177,30.624102327221575,8197663918,7230845348,0.0,1.0
钢花新村118街坊,住宅,114.36569727828851,30.619181858820898,13448808274,4541277471,0.0,1.0
121街工安小院,住宅,114.36643872799482,30.61819037809132,4541278338,4541277471,0.0,1.0
大洲星城A区,住宅,114.36852246097126,30.61342291929052,11490097518,11490097626,0.0,1.0
艺城·紫金滨江,住宅,114.35593989482877,30.624434878858025,7230885077,7230885076,0.0,1.0
122社区冶建花园西区,住宅,114.36838644014958,30.614859489965365,4524691404,4541277470,0.0,1.0
大华·滨江天地铂金华府东区,住宅,114.35848299937486,30.624249262514194,7230885077,3597602310,0.0,1.0
才惠社区58小区,住宅,114.36545637893279,30.620442633652708,13448808274,4541277471,0.0,1.0
园林星城,住宅,114.36604491978494,30.619835173544065,13448808274,4541277471,0.0,1.0
郦俯,住宅,114.35701761952141,30.624646205532866,7230885076,7230885077,0.0,1.0
武汉江山2期,住宅,114.35219448424195,30.6247184959574,8197635881,8197663918,0.0,1.0
大华滨江天地南区,住宅,114.35624249162937,30.624971208343148,7230885076,7230885077,0.0,1.0
青教花园2期,住宅,114.36110023026262,30.623962763004748,2152853235,3597602310,0.0,1.0
桂桔里,住宅,114.36718198005579,30.619658906669066,4541277471,4541277898,0.0,1.0
武汉江山,住宅,114.35282461708078,30.625462199354583,8197635881,8197663918,0.0,1.0
青教花园,住宅,114.36064565254372,30.624507152245315,2152853235,3597602310,0.0,1.0
大洲星城B区,住宅,114.3702571207738,30.61410275983399,4541276628,4541277470,0.0,1.0
金鹤园北区,住宅,114.37218401887978,30.611980643467092,4541277960,4541278514,0.0,1.0
金鹤园,住宅,114.37269673126252,30.611630281330825,12003595954,12003595942,0.0,1.0
122社区冶建花园,住宅,114.36967841551395,30.615469823239092,4541277470,4524691404,0.0,1.0
122社区冶建花园东区,住宅,114.37026097435573,30.615741091572296,4524691404,11810163033,0.0,1.0
大洲星城C区,住宅,114.37281832577168,30.6154096361179,4541276628,4541277470,0.0,1.0
新鑫园社区,住宅,114.37380881872365,30.61457003521104,11490097518,11490097626,0.0,1.0
景苑小区,住宅,114.37199275587444,30.61636305993896,4541277470,4541276628,0.0,1.0
金鹤园南区,住宅,114.37440985061896,30.610408159001715,12003595954,12003595942,0.0,1.0
大洲星城,住宅,114.37339895969926,30.615647983291385,4541276628,4541277470,0.0,1.0
鑫园大厦,住宅,114.37486223196426,30.61471201526687,11490097518,11490097626,0.0,1.0
青洲花园,住宅,114.37288017823089,30.616665066063298,11810163033,4541276628,0.0,1.0
武钢钢花新村121小区,住宅,114.36947229662529,30.618543793766975,4541277767,4541278338,0.0,1.0
钢花新村,住宅,114.36923445263118,30.618770959594215,4541278338,4541277767,0.0,1.0
大洲星城D区,住宅,114.37513492395563,30.61661200114788,9893940668,4541278148,0.0,1.0
景胜花园1期,住宅,114.37745131542684,30.611277209225197,12003595941,3044755108,0.0,1.0
钢都公寓,住宅,114.37750213963922,30.613040458397133,7227313184,4541277403,0.0,1.0
钢洲花园,住宅,114.37448114922404,30.617964036167134,4541277453,7230791813,0.0,1.0
景胜花园,住宅,114.37791409783794,30.61161270880154,4541277403,7227313184,0.0,1.0
百胜·青城壹品,住宅,114.37711009003728,30.615493780518833,9893940669,9893940670,0.0,1.0
荣星苑,住宅,114.36769053647213,30.62001717438034,4541277471,4541277898,0.0,1.0
金科城三期,住宅,114.37656717233709,30.617291495295035,7230791813,9893940667,0.0,1.0
菁华园,住宅,114.37873588273985,30.6105115222639,7227374356,7227374359,0.0,1.0
雀苑一品(玲珑汇店),住宅,114.3755854969311,30.61889367536779,4541277453,7230791813,0.0,1.0
钢花村街120社区,住宅,114.37422912442054,30.619810510928993,1217609013,12187416804,0.0,1.0
宏昌·玲珑汇,住宅,114.37624519654646,30.61870418827742,7230791813,9893940667,0.0,1.0
红卫路街才惠社区58街坊,住宅,114.36791921192248,30.621639247461797,4541277473,4541277683,0.0,1.0
钢花新村119街坊,住宅,114.3723970309995,30.62171946784563,4541277911,1217609009,0.0,1.0
和平公园公寓,住宅,114.36957988338523,30.622355112814564,4541277911,7230783610,0.0,1.0
金科城,住宅,114.37906209508637,30.61817017911407,9893940667,7230791813,0.0,1.0
一二零小区,住宅,114.37538339544989,30.621197906523545,1217609013,1217609010,0.0,1.0
TCL康城绿洲A地块,住宅,114.38142506309501,30.61054963043459,7227374356,7227374359,0.0,1.0
金科城1期,住宅,114.37955990620429,30.618410718614648,4541277892,7227313200,0.0,1.0
武汉市星桥苑小区,住宅,114.37859713069304,30.619659916625874,7230791813,4541277967,0.0,1.0
金科城12期,住宅,114.37992778491633,30.618458437567234,4541277892,7227313200,0.0,1.0
洪福美邻,住宅,114.36949386792068,30.623249836625487,7230783610,4541277661,0.0,1.0
才惠社区56街坊,住宅,114.36707574518766,30.62333151887027,4541278092,4541277473,0.0,1.0
葛洲坝生活区,住宅,114.36961774268717,30.623643540032955,7230783610,4541277661,0.0,1.0
生态家园,住宅,114.38293061962631,30.611977129807563,7227374525,7227313185,0.0,1.0
大米先生(金科城店),住宅,114.38107348367109,30.618165776273965,4541277892,7227313200,0.0,1.0
能建·青誉府,住宅,114.37079688881963,30.62386819869193,4541277911,1217609009,0.0,1.0
金科城2期,住宅,114.38031257822179,30.619489747667462,4541277892,7227313200,0.0,1.0
钢花村街118社区,住宅,114.37762631723028,30.62183077584519,1195135563,1217609013,0.0,1.0
能建青誉府二期,住宅,114.36933588091955,30.624429520213802,4541277661,11296539089,0.0,1.0
山河阁调,住宅,114.38010453207347,30.620722386239205,7230791813,4541277967,0.0,1.0
冶勘金地花园,住宅,114.37136340555192,30.625024137096297,1217609009,11296539089,0.0,1.0
吾行里,住宅,114.36925487812397,30.625146311386423,4541277661,11296539089,0.0,1.0
钢花村街117社区,住宅,114.37602284575453,30.623896241420837,1217609010,4541277614,0.0,1.0
楠山有约南苑坊,住宅,114.38193716223526,30.61945469450475,7227313199,4541277568,0.0,1.0
钢花村街社区,住宅,114.37721334056786,30.623530404933597,1217609010,4541277614,0.0,1.0
福星惠誉·青城华府,住宅,114.3832770340089,30.6179804953669,7227313196,7227313199,0.0,1.0
公汽小区,住宅,114.36710453857123,30.62541662196088,4541277490,4541277909,0.0,1.0
武汉理工大学余家头三期小区,住宅,114.35394643036753,30.61158013709835,5760065783,5760065766,0.0,1.0
东方玉龙居,住宅,114.38531336676174,30.611491044257075,7227374525,7227313185,0.0,1.0
青城华府1期,住宅,114.38387391320218,30.618345012388634,4524689858,4541277719,0.0,1.0
东方尚锦,住宅,114.39151381481803,30.61165674101938,13832195976,13832197254,0.0,1.0
东方尚锦B区,住宅,114.39162689616545,30.61101797208199,13832195976,13832197254,0.0,1.0
青翠苑社区三号院,住宅,114.38521872565845,30.618876095247142,7227313002,7227313003,0.0,1.0
青翠苑社区四号院,住宅,114.38678065468731,30.6190043223881,4524691303,7227313002,0.0,1.0
东方雅园1期西区,住宅,114.39231075757766,30.614494425807322,2829277925,7227316394,0.0,1.0
东方雅园二期西区,住宅,114.39151141293479,30.616232890717246,2829277925,7227316394,0.0,1.0
青翠苑社区房产院,住宅,114.3861976207327,30.61949537855078,4524691303,7227313002,0.0,1.0
青翠苑社区工安苑,住宅,114.3878536642734,30.619173816466617,4524691303,7227313002,0.0,1.0
东方雅园1期,住宅,114.39293593100894,30.614475319434128,2829277925,7227316394,0.0,1.0
青翠苑社区,住宅,114.38683457947377,30.619860948489706,7227313002,4524691303,0.0,1.0
青翠苑社区一号院,住宅,114.38534660752943,30.62011852360785,4524689853,7227313002,0.0,1.0
东方雅园12期,住宅,114.39294085932569,30.615308980692244,2829277925,7227316394,0.0,1.0
东方雅园二期,住宅,114.39261968334391,30.616281642083543,2829277925,7227316394,0.0,1.0
青翠苑社区二期,住宅,114.38534658244451,30.620404406321775,4524689853,7227313002,0.0,1.0
钢花南苑,住宅,114.38326882131696,30.620419501703857,4541277568,4524689858,0.0,1.0
阳光小镇,住宅,114.39242258422178,30.616805465802187,7227316395,7227316394,0.0,1.0
青翠苑社区二号院,住宅,114.38681253114787,30.620411731988796,4524691303,7227313002,0.0,1.0
东方雅园1期东区,住宅,114.39414932824533,30.61436319145595,2829277925,7227316394,0.0,1.0
东方雅园二期东区,住宅,114.39349193739562,30.61632548129512,7227316394,2829277925,0.0,1.0
智和路106号院,住宅,114.39392513442652,30.61569567843026,2829277925,7227316394,0.0,1.0
东方雅园,住宅,114.39436831322652,30.615418739112496,2829277925,7227316394,0.0,1.0
梅竹园小区,住宅,114.38951170347448,30.62036674744288,4524691303,7227313002,0.0,1.0
海朝阳光,住宅,114.39333578041752,30.61755800256464,11490097633,11490097583,0.0,1.0
东方丽锦西区,住宅,114.39424502777011,30.618172631576375,11490097518,11490097626,0.0,1.0
钢花村街115社区,住宅,114.38380155021657,30.622594307813557,1212025361,4541276621,0.0,1.0
钢花东村112物业小区,住宅,114.38821937967857,30.62265224935155,1212025360,1212025355,0.0,1.0
东方丽锦,住宅,114.39531243305444,30.61817053712726,11490097633,11490097583,0.0,1.0
东方雅园三期,住宅,114.39681432510861,30.615576543362508,7227316394,7227316393,0.0,1.0
东方丽锦东区,住宅,114.39608976248861,30.61817849572149,11490097633,11490097583,0.0,1.0
钢花新村114街坊,住宅,114.3828865606626,30.624135191870767,1212025360,9893917203,0.0,1.0
钢花村街114社区,住宅,114.38537320992488,30.62462865139226,1212025349,1212025360,0.0,1.0
冶金109街坊,住宅,114.39290520930754,30.62260200331499,4541276640,1195135525,0.0,1.0
智和雅庭,住宅,114.39588648298081,30.620348614796693,4541277669,12254196655,0.0,1.0
钢花村街111社区,住宅,114.38788417832883,30.6247285170766,1212025349,1212025348,0.0,1.0
方园,住宅,114.38326241389882,30.625073585167264,4541277779,1212025349,0.0,1.0
钢花新村116街坊,住宅,114.3799242504533,30.62456092913978,4541277614,4541277517,0.0,1.0
东方花园,住宅,114.39822388119335,30.617502802884776,7227316393,7227316394,0.0,1.0
冶金新苑,住宅,114.39522506720961,30.62193999726037,1211889614,1211889615,0.0,1.0
北洋桥社区,住宅,114.40498207228165,30.61364480106025,7227374877,7227374871,0.0,1.0
北洋桥鑫园南区西区,住宅,114.40464363117235,30.615283017482103,7227374871,7227374877,0.0,1.0
舜安文苑,住宅,114.40595109923217,30.612013831753114,1863926576,13832195975,0.0,1.0
华侨城欢乐天际,住宅,114.40593219461711,30.610722343283403,5227950370,1863926570,0.0,1.0
欢乐天际·中央区一期,住宅,114.40639666440775,30.61038367242623,5227950370,1863926570,0.0,1.0
现代花园C区,住宅,114.40126468085474,30.618651726261113,13832196012,7227316405,0.0,1.0
万科东湖堤白,住宅,114.40732730184548,30.613550813812775,7227374875,1863926667,0.0,1.0
北洋桥鑫园,住宅,114.40619194809294,30.61633318324108,7227374871,7227374875,0.0,1.0
北洋桥鑫园B区,住宅,114.4069337613382,30.615244947136127,7227374871,7227374875,0.0,1.0
北洋桥鑫园东区,住宅,114.4071709609705,30.615653889351243,7227374871,7227374875,0.0,1.0
北洋桥鑫园小区食享会社区店,住宅,114.40731810249412,30.615721930095383,7227374871,7227374875,0.0,1.0
牡丹园,住宅,114.39791349654827,30.619972775966364,4524691394,12254196698,0.0,1.0
现代花园B区,住宅,114.40105541445712,30.620030121759015,7227316398,13832196013,0.0,1.0
现代花园,住宅,114.40124349631348,30.62058792890465,7227316398,13832196013,0.0,1.0
东方红花园,住宅,114.39874888815646,30.62079049591156,4524691394,12254196698,0.0,1.0
北洋桥鑫园北区,住宅,114.40674929502204,30.61850153894494,7227374871,7227374887,0.0,1.0
钢花新村106街坊物业小区,住宅,114.39729694311703,30.622637658856124,1211889487,1211889546,0.0,1.0
现代花园A区,住宅,114.40164760326705,30.62264116671468,3044755124,4541278306,0.0,1.0
悦达新天地,住宅,114.39462577512897,30.622627763490165,1211889604,2829277913,0.0,1.0
杨春湖景苑2期,住宅,114.40855084248521,30.62187402566545,11490097633,11490097583,0.0,1.0
利加华庭二期小区,住宅,114.4032797054371,30.62423991444225,3044755124,12254196464,0.0,1.0
利加华庭东区,住宅,114.4032817069552,30.624240914602115,12254196464,3044755124,0.0,1.0
利加华庭,住宅,114.40247004570844,30.62454457087892,3044755124,12254196464,0.0,1.0
欣城社区105小区,住宅,114.3968265328667,30.62467781053161,1212025347,1212025346,0.0,1.0
利加华庭西区,住宅,114.4021537959305,30.624675439703108,3044755124,12254196464,0.0,1.0
杨春湖畔西区,住宅,114.41070437256467,30.620598781643956,11490097518,11490097626,0.0,1.0
楚天都市春水行云(西门),住宅,114.41891735161389,30.613639223904585,13819742189,1862951415,0.0,1.0
武汉站铁路公寓,住宅,114.42007030258381,30.61267178248928,13819742189,1862951415,0.0,1.0
楚天都市·春水行云,住宅,114.42010416502539,30.614885922706893,11490097518,11490097626,0.0,1.0
杨春湖畔东区,住宅,114.41311335964801,30.62055542446362,11490097518,11490097626,0.0,1.0
杨春湖畔,住宅,114.41208204505342,30.62057268975441,11490097518,11490097626,0.0,1.0
杨春湖景苑3期南区,住宅,114.41285384585764,30.622593398399857,11490097633,11490097583,0.0,1.0
杨春湖景苑3期,住宅,114.41273869529576,30.6226253029732,11490097633,11490097583,0.0,1.0
杨春湖景苑1期,住宅,114.41031675345094,30.622500762049846,11490097633,11490097583,0.0,1.0
杨春湖景苑,住宅,114.41004742944537,30.622660535405217,11490097633,11490097583,0.0,1.0
杨春湖景苑2期西区,住宅,114.42550837879207,30.619657238411197,11490097518,11490097626,0.0,1.0
杨春湖景苑3期北区,住宅,114.41172126694279,30.624359885247564,11490097633,11490097583,0.0,1.0
杨春湖景苑2期,住宅,114.42643215182987,30.619832363230433,11490097518,11490097626,0.0,1.0
华生·汉口城市广场四期,住宅,114.17406290415164,30.63185560862944,1192680240,1192680080,0.0,1.0
华生·汉口城市广场三期北区,住宅,114.16927458541329,30.626271993355058,11299240981,4033245975,0.0,1.0
华生·汉口城市广场四期三区,住宅,114.17404784917102,30.631990523941315,1192680240,1192680080,0.0,1.0
华生·汉口城市广场四期二区,住宅,114.17752383630979,30.631216264315995,1192680240,1192680080,0.0,1.0
华生·汉口城市广场四期一区,住宅,114.18041105582515,30.630336883926276,1192680240,1192680080,0.0,1.0
华生·汉口城市广场四期四区,住宅,114.16977245687995,30.63277820631327,1192680240,1192680080,0.0,1.0
华生汉口城市广场,住宅,114.18165248933772,30.63073994617083,4703618035,13439313175,0.0,1.0
正格幕墙检测枕溪庭,住宅,114.17238386673849,30.634265466491623,1192680240,1192680080,0.0,1.0
凌云集团青年公寓,住宅,114.18297994613103,30.633355212198325,4703618035,13439313175,0.0,1.0
凌云金湖家园E区,住宅,114.17959528962226,30.635789110683213,4703618035,13439313175,0.0,1.0
凌云金湖家园F区,住宅,114.18174133605638,30.63533516850881,4703618035,13439313175,0.0,1.0
鑫桥新村,住宅,114.18670347881687,30.62936939843469,13439313179,13439313212,0.0,1.0
凌云金湖家园A区,住宅,114.17907565571188,30.637742337675324,4703618035,13439313175,0.0,1.0
凌云金湖家园,住宅,114.18150252062036,30.63705601074817,4703618035,13439313175,0.0,1.0
凌云金湖家园B区,住宅,114.1804013753734,30.637825703256883,4703618035,13439313175,0.0,1.0
凌云金湖家园D区,住宅,114.1828733741814,30.636533678022012,4703618035,13439313175,0.0,1.0
金珠港湾北区,住宅,114.18524506946345,30.63451370786618,4703618035,13439313175,0.0,1.0
凌云金湖家园C区,住宅,114.18173915344948,30.637359305501974,4703618035,13439313175,0.0,1.0
华夏蓝天金银湖万达,住宅,114.17165626452096,30.640036653737635,1192680240,1192680080,0.0,1.0
金地格林春岸,住宅,114.18853408296687,30.632959018042236,4703618035,13439313175,0.0,1.0
翠堤春晓西区,住宅,114.19347131241071,30.62934268047616,13439313179,13439313212,0.0,1.0
翠堤春晓,住宅,114.19627639566068,30.629378082955878,13439313208,8306162997,0.0,1.0
裕亚银湖城1期,住宅,114.19597351797921,30.63078302554567,12841249630,8192138452,0.0,1.0
翡翠园,住宅,114.19755289415711,30.625462668040814,8306163003,8238666030,0.0,1.0
裕亚银湖城南苑,住宅,114.19648772969033,30.63158748294153,8192138452,8192138453,0.0,1.0
金地格林春岸泽园,住宅,114.18813485863348,30.634769576371593,5521090062,4703618038,0.0,1.0
阅景国际,住宅,114.19683044668814,30.633123363301262,12841249641,8192138453,0.0,1.0
翠堤春晓东区,住宅,114.20055380257229,30.629420469546478,13439313215,13439313206,0.0,1.0
金盛·食光里,住宅,114.19772756595864,30.63418428214578,12841249643,12841249641,0.0,1.0
丽水俊园,住宅,114.19142332379752,30.637349979204267,3584782004,8480387201,0.0,1.0
金湖御品2期,住宅,114.19913106871766,30.63318680463207,8192138468,12841249636,0.0,1.0
裕亚·金湖御品,住宅,114.19944781410463,30.633395184729398,8192138468,12841249636,0.0,1.0
金湖湾,住宅,114.19126280333955,30.638518217798698,3584782004,8480387201,0.0,1.0
东方海棠花园,住宅,114.19825253358229,30.637829527357916,8480387202,8480387200,0.0,1.0
金湖天地1期,住宅,114.19592267460769,30.639029457157992,8480387202,8480387201,0.0,1.0
万科四季花城米兰苑,住宅,114.20104539091464,30.636054383868228,8192138455,8192138458,0.0,1.0
金湖天地,住宅,114.19458724256219,30.63984101790118,5521090061,8480387200,0.0,1.0
万科四季花城丁香苑,住宅,114.20224431014924,30.634781626220835,3584782000,8192138458,0.0,1.0
金湖听语,住宅,114.19106108431009,30.64072394284869,5521090061,8480387201,0.0,1.0
丰泽园,住宅,114.20576759645218,30.631496803509027,4703442136,4703442133,0.0,1.0
开来·银湖鑫城,住宅,114.20816181447731,30.631421901388002,4703442136,3044755183,0.0,1.0
银湖御园,住宅,114.20899148935297,30.632422505758097,4703442136,3044755183,0.0,1.0
万科四季花城荷花苑,住宅,114.20585355952886,30.634119811305247,8192138454,3584782000,0.0,1.0
万科四季花城紫罗兰苑,住宅,114.20426497875087,30.634408572271585,3584782000,8192138458,0.0,1.0
万科四季花城紫荆苑,住宅,114.20440120454518,30.63535735496495,3584782000,8192138454,0.0,1.0
万科四季花城银湖美舍,住宅,114.2055607852712,30.635561816092647,3584782000,8192138454,0.0,1.0
万科四季花城水仙苑,住宅,114.20299498176172,30.635534355592394,3584782000,8192138454,0.0,1.0
万科四季花城左岸枫林,住宅,114.2033136442868,30.636337455572882,3584782000,8192138454,0.0,1.0
万科四季花城,住宅,114.20311919765366,30.63634018589145,3584782000,8192138454,0.0,1.0
万科四季花城郁金香苑,住宅,114.20236044836699,30.636299146278674,3584782000,8192138454,0.0,1.0
银湖翡翠瞰湖轩,住宅,114.21084304905534,30.635732323588755,5570791434,5570791452,0.0,1.0
万科四季花城蔷薇苑,住宅,114.2027502670439,30.63726827943692,8192138454,3584782000,0.0,1.0
万科四季花城银湖丽舍,住宅,114.20376053656898,30.63782843517312,3584782000,8192138454,0.0,1.0
万科四季花城海棠苑,住宅,114.20143718439414,30.63754231220393,8192138454,8192138455,0.0,1.0
万科四季花城杜鹃苑,住宅,114.20280532203932,30.63810000205596,3584782000,8192138454,0.0,1.0
万科四季花城西半岛1期,住宅,114.19992259711613,30.637499143150013,8192138455,8192138454,0.0,1.0
万科四季花城玫瑰苑,住宅,114.20146517920607,30.638360003860946,8192138455,8192138454,0.0,1.0
银湖翡翠尚院,住宅,114.20766312926334,30.638525269453854,5570791452,5570791434,0.0,1.0
银湖翡翠揽湖轩,住宅,114.21015044543424,30.637796629360242,5570791452,5570791434,0.0,1.0
恒基旭辉·铂悦园著,住宅,114.21526285831668,30.63434378540976,4703442140,3044755183,0.0,1.0
万科四季花城百合苑,住宅,114.202770169451,30.63892360194818,3584782000,8192138454,0.0,1.0
万科四季花城牡丹苑,住宅,114.20174778150974,30.639053109946286,8192138454,3584782000,0.0,1.0
常安马城壹号,住宅,114.21762946563064,30.63143037177244,8192138377,7710797897,0.0,1.0
卧龙·丽景湾名著苑,住宅,114.21262049271994,30.63729968989145,3044755218,3044755228,0.0,1.0
银湖翡翠倚湖轩,住宅,114.2076029058795,30.639605732188326,12841249669,8192233549,0.0,1.0
园博园社区,住宅,114.21225970151816,30.63815192234486,3044755228,3044755218,0.0,1.0
卧龙·丽景湾(马城西路),住宅,114.21543202084686,30.63614519704079,3044755218,3044755228,0.0,1.0
常安佳苑,住宅,114.21820138344957,30.632617415366195,8192138449,4703442140,0.0,1.0
卧龙·丽景湾乐山苑,住宅,114.2145202135306,30.637055858874074,3044755218,3044755228,0.0,1.0
卧龙·丽景湾米兰苑,住宅,114.21789372064967,30.633952561562285,4703442140,8192138449,0.0,1.0
卧龙·丽景湾香山苑,住宅,114.21582671081613,30.636707362052853,3044755218,3044755228,0.0,1.0
金银湖新村南区,住宅,114.22067284935616,30.63026962356875,5570791454,3044755190,0.0,1.0
金银湖新村,住宅,114.22031822025562,30.630642161081575,11357531636,5570791453,0.0,1.0
金银湖新村北区,住宅,114.21946869059929,30.631562024022504,8192138377,8192138376,0.0,1.0
园博社区,住宅,114.22078492259922,30.631593164097467,11357531636,5570791453,0.0,1.0
卧龙东方郡,住宅,114.22071172196073,30.632497721001105,11357531636,5570791453,0.0,1.0
万科城一期,住宅,114.2270639611681,30.627627508585192,3732372520,9862507664,0.0,1.0
卧龙·丽景湾一期,住宅,114.2190076050837,30.63487720842983,3044755218,8192138449,0.0,1.0
卧龙·丽景湾依云苑,住宅,114.21791466261749,30.63505611481866,3044755218,8192138449,0.0,1.0
万科城,住宅,114.22918580505724,30.628346478281863,3732372520,9862507664,0.0,1.0
万科城二期,住宅,114.22937310171827,30.62777482097841,3732372520,9862507664,0.0,1.0
万科城三期,住宅,114.22988365966967,30.62903357343067,8192138340,4739304812,0.0,1.0
卧龙·丽景湾蓝山苑,住宅,114.2170519937187,30.63638971847582,3044755218,3044755228,0.0,1.0
迎宾花园,住宅,114.23135161052758,30.627913786876263,3732372520,9862507664,0.0,1.0
台银别墅,住宅,114.23209461879807,30.626694642090033,3732372517,3732372521,0.0,1.0
常宁里,住宅,114.23208962531338,30.626549700082766,3732372517,3732372521,0.0,1.0
常青花园一小区5村,住宅,114.23084059967488,30.63226971137787,1201613624,1201613944,0.0,1.0
江汉经发公寓,住宅,114.23248097716137,30.627874323647564,3732372521,3044755155,0.0,1.0
常青花园三村,住宅,114.22960980570842,30.634801000099042,4736397170,4769398260,0.0,1.0
常宁里特一号,住宅,114.23286848914938,30.62721376656781,3732372521,3044755155,0.0,1.0
常青花园一村,住宅,114.23083247785924,30.633563162180987,4736397170,4736397171,0.0,1.0
常青花园六村,住宅,114.22746373712887,30.636732928753364,1217544906,7710797959,0.0,1.0
东方名都,住宅,114.23290764669082,30.62591632257132,1540326780,1540326793,0.0,1.0
恺德信达樾景臺,住宅,114.21628739219655,30.63871097400425,3044755228,3044755218,0.0,1.0
科技创业社区,住宅,114.23324191382045,30.627301886275553,3044755155,8202725356,0.0,1.0
常青花园骏岭,住宅,114.22634797844036,30.638737359200512,3486619634,4736395796,0.0,1.0
民航小区,住宅,114.23375316297324,30.631159479042427,3822225891,13850113584,0.0,1.0
常青花园七村南村,住宅,114.22723527241199,30.63840407444846,1217544906,7710797959,0.0,1.0
常青花园四村,住宅,114.23097644509451,30.636029190340864,4736397167,4736397172,0.0,1.0
常青花园七村,住宅,114.22702794211482,30.63883975719504,4736397157,4540133638,0.0,1.0
常青花园二村,住宅,114.23210993308086,30.63485422589874,4736397166,4736397171,0.0,1.0
常青花园五村,住宅,114.22962460318158,30.637370917735918,4736397167,4736397156,0.0,1.0
常青花园B座,住宅,114.22548262851915,30.63971335658374,4736397164,4736395796,0.0,1.0
常青锦园,住宅,114.23564543521769,30.628634213688972,11250185999,3822225895,0.0,1.0
边防家园,住宅,114.23660037617618,30.62905133051978,1540325243,3044755161,0.0,1.0
南航小区,住宅,114.23574938761972,30.63044149082465,7232993509,11250185999,0.0,1.0
泽皓雅居,住宅,114.23789159635297,30.629476492028147,1540325243,3044755161,0.0,1.0
民航里社区海关宿舍,住宅,114.2351706539626,30.63188669325799,7232993506,1540325293,0.0,1.0
南航花苑,住宅,114.23748105223628,30.63124464976394,3044755179,1540325243,0.0,1.0
金色雅园金池苑,住宅,114.2393718683987,30.63037842618485,3044755179,1540325243,0.0,1.0
金色雅园金源苑,住宅,114.24015894884909,30.62571150487126,1540326796,3044755148,0.0,1.0
武汉跃达建筑公司住宅小区,住宅,114.23749292588266,30.632841980787262,7233004114,1540325293,0.0,1.0
常青花园社区,住宅,114.2402745933372,30.630962330893908,3044755167,3044755179,0.0,1.0
金色雅园,住宅,114.24162601241756,30.627177079644273,3044755148,3270664780,0.0,1.0
长春小区,住宅,114.23645885920708,30.633395465215052,7233004114,1540325293,0.0,1.0
常青南苑1期,住宅,114.24200208665039,30.6296740713302,1540326790,3044755167,0.0,1.0
金色雅园金涛苑,住宅,114.24243750370816,30.628633539075068,1540326790,3044755167,0.0,1.0
新世界·常青南园南区,住宅,114.24170677681025,30.630636641743724,3044755179,1540326760,0.0,1.0
新世界·常青南园,住宅,114.24141450640684,30.631124407802794,1540326760,3044755179,0.0,1.0
新世界·常青南园北区,住宅,114.24065680132317,30.63222985222747,1540326760,3044755179,0.0,1.0
金色雅园金沙苑,住宅,114.24320124119184,30.626501467428465,3044755148,3270664780,0.0,1.0
莱特花园,住宅,114.24261198542136,30.624540252022864,3732361114,1540325326,0.0,1.0
金色雅园,住宅,114.23866991429216,30.63415969703237,7233004112,7233004114,0.0,1.0
福星华府K1地块,住宅,114.23827949302937,30.634884306011102,7233004114,7233004112,0.0,1.0
阳光花园·益康苑,住宅,114.2437262299657,30.63086965758711,1540326760,1540326790,0.0,1.0
阳光花园4期,住宅,114.2440374909578,30.630287905326036,3044755172,1540326790,0.0,1.0
阳光丽舍,住宅,114.24329083399064,30.631957189244137,1540326802,1540326760,0.0,1.0
常青花园二十七村西区,住宅,114.23273556281725,30.636148953790777,3486619637,4736397173,0.0,1.0
常青花园二十七村,住宅,114.234605659462,30.63635760580703,3486619637,4737495304,0.0,1.0
常青花园二十七村东区,住宅,114.23552562924509,30.636522852331453,3486619637,4737495304,0.0,1.0
巾帼园,住宅,114.24485400294353,30.63052479838455,3044755172,1540326790,0.0,1.0
福星惠誉·琛境,住宅,114.24546467817584,30.627085213190806,1540325311,3270664780,0.0,1.0
二滩国际,住宅,114.24176348083694,30.634576987290696,1540325204,3732361543,0.0,1.0
统建阳光北苑,住宅,114.24554553046983,30.62936525778908,3044755172,3044755162,0.0,1.0
红光小区,住宅,114.24352086746967,30.63343257458013,1540326802,1540326760,0.0,1.0
武汉市红光小区1期,住宅,114.24354588273508,30.633456565088633,1540326760,1540326802,0.0,1.0
红光小区二期,住宅,114.24454665166047,30.632315052029888,1540326760,1540326802,0.0,1.0
盛世江城,住宅,114.24132505996744,30.63548156016196,7233004112,7233048699,0.0,1.0
盛世江城3期,住宅,114.24230185171385,30.63502184326396,3732361543,1540325204,0.0,1.0
和成天下,住宅,114.2448537701474,30.633222663744192,1540326802,1540325204,0.0,1.0
城投红树林,住宅,114.2459045406522,30.63172324812645,3044755172,1540326802,0.0,1.0
金盛时代,住宅,114.24719270065077,30.626603274106152,1540325311,3044755147,0.0,1.0
长城港湾,住宅,114.24536503780284,30.633808398874116,1540326802,1540325204,0.0,1.0
万景橘苑,住宅,114.24515481003158,30.634948925087084,1540325184,1540325204,0.0,1.0
武汉轻工大学常青花园十小区,住宅,114.24065026629941,30.638370250047203,4737495304,3486619637,0.0,1.0
阳光花园,住宅,114.24872034297574,30.627919508343314,3044755162,1540325269,0.0,1.0
顶琇国际公馆,住宅,114.24884352829889,30.626424109516563,3044755147,1540325309,0.0,1.0
馨苑小区,住宅,114.24858809085563,30.630132605583892,1540325330,3044755172,0.0,1.0
福星华府K3区,住宅,114.24430310831129,30.63677116929366,7233048699,1540325204,0.0,1.0
鼎尚居,住宅,114.24875608749038,30.631073182575367,1540325330,3044755172,0.0,1.0
常青花园八村,住宅,114.22845788424816,30.639297436858705,4736397157,4736397156,0.0,1.0
阳光新苑,住宅,114.24697787119311,30.6348928196631,1540325184,1540325324,0.0,1.0
福星华府,住宅,114.24507558280641,30.63701205252176,7438202447,7438202466,0.0,1.0
福星华府东区,住宅,114.24521667537965,30.636954072101293,7438202447,7438202466,0.0,1.0
邮政小区,住宅,114.25033912535903,30.626813641919878,3044755147,1540325309,0.0,1.0
浩海丰太花园,住宅,114.25122830237403,30.628560692017224,4741734918,11699967630,0.0,1.0
博海名居,住宅,114.2528188295673,30.628226360763026,1540325336,4741734918,0.0,1.0
丰太园,住宅,114.25159632366154,30.629767087079262,11699967630,7154185736,0.0,1.0
浩海小区,住宅,114.25244764288486,30.629159089514765,7154185736,1993306191,0.0,1.0
常青三垸社区,住宅,114.25057789688567,30.630524035495682,7154185737,7154185739,0.0,1.0
江汉区城管局宿舍,住宅,114.25370807683167,30.628023140961094,1540325336,4741734918,0.0,1.0
和成天下,住宅,114.25490850829287,30.625973535966565,7159632306,4741736334,0.0,1.0
常青四垸社区,住宅,114.25046869764287,30.632353292995127,7154185739,11699967632,0.0,1.0
万丰花园,住宅,114.25535644058492,30.627672644413842,7159632307,4741736333,0.0,1.0
常二社区,住宅,114.25343372808159,30.63128887104489,7154185733,7154185737,0.0,1.0
京华时代,住宅,114.25547255395404,30.62657805102499,7159632307,4741736333,0.0,1.0
常青五垸,住宅,114.24958126898102,30.63318413878065,11699967632,7154185739,0.0,1.0
新华家园悦景居,住宅,114.2563735836587,30.6277091822178,3732365332,1540325251,0.0,1.0
华苑小区,住宅,114.25594134878733,30.629776513137276,3732365333,1540325251,0.0,1.0
常青二苑,住宅,114.25442891696134,30.631739315989602,7154185733,7154185729,0.0,1.0
紫薇苑,住宅,114.25660849351142,30.62907150481917,1540325251,4741736333,0.0,1.0
远洋心里1期,住宅,114.25400771970081,30.632970956719536,11250186105,11250186103,0.0,1.0
万科汉口传奇1期,住宅,114.2569468905921,30.62487409157775,8202725301,8202725302,0.0,1.0
新华家园,住宅,114.25778167729688,30.628105335157528,3732365332,1540325251,0.0,1.0
绿色家园南区,住宅,114.2513178309787,30.634387219520118,11699967633,3397897387,0.0,1.0
远洋心里,住宅,114.25422672940263,30.63341868585535,11250186103,11250186105,0.0,1.0
江汉区汉兴街和祥里社区,住宅,114.25616418942919,30.631974491127416,7154185731,7154185729,0.0,1.0
常青一垸,住宅,114.25617219012841,30.631978485840975,7154185731,7154185729,0.0,1.0
绿色家园,住宅,114.25102870238437,30.63470116306985,11699967633,3397897387,0.0,1.0
新华家园一期,住宅,114.25855469583078,30.628278857435923,3367156831,3732365332,0.0,1.0
绿色家园北区,住宅,114.2504574246323,30.635468979504427,3397897387,11699967633,0.0,1.0
园丁苑,住宅,114.25357244055851,30.635021248102102,3397897387,6861394601,0.0,1.0
德华楼(新华家园店),住宅,114.2593816377354,30.629036083353057,3367156825,3367156831,0.0,1.0
富康花园,住宅,114.24929789835254,30.636073972460974,3366220890,11699967634,0.0,1.0
公安住宅楼,住宅,114.25970880626551,30.627020736074673,4540338520,11250186186,0.0,1.0
万科汉口传奇锦棠,住宅,114.25956991328566,30.62581231868075,4540338520,11250186186,0.0,1.0
半秋山(南国北都),住宅,114.26026656864425,30.629548351632366,11699967625,7233161013,0.0,1.0
江花苑,住宅,114.25528472382851,30.635844238250154,3366221031,3397897388,0.0,1.0
和道银座,住宅,114.24981701596006,30.637257364195573,3366220890,11699967634,0.0,1.0
富士·君荟天地,住宅,114.25856523865087,30.633582625350737,7233161018,7233161019,0.0,1.0
姑嫂树派出所微寓公寓A区,住宅,114.25725804359891,30.635018691279367,7233161019,11633720866,0.0,1.0
盛丰花园小区,住宅,114.26118379612052,30.62620118123576,11250186186,7153048486,0.0,1.0
新湾社区,住宅,114.2501751310976,30.637598140492802,3366220890,11699967634,0.0,1.0
闸眼港,住宅,114.2480221670485,30.637700496849114,7438202447,7438202466,0.0,1.0
集中公寓,住宅,114.25773407036887,30.635108415417996,7233161019,11633720866,0.0,1.0
绿柳路3号新建商业项目,住宅,114.26147437272347,30.63079807592016,11699967625,7233161013,0.0,1.0
新华锦绣公寓,住宅,114.26233047578489,30.62844349683184,3367156795,1233306859,0.0,1.0
站东社区,住宅,114.26205385550438,30.624455340163856,7153019282,7153048486,0.0,1.0
中电建工地,住宅,114.25086529566107,30.63873249170535,6106179366,3366220890,0.0,1.0
福星华府·誉境,住宅,114.2484172602745,30.63883195422136,7438202447,7438202466,0.0,1.0
金融街·恒江雅筑(建设中),住宅,114.26276022728541,30.630606298283507,7233161011,7233161013,0.0,1.0
江汉人家A区,住宅,114.26339242718629,30.62706933289752,7241082979,12249915676,0.0,1.0
美联时光里二期,住宅,114.26225013612412,30.63250484768393,7233154390,7233161014,0.0,1.0
汉口花园一期B区韵竹里,住宅,114.26181211518089,30.633368774417914,7233161017,7233154392,0.0,1.0
汉口花园一期,住宅,114.2611510910018,30.634407761577023,7233154393,7233161018,0.0,1.0
美联时光里,住宅,114.2625761168621,30.63220475305641,7233154390,7233161014,0.0,1.0
汉口花园一期A区,住宅,114.26077207846825,30.63489079440563,7233161019,7233154394,0.0,1.0
美联时光里一期,住宅,114.26326706657946,30.63150656581631,7233161013,7233099384,0.0,1.0
武汉城建·信达后湖里,住宅,114.25932697405771,30.63673486900321,7233161019,7233154394,0.0,1.0
江汉人家,住宅,114.26427922708517,30.627350569848183,7241082970,7241082979,0.0,1.0
福星华府·峯境,住宅,114.25217763044023,30.639957604444362,3366220859,3367260934,0.0,1.0
江汉人家B区,住宅,114.26523296187787,30.627808653381415,7233161072,7241082962,0.0,1.0
石桥花园D区,住宅,114.26661360414745,30.627396718598373,7241082962,7233161072,0.0,1.0
石桥村城中村改造H4+TJ1西地块还建房项目,住宅,114.26626047323747,30.630165850760992,7233161072,8202725296,0.0,1.0
石桥花园一期东区,住宅,114.2671072488873,30.629664359928363,7233161072,8202725296,0.0,1.0
汉和蕙苑,住宅,114.26704366220254,30.62511930692326,7154185661,7154185659,0.0,1.0
万科公园5号铂樾小区,住宅,114.26599106116028,30.624267524890627,6861387077,3578501280,0.0,1.0
石桥花园B区,住宅,114.26450180385507,30.631684589475462,7233154387,7233099384,0.0,1.0
聚诚竹苑,住宅,114.27002343367637,30.625861344834444,7154185657,7154185661,0.0,1.0
石桥花园A区,住宅,114.26665016964472,30.632298635305062,7233099382,7233099383,0.0,1.0
田园小区,住宅,114.26980566795517,30.62427220764202,7154185663,7154185661,0.0,1.0
农苑,住宅,114.26879717864803,30.62328154161974,7154185663,7178879910,0.0,1.0
荷花苑,住宅,114.2711099353168,30.625697371047305,11088633715,11244942481,0.0,1.0
荷花苑2期,住宅,114.27125582286367,30.62616203521174,7154185657,7154185661,0.0,1.0
园丰供电小区,住宅,114.27146679644157,30.62523921043196,11088633715,11244942481,0.0,1.0
园丰村,住宅,114.27192651773272,30.62572055280209,11088633715,11244942481,0.0,1.0
武铁宿舍,住宅,114.27231624032069,30.626530822554113,11029544417,11244942481,0.0,1.0
红桥苑,住宅,114.27165579072982,30.624187458636605,11088633715,11244942481,0.0,1.0
汉口花园3期G区,住宅,114.26739275660096,30.6342461902719,7233099366,3044755196,0.0,1.0
美联·城观,住宅,114.26945303760156,30.63335074082893,7233099383,7241082958,0.0,1.0
汉口花园逸松庭,住宅,114.26521837269263,30.63467977822725,3044755196,7233154390,0.0,1.0
华创2期,住宅,114.27145523936949,30.6317594987698,1233306621,3381058713,0.0,1.0
汉口花园3期,住宅,114.26802052106378,30.634373594749853,7233099383,7241082958,0.0,1.0
园丰村382号,住宅,114.27340370626314,30.625654062551607,11029544417,11244942481,0.0,1.0
集家公寓B区,住宅,114.27395408652026,30.629058060968948,11029544410,1233306602,0.0,1.0
百胜·家想时代,住宅,114.27328093977628,30.623772970517965,11029509101,11244942482,0.0,1.0
政府华电小区,住宅,114.27414037738082,30.624382806338883,11029509101,11244942482,0.0,1.0
汉口花园·淡莲轩,住宅,114.26773849118071,30.635911188403927,3044755215,3044755196,0.0,1.0
亿馨·科技公寓,住宅,114.27493750399225,30.628733130351115,1233306833,11029544410,0.0,1.0
蔡家田小区A区,住宅,114.27317814763101,30.62204978890656,2393265057,7150411343,0.0,1.0
博城,住宅,114.2744036479064,30.630956781649097,3381058729,1233306745,0.0,1.0
汉口花园,住宅,114.26287568657986,30.636664660279777,3044755229,7233154394,0.0,1.0
美联联邦生活区,住宅,114.27202170618587,30.63453876131637,1233306960,7233099368,0.0,1.0
美联联邦生活区二期,住宅,114.2722365915604,30.634540543477755,1233306942,1233306781,0.0,1.0
汉口花园五期,住宅,114.26364350956794,30.63716590350087,7233154394,3044755229,0.0,1.0
红桥新城,住宅,114.27598203036386,30.626250998846796,11029544427,8202725295,0.0,1.0
众联·天美国际,住宅,114.26914188991084,30.636580658292246,1233322804,7233099367,0.0,1.0
龙蟠1号,住宅,114.261088851959,30.63723860005389,11633720867,7233154394,0.0,1.0
武华住宅小区4区,住宅,114.27573342091874,30.623667350165924,7390688865,1445954811,0.0,1.0
武华住宅小区3区,住宅,114.27586240523554,30.62284654373098,2393265057,7150411355,0.0,1.0
武华住宅小区,住宅,114.2762541538759,30.622669172345628,2393265057,7150411355,0.0,1.0
三元中央公园,住宅,114.27114891587019,30.637281463764786,1233306942,7233179351,0.0,1.0
汉口花园四期,住宅,114.26645067509718,30.63874606613809,3044755229,3044755241,0.0,1.0
竹叶新村西区,住宅,114.27784473749418,30.62586599631119,1445955095,3382183168,0.0,1.0
武轮小区,住宅,114.27755110113164,30.62417304592339,1445954811,1445955083,0.0,1.0
德才一里,住宅,114.27768796376986,30.624594709563283,1445954811,1445955083,0.0,1.0
望才里社区,住宅,114.2767878072508,30.622371681814837,2393265057,7150411355,0.0,1.0
陌陌屋小区,住宅,114.27260918565615,30.63689316564671,7233179351,1233306942,0.0,1.0
中一花园西区,住宅,114.27406043644497,30.635840090403818,1233306942,1233306781,0.0,1.0
汉口花园幽兰居,住宅,114.262497539049,30.639031911841382,3044755229,7233154394,0.0,1.0
白门楼七号院,住宅,114.27809223164282,30.629572155771292,1233306818,8202725295,0.0,1.0
竹叶新村,住宅,114.27864907312832,30.626480774646875,8202725295,1445955095,0.0,1.0
星悦城五期,住宅,114.26058872191118,30.639161091270335,11633720867,11633720868,0.0,1.0
棠颂星悦城,住宅,114.26099168552206,30.639257800224488,11633720867,11633720868,0.0,1.0
德才里,住宅,114.27850935643495,30.624449786532985,1445955083,7178879947,0.0,1.0
中一花园,住宅,114.27477196204522,30.636226155581305,1233306942,1233306781,0.0,1.0
石桥花园淌湖苑,住宅,114.27893151817466,30.630355812605163,1445955095,1233306780,0.0,1.0
竹叶新村北区,住宅,114.27941537532398,30.62757038263863,1445955095,1233306780,0.0,1.0
美联·中心,住宅,114.27878250824392,30.631818380012266,7713110793,1233306780,0.0,1.0
星悦城一期,住宅,114.26525186817908,30.640425305949478,3044755229,3044755241,0.0,1.0
高才里,住宅,114.27952447809797,30.625367163785075,1445955083,1445954842,0.0,1.0
竹叶新村东区,住宅,114.27976114004751,30.627063164890522,3381095045,3381095020,0.0,1.0
金海楼·小海鲜湖南菜(杨汊湖店),住宅,114.25894371759851,30.639700819038676,7713117336,7233154396,0.0,1.0
广怡楼,住宅,114.27962143807231,30.62492522674905,1445955083,7178879947,0.0,1.0
中一花园东区,住宅,114.27585322731568,30.636553814409556,1233322986,1233306904,0.0,1.0
希望大厦,住宅,114.27948365758648,30.62366991707663,7178879947,1445955083,0.0,1.0
绿城楚留香,住宅,114.26110756775296,30.640514189804243,7233179342,7233154396,0.0,1.0
汉口花园幽兰居C区,住宅,114.26325726521617,30.640812622303553,3044755229,11633720868,0.0,1.0
竹苑雅居,住宅,114.2801986724443,30.62831809374431,4050649075,1445954917,0.0,1.0
康润楼,住宅,114.28019995793439,30.625002471430655,1445954842,7178880000,0.0,1.0
盈蓝花园,住宅,114.28317309338871,30.62791139399306,3382183172,11674358399,0.0,1.0
漫悦花园,住宅,114.2809494053453,30.624100893369345,1445955069,1445954842,0.0,1.0
华中国际广场2期,住宅,114.28170076705801,30.623949985869896,642989469,7154185640,0.0,1.0
金桥怡景苑,住宅,114.28422600869023,30.628940535628615,1706129931,3382183153,0.0,1.0
协昌一里,住宅,114.28104939313023,30.623252116008636,1445955069,1445954842,0.0,1.0
协昌花园,住宅,114.28179278025597,30.622859316483233,642989469,7154185640,0.0,1.0
红跃星城,住宅,114.28317579949191,30.631280979579625,11674358399,11674358405,0.0,1.0
瑞云居南苑,住宅,114.28241641645471,30.632191608113352,1540326765,5203198738,0.0,1.0
瑞云居,住宅,114.2822495299496,30.632617648823352,1540326765,5203198738,0.0,1.0
晟蓝花园,住宅,114.28619604859526,30.628963773567158,3381095045,3381095048,0.0,1.0
七一中学教工社区,住宅,114.28335652412504,30.63251821591757,1540326765,5203198738,0.0,1.0
瑞云居北苑,住宅,114.2820436686288,30.63314369753065,6314844890,1706612174,0.0,1.0
长江委后九小区,住宅,114.28548619920338,30.623980849203743,11290212031,4943000015,0.0,1.0
中胜小区,住宅,114.28468928410604,30.632121563052618,5203198738,11674358405,0.0,1.0
南山公寓,住宅,114.28401579031716,30.622233606880506,11290211971,11290212031,0.0,1.0
金桥福景苑,住宅,114.28401187517134,30.632859183292517,5203198738,1540326765,0.0,1.0
后九万方二村,住宅,114.28603766703625,30.623686192593077,11290212031,4943000015,0.0,1.0
九万方保润小区,住宅,114.28489192260867,30.622441314795328,11290212031,4943000015,0.0,1.0
雪莲小区2期,住宅,114.28749289050408,30.62669185452639,4942999970,7150417303,0.0,1.0
雪莲小区,住宅,114.28749289050408,30.62669185452639,4942999970,7150417303,0.0,1.0
塔尖观邸,住宅,114.28172387287678,30.63405772941728,6314844890,1706612174,0.0,1.0
盛景花园,住宅,114.28553144695377,30.63215237565379,11674358405,1540326762,0.0,1.0
青青美庐西区,住宅,114.28324952018696,30.63371785386333,5203198739,5203198743,0.0,1.0
花北小区,住宅,114.28766482144913,30.62537015298345,8600114950,5300641307,0.0,1.0
盛景天地盛景公馆,住宅,114.28807903182262,30.629346889100365,3382195234,3382183191,0.0,1.0
红军小区,住宅,114.2859948525359,30.62204593002409,5300643127,11290211985,0.0,1.0
紫御公馆,住宅,114.28158690687846,30.635055485308794,6314844890,1706612174,0.0,1.0
盛景国际,住宅,114.28893220713519,30.62808815176449,4942999969,5758660752,0.0,1.0
青青美庐,住宅,114.28440636386168,30.634381999499904,11674438875,5203198732,0.0,1.0
花桥三期南苑,住宅,114.28759210399721,30.62300223887754,11290211985,299855779,0.0,1.0
天梨阁南苑,住宅,114.28788975411483,30.623359656172134,11290211985,299855779,0.0,1.0
花桥三期,住宅,114.28765603494237,30.623011141927,11290211985,299855779,0.0,1.0
竹叶山江花小区,住宅,114.28570223778624,30.62102176500998,5300643127,5300643126,0.0,1.0
青青美庐东区,住宅,114.28490285282268,30.634685184819975,11674438875,5203198732,0.0,1.0
东方恒星园,住宅,114.28177765450516,30.63603482186167,6314844890,1706612174,0.0,1.0
塔子湖街道中星社区,住宅,114.27849134804171,30.636278847805116,1233307057,1233306574,0.0,1.0
黄浦大街241号,住宅,114.28872186926826,30.623119527229665,11290211985,299855779,0.0,1.0
华享雕墅,住宅,114.28768106223836,30.633942539575667,2140813082,1540326762,0.0,1.0
日月星城,住宅,114.27809458999693,30.636976028672386,7713099771,7713099779,0.0,1.0
防汛宿舍,住宅,114.28823444012886,30.63423660326073,2140813082,8202725286,0.0,1.0
武华苑,住宅,114.28693373328971,30.63533103636373,5203198731,2140813072,0.0,1.0
盛景美寓,住宅,114.29097171937974,30.630063234987663,3382195234,3382183191,0.0,1.0
仁和嘉居,住宅,114.29160407029642,30.628990706092143,4942999969,5758660752,0.0,1.0
联体一号,住宅,114.28839120881331,30.634937075408615,2140813082,2140813072,0.0,1.0
紫轩·美佳,住宅,114.28911746825803,30.634249286633608,2140813082,8202725286,0.0,1.0
雅叙蘭庭茶空间,住宅,114.2893441631354,30.634852691607865,4523487468,2140813082,0.0,1.0
华发沁园,住宅,114.28983564484147,30.63444812220212,4523487745,4523487468,0.0,1.0
御景东方,住宅,114.28687666514384,30.63680849137101,5203198731,2140813072,0.0,1.0
预警学院社区,住宅,114.29276494492608,30.625932162209896,7150417303,4942999971,0.0,1.0
紫竹园,住宅,114.28258270840605,30.638635656182874,1233306701,1540326788,0.0,1.0
粮油小区,住宅,114.29281861730078,30.628962814320115,4942999969,5758660752,0.0,1.0
黄浦公馆,住宅,114.29295855256527,30.627745101436872,4942999981,4942999995,0.0,1.0
锦苑公寓,住宅,114.29262173224409,30.63039052717558,3382195234,3382183191,0.0,1.0
菊园,住宅,114.28427115327437,30.638326509756407,1540326788,1233306701,0.0,1.0
国际百纳2期,住宅,114.27698023586694,30.638975491401638,7713110785,1233322827,0.0,1.0
佳海华苑(正义路),住宅,114.2890593782484,30.63603461701645,4523487475,4523487468,0.0,1.0
国际百纳,住宅,114.27793250869684,30.639326220227954,858236881,7713110785,0.0,1.0
新五冷小区,住宅,114.29376844335982,30.629062261691207,4942999981,4942999995,0.0,1.0
后湖华庭,住宅,114.2851932113497,30.638780039577398,651691756,1233306701,0.0,1.0
赵家条69号家属区,住宅,114.29403532228585,30.626631847477693,4942999995,4942999971,0.0,1.0
德泰昇,住宅,114.29431176544729,30.629072384469666,4942999981,4942999995,0.0,1.0
铁路公寓,住宅,114.29241966183118,30.634018317669028,1540326781,4523487745,0.0,1.0
新地·东方花都A区,住宅,114.28816518560336,30.638045088210923,4523487801,4523487782,0.0,1.0
液压小区,住宅,114.2946175853319,30.62671487389033,4942999995,4942999971,0.0,1.0
竹叶苑B区,住宅,114.28998924227267,30.63708377132827,4523487709,4523487745,0.0,1.0
金岛御璟世家1期,住宅,114.29482842968204,30.625437063087652,4942999971,4943000010,0.0,1.0
圣诚和园,住宅,114.28466062734576,30.640036242688492,651691788,1540326788,0.0,1.0
汇龙花园,住宅,114.29227173632133,30.635211045126717,4523487745,1540326781,0.0,1.0
金岛御璟世家,住宅,114.29504314374135,30.625593649118812,4942999971,4943000010,0.0,1.0
竹叶苑A区,住宅,114.29148758932014,30.636131877667292,4523487745,1540326781,0.0,1.0
御璟世家,住宅,114.29605569416552,30.62732327150063,10150955771,10150955769,0.0,1.0
跃境2期,住宅,114.29603274079192,30.627128390503113,10150955769,10150955771,0.0,1.0
金岛御璟世家2期,住宅,114.29599679953999,30.62698750836726,10150955771,10150955769,0.0,1.0
供电局小区,住宅,114.29679875202216,30.627008172901633,10150955771,10150955769,0.0,1.0
科技村老小区,住宅,114.29564337344436,30.625626654876587,4943000010,4943000014,0.0,1.0
武汉科技村,住宅,114.29681884864476,30.625588729612165,10150955771,4943000014,0.0,1.0
江岸区新江岸一村,住宅,114.2957547499377,30.631167158178105,5758660748,12161580012,0.0,1.0
韦家桑园,住宅,114.2991497240741,30.625591801973354,7150417293,1973301969,0.0,1.0
新江岸二村,住宅,114.29887855787777,30.631771681191392,5758660748,12161580012,0.0,1.0
韦桑家园,住宅,114.30119379956142,30.626605858099943,3969572085,1973301969,0.0,1.0
二七街韦桑社区,住宅,114.30124572336618,30.626640753194945,3969572085,1973301969,0.0,1.0
华工小区,住宅,114.30127773806034,30.625950984218917,1973301969,3969572085,0.0,1.0
翰林紫园,住宅,114.302418063565,30.626568730959384,1973301969,3969572085,0.0,1.0
新江岸社区二七花园,住宅,114.30007683078281,30.632711234754492,5758660748,12161580012,0.0,1.0
利腾国际,住宅,114.30106643853465,30.632833471104394,12161579995,13202875911,0.0,1.0
人和公寓,住宅,114.30405758214052,30.62781430688349,4050649077,3969572085,0.0,1.0
长江委刘家庙小区,住宅,114.30376585057932,30.629628068614274,3501048385,8202679125,0.0,1.0
天伦华庭,住宅,114.30483141834785,30.6281247926355,4050649077,3969572085,0.0,1.0
新江岸四村,住宅,114.30043914832025,30.634773738412733,3501002889,12161579995,0.0,1.0
香杉花园,住宅,114.3050969077141,30.629486746308622,8202679125,4050649077,0.0,1.0
金涛·翰林苑,住宅,114.30403622931311,30.632238490566223,4899656119,4899657022,0.0,1.0
恒昌欧景华庭,住宅,114.30588689763037,30.627593112685293,3501032500,1676342445,0.0,1.0
竹叶苑,住宅,114.29115791860603,30.63680010383363,4523487472,4523487752,0.0,1.0
昌盛小区,住宅,114.30604573961082,30.62667920589693,3501032500,1676342445,0.0,1.0
天上人间,住宅,114.29288181372651,30.637352174623164,4523487692,4523487474,0.0,1.0
新大地花园,住宅,114.30630511411877,30.629408596655946,4050649077,3969572085,0.0,1.0
二七新江岸生活广场,住宅,114.29777854318671,30.63751311095999,8202725243,8202725250,0.0,1.0
竹叶苑C区,住宅,114.29053859170168,30.637332828746377,4523487472,4523487752,0.0,1.0
星海蓝天,住宅,114.3055540042847,30.632078834632026,4899657022,4899656119,0.0,1.0
东方华府,住宅,114.2947793798894,30.63826774404107,2140813071,1540326763,0.0,1.0
东立国际,住宅,114.30721397690826,30.62673405914676,7178880022,7178880047,0.0,1.0
新江岸五村,住宅,114.30142859545425,30.636665218132883,3501002889,12161579995,0.0,1.0
永红小区B区,住宅,114.30045588770241,30.637508548150986,3501002889,12161579995,0.0,1.0
能建·长江华府,住宅,114.30679017284513,30.631848691137154,4899656115,4050649078,0.0,1.0
永红小区,住宅,114.30096616794901,30.63757563554432,3501002889,12161579995,0.0,1.0
永红咖之云1期,住宅,114.30180499641905,30.63742123883585,3501002889,12161579995,0.0,1.0
东立国际2期,住宅,114.30829023874094,30.62789160567465,7178880022,7178880047,0.0,1.0
永红村城中村,住宅,114.30152237451624,30.63768262151079,3501002889,12161579995,0.0,1.0
新地·东方花都,住宅,114.28918802500861,30.63846139175575,4523487782,4523487801,0.0,1.0
新地·东方花都B区,住宅,114.29018986009314,30.63885571134728,4523487782,4523487801,0.0,1.0
永红小区A区,住宅,114.30163220820658,30.637806376949626,3501002889,12161579995,0.0,1.0
永红小区H2区,住宅,114.3006255808139,30.63831591051938,3501002889,12161579995,0.0,1.0
二七公寓,住宅,114.30036692635123,30.638491282875123,3501002889,12161579995,0.0,1.0
东立国际1期,住宅,114.3085976779058,30.628927607470377,1676342445,7178880022,0.0,1.0
美伦美舍,住宅,114.29974276776909,30.63876124207767,3501002889,12161579995,0.0,1.0
二七人家,住宅,114.307103533072,30.633767311161407,3382258851,4539353923,0.0,1.0
新地·东方明珠,住宅,114.29328306473322,30.640339262486297,2140813071,1540326763,0.0,1.0
国汇雅苑小区,住宅,114.3089409214554,30.631565868533237,4050649078,4899656115,0.0,1.0
药检小区,住宅,114.30992058228908,30.629561897400784,7178880029,4050649078,0.0,1.0
花样年·锦上花,住宅,114.29884785616632,30.640343094288248,3501002889,12161579995,0.0,1.0
航天星都,住宅,114.31131068476876,30.626451608029186,3501074207,3501032503,0.0,1.0
二七横路小区,住宅,114.31064647705522,30.62928666374923,7178880029,4050649078,0.0,1.0
武汉天宸,住宅,114.31170282042747,30.62931268122775,3501074206,6314844784,0.0,1.0
御玺滨江A区,住宅,114.31365199493433,30.626337260114315,11027026813,11027026812,0.0,1.0
黄埔人家,住宅,114.31096380847481,30.63127623807301,7178879888,7178880029,0.0,1.0
誉城千里,住宅,114.3142538652456,30.628290309669744,3501074205,3382258874,0.0,1.0
御玺滨江,住宅,114.31395258758333,30.625514034807527,11027026812,11027026813,0.0,1.0
劳动新二村,住宅,114.31301165170298,30.6304847340477,4899656112,8196196874,0.0,1.0
洪叶云台,住宅,114.3119093142044,30.631398419752564,7178879888,7178880029,0.0,1.0
劳动社区,住宅,114.3134889050233,30.630354889655163,4899656112,8196196874,0.0,1.0
铁南社区劳动片,住宅,114.31419970418938,30.631136219888997,8196196874,4899656112,0.0,1.0
航务二院,住宅,114.31290666746459,30.6322172032537,4899656112,8196196874,0.0,1.0
航务一院,住宅,114.31181434788397,30.632730036935936,7178879962,7178879888,0.0,1.0
劳动新一村,住宅,114.31480474443856,30.63104311425804,8196196874,4899656112,0.0,1.0
二航嘉苑,住宅,114.31081387983332,30.633150728082533,7178879962,7178880058,0.0,1.0
为群一村,住宅,114.31468984314576,30.63202391935433,4899656112,8196196874,0.0,1.0
宸嘉100嘉佰道,住宅,114.3165784106301,30.625065241271095,11028873787,5175111151,0.0,1.0
黄埔佳苑,住宅,114.31219665843003,30.63373189774991,7178880030,7178879888,0.0,1.0
武汉铁路黄埔住宅小区,住宅,114.30992116860162,30.6343108974667,3382258851,4539353923,0.0,1.0
为群四村,住宅,114.31358648685776,30.633377433635047,4899656112,7178879915,0.0,1.0
工农二村,住宅,114.3117303087382,30.634700361754923,7178879962,7178880058,0.0,1.0
为群二村,住宅,114.31411954440831,30.63444397655332,4899656112,7178879915,0.0,1.0
工农一村,住宅,114.31160941642722,30.635647186644068,7178880058,7178879994,0.0,1.0
东新熙园,住宅,114.31469656397995,30.635108603712034,3382258851,4539353923,0.0,1.0
中建二局30号地块,住宅,114.31636091030688,30.634849554351096,4899657027,4899657023,0.0,1.0
新家苑,住宅,114.31555316476098,30.635389860500283,4899657027,4899657023,0.0,1.0
长湖地一村,住宅,114.31596547168215,30.63572693435941,3382258851,4539353923,0.0,1.0
连城小区,住宅,114.31712365676819,30.63508400245561,4899657023,4899657027,0.0,1.0
中信泰富滨江金融城三期九庐,住宅,114.32060531717447,30.631304940083112,11028893912,11028893913,0.0,1.0
长电公寓,住宅,114.31879699532625,30.63444107962535,11028873801,11028873802,0.0,1.0
九庐一期,住宅,114.32188604986996,30.633263659374776,11028893912,11028873796,0.0,1.0
中信泰富滨江金融城九玺,住宅,114.32291042427886,30.632646954661627,8196196856,11026978001,0.0,1.0
城开二七城市广场,住宅,114.31311067780483,30.639874568041602,7232634537,7232634523,0.0,1.0
新希望·D10天元,住宅,114.32101724465667,30.635880217784045,11028873793,11389787986,0.0,1.0
中信泰富滨江金融城·雍江荟(建设中),住宅,114.32328279154271,30.632899134084877,8196196856,11026978001,0.0,1.0
仁恒滨江园,住宅,114.32397453694908,30.63427322701821,12421911304,3717279126,0.0,1.0
中海·长江十里,住宅,114.32472311587426,30.636486853319106,12421911307,12421911303,0.0,1.0
新希望D10天琴,住宅,114.32562158643651,30.63712885912812,12421911307,12421911303,0.0,1.0
二航小区,住宅,114.3197371769923,30.63771788895066,3382258813,3382258800,0.0,1.0
武汉保利天珺,住宅,114.32379246723487,30.63849878054921,4541697549,3382258845,0.0,1.0
华恒建设生活区,住宅,114.32363960695842,30.63977252929789,6316060089,2393265009,0.0,1.0
武汉江山1期,住宅,114.35438755640327,30.626781240253578,8197663918,9862083328,0.0,1.0
大华·滨江天地铂金瑞府,住宅,114.35650202692955,30.62681106129983,7230845350,7230885076,0.0,1.0
邦泰·璟和,住宅,114.35680451213405,30.628676839212712,2152896649,4541277401,0.0,1.0
大华·滨江天地,住宅,114.35731816680658,30.625880256639476,7230845350,7230885076,0.0,1.0
郦府2期,住宅,114.3573411546692,30.625719290189352,7230885076,7230845350,0.0,1.0
大华·滨江天地铂金郦府,住宅,114.35806333905306,30.625707255631234,7230845350,7230885076,0.0,1.0
东兴天地B区,住宅,114.35986324651923,30.627133132925376,7230845350,3597602310,0.0,1.0
科大馨苑,住宅,114.36063238299835,30.627738826869287,7230845350,7230845352,0.0,1.0
青教花园1期,住宅,114.36031096784548,30.62490544345716,2152853235,3597602310,0.0,1.0
御江尚品·江玺,住宅,114.36072010215949,30.629900803744622,7230845350,7230845352,0.0,1.0
东兴天地C区,住宅,114.3620958178043,30.62859451169803,7230845352,7230845350,0.0,1.0
武冶小区,住宅,114.36245355432663,30.627565472188888,3597602310,3597602311,0.0,1.0
中建八局生活区,住宅,114.36153614569467,30.631261135414942,4524689850,7230845352,0.0,1.0
东兴天地,住宅,114.36318671376435,30.62903390930349,7230845352,3597602311,0.0,1.0
石化小区,住宅,114.3636023933563,30.628176736352632,3597602311,3597602310,0.0,1.0
翠竹苑,住宅,114.36383406030406,30.629488893873877,4541277909,7230845353,0.0,1.0
四十九街住宅小区,住宅,114.3647872274235,30.628979915413144,4541277909,1570591800,0.0,1.0
东兴天地D区,住宅,114.364064666816,30.63152174991561,7230845362,7230845353,0.0,1.0
四十九街小区C组团,住宅,114.36550743857171,30.630650333801267,7230845353,7230845362,0.0,1.0
科大社区,住宅,114.3663959076151,30.627956396339307,4541277909,1570591800,0.0,1.0
大华铂金悦府,住宅,114.36542536595869,30.63230173894767,11296539087,7230845362,0.0,1.0
红卫路街碧园社区,住宅,114.36648964552835,30.630039414086514,4541277909,1570591800,0.0,1.0
青山青安小区,住宅,114.36692720269987,30.63091353327981,7230845362,1570591800,0.0,1.0
红卫路街碧园社区东区,住宅,114.36703114060717,30.630641526314037,7230845362,1570591800,0.0,1.0
新奥·学府佳邻,住宅,114.36789552542778,30.62967793615913,1570591800,7230812516,0.0,1.0
51街坊,住宅,114.36838619303968,30.62907763397691,1570591800,7230812516,0.0,1.0
大华锦绣年华二期,住宅,114.36691698407239,30.633501455154157,7230845362,7230845363,0.0,1.0
御江壹品青山印,住宅,114.36820209602281,30.631817690938394,1570591800,3597602312,0.0,1.0
建源小区,住宅,114.36915868473909,30.62816715927921,696952512,7230812516,0.0,1.0
青江小区,住宅,114.36918877919952,30.62683468193528,696952512,4541277490,0.0,1.0
御江壹品,住宅,114.36822903302712,30.63229545944291,7230845363,7230845362,0.0,1.0
武商奥莱A区,住宅,114.37182787566388,30.62760059608906,11296539089,9862989142,0.0,1.0
大华锦绣时代2期,住宅,114.37232262156606,30.626914390174573,11296539089,9862989142,0.0,1.0
兰亭雅居,住宅,114.37313218083334,30.626312854250283,9862989143,9862989142,0.0,1.0
中建·开元公馆,住宅,114.37008480022618,30.630546164416334,7230812514,7230812516,0.0,1.0
青城国际,住宅,114.37390956914331,30.628162350527248,9862989142,9862989143,0.0,1.0
碧苑C区,住宅,114.3720064770238,30.630837063070697,7230812514,7230812516,0.0,1.0
青山·世纪坊,住宅,114.37196049359025,30.630983047616542,7230812514,7230812516,0.0,1.0
鹏程花苑,住宅,114.37481510674056,30.627816668382128,1212025381,4524691379,0.0,1.0
武汉城建集团人才公寓,住宅,114.37147774415406,30.631699232471526,3597602312,7230812514,0.0,1.0
47街坊,住宅,114.37504201930312,30.627465612374824,1212025381,4524691379,0.0,1.0
45街坊,住宅,114.37105698642627,30.632135478997206,3597602312,1570591800,0.0,1.0
大华锦绣时代1期,住宅,114.3749852371447,30.62531855587534,9862989143,9862989142,0.0,1.0
九医院宿舍,住宅,114.37544886733868,30.62684151416889,4524691379,1212025381,0.0,1.0
新长江·青源,住宅,114.3724390997647,30.632032132670695,7230812514,3597602312,0.0,1.0
江南春城北区,住宅,114.3731816791285,30.631694555748314,7230812514,3597602312,0.0,1.0
八大家花园42街坊,住宅,114.37591246224098,30.628867268141054,4524691379,1212025381,0.0,1.0
大华锦绣时代,住宅,114.37606463788731,30.62603831768596,4524691379,1212025381,0.0,1.0
御境3期,住宅,114.37237708429814,30.632647934148512,7230812514,3597602312,0.0,1.0
东兴天地E区,住宅,114.3692002050439,30.633279967180208,7230845363,7230845362,0.0,1.0
江南春城御境,住宅,114.37329652388344,30.632692026174578,7230812514,3597602312,0.0,1.0
江南春城南区,住宅,114.3751636183778,30.631320890646553,1217604728,696952526,0.0,1.0
八大家花园C区,住宅,114.37687509525885,30.627995825472233,1212025381,4524691379,0.0,1.0
41街坊,住宅,114.37490570373694,30.631866890049523,696952526,1217604728,0.0,1.0
八大家花园43街坊,住宅,114.37758582987881,30.62757242869919,7230801847,7230801846,0.0,1.0
大华锦绣年华一期,住宅,114.36863953005977,30.634406109161578,7230845363,7230845362,0.0,1.0
中冶·39大街,住宅,114.37200916512977,30.634370570803082,7230845363,7230845366,0.0,1.0
红坊里商业街,住宅,114.37752364305919,30.629992466301854,4524691379,4535082616,0.0,1.0
八大家花园红坊,住宅,114.37812468731683,30.626745351231566,1212025381,7230801848,0.0,1.0
御江壹品青山樽阅江园,住宅,114.37022128470885,30.635316007461157,7230845363,7230845366,0.0,1.0
南洋金谷,住宅,114.37360915743311,30.634797840726055,7230845366,1217604728,0.0,1.0
御江壹品青山樽-南区,住宅,114.37107267119364,30.635605995853282,7230845363,7230845366,0.0,1.0
新奥风尚,住宅,114.37904813287702,30.62918863393238,4535082616,1217604731,0.0,1.0
吉庆苑小区,住宅,114.37428775509969,30.63504510651757,7230845366,1217604728,0.0,1.0
八大家花园,住宅,114.37975183141457,30.62995180468529,4535082616,1217604731,0.0,1.0
八大家花园社区教师楼,住宅,114.37998880941986,30.62935788615053,1217604731,1217604732,0.0,1.0
御江壹品青山樽揽江园,住宅,114.37028512488249,30.636623384868926,11296539090,4535082617,0.0,1.0
锦绣龙潭,住宅,114.38043591358738,30.626653705097922,1212025373,7230801848,0.0,1.0
御江壹品青山樽,住宅,114.37126345269725,30.636637362105564,11296539090,4535082617,0.0,1.0
中国一冶武建院,住宅,114.38047372372085,30.628692828773875,1217604731,1217604732,0.0,1.0
新家园,住宅,114.38078076329668,30.62726321769152,1212025373,7230801848,0.0,1.0
金域花园,住宅,114.38083468273982,30.628013868528488,1212025373,7230801848,0.0,1.0
38街坊,住宅,114.38032856209168,30.631012955995562,1217544772,1217604732,0.0,1.0
御江壹品青山樽凌江园,住宅,114.37198389894449,30.637586230639013,11296539090,4535082617,0.0,1.0
八大家花园A区,住宅,114.3811223824723,30.63056760895137,1217544772,1217604732,0.0,1.0
融创临江府,住宅,114.37573488830027,30.63638425176105,7230845366,1217604728,0.0,1.0
和平科技公寓,住宅,114.38226740149751,30.627314242907122,4541277784,1212025359,0.0,1.0
玉翠苑,住宅,114.38311130241155,30.6266300255316,4541277784,1212025359,0.0,1.0
乐友印象城,住宅,114.38111609325136,30.633880217806144,1192679951,1217604728,0.0,1.0
温馨花园小区,住宅,114.38336931997561,30.62594816116466,4541277779,1212025349,0.0,1.0
香域水岸商业D区,住宅,114.37457529226391,30.63854335693802,7230845366,4535082617,0.0,1.0
联泰香域水岸,住宅,114.37514598698556,30.63861481593345,4535082617,4541277760,0.0,1.0
奥园滨江国际,住宅,114.38312382906744,30.631997771532596,8194368848,1217544780,0.0,1.0
中交·澄园,住宅,114.38480306492052,30.626801033452562,1212025359,4541277784,0.0,1.0
雅澜苑,住宅,114.38495776949382,30.630008615087952,8194368850,7230791032,0.0,1.0
钢花村街110社区,住宅,114.38826703369587,30.626630583555922,1212025359,1212025354,0.0,1.0
雅沥苑,住宅,114.38636464710441,30.630540723516717,1217544780,8194368850,0.0,1.0
雅汀苑,住宅,114.38721763433738,30.630670303522187,1217544780,1217544792,0.0,1.0
铁投江南御景,住宅,114.38506357390888,30.63213566831707,1217544780,1212025358,0.0,1.0
钢花一冶116街坊,住宅,114.39042329197775,30.626588906583713,1212025348,1212025354,0.0,1.0
江南御景中心,住宅,114.38572949824344,30.632497192423166,1212025358,1217544780,0.0,1.0
青山工业二路金色年华,住宅,114.39063336954686,30.62612204358905,1212025348,1212025354,0.0,1.0
科技苑社区,住宅,114.38825657412464,30.63185839960396,1217544780,1217544792,0.0,1.0
悦品天下公园家店,住宅,114.39125352507305,30.62572105243736,1212025347,1212025348,0.0,1.0
印力中心,住宅,114.38452948405578,30.63372726951679,4524874824,1211806430,0.0,1.0
公园家,住宅,114.39250475266805,30.626534446069247,1212025347,1212025348,0.0,1.0
健吾公馆,住宅,114.38713330152139,30.634445747015572,1217604754,1217604755,0.0,1.0
公园家2期,住宅,114.3933189641997,30.62680319575506,1212025368,1212025354,0.0,1.0
冶金街26街社区,住宅,114.39104688771289,30.632503265752945,1217544792,1212025353,0.0,1.0
通达社区108小区,住宅,114.39286702592055,30.624567197581225,1211889428,1212025355,0.0,1.0
青澳公寓,住宅,114.38783329662428,30.63474534024223,1217604755,1217604754,0.0,1.0
慧石山山水,住宅,114.38573325231934,30.635296007592707,4524874824,1217604755,0.0,1.0
光明社区南区,住宅,114.38876037645579,30.634561078927216,1217604755,1217604754,0.0,1.0
天伦107公馆,住宅,114.39426224339782,30.627183912573056,1212025368,1212025354,0.0,1.0
成功花园,住宅,114.38976548800198,30.63459773626043,4524874906,1217604754,0.0,1.0
通达社区北区,住宅,114.39445239400908,30.626245282754727,1212025347,1212025368,0.0,1.0
恒大御府,住宅,114.39302341498943,30.632047047419043,1217544793,1217544792,0.0,1.0
静安社区,住宅,114.38699817942697,30.635819221307628,1217604754,1217604755,0.0,1.0
25街坊,住宅,114.39134082089181,30.633954581546035,4524874823,4524874906,0.0,1.0
皇冠幸福里(工业三路店),住宅,114.39490148515702,30.627123875049463,1212025368,1212025347,0.0,1.0
凡尔赛花园,住宅,114.39357258676165,30.632013977090907,1217544793,1217544792,0.0,1.0
勘苑社区,住宅,114.39136775979154,30.634716252917507,1217604754,1217604752,0.0,1.0
新安小区,住宅,114.39553878230656,30.626651027269986,1212025347,1212025368,0.0,1.0
兴达花园,住宅,114.38965836274657,30.635859234368887,1217604754,1217604755,0.0,1.0
康盛大厦,住宅,114.39110066254901,30.63519111637575,1217604754,1217604752,0.0,1.0
新桥社区,住宅,114.39231496646512,30.63492096161088,1217604754,1217604752,0.0,1.0
武地滨江国际·融创和平中心,住宅,114.38563506483743,30.637490121780203,3722396180,1192679951,0.0,1.0
光明社区北区,住宅,114.38681402663325,30.637551562770952,1217604814,1212025384,0.0,1.0
青山区31街坊(建设中),住宅,114.38841673932497,30.630105077753505,1217544780,1217544792,0.0,1.0
武汉楚中置业青山27街坊旧改060号地块(建设中),住宅,114.39285751597554,30.63034778953817,1217544793,1217544792,0.0,1.0
中冶置业青山28街坊146号地块(建设中),住宅,114.38579611389751,30.636837323476183,1212025384,1192679951,0.0,1.0
光明社区,住宅,114.38679402164998,30.637608547059305,1217604814,1212025384,0.0,1.0
中冶书画名苑,住宅,114.38832209778272,30.637335057213637,4535082610,4535081782,0.0,1.0
松阅,住宅,114.39547227858445,30.632077759576653,1211806413,1217544793,0.0,1.0
青扬·新桥花园西区,住宅,114.38997132233591,30.6368197316887,1217604759,1217604754,0.0,1.0
青扬·新桥花园,住宅,114.39069845123515,30.636718570970153,1217604754,1217604759,0.0,1.0
青扬·新桥花园东区,住宅,114.39118855989113,30.636564511812978,1217604759,1217604754,0.0,1.0
雅苑公寓(和平大道),住宅,114.38811402624448,30.63799585250926,1217604814,1212025384,0.0,1.0
欣城社区104小区,住宅,114.39787689666447,30.62659104066308,1212025347,1212025346,0.0,1.0
雅泓苑,住宅,114.39767348082893,30.630109562600893,1217544794,1217544793,0.0,1.0
热电小区西区,住宅,114.38410105576826,30.639167184623325,3722396180,1192679951,0.0,1.0
华侨城红坊右岸18街坊,住宅,114.38762391805452,30.63895663058978,1217604814,1212025384,0.0,1.0
华侨城红坊右岸,住宅,114.38726589728607,30.639075723455292,3044755234,1217604814,0.0,1.0
热电小区,住宅,114.38349712685299,30.639311455550704,3722396180,13787350001,0.0,1.0
安欣·幸福里,住宅,114.39620643880801,30.633862974932487,4524874856,4524874823,0.0,1.0
华侨城红坊右岸17街坊,住宅,114.38556487850352,30.639657230181683,3722396185,3722396180,0.0,1.0
24街坊,住宅,114.39201163053353,30.637874767796063,1217604759,1217604777,0.0,1.0
中建五局生活区,住宅,114.38917202057739,30.63908401612392,3044755234,1217604814,0.0,1.0
二十四街小区,住宅,114.39419639721972,30.636561973272837,1217604754,1217604752,0.0,1.0
雅泓苑东区,住宅,114.39890113263654,30.630411515219336,1217544794,3756850075,0.0,1.0
丽华园邻里食堂(工业四路店),住宅,114.39982709046288,30.62588850730272,4524874747,4524874682,0.0,1.0
丹青苑小区A区,住宅,114.39995605947,30.627171990863413,4524874747,4524874682,0.0,1.0
工业四路小区,住宅,114.39977874937402,30.629432023214367,4524874682,4541278127,0.0,1.0
丹青苑小区,住宅,114.40017615471835,30.627694804489586,4524874682,9893917204,0.0,1.0
丹青苑小区B区,住宅,114.4002972039846,30.628029683042325,9893917204,4524874682,0.0,1.0
楠姆社区南区,住宅,114.40113888052065,30.62678034877395,4524874682,9893917204,0.0,1.0
楠姆社区,住宅,114.4014590403875,30.627523102821684,4524874682,9893917204,0.0,1.0
二航大院,住宅,114.40147805259483,30.627538100480578,4524874682,9893917204,0.0,1.0
青城华庭,住宅,114.40212657823967,30.6269274979538,3044755124,12254196464,0.0,1.0
怡兴花园,住宅,114.40128677987373,30.62910640690893,9893917204,4524874682,0.0,1.0
冶金街怡兴社区,住宅,114.40012891683992,30.630059808667525,4524874682,4541278127,0.0,1.0
绿苑小区,住宅,114.40268890882864,30.628021181323227,9893917204,4524874682,0.0,1.0
冶金101小区,住宅,114.40347959959,30.62728870651723,4524874682,9893917204,0.0,1.0
碧苑花园南区,住宅,114.4023184463589,30.630071230506015,4524874682,9893917204,0.0,1.0
朗姆社区,住宅,114.4038299661277,30.626389187276953,3044755124,12254196464,0.0,1.0
碧苑花园,住宅,114.40203918782761,30.630640925234857,4524874682,4541278127,0.0,1.0
碧苑花园西区,住宅,114.40093434883563,30.63123544732572,4524874682,4541278127,0.0,1.0
楠姆社区东区,住宅,114.40449047431729,30.626971160509257,4524874682,9893917204,0.0,1.0
碧苑花园东区,住宅,114.4037676373783,30.629550848627083,9893917204,4524874682,0.0,1.0
碧苑花园北区,住宅,114.40244036714029,30.632027438772504,4524874682,4541278127,0.0,1.0
冶金街楠姆社区,住宅,114.40449111357522,30.631093436575668,4524874682,9893917204,0.0,1.0
青馨居A区,住宅,114.4080347346793,30.62830309566204,9893917204,4524874682,0.0,1.0
青馨居,住宅,114.40834513992958,30.627398630428658,4524874682,9893917204,0.0,1.0
科苑社区,住宅,114.3965333680323,30.636374903985644,1217604752,4524874823,0.0,1.0
市政小区南区,住宅,114.39696752297756,30.636966651057232,1217604752,4524874823,0.0,1.0
市政小区,住宅,114.39626912290022,30.63778530868157,1217604752,4524874823,0.0,1.0
市政小区北区,住宅,114.39627012291443,30.637790306527513,1217604752,4524874823,0.0,1.0
红钢城十九街坊,住宅,114.39657917415961,30.63882785851126,1212025383,1212025384,0.0,1.0
楠姆庙还建楼,住宅,114.41313939271298,30.631991689285282,9893917204,4524874682,0.0,1.0
铁路家属区,住宅,114.41318142739605,30.632220623623695,9893917204,4524874682,0.0,1.0
红钢城车站街,住宅,114.3927647538978,30.638730257792226,4535081777,4535081779,0.0,1.0
蔚景云,住宅,114.42555984047844,30.626956289886756,11490097633,11490097583,0.0,1.0
厂前村还建小区,住宅,114.42650613220573,30.621719685625525,11490097518,11490097626,0.0,1.0
青雅居,住宅,114.41510042219194,30.639057210584678,9893917204,4524874682,0.0,1.0
杨春湖景苑2期东区,住宅,114.4275283222991,30.619885808488473,11490097518,11490097626,0.0,1.0
一邦澜廷,住宅,114.1712730060334,30.6417791902309,1192680240,1192680080,0.0,1.0
融创观澜壹号东区,住宅,114.16861202533151,30.645014806349277,1192680240,1192680080,0.0,1.0
长源假日港湾南A区,住宅,114.16473588226847,30.643872011603484,1192680240,1192680080,0.0,1.0
长源·假日港湾,住宅,114.16313003191397,30.646066046951184,1192680240,1192680080,0.0,1.0
长源·假日港湾东区,住宅,114.16291638724009,30.64635452106039,1192680240,1192680080,0.0,1.0
长源假日港湾北区,住宅,114.1613256955482,30.647314124041912,1192680240,1192680080,0.0,1.0
联发向湖(建设中),住宅,114.17038728465924,30.643635733017952,1192680240,1192680080,0.0,1.0
天辰商寓2期,住宅,114.19060814967985,30.649316480764632,3584782896,12841249658,0.0,1.0
碧海花园海云苑,住宅,114.18986514713981,30.649843014775875,3584782896,12841249658,0.0,1.0
金珠港湾2期,住宅,114.18734941266717,30.650134631585363,3584782896,12841249658,0.0,1.0
碧海社区,住宅,114.19389456008547,30.65044033636898,12841249670,1084461959,0.0,1.0
东西湖天辰公寓,住宅,114.19477977504599,30.650826571429064,12841249670,1084461959,0.0,1.0
鼎盛豪宅,住宅,114.20086642640376,30.642296461348028,8192233548,1084461972,0.0,1.0
碧海花园海风苑,住宅,114.18750265515553,30.65208304136352,3584782896,12841249658,0.0,1.0
万科银桥,住宅,114.20108404781585,30.641060304662737,12841249669,8192233549,0.0,1.0
碧海花园,住宅,114.19066801239578,30.652699100358788,12841249670,1084461959,0.0,1.0
银湖荟,住宅,114.20168534806955,30.642364602885912,8192233548,1084461972,0.0,1.0
碧海花园3期,住宅,114.18565047868981,30.653974017721584,3584782896,12841249658,0.0,1.0
金汇阁,住宅,114.20464186326434,30.645554313552275,8906573068,7341371591,0.0,1.0
万科高尔夫城市花园2期,住宅,114.20665151661902,30.64333491793627,4541460566,8192233548,0.0,1.0
金海阁,住宅,114.20549486472731,30.644490909684507,8906573068,7341371591,0.0,1.0
万科高尔夫城市花园,住宅,114.2070220766749,30.646199156645494,4541460914,8906573074,0.0,1.0
万科高尔夫城市花园5期,住宅,114.20709812998587,30.64749169316497,4541460914,7341371591,0.0,1.0
万科高尔夫城市花园4期,住宅,114.20675535255837,30.64784609976629,914652005,7341371591,0.0,1.0
中交·泓园,住宅,114.2108096241375,30.639850531070916,1084460426,3044755228,0.0,1.0
万科高尔夫熙岸,住宅,114.2067908968845,30.65399745510996,914652005,12178270138,0.0,1.0
银湖9号,住宅,114.21462313447068,30.65179760407977,12178270138,1561300938,0.0,1.0
常青花园九村北村,住宅,114.22645086039543,30.64182210669612,4736395772,4736395799,0.0,1.0
常青花园九村南村,住宅,114.22626366760835,30.640924368045184,4739304747,4736397164,0.0,1.0
常青花园九村,住宅,114.22665222906618,30.64090163335813,4739304747,4736397162,0.0,1.0
常青花园十一村,住宅,114.22681425613195,30.643267721772165,4736397142,4540133615,0.0,1.0
常青花园七村北村,住宅,114.22654817526289,30.639797038320772,4739304746,4739304747,0.0,1.0
常青花园十二村,住宅,114.22685520349329,30.64455219421378,4736397142,4540133615,0.0,1.0
常青花园十四村,住宅,114.2271144685865,30.64573884683322,4736397144,4736397143,0.0,1.0
常青花园十村,住宅,114.22798411263459,30.640740537659003,7710797914,286075945,0.0,1.0
常青花园十三村,住宅,114.22872685361189,30.643856636466126,4736397134,4736397136,0.0,1.0
常青花园十六村,住宅,114.2273607061164,30.647000455140514,4736397141,4736397140,0.0,1.0
常青花园十五村,住宅,114.22936456772405,30.645413324523602,4736397137,4736397136,0.0,1.0
常青花园十七村,住宅,114.22877466496777,30.64678439769867,4769398249,4736395776,0.0,1.0
常青花园二十三村,住宅,114.23050121152713,30.643392802677088,4739304751,4736397189,0.0,1.0
常青花园十八村,住宅,114.23002331948416,30.646647146952372,4769398249,4736395776,0.0,1.0
沿海丽水佳园三期,住宅,114.22101948947031,30.652696296567097,4541460981,9520799141,0.0,1.0
沿海丽水佳园四期,住宅,114.22102950612151,30.65269630503637,4541460981,9520799141,0.0,1.0
沿海丽水佳园二期,住宅,114.22100847071643,30.65270128505281,4541460981,9520799141,0.0,1.0
常青花园二十五村,住宅,114.23162240781704,30.645693360774196,4736397187,4739304756,0.0,1.0
常青花园二十四村,住宅,114.23239955446743,30.64324177460161,4736397189,4540133502,0.0,1.0
常青花园四小区,住宅,114.23031746441853,30.64933713141087,4540132015,4736395736,0.0,1.0
常青花园二十六村,住宅,114.23287098199282,30.64471134542479,4739304756,4736397186,0.0,1.0
沿海丽水佳园一二期,住宅,114.2210483873481,30.65443255755567,9520799141,9520799127,0.0,1.0
常青花园8号小区,住宅,114.23369317557,30.641816929491736,4736395765,13819683188,0.0,1.0
炒(常青花园店),住宅,114.2341937054016,30.642166972277032,4736395765,13819683188,0.0,1.0
沿海丽水佳园,住宅,114.22217319179015,30.654884287594527,4541460508,4541460981,0.0,1.0
常青花园金苑,住宅,114.23351655805213,30.646650772974414,4540133509,4736395747,0.0,1.0
楚苑佳境,住宅,114.23444991180972,30.643047688727254,4736395809,4540133502,0.0,1.0
都市假日,住宅,114.22503168551903,30.654423656221727,4541460508,4541460981,0.0,1.0
新世界·常青二分之一中心,住宅,114.2346753175895,30.64119756554363,4736397129,4736395820,0.0,1.0
常青花园9村,住宅,114.23494433919741,30.644316318805988,4736395757,4736395809,0.0,1.0
常青花园十四区,住宅,114.23782756902816,30.640682731701926,4736395820,4540133566,0.0,1.0
常青花园十二小区,住宅,114.23643659014432,30.647841270647085,4540133321,4739304759,0.0,1.0
武汉轻工大学常青校区常青公寓,住宅,114.24114426735905,30.643001327661484,4736397129,4540133566,0.0,1.0
常青花园十一小区,住宅,114.23953458801763,30.646870420037946,4540133530,4540133485,0.0,1.0
长青壹号北区,住宅,114.24130014189392,30.645894096175304,4736395785,11176160819,0.0,1.0
长青壹号,住宅,114.24178959589246,30.64506850265161,4736395770,11176160819,0.0,1.0
长青壹号南区,住宅,114.24235610081298,30.644195925228985,4736395770,11176160819,0.0,1.0
常青花园,住宅,114.236362386652,30.64932960075815,4540133321,4739304759,0.0,1.0
常青花园十小区东区西区,住宅,114.2427686619893,30.641213234143663,4540133566,4737495304,0.0,1.0
常青花园十小区,住宅,114.24366028043141,30.641354206952972,8192233610,8192233609,0.0,1.0
常青花园五小区,住宅,114.23569959340078,30.650631827892173,4540133321,4739304759,0.0,1.0
汽车换电站(奥动换电常青花园),住宅,114.23845928986553,30.650751517663306,4739304761,11185037406,0.0,1.0
当代春风十里小区,住宅,114.24409606754695,30.647243669946654,4540133337,7440011348,0.0,1.0
常青花园十小区东区,住宅,114.2458996716962,30.64176498120505,6106179347,8192233610,0.0,1.0
常青花园六小区,住宅,114.24242969281295,30.64955860320261,4736395790,4736395785,0.0,1.0
克拉公馆5期,住宅,114.23778552745542,30.65228868958438,4739304761,11185037406,0.0,1.0
常青花园恒大御景,住宅,114.24057501296294,30.652176268642112,11185037406,4524874696,0.0,1.0
愿景时代,住宅,114.24764951375457,30.643113230355038,3366221056,3367260943,0.0,1.0
美联·奥林匹克花园六期,住宅,114.2327550391011,30.654062217941128,11176160735,7710807198,0.0,1.0
将军路商业公司住宅院,住宅,114.2459559847906,30.650108363816134,4540133306,4540133381,0.0,1.0
荣昌花园,住宅,114.24430882526808,30.651685732206055,7440011363,3366221056,0.0,1.0
商业公司住宅院-干部楼,住宅,114.24604503648119,30.650110356852263,4540133306,4540133381,0.0,1.0
福园,住宅,114.24700664218834,30.64931861744392,4540133306,4540133381,0.0,1.0
美联·奥公馆,住宅,114.23526474567122,30.655154698644544,11176160735,7710807201,0.0,1.0
巴西奥运村,住宅,114.23389224750709,30.655161198543052,11176160735,7710807206,0.0,1.0
伊甸园,住宅,114.2436923330518,30.652588331768488,7440011363,3366221056,0.0,1.0
新城俊园,住宅,114.24767804312408,30.64873579136078,4532910574,7440011362,0.0,1.0
美联·奥林匹克花园一期,住宅,114.22969217710023,30.654904358633644,7710797914,286075945,0.0,1.0
将军花园2期,住宅,114.24485612557955,30.6523024538166,7232650674,7232650676,0.0,1.0
美联·奥林匹克花园,住宅,114.23111494823443,30.655360891252915,11176160735,7710807198,0.0,1.0
华星·晨龙城A区,住宅,114.2485775304282,30.64816590537014,4540133644,4540133407,0.0,1.0
华星融城,住宅,114.24954614643268,30.646025655947174,3367260950,4532910574,0.0,1.0
美联·奥林匹克花园二期,住宅,114.23233740682184,30.65567732317036,7710807206,11176160735,0.0,1.0
华星·晨龙城龙枫苑,住宅,114.25106470603308,30.646400142262863,4540133407,11185061998,0.0,1.0
华星·晨龙城,住宅,114.24950406163609,30.646801328144495,4540133407,4540133644,0.0,1.0
华星·晨龙城龙樱苑,住宅,114.24983913755645,30.647544935728522,4540133644,4540133407,0.0,1.0
融创融公馆二期,住宅,114.2556472248855,30.642305324907756,7233179332,11297326883,0.0,1.0
新龙和苑,住宅,114.25520331403688,30.64043331608918,7713117336,7713117334,0.0,1.0
翠林雅居,住宅,114.25220297069836,30.64769426008437,4524874649,4540133640,0.0,1.0
融创融公馆,住宅,114.2567394032667,30.641875016555648,7713117336,7233179332,0.0,1.0
绿城留香园,住宅,114.25670846794259,30.641087369215747,7713117336,7713117334,0.0,1.0
晨龙城龙竹宛,住宅,114.25095546281214,30.64876514262681,4540133640,9428099038,0.0,1.0
跃进郭湖墩家园,住宅,114.25695749500682,30.641066259908836,7713117336,7713117334,0.0,1.0
星悦城六期,住宅,114.25752833465775,30.64347694353586,7713117336,7233179332,0.0,1.0
星悦城·玺樾,住宅,114.25760734980022,30.6433649521047,7713117336,7233179332,0.0,1.0
九禾邻里,住宅,114.25045521204385,30.64951493905564,4540133640,4540133606,0.0,1.0
龙竹苑,住宅,114.24927071003573,30.649711107775975,4540133306,4540133407,0.0,1.0
城开·汉口秀园,住宅,114.25762067524686,30.63960355990931,7233154396,7713117333,0.0,1.0
翠林居,住宅,114.25145854597577,30.649839540556993,9428099038,4540133640,0.0,1.0
将军公寓,住宅,114.24887144260346,30.65075172689799,4540133381,4540133306,0.0,1.0
融创融公馆一期,住宅,114.25934561902262,30.64084810271916,7713117336,7233154396,0.0,1.0
萌家乐养生馆,住宅,114.2595003286251,30.64419357540233,7233179337,7233461589,0.0,1.0
将花社区,住宅,114.2479779898582,30.651092720953415,4540133381,4540133306,0.0,1.0
将军家苑,住宅,114.25072116493953,30.651223128131406,4540133606,9428099038,0.0,1.0
将军家苑A区,住宅,114.25020493793069,30.65156410134602,9428099038,4540133606,0.0,1.0
星悦城三期,住宅,114.26035136390699,30.643463389533625,7713117336,7233461589,0.0,1.0
跃进家园B区,住宅,114.25931010945094,30.64675557497433,7233179337,7233179334,0.0,1.0
鹏海家园,住宅,114.24708948331819,30.65167357905473,7232650680,4540133617,0.0,1.0
梅花池社区,住宅,114.25004881415222,30.652278823098538,4540133606,9428099038,0.0,1.0
融泰·嘉境,住宅,114.24813996867393,30.652258186558953,4540133617,4540133306,0.0,1.0
星悦城二期,住宅,114.26165539584679,30.64190424228674,7233179342,7233461589,0.0,1.0
将军花园A区,住宅,114.24542948707065,30.65223846131325,4540133655,7232650680,0.0,1.0
星悦城,住宅,114.26183731185921,30.642644804880437,7233461589,7233179342,0.0,1.0
跃进家园,住宅,114.26105902166883,30.646887472153583,7233179337,7233179334,0.0,1.0
将军花园B区,住宅,114.24705133473847,30.653158931429726,7232650676,7232650677,0.0,1.0
将军花园,住宅,114.24594171851908,30.653097055438685,7232650676,7232650674,0.0,1.0
养殖西村,住宅,114.25142721893113,30.653505942614398,4540133671,9428099038,0.0,1.0
跃进家园A区,住宅,114.26192198272332,30.646344151262372,7233179337,7233179334,0.0,1.0
将军花园D区,住宅,114.24529630735373,30.653377966800814,7232650674,7232650676,0.0,1.0
将军新村一期,住宅,114.24943439416465,30.654191111703945,4540133307,4540133671,0.0,1.0
跃进家园C区,住宅,114.2616738702444,30.64797060770415,7233179337,7233179334,0.0,1.0
将军花园C区,住宅,114.2463258661891,30.653951651381607,7232650677,7232650676,0.0,1.0
富士·君安花园北区,住宅,114.26420693604908,30.6424912131857,4539465296,7233179342,0.0,1.0
将军新村二期,住宅,114.2479196258112,30.65497602313663,11185037417,11185037418,0.0,1.0
振跃尚府,住宅,114.2644736901842,30.64466107864917,4539465296,7233179334,0.0,1.0
青青佳园,住宅,114.2452971744206,30.654924285907217,4524874889,4540133595,0.0,1.0
何湾,住宅,114.26501368286026,30.643268268992802,4539465296,7233179342,0.0,1.0
富士·君安花园,住宅,114.26518375151001,30.641978692441356,11633720868,11633741969,0.0,1.0
富士·君安花园南区,住宅,114.26559866172552,30.641754463893154,11633720868,11633741969,0.0,1.0
跃进家园D区,住宅,114.26800890020387,30.64161451904091,3044755241,7233179346,0.0,1.0
清芷园,住宅,114.26897940928315,30.64292209343934,11633741970,7233179346,0.0,1.0
塔子湖·锦绣家园·雅菊苑,住宅,114.2687783853514,30.64414174909126,11633741969,11633741970,0.0,1.0
塔子湖·锦绣家园馨竹苑,住宅,114.26978612577383,30.64223464740467,7233179346,3044755241,0.0,1.0
塔子湖社区,住宅,114.26955503910699,30.644405926486254,11633741970,7233179346,0.0,1.0
梦湖香郡梦涟轩,住宅,114.26814346032407,30.64612745437149,4539465305,7235343214,0.0,1.0
富强·天合熙园,住宅,114.27028700689522,30.640995707886155,7233179350,7233179346,0.0,1.0
塔子湖·锦绣家园咏梅苑,住宅,114.26543619049973,30.64771701511316,4539465305,7235343214,0.0,1.0
融创公园壹号,住宅,114.27145533374112,30.642245039241995,7233179346,7235363857,0.0,1.0
塔子湖·锦绣家园幽兰苑,住宅,114.27126627580836,30.644016462443567,11633741971,7235363857,0.0,1.0
融创公园壹号一期,住宅,114.27152433565034,30.6418171548688,7233179346,7233179350,0.0,1.0
塔子湖·锦绣家园,住宅,114.27143422681841,30.643606473892074,7233179346,7235363857,0.0,1.0
融创澜岸,住宅,114.27009558592407,30.646882349190964,7235363855,7233179343,0.0,1.0
尚都一品西区,住宅,114.27251876888305,30.642292949220753,7235363857,9428099032,0.0,1.0
湖北省武汉市江岸区塔子湖村城中村改造还建用地H3地块,住宅,114.27155394595539,30.646153254436065,11633741971,7235363857,0.0,1.0
尚都一品,住宅,114.27324133815027,30.642581077740488,7235363857,9428099032,0.0,1.0
奥林紫园,住宅,114.27316123332227,30.64432640911307,11633741971,7235363857,0.0,1.0
尚都一品东区,住宅,114.27380299110511,30.642787396310652,7235363857,9428099032,0.0,1.0
融创公园壹号二期,住宅,114.27341795263337,30.645859477083928,11633741971,7235363857,0.0,1.0
富强·天合园,住宅,114.27428651822599,30.644868980092383,11633741973,1233306758,0.0,1.0
尚湖熙园,住宅,114.2727191072592,30.648670982976384,7235363847,7235363855,0.0,1.0
中铁十一局工人生活区,住宅,114.27560197214444,30.641451005351254,1233306758,1233322782,0.0,1.0
融创公园大观,住宅,114.27738320281503,30.647560321029474,1233306571,11633741982,0.0,1.0
越秀星汇君泊一二期,住宅,114.27628869838807,30.650809172376047,7232653529,3011145967,0.0,1.0
佳海茗苑南区,住宅,114.2834886431812,30.64127131537495,651691788,1540326788,0.0,1.0
佳海茗苑,住宅,114.28471130256808,30.643216806593493,4523487785,4523487693,0.0,1.0
后湖生态花园二期,住宅,114.28507301687627,30.642404653892925,651691796,651691788,0.0,1.0
佳海茗苑北区,住宅,114.28537865303332,30.643095929143577,8197663931,651691788,0.0,1.0
嘉锦苑,住宅,114.28525867486235,30.644226609473083,4523487785,4523487693,0.0,1.0
后湖生态花园,住宅,114.28590024621079,30.641723784770793,8197663931,651691788,0.0,1.0
后湖生态花园一期,住宅,114.28639876865563,30.641346238151467,8197663931,651691788,0.0,1.0
塔子湖球员公寓,住宅,114.2810142047311,30.648909270288282,11633741982,11633741977,0.0,1.0
瑞景天成,住宅,114.28713512098746,30.639960773502253,8197663930,651691756,0.0,1.0
世纪家园,住宅,114.28758721936728,30.64483701917288,4523487693,1233322882,0.0,1.0
世纪家园2期,住宅,114.2881905789543,30.644733179727627,1233322882,1540326783,0.0,1.0
香山花园,住宅,114.29058000886073,30.643510118834897,4523487795,1540326783,0.0,1.0
长投·海德公园,住宅,114.27925537910664,30.652136069738333,7232653529,7232653528,0.0,1.0
越秀星汇君泊,住宅,114.27635756888692,30.651756678695037,7232653579,7232653528,0.0,1.0
楚邦汉界,住宅,114.29106758802251,30.641835090954245,1540326785,1540326783,0.0,1.0
百胜春天,住宅,114.28916909301131,30.649465671046265,3500331221,3217552040,0.0,1.0
消防人家,住宅,114.29028786118934,30.649092144329412,3500331221,3217552040,0.0,1.0
东方花都F区,住宅,114.29277939038282,30.64367362765684,4523487795,4523487738,0.0,1.0
越秀星汇君泊-北区,住宅,114.27610258535769,30.65359316290914,7232653579,7232653528,0.0,1.0
越秀·星汇君泊三期西区,住宅,114.27545503280099,30.65344195872121,7232653574,7713099769,0.0,1.0
汇悦天地三期,住宅,114.28567050305853,30.652994211738186,11633741978,13807852952,0.0,1.0
越秀·星汇君泊三期东区,住宅,114.27667713671812,30.65417524875065,7232653524,7232653528,0.0,1.0
余华岭社区,住宅,114.2887873448244,30.651443375947856,6314844903,6314844906,0.0,1.0
幸福人家北苑,住宅,114.29205389419823,30.647939919806955,4523487779,4523487795,0.0,1.0
嗡蜜佳园(后湖南路店)(装修中),住宅,114.28690413966328,30.642546997113257,8197663931,651691788,0.0,1.0
HUIYUETIANDI,住宅,114.28513299456691,30.653527730888648,11633741977,11633741978,0.0,1.0
百步亭·金桥汇1期,住宅,114.28756953574617,30.652948509141286,11633741978,13807852952,0.0,1.0
百步亭.和谐里,住宅,114.28377422781743,30.654511169071736,7232659598,7232659587,0.0,1.0
农房上海公馆1期,住宅,114.2778042526594,30.654959583093532,7232653524,7232653528,0.0,1.0
乐活馨居,住宅,114.28266720307253,30.655143377889864,7232659589,7232659587,0.0,1.0
光明上海公馆,住宅,114.2797027335413,30.65544206089016,7232653522,11675965678,0.0,1.0
同鑫花园景福苑,住宅,114.29360700950315,30.647912476478226,2140813084,4523487788,0.0,1.0
东方明珠3期,住宅,114.2950707599832,30.641155035259214,651691783,2140813071,0.0,1.0
盛世东方,住宅,114.29696118130235,30.642660274775757,3501002889,2140813071,0.0,1.0
天伦·二七嘉园我的寓所,住宅,114.29846220178966,30.642385871741396,3501002889,2140813071,0.0,1.0
丹水嘉园,住宅,114.29856809983755,30.641909896975793,3501002889,2140813071,0.0,1.0
鼎盛华城,住宅,114.29573551038678,30.645750966960822,3969574963,2140813084,0.0,1.0
鼎盛璟城,住宅,114.29665027010832,30.646346199063068,3969574963,4532970413,0.0,1.0
雷苑小区2期,住宅,114.30042562125763,30.641065080169252,1706129933,11628608192,0.0,1.0
雷苑小区,住宅,114.30057637049099,30.64153161926468,1706129933,11628608192,0.0,1.0
银泰·御华园2期,住宅,114.3024197008672,30.64224209693491,11628608192,3501002863,0.0,1.0
同鑫花园,住宅,114.29543260149657,30.649187969266464,4523487788,4523487806,0.0,1.0
银泰·御华园3期,住宅,114.3023975283274,30.64459512146573,11628608192,3501002863,0.0,1.0
海赋江城·天韵,住宅,114.30002958435149,30.647829840440906,7232506365,7232506362,0.0,1.0
银泰·御华园,住宅,114.30308173940446,30.642343884778843,11628608192,3501002863,0.0,1.0
海赋江城·天韵C区,住宅,114.30133577066735,30.647677644360765,7232506368,7232506365,0.0,1.0
银泰御华里C区,住宅,114.30342101236144,30.645058112580127,3501002864,3501002863,0.0,1.0
海赋江城·天韵B区,住宅,114.30038199731621,30.64895374339301,7232506368,7232506365,0.0,1.0
银泰·御华园1期,住宅,114.30408537221862,30.641281557671913,3501002854,3501002863,0.0,1.0
同安家园1期,住宅,114.29277179364072,30.650664602703127,3500352725,3500353307,0.0,1.0
惠康居,住宅,114.30147043258833,30.649379668066995,7232506368,7232531428,0.0,1.0
兴业国际,住宅,114.30349264157759,30.648129652526997,4523470652,4523470663,0.0,1.0
怡和苑北区,住宅,114.30509647728,30.645963726777403,3501002863,7232612059,0.0,1.0
同安家园3期,住宅,114.29668573311157,30.652000673793925,4050649088,3500352711,0.0,1.0
怡和苑南区,住宅,114.30594947622208,30.64288151957394,3501002854,3501002863,0.0,1.0
同安家园5期,住宅,114.29704425454375,30.652081042069003,4050649088,3500352711,0.0,1.0
同安家园,住宅,114.29521955300913,30.652887697463992,3500353335,8479338458,0.0,1.0
同安家园2期,住宅,114.29347672026283,30.65310241468008,4532970412,3500331221,0.0,1.0
海赋江城,住宅,114.30465986019726,30.648978200230328,7232506373,4523470652,0.0,1.0
宏宇绿色新都3期,住宅,114.29003783185775,30.65272693363977,6314844903,6314844906,0.0,1.0
同安家园4期,住宅,114.29662962980137,30.654038871027115,3500352716,3500353348,0.0,1.0
二七星城,住宅,114.30183665038325,30.652406703021963,7232531427,11628608201,0.0,1.0
宏宇绿色新都,住宅,114.29010166287974,30.653837348415564,6314844906,11633741980,0.0,1.0
绿色新都1期,住宅,114.29068695247985,30.654275262403377,6314844906,11633741980,0.0,1.0
和成天下,住宅,114.30901291249646,30.641899341886862,7232612063,11617779525,0.0,1.0
怡康苑,住宅,114.30829162915533,30.646387732093228,7232612059,2140813078,0.0,1.0
怡康苑北区,住宅,114.30802796606639,30.64714588709808,7232612059,3500366645,0.0,1.0
怡康苑南区,住宅,114.30886988181119,30.644783362451328,11617779525,11617779526,0.0,1.0
书香社区,住宅,114.29824042474431,30.65478884325828,3500352762,3500352772,0.0,1.0
汉悦府·坤璟,住宅,114.30360903934526,30.65311426505377,3500366644,1233322893,0.0,1.0
景城,住宅,114.29217509143629,30.655528403282286,11633741980,11633741983,0.0,1.0
惠民居,住宅,114.30617541954479,30.651150518958197,7232506373,7232485266,0.0,1.0
汉口城市广场2期,住宅,114.30113146959742,30.65446202944667,4149553620,11628608181,0.0,1.0
汉悦府坤璟西区,住宅,114.30354012114692,30.653326294288924,3500366644,1233322893,0.0,1.0
建设新村青年公寓,住宅,114.31155897404827,30.6416447204753,7232634563,7232612063,0.0,1.0
百步亭社区,住宅,114.30967052623058,30.64616628397146,2140813078,7232612059,0.0,1.0
温馨苑D区,住宅,114.31226949043844,30.64583758068547,2140813078,7232612059,0.0,1.0
城开温馨里,住宅,114.31400518337934,30.640690531759233,7232634554,11357531569,0.0,1.0
温馨苑CD区,住宅,114.3122944513849,30.645833535611764,2140813078,7232612059,0.0,1.0
建设新村,住宅,114.31376621334427,30.64472424622595,3501002858,7232634563,0.0,1.0
温馨苑,住宅,114.3116842827099,30.64732803025347,7232612059,2140813078,0.0,1.0
温馨苑B区,住宅,114.31151752401705,30.647566238587437,2140813078,7232612059,0.0,1.0
连城家园,住宅,114.31719586763815,30.642803566952935,11617739224,2405710249,0.0,1.0
温馨苑A区,住宅,114.31101716383773,30.649227449397433,3500366645,3500366634,0.0,1.0
百步亭花园安居苑D区,住宅,114.31553713005975,30.64757165940802,7232495134,3501002866,0.0,1.0
花园路小区,住宅,114.31696396865689,30.645954647564043,4532970304,4532970329,0.0,1.0
长江委长顺园,住宅,114.31703577834894,30.646805141776465,7232495134,3501002866,0.0,1.0
百步亭花园现代城一区,住宅,114.31887390966358,30.645466212592982,4532970304,4532970303,0.0,1.0
武汉城建·电建滨江云城,住宅,114.31929667504824,30.64025065008064,3382233273,7232634554,0.0,1.0
百步亭花园安居苑A区,住宅,114.31386158507632,30.650195687553072,11617779587,11617779588,0.0,1.0
中海万锦江城,住宅,114.30992166610513,30.651580458064956,3500366644,3969574964,0.0,1.0
百步亭花园安居苑C区,住宅,114.3167180797531,30.64924568477283,4532970379,7232495134,0.0,1.0
百步亭花园安居苑,住宅,114.3150456558776,30.65060027067579,11617779588,3501002880,0.0,1.0
百步亭花园现代城二区,住宅,114.31906737707098,30.647960759632735,4532970378,4532970328,0.0,1.0
百步亭花园现代城四区,住宅,114.3209007040543,30.64427184769676,3717243426,3382233254,0.0,1.0
百步亭花园现代城,住宅,114.32049720626854,30.646082837374067,8197663919,4532970302,0.0,1.0
万锦公馆,住宅,114.30956012336179,30.652762609203954,3500366644,3969574964,0.0,1.0
新远大花园,住宅,114.32164273272531,30.6414766288478,3382233254,3382233273,0.0,1.0
百步亭花园安居苑B区,住宅,114.31611089104895,30.651187991067857,3501002880,3501002870,0.0,1.0
银湖湾小区B,住宅,114.3148528532975,30.65188407363073,2405716102,4523471931,0.0,1.0
长投·汉口年华,住宅,114.30569103330335,30.65241684012306,3500366644,3969574964,0.0,1.0
百合苑,住宅,114.31307261142722,30.652822023715363,4523470659,3969574964,0.0,1.0
银湖湾,住宅,114.31497262635773,30.652284670923265,2405716102,4523471931,0.0,1.0
百步亭花园现代城三区,住宅,114.32176609476177,30.646476233973765,4532970302,8197663919,0.0,1.0
丹水嘉苑,住宅,114.31807370359593,30.651296202711364,3501002869,3501002870,0.0,1.0
百步华庭,住宅,114.30863142802829,30.65421368541758,3500366644,3969574964,0.0,1.0
宏兴苑,住宅,114.31630143947284,30.652842902602448,4523471894,4523471931,0.0,1.0
花样年花好园,住宅,114.30552415336898,30.653894491655347,1233322893,1233322729,0.0,1.0
汉悦府坤璟东区,住宅,114.30408830702011,30.65349424433168,3500366644,1233322893,0.0,1.0
丹南社区,住宅,114.32358748249199,30.6421805961151,3012599228,3717241826,0.0,1.0
云栖美域,住宅,114.32344352069737,30.644450893467795,4050649086,3382233254,0.0,1.0
丹亭懿府,住宅,114.32062166832043,30.64991892924178,3501002869,8197663919,0.0,1.0
长湖地五村,住宅,114.32367639355299,30.641527706223172,3382258820,3012599228,0.0,1.0
百步亭花园现代城五区,住宅,114.32336154524927,30.64571150526295,4050649086,3382233254,0.0,1.0
百步亭10号居住项目,住宅,114.3215921098806,30.64957222009449,3501002869,8197663919,0.0,1.0
武汉城建·万科云泊江岸一期,住宅,114.32307883482359,30.647709180316948,4050649086,8197663919,0.0,1.0
武汉城建·万科云泊江岸,住宅,114.3234272656935,30.647680524469436,8197663919,4050649086,0.0,1.0
方舟花园,住宅,114.31971591815555,30.652561506812507,3501002870,8202679156,0.0,1.0
武汉城建·启元,住宅,114.33003398122366,30.64170248932783,3248177013,10606541017,0.0,1.0
丹南社区,住宅,114.32947155066324,30.645650853382744,11299054548,11252257687,0.0,1.0
丹东社区右,住宅,114.32588721836113,30.6478187500743,3717241826,8202679149,0.0,1.0
丹西社区,住宅,114.32479092088964,30.64891137389234,8202679148,4050649086,0.0,1.0
丹东社区,住宅,114.33130336405733,30.648120311030816,11252257660,11252257687,0.0,1.0
电力新村,住宅,114.33228773560089,30.648588251792408,11252257687,11252257660,0.0,1.0
丹枫苑小区,住宅,114.32594476350332,30.651949835072333,8202679148,4050649086,0.0,1.0
生态家园(解放大道店),住宅,114.3281541383422,30.652061565375227,3717241826,8202679149,0.0,1.0
武汉城建·万科云泊江岸二期,住宅,114.32583388234298,30.652670730817963,8202679148,4050649086,0.0,1.0
武汉城建·融创御央首府,住宅,114.32337085566073,30.653442112065022,4523471920,8202679148,0.0,1.0
秀泽园南区,住宅,114.32081905869974,30.653207109509342,3501002870,8202679156,0.0,1.0
佳园小区,住宅,114.32890682430063,30.65304769879419,3717241826,8202679149,0.0,1.0
江印一期,住宅,114.32627507539337,30.65363146407046,8202679148,4050649086,0.0,1.0
江印,住宅,114.32582678457183,30.65392419303716,4523471920,8202679148,0.0,1.0
江印二期,住宅,114.32554722552825,30.654123640408173,4523471920,8202679148,0.0,1.0
中城·青年汇,住宅,114.32697383654606,30.654713651246173,4523471920,8202679148,0.0,1.0
秀泽园,住宅,114.31993639162746,30.654471244204892,4523487712,4523487728,0.0,1.0
丹水池惠民苑,住宅,114.33170124960905,30.653521196108898,11252257687,11252257660,0.0,1.0
名流世家,住宅,114.32144087871137,30.65506409911385,8202679158,8202679157,0.0,1.0
丹水国际,住宅,114.3287489058816,30.655061112329676,8202679138,4523471932,0.0,1.0
秀泽园北区,住宅,114.31964582762257,30.654912605963254,4523487712,4523487728,0.0,1.0
丹北池街丹北社区,住宅,114.33052306173145,30.654592950327775,8202679138,4523471932,0.0,1.0
十大家·云禧,住宅,114.32255100660446,30.65566570415739,8202679152,1233322810,0.0,1.0
冯家墩241号,住宅,114.33559309486947,30.6528072339803,3248177013,10606541017,0.0,1.0
新奥·依江畔园,住宅,114.37798856260633,30.640160791388364,4541277760,4524691291,0.0,1.0
热电社区,住宅,114.38231513417227,30.641635152917875,3044755246,4524691291,0.0,1.0
临江雅居,住宅,114.38438256120936,30.64441777813572,4524691291,4524691433,0.0,1.0
华侨城红坊云岸一期,住宅,114.38688137138887,30.645013330747325,4524691433,3044755250,0.0,1.0
华侨城红坊云岸,住宅,114.38783135274709,30.64549273834927,4524691433,3044755250,0.0,1.0
招商·一江璟城西区,住宅,114.3897758583311,30.641785667188824,3722396185,3044755234,0.0,1.0
华侨城红坊云岸二期,住宅,114.38883039272552,30.645837224911897,4524691433,3044755250,0.0,1.0
大华锦绣前城,住宅,114.38998266152255,30.64436449408338,3722396185,3044755250,0.0,1.0
招商·一江璟城,住宅,114.39042600855224,30.641214723794125,3044755234,1217604814,0.0,1.0
招商·一江璟城北区,住宅,114.39054694565806,30.64216828098598,3044755234,3722396185,0.0,1.0
招商·一江璟城南区,住宅,114.39016705913404,30.64015725017503,1217604814,3044755234,0.0,1.0
遂荷花园,住宅,114.39122411826484,30.641678317707857,1212025383,1217604814,0.0,1.0
十三街坊,住宅,114.39214324753702,30.642609712430854,1212025383,1217604814,0.0,1.0
招商·一江璟城东区,住宅,114.39207035806534,30.641143357607508,1212025383,1217604814,0.0,1.0
华侨城红坊8街坊,住宅,114.39303527724813,30.64504749637215,1212025383,1217604814,0.0,1.0
华侨城红坊7街坊,住宅,114.39184476427366,30.647281754150068,4524691433,3044755250,0.0,1.0
车站社区,住宅,114.39359790689048,30.63985264596575,1212025383,1212025384,0.0,1.0
青扬十街西区,住宅,114.39404887344229,30.641944689668758,1212025383,1217604814,0.0,1.0
华侨城红坊右岸9街坊,住宅,114.39406069919532,30.643975813294297,1212025383,1217604814,0.0,1.0
青扬十街,住宅,114.39427094605048,30.64200163940338,1212025383,1217604814,0.0,1.0
华侨城红坊,住宅,114.39304505543237,30.647606384855052,1212025383,1217604814,0.0,1.0
红坊·云囍公馆,住宅,114.39519626718264,30.642322417076233,1212025383,1217604814,0.0,1.0
青扬十街东区,住宅,114.39618363106571,30.64295009799953,1212025383,1217604814,0.0,1.0
武钢科技人才园,住宅,114.39508978186662,30.647368242907284,1212025383,1217604814,0.0,1.0
中国邮政大院,住宅,114.39662398859005,30.641181850247285,1212025383,1217604814,0.0,1.0
红钢城四街坊,住宅,114.39597605312545,30.648484707147816,1212025383,1217604814,0.0,1.0
红钢城五街坊,住宅,114.3979322374018,30.645838868252415,1212025383,1217604814,0.0,1.0
十九街社区园林小院,住宅,114.39867903931018,30.64141182667829,1212025383,1217604814,0.0,1.0
红钢城三街坊,住宅,114.39870972794111,30.64516021349081,1212025383,1217604814,0.0,1.0
四街坊物业小区,住宅,114.3975127818397,30.64852168596474,1212025383,1217604814,0.0,1.0
元兴苑,住宅,114.40320588555596,30.64432239907977,1212025383,1217604814,0.0,1.0
中交·江锦湾,住宅,114.39848326056594,30.649019519281968,1212025383,1217604814,0.0,1.0
华通小区,住宅,114.40945065600876,30.646629045739008,4524874856,1211806340,0.0,1.0
七星天兴花园,住宅,114.4095226068429,30.648106444347533,4524874856,1211806340,0.0,1.0
七星富利天城,住宅,114.4050497788325,30.651906696570567,1212025383,1217604814,0.0,1.0
城投秀水青城,住宅,114.41157399525092,30.648240644398367,4524874856,1211806340,0.0,1.0
绿地·香树花城派克公馆,住宅,114.41396859315441,30.642221957088452,9893917204,4524874682,0.0,1.0
临江港湾,住宅,114.40745897840065,30.652998229785656,1212025383,1217604814,0.0,1.0
青宜居西区,住宅,114.41378198909464,30.646269067004177,4524874856,1211806340,0.0,1.0
青山国投绿城·锦棠翠晓(建设中),住宅,114.40208599124679,30.64467995523432,1212025383,1217604814,0.0,1.0
绿地·香树花城,住宅,114.41543361015134,30.6422701083052,9893917204,4524874682,0.0,1.0
青城阳光,住宅,114.41526926570498,30.643553419387903,9893917204,4524874682,0.0,1.0
绿地香树花城2期,住宅,114.41706688566202,30.64347001121723,9893917204,4524874682,0.0,1.0
绿地香树花城C区,住宅,114.41764973916004,30.643794406696838,9893917204,4524874682,0.0,1.0
绿地香树花城1期,住宅,114.41819576902584,30.641641848583998,9893917204,4524874682,0.0,1.0
青宜居,住宅,114.41514686621218,30.64615219505182,4524874856,1211806340,0.0,1.0
青宜居东区,住宅,114.4171638204387,30.645878058428146,9893917204,4524874682,0.0,1.0
泓森康桥,住宅,114.41714367548964,30.647188471584833,9893917204,4524874682,0.0,1.0
青和居二期,住宅,114.41573649866606,30.648471678363155,4524874856,1211806340,0.0,1.0
青和居,住宅,114.41657672980827,30.648353456675657,4524874856,1211806340,0.0,1.0
青和居一期,住宅,114.41750212307933,30.648264332392895,4524874856,1211806340,0.0,1.0
青山区大学生公寓,住宅,114.41557924271822,30.6488303895375,4524874856,1211806340,0.0,1.0
青康居,住宅,114.41409304205071,30.650428493950617,4524874856,1211806340,0.0,1.0
新长江香樟林,住宅,114.41795164409778,30.650177917962534,4524874856,1211806340,0.0,1.0
青山绿水花园,住宅,114.41155972892243,30.651081394680546,1212025383,1217604814,0.0,1.0
万科四季花城西半岛右岛3区,住宅,114.17289723027568,30.65843195328684,3584782896,12841249658,0.0,1.0
万科四季花城西半岛右岛一区,住宅,114.17033585950635,30.658211262612763,3584782896,12841249658,0.0,1.0
万科·翠湖隐秀,住宅,114.1692373558608,30.661915552564945,3584782896,12841249658,0.0,1.0
万科四季花城西半岛,住宅,114.16712745795718,30.659423698327206,3584782896,12841249658,0.0,1.0
万科四季花城西半岛左岛2区,住宅,114.16677249514241,30.658659370419993,3584782896,12841249658,0.0,1.0
万科四季花城西半岛左岛一区,住宅,114.1661616366466,30.659638786246013,3584782896,12841249658,0.0,1.0
怡情雅筑,住宅,114.1640725360236,30.66007266543455,3584782896,12841249658,0.0,1.0
武汉悦湖公馆·2号公寓(恒大城市广场店),住宅,114.16661051759147,30.664445482236594,3584782896,12841249658,0.0,1.0
武汉·恒大城二期,住宅,114.16553031562977,30.665209107581344,3584782896,12841249658,0.0,1.0
泰跃金河,住宅,114.16155935950118,30.658839499478315,3584782896,12841249658,0.0,1.0
恒大城,住宅,114.16331003963631,30.663313785783906,3584782896,12841249658,0.0,1.0
祥生·柏景湾东区,住宅,114.16267318904255,30.651973616098417,1192680240,1192680080,0.0,1.0
金湖·清水湾-东区,住宅,114.16730724393318,30.6678102769707,3584782896,12841249658,0.0,1.0
武汉·恒大城1期,住宅,114.1610847622038,30.661385477769265,3584782896,12841249658,0.0,1.0
东西湖区金银湖街环湖中路西柏环二路北TCL百合庄园G1-G11及配套,住宅,114.16197614749174,30.663608152112523,3584782896,12841249658,0.0,1.0
金湖清水湾经济适用房小区,住宅,114.16508487767338,30.66686252540221,3584782896,12841249658,0.0,1.0
祥生·柏景湾,住宅,114.16084291738969,30.651657327220914,1192680240,1192680080,0.0,1.0
花样年花样城1期,住宅,114.1608999949077,30.664033947091752,3584782896,12841249658,0.0,1.0
恋湖家园7期,住宅,114.20456778345175,30.65607961163535,12841249671,914652005,0.0,1.0
恋湖家园,住宅,114.20597981800796,30.657428888253353,914652005,12178270138,0.0,1.0
恋湖家园6期,住宅,114.20506663271318,30.65920789320484,914652005,12178270138,0.0,1.0
恋湖家园3期,住宅,114.20653015603553,30.655964251804463,914652005,12178270138,0.0,1.0
恋湖家园2期,住宅,114.20747101285325,30.658162482768624,914652005,12178270138,0.0,1.0
恋湖家园5期,住宅,114.20770071606972,30.65576583379076,914652005,12178270138,0.0,1.0
恋湖家园(西南门),住宅,114.20874280872309,30.657297454454458,12178270138,1561300938,0.0,1.0
金银湖东岸,住宅,114.20739765709442,30.6604363787432,914652005,12178270138,0.0,1.0
月亮湾,住宅,114.2073474487695,30.661585802256297,914652005,12178270138,0.0,1.0
升华现代城,住宅,114.2106487612705,30.657551635132027,12178270138,1561300938,0.0,1.0
金海苑,住宅,114.20930067450298,30.660879544546045,12178270138,1561300938,0.0,1.0
丽水湾,住宅,114.2076981061167,30.662735731826444,914652005,12178270138,0.0,1.0
银海苑3期,住宅,114.21105540324004,30.659741138348775,12178270138,1561300938,0.0,1.0
银海苑小区,住宅,114.21118769489159,30.659483406653337,12178270138,1561300938,0.0,1.0
马池三期还建房,住宅,114.21120572652761,30.659541401757146,12178270138,1561300938,0.0,1.0
东兴华庭,住宅,114.21277494910198,30.658659575247587,12178270138,1561300938,0.0,1.0
银湖苑,住宅,114.21266259561088,30.660173776743235,12178270138,1561300938,0.0,1.0
庭瑞新汉口A区,住宅,114.2149852045205,30.65894483008209,9520799141,9520799127,0.0,1.0
云轩阁小区,住宅,114.21520062222599,30.658827106352867,9520799141,9520799127,0.0,1.0
马池还建小区,住宅,114.21508029469008,30.6599834671549,9520799141,9520799127,0.0,1.0
金湖苑小区,住宅,114.21515236310313,30.660767192826786,9520799141,9520799127,0.0,1.0
龙泽苑,住宅,114.21235757676969,30.664940302573857,9520799141,9520799127,0.0,1.0
东方之昕,住宅,114.21645072479762,30.66146020432755,9520799141,9520799127,0.0,1.0
华景居,住宅,114.21566409766554,30.663394545269032,9520799141,9520799127,0.0,1.0
顺驰·泊林,住宅,114.20445742839493,30.66882576154112,914652005,12178270138,0.0,1.0
顺驰·泊林1期,住宅,114.20452858846669,30.66883185468118,914652005,12178270138,0.0,1.0
庭瑞新汉口,住宅,114.21770502486466,30.661214538576917,9520799141,9520799127,0.0,1.0
庭瑞新汉口B区,住宅,114.21813689157125,30.660104443300686,9520799141,9520799127,0.0,1.0
庭瑞新汉口C区,住宅,114.21807360963817,30.662062509972444,9520799141,9520799127,0.0,1.0
家美天晟阳光城,住宅,114.21851949089604,30.660998402807742,9520799141,9520799127,0.0,1.0
银湖·水印桃源,住宅,114.20941616675272,30.669529794912904,9520799141,9520799127,0.0,1.0
怡呵美,住宅,114.22109709605147,30.658735695302475,9520799127,4541460508,0.0,1.0
航天·兴隆国际,住宅,114.2221156803052,30.659723097797798,9520799127,4541460508,0.0,1.0
马池中路航天兴隆国际1期,住宅,114.22159968808384,30.661475894555583,9520799127,4541460508,0.0,1.0
新城璟汇,住宅,114.22404067544308,30.660251355916536,9520799127,4541460508,0.0,1.0
联通佳苑,住宅,114.2250884013678,30.658693807568596,3593772417,4541460508,0.0,1.0
国际丽都,住宅,114.21930774836554,30.662370512207186,9520799141,9520799127,0.0,1.0
新澳阳光城西区,住宅,114.22217551954388,30.662700817160104,9520799127,4541460508,0.0,1.0
新城璟汇二期,住宅,114.22527752787212,30.660497138095415,4541460508,3593772417,0.0,1.0
香槟花语,住宅,114.22127400285709,30.66319985254741,9520799127,4541460508,0.0,1.0
新澳阳光城,住宅,114.2243449578705,30.66238362838232,7710797944,7710797961,0.0,1.0
美联奥林匹克花园-北区,住宅,114.22874488400954,30.65536162751948,7710797914,286075945,0.0,1.0
美联·奥林匹克花园四期,住宅,114.23104769372931,30.65733898359201,7710807205,7710807206,0.0,1.0
美联·奥林匹克花园五期,住宅,114.23102437383538,30.6607054758309,7710797914,286075945,0.0,1.0
金海苑,住宅,114.21772947729518,30.66804649299457,9520799141,9520799127,0.0,1.0
金海苑4期,住宅,114.21781758760267,30.668594329224764,9520799141,9520799127,0.0,1.0
越秀·逸府,住宅,114.23237199270768,30.660946999587637,7710807206,10281883835,0.0,1.0
常青村111号,住宅,114.22907238561308,30.666193983517633,1217544906,7710797959,0.0,1.0
金地北辰阅风华,住宅,114.23468392589297,30.65742549280737,7710807206,10281883835,0.0,1.0
喜庭汇,住宅,114.24009829188003,30.65591255421873,7440011368,7440011355,0.0,1.0
将军梧桐树下工薪小区,住宅,114.24054472469082,30.6552259229318,7440011368,7440011355,0.0,1.0
愿景城A区,住宅,114.23823208867017,30.6622303902981,3366155967,7440011363,0.0,1.0
东西湖车场南路P(2023)027号地块,住宅,114.24118296002847,30.658506551419784,4532910574,7440011362,0.0,1.0
愿景城C区,住宅,114.24152512438748,30.659736041680073,10725041918,7440011370,0.0,1.0
凯旋名居,住宅,114.24231602275098,30.656340616343716,4532910574,7440011362,0.0,1.0
愿景城,住宅,114.24206154794413,30.659620142146203,10725041918,7440011370,0.0,1.0
愿景城B区,住宅,114.24298601146927,30.662156069503947,10725041918,7440011370,0.0,1.0
颐和家园,住宅,114.24685170430433,30.65921427537162,10725041915,10725068679,0.0,1.0
地铁时代·常青城C区,住宅,114.24615410912904,30.661584280111004,8114033160,10725041916,0.0,1.0
将军新村五期,住宅,114.24794935453063,30.65828955279069,10725041915,10725068679,0.0,1.0
常青城C6区,住宅,114.24755288964087,30.661360239136123,8114033167,8114033160,0.0,1.0
刘家墩社区,住宅,114.24766694361247,30.661409202500497,8114033167,8114033160,0.0,1.0
将军新村三期,住宅,114.24842976331166,30.65624938386673,11185037417,11185037418,0.0,1.0
地铁时代·常青城B区,住宅,114.24705748475233,30.663043544716086,8114033167,8114033160,0.0,1.0
将军新村,住宅,114.24875889519117,30.65649921848785,11185037417,11185037418,0.0,1.0
合一·常青里,住宅,114.24916369605876,30.66091518351652,8114033168,8114033167,0.0,1.0
保利锦上印,住宅,114.24984809434305,30.659674598608298,8114033165,8114033143,0.0,1.0
将军新村四期,住宅,114.25114478909889,30.657353320026925,11185037418,7232650683,0.0,1.0
将军新村四期南区,住宅,114.25128689014822,30.656757546098106,7232670185,7232650683,0.0,1.0
壹站城E区,住宅,114.25225480698344,30.661359222851114,8114033168,8114033167,0.0,1.0
中天生活区,住宅,114.25330513962875,30.66090908288519,8114033165,8114033143,0.0,1.0
常青车辆段门卫室,住宅,114.24935265462395,30.662350505991753,8114033168,8114033167,0.0,1.0
地铁时代·常青城,住宅,114.24935265462395,30.662350505991753,8114033168,8114033167,0.0,1.0
地铁时代·常青城D区,住宅,114.25212066746667,30.66249975354601,8114033168,8114033167,0.0,1.0
鹏海花园,住宅,114.2601093471914,30.655369340833136,4540133293,7232670190,0.0,1.0
碧桂园海昌天澜3期,住宅,114.26687969356418,30.660122385654965,4540133313,4540133295,0.0,1.0
碧桂园海昌天澜2期,住宅,114.26767124796662,30.66216080424734,4540133339,4540133295,0.0,1.0
碧桂园海昌天澜,住宅,114.26754623519452,30.66282061638665,4540133341,8658252424,0.0,1.0
碧桂园海昌天澜4期,住宅,114.2643220856557,30.66362883941833,11252388220,8658252424,0.0,1.0
碧桂园海昌天澜白鹭湾,住宅,114.26418308837302,30.663944800962987,11252388220,8658252424,0.0,1.0
碧桂园海昌·克拉公馆,住宅,114.26586359095548,30.66487908687959,11252388220,8658252424,0.0,1.0
碧桂园海昌天澜1期,住宅,114.27047097120173,30.66356562987948,4540133341,4540133339,0.0,1.0
梦湖香郡泓区,住宅,114.27473927862188,30.655942647064865,4539844583,7232670221,0.0,1.0
塔子湖·锦绣家园兴隆苑,住宅,114.27607841298264,30.655777227396232,7713099758,4540271829,0.0,1.0
梦湖华苑,住宅,114.27715647779915,30.657845069851785,7232659683,7232653524,0.0,1.0
余华岭佳园A区,住宅,114.27770191050914,30.659793561913318,7232659683,7232659672,0.0,1.0
余华岭佳园D区,住宅,114.27813065628833,30.659022394232416,7232659656,7232659683,0.0,1.0
汇悦天地,住宅,114.27864938909191,30.657521435273686,11675965678,7232659657,0.0,1.0
汇悦天地一二期,住宅,114.27870734596007,30.657500374238754,11675965678,7232659657,0.0,1.0
光明上海公馆二期,住宅,114.2796667235626,30.65589490562476,7232653522,11675965678,0.0,1.0
百步亭社区,住宅,114.27991827569755,30.65870234773391,7232659657,12531662908,0.0,1.0
百步亭金桥汇2期,住宅,114.28131904142852,30.65931629459178,12531662908,12530571753,0.0,1.0
首地·云梦台,住宅,114.2829328062385,30.65691524068511,7232659587,7232659589,0.0,1.0
百步亭花园金桥汇,住宅,114.28167266220281,30.660130473806927,12531662908,12530571753,0.0,1.0
余华岭佳园B区,住宅,114.27984110654221,30.661386248357356,4524874670,4539844094,0.0,1.0
余华岭佳园,住宅,114.2803956260481,30.66164543582332,4539844094,4524874670,0.0,1.0
中央华城,住宅,114.28486709048188,30.655453252231144,7232659667,7232659589,0.0,1.0
仁恒·公园世纪,住宅,114.28442805350876,30.660831471603046,11675982487,11675982486,0.0,1.0
余华岭佳园C区,住宅,114.28266255502979,30.66267803430203,7232659633,7232659672,0.0,1.0
绿地汉口中心,住宅,114.28639226941107,30.65873764934785,7232653516,11675982487,0.0,1.0
碧桂园·蜜柚,住宅,114.28664821921903,30.656258382281298,7232659589,7232659593,0.0,1.0
汇雅居,住宅,114.28706463614475,30.657964027020014,7232659589,7232659593,0.0,1.0
同心雅庭,住宅,114.28381439241456,30.663719019191745,4539844094,4524874670,0.0,1.0
凯旋名苑小区,住宅,114.28876275634069,30.658548277645767,7232659594,7232659618,0.0,1.0
中建西勘院,住宅,114.2895377956919,30.659674616787914,7232659618,4524874917,0.0,1.0
保利公园家,住宅,114.27727561723154,30.666795925109632,7235357725,7156903283,0.0,1.0
吉祥谷,住宅,114.29139675765816,30.6585032979519,12161544890,1706612187,0.0,1.0
吉祥谷一期,住宅,114.29203095993837,30.659033075502492,3125903501,12161544896,0.0,1.0
宏图雅居,住宅,114.27639012305859,30.668211311551715,7156903281,7156903283,0.0,1.0
金桥庭院,住宅,114.29441216801214,30.65758193551095,11633741980,11633741983,0.0,1.0
晋合·金桥世家,住宅,114.29389549288382,30.661279121445176,3125903501,12161544896,0.0,1.0
伟星·星宸玖序(建设中),住宅,114.28650287609408,30.661959055030398,11675982486,7232659673,0.0,1.0
伟星·星宸玖序二期(建设中),住宅,114.28632303031002,30.66232114995863,11675982486,7232659673,0.0,1.0
牧嶺易城,住宅,114.29786877351478,30.656519705124918,4532970412,3500331221,0.0,1.0
牧畜岭,住宅,114.29781156148272,30.659844325171225,11633741983,4532970412,0.0,1.0
汉口幸福万象,住宅,114.30017674932931,30.65509740233322,11628608177,3500366627,0.0,1.0
汉口城市广场1期,住宅,114.30097445409794,30.657183099667595,11628608176,8197792140,0.0,1.0
汉口城市广场三期,住宅,114.301626655054,30.655785581923315,3500366627,3500366628,0.0,1.0
紫澄花园,住宅,114.30235836551108,30.658629038905186,5000219259,3500366643,0.0,1.0
东方墨兰,住宅,114.30262119914933,30.656204650996173,4149553620,3500366628,0.0,1.0
汉口城市广场·尚城,住宅,114.30421586113607,30.65647570094428,3500366630,3500366629,0.0,1.0
汉口城市广场·尚邸,住宅,114.3043015672899,30.658410689813028,5000219259,3500366629,0.0,1.0
汉口城市广场B6区,住宅,114.30511758687739,30.65585036114755,4050653691,4149553620,0.0,1.0
幸福时代四期,住宅,114.30585423264425,30.658826713066944,3500366630,5000219258,0.0,1.0
幸福时代,住宅,114.30754274712474,30.658159937981043,3500366632,7235350859,0.0,1.0
幸福时代南区,住宅,114.30792024006367,30.657384590684043,3500366632,7235350859,0.0,1.0
幸福时代三期,住宅,114.30795002312615,30.659356660046875,3500366632,7235350859,0.0,1.0
泓博·悦府,住宅,114.29964932875095,30.668339389214573,8196196734,7232629379,0.0,1.0
三金潭·福星家园,住宅,114.29607900496087,30.669508865384294,11622321610,7232629376,0.0,1.0
保利云璟,住宅,114.29828900937461,30.67033679942934,11622321610,11622321609,0.0,1.0
武汉城建后湖保障性租赁房098号地块(建设中),住宅,114.30800173462426,30.661766490180867,5000219258,3501002876,0.0,1.0
百步龙庭,住宅,114.31232552101852,30.655960044515687,1233322729,4050653692,0.0,1.0
百步亭·世博园,住宅,114.31128481462363,30.659914237680077,3501002876,3501002878,0.0,1.0
文南苑,住宅,114.3132097094102,30.660682284822883,3501002879,3501002878,0.0,1.0
圣诚·阳光丽景,住宅,114.30949142240291,30.66204062266954,3501002878,3501002876,0.0,1.0
百步亭花园百步雅庭,住宅,114.31509603383886,30.656814439685206,4050653692,2405716102,0.0,1.0
文卉苑,住宅,114.31491493724795,30.661258806011197,3501002873,3501002878,0.0,1.0
悦秀苑,住宅,114.31106285190138,30.66348105734287,7417044593,7417044603,0.0,1.0
武汉星河2049,住宅,114.31003728838505,30.665351125360186,7417044593,7417044603,0.0,1.0
景兰苑,住宅,114.31460218626238,30.66415310177441,3501002873,3501002878,0.0,1.0
北大家世纪城北区,住宅,114.31884581308687,30.65857351568975,4050653693,11617798790,0.0,1.0
十大家世纪城,住宅,114.31904961009339,30.657092782988126,4050653693,4523487757,0.0,1.0
幸福时代·大家K3地块,住宅,114.31893051754817,30.660380549189853,8202702074,11617798789,0.0,1.0
季佳里,住宅,114.3202035969474,30.65857791449499,11617798790,8202679158,0.0,1.0
幸福时代大家2期,住宅,114.31889142889581,30.662127843400416,11617798789,8202702074,0.0,1.0
武汉星河2049星里城,住宅,114.31327512314103,30.666220677201075,7232558601,7417044593,0.0,1.0
大家K4苑区,住宅,114.3202933897758,30.659270434472422,8202679154,11617798789,0.0,1.0
幸福时代·大家K2地块,住宅,114.31897127309655,30.66242255876179,8202702074,11617798789,0.0,1.0
星河2049二期星里程,住宅,114.31420265749531,30.66607899082324,7232558601,7417044593,0.0,1.0
武汉市江岸区红桥村K3地块,住宅,114.32119201112468,30.658219179374555,11617798790,8202679158,0.0,1.0
福星惠誉·榜样小区,住宅,114.32129787222048,30.65782415176386,8202679158,8202679157,0.0,1.0
幸福时代·大家,住宅,114.32044394853237,30.661507148432893,8202702074,11617798789,0.0,1.0
东勤佳苑西区,住宅,114.31498236842093,30.666546304307246,7232558601,7417044593,0.0,1.0
幸福时代大家东区,住宅,114.3215662956926,30.65939293975922,8202679154,11617798789,0.0,1.0
东勤佳苑,住宅,114.31714994508404,30.66572255509132,3501002873,7232558601,0.0,1.0
十大家世纪城北区,住宅,114.32138349920653,30.660492800204167,8202679154,11617798789,0.0,1.0
幸福时代·大家K1地块,住宅,114.32076435870044,30.662260197524127,8202702074,11617798789,0.0,1.0
东勤佳苑(西门),住宅,114.3158988544105,30.667009356006474,11633741997,7232558601,0.0,1.0
幸福时代·大家丨传宸,住宅,114.32098995071408,30.66270456608422,8202702074,11617798789,0.0,1.0
新荣苑2期,住宅,114.32264377825436,30.656539139879154,8202679152,1233322810,0.0,1.0
新荣苑幸福小城,住宅,114.32312697600238,30.656649164297285,8202679152,1233322810,0.0,1.0
新荣苑,住宅,114.32319872825778,30.658139365886804,8202679152,1233322810,0.0,1.0
和美·A区,住宅,114.30577645146296,30.669145220604666,7232629379,8196196734,0.0,1.0
和美,住宅,114.30584334223987,30.669253050781137,7232629379,8196196734,0.0,1.0
中森华国际城,住宅,114.32434292372696,30.65730254297434,4523471908,4523471930,0.0,1.0
工地生活区,住宅,114.32247433245246,30.664833763521056,8202702081,8202702074,0.0,1.0
轴馨苑,住宅,114.31845459563914,30.668372867591128,7232558601,11622321473,0.0,1.0
城开云悦邸,住宅,114.32546202461474,30.658026077589746,4523471908,4523471930,0.0,1.0
华森佳园,住宅,114.32605915242156,30.656802477062673,4523471908,4523471930,0.0,1.0
美城汉口派,住宅,114.32656115612852,30.658792633612602,1233322810,7713857941,0.0,1.0
新荣美城,住宅,114.32658309697833,30.659058473429038,1233322810,7713857941,0.0,1.0
解放大道2703号院,住宅,114.32844716867197,30.657687524566082,7713857918,4523471908,0.0,1.0
龙湖清能天曜B区,住宅,114.32479085997788,30.66106900845506,7722128132,1233322931,0.0,1.0
龙湖清能天曜,住宅,114.32521708722733,30.661910815556695,8202702078,7713857972,0.0,1.0
堤角小区西1区,住宅,114.32981087272681,30.658543551431197,8479338460,8479338459,0.0,1.0
城开星园2期,住宅,114.32997755744294,30.659052009095014,4523471905,8479338460,0.0,1.0
堤角小区城开心园,住宅,114.32996856628365,30.659117996793093,4523471905,8479338460,0.0,1.0
堤角小区西2区,住宅,114.33060658894755,30.658454082944463,4523471905,8479338460,0.0,1.0
华珑国际,住宅,114.33082634238973,30.657201223127736,4523471933,4523471932,0.0,1.0
龙湖清能天曜A区,住宅,114.32559439671097,30.662731725449383,8202702078,7713857972,0.0,1.0
新湖三村,住宅,114.33075667479412,30.654688466017888,4523471933,4523471932,0.0,1.0
城开星园,住宅,114.33136326385845,30.659603141268665,4523471907,4523471905,0.0,1.0
新湖四村,住宅,114.33187462230792,30.657499111843148,4523471933,4523471932,0.0,1.0
堤角小区,住宅,114.3319215033984,30.657994803553844,4523471933,4523471932,0.0,1.0
天悦尚景,住宅,114.32552039926962,30.66409225683792,8202702078,7713857972,0.0,1.0
堤角小区-东区,住宅,114.3325764570578,30.657904611278777,4523471933,4523471932,0.0,1.0
新湖六村,住宅,114.33291793884425,30.657560122960437,4523471933,4523471932,0.0,1.0
美联·公园前,住宅,114.32906562086161,30.66386159174464,7713857960,7713857975,0.0,1.0
福星惠誉·红桥城,住宅,114.32792633172964,30.66555699921501,7232495579,7232495582,0.0,1.0
化园小区,住宅,114.3245837203333,30.6665619395713,11622321473,8202702081,0.0,1.0
红卫新村,住宅,114.33508929322237,30.65965114014182,4523470688,4523471907,0.0,1.0
武汉后湖20351期,住宅,114.32713142233607,30.667953434692105,7232495579,7232495582,0.0,1.0
汉悦府郎镜,住宅,114.32952756397161,30.667349142785802,7232495582,7232495579,0.0,1.0
汉口新城公园世家,住宅,114.33569209421154,30.66246076803671,3382233218,11252257658,0.0,1.0
汉口新城一期,住宅,114.33703722424245,30.659685527916352,11252257659,11252257658,0.0,1.0
泊寓2期,住宅,114.32653237694437,30.668254443407292,7232495579,7232495582,0.0,1.0
堤角新湖五村,住宅,114.33756566660355,30.65663891236918,11252245120,11252257660,0.0,1.0
武汉城建·电建·汉悦府·朗境,住宅,114.32818765869624,30.66837422870613,7232495576,7232495579,0.0,1.0
观园小区,住宅,114.33585172901549,30.66375689165317,11252257658,3382233218,0.0,1.0
统建新干线西,住宅,114.33222322180353,30.667094160338717,11622321452,11622321457,0.0,1.0
汉口新城二期,住宅,114.33802765366678,30.66001256958925,11252257659,11252257658,0.0,1.0
田园二村,住宅,114.33720572650105,30.662366021719887,11252257658,11622321378,0.0,1.0
汉黄小区,住宅,114.32265763760051,30.66935037176517,11633742003,11622321473,0.0,1.0
岱山佳苑,住宅,114.3220835704391,30.66944942801753,11633742003,11622321473,0.0,1.0
汉黄路25号院,住宅,114.32137373888705,30.669390816003606,11622321473,7232558601,0.0,1.0
江南社区,住宅,114.33913706096828,30.658647161218454,11252257649,11252257656,0.0,1.0
良友红坊文化艺术社区,住宅,114.32477903277046,30.670765660837187,11622321476,12250302805,0.0,1.0
文惠苑小区,住宅,114.31415137655064,30.647279411290377,2140813078,3501002866,0.0,1.0
石油小区,住宅,114.34082370477581,30.656204210581095,3717284537,11252257654,0.0,1.0
俱乐部小区,住宅,114.33848664913577,30.663373230913606,11622321405,11622321384,0.0,1.0
锦湖金利花园2期,住宅,114.33894076053323,30.665526438562647,11622321384,11622321405,0.0,1.0
亿丰园,住宅,114.34697915836675,30.66268962424243,6316055320,7178800021,0.0,1.0
锦湖金利花园,住宅,114.33855430648785,30.666093884359274,11622321405,11622321384,0.0,1.0
锦湖金利花园1期,住宅,114.3375916870598,30.667369064195913,11622321405,11622321384,0.0,1.0
江北社区,住宅,114.33531224132041,30.667640141057937,11628608256,11628608257,0.0,1.0
雷龙世家,住宅,114.33845226622294,30.668354048682783,3717284540,5485663117,0.0,1.0
统建新干线,住宅,114.33406419166967,30.66800829654084,11628608256,11628608257,0.0,1.0
佰昌公馆A区,住宅,114.34063180545402,30.66978946439351,3717284540,5485663117,0.0,1.0
木蘭大業·尊,住宅,114.33639136712043,30.669616250694993,3717284540,5485663117,0.0,1.0
佰昌公馆B区,住宅,114.33889339889029,30.670489278770088,3717284540,5485663117,0.0,1.0
中建八局武汉万华项目生活区,住宅,114.35144455599833,30.669159386957116,3248177054,8196196818,0.0,1.0
青教楼小区,住宅,114.42362658864778,30.657147923700578,4524874856,1211806340,0.0,1.0
青山区青山镇街桃园社区,住宅,114.42370370658277,30.65740890027521,4524874856,1211806340,0.0,1.0
石化生活区,住宅,114.42677439692352,30.65910602795638,4524874856,1211806340,0.0,1.0
石化生活区一区,住宅,114.42835074768755,30.657072079843896,9893917204,4524874682,0.0,1.0
武汉市仪表电子学校学生公寓,住宅,114.43857355092332,30.46752459954609,1194993478,1194993435,0.0,1.0
卓越楼,住宅,114.43048414642107,30.462418574468842,1194993482,1194993407,0.0,1.0
启寓,住宅,114.44170548089794,30.469105041146992,1865266694,1865266579,0.0,1.0
凌云科技公租房,住宅,114.44080863961479,30.463185862811724,1194993458,1194993450,0.0,1.0
宜盛花园,住宅,114.43423340363361,30.475271062128975,9831132151,9831132153,0.0,1.0
光谷和昌城,住宅,114.43920754096531,30.474578889595445,9831132152,9831132151,0.0,1.0
城市之光,住宅,114.43268175225325,30.476534227904875,9831132153,1814651134,0.0,1.0
佳源花都2期,住宅,114.44172103464449,30.474752573108994,1192679980,1145226098,0.0,1.0
佳源花都,住宅,114.44116949216571,30.47581322995448,9831132152,9831132151,0.0,1.0
光谷和昌城·逸园,住宅,114.43468423465337,30.47779712335288,1722779407,4525429631,0.0,1.0
佳源花都一期,住宅,114.44052469782397,30.47713565041924,4525429544,9214416119,0.0,1.0
光谷未来城,住宅,114.43521840461324,30.478784745896437,1722779407,4525429631,0.0,1.0
光谷和昌城·雅园,住宅,114.44203757863585,30.47816426526476,4525429544,9214416119,0.0,1.0
金龙凯旋广场,住宅,114.43093362669566,30.479614699693304,4534895093,4534895089,0.0,1.0
时代雅居,住宅,114.43087849881893,30.479712590120634,4534895093,4534895089,0.0,1.0
光谷悦城,住宅,114.43537063749675,30.480255600560003,4534994797,6922784059,0.0,1.0
驰柒花岛,住宅,114.44293698779008,30.478114039336926,4525429544,9214416119,0.0,1.0
光谷悦城1期,住宅,114.43306926633039,30.48069670971409,11795318742,11795318733,0.0,1.0
金谷明珠园小区西区,住宅,114.43830075320476,30.48042865794254,6922784059,1722779458,0.0,1.0
佳梦苑2店(装修中),住宅,114.43987995618951,30.47805119538968,4525429544,9214416119,0.0,1.0
星寓3期,住宅,114.4581099783528,30.457075379180388,1194993413,9213942771,0.0,1.0
汉阳市政生活区,住宅,114.46764584112479,30.47235013039419,9213942750,9213942747,0.0,1.0
光谷澎湃城奥山府,住宅,114.47843818320473,30.467328704358305,8910291777,6339401090,0.0,1.0
烽云慧城,住宅,114.47825427272943,30.470042462408262,8910291777,8910291776,0.0,1.0
龙净小筑,住宅,114.47072235187508,30.464774524738743,4534895116,2419544576,0.0,1.0
烽云慧城B区,住宅,114.47938245820868,30.469945753287117,8910291776,8910291777,0.0,1.0
绿地国际理想城五期,住宅,114.47744510218541,30.472221554714555,9213942750,13945514220,0.0,1.0
光谷·航天城,住宅,114.47956798120813,30.471893777288972,9213942750,13945514220,0.0,1.0
璞樾门第,住宅,114.48329830335545,30.467270903443787,6339416660,6339416665,0.0,1.0
绿地国际理想城四期,住宅,114.48187152654289,30.472350376479497,9213942750,13945514220,0.0,1.0
光谷十里春风,住宅,114.4830346028438,30.46386400910209,6339416665,6339416660,0.0,1.0
恺德·光谷熙园,住宅,114.47849573115921,30.47514880266133,8910291776,8910291775,0.0,1.0
绿地国际理想城一期,住宅,114.48416934598428,30.46998776010931,8910291772,8910291761,0.0,1.0
绿地国际理想城,住宅,114.48367134412727,30.471516887418396,8910291770,8910291774,0.0,1.0
绿地国际理想城三期,住宅,114.4841540952397,30.472268112339112,9213942750,13945514220,0.0,1.0
葛洲坝·太阳城,住宅,114.46984075295366,30.45850069463603,2419544576,2419544411,0.0,1.0
云境,住宅,114.47848756408766,30.476758345879563,1717910711,9214394625,0.0,1.0
绿地国际理想城二期,住宅,114.48615579224544,30.47047551183276,8910291766,8910291770,0.0,1.0
北辰当代优+国际青年互动特区,住宅,114.48327747456244,30.47611849849354,9214394625,1722778279,0.0,1.0
北辰当代优+小区,住宅,114.4816914172536,30.477484472485077,9214394625,1722778279,0.0,1.0
当代云谷三期A区,住宅,114.46710322093226,30.457436517864803,7618145228,2419544579,0.0,1.0
当代云谷三期,住宅,114.46671887673297,30.45751846488059,7618145228,2419544579,0.0,1.0
当代云谷三期C区,住宅,114.46698081476949,30.457201247687536,7618145228,2419544579,0.0,1.0
当代云谷,住宅,114.46611389504902,30.456161186024342,7618145228,2419544579,0.0,1.0
武汉光谷梦幻世界(建设中),住宅,114.48580526445181,30.461084904346848,11777774341,8910291763,0.0,1.0
光谷华府,住宅,114.49162084441352,30.466461863262133,11777774341,8910291763,0.0,1.0
大家传宸府,住宅,114.48937580040867,30.460801603931138,11777774341,8910291763,0.0,1.0
万和光谷,住宅,114.4939121816096,30.458985641968017,11777774341,8910291763,0.0,1.0
中建二局生活区,住宅,114.49082745617488,30.459066382246707,11777774341,8910291763,0.0,1.0
中国一冶生活区,住宅,114.50317302978223,30.4730496755483,13945512991,13945514237,0.0,1.0
光谷鼎正悦府,住宅,114.48976439742337,30.459348132878407,11777774341,8910291763,0.0,1.0
光谷·文荟城,住宅,114.50212794262148,30.474952061386407,13945487147,13838534332,0.0,1.0
中国建筑第三工程局P(2024)164号地块住宅项目,住宅,114.49254809274883,30.457871834425152,11777774341,8910291763,0.0,1.0
香颂公寓,住宅,114.49619627964297,30.477677600171923,1722778538,13838623743,0.0,1.0
龙湖中锦光谷城香颂C区,住宅,114.49654761304593,30.477678652727377,1722778538,13838623743,0.0,1.0
万和竞界,住宅,114.50231357970802,30.475679418340324,13945487148,13838623792,0.0,1.0
民发·盛特区,住宅,114.50366674045712,30.474726692434757,13838623773,13838623764,0.0,1.0
光谷满庭春MOMΛ焕城,住宅,114.48702461445659,30.475922641804388,6359967577,7614769859,0.0,1.0
万和竞界一期,住宅,114.50366563501728,30.475931365743527,13838623774,13945487148,0.0,1.0
龙湖光谷城,住宅,114.49340054305847,30.479052846422068,3651009544,2419544965,0.0,1.0
光谷地产金地铂樾,住宅,114.49117903187248,30.456218148985172,11777774341,8910291763,0.0,1.0
中建壹品·光谷元著营销中心,住宅,114.5024980728304,30.478063323284932,13838534385,13838623752,0.0,1.0
大家玖宸(建设中),住宅,114.49074438836703,30.46796784815472,8910291763,8910291767,0.0,1.0
招商·天青府(建设中),住宅,114.49405039864524,30.474482028002605,13838534331,8992828582,0.0,1.0
武汉光谷大家中心(建设中),住宅,114.49441799763086,30.460237841554257,11777774341,8910291763,0.0,1.0
万和竞界二期(建设中),住宅,114.5037970346956,30.477034457867415,13838534374,13838534373,0.0,1.0
光谷中心城投·雲庐(建设中),住宅,114.49003078761721,30.45486005285933,11777774341,8910291763,0.0,1.0
香港置地·元庐星启,住宅,114.51373093502158,30.473151444996017,8992828588,6952914090,0.0,1.0
香港置地·元庐星礼,住宅,114.51561969517401,30.473235778324973,8992828588,6952914019,0.0,1.0
香港置地·元庐,住宅,114.51444346271784,30.473552365312116,9213881177,8992828588,0.0,1.0
香港置地·元庐星樾,住宅,114.51374787221641,30.47463009842708,9213881177,8992828585,0.0,1.0
光谷创新天地4期逸境,住宅,114.5106185074399,30.474701088604128,6952914054,9213881178,0.0,1.0
光谷创新天地4期,住宅,114.50971520224655,30.474646483423882,8992828583,6952914054,0.0,1.0
光谷创新天地4期悦庭,住宅,114.50886206561955,30.474635003051503,6952914054,13838623733,0.0,1.0
同位素园1期,住宅,114.52305253301824,30.47342717408074,6952914009,6952914044,0.0,1.0
光谷创新天地3期,住宅,114.50903659696283,30.475963155283914,6952913990,13838623734,0.0,1.0
光谷创新天地2期,住宅,114.50938073708623,30.47746475220486,13838623738,13838623759,0.0,1.0
光谷创新天地,住宅,114.5094499876869,30.47751194091817,13838623738,13838623759,0.0,1.0
朗诗·里程七八期,住宅,114.51398629696953,30.479805378488805,2418779180,1722779341,0.0,1.0
光谷学府,住宅,114.51618113482662,30.479904560493285,9214394626,9214394627,0.0,1.0
朗诗·里程五六期,住宅,114.51179135559101,30.479823089444604,4525429500,2418779182,0.0,1.0
绿地光谷星河绘B区,住宅,114.51847019903327,30.48001491751124,8992828596,9214394626,0.0,1.0
光谷创新天地1期,住宅,114.50951100930118,30.479927461789984,2418779182,2418779184,0.0,1.0
朗诗·里程,住宅,114.51284610424268,30.480751864137147,13838623760,6952914084,0.0,1.0
豹澥街新建还建社区商铺大型商超项目,住宅,114.53814279005857,30.464695894152317,8197458287,7022966610,0.0,1.0
万年台社区,住宅,114.54113412319403,30.46619712417595,1192680562,1192680320,0.0,1.0
三眼桥社区,住宅,114.54005941234922,30.46273567245514,1236966433,12699198278,0.0,1.0
豹澥社区4期,住宅,114.54320697893527,30.463707176741362,1236966433,12699198278,0.0,1.0
豹澥社区1期,住宅,114.54274581725079,30.46274345567833,1236966433,12699198278,0.0,1.0
桃花源南区,住宅,114.53098693644036,30.479817911967263,2418750286,2418750287,0.0,1.0
桃花源二期广场,住宅,114.53106716795448,30.4800660427658,2418750286,2418750287,0.0,1.0
华美楼,住宅,114.55874271280476,30.470533383365357,4847164368,4847164362,0.0,1.0
金开瑞楼,住宅,114.55874271280476,30.470533383365357,4847164368,4847164362,0.0,1.0
豹澥九龙湖社区北区,住宅,114.5518104884469,30.463279936266947,1192680320,1149163822,0.0,1.0
示范社区1期,住宅,114.55157801438578,30.46252371673713,1192680320,1149163822,0.0,1.0
豹解还建小区,住宅,114.55593772376186,30.46168132692261,1192680320,1149163822,0.0,1.0
豹澥小区,住宅,114.55168929333904,30.46225998224862,1192680320,1149163822,0.0,1.0
豹澥镇还建小区1期,住宅,114.55132744568624,30.462373307422446,1192680320,1149163822,0.0,1.0
博爱楼,住宅,114.54990601732624,30.463305482659635,1192680562,1192680320,0.0,1.0
豹澥还建社区2期,住宅,114.55489351246901,30.461494672302717,1192680320,1149163822,0.0,1.0
神墩桥还建社区,住宅,114.55700797356738,30.461413094046925,1192680320,1149163822,0.0,1.0
豹澥还建社区四区,住宅,114.55246118466751,30.460766723451123,1192680320,1149163822,0.0,1.0
豹澥还建社区5区南,住宅,114.55622645175748,30.46020916411804,1192680320,1149163822,0.0,1.0
豹澥还建社区,住宅,114.55478339030115,30.460093846193015,1192680320,1149163822,0.0,1.0
豹澥黄金堂社区东区,住宅,114.55012389515949,30.458973986178155,1192680562,1192680320,0.0,1.0
豹澥还建社区6期东区,住宅,114.55211161554791,30.45800680757177,1192680320,1149163822,0.0,1.0
豹澥还建社区6期,住宅,114.5518139493073,30.457800333405455,1192680320,1149163822,0.0,1.0
豹澥镇新村,住宅,114.5543216374411,30.457056842520362,1192680320,1149163822,0.0,1.0
豹澥黄金堂社区9期,住宅,114.54771305887924,30.458573545352582,1236966433,12699198278,0.0,1.0
豹澥黄金堂社区,住宅,114.54881784753964,30.45776885622986,1236966433,12699198278,0.0,1.0
豹澥示范小区,住宅,114.5489221139262,30.457620090204674,1236966433,12699198278,0.0,1.0
C8新区,住宅,114.54902236187493,30.45757029136612,1236966433,12699198278,0.0,1.0
豹澥黄金堂社区西区,住宅,114.54766709820854,30.456714923126697,1236966433,12699198278,0.0,1.0
五合新苑,住宅,114.43429657605272,30.486528078999118,8910857204,9207747210,0.0,1.0
湖口社区,住宅,114.4373346649985,30.48847370332472,9207747210,4123428358,0.0,1.0
屈臣氏(天成美景店),住宅,114.43115547242186,30.48695900297451,1814651048,6922784050,0.0,1.0
统建·天成美景,住宅,114.43105925151434,30.48709282005127,1814651048,6922784050,0.0,1.0
统建·天成美雅,住宅,114.43156015828507,30.48925797180741,8910857135,8910280478,0.0,1.0
关南社区四期,住宅,114.43030279228097,30.48511524277945,1821061778,8910857231,0.0,1.0
光谷悦城2期,住宅,114.43323448499417,30.482501477106226,11802026027,11795318734,0.0,1.0
中建东湖锦城,住宅,114.43806190190466,30.483390414199057,9207747210,6922784059,0.0,1.0
金谷明珠园小区东区,住宅,114.43928909279117,30.482162978949855,6922784059,1722779458,0.0,1.0
国创光谷上城,住宅,114.44216505059089,30.488206736707184,10797074075,4123428358,0.0,1.0
金谷明珠园小区,住宅,114.43918785159178,30.481980843277892,1722779458,6922784059,0.0,1.0
国创·山姆公馆,住宅,114.44211181968186,30.489241341470336,4123428358,10797074075,0.0,1.0
关南公寓,住宅,114.42922978551532,30.482111512877708,12463139059,12463139058,0.0,1.0
金谷明珠园小区7期,住宅,114.43953278719792,30.481304663894484,6922784059,1722779458,0.0,1.0
406库小区,住宅,114.43350563426243,30.49946309053643,10030776711,10030776715,0.0,1.0
文华教师公寓,住宅,114.43864099853428,30.499018011949254,10030777023,10030777020,0.0,1.0
成园小区,住宅,114.43683039674337,30.500442376317185,9208010662,9208010661,0.0,1.0
祥和雅居,住宅,114.43155717248595,30.500558710577405,1270123922,1150858918,0.0,1.0
融创武汉桃花源(建设中),住宅,114.44276897334272,30.496218631384778,10030066819,10030066820,0.0,1.0
楚源国际大厦,住宅,114.4645715693847,30.491454672213198,11861492089,11861492095,0.0,1.0
融创光谷壹号院(建设中),住宅,114.44557851068177,30.49816473750233,10030067245,10030067207,0.0,1.0
国药器械公寓,住宅,114.47493783665635,30.4848859486041,2419544983,2419544975,0.0,1.0
中粮光谷祥云A区,住宅,114.47780533932568,30.485043106772164,7618118646,7618118644,0.0,1.0
人才公寓光谷三路,住宅,114.4747542895617,30.483459823370286,2419544983,2419544975,0.0,1.0
中粮光谷祥云,住宅,114.4794675098085,30.484815976977657,7618118644,7618118637,0.0,1.0
中粮光谷祥云B区,住宅,114.48003558561564,30.4852255139905,7618118637,7618118644,0.0,1.0
中粮·光谷祥云C区,住宅,114.48030170252247,30.483733702853204,7618118631,7618118644,0.0,1.0
长江广电光谷家一区,住宅,114.48307188874684,30.48571226418267,7618118637,7618118631,0.0,1.0
长江广电光谷家二区,住宅,114.48377675191979,30.483166047087597,7618118625,1722779716,0.0,1.0
长江广电光谷家,住宅,114.48442511204539,30.484092704294692,7618118625,1722779716,0.0,1.0
铭山筑,住宅,114.46863329442652,30.49589028148367,11534005168,11534005163,0.0,1.0
中建·星光城一期,住宅,114.47374741137841,30.49777891351354,2401146985,2401146990,0.0,1.0
中建·星光城,住宅,114.47514243283473,30.498378687511018,2401146998,2401147006,0.0,1.0
长江广电光谷家三区,住宅,114.48740034481634,30.484081530963035,2418750424,1722779716,0.0,1.0
中建·星光城二期,住宅,114.4762243467359,30.49888062470979,2401146989,2401147006,0.0,1.0
九峰街·同安里社区1期,住宅,114.47185039938545,30.499779013140763,2401147000,2401147004,0.0,1.0
九峰街·同安里社区,住宅,114.47185541610581,30.499794022719737,2401147000,2401147004,0.0,1.0
九峰街·明畅里社区2期,住宅,114.4794853360993,30.499393870836865,2401147002,2401146989,0.0,1.0
九峰街·明畅里社区,住宅,114.47904262002731,30.500260333069527,10732676936,10732676935,0.0,1.0
深业翠微谷(建设中),住宅,114.48471908947187,30.497404794479664,10826161713,10826161723,0.0,1.0
中建壹品·汉韵公馆(建设中),住宅,114.4828137990037,30.498919735460365,2401147002,10826161713,0.0,1.0
哈哈花园,住宅,114.493836404107,30.488467546194176,4847114620,4525449346,0.0,1.0
绿地光谷中心城C区,住宅,114.49342397612465,30.486816773439486,2419545075,4847114921,0.0,1.0
绿地光谷中心城G区,住宅,114.49446899958494,30.4862010781076,2419545075,4847114921,0.0,1.0
绿地光谷中心城D区,住宅,114.49320218731076,30.486176287810995,2419545075,2419544965,0.0,1.0
武汉大悦城铂悦,住宅,114.49386745495367,30.48926241515142,4847114620,4525449346,0.0,1.0
武汉大悦城B区,住宅,114.49332138473018,30.489200795805676,4525449346,2419545184,0.0,1.0
绿地光谷中心城,住宅,114.49383767169815,30.485357420860606,2419545075,2419544965,0.0,1.0
绿地光谷中心城H区,住宅,114.49444700408017,30.485158302874584,2419545075,2419544965,0.0,1.0
大悦城1期,住宅,114.4925815760819,30.489163589444395,4525449346,2419545184,0.0,1.0
绿地光谷中心城E区,住宅,114.49324344701505,30.48495875075453,2419544965,2419545075,0.0,1.0
绿地光谷中心城I区,住宅,114.49426439872941,30.484110046605284,2419544965,4847114922,0.0,1.0
绿地光谷中心城F区,住宅,114.49334590727433,30.48412029062293,2419545075,2419544965,0.0,1.0
龙湖光谷城御景-北区,住宅,114.49560661568049,30.482714456149495,2419544965,4847114922,0.0,1.0
龙湖光谷城A区,住宅,114.49408485226701,30.48250195287951,2419544965,4847114922,0.0,1.0
九峰街道豹子溪社区,住宅,114.49315330330758,30.48260513230144,3651009544,2419544965,0.0,1.0
龙湖光谷城御景,住宅,114.49627017717755,30.482216582182662,2419544965,4847114922,0.0,1.0
武汉市东湖新技术开发区神墩三路商务居住项目,住宅,114.49534269268908,30.481773923996442,4847114922,2419544965,0.0,1.0
龙湖光谷城御景-南区,住宅,114.49569905336054,30.481688015821565,2419544965,4847114922,0.0,1.0
南宁1号,住宅,114.49614576312202,30.481526399112923,4847114922,1722779051,0.0,1.0
华翔中心,住宅,114.50142197843248,30.490464680895638,2418779563,2418779546,0.0,1.0
龙湖新壹城-西区,住宅,114.50329119397878,30.488256863068337,4525449183,2418779450,0.0,1.0
奥山光谷世纪城1区,住宅,114.5029125558782,30.490831011389197,4525449183,2418779450,0.0,1.0
龙湖新壹城,住宅,114.5039757762799,30.488068945839032,4534945198,4525449183,0.0,1.0
奥山光谷世纪城3区,住宅,114.50373174366219,30.48947482637892,2418779450,4525449183,0.0,1.0
奥山光谷世纪城4区,住宅,114.5043280128964,30.489044714108573,4534945198,4525449183,0.0,1.0
龙湖新壹城东区,住宅,114.50469746938727,30.488156057451203,4534945198,4525449183,0.0,1.0
新汇1号地块,住宅,114.50462699204834,30.490699130600223,2418779529,2418779507,0.0,1.0
创新天地南里,住宅,114.50593228252944,30.48570438878719,2419545016,2419544993,0.0,1.0
世界城·创世界,住宅,114.50390206760264,30.481322601504743,2418779214,2418779151,0.0,1.0
三泰里公寓,住宅,114.50639573065281,30.488992831053952,2419545163,2419545087,0.0,1.0
朝曦荟,住宅,114.50639874033033,30.489010834829717,2419545163,2419545087,0.0,1.0
国采光立方,住宅,114.50556412372657,30.495066649649495,2418779816,4525399299,0.0,1.0
碧桂园云玺星荟4期,住宅,114.50854228436495,30.48181312226897,4534945187,2419544934,0.0,1.0
联投驿园二期,住宅,114.51009460410492,30.486448355390625,2418779264,7221412162,0.0,1.0
联投驿园,住宅,114.5101848445653,30.487524315801696,2419545068,2418779264,0.0,1.0
光谷崇文中心,住宅,114.5099116070229,30.49033373066537,7618209698,8992842789,0.0,1.0
联投驿园一期,住宅,114.5102479710749,30.48877314764206,7618209698,8992842789,0.0,1.0
光谷188国际社区二期,住宅,114.51407003839404,30.4864887705847,2418750367,2418779240,0.0,1.0
湖北科投万科璞拾光屿,住宅,114.51334024696389,30.48842714621032,7221412157,7618209699,0.0,1.0
光谷洺悦天玺A区,住宅,114.51619964923624,30.486493791968165,4525429415,7618209715,0.0,1.0
中建三局科投总部住宅项目,住宅,114.51546076616259,30.489513861916215,7618209700,7618209721,0.0,1.0
华诚里社区,住宅,114.51379311290286,30.485642218364063,2418779240,7221412163,0.0,1.0
光谷188国际社区,住宅,114.51293100561611,30.48559476929007,7221412163,7221412158,0.0,1.0
光谷188国际社区一期,住宅,114.511818887129,30.4866062944373,7221412162,2418779264,0.0,1.0
光谷洺悦天玺B区,住宅,114.51567293386871,30.484600836784352,4525429681,4525429608,0.0,1.0
光谷188国际社区三期东区,住宅,114.51400998304977,30.484571133963005,7221412163,2418779240,0.0,1.0
光谷188国际社区三期,住宅,114.51295919274527,30.48457813277323,6952914083,7221412163,0.0,1.0
光谷188国际社区三期西区,住宅,114.51190838256849,30.484578117198748,7221412163,7221412162,0.0,1.0
光谷·南山府1期,住宅,114.51973201889882,30.48694348023184,7618209715,4534994348,0.0,1.0
宝业·璞园,住宅,114.51990749717875,30.488504523224762,4525449230,8992828602,0.0,1.0
宝业·璞园(北门),住宅,114.51993258506141,30.488493595067844,4525449230,8992828602,0.0,1.0
郎诗里34期,住宅,114.51441357881187,30.482829763418472,6952914083,2418750313,0.0,1.0
光谷·南山府,住宅,114.52037328288255,30.486427380612064,7618209715,4534994348,0.0,1.0
碧桂园云玺二期,住宅,114.51011987435554,30.484331018328273,2418779210,7221412162,0.0,1.0
绿地光谷星河绘A区,住宅,114.51661349238425,30.482011196737513,9214394626,4525429680,0.0,1.0
朗诗·里程一二期,住宅,114.51388878105593,30.481776560928424,6952914084,2418779180,0.0,1.0
碧桂园云玺,住宅,114.51011795419883,30.48329529955426,2419544958,2418779210,0.0,1.0
光谷南山天樾,住宅,114.52069455998661,30.48441281830826,4534995291,4534995104,0.0,1.0
光谷南山府物业,住宅,114.52152928896842,30.486084620605315,4534994348,4534995291,0.0,1.0
朗诗·里程三四期,住宅,114.5118514017529,30.481877699414195,2418779182,6952914084,0.0,1.0
南山天樾2期,住宅,114.52003336863854,30.483295321400167,4534995104,9213881202,0.0,1.0
碧桂园云玺一期,住宅,114.51012507867424,30.482122643646168,2418779210,2418779182,0.0,1.0
绿地光谷星河绘,住宅,114.51740837276333,30.481160652927286,8992828596,9214394626,0.0,1.0
光谷翡丽天玺-北区,住宅,114.5204358558945,30.482155736390695,9213881202,4534995104,0.0,1.0
中建光谷之星独栋合院D区,住宅,114.51044823521465,30.494365136314457,9369164302,9857578838,0.0,1.0
碧桂园云玺3期,住宅,114.50919474255106,30.481165202673356,2418779182,2418779184,0.0,1.0
翡丽天玺,住宅,114.5208463336829,30.481410060479334,8992828596,4534995103,0.0,1.0
星利居,住宅,114.50894381889646,30.481164471791267,2418779182,2418779184,0.0,1.0
宜业公寓,住宅,114.5243536511581,30.488568484716023,2418779270,7618209726,0.0,1.0
中建光谷之星B区,住宅,114.51121789326352,30.496203831774224,7618209692,7618209693,0.0,1.0
中建光谷之星A区,住宅,114.50932902454349,30.495605529175798,7221412166,9857578838,0.0,1.0
光谷国际社区一标段,住宅,114.5152152142128,30.497577857042277,7618209694,11472431664,0.0,1.0
中建光谷之星C区,住宅,114.51250146183185,30.49738618298528,7618209694,7618209693,0.0,1.0
工友之家生活区,住宅,114.5214871915777,30.497495256172098,4532854685,4847114924,0.0,1.0
光谷国际社区(建设中),住宅,114.51753136363119,30.49840511808963,11472431664,11472431667,0.0,1.0
武汉·驿山高尔夫观岭(装修中),住宅,114.51430174985715,30.499871598694014,11472431661,2418779897,0.0,1.0
光谷星城,住宅,114.53649691620328,30.489648383950495,7221412146,7221412138,0.0,1.0
天悦时光,住宅,114.53804014082247,30.493037952571967,2419492722,8695416415,0.0,1.0
侨梦苑,住宅,114.53620472384162,30.481572957371903,2418750317,2418750285,0.0,1.0
桃花源北区,住宅,114.53097973928523,30.481915319500644,2418750286,2418750287,0.0,1.0
桃花源,住宅,114.53097480287576,30.4809645683065,2418750286,2418750287,0.0,1.0
高农创寓,住宅,114.54233623112157,30.480551873221593,4534995152,2418750284,0.0,1.0
山水年华人才公寓,住宅,114.53353439415405,30.497151246738053,2419492753,11336281539,0.0,1.0
武汉未来科技城人才公寓,住宅,114.53477314172761,30.49729615880627,13657779122,11336281544,0.0,1.0
龙山郡小区1期2区,住宅,114.53339889753846,30.498137634100843,11336281541,13657779123,0.0,1.0
光谷未来广场,住宅,114.54553062828403,30.481458223692666,2418750281,2418750282,0.0,1.0
高农国际2期,住宅,114.54410804962866,30.47975479576391,4534995152,8869190636,0.0,1.0
北大资源山水年华一期,住宅,114.53215700656108,30.49887640698585,11336281540,13657779123,0.0,1.0
北大资源山水年华,住宅,114.53387324290517,30.499376411084764,11336281546,11336281540,0.0,1.0
北大资源山水年华二期,住宅,114.5345312240462,30.499553927361124,13657779122,11336281546,0.0,1.0
中建三局生活区,住宅,114.55809017368523,30.485578318873475,7022966528,9214425922,0.0,1.0
现代森林花园,住宅,114.43288964438607,30.50627908844121,1722780872,1722780967,0.0,1.0
森林花园A区,住宅,114.43263507278235,30.506259692209607,1722780872,13783391295,0.0,1.0
高新公寓,住宅,114.43183326185537,30.506544357943863,13783391295,1722780872,0.0,1.0
新翊居,住宅,114.43590375353446,30.505139388388592,1270123927,1150844388,0.0,1.0
恒大华府C区,住宅,114.43519109166783,30.504764294779545,4540472579,8512222860,0.0,1.0
恒大金碧天下,住宅,114.43736396130507,30.50899876207472,4540472572,1722781096,0.0,1.0
关东康居园,住宅,114.43122102540377,30.50530379320962,1722780872,13783391295,0.0,1.0
恒大华府A区,住宅,114.43849384887378,30.508040068281566,4524882513,4540472578,0.0,1.0
诗影苑,住宅,114.43081510205734,30.505786037144354,13783391295,1722780872,0.0,1.0
壹云玖曦台,住宅,114.43242421226222,30.510735010822224,10011888577,1150854718,0.0,1.0
武汉新世界恒大华府,住宅,114.43687119866055,30.503879432133242,1270123927,1150844388,0.0,1.0
珞瑜·华公馆,住宅,114.43864006733358,30.509756814247314,4540472572,1722781096,0.0,1.0
瑞成佳苑,住宅,114.43138357743207,30.50303271565567,4540472579,8512222860,0.0,1.0
恒大华府B区,住宅,114.4401312377917,30.50541286636544,1150844388,9208010654,0.0,1.0
联投清能曼雲天樾,住宅,114.43040847134445,30.502964270807297,1157116561,8512222860,0.0,1.0
东湖高新关东园路P(2023)024号地块,住宅,114.43061894138928,30.50275764489565,8512222860,1157116561,0.0,1.0
葛洲坝·卡尔顿庄园,住宅,114.44084976131718,30.509330041967246,4524882513,4540472578,0.0,1.0
森林公园小区,住宅,114.43033444404982,30.51298114386351,10011888514,13603842211,0.0,1.0
葛洲坝·世纪花园1期,住宅,114.44259159928109,30.506619218551247,1270123891,1150858930,0.0,1.0
YESIDO椰岛美容(光谷万科店),住宅,114.44008340300806,30.50207676769102,9208010758,4540472577,0.0,1.0
万科嘉园,住宅,114.43934459244387,30.501153670355723,9208010758,4540472577,0.0,1.0
光谷中央公园小区,住宅,114.44249670564251,30.502447274775083,9208010758,10030067246,0.0,1.0
万科嘉园1期,住宅,114.44030011913797,30.500257708858005,9208010662,1150858950,0.0,1.0
葛洲坝·世纪花园,住宅,114.44468421845878,30.507495139448526,1270123891,1150858930,0.0,1.0
华润中城昆仑御,住宅,114.44517433731244,30.510279301097682,1865252930,1865252974,0.0,1.0
葛洲坝·世纪花园2期,住宅,114.44609615895531,30.50750304864275,1150858930,1270123891,0.0,1.0
葛洲坝·世纪花园3期,住宅,114.44669170348529,30.50913980421415,1865252974,1192680218,0.0,1.0
蓝光COCO时代,住宅,114.44557316262028,30.502025594039544,1150858930,10030067246,0.0,1.0
荷叶山社区,住宅,114.44825954965343,30.505160346212755,1192679528,1192680345,0.0,1.0
荷叶山社区2期,住宅,114.44902774409506,30.50569085810433,1192679528,1192680345,0.0,1.0
左岭新城开发投资光谷珞喻路064号地块(建设中),住宅,114.43048728071484,30.507112150462707,13783391295,1722780872,0.0,1.0
珞路号家属区,住宅,114.45865709311708,30.51141165612709,11534005175,6510537496,0.0,1.0
珞喻首府,住宅,114.4659899055902,30.50948813546203,1717910994,1717910894,0.0,1.0
吹笛社区,住宅,114.45002945733118,30.52008865924602,6225938342,9208010768,0.0,1.0
沁源桩景,住宅,114.4593907430916,30.520115795594965,6510375246,6510375245,0.0,1.0
华润光谷润璟(建设中),住宅,114.44968388145368,30.50329301416178,1192679528,1192680345,0.0,1.0
九峰首府(建设中),住宅,114.46623986034493,30.5084431181951,1717910994,1717910894,0.0,1.0
铂金都汇(建设中),住宅,114.46765805764109,30.505411838606822,1717910994,1717910894,0.0,1.0
武汉成樾公寓,住宅,114.4749860042432,30.50844325889715,2401147066,10826161700,0.0,1.0
九峰街·景源里社区西苑,住宅,114.47507754981056,30.50596026452461,6510537548,2401147066,0.0,1.0
九峯新社区,住宅,114.4765327273012,30.50769089567267,10826161699,1227799164,0.0,1.0
九峰街·景源里社区,住宅,114.47645957673105,30.506307101544976,2401147021,2401147042,0.0,1.0
同安里社区2期,住宅,114.47287365693794,30.504751404353893,6510537555,6510537548,0.0,1.0
九峰街·景源里社区东苑,住宅,114.47814976937865,30.506677848102598,2401147042,10826161705,0.0,1.0
三星苑,住宅,114.47681911306888,30.503772886987505,2401147021,2401147042,0.0,1.0
九峰新区,住宅,114.47919482319693,30.50450452015881,10732676918,2401147042,0.0,1.0
幸福里社区,住宅,114.47011388382865,30.50346411779042,6510537555,11861349636,0.0,1.0
王店社区,住宅,114.47900321662367,30.503284327237843,10732676918,2401147042,0.0,1.0
九峰街·德欣里社区东苑,住宅,114.477642257386,30.5024346482877,10732676918,2401147006,0.0,1.0
九峰街·德欣里社区西苑,住宅,114.47482805124203,30.501140985899934,2401146998,2401147006,0.0,1.0
森林公寓西苑,住宅,114.48052418196461,30.5113583221867,1227799044,1227798913,0.0,1.0
民建楼,住宅,114.48098592364298,30.51112274126338,1227798913,1227799044,0.0,1.0
九峰街明畅里社区1期,住宅,114.47847741572285,30.501568312944606,2401147006,10732676918,0.0,1.0
森林公寓东苑,住宅,114.48148077454746,30.51108619902529,9626376712,1227799044,0.0,1.0
森林公寓南苑,住宅,114.48363386465248,30.510845596017166,9626376712,1227799044,0.0,1.0
进德楼,住宅,114.48135122167255,30.500135091033734,10732676935,2401147002,0.0,1.0
九峰街清和里社区,住宅,114.48306451546594,30.501557699023923,10826161710,10826161713,0.0,1.0
常青苑,住宅,114.47520007503599,30.516769321905034,1227776321,1227776124,0.0,1.0
物回小区,住宅,114.46811183362443,30.514927181355567,1227799091,11503205156,0.0,1.0
福星园2区,住宅,114.48162792210144,30.51581817928766,1227776578,1227776439,0.0,1.0
福山园11区,住宅,114.48456083777775,30.516903472695663,2477288376,2457589086,0.0,1.0
之寓未来,住宅,114.52747886023873,30.50196177242254,7221412129,7221376570,0.0,1.0
之寓未来D区,住宅,114.52821115159935,30.50299134259944,7221376570,2418750506,0.0,1.0
武汉城建·光谷龙山湖,住宅,114.53043920581744,30.50387969586199,2418750506,7221376570,0.0,1.0
之寓未来A区,住宅,114.5286597594168,30.501074049822286,2418750506,7221376570,0.0,1.0
中冶南方生活区,住宅,114.55974180758251,30.50502516506687,4532855292,4532847760,0.0,1.0
中乐园,住宅,114.42945610394764,30.530013500380498,6496850701,9495274987,0.0,1.0
如院,住宅,114.43111599066185,30.52612420192928,1150854758,1150854726,0.0,1.0
东湖一叶,住宅,114.43026646895007,30.534064365879228,6488156010,9139398479,0.0,1.0
马鞍山苗圃生活区,住宅,114.44276057728723,30.523691286503666,6483531359,3503125708,0.0,1.0
东都城还建房,住宅,114.45598744737913,30.523763293502245,9312502113,9208010730,0.0,1.0
万都花境,住宅,114.45898008297027,30.52379461148147,6510375204,6510375255,0.0,1.0
如茵花境,住宅,114.45903827052686,30.52382474689848,6510375255,6510375204,0.0,1.0
晏家村31号,住宅,114.45101725559105,30.521841318026265,10011888415,9312502113,0.0,1.0
东湖花木城C区,住宅,114.45930831018504,30.52200999436517,6510375253,6510375249,0.0,1.0
溢景园,住宅,114.46095576098315,30.521864194508545,6510375251,6510375250,0.0,1.0
涧鸣花园,住宅,114.44862733795937,30.52002259914086,9208010768,6225938342,0.0,1.0
建强小区,住宅,114.45358981072597,30.536802394706076,9643085579,9643085755,0.0,1.0
建强小区1期,住宅,114.4539338394803,30.537240054965526,9643085579,9643085755,0.0,1.0
东湖笛苑,住宅,114.45343318359826,30.53846148096831,9643085579,9643085755,0.0,1.0
半岛·御舍,住宅,114.48570181752947,30.53247990145692,11497488124,11497488145,0.0,1.0
联投光谷瑞园一期,住宅,114.50323396021282,30.535973133331662,8205167926,4535043725,0.0,1.0
联投光谷瑞园,住宅,114.50494248056435,30.5345466616708,13821197925,8205167922,0.0,1.0
联投光谷瑞园二期,住宅,114.50665797788719,30.533314120814417,8205167922,11497421970,0.0,1.0
武汉玺院,住宅,114.50130854482009,30.53798374324509,8205167926,4535043725,0.0,1.0
联投新青年花山河社区四期保障性租赁住房项目,住宅,114.50877784530311,30.53308740278906,13821197925,13821197926,0.0,1.0
花城家园梅园,住宅,114.50951940204237,30.523255719971097,2457603164,1722782133,0.0,1.0
花城家园李园,住宅,114.51560718874772,30.526511137307388,8205167944,8205167945,0.0,1.0
铁花小苑,住宅,114.51197801166573,30.527774392711056,2872101167,2872101166,0.0,1.0
林院居,住宅,114.51800169556866,30.526149956278843,8205167944,2477288611,0.0,1.0
花城家园橘园,住宅,114.51142615141718,30.52600336978786,2872101166,2872101171,0.0,1.0
艳阳景轩宴会中心(花山店),住宅,114.51734749222713,30.52495651507482,2477288473,2477288470,0.0,1.0
花城家园杏园,住宅,114.51965850203445,30.52593959997361,2477288464,2477288473,0.0,1.0
花城家园竹园,住宅,114.51461091983484,30.523008432159642,2457603193,8205167938,0.0,1.0
花城家园,住宅,114.51827284110853,30.52383644448194,2477288473,2477288470,0.0,1.0
花城家园桂园,住宅,114.51998683300181,30.523650228072164,2477288464,2477288473,0.0,1.0
花城家园荷园,住宅,114.5207065884307,30.53240838339672,11353372527,11497422073,0.0,1.0
花山社区,住宅,114.52058209176003,30.53321078260675,11353372527,11497422073,0.0,1.0
工人生活区,住宅,114.51102195622265,30.53457943091546,1223075479,13821197926,0.0,1.0
中国二十冶集团有限公司花城家园D1地块,住宅,114.51852380432499,30.534775614534436,11497422073,4535043715,0.0,1.0
花城家园,住宅,114.51089648738092,30.534704027485322,1223075479,13821197926,0.0,1.0
花城家园棠园,住宅,114.52298314209521,30.523195487393387,8205167949,2477288403,0.0,1.0
联投花山河社区三期保障性租赁住房,住宅,114.5102390565744,30.53499902741165,1223075479,13821197926,0.0,1.0
花城家园兰园,住宅,114.52320202452825,30.521503606159797,8205167949,2477288403,0.0,1.0
花城家园槿园,住宅,114.52602530043447,30.523440445061727,8205167932,8205167949,0.0,1.0
交投华园1期花山的小叠院,住宅,114.52058676295633,30.537331443006,11497422111,8205167918,0.0,1.0
联投新青年社区2期,住宅,114.50622902518278,30.537558465411358,8205167926,4535043725,0.0,1.0
联投新青年·花山河社区,住宅,114.50685230658635,30.537986156790023,8205167926,4535043725,0.0,1.0
交投华园,住宅,114.520354809987,30.539143209888035,11497422111,8205167918,0.0,1.0
交投华园1期宋雅阁,住宅,114.52045414223008,30.539275437272607,11497422111,8205167918,0.0,1.0
花城家园樱园,住宅,114.52737995649669,30.520919746048282,1233591411,2477288373,0.0,1.0
湖北联投花山河商业街南岸137号地块(建设中),住宅,114.51152449388837,30.538097722820794,8205167926,4535043715,0.0,1.0
滨湖花园2期,住宅,114.44614649327059,30.55159292892612,1865253067,1865253019,0.0,1.0
滨湖花园,住宅,114.44750553193626,30.549656465067425,11335132271,11335137380,0.0,1.0
滨湖花园1期,住宅,114.44804314484112,30.548938863851856,11335132271,11335137380,0.0,1.0
滨湖花园3期,住宅,114.44891680875939,30.547545234258465,11335132271,11335137380,0.0,1.0
东湖云鹤湾,住宅,114.43643931811899,30.559648565951218,1192680592,1192679974,0.0,1.0
鼓架小区,住宅,114.45985940855347,30.553568937244435,9761710639,9761710643,0.0,1.0
华润联投半岛九里,住宅,114.4894457683178,30.546944234266917,2457601002,2457600960,0.0,1.0
安屿那,住宅,114.49614836163053,30.545570773399575,2457600960,2457600953,0.0,1.0
联投悦西湖,住宅,114.4925202184923,30.54969949279153,2457601002,2457600960,0.0,1.0
碧桂园·生态城叠翠台小区,住宅,114.49714681363201,30.549582399687115,2457600969,2457601001,0.0,1.0
碧桂园·生态城观澜,住宅,114.49924658074214,30.5518658995496,4532890405,8197496049,0.0,1.0
碧桂园·生态城山湖间,住宅,114.49667065480199,30.55373254387646,4532890405,8197496049,0.0,1.0
碧桂园·生态城依云,住宅,114.5028123384384,30.54827875920744,2457597746,2457597205,0.0,1.0
碧桂园生态城山湖间1期,住宅,114.49507245468571,30.55523823085672,8197496051,8197496052,0.0,1.0
碧桂园·生态城剑桥郡,住宅,114.49427140220457,30.555317801679262,8197496051,8197496052,0.0,1.0
白羊山社区,住宅,114.50883801086239,30.545644406314842,8203895749,8203895758,0.0,1.0
花山印象二期,住宅,114.5157837671763,30.550962526763293,5611476101,13408124915,0.0,1.0
碧桂园·生态城·东境,住宅,114.51204133378256,30.550488033852748,8203895750,2457597742,0.0,1.0
碧桂园生态城·左岸,住宅,114.51065871181619,30.54548475014982,8203895742,8203895758,0.0,1.0
花山印象,住宅,114.51343930784483,30.551562670084238,8203895769,5611476101,0.0,1.0
花山花锦A区,住宅,114.52011662190537,30.543488106585702,8205159813,8205167921,0.0,1.0
花山印象一期,住宅,114.50981104710577,30.552114028103027,2457597204,2457597235,0.0,1.0
联投花山河,住宅,114.50991825187751,30.54246961925478,8203895742,8203895758,0.0,1.0
交投华园2期,住宅,114.51843391432509,30.541640092824853,8205167918,11497422110,0.0,1.0
白羊佳苑一期,住宅,114.52700725911296,30.550615025990158,13162950541,11497422142,0.0,1.0
白羊佳苑,住宅,114.52656670787903,30.551885449539085,13162950529,13162950541,0.0,1.0
白羊佳苑二期,住宅,114.52628571198694,30.552736426643285,13162950529,13162950541,0.0,1.0
中交越秀·知园,住宅,114.50746679115983,30.559307680695994,4532890421,4532890418,0.0,1.0
花山印象三期(建设中),住宅,114.51680650782376,30.5496768403557,2457597719,11497476849,0.0,1.0
湖北联投花山板块103号地块(建设中),住宅,114.51842859854688,30.545185885839725,2457597717,8205159813,0.0,1.0
城投·碧云原著(建设中),住宅,114.51774727175247,30.54439826010089,2457597717,8205159813,0.0,1.0
白羊佳苑三期(建设中),住宅,114.52425709881469,30.551159648476812,11497476858,11497422142,0.0,1.0
柠檬花院,住宅,114.5403416386957,30.55382384564567,2477289227,11497422144,0.0,1.0
沌口中心广场A栋B栋,写字楼,114.17304454647535,30.464672606847348,5535918115,4519138593,0.0,0.8
华茂商住楼,写字楼,114.18061000574367,30.464765474148436,13430072742,13430076623,0.0,0.8
综合楼,写字楼,114.1808021251387,30.45803953214391,13430072742,13430076623,0.0,0.8
银湖白沙洲企业城16栋,写字楼,114.24231278177601,30.461404935889057,9593390842,9593380986,0.0,0.8
银湖白沙洲企业城25栋,写字楼,114.24293626811514,30.461064060335186,9593390842,9593380986,0.0,0.8
白沙洲中小企业城23栋A座,写字楼,114.24321740717347,30.46178088992576,9593390842,9593380986,0.0,0.8
武汉鲜加誉供应链行政楼,写字楼,114.24222293690552,30.458807587419038,9593390842,9593380986,0.0,0.8
银湖企业城55栋,写字楼,114.24358694874658,30.4584707402489,9593390842,9593380986,0.0,0.8
楚安科技大厦,写字楼,114.24580814357854,30.461131026513947,9593390842,9593380986,0.0,0.8
银湖中小企业城41栋B座,写字楼,114.2456691252247,30.46038122502804,9593390842,9593380986,0.0,0.8
湖北炫娱文化传媒有限公司A座,写字楼,114.2463194312364,30.46123096527714,9593390842,9593380986,0.0,0.8
季佳·里,写字楼,114.24435261887746,30.4683392144818,9593390842,9593380986,0.0,0.8
楚安科技大厦C座,写字楼,114.24651950544106,30.461680833960795,9593390842,9593380986,0.0,0.8
青菱大厦,写字楼,114.24731090778162,30.461984675463796,9593390842,9593380986,0.0,0.8
青菱街渔业村集团办公楼,写字楼,114.25148503727415,30.458097840980777,10795039390,1313972308,0.0,0.8
国际贸易办公中心,写字楼,114.25646880845649,30.46232593329337,10795039390,1313972308,0.0,0.8
武汉白沙洲农副产品大市场办公楼,写字楼,114.25733161593267,30.46557168673365,10795039390,1313972308,0.0,0.8
粮油大楼,写字楼,114.25769556427791,30.466482268776154,10795039390,1313972308,0.0,0.8
合和大厦,写字楼,114.27329877987782,30.462823997754985,12896768720,7674711338,0.0,0.8
洪山白沙科创大厦,写字楼,114.28242992764297,30.47530487944837,12860132348,2398267612,0.0,0.8
山王大厦,写字楼,114.30697224802215,30.454500896181884,8168565431,7674661165,0.0,0.8
融创智谷A16-5栋,写字楼,114.31347199964937,30.45650433515529,1865280090,1865280106,0.0,0.8
洪山人工智能大厦,写字楼,114.31505050773832,30.456218423481005,1865280090,1865280106,0.0,0.8
融创智谷B栋,写字楼,114.31586814580623,30.456799726797808,9003262364,9003262347,0.0,0.8
洪山人工智能大厦C2栋,写字楼,114.31506947883462,30.45620139178721,1865280090,1865280106,0.0,0.8
融创智谷-A1栋广场平台,写字楼,114.31686646001373,30.457697602673157,9003262364,9003262347,0.0,0.8
融创智谷-C2,写字楼,114.31601790908265,30.456752454097177,9003262364,9003262347,0.0,0.8
李桥创意大厦1号楼,写字楼,114.31382154795533,30.455303975552745,1865280090,1865280106,0.0,0.8
软通智慧总部大楼,写字楼,114.31385050845921,30.45522793982965,1865280090,1865280106,0.0,0.8
李桥创意大厦,写字楼,114.31389346697787,30.454916936110852,1865280090,1865280106,0.0,0.8
创意天地7号楼,写字楼,114.31458092121129,30.471696326792923,14029903452,12032768618,0.0,0.8
创意天地08办公楼,写字楼,114.31558234874667,30.471333525137666,14029925056,14029925101,0.0,0.8
创意天地-09办公楼,写字楼,114.31662368588086,30.471183585495755,14029925103,14029925102,0.0,0.8
武汉创意天地-10号高层办公楼,写字楼,114.31729661952095,30.470946366369027,14029925103,14029925102,0.0,0.8
武汉创意天地C区,写字楼,114.31461579938764,30.47246105771112,12032768618,14029925015,0.0,0.8
武汉创意天地B区-10号创意工坊,写字楼,114.31714880556706,30.471558486054896,12032768625,12032768620,0.0,0.8
李时珍科创园A座,写字楼,114.3157919051623,30.472570798849336,12032768596,14029925015,0.0,0.8
运转综合楼,写字楼,114.32207523633177,30.46634842788767,837959231,1124470996,0.0,0.8
武汉创意天地B区,写字楼,114.31771187875778,30.47174036407505,12032768625,12032768620,0.0,0.8
武汉创意天地D区,写字楼,114.31489623643749,30.473786173519713,12032768614,14029925009,0.0,0.8
创意天地-06办公楼,写字楼,114.31428615522925,30.474432155007218,14029924662,14029924689,0.0,0.8
武汉游戏产业大厦,写字楼,114.31435803892668,30.47445101406629,14029924662,14029924689,0.0,0.8
工坊精臣大楼,写字楼,114.31463758905228,30.47449147444867,14029924662,14029924689,0.0,0.8
马湖商贸楼特1号,写字楼,114.3153913931756,30.474364080332453,14029924662,14029924689,0.0,0.8
武汉创意天地D区-04号高层办公楼,写字楼,114.31541734014611,30.474495995769857,14029924662,14029924689,0.0,0.8
武汉创意天地-A区艺术家工作室,写字楼,114.31712563437542,30.47397088789845,12032768634,12032768637,0.0,0.8
创意天地07号办公楼,写字楼,114.31596644088329,30.47469489991849,14029924662,14029924689,0.0,0.8
马湖新村商贸楼,写字楼,114.31373594751344,30.47540293342885,14029924695,4849025183,0.0,0.8
元宇宙中心,写字楼,114.33578525213092,30.46386007876117,14161422439,1124470996,0.0,0.8
数字经济产业中心大楼,写字楼,114.33614066250011,30.46421633038382,1124470996,14161422439,0.0,0.8
武汉创意天地A区,写字楼,114.31791532508286,30.474330285518327,12032768634,12032768637,0.0,0.8
创意天地01办公楼,写字楼,114.31795823279042,30.474593133180846,14029924688,14029924687,0.0,0.8
天祥尚府一期3-2号商业楼,写字楼,114.36869490600122,30.45811077557627,7654235640,1865280090,0.0,0.8
南湖社区周店综合楼,写字楼,114.3720917553587,30.46700492223276,8547857341,1140523115,0.0,0.8
光谷自由城B栋,写字楼,114.3760203664959,30.46936567565396,6286565888,6220274445,0.0,0.8
韵湖星光南区商业广场2号楼,写字楼,114.37609066369686,30.45410451304339,7654235640,1865280090,0.0,0.8
中国铁建梧桐苑B1办公楼,写字楼,114.37863953339286,30.454802295913318,7654235640,1865280090,0.0,0.8
武汉华中师大科技园发展有限公司办公楼,写字楼,114.38568750032326,30.461046385632507,13570134431,6286565888,0.0,0.8
华师园创新2号楼,写字楼,114.38570055881625,30.460367552086947,13570134431,6286565888,0.0,0.8
腾睿大厦B座,写字楼,114.38687149286461,30.460781920025298,8910280582,1145214740,0.0,0.8
腾睿大厦,写字楼,114.38700650771055,30.46061890438318,8910280582,1145214740,0.0,0.8
腾睿大厦A座,写字楼,114.38682253790074,30.46026507226904,8910280582,1145214740,0.0,0.8
腾睿大厦7栋,写字楼,114.38688753961155,30.460246049382487,8910280582,1145214740,0.0,0.8
博大光谷科技港9栋,写字楼,114.39254647206474,30.458333799034886,8910280582,1145214740,0.0,0.8
知雅楼,写字楼,114.38585612298785,30.45380812366476,8910280582,1145214740,0.0,0.8
东湖新技术开发区华师园北路13号铁神科技大厦,写字楼,114.39428880604787,30.460743929820143,8910280582,1145214740,0.0,0.8
东湖高新区大学科技园知新楼,写字楼,114.38518418562357,30.453557509057944,8910280582,1145214740,0.0,0.8
东湖高新区国家大学科技园知源楼A座,写字楼,114.3865901093127,30.453725811940263,8910280582,1145214740,0.0,0.8
东湖高新区国家大学科技园-知源楼,写字楼,114.38696411515551,30.453646670837863,8910280582,1145214740,0.0,0.8
光谷科技港A栋,写字楼,114.39423893652754,30.45904436625481,8910280582,1145214740,0.0,0.8
知美楼,写字楼,114.38568118179792,30.453232348435215,8910280582,1145214740,0.0,0.8
众诚鼎泰商务楼,写字楼,114.3850286337946,30.4714979913486,13570134431,6286565888,0.0,0.8
众诚鼎泰商务楼1栋,写字楼,114.38493663326241,30.471594012189076,13570134431,6286565888,0.0,0.8
创新中心2期,写字楼,114.3928887275424,30.45649519940091,8910280582,1145214740,0.0,0.8
健康科技综合大厦,写字楼,114.39198637985463,30.469215109796583,8910280582,1145214740,0.0,0.8
知乐楼,写字楼,114.3849392775893,30.45273183534382,8910280582,1145214740,0.0,0.8
知齐楼,写字楼,114.38549023655068,30.452730563616782,8910280582,1145214740,0.0,0.8
创星汇F栋,写字楼,114.39228745055034,30.469269034267462,8910280582,1145214740,0.0,0.8
宇辰大厦,写字楼,114.39442820700138,30.456714931491568,8910280582,1145214740,0.0,0.8
宇辰大厦D栋,写字楼,114.39443921272257,30.4566949353449,8910280582,1145214740,0.0,0.8
知静楼,写字楼,114.38466236770385,30.451995158033753,8910280582,1145214740,0.0,0.8
海容基孵化器B座,写字楼,114.38643827956741,30.451798353913478,1145214736,1145214738,0.0,0.8
知业楼,写字楼,114.38172887277013,30.451785896908735,7654235640,1865280090,0.0,0.8
东湖网谷9号楼A座,写字楼,114.39783995994766,30.465492591745303,8910280582,1145214740,0.0,0.8
武汉市华科园一路现代SOHO楼,写字楼,114.39683020000206,30.456896759497145,1145214736,1145214738,0.0,0.8
珍岛中心,写字楼,114.39799003552038,30.465542585941613,8910280582,1145214740,0.0,0.8
华工科技园现代服务业基地B座,写字楼,114.39689126722476,30.456461868434257,1145214736,1145214738,0.0,0.8
现代服务基地1号研发楼,写字楼,114.39689126722476,30.456461868434257,1145214736,1145214738,0.0,0.8
云链中心,写字楼,114.39543978206379,30.454595375979142,1145214736,1145214738,0.0,0.8
华工科技园现代服务业基地A座,写字楼,114.39693128489651,30.456480863820893,1145214736,1145214738,0.0,0.8
东湖网谷9号楼B座,写字楼,114.39788991238471,30.466342373536275,8910280582,1145214740,0.0,0.8
徽商大厦(武大园路),写字楼,114.39748748409734,30.457371649822292,1145214736,1145214738,0.0,0.8
徽商大厦B座,写字楼,114.39733643754957,30.45702573274545,1145214736,1145214738,0.0,0.8
江伟时代&高通空间,写字楼,114.3975896723213,30.467292114293926,8910280582,1145214740,0.0,0.8
创业SOHO1栋,写字楼,114.39719040637529,30.456544850408132,1145214736,1145214738,0.0,0.8
徽商大厦A写字楼,写字楼,114.39775060364222,30.457563610716065,1145214736,1145214738,0.0,0.8
创业SOHO-B座,写字楼,114.39707637382885,30.456271917151046,1145214736,1145214738,0.0,0.8
华德莱工程咨询有限公司B座,写字楼,114.39729047809928,30.45629491469967,1145214736,1145214738,0.0,0.8
徽商大厦AB座,写字楼,114.39854400557617,30.457904570913314,1145214736,1145214738,0.0,0.8
海创电子办公楼1栋,写字楼,114.39683907200124,30.469891420393946,8910280582,1145214740,0.0,0.8
科威晶激光大楼,写字楼,114.38648850521494,30.44919896661542,1145214736,1145214738,0.0,0.8
大成空间B座,写字楼,114.38543856061483,30.449049489176847,1145214736,1145214738,0.0,0.8
团结高新大楼,写字楼,114.38588853626675,30.449049275296794,1145214736,1145214738,0.0,0.8
激光大楼,写字楼,114.39744066719877,30.454995242222637,1145214736,1145214738,0.0,0.8
团结激光办公地B栋,写字楼,114.3858385472247,30.448949322921006,1145214736,1145214738,0.0,0.8
巨成大厦A栋,写字楼,114.3988162335686,30.457069802688075,1145214736,1145214738,0.0,0.8
巨成大厦,写字楼,114.39881423424322,30.45704880777665,1145214736,1145214738,0.0,0.8
豪迈大厦1栋,写字楼,114.40154492014788,30.457916993560605,1145214736,1145214738,0.0,0.8
武汉大学科技园慧园楼,写字楼,114.40392563168386,30.459395243888192,1145214736,1145214738,0.0,0.8
豪迈大厦(武大园四路),写字楼,114.4018351288976,30.45792105495497,1145214736,1145214738,0.0,0.8
武大科技园兴业楼北楼,写字楼,114.4008524677663,30.457577945022916,1145214736,1145214738,0.0,0.8
航天恒星,写字楼,114.40329218650078,30.4585652629404,1145214736,1145214738,0.0,0.8
豪迈大厦3栋研发楼,写字楼,114.40241555880576,30.4579321882666,1145214736,1145214738,0.0,0.8
豪迈大厦2栋,写字楼,114.40174008841906,30.457594116283353,1145214736,1145214738,0.0,0.8
武大科技园兴业楼,写字楼,114.40081346597327,30.457295009157026,1145214736,1145214738,0.0,0.8
武汉大学科技园慧业楼,写字楼,114.40504252401945,30.46019042226042,1145214736,1145214738,0.0,0.8
国家地球空间信息产业基地二期北主楼,写字楼,114.40368852528132,30.458365430447422,1145214736,1145214738,0.0,0.8
武大科技园兴业楼南楼,写字楼,114.40087353317173,30.45699109602125,1145214736,1145214738,0.0,0.8
武大科技园创业楼,写字楼,114.40510261703834,30.4597365593561,1145214736,1145214738,0.0,0.8
武大科技园四路研究开发中心大楼,写字楼,114.40379464051357,30.458045543552863,1145214736,1145214738,0.0,0.8
武大GEO办公大厦,写字楼,114.40054033873743,30.456655123099054,1145214736,1145214738,0.0,0.8
全明星D3空间,写字楼,114.40127682975974,30.468262284184263,8910280582,1145214740,0.0,0.8
国家地球空间信息产业基地A2栋,写字楼,114.4009737252122,30.455570469184575,1145214736,1145214738,0.0,0.8
武大航域二区樱花墅A7栋,写字楼,114.40469548557245,30.45712207222762,1145214736,1145214738,0.0,0.8
当代花园绿地,写字楼,114.406737656139,30.465331788056133,8910280582,1145214740,0.0,0.8
武大航域二区樱花墅A5栋,写字楼,114.40541709494956,30.457497242028055,1145214736,1145214738,0.0,0.8
武大航域二区樱花墅A6栋,写字楼,114.4051819010012,30.45728820590271,1145214736,1145214738,0.0,0.8
城花中心,写字楼,114.40771487633813,30.4625319616528,1145214736,1145214738,0.0,0.8
中石化石油机械股份有限公司总部大楼,写字楼,114.39798211427485,30.453109730231102,1145214736,1145214738,0.0,0.8
当代光谷梦工场7栋,写字楼,114.41120928108259,30.46807449785666,8910280582,1145214740,0.0,0.8
华中科技大学科技园本部大楼,写字楼,114.39453971528806,30.451346249970634,1145214736,1145214738,0.0,0.8
华夏创业中心6号楼1楼104号-01室,写字楼,114.41160175861147,30.468046760771408,8910280582,1145214740,0.0,0.8
尚德机构3号楼,写字楼,114.41117418602224,30.468683315914873,8910280582,1145214740,0.0,0.8
武汉星之家6号楼A座,写字楼,114.41347851496249,30.463710203723917,1145214736,1145214738,0.0,0.8
当代华夏创业中心,写字楼,114.41110104952071,30.46924612145757,8910280582,1145214740,0.0,0.8
当代·光谷梦工场2号楼,写字楼,114.41109103590325,30.469265110085345,8910280582,1145214740,0.0,0.8
当代梦工场,写字楼,114.41167476628671,30.468984563404874,8910280582,1145214740,0.0,0.8
博雅楼A栋,写字楼,114.40763591793207,30.47261729054704,1150821136,11733956990,0.0,0.8
当代·光谷梦工场1号楼,写字楼,114.41114504954453,30.469850990474466,8910280582,1145214740,0.0,0.8
力源信息大厦,写字楼,114.41161087779626,30.45530301913189,1145214736,1145214738,0.0,0.8
关东街道九龙云天信息科技有限公司4栋C座,写字楼,114.41410535442797,30.46364969478176,1145214736,1145214738,0.0,0.8
当代中心,写字楼,114.41424763236262,30.46266205865069,1145214736,1145214738,0.0,0.8
当代国际总部基地,写字楼,114.41425662829425,30.46284901774875,1145214736,1145214738,0.0,0.8
万企利·yi空间,写字楼,114.41408815644289,30.465661162244253,1145214736,1145214738,0.0,0.8
万企利科创中心A栋,写字楼,114.41421235011275,30.465360336360867,1145214736,1145214738,0.0,0.8
现代·森林小镇金融SOHO,写字楼,114.41428603363538,30.458643110163834,1145221979,1145214738,0.0,0.8
金融港A座,写字楼,114.4151066671035,30.46435031045485,1145221979,1145214738,0.0,0.8
泰康人寿大厦,写字楼,114.41601137913727,30.459427325650324,7041282296,1176704368,0.0,0.8
光谷金融港泰康大厦(A1栋),写字楼,114.41601039299971,30.45925136930077,7041282296,1176704368,0.0,0.8
百利科技大楼,写字楼,114.41537352269751,30.458813942530014,7041282296,1176704368,0.0,0.8
捷信大厦,写字楼,114.41712904062955,30.459216365642213,7041282296,1176704368,0.0,0.8
现代·森林小镇A座,写字楼,114.41456743957603,30.458384396842618,1145221979,1145214738,0.0,0.8
OVU创客星,写字楼,114.41611461034275,30.45848265297844,7041282296,1176704368,0.0,0.8
纳杰中心B栋,写字楼,114.41899682494845,30.460377844257984,7041282296,1176704368,0.0,0.8
博彦大厦,写字楼,114.41814758539839,30.459297292761043,7041282296,1176704368,0.0,0.8
光谷大道77号金融港1期,写字楼,114.4178611649142,30.45905408310061,7041282296,1176704368,0.0,0.8
NJ中心,写字楼,114.41933631842124,30.460949037920344,7041282296,1176704368,0.0,0.8
纳杰中心C栋,写字楼,114.41900384531965,30.46027187811243,7041282296,1176704368,0.0,0.8
长江证券光谷大厦,写字楼,114.417110070739,30.45854251852739,7041282296,1176704368,0.0,0.8
易创谷科技大厦C座,写字楼,114.41933836241068,30.460480159178783,7041282296,1176704368,0.0,0.8
易创谷科技大厦B栋,写字楼,114.4192572560171,30.46020514757095,7041282296,1176704368,0.0,0.8
易创谷科技大厦,写字楼,114.4193664298676,30.460223252644596,7041282296,1176704368,0.0,0.8
易创谷科技大厦美宜佳,写字楼,114.4195286843686,30.460307395251917,7041282296,1176704368,0.0,0.8
光谷纳杰中心,写字楼,114.41987418655333,30.460994573606225,7041282296,1176704368,0.0,0.8
纳杰中心A栋,写字楼,114.42016366840915,30.460918892693275,7041282296,1176704368,0.0,0.8
湖北万潮大楼,写字楼,114.41906246277006,30.46575353020586,6852308561,6852308569,0.0,0.8
光谷智慧园13号研发楼,写字楼,114.41919567848242,30.465720671467047,6852308561,6852308569,0.0,0.8
珞喻科技大厦,写字楼,114.42022481714035,30.460368096488402,7041282296,1176704368,0.0,0.8
风行大楼,写字楼,114.41996400284376,30.464804689367224,7041282296,1176704368,0.0,0.8
光谷智慧园13A号研发楼,写字楼,114.41953123988579,30.46547507294335,1176704368,8816683698,0.0,0.8
光谷智慧园15号研发楼,写字楼,114.41978768075022,30.465194407123477,7041282296,1176704368,0.0,0.8
光谷智慧园17号研发楼,写字楼,114.42003611396824,30.46488774254302,7041282296,1176704368,0.0,0.8
光谷智慧园27号研发楼,写字楼,114.4186297199551,30.46641493275,6852308561,6852308569,0.0,0.8
永兴元大厦,写字楼,114.42027094467085,30.45977729455256,7041282296,1176704368,0.0,0.8
光谷金融港A号楼,写字楼,114.4185623486494,30.457955030301846,7041282296,1176704368,0.0,0.8
公共采购大厦,写字楼,114.41957590372222,30.458660859781222,7041282296,1176704368,0.0,0.8
CPP中采大厦,写字楼,114.41969710135487,30.45864998600697,7041282296,1176704368,0.0,0.8
CPP中采大厦6栋,写字楼,114.41971412852403,30.45865600189008,7041282296,1176704368,0.0,0.8
光谷智慧园23A号研发楼,写字楼,114.4201362202532,30.465560672446134,1176704368,8816683698,0.0,0.8
光谷智慧园25号研发楼,写字楼,114.41973451924112,30.466057129144406,6852308561,6852308569,0.0,0.8
光谷智慧园22号研发楼,写字楼,114.42038966450998,30.4652720124072,7041282296,1176704368,0.0,0.8
NJ中心,写字楼,114.4222292665723,30.45991839311229,7041282296,1176704368,0.0,0.8
鼎和保险大厦,写字楼,114.4220720233071,30.4595563072318,7041282296,1176704368,0.0,0.8
无忧大楼,写字楼,114.41981044846511,30.45677757254844,7041282296,1176704368,0.0,0.8
光谷鼎创国际,写字楼,114.41680968440244,30.46935046575666,1150821136,11733956990,0.0,0.8
光谷光电信息产业创新创业基地,写字楼,114.41675660344688,30.469377411310475,1150821136,11733956990,0.0,0.8
施耐德大厦,写字楼,114.42121071646407,30.45752586555276,7041282296,1176704368,0.0,0.8
光谷鼎创国际1栋,写字楼,114.41598444101705,30.46977763124008,1150821136,11733956990,0.0,0.8
光谷鼎创国际C区,写字楼,114.41610761262935,30.469849718121615,11733956990,1150821136,0.0,0.8
九江银行大厦,写字楼,114.42126886434671,30.456962070297855,7041282296,1176704368,0.0,0.8
中国太平大厦24栋,写字楼,114.42364392980386,30.458330440403977,8816640095,8816640032,0.0,0.8
中国太平大厦,写字楼,114.42366599475817,30.45804453873434,8816640095,8816640032,0.0,0.8
化工大楼,写字楼,114.42442164187595,30.466609263437917,8816640042,8816640088,0.0,0.8
金融港广场B27栋,写字楼,114.4241840263588,30.457100400844826,8816640080,1563235401,0.0,0.8
金融港广场1栋,写字楼,114.42404079558685,30.456718322560572,8816640080,1563235401,0.0,0.8
武汉东湖新技术开发区佛奥俊贤雅居1期2号综合楼,写字楼,114.42512382048506,30.4566626739861,1194993482,1194993407,0.0,0.8
武汉锦润文化传媒有限公司,写字楼,114.4155084630325,30.47320332099577,1150821136,11733956990,0.0,0.8
现代国际设计城三期10号研发楼,写字楼,114.41600717646706,30.473198744418557,1150821136,11733956990,0.0,0.8
现代国际设计城3期G座,写字楼,114.4159069844317,30.47374851197909,1150821136,11733956990,0.0,0.8
烽火科技集团大厦五号楼,写字楼,114.41876325504519,30.451156913326855,7041282296,1176704368,0.0,0.8
烽火科技集团大厦,写字楼,114.41877527602931,30.45113393073923,7041282296,1176704368,0.0,0.8
烽火科技集团大厦4号楼,写字楼,114.41875123867406,30.451126908896303,7041282296,1176704368,0.0,0.8
光谷汇金中心8G号楼,写字楼,114.4265085206641,30.456258558587503,1194993482,1194993407,0.0,0.8
现代光谷世贸中心1栋,写字楼,114.41704761684154,30.474203392613326,1150821136,11733956990,0.0,0.8
楚通大楼,写字楼,114.42639232224808,30.455926488658392,1194993482,1194993407,0.0,0.8
泰塑商网楼,写字楼,114.4277287758782,30.458215707455892,1194993482,1194993407,0.0,0.8
精伦电子股份有限公司办公楼,写字楼,114.4145660416216,30.47444622135947,1150821136,11733956990,0.0,0.8
现代·光谷世贸中心,写字楼,114.41590792826247,30.47441033575257,1150821136,11733956990,0.0,0.8
光谷汇金中心2号楼B座,写字楼,114.42666183090932,30.4561487885215,1194993482,1194993407,0.0,0.8
光谷汇金中心1期,写字楼,114.42752846392226,30.45716569772878,1194993482,1194993407,0.0,0.8
光谷汇金中心5B栋,写字楼,114.42757857318577,30.457065791028047,1194993482,1194993407,0.0,0.8
汇金中心5栋,写字楼,114.42672700100037,30.45566499559779,1194993482,1194993407,0.0,0.8
光谷汇金中心12C栋,写字楼,114.4267771040068,30.45561507457916,1194993482,1194993407,0.0,0.8
九江银行武汉研发中心办公楼,写字楼,114.42659276276544,30.455369891346553,1194993482,1194993407,0.0,0.8
光谷汇金中心2C栋,写字楼,114.42567809684431,30.4541170117938,1194993482,1194993407,0.0,0.8
光谷汇金中心,写字楼,114.42633530716398,30.454816690142305,1194993482,1194993407,0.0,0.8
光谷汇金中心9号楼A栋,写字楼,114.42632929718069,30.454796687236367,1194993482,1194993407,0.0,0.8
亿盛大厦,写字楼,114.41916185746169,30.47455131025496,838320717,1150821136,0.0,0.8
光谷汇金中心7C号楼,写字楼,114.42696351505779,30.455120446213996,1194993482,1194993407,0.0,0.8
武汉东港大厦,写字楼,114.4195624762103,30.47485163308258,1150821136,838320717,0.0,0.8
光谷汇金中心9号楼H栋,写字楼,114.42712788481178,30.454615791939062,1194993482,1194993407,0.0,0.8
慕天大楼,写字楼,114.18502072320831,30.481762779936382,5535918115,4519138593,0.0,0.8
武汉经济技术开发区江城大道538号20MA地块E栋综合楼,写字楼,114.1839044801716,30.483914227853276,5535918115,4519138593,0.0,0.8
跃创科技1号楼,写字楼,114.1637920066815,30.485360702298024,5535918115,4519138593,0.0,0.8
中国电子云研发基地A栋,写字楼,114.18994618474812,30.47896596474501,5535918115,4519138593,0.0,0.8
数字经济创新中心B座,写字楼,114.19022194005673,30.47862651665396,9424855168,9424855166,0.0,0.8
中国电子云研发基地B栋,写字楼,114.19022194005673,30.47862651665396,9424855168,9424855166,0.0,0.8
三川国际大厦,写字楼,114.18850081275505,30.48522281296262,5535918115,4519138593,0.0,0.8
星河数智大厦,写字楼,114.18807466768712,30.485310065384866,5535918115,4519138593,0.0,0.8
武桥重工大楼,写字楼,114.21097106674087,30.476306943629986,13430072742,13430076623,0.0,0.8
驰远商务中心A座,写字楼,114.21311228979341,30.476999185494776,13430072742,13430076623,0.0,0.8
商汇综合楼B栋,写字楼,114.213904825976,30.477082026628295,13430072742,13430076623,0.0,0.8
商汇综合楼C栋,写字楼,114.21442778633747,30.477610442889933,13430072742,13430076623,0.0,0.8
商汇综合楼,写字楼,114.2157502954881,30.47748485266809,1321744157,13034211116,0.0,0.8
武汉地铁6号线车辆段综合楼,写字楼,114.21322189218702,30.48412135744821,13430072742,13430076623,0.0,0.8
平鄂港办公楼,写字楼,114.2249517460543,30.489818425354827,13430076754,13430072742,0.0,0.8
万科金色城市16地块2号办公楼,写字楼,114.25452043512246,30.48637232692074,6914658065,6914658058,0.0,0.8
万科长征村K3地块2号商业楼,写字楼,114.26107137156998,30.480070729883145,2397258122,2397290171,0.0,0.8
万科金色城市16地块1号办公楼,写字楼,114.2550705188561,30.486622037553122,6914658065,6914658058,0.0,0.8
万科金色城市2号办公楼,写字楼,114.2619712260671,30.480719971546097,2397290171,2397258122,0.0,0.8
飞成大厦,写字楼,114.26598177126854,30.476531172631077,2397258030,12946572432,0.0,0.8
长宏广场,写字楼,114.27206066548919,30.483780682224047,9933742405,9933742397,0.0,0.8
VIVILAN楼,写字楼,114.2700185152188,30.485512189775342,11549712448,9933742356,0.0,0.8
洪山万科广场B楼,写字楼,114.2698585750784,30.4856453025934,11549712448,9933742356,0.0,0.8
洪山万科广场L楼,写字楼,114.2675304109954,30.48665110670748,11549712450,11549712448,0.0,0.8
世茂中心(建设中),写字楼,114.27470251549842,30.479357124506375,6914328316,9933460548,0.0,0.8
龙湖光耀中心B馆,写字楼,114.28241044297808,30.481149318105462,7674713293,9933460526,0.0,0.8
卓悦楼,写字楼,114.28468769186456,30.47665346329485,11433472048,11433472047,0.0,0.8
乐友(龙湖武汉白沙天街B馆店),写字楼,114.28296289317674,30.48169343474217,6914401836,11433472051,0.0,0.8
科创中心,写字楼,114.28546976305935,30.478471881224234,11433472048,11433472051,0.0,0.8
光耀天街A馆,写字楼,114.28510798317879,30.48009594445557,11433472048,11433472051,0.0,0.8
光耀烽胜路天街,写字楼,114.28695615450204,30.47949348851745,1313971366,11433472019,0.0,0.8
湖北农发科研大楼,写字楼,114.28849287743112,30.486867204675203,6914349242,6914349257,0.0,0.8
武南二场信号楼,写字楼,114.2976271464923,30.482494960165692,1685363318,1685363315,0.0,0.8
湖北工业大学创新创业中心A座,写字楼,114.30094446957195,30.484167833857793,8519925917,8519892715,0.0,0.8
原光源新办公大楼,写字楼,114.28945271960912,30.487987458529272,6914349257,6914401852,0.0,0.8
太阳能大楼,写字楼,114.30500439063216,30.48687390471929,2135925896,4183263207,0.0,0.8
武汉创意天地A区-02号高层办公楼,写字楼,114.31706668708549,30.474462868523403,12032768634,12032768637,0.0,0.8
武汉数字证书认证中心有限公司,写字楼,114.3173642064498,30.474458302655155,12032768634,12032768637,0.0,0.8
已湖商贸楼,写字楼,114.31941070883951,30.476487847114676,14029924666,14032063463,0.0,0.8
广寰商贸楼,写字楼,114.31971019081033,30.476837179544514,14032063504,11505182629,0.0,0.8
NOVONEST,写字楼,114.31658864463998,30.483875212864234,11505079834,11505182632,0.0,0.8
畜牧所生物楼,写字楼,114.31975928001832,30.486434445486527,11505182803,11505182810,0.0,0.8
拉德芳斯乐活中心J栋,写字楼,114.30907593282383,30.49055344791351,9214515692,14181729948,0.0,0.8
豪信大厦,写字楼,114.30943837386916,30.49056277565411,9214515692,14181729948,0.0,0.8
南湖城市大厦2栋,写字楼,114.33208358127918,30.481879188627712,10108965712,2401362913,0.0,0.8
城管大楼,写字楼,114.33206260520073,30.481992196992355,10108965712,2401362913,0.0,0.8
南湖城市大厦,写字楼,114.33206260520073,30.481992196992355,10108965712,2401362913,0.0,0.8
南湖城市大厦52号,写字楼,114.33223931078301,30.48211183147506,10108965712,2401362913,0.0,0.8
湖北农业科技楼,写字楼,114.33296205829583,30.48318617715559,2401362985,1140350466,0.0,0.8
律师楼,写字楼,114.33382138895696,30.48660261749901,2401362946,4742253030,0.0,0.8
澳新创业中心E,写字楼,114.33307951257832,30.487306808440838,7393389913,9482275254,0.0,0.8
澳新学院写字楼,写字楼,114.33303457675889,30.487395867678337,6923707468,7393389913,0.0,0.8
湖北省农业检测大楼,写字楼,114.338579376117,30.481400286424467,1143453811,1143453839,0.0,0.8
澳新创业中心A座,写字楼,114.33149591513818,30.48893432869258,8909899980,6923707468,0.0,0.8
产业西楼,写字楼,114.34402150878306,30.477991535900667,8626248756,1143465563,0.0,0.8
揽胜公园写字楼,写字楼,114.34047634844535,30.482896450503077,2446646309,2446646308,0.0,0.8
武汉东湖新技术开发区政院小区星宇大楼,写字楼,114.3787875137863,30.477346330953804,13570134431,6286565888,0.0,0.8
民族大道知业楼,写字楼,114.38021609433612,30.476772456867067,13570134431,6286565888,0.0,0.8
南湖时尚城K4B,写字楼,114.38073663797871,30.48029414346402,13570134431,6286565888,0.0,0.8
南湖时尚城K4A,写字楼,114.38108651827773,30.48059382842856,13570134431,6286565888,0.0,0.8
川岚商业大厦,写字楼,114.38218322190504,30.481030009817072,13570134431,6286565888,0.0,0.8
东林外庐池渊庭东林外庐(11栋501),写字楼,114.39079150220475,30.47633949445929,6915679323,6915679315,0.0,0.8
东林外庐池渊庭D座,写字楼,114.39079150220475,30.47633949445929,6915679323,6915679315,0.0,0.8
曙光商贸城A座,写字楼,114.39055280770651,30.48380751526203,6915679323,6915679315,0.0,0.8
银联商务大厦,写字楼,114.39666025674532,30.47826917951095,6915679323,6915679315,0.0,0.8
APP广场D座,写字楼,114.39513715905244,30.48328786547103,1150768887,2418522238,0.0,0.8
南湖大道光谷app广场C座,写字楼,114.3954872789234,30.483537773020462,1150768887,2418522238,0.0,0.8
交通银行大楼,写字楼,114.39775094410841,30.476610646731896,8910280582,1145214740,0.0,0.8
光谷APP广场,写字楼,114.39603054803747,30.483108866215964,1150768887,2418522238,0.0,0.8
光谷软件园技术中心大楼,写字楼,114.39809093611665,30.478781074520196,1150821136,11733956990,0.0,0.8
光谷APP广场2号楼,写字楼,114.39638666114111,30.483643708450536,1150768887,2418522238,0.0,0.8
光谷软件园D8栋F座,写字楼,114.39895333161405,30.4798118576063,1150821136,11733956990,0.0,0.8
APP广场D区,写字楼,114.3972880895703,30.483687696516082,1150768887,2418522238,0.0,0.8
恒隆大楼D,写字楼,114.39948960176652,30.480388756327525,1150821136,11733956990,0.0,0.8
企业公馆,写字楼,114.40074063151128,30.477789646107368,1150821136,11733956990,0.0,0.8
2017东湖创客汇,写字楼,114.40261409975979,30.47642241802685,1150821136,11733956990,0.0,0.8
OVU创客星D栋,写字楼,114.40278910376603,30.477926056677106,1150821136,11733956990,0.0,0.8
光谷软件园招商银行大楼,写字楼,114.40301736735364,30.476948382982343,1150821136,11733956990,0.0,0.8
安盛大厦,写字楼,114.40259179364794,30.479739511674033,1150821136,11733956990,0.0,0.8
武银光谷大厦,写字楼,114.40340640979994,30.480020657737647,1150821136,11733956990,0.0,0.8
光谷天地1F层,写字楼,114.40484382896634,30.47764077149047,1150821136,11733956990,0.0,0.8
光谷天地F2区,写字楼,114.40474366713656,30.478490505331354,1150821136,11733956990,0.0,0.8
海康威视大厦,写字楼,114.40329826734923,30.480657452107785,1150821136,11733956990,0.0,0.8
光谷天地F3区,写字楼,114.40519410084327,30.47809077695928,1150821136,11733956990,0.0,0.8
软件园广场,写字楼,114.40344635976223,30.480965410652054,1150821136,11733956990,0.0,0.8
软件园广场1栋,写字楼,114.40341731895799,30.481164347538275,1150821136,11733956990,0.0,0.8
光谷软件产业园4.1期B区,写字楼,114.40359744788516,30.481363346264157,1150821136,11733956990,0.0,0.8
中建福地中心,写字楼,114.40559467747137,30.475641591593483,1150821136,11733956990,0.0,0.8
中国移动通信枢纽大楼,写字楼,114.40291483733947,30.48210794674861,13378938076,1150821221,0.0,0.8
光谷新发展国际中心B座,写字楼,114.40546598736229,30.482214751575082,13378938076,1150821221,0.0,0.8
企业天地,写字楼,114.4054439651428,30.4822397362375,13378938076,1150821221,0.0,0.8
光谷新发展国际中心,写字楼,114.4056451044339,30.482752672713364,13378938076,1150821221,0.0,0.8
光谷新发展国际中心A座,写字楼,114.40560602507534,30.483251519533265,13378938076,1150821221,0.0,0.8
光谷新发展国际中心项目裙楼,写字楼,114.40609451091727,30.482889815666457,13378938076,1150821221,0.0,0.8
中建大公馆C座,写字楼,114.40186173271346,30.48564970524162,5758622278,7281878528,0.0,0.8
融科天域TC,写字楼,114.4061944791104,30.484339455556437,13378938076,1150821221,0.0,0.8
金地·格林东郡B座,写字楼,114.39921489545202,30.48658700942231,5758622278,7281878528,0.0,0.8
光谷创意大厦C座,写字楼,114.40560887746317,30.484976042070045,13378938079,13378938080,0.0,0.8
光谷创意大厦C座三号楼,写字楼,114.4055938625545,30.48498903259296,13378938079,13378938080,0.0,0.8
光谷创意基地,写字楼,114.40598923267841,30.484948201663,13378938079,13378938080,0.0,0.8
两点十分动漫B座,写字楼,114.40549372306317,30.485538840555137,4525399322,4525399362,0.0,0.8
曙光广场一期B座B1-02号铺,写字楼,114.40564385621256,30.4855888849772,4525399322,4525399362,0.0,0.8
曙光广场一期培训楼,写字楼,114.40564385621256,30.4855888849772,4525399322,4525399362,0.0,0.8
光谷创意大厦,写字楼,114.40555176153968,30.48570581641552,4525399322,4525399362,0.0,0.8
金地格林东郡商业广场,写字楼,114.4028683789363,30.486951588034177,5758622278,7281878528,0.0,0.8
红枫金座住宅楼,写字楼,114.40317361820898,30.48696466819463,5758622278,7281878528,0.0,0.8
红枫金座,写字楼,114.40361898164647,30.486915811682028,5758622278,7281878528,0.0,0.8
维龙商务中心,写字楼,114.40394425881196,30.486817939520378,5758622278,7281878528,0.0,0.8
创意大厦北区,写字楼,114.40559374486767,30.486338655924342,4525399322,4525399362,0.0,0.8
中国光谷创业产业基地A座,写字楼,114.40559274299075,30.486349652457516,4525399322,4525399362,0.0,0.8
曙光广场1期B座,写字楼,114.40582094854038,30.486407726368704,4525399322,4525399362,0.0,0.8
光谷总部国际1栋,写字楼,114.41171473471637,30.48140525355409,13378938076,1150821221,0.0,0.8
光谷总部国际3栋,写字楼,114.41198494395996,30.482830042446885,13378938076,1150821221,0.0,0.8
光谷总部国际4栋,写字楼,114.41205697651614,30.483483910546887,13378938076,1150821221,0.0,0.8
MMC中心,写字楼,114.39828807116713,30.489935987679598,5758622278,7281878528,0.0,0.8
翎晖商务,写字楼,114.41362103958367,30.482838208770904,13378938076,1150821221,0.0,0.8
现代光谷世贸中心B栋,写字楼,114.41585672542874,30.475897892622868,13378938074,838320725,0.0,0.8
武汉江夏区曙光在线教育C座,写字楼,114.4166078214912,30.47584855768778,13378938074,838320725,0.0,0.8
云计算唐山大厦1号楼座,写字楼,114.41563909610613,30.47955871595242,13378938074,838320725,0.0,0.8
中国光谷云计算海外高新企业孵化中心2号楼,写字楼,114.41592949440503,30.47975790776204,13378938074,838320725,0.0,0.8
中国光谷云计算海外高新企业孵化中心,写字楼,114.4160787091594,30.479763034329252,13378938074,838320725,0.0,0.8
楚源高科大厦,写字楼,114.41597054071181,30.479904902703776,13378938074,838320725,0.0,0.8
万企利科创中心B栋,写字楼,114.41776932577515,30.47860586893419,13378938074,838320725,0.0,0.8
万企利科创中心2号楼,写字楼,114.41796058811356,30.478965950809894,13378938074,838320725,0.0,0.8
万企利科创中心-1号楼,写字楼,114.41794250197611,30.479636750819274,13378938074,838320725,0.0,0.8
光谷总部国际2号楼,写字楼,114.4148678135869,30.48184945251044,13378938076,1150821221,0.0,0.8
关东街办事处综合办公大楼,写字楼,114.41810867248248,30.48062563782133,13378938076,1150821221,0.0,0.8
李时珍科创园C座,写字楼,114.41874862780557,30.48114511322774,13378938076,1150821221,0.0,0.8
李时珍科创园B座,写字楼,114.41881070821604,30.481349118110053,13378938076,1150821221,0.0,0.8
李时珍科创园,写字楼,114.41882873527088,30.48136613115371,13378938076,1150821221,0.0,0.8
高胜商业大厦,写字楼,114.41891887896618,30.481357222412754,13378938076,1150821221,0.0,0.8
光谷总部·时代,写字楼,114.41680652751462,30.48260789167468,13378938076,1150821221,0.0,0.8
光谷总部国际时代3栋,写字楼,114.41689363118547,30.482902888207956,13378938076,1150821221,0.0,0.8
阿尔法创意园-综合楼,写字楼,114.4185602352752,30.482248625918505,13378938076,1150821221,0.0,0.8
光谷HANWE MALL,写字楼,114.41839596503893,30.48239842565773,13378938076,1150821221,0.0,0.8
汉为MALL综合楼,写字楼,114.4184099869412,30.482398439176226,13378938076,1150821221,0.0,0.8
长江国际总部,写字楼,114.41355289688076,30.483443990193695,13378938076,1150821221,0.0,0.8
员区光谷国际科创中心,写字楼,114.41605026186198,30.484434722949985,13378938079,13378938080,0.0,0.8
光谷基金港,写字楼,114.41654579563757,30.486599550719223,8910280519,8910280522,0.0,0.8
光谷企业天地(AI Park),写字楼,114.41695639806267,30.48665889992756,8910280519,8910280522,0.0,0.8
武汉光谷企业天地4号楼,写字楼,114.41731893724618,30.486708215362285,8910280519,8910280522,0.0,0.8
启视传媒B栋,写字楼,114.42503422064118,30.4731622984664,838320673,838320717,0.0,0.8
武汉光谷企业天地5号楼,写字楼,114.41672799020898,30.48745047354029,8910280519,8910280522,0.0,0.8
盛隆大厦,写字楼,114.4278031907819,30.478241569855147,8909980913,11799563840,0.0,0.8
鼎泰恒盛,写字楼,114.42765976981646,30.479760959602967,4534895089,8909980963,0.0,0.8
关南大厦,写字楼,114.42773993161674,30.479758070092057,4534895089,8909980963,0.0,0.8
文昌楼,写字楼,114.4168129594584,30.48925104210332,8910280519,8910280522,0.0,0.8
国际企业中心三期文昌楼A座,写字楼,114.41658962458784,30.48930782756827,8910280519,8910280522,0.0,0.8
鼎业楼A座,写字楼,114.41743789587834,30.489251609151886,8910280519,8910280522,0.0,0.8
文昌楼B座,写字楼,114.4172065362369,30.48937436244054,8910280519,8910280522,0.0,0.8
鼎业楼B座,写字楼,114.41809590422744,30.489237229212414,9948666253,13380361528,0.0,0.8
武汉半边天医疗技术发展有限公司研发大楼,写字楼,114.42857906526956,30.474862559741997,838320724,4532811148,0.0,0.8
鼎业楼,写字楼,114.41778841538765,30.489415888460393,9948666253,13380361528,0.0,0.8
聚星楼,写字楼,114.41525265965807,30.489791549050157,9007445760,13380361514,0.0,0.8
国际企业中心3期,写字楼,114.417224541305,30.489627307311306,9948666253,13380361528,0.0,0.8
国际企业中心三期锦丰楼C座,写字楼,114.4168700034406,30.48971896081662,9208000667,9208000671,0.0,0.8
光谷国际企业中心阁调5栋,写字楼,114.41517954883686,30.489886462043216,4525399322,4525399362,0.0,0.8
谷方T楼,写字楼,114.42897946806083,30.4797617999244,4534895089,8909980963,0.0,0.8
鼎业楼C座,写字楼,114.41789455327701,30.48970290697692,9948666253,13380361528,0.0,0.8
追日楼,写字楼,114.41561513897457,30.490172742692376,9007445760,13380361514,0.0,0.8
国际企业中心2期,写字楼,114.41545590966308,30.490211598445693,9007445760,13380361514,0.0,0.8
锦丰楼,写字楼,114.41685394577324,30.490107836279826,9208000667,9208000671,0.0,0.8
锦丰楼A座,写字楼,114.41658152007254,30.49037251890527,9208000667,9208000671,0.0,0.8
国际企业中心三期锦丰楼B座,写字楼,114.41726554283473,30.490319148736326,9208000667,9208000671,0.0,0.8
湖北数字电视大楼,写字楼,114.17776653885602,30.493207572934296,5535918115,4519138593,0.0,0.8
经开智造科技企业孵化器综合服务楼,写字楼,114.17871406233932,30.49497679503523,5535918115,4519138593,0.0,0.8
未来中心C区,写字楼,114.16936264741686,30.490985591759777,5535918115,4519138593,0.0,0.8
车谷梦立方,写字楼,114.16901141436405,30.493484219769414,5535918115,4519138593,0.0,0.8
创谷科技楼,写字楼,114.18082617157364,30.49289421707788,5535918115,4519138593,0.0,0.8
启迪协信科创园2期4B座,写字楼,114.18159714653248,30.494907023882075,5535918115,4519138593,0.0,0.8
湖北远大天天明制药有限公司-办公大楼,写字楼,114.17998745103901,30.497194465423558,5535918115,4519138593,0.0,0.8
武汉新能源汽车聚集产业大厦,写字楼,114.17383981800018,30.499316560159347,5535918115,4519138593,0.0,0.8
红升国际广场B栋,写字楼,114.17382477269898,30.49934152489795,5535918115,4519138593,0.0,0.8
创思特科技大厦丰巢寄存包柜,写字楼,114.1738979746123,30.49943263431497,5535918115,4519138593,0.0,0.8
创思汇科技大厦,写字楼,114.17389496581501,30.49943462814063,5535918115,4519138593,0.0,0.8
红升国际广场,写字楼,114.17344166821009,30.499406793296355,5535918115,4519138593,0.0,0.8
未来中心1期,写字楼,114.16615354117029,30.488880155772726,5535918115,4519138593,0.0,0.8
湘隆时代商业中心D区2栋,写字楼,114.16224140133929,30.498170145648906,3683236537,3578548936,0.0,0.8
武汉经济技术开发区湘隆时代商业中心A区9幢,写字楼,114.16284305491463,30.49917098198671,3683236537,3578548936,0.0,0.8
湘隆时代商业中心D区,写字楼,114.16219124317428,30.498320008006345,3683236537,3578548936,0.0,0.8
湘隆时代商业中心A8栋,写字楼,114.16284304616698,30.499270952762853,3683236537,3578548936,0.0,0.8
湘隆时代商业中心A区4栋,写字楼,114.1634447094074,30.500171818305727,3683236537,3578548936,0.0,0.8
湘隆时代商业中心B区1栋,写字楼,114.16264246570245,30.499270576636516,3683236537,3578548936,0.0,0.8
湘隆时代商业中心A区11栋,写字楼,114.16259232060256,30.499270482622684,3683236537,3578548936,0.0,0.8
湘隆时代商业中心C区4栋,写字楼,114.16259232060256,30.499270482622684,3683236537,3578548936,0.0,0.8
武汉市经济技术开发区湘隆时代商业中心A区7栋,写字楼,114.16264244383174,30.49952050353331,3683236537,3578548936,0.0,0.8
湘隆时代商业中心A3栋,写字楼,114.16279285730185,30.49977071245199,3683236537,3578548936,0.0,0.8
湘隆时代商业中心A区10-25号二层,写字楼,114.16254215363799,30.499520315512978,3683236537,3578548936,0.0,0.8
湘隆时代商业中心A1栋,写字楼,114.16194046995884,30.49886937797818,3683236537,3578548936,0.0,0.8
经济技术开发区湘隆时代商业中心D区1栋,写字楼,114.16271155747275,30.500510343183297,3683236537,3578548936,0.0,0.8
未来中心B2地块,写字楼,114.15931838429849,30.493341078185136,3683236537,3578548936,0.0,0.8
湘隆时代广场E栋,写字楼,114.16173979377109,30.49996868073959,3683236537,3578548936,0.0,0.8
武汉杉杉奥特莱斯广场A座,写字楼,114.20648500240048,30.49462132035066,9424855168,9424855166,0.0,0.8
经济技术开发区江城大道408号永旺梦乐城B座,写字楼,114.19879143562088,30.503932869676273,5535918115,4519138593,0.0,0.8
汉上观,写字楼,114.22603596861671,30.494249912630135,13430076754,13430072742,0.0,0.8
意亚创新中心,写字楼,114.22798319162506,30.500456353879894,7705322762,11270744117,0.0,0.8
洪山万科广场6号门一楼丰巢存包柜,写字楼,114.26962061369535,30.486409310725044,11549712448,9933742356,0.0,0.8
长利大厦,写字楼,114.27596060122613,30.49209117340664,14181729978,9933742369,0.0,0.8
万科云城18号写字楼,写字楼,114.27541450837812,30.497403256684674,7393377023,7393377025,0.0,0.8
杨泗港办公大楼,写字楼,114.27571427156624,30.49785279052999,9741448750,6914663495,0.0,0.8
滨江万科中心,写字楼,114.27619699918544,30.49722742639901,7393377023,7393377025,0.0,0.8
长征综合大楼招商中心,写字楼,114.27844279734217,30.492263222479878,7393377012,7393377029,0.0,0.8
长征综合大楼,写字楼,114.27862368094246,30.492000078858425,7393377012,7393377029,0.0,0.8
张家湾科技孵化大楼,写字楼,114.28071600068941,30.4918725153706,7393377029,7393377026,0.0,0.8
匠心荟科创产业园写字楼,写字楼,114.28427720441168,30.498575870275335,9216224486,9216224490,0.0,0.8
锦汇智谷中心,写字楼,114.28561760923459,30.50178806496774,7393377011,1501481915,0.0,0.8
合富金生K3办公楼,写字楼,114.29319692892817,30.504276953618774,13880247422,4539344325,0.0,0.8
武汉零点大厦,写字楼,114.31512881652046,30.497458127229322,9216150646,2401363116,0.0,0.8
亚维保中心,写字楼,114.31162120522775,30.49949613911707,4742252615,4534995115,0.0,0.8
南湖中央广场6栋,写字楼,114.31880970024733,30.499432540337033,7154206612,11505182652,0.0,0.8
鸿城家园南区窝牛创意大厦,写字楼,114.32540155251685,30.492176007228938,13132234721,2401503901,0.0,0.8
SBI创意大厦,写字楼,114.32624014441969,30.49258828447184,13132234721,2401503901,0.0,0.8
万盈国际商务会客厅,写字楼,114.3290821015679,30.497266514106926,4534994699,4534995069,0.0,0.8
高农大厦,写字楼,114.33463772093015,30.490863892904976,2879254203,2401363004,0.0,0.8
明泽丽湾写字楼,写字楼,114.33485328002523,30.492006166603478,2401363005,1277041547,0.0,0.8
明泽大厦,写字楼,114.33556989361725,30.49492799885154,6923707483,2401363082,0.0,0.8
金地格林小城写字楼,写字楼,114.33098954526626,30.502608330357003,13924076134,7281789562,0.0,0.8
维佳点点大厦2期,写字楼,114.32512996026736,30.504133041020175,7154206611,7154206605,0.0,0.8
维佳点点大厦,写字楼,114.32512996026736,30.504133041020175,7154206611,7154206605,0.0,0.8
李时珍大厦,写字楼,114.32215381384266,30.50437467490286,7154206611,7154206605,0.0,0.8
维佳星星大厦,写字楼,114.3206971714655,30.504654384229525,13924076098,7154206605,0.0,0.8
维佳星星大厦A栋,写字楼,114.32058036307627,30.504644610975706,13924076098,7154206605,0.0,0.8
武汉亿胜科技大楼D栋,写字楼,114.33226439392784,30.503724595171146,2877898290,2401503919,0.0,0.8
利德大楼,写字楼,114.33046322442179,30.504590737318157,2401390759,2484585634,0.0,0.8
OVU创客星(书城路站),写字楼,114.33303418769425,30.503397246615705,2877898286,2877898290,0.0,0.8
丽岛创意,写字楼,114.33311106588063,30.503383106687984,2877898290,2877898286,0.0,0.8
维佳·佰港城B座,写字楼,114.32051442144206,30.505213567593657,13924076098,7154206605,0.0,0.8
武汉亿胜科技大楼,写字楼,114.33230131151657,30.503990446696584,2877898286,2877898290,0.0,0.8
恺得国际大厦,写字楼,114.337579174778,30.501522376937064,13924076132,13924076127,0.0,0.8
维佳创意大厦东区,写字楼,114.33428111930837,30.504306644903796,2877898282,2877898295,0.0,0.8
维佳创意大厦西区,写字楼,114.33390371573142,30.50435533458699,13924076174,2877898285,0.0,0.8
维佳创意大厦,写字楼,114.3340364921219,30.504495045085296,2877898295,2877898282,0.0,0.8
郧阳大厦,写字楼,114.3400410403879,30.50553371976904,7154206681,1150752059,0.0,0.8
武汉亿胜科技大楼C栋,写字楼,114.33253692029224,30.504138959581695,2877898290,2877898286,0.0,0.8
武汉亿胜科技大楼B栋,写字楼,114.33243507975644,30.504185137242857,2877898290,2877898286,0.0,0.8
武汉亿胜科技大楼A栋,写字楼,114.33225636219751,30.504238457455862,2877898286,2877898290,0.0,0.8
湖北省武汉市洪山区卓刀泉街道城投瀚城璞岸一号商业楼,写字楼,114.36799206880339,30.496901050220416,6220274469,1150752129,0.0,0.8
武汉民政办公大楼,写字楼,114.37485326316444,30.500154128693957,3081674733,13570134512,0.0,0.8
保利拉菲T22A,写字楼,114.36629309137356,30.501151779042825,11430562691,7281964567,0.0,0.8
金地天悦睿府1号商业楼,写字楼,114.3805352195206,30.49718951194138,2418522238,11459025296,0.0,0.8
金地本座D栋,写字楼,114.38263467700958,30.497688024922937,2418522238,11459025296,0.0,0.8
金地·本座,写字楼,114.38265467293527,30.49769101210994,11459025296,2418522238,0.0,0.8
现代国际企业中心二期追日楼,写字楼,114.39080980240013,30.4958600329314,1150768887,2418522238,0.0,0.8
亿房房地产金地雄楚1号,写字楼,114.38402431374219,30.49930176191029,2418522238,6914731383,0.0,0.8
金地中心城A座,写字楼,114.38650910324125,30.49966043570849,6914731384,6914731354,0.0,0.8
季家荟B座,写字楼,114.38508412995748,30.500135965735165,6914731384,6914731354,0.0,0.8
季佳荟购物中心A座,写字楼,114.38473411728265,30.50063599596736,6914731384,6914731354,0.0,0.8
光谷时间广场,写字楼,114.391334700418,30.498228214268917,5758622284,6914731355,0.0,0.8
金地中心城-写字楼,写字楼,114.3883341203937,30.50003459090709,6914731354,5758622284,0.0,0.8
文豪自由商务港,写字楼,114.38603599095559,30.50108722958469,6914731379,6914766689,0.0,0.8
紫菘枫尚国际大厦159号,写字楼,114.39273503963487,30.49828390664146,5758622284,6914731355,0.0,0.8
洪山区民族大道159号紫崧大厦,写字楼,114.39263499010359,30.498533851733107,5758622284,6914731355,0.0,0.8
中科院CBI科普大楼,写字楼,114.39511493839646,30.49717892696714,5758622278,7281878528,0.0,0.8
光谷时间广场-写字楼,写字楼,114.39198464716574,30.50053339366457,6914731379,6914766689,0.0,0.8
洪福添美城市广场-写字楼,写字楼,114.3930850094978,30.499783408465003,5758622278,7281878528,0.0,0.8
中国石油大厦,写字楼,114.39353515653464,30.499683368801172,5758622278,7281878528,0.0,0.8
中国石油华中管道大楼,写字楼,114.39385416931562,30.500728018500197,5758622276,6914731378,0.0,0.8
中青旅大厦,写字楼,114.39469947824959,30.50061895638633,5758622276,4182747503,0.0,0.8
立信生鲜市场附楼,写字楼,114.39443535355532,30.500932890135974,5758622276,4182747503,0.0,0.8
龙安·港汇城A座-西大厅,写字楼,114.39209446855455,30.50288867577107,6418023363,6914731379,0.0,0.8
创客广场A栋,写字楼,114.39633625200979,30.499533181060844,5758622278,7281878528,0.0,0.8
龙安·港汇城A座,写字楼,114.39231952458685,30.502901626762743,6418023363,6914731379,0.0,0.8
创客广场B座,写字楼,114.39641128410582,30.499558172238853,5758622278,7281878528,0.0,0.8
康卓商务广场,写字楼,114.378992098009,30.5041885496155,11335230464,11335230467,0.0,0.8
龙安·港汇城,写字楼,114.39236751806655,30.503119552816855,6418023363,6914731379,0.0,0.8
凯瑞商业中心,写字楼,114.3802306519697,30.504701509680054,2398972186,1252153292,0.0,0.8
立信大厦(雄楚大道),写字楼,114.39616507862023,30.500635861801413,5758622274,5758622290,0.0,0.8
关山街道保利天悦中心C栋,写字楼,114.40361656605498,30.49166146946064,5758622278,7281878528,0.0,0.8
保利天悦中心,写字楼,114.40361556898685,30.49161848141283,5758622278,7281878528,0.0,0.8
保利天悦中心大堂前台,写字楼,114.4037166394123,30.491761471327763,5758622278,7281878528,0.0,0.8
保利天悦中心1号楼,写字楼,114.40374167527263,30.49158652886604,5758622278,7281878528,0.0,0.8
保利国际中心6栋,写字楼,114.40392077388124,30.492157421702778,5758622278,7281878528,0.0,0.8
保利国际公寓B栋,写字楼,114.40432004256978,30.49293632831166,5758622278,7281878528,0.0,0.8
保利国际公寓A座,写字楼,114.4043991447085,30.49254046804257,5758622278,7281878528,0.0,0.8
保利商务中心,写字楼,114.40448623138292,30.492404536363757,5758622278,7281878528,0.0,0.8
东湖新技术开发区关山大道武汉K11大厦,写字楼,114.40479253401101,30.4919867620067,5758622278,7281878528,0.0,0.8
保利国际中心,写字楼,114.40485347679945,30.493257420259134,5758622278,7281878528,0.0,0.8
湖北省武汉市洪山区关山大道328号哈乐城DS01栋商业,写字楼,114.40429186169905,30.4947358021193,5758622278,7281878528,0.0,0.8
中杰阳光A座,写字楼,114.40529268698363,30.495335983351872,5758622278,7281878528,0.0,0.8
武汉光谷万科中心南大堂,写字楼,114.40113904290331,30.499133702376287,5758622278,7281878528,0.0,0.8
光谷万科中心,写字楼,114.40115905513241,30.49915270064302,5758622278,7281878528,0.0,0.8
光谷万科中心写字楼A栋,写字楼,114.40104096677065,30.49922965582128,5758622278,7281878528,0.0,0.8
光谷新世界T加(武汉光谷K11店),写字楼,114.40769805537238,30.49473419255926,5758622278,7281878528,0.0,0.8
武汉K11SelectT加写字楼,写字楼,114.407344622476,30.495586778087393,5758622278,7281878528,0.0,0.8
K11商业中心,写字楼,114.40734461375654,30.4956867491918,5758622278,7281878528,0.0,0.8
光谷新世界T+写字楼B座,写字楼,114.40781216718631,30.49479523056997,5758622278,7281878528,0.0,0.8
光谷新世界T1写字楼,写字楼,114.40728751033006,30.496215569503583,5758622278,7281878528,0.0,0.8
光谷新世界中心A地块,写字楼,114.40804538753929,30.49503727624583,4525399322,4525399362,0.0,0.8
光谷新世界T一写字楼A栋,写字楼,114.40732253171758,30.49637354010056,5758622278,7281878528,0.0,0.8
光谷智慧城写字楼,写字楼,114.40217971390092,30.500024663906615,5758622278,7281878528,0.0,0.8
数字核电创新大楼,写字楼,114.39899956260798,30.500407022971192,5758622274,5758622290,0.0,0.8
Select大厦,写字楼,114.40749767812815,30.4967215218347,5758622278,7281878528,0.0,0.8
世达中心,写字楼,114.40722134355997,30.497369204026604,5758622278,7281878528,0.0,0.8
曙光星城B座,写字楼,114.4122683121572,30.494150045660636,4525399322,4525399362,0.0,0.8
海核社区物业办公楼,写字楼,114.39756851491495,30.50337405526878,4182747486,4182747485,0.0,0.8
伟创楼B座,写字楼,114.4140688401409,30.491995978266857,4525399322,4525399362,0.0,0.8
国际企业中心4期,写字楼,114.41423113653727,30.491106357451322,4525399322,4525399362,0.0,0.8
国际企业中心-伟创楼,写字楼,114.41440229470817,30.491959248357574,4525399322,4525399362,0.0,0.8
栖枫楼,写字楼,114.4144792918602,30.493198954551826,4525399322,4525399362,0.0,0.8
栖凤楼A座,写字楼,114.41459544127167,30.493309015007792,4525399322,4525399362,0.0,0.8
国际企业中心1期,写字楼,114.41473169073406,30.492595328021256,4525399322,4525399362,0.0,0.8
光谷国际企业中心A座,写字楼,114.41473375193942,30.491924521256333,4525399322,4525399362,0.0,0.8
长航蓝晶国际写字楼,写字楼,114.41360172603562,30.497639996598444,4525399319,5758574039,0.0,0.8
文韬楼B座,写字楼,114.41517436807845,30.491880890917837,4525399322,4525399362,0.0,0.8
俊杰楼B座,写字楼,114.41531050217947,30.49253681574125,4525399322,4525399362,0.0,0.8
俊杰楼,写字楼,114.41547673668803,30.492538953168257,4525399322,4525399362,0.0,0.8
俊杰楼A座,写字楼,114.41561894045873,30.49251707848509,4525399322,4525399362,0.0,0.8
国际企业中心一期-聚贤楼,写字楼,114.41554577969056,30.493169830310652,4525399322,4525399362,0.0,0.8
国际企业中心,写字楼,114.41552392679107,30.491122396541268,4525399322,4525399362,0.0,0.8
中国特种飞行器研发中心写字楼,写字楼,114.4166563196916,30.493943565594677,4525399322,4525399362,0.0,0.8
鲲龙大厦21-23楼,写字楼,114.41723216652271,30.49406904755786,4525399322,4525399362,0.0,0.8
鲲龙大厦A座,写字楼,114.41725720201444,30.494094063224335,4525399322,4525399362,0.0,0.8
鲲龙大厦,写字楼,114.41727322683533,30.494086080163385,4525399322,4525399362,0.0,0.8
鲲龙大厦西塔,写字楼,114.41740741997711,30.494194172173454,4525399322,4525399362,0.0,0.8
中航特飞大厦,写字楼,114.41903398589001,30.493739858191855,13380361517,9007445751,0.0,0.8
中国特种飞行器研究所东塔,写字楼,114.41906002688421,30.49374588231955,13380361517,9007445751,0.0,0.8
保利光百中心,写字楼,114.41620537262042,30.49724221719323,4525399319,5758574039,0.0,0.8
伊利光谷中心,写字楼,114.41565455839614,30.497491674083708,4525399319,5758574039,0.0,0.8
保利中轻大厦,写字楼,114.42168933461494,30.49440245833065,11804345048,13380361517,0.0,0.8
光谷创新港主楼,写字楼,114.42246090423694,30.491822066327696,13142625455,11889153048,0.0,0.8
one,写字楼,114.41555225805,30.499271069109728,4525399319,5758574039,0.0,0.8
泷悦国际大厦,写字楼,114.41367465531003,30.49956149047603,4525399319,5758574039,0.0,0.8
泷悦国际大厦A栋,写字楼,114.41366460526731,30.499983359254916,4525399319,5758574039,0.0,0.8
创新佳华科技楼,写字楼,114.42326714578303,30.494073357585723,13380284884,7729962734,0.0,0.8
保利光谷中心C栋,写字楼,114.41630518299002,30.501091178135717,8512222855,1277053843,0.0,0.8
保利光谷中心,写字楼,114.41628912828074,30.50145105813881,8512222855,1277053843,0.0,0.8
烽火科技南区1号楼,写字楼,114.4205428776843,30.5002905040136,8512222855,1277053843,0.0,0.8
东创仕佳B座,写字楼,114.41474990024281,30.50196761889269,8512222855,1277053843,0.0,0.8
方顺恒瑞国际广场,写字楼,114.41674875053221,30.502056284322997,8512222855,1277053843,0.0,0.8
方顺恒瑞国际广场13A楼,写字楼,114.41665560987236,30.502091191226082,8512222855,1277053843,0.0,0.8
SBI创业街10栋B座,写字楼,114.41238674708914,30.502350736494495,4525399319,5758574039,0.0,0.8
武汉新天宇12栋A座,写字楼,114.41455257922487,30.50253929261412,8512222855,1277053843,0.0,0.8
SBI光谷创业街A座,写字楼,114.4122495365559,30.502787512227574,4525399319,5758574039,0.0,0.8
大学生创业特区,写字楼,114.41077674162435,30.502824534577545,4525399319,5758574039,0.0,0.8
SBI创业街12栋B座,写字楼,114.41129834951462,30.502986817710983,4525399319,5758574039,0.0,0.8
创咖孵化器大楼,写字楼,114.41040229941345,30.50287229021867,1150849631,7221391897,0.0,0.8
SBI创业街C幢,写字楼,114.41084779837853,30.50313648654039,1150849631,7221391897,0.0,0.8
sbi创业街,写字楼,114.40994274406549,30.50318692305131,1150849631,7221391897,0.0,0.8
烽火科技大厦,写字楼,114.42270749862149,30.50151253955681,1277053843,4524882493,0.0,0.8
烽火通信光通信大楼,写字楼,114.42196414196773,30.502096521596982,4524791413,4524791462,0.0,0.8
长飞光纤产业大楼,写字楼,114.42092629918974,30.50284316058345,4524791462,4524791224,0.0,0.8
琨瑜府三期商业大楼,写字楼,114.40969741339367,30.50379759944436,1150849631,7221391897,0.0,0.8
中铁建电气化局集团南方工程有限公司A座,写字楼,114.42617213186107,30.499302446261254,1150858918,6845262362,0.0,0.8
光谷时代广场A座,写字楼,114.40872132708576,30.503941017329485,1150849631,7221391897,0.0,0.8
东湖新技术开发部区关山大厦,写字楼,114.40799457247954,30.503784689961233,1150849631,7221391897,0.0,0.8
光谷时代广场,写字楼,114.40815171017773,30.504084679595366,1150849631,7221391897,0.0,0.8
光谷时代广场B座,写字楼,114.40792246835777,30.504121554019797,1150849631,7221391897,0.0,0.8
光谷时代广场C座,写字楼,114.4077282615956,30.504198435905707,1150849631,7221391897,0.0,0.8
万达B2写字楼,写字楼,114.17066990510327,30.508428938585872,3683236537,3578548936,0.0,0.8
经开万达广场B区,写字楼,114.17011928905043,30.508730815619735,3683236537,3578548936,0.0,0.8
武汉经开万达广场写字楼,写字楼,114.17031377662963,30.50958192313775,3683236537,3578548936,0.0,0.8
武汉经开万达广场5号写字楼,写字楼,114.17021342591158,30.510281523150415,3683236537,3578548936,0.0,0.8
经开万达广场B2栋,写字楼,114.16926080800779,30.50873020511561,3683236537,3578548936,0.0,0.8
万达广场G座,写字楼,114.16850856452173,30.509503558763967,3683236537,3578548936,0.0,0.8
武汉经开万达广场二期商业,写字楼,114.1689637903724,30.510551096509797,3683236537,3578548936,0.0,0.8
经开万达广场娱乐楼,写字楼,114.16850852739755,30.509928430115192,3683236537,3578548936,0.0,0.8
万达广场C6栋写字楼,写字楼,114.16906004019572,30.510879177636983,3683236537,3578548936,0.0,0.8
未来中心C区,写字楼,114.16845834734329,30.510328214683327,3683236537,3578548936,0.0,0.8
武汉经济开发区管委会科技服务大楼,写字楼,114.16264164312639,30.508668784768552,3683236537,3578548936,0.0,0.8
凤铭广场2号楼,写字楼,114.16177302811023,30.509839803026527,3683236537,3578548936,0.0,0.8
凤铭广场,写字楼,114.1611913160528,30.51019060801712,3683236537,3578548936,0.0,0.8
金利屋大厦,写字楼,114.17327046088133,30.51913251384683,3683236537,3578548936,0.0,0.8
武汉市经济技术开发区湘隆时代商业中心B区7栋,写字楼,114.16150195181784,30.50173771574449,3683236537,3578548936,0.0,0.8
泊岸商业楼,写字楼,114.18515512736653,30.51595703676062,4836121181,4835991673,0.0,0.8
湘隆时代商业中心B区,写字楼,114.16178988623588,30.500568598645227,3683236537,3578548936,0.0,0.8
东合中心南区,写字楼,114.15933212921892,30.50816175107611,3683236537,3578548936,0.0,0.8
东合中心H栋外卖柜,写字楼,114.15908141163091,30.50811129967384,3683236537,3578548936,0.0,0.8
东合中心H栋,写字楼,114.15904530673372,30.50812222922046,3683236537,3578548936,0.0,0.8
湘隆时代商业中心B区3栋,写字楼,114.16088725628123,30.50081683690053,3683236537,3578548936,0.0,0.8
东合商务中心D座,写字楼,114.15892988627886,30.509131710152058,3683236537,3578548936,0.0,0.8
华源电力集团研发大楼,写字楼,114.19388990511514,30.50793110937572,7706784990,4519138598,0.0,0.8
武汉市市政建设集团大楼,写字楼,114.19335935315226,30.5102085724538,7706784990,4519138598,0.0,0.8
武汉设计广场,写字楼,114.19519127656082,30.507045434149152,5535918115,4519138593,0.0,0.8
武汉设计广场4栋,写字楼,114.19538278111237,30.506776814689132,5535918115,4519138593,0.0,0.8
武汉设计广场5-2栋,写字楼,114.1954328809593,30.50707680309007,5535918115,4519138593,0.0,0.8
武汉设计广场4-1,写字楼,114.19548304509466,30.506634014236248,5535918115,4519138593,0.0,0.8
武汉设计广场4-2,写字楼,114.19557827157902,30.506776120342106,5535918115,4519138593,0.0,0.8
联创科技中心,写字楼,114.19657053093954,30.50926290973918,7706784990,4519138598,0.0,0.8
华中智谷S1-A栋,写字楼,114.19563301120866,30.511375816594803,7706784990,4519138598,0.0,0.8
华中·中交城A区,写字楼,114.19785385746239,30.507359440176927,5535918115,4519138593,0.0,0.8
中交集团华中总部大楼,写字楼,114.19834007668051,30.506981285500284,5535918115,4519138593,0.0,0.8
华中智谷C3号楼,写字楼,114.19613412494296,30.5129761070258,7706784990,4519138598,0.0,0.8
华中智谷201M地块研发楼,写字楼,114.1967857130109,30.51332700403943,7706784990,4519138598,0.0,0.8
党建楼,写字楼,114.20692324759999,30.514480976540394,7706785064,7706785080,0.0,0.8
永旺梦乐城国博中心,写字楼,114.21347322108119,30.509250353224452,4835990292,1892532853,0.0,0.8
奈禧国际广场,写字楼,114.21507615614551,30.510901561074455,4537595420,4835990292,0.0,0.8
和昌都汇华府二期办公楼,写字楼,114.20821179480755,30.517141784173756,2607696031,4835990290,0.0,0.8
和昌中心,写字楼,114.20993244685951,30.51677799887175,7706785162,7706785112,0.0,0.8
太平洋保险大厦,写字楼,114.1999861295983,30.5175894848028,2607696033,2607696026,0.0,0.8
华发国际企业大厦,写字楼,114.21201974681901,30.5162535948811,4835990271,4835990270,0.0,0.8
华发四季2期写字楼,写字楼,114.21211994779426,30.51624671057068,4835990271,4835990270,0.0,0.8
绿地新都会10-17号商铺,写字楼,114.2081966157551,30.518843236236055,4835990290,8185640090,0.0,0.8
绿地新都会6号楼,写字楼,114.20908350764529,30.518697376145756,7706785136,4835990290,0.0,0.8
柠月悠乐荟商业广场,写字楼,114.21115983552502,30.51830797061186,7706785135,7706785137,0.0,0.8
四新街道绿地新都会B地块商业,写字楼,114.2110175299002,30.51849474700184,7706785135,7706785137,0.0,0.8
中核时代广场B区-科研楼,写字楼,114.21362283208687,30.51715109717182,4835990275,4835990271,0.0,0.8
中核时代广场办公大楼,写字楼,114.21335529329734,30.51735374267979,4835990271,4835990275,0.0,0.8
中核二二办公楼,写字楼,114.2130717168858,30.517597355541554,7706785165,7706785144,0.0,0.8
国博新城C区C6地块S1号商业,写字楼,114.22494299850463,30.510010504206043,4835990233,4540474323,0.0,0.8
中铁大桥局桥梁科技大厦,写字楼,114.22222407984361,30.51797299694964,1174444365,4534667112,0.0,0.8
广电兰亭盛荟S1商业,写字楼,114.23014980690455,30.515162153807246,13747437708,4540474321,0.0,0.8
international expo city,写字楼,114.23065046497211,30.51491248932513,4540474321,13747437708,0.0,0.8
湖北国展中心东塔,写字楼,114.21830827762086,30.520090923202616,4835990306,4835990303,0.0,0.8
湖北交投大厦,写字楼,114.21840243690104,30.520171985877763,4835990306,4835990303,0.0,0.8
湖北国展中心西塔,写字楼,114.21736855547793,30.520603867835714,4835990305,1930527257,0.0,0.8
盛荟SOHO,写字楼,114.2330304131151,30.51410084293912,1930506214,1930506210,0.0,0.8
武汉国际博览中心写字楼,写字楼,114.23626433184131,30.509407438325155,4068238330,13747437529,0.0,0.8
云创谷写字楼,写字楼,114.23972578401163,30.50707695420126,11270744095,13747437526,0.0,0.8
武汉汉阳区云创谷写字楼1栋,写字楼,114.23973579556291,30.507042966101185,11270744095,13747437526,0.0,0.8
SOHO公寓51号楼,写字楼,114.23302635854247,30.514681662687064,1930506214,1930506210,0.0,0.8
绿地国博财富中心-13号楼29栋,写字楼,114.2359565055524,30.515364524799054,1930506193,1930506213,0.0,0.8
汉阳滨江国际中心13号楼,写字楼,114.235315830118,30.515442293585767,1930506193,1930506213,0.0,0.8
汉阳滨江国际中心,写字楼,114.23532583933107,30.51545829200589,1930506193,1930506213,0.0,0.8
绿地国博财富中心8栋,写字楼,114.23690747341266,30.515264834854737,13747437511,13747437530,0.0,0.8
绿地国博A座,写字楼,114.23791246340497,30.51503616368491,13747437511,13747437530,0.0,0.8
绿地国博A座2号楼,写字楼,114.23796951766533,30.515030179058286,13747437511,13747437530,0.0,0.8
欢喜研礼,写字楼,114.23809162843335,30.515074194043763,13747437511,13747437530,0.0,0.8
绿地国博B座,写字楼,114.2371436920294,30.515421850567705,13747437511,13747437530,0.0,0.8
恒大御景湾营销中心写字楼,写字楼,114.24371297329282,30.517515143683184,7707109297,7707109301,0.0,0.8
恒大滨江中心,写字楼,114.24389210293997,30.51742517440375,7707109297,7707109301,0.0,0.8
柠檬墅商业楼,写字楼,114.27606304876014,30.509348984402077,10307996338,10307996349,0.0,0.8
国铁国际商务中心,写字楼,114.27647545571662,30.51295041781237,10302496497,6985021463,0.0,0.8
武汉恒钢物流发展有限公司新办公楼,写字楼,114.28490553808484,30.510837349495677,10303906593,7674713464,0.0,0.8
湖北瑞通联合塑业有限公司办公大楼,写字楼,114.28507138286284,30.510742147782302,10303906593,7674713464,0.0,0.8
新溢洲商业体,写字楼,114.28984420986909,30.512015820853566,7674713467,7674713465,0.0,0.8
商贸大楼,写字楼,114.29299689289186,30.50752629870829,7674713427,7674713451,0.0,0.8
九里中心,写字楼,114.30033720342323,30.50866378690635,10114149150,10114149152,0.0,0.8
烽火民生汇招商运营中心A栋,写字楼,114.29604246455516,30.51451924884266,2482884832,10080033254,0.0,0.8
睿升大厦,写字楼,114.29387695664764,30.5174418645081,10304714937,2482882222,0.0,0.8
南湖花园电信大楼,写字楼,114.30773162544543,30.506315319841292,13898716006,13898716003,0.0,0.8
泛悦坊都会B栋,写字楼,114.30887434568656,30.51249734872757,11385061845,11385061847,0.0,0.8
南湖都会C座,写字楼,114.30927275187722,30.5122786802608,2401208970,11385061845,0.0,0.8
新大地家园物业管理楼,写字楼,114.31411630275018,30.51053815360564,13927914314,13927940930,0.0,0.8
中央花园SOHO-41栋B,写字楼,114.31348515118553,30.512338795743194,13927940932,2751749683,0.0,0.8
中央花园SOHO-C栋,写字楼,114.31381663288266,30.512238201333705,13927940932,2751749683,0.0,0.8
南湖SOHO5203号楼,写字楼,114.31935304105478,30.508378841335414,2733796960,2733796962,0.0,0.8
南湖SOHO,写字楼,114.31960766528596,30.50792848981558,2733773962,2401239653,0.0,0.8
维佳·佰港城A座,写字楼,114.32052633744183,30.505958322096827,13924076098,13924076097,0.0,0.8
三元时代广场,写字楼,114.32022243299642,30.510579510312294,13924076095,13924075977,0.0,0.8
维佳佰港城-写字楼,写字楼,114.32095560867509,30.50627640417253,13924076097,13924076141,0.0,0.8
火星空间,写字楼,114.31069001902115,30.51848113662717,13927941027,11385061875,0.0,0.8
洪山区文化大厦,写字楼,114.32283350438938,30.506642693444405,2730580466,9722186846,0.0,0.8
洪山科创大厦,写字楼,114.32941986477104,30.505189537655795,10102605937,13924075835,0.0,0.8
昊天大厦,写字楼,114.3306149300152,30.50515328231544,2484585634,13924075834,0.0,0.8
九重大厦,写字楼,114.33119390128451,30.506222867679504,2401503924,7154206600,0.0,0.8
天辉科技大楼,写字楼,114.33163807772473,30.507455659214358,7281789529,7154206600,0.0,0.8
硅巷中心,写字楼,114.33217832096753,30.506157031371934,1125840591,2401503924,0.0,0.8
南湖高科安全大厦,写字楼,114.33218730669758,30.506155015066852,1125840591,2401503924,0.0,0.8
康达智汇中心,写字楼,114.33248978810414,30.506531333420146,1125840591,2401503924,0.0,0.8
新工科大楼,写字楼,114.33123835763692,30.51165514127079,13924075719,2483380330,0.0,0.8
云浩科技大厦,写字楼,114.33292091010695,30.508679877143127,1125840591,7281789529,0.0,0.8
洪山科技创业中心C栋,写字楼,114.33313564255324,30.507802739094974,1125840591,7281789529,0.0,0.8
欢乐汇VICTOR2号,写字楼,114.33380246581487,30.50908810322472,7239273289,3799158620,0.0,0.8
欢乐汇VICTOR1号,写字楼,114.33400618669091,30.508564880902895,3799158620,1125840591,0.0,0.8
综合医疗保障大楼,写字楼,114.33413388039558,30.509750283946964,7239273289,3799158620,0.0,0.8
绿洲大厦(文荟街),写字楼,114.33414885734894,30.509741258744665,7239273289,3799158620,0.0,0.8
天宇创意大厦,写字楼,114.33533919758246,30.507125834498424,13924076169,12061869320,0.0,0.8
上出版城大楼,写字楼,114.33558140056012,30.511896940468606,3684963096,8640236592,0.0,0.8
和成中心A座,写字楼,114.33503217685973,30.51294763752927,3684963096,8640236592,0.0,0.8
和成中心12A,写字楼,114.33503217685973,30.51294763752927,3684963096,8640236592,0.0,0.8
和成中心15A,写字楼,114.33503217685973,30.51294763752927,3684963096,8640236592,0.0,0.8
和成中心,写字楼,114.33504215949874,30.512965613484933,7281789514,3684963096,0.0,0.8
诚功大厦,写字楼,114.33505112237057,30.51322951595489,7281789514,3684963096,0.0,0.8
长江崇文广场C座,写字楼,114.33659379810902,30.51203003079686,13924076166,13924076163,0.0,0.8
新纪元大厦,写字楼,114.32759368289037,30.518509948983503,3799313446,13930199144,0.0,0.8
新纪元大厦B栋,写字楼,114.32759368289037,30.518509948983503,3799313446,13930199144,0.0,0.8
长江崇文广场A座,写字楼,114.33695321920646,30.51222431057759,13924076166,13924076163,0.0,0.8
爱立方大厦,写字楼,114.33692922884536,30.51254425680452,13924076163,1148754902,0.0,0.8
长江出版传媒广场,写字楼,114.33705203593357,30.512558027089074,13924076163,1148754902,0.0,0.8
长江崇文广场B号楼,写字楼,114.33755131324116,30.511927304872007,13924076163,1148754902,0.0,0.8
省出版城大楼,写字楼,114.33772802436653,30.512092931136046,13924076163,1148754902,0.0,0.8
湖北出版文化城B座(东),写字楼,114.3377469958826,30.512081899835206,13924076163,1148754902,0.0,0.8
星城中心,写字楼,114.33907098687321,30.51168761151612,13930197844,2733181779,0.0,0.8
中建福地中心B座,写字楼,114.34107322602043,30.50843799894076,8640236586,13114584462,0.0,0.8
时代大厦,写字楼,114.34183123208513,30.50680114415876,7154206680,7154206590,0.0,0.8
中建福地星城C座,写字楼,114.34006865388815,30.50949347847416,13114520497,13114520498,0.0,0.8
星光时代,写字楼,114.3419380777942,30.506741972666617,7154206680,7154206590,0.0,0.8
中建福地中心,写字楼,114.34282038603176,30.511134088528458,3799178041,8640236586,0.0,0.8
中建福地中心C座写字楼,写字楼,114.34268058357891,30.51123830254214,3799178041,8640236586,0.0,0.8
中建福地中心写字楼西1号,写字楼,114.34287427098046,30.511541869611627,3799178041,8640236586,0.0,0.8
春林庭苑综合楼A商业栋,写字楼,114.34052364222474,30.51318753624324,3684965667,3488417938,0.0,0.8
春林庭苑智源财富中心,写字楼,114.34053761316441,30.513278483330875,3684965667,3488417938,0.0,0.8
智源财富中心A座,写字楼,114.34052163699415,30.51328251071118,3684965667,3488417938,0.0,0.8
雄楚大楼,写字楼,114.34079222905412,30.513270030360303,3684965667,3488417938,0.0,0.8
智源财富中心B座,写字楼,114.34091704182644,30.513257811128778,3684965667,3488417938,0.0,0.8
亚朵酒店-办公楼,写字楼,114.34376876276502,30.513781619852278,1148754930,1478793788,0.0,0.8
南国雄楚广场A2座,写字楼,114.34515168277896,30.514677952071885,3799105871,1148732144,0.0,0.8
南湖大厦,写字楼,114.34892071599968,30.511263655800864,3083960665,6195429125,0.0,0.8
星耀狮子座A1座,写字楼,114.34551012287201,30.515216171535084,3799105871,1148732144,0.0,0.8
万城中心写字楼,写字楼,114.33959872724216,30.516879060281674,1148754946,1148754906,0.0,0.8
南国雄楚广场A4栋,写字楼,114.34616620739565,30.515020113103724,1148732144,1486517235,0.0,0.8
阿成精选数码商贸,写字楼,114.34522645965623,30.51600841288461,3799105871,1148732144,0.0,0.8
南国雄楚广场A1座,写字楼,114.34522645965623,30.51600841288461,3799105871,1148732144,0.0,0.8
海鼎大厦,写字楼,114.34906137207685,30.513022886913742,5758622311,3488417963,0.0,0.8
武汉京山商会大厦,写字楼,114.34555198831164,30.51607483452592,1148732144,1486517235,0.0,0.8
南国雄楚广场R栋,写字楼,114.34686419371812,30.515375821636717,1486517235,1148732144,0.0,0.8
南远大楼B栋,写字楼,114.34431763322179,30.517579492673324,1148754908,1148754930,0.0,0.8
京师律师大厦,写字楼,114.34514246767003,30.51729915690015,1148732144,11873541234,0.0,0.8
南远大楼,写字楼,114.34454229925579,30.517678073277978,1148754908,1148754930,0.0,0.8
理工云创城1号写字楼,写字楼,114.33997099184405,30.518807789366708,2481908718,2481908715,0.0,0.8
雄楚新天第,写字楼,114.35128142257248,30.513036286795334,2398938507,2398938509,0.0,0.8
武汉理工大学-汽车工程综合楼,写字楼,114.34748611380937,30.517817019685506,2481909856,1148735588,0.0,0.8
智泉大厦,写字楼,114.35805038415401,30.51100964644225,7281878582,7281878596,0.0,0.8
创展商务大厦,写字楼,114.35984150618337,30.510105403166705,4644139121,4644139130,0.0,0.8
文泉商务大厦1栋,写字楼,114.35989443929122,30.510226293390478,4644139121,4644139130,0.0,0.8
文泉商务大厦,写字楼,114.36035498316761,30.50987776669605,4644139130,13712749629,0.0,0.8
华瑞大厦,写字楼,114.36058966218098,30.510744183545608,5758622295,3722243884,0.0,0.8
省民政厅备灾中心大楼,写字楼,114.36160460241712,30.510957752812374,5758622295,3722243884,0.0,0.8
培训大厦(卓刀泉南路),写字楼,114.36163556716123,30.5110036976259,1272848071,2398956574,0.0,0.8
湖北省林业调查规划院办公楼,写字楼,114.35999796023295,30.514455857447402,1290395091,1290395232,0.0,0.8
京东快递柜博昱楼,写字楼,114.35939855771088,30.514956533484742,1290394950,1290395254,0.0,0.8
城投时代财富中心,写字楼,114.3648437982588,30.507601613254337,1625350112,13712749559,0.0,0.8
卓刀泉财富中心(洪山数谷),写字楼,114.36496966989213,30.50777540588263,1481937291,1625350112,0.0,0.8
建信综合楼,写字楼,114.36213878279342,30.514222047054528,1272848071,2398956574,0.0,0.8
医疗综合楼,写字楼,114.36539349564259,30.50545158473595,1625350112,13712749559,0.0,0.8
粮科院大楼,写字楼,114.36226065940747,30.51425287747103,1272848071,2398956574,0.0,0.8
凯乐桂园写字楼,写字楼,114.36454557191145,30.51329125361459,1625350178,2398956564,0.0,0.8
凯乐生活广场B座,写字楼,114.36489322135067,30.51369969803151,1625350178,2398956564,0.0,0.8
桂子山大厦,写字楼,114.3628587846139,30.5175690723499,2398956582,1272848052,0.0,0.8
合作商厦,写字楼,114.36694241093197,30.51415809832146,7154206506,7154206514,0.0,0.8
永利国际大厦,写字楼,114.3764408803683,30.50705670372946,7281878568,7281878563,0.0,0.8
保利华都A座,写字楼,114.37853468213818,30.510836891492183,1807231857,1807273549,0.0,0.8
瑞和大厦,写字楼,114.38256380708624,30.507805071076316,1252153479,1807231944,0.0,0.8
光谷万豪国际大厦,写字楼,114.37563328346604,30.518281955594404,1282420026,1282419915,0.0,0.8
洪山科技创业中心B座,写字楼,114.37058416758663,30.519569386991694,1146780897,1282419952,0.0,0.8
东亚大楼,写字楼,114.37114079139484,30.519530822134655,1146780897,1282419952,0.0,0.8
中培大厦,写字楼,114.37056018263458,30.519587406451187,1146780897,1282419952,0.0,0.8
国威大厦外卖柜,写字楼,114.37583518019409,30.51833676433795,1205404402,1282419915,0.0,0.8
湖北省人力资源大厦,写字楼,114.3706701028039,30.519631277854998,1146780897,1282419952,0.0,0.8
国城大厦,写字楼,114.37621898978682,30.51842640943718,1282419915,1205404402,0.0,0.8
卓刀泉集团科技大楼,写字楼,114.36912618870909,30.51990084446384,1146780897,1282419952,0.0,0.8
证券大厦(珞喻路),写字楼,114.37908288737098,30.51768337552473,13671958964,1282469915,0.0,0.8
国威大厦(建设中),写字楼,114.37561632256448,30.51793007990372,1205404402,1282419915,0.0,0.8
春和天地大厦,写字楼,114.38897729533272,30.51010835822239,12047306234,1186764762,0.0,0.8
华乐商务中心,写字楼,114.38697003802304,30.51183359542921,1330934311,12047306234,0.0,0.8
华乐大厦(珞喻路),写字楼,114.38759007568528,30.511549428735908,1330934311,12047306234,0.0,0.8
宏鹏教育综合大楼,写字楼,114.38993849753679,30.509145344760906,1282442268,7281336505,0.0,0.8
电信大院办公楼,写字楼,114.38963338667976,30.50993119938585,1282442268,7281336505,0.0,0.8
光谷中心花园写字楼,写字楼,114.39050871707876,30.507670627172786,1252153372,12047284648,0.0,0.8
华乐商务中心260211栋,写字楼,114.38703601775656,30.512071495067502,1330934311,12047306234,0.0,0.8
东方怡景大厦A座,写字楼,114.38670099887132,30.51228157349564,1330934311,12047306234,0.0,0.8
东方怡景大厦,写字楼,114.38667899334074,30.512346563158427,1330934311,12047306234,0.0,0.8
东方怡景大厦B座,写字楼,114.38665398532451,30.512440545275297,1330934311,12047306234,0.0,0.8
天地德成大厦,写字楼,114.39073890459063,30.50599306905978,1252153372,12047284648,0.0,0.8
光谷银座,写字楼,114.38892812542197,30.511997799663906,1282419737,1282420011,0.0,0.8
东谷银座,写字楼,114.38933618439671,30.511824717312248,6508153502,6508153506,0.0,0.8
武汉融众国际B座,写字楼,114.3909085641766,30.510255739739332,7940934616,1282419737,0.0,0.8
融众国际,写字楼,114.39090256154182,30.510272736116853,7940934616,1282419737,0.0,0.8
柏丽大厦,写字楼,114.39170088437834,30.508501081396627,7281336492,1194994830,0.0,0.8
东湖阳光A座,写字楼,114.38504694864791,30.513694912304754,1330934311,12047306234,0.0,0.8
新都汇A栋,写字楼,114.38930813476001,30.51235556422182,6508153502,6508153506,0.0,0.8
新都汇写字楼,写字楼,114.38929513090022,30.51238256018333,6508153502,6508153506,0.0,0.8
东湖阳光B座,写字楼,114.38466995474519,30.514017004906858,1330934311,12047306234,0.0,0.8
湖北民营高科技综合楼,写字楼,114.38763290850657,30.513480821006645,1205476686,6508153505,0.0,0.8
联合国际,写字楼,114.38764190753297,30.51349581286206,1205476686,6508153505,0.0,0.8
湖北信息产业科技大厦,写字楼,114.38680785105339,30.513969010285212,6508153505,1205476686,0.0,0.8
光谷中心花园B座写字楼,写字楼,114.39158366308789,30.510730432267376,7281336521,1280163397,0.0,0.8
吴家湾大厦,写字楼,114.38380201091051,30.514557301600966,1282469919,1282420048,0.0,0.8
吴家湾大厦物业,写字楼,114.38378301137006,30.51458230437506,1282469919,1282420048,0.0,0.8
万创国际,写字楼,114.3925840248129,30.509430620673392,7940934616,1282419737,0.0,0.8
光谷国际广场A座,写字楼,114.3925189900132,30.509627573104808,7940934616,1282419737,0.0,0.8
光谷国际广场写字楼,写字楼,114.3925880064293,30.509653552408153,7940934616,1282419737,0.0,0.8
光谷广场双子塔,写字楼,114.39316640496482,30.506986257713262,12047284657,6418023363,0.0,0.8
光谷国际广场,写字楼,114.39277005062145,30.509724498062436,7940934616,1282419737,0.0,0.8
光谷国际广场B座,写字楼,114.3930371119898,30.509901398825434,7940934616,1282419737,0.0,0.8
湖北省自然资源厅测绘地理信息大楼,写字楼,114.39387377058695,30.50537063971242,1252221314,1252221351,0.0,0.8
烽火科技大厦,写字楼,114.38587571169134,30.515806860792917,2864431773,1205476699,0.0,0.8
光谷资本大厦1栋,写字楼,114.39457791651873,30.50653621080981,1252221351,1210444169,0.0,0.8
光谷资本大厦,写字楼,114.39458592287778,30.506497221716582,1252221351,1210444169,0.0,0.8
省五建置业楼,写字楼,114.3944215533251,30.510042169086283,7281336521,1280163397,0.0,0.8
光谷资本大厦2栋,写字楼,114.39482504793041,30.50609232086543,1210444169,1252221351,0.0,0.8
光谷资本大厦B区,写字楼,114.3948850718462,30.50608131898046,1252221351,1210444169,0.0,0.8
世界城中心,写字楼,114.3950850230391,30.507530867724363,1125840426,1280158880,0.0,0.8
世界城中心写字楼,写字楼,114.39549921464855,30.507251923765498,1125840426,1280158880,0.0,0.8
多特综合楼,写字楼,114.39381309438238,30.512883374976568,6486973395,1205476711,0.0,0.8
盈龙科技创业大厦,写字楼,114.393765062091,30.51307132376467,6486973395,6486973396,0.0,0.8
节能科技大厦,写字楼,114.39379603433899,30.513506186295245,6486973396,6486973395,0.0,0.8
维纳阳光,写字楼,114.39568199831884,30.510605899939794,6419939986,1210354256,0.0,0.8
联峰时代广场B栋,写字楼,114.39463438795822,30.51282929816343,4807265693,2401239656,0.0,0.8
联峰时代广场C栋,写字楼,114.39458435196013,30.513029241772866,4807265693,2401239656,0.0,0.8
国光大厦B座,写字楼,114.39403705386941,30.514211938859923,6508153507,6486973395,0.0,0.8
国光大厦,写字楼,114.39391700042584,30.514356909192713,6508153507,6486973395,0.0,0.8
联峰广场B栋,写字楼,114.3953846806062,30.512829238498224,1260850886,1260855523,0.0,0.8
国光大厦A座,写字楼,114.39408202873057,30.514676790341404,6508153507,6486973395,0.0,0.8
光谷世界城,写字楼,114.39761814699155,30.507883708536493,9633499056,6313616307,0.0,0.8
光谷世界城C座,写字楼,114.39768925586858,30.507059958931748,1201319397,9633499056,0.0,0.8
世界城广场写字楼,写字楼,114.39886880554582,30.50820868844145,9633499054,6313616307,0.0,0.8
老尚都A座,写字楼,114.39934319938732,30.506914125626313,12381917927,1201319397,0.0,0.8
当代大厦,写字楼,114.39459300549743,30.51703300619801,6508153509,6508153514,0.0,0.8
世界城广场负一楼,写字楼,114.40038772495281,30.50843080906257,7221391918,9633499054,0.0,0.8
世界城广场写字楼-座椅,写字楼,114.4002045691914,30.508848654819925,9521376084,6418023897,0.0,0.8
华工科技产业大厦,写字楼,114.40497414985838,30.509699615871185,9631564679,1280163418,0.0,0.8
新能源大楼,写字楼,114.40097274254563,30.512724603643633,1143293738,1143293739,0.0,0.8
关山高新大厦,写字楼,114.40545658709559,30.50965580913198,9631564679,1280163418,0.0,0.8
琨瑜国际中心6栋,写字楼,114.40859204455414,30.50559245678516,9631488691,9631488690,0.0,0.8
琨瑜国际中心15A楼,写字楼,114.40886036558672,30.505220710311168,1150849631,7221391897,0.0,0.8
中建三局光谷之星总部大楼,写字楼,114.39628467956267,30.51727782731603,13926351887,4807242104,0.0,0.8
中建大厦A座,写字楼,114.39558935272986,30.51755276903828,13926351887,4807242104,0.0,0.8
中建大厦(华科大西路),写字楼,114.39554333439824,30.517542774688696,4807242104,13926351887,0.0,0.8
中建宝谷商务中心,写字楼,114.39570335098624,30.518122585817054,4807242104,7271085110,0.0,0.8
剑桥汇大堂,写字楼,114.41320024630899,30.5085864540744,4847000910,4847000912,0.0,0.8
湖北省交通投资有限公司交投办公楼,写字楼,114.41675509574496,30.50968900641122,4847000910,4847000912,0.0,0.8
东湖广场-写字楼,写字楼,114.41721477339387,30.509782392487786,4847000910,4847000912,0.0,0.8
国际青年汇A栋,写字楼,114.41850796289933,30.507441315420017,1627795783,4847000908,0.0,0.8
光谷1号,写字楼,114.41852095361453,30.507782225429942,1627795783,4847000908,0.0,0.8
未来之光,写字楼,114.41918113148998,30.506269329607854,1627795783,4847000908,0.0,0.8
光谷1号A座,写字楼,114.41935931123601,30.507492141235947,1627795783,4847000908,0.0,0.8
光谷1号国际青年汇B栋,写字楼,114.41935931123601,30.507492141235947,1627795783,4847000908,0.0,0.8
天龙投资大厦,写字楼,114.41897449125368,30.509838048704637,5064348745,4524791279,0.0,0.8
纽铂国际,写字楼,114.41897330360378,30.511973397966162,1920006881,1919974851,0.0,0.8
曙光广场一期B座B1-09号铺,写字楼,114.41995991330143,30.51179145149634,1920006881,1919974851,0.0,0.8
光谷国际商会大厦A座,写字楼,114.42446621266043,30.507073981039355,1627798085,1203937265,0.0,0.8
光谷国际商会大厦1栋,写字楼,114.42466860116093,30.506948268643796,1627798085,1203937265,0.0,0.8
光谷国际商会大厦,写字楼,114.42471469376343,30.506875347683692,1627798085,1203937265,0.0,0.8
光谷国际商会大厦B座,写字楼,114.42481289090959,30.50672551470465,10030734384,1627798087,0.0,0.8
高科大厦(佳园路),写字楼,114.425054266637,30.507633543682207,1627798085,1203937265,0.0,0.8
华光大厦(佳园路),写字楼,114.42548116090192,30.506673372042705,10030734384,1627798087,0.0,0.8
青藤创空间1号楼,写字楼,114.42617154927079,30.506000463357104,1157116559,2541055416,0.0,0.8
光通信产业大楼,写字楼,114.42519494011273,30.50294412083138,1627798088,4524791413,0.0,0.8
湖北省测绘事业发展大厦,写字楼,114.42632881104517,30.506511515801485,1157116559,2541055416,0.0,0.8
计算机新大楼,写字楼,114.42504985738873,30.512249138653708,1124474715,1920006881,0.0,0.8
武汉东湖新技术开发区佳园路9号同享综合楼,写字楼,114.42616766279814,30.50460587468327,10030777125,6038421908,0.0,0.8
慧谷时空,写字楼,114.42658824862055,30.507318614881804,1722780899,1203937266,0.0,0.8
C+Work同亨大厦,写字楼,114.42620376550926,30.50423103335244,10030777129,10030777124,0.0,0.8
玖鼎商业大厦,写字楼,114.42617176667336,30.503501208482206,10030777129,10030777124,0.0,0.8
武汉正维电子一楼,写字楼,114.42704130837645,30.505411789237886,1270123944,6038421909,0.0,0.8
众创楼,写字楼,114.42680194347315,30.50415884301271,10030777124,10030777125,0.0,0.8
创业资本汇领创楼,写字楼,114.42720874047872,30.504269354867866,10030777125,6038421909,0.0,0.8
航天科工武汉磁电有限公司科研楼,写字楼,114.42702343865606,30.50350233378857,1270124013,10030777126,0.0,0.8
创业广场7栋,写字楼,114.42617493085561,30.50168075122509,10030777122,4524882310,0.0,0.8
创芯楼,写字楼,114.42877676399785,30.506103972689882,1157116561,1270123944,0.0,0.8
汉阳客运中心综合楼,写字楼,114.18287681547349,30.52811119810691,3578548975,4534553728,0.0,0.8
汉阳中心,写字楼,114.18291888830366,30.52861211189839,3578548975,4534553728,0.0,0.8
湖北路桥大厦,写字楼,114.1822418980439,30.529942478892757,3683236537,3578548936,0.0,0.8
经开未来城A栋,写字楼,114.18279637888087,30.530578260403427,3683236537,3578548936,0.0,0.8
经开未来城D座,写字楼,114.18307811075076,30.531117585832074,317123612,8342265691,0.0,0.8
经开未来城C栋,写字楼,114.18232898665491,30.531704064009194,317123612,8342265691,0.0,0.8
金盛国际荣力广场,写字楼,114.18324849159151,30.532148553218143,317123612,8342265691,0.0,0.8
海联综合楼,写字楼,114.18540451970368,30.530802776553504,4534773028,1174444524,0.0,0.8
海伦春天F01座,写字楼,114.17996116713083,30.534165009911746,317123612,8342265691,0.0,0.8
S2商业,写字楼,114.19718552115853,30.52697334378098,8948030549,8948030551,0.0,0.8
中关村科技大厦,写字楼,114.1949607278434,30.52980498638099,8948030546,8948030547,0.0,0.8
方岛中心,写字楼,114.1981378133086,30.527474625982233,8948030549,8948030551,0.0,0.8
万达广场B1栋,写字楼,114.1941544336615,30.53272476484169,1201666488,4068066761,0.0,0.8
格林药业办公楼,写字楼,114.1872091413877,30.533854902895385,4534773028,1174444524,0.0,0.8
湖北济和医药有限公司仓库办公楼,写字楼,114.18736154358322,30.533944134854156,4534773028,1174444524,0.0,0.8
新阳大厦1栋,写字楼,114.1920719428121,30.53441286015992,1201666488,1201666966,0.0,0.8
新阳大厦,写字楼,114.19213410006154,30.534455947375022,1201666488,1201666966,0.0,0.8
绿地中央广场D区北,写字楼,114.20780651560074,30.521918784199787,8185640089,4835990286,0.0,0.8
方舱便民驿站综合楼,写字楼,114.21021554905478,30.522392581873373,1189254393,1149012770,0.0,0.8
江城大道366号绿地新都会1号楼,写字楼,114.2111486748702,30.519909457927337,4835990288,7706785134,0.0,0.8
天祥广场B栋B座,写字楼,114.21357224756979,30.522796275774656,4835990320,7706785062,0.0,0.8
悦澜天地A座,写字楼,114.20961365353133,30.529889469455664,8185645582,1201667395,0.0,0.8
欣隆一号公馆B座,写字楼,114.21477447837277,30.523747260058606,7706785037,7706785179,0.0,0.8
绿地悦澜湾2A裙楼,写字楼,114.21156771502812,30.529291962739844,1201667395,4836936398,0.0,0.8
博大星光国际2期A3写字楼,写字楼,114.21552575435061,30.525397516131687,7706785049,4835990422,0.0,0.8
慕金星光,写字楼,114.21553276619498,30.52541251855222,7706785049,4835990422,0.0,0.8
问茶·商务中心,写字楼,114.2158764046746,30.525447858060776,7706785049,4835990422,0.0,0.8
武汉光明中心,写字楼,114.2172192687599,30.52080166102645,4835990305,1930527257,0.0,0.8
海伦堡海悦世界5栋B座,写字楼,114.21790028100955,30.52325454298767,4835990310,4835990309,0.0,0.8
鑫烨大厦,写字楼,114.21789014186928,30.524661087635234,7706785198,7706785059,0.0,0.8
纽家城市广场,写字楼,114.1996277961441,30.53467151044267,1201667009,1201666729,0.0,0.8
中铁十一局汉阳总部大厦(建设中),写字楼,114.20620100810343,30.533717945193494,7705324267,1201666729,0.0,0.8
邮政大楼,写字楼,114.22226567007374,30.523517291163156,13747437555,13747437540,0.0,0.8
龙腾国际广场,写字楼,114.2206949589675,30.52504150264975,4835990314,1930527270,0.0,0.8
匠心荟创新中心A座,写字楼,114.22061780820745,30.52529135692186,4835990314,1930527270,0.0,0.8
鲤鱼洲家园商业B座,写字楼,114.22429082889856,30.52375577362464,4534667110,4835990302,0.0,0.8
武汉建工摩诃办公大楼项目,写字楼,114.22589236391431,30.52212841880672,13747437540,13747437538,0.0,0.8
泰康同济(武汉)医院-综合楼D,写字楼,114.2263297989055,30.524462973750627,4534667110,4835990315,0.0,0.8
武汉四新希尔顿欢朋大厦,写字楼,114.22534221117351,30.526105779293587,4835990314,4835990315,0.0,0.8
龙腾•众创产业园,写字楼,114.2253792582572,30.526197775753708,4835990314,4835990315,0.0,0.8
高卓A座,写字楼,114.2284344941951,30.527384358097244,13747437653,4834845219,0.0,0.8
高卓大厦,写字楼,114.22877498996405,30.526957692667317,13747437653,4834845219,0.0,0.8
麦普利斯广场B座,写字楼,114.21968253760234,30.53324897417281,7705324532,7705324408,0.0,0.8
麦普利斯广场,写字楼,114.22050986607762,30.534133411281577,7705324533,7705324401,0.0,0.8
麦普利斯广场A座,写字楼,114.22042071060001,30.534196313582207,7705324401,7705324533,0.0,0.8
环卫综合楼,写字楼,114.23340314938298,30.52216148901828,13747340563,4835990316,0.0,0.8
匠心荟·创芯中心C座,写字楼,114.23290215111722,30.527059725174915,7706784528,7706784545,0.0,0.8
匠心荟·创芯中心A栋,写字楼,114.23285204982275,30.52755954376508,7706784528,7706784545,0.0,0.8
文选路2号招商公园1872项目A3-2地块花园里商业栋,写字楼,114.22113477426308,30.535699431054027,6106172801,7705324416,0.0,0.8
黄鹤楼酒业综合办公楼,写字楼,114.24381271611733,30.52130396155862,10294432479,7707034991,0.0,0.8
敬老楼,写字楼,114.24355123795927,30.524783856410068,7707034992,7707034995,0.0,0.8
环保楼,写字楼,114.25127946206607,30.52230370297152,14050213990,14050213973,0.0,0.8
复悦里商业广场公寓写字楼,写字楼,114.25524240757103,30.523236053613317,14050213971,14050213972,0.0,0.8
复地海上海C栋,写字楼,114.25707259365947,30.523868030320195,14050214034,7707109381,0.0,0.8
航空国际,写字楼,114.25582874900395,30.531986997240644,9487411576,3972971337,0.0,0.8
世茂外滩W商业中心,写字楼,114.26521588980927,30.5358010359944,9425057201,4540234732,0.0,0.8
长江天地3栋,写字楼,114.28948421849742,30.528223285027188,3488315346,3491030912,0.0,0.8
长江天地珺廷1期-S1栋大堂,写字楼,114.28949915787952,30.52873209887979,2446633751,10303877555,0.0,0.8
晏宅大厦,写字楼,114.29234594289737,30.527671062983302,10302514580,10303877369,0.0,0.8
武太闸三角塘综合楼,写字楼,114.29574211027311,30.523117059374552,10303877324,9933758978,0.0,0.8
武金堤综合楼,写字楼,114.29748177527219,30.52382195135709,10303877324,9933758978,0.0,0.8
鄂州大厦,写字楼,114.30295516782984,30.524064444246992,3523483594,5758622961,0.0,0.8
武太闸大市场综合楼,写字楼,114.30368121302925,30.5229535090108,1734808344,506157801,0.0,0.8
复兴大厦,写字楼,114.29638035444138,30.53388854230642,4539344315,14058685708,0.0,0.8
海达广场A栋门面蜗艾蜗家店,写字楼,114.29509694593008,30.53458142170075,14124058732,4539344402,0.0,0.8
第719研究所机关楼,写字楼,114.30632663732389,30.530696278047987,13778138659,13778138629,0.0,0.8
七一九所总体办公大楼,写字楼,114.30632863225972,30.53072026665773,13778138631,13778138659,0.0,0.8
远歌阳朔写字楼,写字楼,114.31170998084869,30.523593625863015,2389824396,2389851237,0.0,0.8
校友创新中心,写字楼,114.31166494734883,30.524797327923054,3684963100,3799206016,0.0,0.8
工建设计院大楼,写字楼,114.31366597233949,30.52263525438273,2389851237,7097958259,0.0,0.8
尚文科技大厦19A,写字楼,114.31546294932599,30.52438130129849,2389799437,838312926,0.0,0.8
武昌火车站黄鹤楼商务中心,写字楼,114.31546292770761,30.52463122190806,1215717603,2389799437,0.0,0.8
尚文科技大厦20号楼,写字楼,114.31566261996332,30.524480890666787,2389851514,2389851241,0.0,0.8
江宏大厦A座,写字楼,114.31857511458017,30.52213308426154,9506884779,3799307713,0.0,0.8
武昌火车站综合楼,写字楼,114.30967137495848,30.53263951362704,4539344422,1215715200,0.0,0.8
安腾国际广场AB座,写字楼,114.30987100982614,30.533288931874633,4539344422,1215715200,0.0,0.8
安腾国际广场,写字楼,114.30988298945726,30.53330990281696,4539344422,1215715200,0.0,0.8
安腾国际广场1栋,写字楼,114.30987100550577,30.53333891555981,4539344422,1215715200,0.0,0.8
安腾国际广场401A座,写字楼,114.30948455814614,30.533857461758227,4539344422,1215715200,0.0,0.8
武昌国控大厦,写字楼,114.31036515171625,30.53434366962639,8479351427,5649788632,0.0,0.8
万金汇,写字楼,114.31186581674343,30.534209913796957,1215715222,11871481296,0.0,0.8
万金国际广场A栋,写字楼,114.31201755427207,30.53448453965099,2398925153,2398925148,0.0,0.8
通信信号综合楼,写字楼,114.31541222511707,30.533678400856445,1215717617,2398925128,0.0,0.8
华通大楼,写字楼,114.30776905776064,30.535346131721774,11871481275,5649788632,0.0,0.8
华泰大厦,写字楼,114.31795815045096,30.533273686552267,2398925119,2398925098,0.0,0.8
弘业俊园A座,写字楼,114.32527180052875,30.526342915020635,12159504721,7154206541,0.0,0.8
群艺馆办公楼,写字楼,114.32514686895925,30.527911651586813,11880563953,2398925021,0.0,0.8
创业楼,写字楼,114.32602841629866,30.528016930060062,12159504721,7154206541,0.0,0.8
中国人寿大楼,写字楼,114.32664435280917,30.528658545681637,12159504721,7154206541,0.0,0.8
建通大厦,写字楼,114.32595246360427,30.52890379001464,11880563953,2398925021,0.0,0.8
宸胜中心,写字楼,114.33513689132768,30.525824415623656,2828216713,2860053104,0.0,0.8
中南欢乐汇A座,写字楼,114.3268796780129,30.531997015443128,1734799605,11880563955,0.0,0.8
湖北省机电研究院写字楼,写字楼,114.33523074128773,30.525843235477023,2828216713,2860053104,0.0,0.8
公安厅西院1号办公楼,写字楼,114.32433282414098,30.5322718013405,1734799745,1734799770,0.0,0.8
湖北省公安厅西院综合楼,写字楼,114.32414812331302,30.532312142264374,1734799745,1734799770,0.0,0.8
老干所门厅大厦,写字楼,114.32844115003806,30.53175411531808,7154206541,10796548882,0.0,0.8
中南SOHO城B座,写字楼,114.32332645992106,30.53242568078048,2398925109,1734799605,0.0,0.8
中铁物资集团中南有限公司办公大楼,写字楼,114.32997469314117,30.53132933839135,7154206541,10796548882,0.0,0.8
中南SOHO城-1座1号楼,写字楼,114.32334940167895,30.53266355927394,2398925109,1734799605,0.0,0.8
中南SOHO城A座,写字楼,114.32336936835769,30.532670518714678,2398925109,1734799605,0.0,0.8
湖北省社科联大楼,写字楼,114.32215034697597,30.532879788411517,2398925109,1734799605,0.0,0.8
伟鹏大厦1号楼,写字楼,114.32010767929344,30.53296267690161,2398925109,1734799605,0.0,0.8
伟鹏大厦,写字楼,114.31977820907062,30.533051278932053,2398925109,1734799605,0.0,0.8
麦芽堂B座,写字楼,114.32080349912165,30.533468178666297,2398925097,7985465585,0.0,0.8
中南国际汇A10号楼,写字楼,114.32890026872448,30.53329074069286,838313738,1406772738,0.0,0.8
中南国际汇7B,写字楼,114.32889027525874,30.533402723126045,838313738,1406772738,0.0,0.8
银河苑公寓B座,写字楼,114.32615768370235,30.534015737163358,7154206548,7154206544,0.0,0.8
梅苑小区站地铁物业A座,写字楼,114.3197572009175,30.533540159498596,2398925097,7985465585,0.0,0.8
嘉讯传媒大楼,写字楼,114.32994856164939,30.53332973654423,1406772738,1197871900,0.0,0.8
中南国际汇8C栋,写字楼,114.3288902448987,30.53375260881413,838313738,1406772738,0.0,0.8
石牌岭路精典公寓D座,写字楼,114.33658334723604,30.52889575677957,13930197882,2828216713,0.0,0.8
中南新村H栋综合楼,写字楼,114.32559851889908,30.53493950451351,1406772766,12162675625,0.0,0.8
武商梦时代7FB区,写字楼,114.3345812656066,30.531642574468,1197871900,13930197879,0.0,0.8
合丰财富时代,写字楼,114.32924660617233,30.53443070916568,1406772738,1197871900,0.0,0.8
武珞路558号综合楼A栋,写字楼,114.33028794436879,30.534099841314177,1406772738,1197871900,0.0,0.8
武商梦时代HOKA,写字楼,114.33514540395134,30.53127164640007,13930197881,10796548886,0.0,0.8
思特大厦,写字楼,114.3285157674829,30.5347569926038,1406772738,11880563952,0.0,0.8
合丰财富时代C座,写字楼,114.32929551622466,30.53455057692009,1406772738,1197871900,0.0,0.8
省安监局办公楼,写字楼,114.32220103960559,30.5354648447105,2485875765,2485875780,0.0,0.8
新时代商务中心-东裙楼,写字楼,114.32562341682639,30.535645224967976,12162675625,1406772766,0.0,0.8
华宫大厦,写字楼,114.3261775098807,30.5356431652546,12162675625,1406772766,0.0,0.8
中南国际城D2座,写字楼,114.32437844652038,30.53575957233971,3541539575,4539344454,0.0,0.8
瑞普投资大楼,写字楼,114.33657899390963,30.521542107547823,13930197853,9486211046,0.0,0.8
洪发大厦,写字楼,114.34477771089234,30.52052977570998,1627803479,11873541229,0.0,0.8
武汉理工大学马房山校区东院产业大楼,写字楼,114.34557750396843,30.5212161865306,2481909854,1148772889,0.0,0.8
武汉理工大孵化楼B座,写字楼,114.34724778539045,30.525387034811963,11873541232,1199771771,0.0,0.8
武汉理工大孵化楼A座,写字楼,114.34716486905678,30.52575305736674,11873541232,1199771771,0.0,0.8
东风商贸大楼附4号楼,写字楼,114.33782630608096,30.530087092894394,10796548878,4517322342,0.0,0.8
东风商贸大楼,写字楼,114.33784327784524,30.53010905479412,10796548878,4517322342,0.0,0.8
文都集团大厦,写字楼,114.34244430123329,30.529981833124864,2828216725,2844101208,0.0,0.8
未来公馆B座,写字楼,114.34045624676375,30.530388235823686,7414953048,2828216718,0.0,0.8
匠心城·中航广场B座,写字楼,114.34631687100172,30.52791179821342,3692819371,3692819370,0.0,0.8
未来公馆A座,写字楼,114.34019863233648,30.530447678736778,7414953048,2828216718,0.0,0.8
智能大厦,写字楼,114.34249122277306,30.530083717485127,2828216725,1224844640,0.0,0.8
未来公馆,写字楼,114.34044425074421,30.530551204552857,7414953048,2828216718,0.0,0.8
匠心城·中航广场,写字楼,114.34655652083697,30.52805334664484,1197879673,3692819371,0.0,0.8
未来城写字楼,写字楼,114.34749926139838,30.527386973653666,11873541232,1199771771,0.0,0.8
武商梦时代C区(2号门),写字楼,114.33723716995206,30.53068597712992,13930197879,13930197881,0.0,0.8
匠心城中航广场A座,写字楼,114.34680214272093,30.528432809518932,1159482898,1197879673,0.0,0.8
街道口未来城E座,写字楼,114.34765301361428,30.52778458883816,11873541232,1199771771,0.0,0.8
武汉亚贸广场A座写字楼,写字楼,114.33791108178498,30.531153592596162,13930197879,13930197881,0.0,0.8
亚贸SOHO,写字楼,114.33795500397358,30.531265476118442,13930197879,13930197881,0.0,0.8
洪山建行办公大楼,写字楼,114.34087153681901,30.531331187063273,1224845045,1406772784,0.0,0.8
阜华大厦D座,写字楼,114.34839897296122,30.52794329658451,1159482953,11873553668,0.0,0.8
阜华大厦A座,写字楼,114.34816126614143,30.52831857028385,1159482953,11873553668,0.0,0.8
阜华大厦,写字楼,114.34835900204311,30.52823726831791,1159482953,11873553668,0.0,0.8
阜华大厦C座,写字楼,114.34852678578943,30.528086039140547,11873553668,6221318599,0.0,0.8
阜华大厦B座,写字楼,114.34828109065207,30.52844533057409,1159482953,11873553668,0.0,0.8
亚洲贸易广场B座写字楼,写字楼,114.33677378933596,30.531881439871327,1197871900,13930197879,0.0,0.8
珞珈山大厦A座,写字楼,114.34460204126799,30.531124697002866,13527647596,13527647593,0.0,0.8
罗氏热干牛肉面(群光广场店),写字楼,114.3489102826652,30.52786847622595,1827210269,6221318599,0.0,0.8
洪山区珞瑜村区委还建大楼,写字楼,114.34995900707607,30.526317258227593,1827210269,6221318599,0.0,0.8
珞珈山大厦8座,写字楼,114.34465395877224,30.531210579477634,13527647596,13527647593,0.0,0.8
中航大厦,写字楼,114.34446620724385,30.531474818129094,13527647596,13527647593,0.0,0.8
中航大厦A号楼,写字楼,114.34446520755843,30.531487815636382,13527647596,13527647593,0.0,0.8
珞珈山大厦B座,写字楼,114.34510929946948,30.531251781786988,13527647596,13527647593,0.0,0.8
群光广场A座,写字楼,114.34980910256606,30.527517117678364,1827210269,6221318599,0.0,0.8
群光广场5号楼,写字楼,114.34996789339819,30.527484869840706,1827210269,6221318599,0.0,0.8
鹏程国际11座,写字楼,114.3485067082545,30.5292896847229,1159482855,1159482853,0.0,0.8
鹏程国际A座,写字楼,114.34864352575855,30.529241474110346,1159482855,1159482853,0.0,0.8
博雅美食城,写字楼,114.35163323292744,30.521444114834917,3474318391,3474324640,0.0,0.8
新世界百货C座,写字楼,114.34855562193982,30.52951353157474,1159482853,1199771744,0.0,0.8
鹏程国际,写字楼,114.34863051855613,30.529527403315047,1159482853,1199771744,0.0,0.8
鹏程国际C座,写字楼,114.34877431125388,30.52965912344963,1159482853,1199771744,0.0,0.8
鹏程国际B座,写字楼,114.34872035346177,30.530017096763228,1159482853,1199771744,0.0,0.8
武汉大学中部创意大厦,写字楼,114.34994480560337,30.528844470198006,1370770959,1159482855,0.0,0.8
群光中心,写字楼,114.35111740452149,30.52716312008142,6221318599,6221318600,0.0,0.8
群光中心写字楼15号楼,写字楼,114.35125721329678,30.52726486406158,6221318599,6221318600,0.0,0.8
群光中心写字楼1218号楼,写字楼,114.35117530027087,30.527491922071295,6221318599,6221318600,0.0,0.8
群光中心写字楼,写字楼,114.35133910053254,30.527335710694917,6221318599,6221318600,0.0,0.8
珞珈创意大厦,写字楼,114.35030831793284,30.528894864744437,1370770959,1159482855,0.0,0.8
华成大厦(珞狮路),写字楼,114.3488002064722,30.530456822771704,1159482853,1199771744,0.0,0.8
湖北省教育科学研究所B座,写字楼,114.35250581550602,30.524863655322658,11795227496,1290380885,0.0,0.8
长江传媒大厦,写字楼,114.35300699659862,30.526981196127977,1290380885,11873553643,0.0,0.8
长江传媒大厦A栋,写字楼,114.35301498767394,30.52696818785675,1290380885,11873553643,0.0,0.8
长江传媒大厦状元,写字楼,114.35305494229104,30.526912143640015,1290380885,11873553643,0.0,0.8
湖北文旅珞珈国际T2栋,写字楼,114.34742987519566,30.532921299503187,10651501422,13527649759,0.0,0.8
珞珈国际1-5商业裙楼,写字楼,114.34773844616153,30.532936778315474,13527649759,10651501422,0.0,0.8
武汉大学科技孵化器大楼,写字楼,114.35323863434473,30.52779857400127,1370771059,13578050876,0.0,0.8
华中师范大学博雅科技大厦,写字楼,114.35381499575615,30.52688997527145,11873553643,1210058585,0.0,0.8
和庭,写字楼,114.32654145631534,30.52940450193059,12159504721,7154206541,0.0,0.8
维多利大厦,写字楼,114.35777247016706,30.52506066885812,1214475497,11873553661,0.0,0.8
汇通大厦D座,写字楼,114.35739980124727,30.526105873079857,11873553648,11873553571,0.0,0.8
汇通大厦D1座,写字楼,114.35733486241662,30.526252920144298,11873553648,11873553571,0.0,0.8
汇通大厦C座,写字楼,114.35720200528729,30.5263550802544,11873553648,11873553571,0.0,0.8
方达科技楼,写字楼,114.35793920349226,30.525966140778973,11873553573,1210074921,0.0,0.8
汇通大厦(广八路),写字楼,114.35701720163004,30.526534291847984,1197839355,11873553571,0.0,0.8
春和天地,写字楼,114.35893915894788,30.525239952742194,11873553583,11873553573,0.0,0.8
汇通大厦F座,写字楼,114.35723494649,30.526596955051794,1197839355,11873553571,0.0,0.8
武汉电脑大世界,写字楼,114.35653972136379,30.526906871484485,1197839355,11873553571,0.0,0.8
武汉大学测绘科技大厦,写字楼,114.35525221395996,30.52723468004602,11873553570,1370771059,0.0,0.8
武汉电脑大世界,写字楼,114.35694923776815,30.527016236673468,11873553571,1197839355,0.0,0.8
双恒创业园器材楼,写字楼,114.36044677187509,30.522652685238825,11873553661,11873553580,0.0,0.8
722研究所器材楼,写字楼,114.36054667186302,30.522602564933912,11873553661,11873553580,0.0,0.8
双恒创业基地行政楼,写字楼,114.36154569783228,30.522001408924723,11873553580,13697069764,0.0,0.8
联调楼,写字楼,114.36179549855297,30.52140126602085,13697069764,11873553616,0.0,0.8
东科楼,写字楼,114.36208419198901,30.52160981891721,13697069764,11873553616,0.0,0.8
融科·珞瑜中心,写字楼,114.36211403052347,30.52311930300415,13680149894,11873553630,0.0,0.8
融科珞瑜中心T3栋,写字楼,114.36224489813755,30.52315012126315,13680149894,11873553630,0.0,0.8
融科·珞瑜路95号院T1栋,写字楼,114.36229483744971,30.523280014641152,13680149894,11873553630,0.0,0.8
融科·珞瑜中心T2栋,写字楼,114.36264448818419,30.523349536106593,1146781913,1159496450,0.0,0.8
创客空间C栋,写字楼,114.36245226090986,30.528106268749372,1210074934,1210074934,0.0,0.8
御堰府商务中心(虎泉店),写字楼,114.36573387887819,30.520550545843115,11873553608,1146780897,0.0,0.8
国翼大厦,写字楼,114.34987056364425,30.532754323519132,1199771744,4162357199,0.0,0.8
康丰生鲜市场东楼,写字楼,114.35844200803017,30.533234076337372,2505909463,9967436546,0.0,0.8
清和广场,写字楼,114.36882533224869,30.52085187714293,2864460588,13671804158,0.0,0.8
湖北省卫生计生委行政服务中心A座,写字楼,114.36837307055274,30.527818167240056,1202521087,1210068000,0.0,0.8
中科开物大厦,写字楼,114.35115064527014,30.535368403420154,3110802177,1272837643,0.0,0.8
中科开物大厦商业广场,写字楼,114.35123153811642,30.53538726796619,3110802177,1272837643,0.0,0.8
武汉市水文局办公楼,写字楼,114.37768417377296,30.520434583602526,1282420001,1282419904,0.0,0.8
地大珠宝大楼A座,写字楼,114.3966073053343,30.523263944603475,4807859897,6508233850,0.0,0.8
地大珠宝大楼,写字楼,114.39674136876218,30.523261944330184,2864441881,4807859897,0.0,0.8
武汉银河汇商业综合体,写字楼,114.18500290841816,30.536750133666096,7295164908,8342265691,0.0,0.8
欧亚达汉阳国际广场楼A座,写字楼,114.19158134264066,30.53818281727229,8197771540,8197771542,0.0,0.8
欧亚达汉阳国际广场A3座,写字楼,114.19162042889492,30.538360822421282,8197771540,8197771542,0.0,0.8
汉阳欧亚达国际广场一楼摩恩,写字楼,114.1921357223951,30.53886549727428,3683236572,3683236550,0.0,0.8
欧亚达汉阳国际广场写字楼,写字楼,114.19271426644572,30.53828962755747,1201667429,8197771540,0.0,0.8
升官渡经贸大厦,写字楼,114.19264226503576,30.536163212737897,4068066784,1201667025,0.0,0.8
欧亚达汉阳国际广场B座,写字楼,114.1929368159347,30.538557898377263,1201667429,8197771540,0.0,0.8
武汉市公安局技术大楼,写字楼,114.1967045474673,30.536050663235116,1201666109,1201666848,0.0,0.8
惠誉大厦,写字楼,114.19465846070536,30.54717875452638,7296661998,4534773227,0.0,0.8
陶家岭5.5产业园综合楼,写字楼,114.19166969961192,30.548257577520893,7296661992,8947854512,0.0,0.8
5·5医药产业大厦,写字楼,114.1914862099863,30.548398228673538,7296661992,8947854512,0.0,0.8
欧亚达国际家居广场A座,写字楼,114.19826128832143,30.54859282529923,9440489573,8197771652,0.0,0.8
郦湖轩物业服务楼,写字楼,114.21598335648324,30.539926252903115,7705324436,4834845193,0.0,0.8
欧亚达家居广场B座,写字楼,114.19755952845614,30.549091595795517,8197771686,8197771646,0.0,0.8
聚信广场,写字楼,114.24144178923221,30.53514237401663,1459555678,7706800095,0.0,0.8
季佳·里美好广场写字楼,写字楼,114.2429453859735,30.54136942673349,13747437775,5758623026,0.0,0.8
国学经典楼,写字楼,114.24598371353369,30.537301748843003,7706800066,7706800093,0.0,0.8
群团组织楼,写字楼,114.24676616194043,30.537232707361667,7706800058,7706800066,0.0,0.8
望湖荟,写字楼,114.24232346177452,30.546819553146854,13747437805,13747080377,0.0,0.8
星空大楼,写字楼,114.24234034318376,30.5483460347399,13747437841,13747437805,0.0,0.8
江腾国际广场5A座,写字楼,114.25111493130883,30.53945719059217,4850961984,4540235201,0.0,0.8
江腾国际广场2A座,写字楼,114.25074976374236,30.539869146536898,4850961984,4540235201,0.0,0.8
中港华晨,写字楼,114.26217643310005,30.536260082299616,895719436,4835990099,0.0,0.8
远洋国际中心A4座,写字楼,114.25702063581163,30.54660159339824,13596029585,13596029584,0.0,0.8
远洋国际中心11栋,写字楼,114.25701563096075,30.54665257849876,13596029585,13596029584,0.0,0.8
招商榆林,写字楼,114.26196505348194,30.540980657473348,3491030912,7288825641,0.0,0.8
来凤藤茶大厦,写字楼,114.26194302704883,30.541318559133327,3491030912,7288825641,0.0,0.8
江涛大厦,写字楼,114.26036988663333,30.544501485069983,5758623078,4523404097,0.0,0.8
世茂锦绣长江C1地块第1号商业座,写字楼,114.26336100698907,30.53911032218129,5758623050,4835990099,0.0,0.8
远洋国际中心A3座,写字楼,114.25868266311083,30.547394472395972,13596029585,13596029584,0.0,0.8
蓝牧大楼,写字楼,114.2432929620213,30.5491798002566,13747449286,13747437812,0.0,0.8
远洋国际中心总部办公楼(建设中),写字楼,114.259432677646,30.547271097008025,13596029585,13596029584,0.0,0.8
世茂锦绣长江C1地块商业2号楼,写字楼,114.26596562690213,30.536500213932563,9425057201,4540234732,0.0,0.8
外滩世贸,写字楼,114.26676529066846,30.53759919838127,9425057201,4540234732,0.0,0.8
武汉市汉阳区阳新路世贸521号楼,写字楼,114.26841448655297,30.54019692051708,4540234735,5758623066,0.0,0.8
希尔顿大厦,写字楼,114.26851434040758,30.54144641471053,4540234735,1459192808,0.0,0.8
世茂W+商业体,写字楼,114.26991355011467,30.543844331822708,4775191316,4540234735,0.0,0.8
宏阳大厦,写字楼,114.26030758956315,30.5479933383496,1150606488,9487411577,0.0,0.8
汉阳SOHO,写字楼,114.26021058546468,30.548093362463604,1150606488,9487411577,0.0,0.8
中吉大楼,写字楼,114.26175033115068,30.549668859894652,1459181738,1459181737,0.0,0.8
武汉长江天地3号楼,写字楼,114.28460361206385,30.53662959312123,13608907032,1220521988,0.0,0.8
武昌造船综合大楼,写字楼,114.28700112361112,30.537375961145916,1220521988,1220521236,0.0,0.8
长江总部国际,写字楼,114.28724488088034,30.537217660960387,1220521988,1220521236,0.0,0.8
武昌船舶重工集团责任公司科技楼,写字楼,114.28746866188922,30.537009404814608,1220521988,1220521236,0.0,0.8
金融街·金树街项目,写字楼,114.28710054094114,30.54292396868802,1218937231,1218937316,0.0,0.8
汉飞又一城C座,写字楼,114.28894155629222,30.54291026984798,1218937226,1218937231,0.0,0.8
帛尚中洋酒店-综合楼,写字楼,114.2914961081807,30.537469197229406,2401080977,1313974512,0.0,0.8
银泰大厦,写字楼,114.29029598603425,30.543446048246945,12167636279,1215754947,0.0,0.8
武汉文创大厦A座,写字楼,114.29339393309759,30.536216627319348,1220522636,14058685711,0.0,0.8
武汉文创大厦,写字楼,114.29340591691421,30.536233602640124,1220522636,14058685711,0.0,0.8
歌笛湖电信综合大楼,写字楼,114.2950798072892,30.536439838765624,1220522636,14058685711,0.0,0.8
泛悦汇南区F楼,写字楼,114.29887867926979,30.537944016598757,12160248371,12160248384,0.0,0.8
泛悦汇A座,写字楼,114.29890964797708,30.53781900531193,12160248371,12160248384,0.0,0.8
泛悦汇广场独栋,写字楼,114.29891164060457,30.53787298405433,12160248371,12160248384,0.0,0.8
楚江国际,写字楼,114.29551470751653,30.542750029240278,14058685683,14058685676,0.0,0.8
金星大厦,写字楼,114.30078416062238,30.53668016234548,12157903481,2401177361,0.0,0.8
天合大厦,写字楼,114.2980774128985,30.5419740309765,14058685699,12160248386,0.0,0.8
彭刘杨路232号主楼,写字楼,114.2980863820413,30.542191942807506,14058685699,12160248386,0.0,0.8
银泰大厦,写字楼,114.29881642619186,30.54185182093768,12160248371,12160248384,0.0,0.8
烧伤综合大楼,写字楼,114.29842087003819,30.542910136688374,1215740592,12160248388,0.0,0.8
洲天大厦,写字楼,114.3017655146413,30.53972944304478,12157903476,2401177374,0.0,0.8
首义新村新景观大厦,写字楼,114.30203112775015,30.539838941424545,2401177374,12157903476,0.0,0.8
惠苑大厦,写字楼,114.30261558903855,30.536409050345256,13772978117,12157903481,0.0,0.8
新景观大厦6号,写字楼,114.30165243040658,30.54255769528421,317184176,4516243227,0.0,0.8
省高法大楼,写字楼,114.30407941413819,30.53704824367529,2401080972,10308843305,0.0,0.8
楚民大厦,写字楼,114.30416921690097,30.53781083128542,10308843305,1220522384,0.0,0.8
云鹤大厦10栋,写字楼,114.30203188363419,30.542650000098014,4516243227,317756898,0.0,0.8
云鹤大厦1栋,写字楼,114.30216070788136,30.542559804371546,4516243227,317756898,0.0,0.8
武汉武昌区长印大厦B栋,写字楼,114.30258109898409,30.542649035091813,4516243227,317756898,0.0,0.8
长印大厦,写字楼,114.30265399518822,30.542639909680975,4516243227,317756898,0.0,0.8
首义精英工馆,写字楼,114.30409007987247,30.54073300104405,317756858,1220522384,0.0,0.8
南方大厦1栋,写字楼,114.30322618673611,30.542455960192726,4516243227,317756898,0.0,0.8
商会大厦(首义路),写字楼,114.30442062254357,30.540424513507805,1220522384,317756858,0.0,0.8
南方大厦(楚善街),写字楼,114.30321220219845,30.542510966504587,4516243227,317756898,0.0,0.8
南方大厦C座,写字楼,114.30323017301868,30.542547922264223,4516243227,317756898,0.0,0.8
以纯大楼,写字楼,114.29444158399339,30.54836087399974,4516243422,4516243435,0.0,0.8
湖北省医药工业研究院研发中心科研综合楼,写字楼,114.29943499453007,30.548652465359915,2139758155,8194368738,0.0,0.8
南苑商网楼,写字楼,114.30857274101385,30.536390312600723,11957148133,11957148132,0.0,0.8
湖北江汉剧场综合楼,写字楼,114.29434160141916,30.549610607932124,1215728279,1215728045,0.0,0.8
武昌国控广场A座,写字楼,114.3089561836915,30.53603272393018,11957148132,11957148133,0.0,0.8
湖北船舶大厦,写字楼,114.30895418926566,30.536003737152562,11957148132,11957148133,0.0,0.8
楚风楼,写字楼,114.29448236333384,30.550323136330835,1215728045,1215743622,0.0,0.8
国控·紫阳广场,写字楼,114.30944741815547,30.536136782314788,11957148131,11957148132,0.0,0.8
国控紫阳广场写字楼,写字楼,114.30947138100093,30.536138737345652,11957148132,11957148131,0.0,0.8
国控紫阳广场B座外卖柜,写字楼,114.30977092242543,30.536088199421272,11957148131,11957148132,0.0,0.8
国控紫阳大厦B栋,写字楼,114.30978190352961,30.536110171837677,11957148131,11957148132,0.0,0.8
工务大楼,写字楼,114.31491257992934,30.538827651428477,4742678880,4742678851,0.0,0.8
现代大厦南楼,写字楼,114.3139486317936,30.544456589785103,2398956693,4742678832,0.0,0.8
佳兆业广场,写字楼,114.3191577606874,30.53834672443098,2485874010,2485874022,0.0,0.8
现代大厦北楼,写字楼,114.31393157542828,30.54542029617251,1218887024,1218886895,0.0,0.8
天御办公综合楼,写字楼,114.31965488377038,30.539118516848283,1197877667,838313533,0.0,0.8
裕阳大厦23A,写字楼,114.31997937844899,30.538842987054707,1197877667,838313533,0.0,0.8
裕阳大厦,写字楼,114.3200931929251,30.538840769810033,1197877667,838313533,0.0,0.8
凯乐花园写字楼,写字楼,114.31855837614003,30.542492487431566,1218887032,1205094857,0.0,0.8
裕阳大厦B座,写字楼,114.3202040054019,30.538917532059678,1197877667,838313533,0.0,0.8
未来家园产业大厦,写字楼,114.32053048952181,30.53871897249073,1197877667,838313533,0.0,0.8
绿洲广场A座1层1室附2号,写字楼,114.32055346085195,30.53861696233116,1197877667,838313533,0.0,0.8
绿洲广场A座,写字楼,114.32070321621913,30.538616675447468,1197877760,838313533,0.0,0.8
345文创中心,写字楼,114.32070315039105,30.539376423162857,3541539571,1197871890,0.0,0.8
中交第二航务工程勘察设计院有限公司新办公大楼,写字楼,114.31560980383712,30.546411782487045,4516243314,11258898939,0.0,0.8
广西大厦,写字楼,114.31347008910001,30.54796430222406,1218886677,10312684727,0.0,0.8
中南国际城A2座,写字楼,114.32273801021994,30.53719224551052,1197877668,3541539575,0.0,0.8
中南国际城A1座,写字楼,114.32286877068641,30.537483898302618,1197877668,3541539575,0.0,0.8
中国通融大厦,写字楼,114.31224695269398,30.548799316802263,1218886977,1215728050,0.0,0.8
中国融通大厦,写字楼,114.31221200457375,30.548836369670404,1218886977,1215728050,0.0,0.8
和璟国际,写字楼,114.31969821930991,30.545961136597725,1150257043,1150257036,0.0,0.8
帝斯曼国际中心4栋,写字楼,114.32395295441707,30.537940668014066,1330929832,3541539573,0.0,0.8
中南国际城写字楼,写字楼,114.3245938981493,30.538008416955776,1330929832,3541539573,0.0,0.8
中南写字楼A座,写字楼,114.32460887473853,30.537995392568455,1330929832,3541539573,0.0,0.8
湖北测绘局办公楼,写字楼,114.32337050118474,30.54263621884776,1205094856,1205094865,0.0,0.8
新时代商务中心-西裙楼,写字楼,114.32489458583025,30.535931526633018,3541539575,4539344454,0.0,0.8
中铁大厦,写字楼,114.31328416843316,30.55045480002559,1218886677,10312684727,0.0,0.8
帝斯曼购物中心(暂停营业),写字楼,114.32372430063467,30.538268997637953,1330929832,3541539573,0.0,0.8
国际金融贸易大厦,写字楼,114.32533673521776,30.53738520008144,1330929860,9559536926,0.0,0.8
中建三局-写字楼,写字楼,114.32531989417788,30.535872731290567,12162675625,1406772766,0.0,0.8
新时代商务中心,写字楼,114.32536282542719,30.535854655023766,12162675625,1406772766,0.0,0.8
中商广场B座,写字楼,114.32605446461007,30.538482462764616,1205094867,1330929860,0.0,0.8
中商广场写字楼,写字楼,114.32611634803997,30.538658286023207,1205094867,1330929860,0.0,0.8
中建广场B座,写字楼,114.3269031533435,30.53759413427923,1330929815,4517322350,0.0,0.8
中商广场A座,写字楼,114.32635994455777,30.538713801634465,1205094867,1330929860,0.0,0.8
中建广场,写字楼,114.32695309385448,30.53733912319844,1330929815,4517322350,0.0,0.8
中商广场1栋,写字楼,114.32629800351924,30.53920175799998,1205094867,1330929860,0.0,0.8
中南银和汇商业中心,写字楼,114.32723471587254,30.536391897982302,1330929841,8479338490,0.0,0.8
中南大公馆A座,写字楼,114.32784167586726,30.536953554316028,4517322338,1330929841,0.0,0.8
嘉园大厦B栋,写字楼,114.32654352332248,30.540104987810444,1205094867,1205094860,0.0,0.8
鹏程时代水晶座,写字楼,114.32779256166793,30.539189907021072,4517322350,4517322341,0.0,0.8
中南天紫广场C座,写字楼,114.32707766551113,30.539925026998002,1205094867,1330929860,0.0,0.8
中南天紫广场1号楼,写字楼,114.32664035278405,30.540244756092907,1205094860,1205094867,0.0,0.8
世纪广场A座,写字楼,114.32764178060077,30.539503090511886,4517322341,4517322350,0.0,0.8
中南天紫广场2号楼,写字楼,114.32676814510111,30.540229516908703,1205094860,1205094867,0.0,0.8
世纪广场G座,写字楼,114.3276667376846,30.53952803459313,4517322341,4517322350,0.0,0.8
世纪广场B座大厅(星荟城),写字楼,114.32798323359592,30.539384478697034,4517322341,4517322350,0.0,0.8
恩施大厦,写字楼,114.32850370485788,30.535703704564657,4517322338,1330929841,0.0,0.8
世纪广场(中南路),写字楼,114.32822281651659,30.539686921370595,4517322341,4517322350,0.0,0.8
中南建筑设计院设计大楼,写字楼,114.3279412440595,30.5400523363892,13842080231,13842080233,0.0,0.8
建设大厦(中南路),写字楼,114.32827970586378,30.539892744422385,4517322350,4517322341,0.0,0.8
建设大厦A座,写字楼,114.3282906871792,30.539901720508933,4517322341,4517322350,0.0,0.8
天华建工中南办公楼,写字楼,114.32504583198319,30.54175730219589,1205094860,1205094862,0.0,0.8
新东方大厦,写字楼,114.32839845199314,30.540586286917552,13842080231,13842080233,0.0,0.8
发展大厦(中南路),写字楼,114.32863202293115,30.54114365591478,13842080231,13842080233,0.0,0.8
中勘大厦13号楼,写字楼,114.32863798861935,30.54142654992575,13842080231,13842080233,0.0,0.8
中勘大厦,写字楼,114.32891750481764,30.541755907720752,13842080231,13842080233,0.0,0.8
汇商盈通中心,写字楼,114.32934481217727,30.54172710494429,13842080231,13842080233,0.0,0.8
奥山星座A座,写字楼,114.32409723870933,30.54345854884146,1205094865,1205094856,0.0,0.8
中勘大厦18-9栋,写字楼,114.3297881031787,30.541598306292233,4517322341,4517322335,0.0,0.8
龙丰大厦,写字楼,114.33123637110143,30.53454790032232,1406772784,1406772824,0.0,0.8
双星大厦,写字楼,114.33002668048283,30.54200671687512,4517322335,4517322341,0.0,0.8
双星大厦A座,写字楼,114.32991284873043,30.54219586934896,4517322335,4517322341,0.0,0.8
湖北农业事业大厦,写字楼,114.33162673751724,30.534591149407056,1406772784,1406772824,0.0,0.8
双星大厦B座,写字楼,114.3303152119189,30.54201516713686,4517322341,4517322335,0.0,0.8
中南电力设计院办公楼,写字楼,114.32282019913956,30.544982483572674,11478416226,11478416218,0.0,0.8
武汉国际金融广场,写字楼,114.3290270552593,30.54487564948398,1150257032,13842080238,0.0,0.8
中南大厦,写字楼,114.33031999967291,30.544366367118528,1150257057,1150257044,0.0,0.8
佳兆业广场写字楼,写字楼,114.33123745737043,30.545033406195994,1150257057,1150257044,0.0,0.8
洪广宝座,写字楼,114.32814833676315,30.546602737172122,4539344316,1146763177,0.0,0.8
原人寿保险公司大楼,写字楼,114.32534487308519,30.547154906966608,1146763186,4539344313,0.0,0.8
武汉保利广场B座,写字楼,114.32963394065584,30.546345998126437,4539344316,1146763177,0.0,0.8
华银大厦,写字楼,114.32882922036214,30.546680414093945,4539344316,1146763177,0.0,0.8
武汉保利广场,写字楼,114.32991846612445,30.546490409117283,4539344316,1146763177,0.0,0.8
武汉保利广场A座,写字楼,114.33018902771241,30.546484897954528,1150257032,13842080238,0.0,0.8
湖北省体育局洪山体育中心办公楼,写字楼,114.32833096830379,30.547415112812967,1146763186,4539344313,0.0,0.8
九州通衢大厦,写字楼,114.3338463271878,30.54437172810381,597420919,1406781273,0.0,0.8
军培大厦,写字楼,114.3372493437792,30.539957907857215,1406781216,1406781220,0.0,0.8
星星大厦,写字楼,114.33491363230057,30.544353745522496,4539344375,1146763173,0.0,0.8
省外办大楼,写字楼,114.33395604955373,30.545552124019885,4539344375,1146763173,0.0,0.8
银海华庭办公楼B区,写字楼,114.33789128591658,30.540646503712836,1406781274,13692380527,0.0,0.8
湖北科教大厦,写字楼,114.3338032192954,30.546401121537627,4539344375,1146763173,0.0,0.8
湖北科教大厦A座,写字楼,114.33371934646767,30.54647725243223,1146763173,1146763189,0.0,0.8
湖北科教大厦D座,写字楼,114.33396695968878,30.546384821238465,4539344375,1146763173,0.0,0.8
湖北科教大厦C座,写字楼,114.33396795662118,30.54640181360701,4539344375,1146763173,0.0,0.8
湖北科教大厦B座,写字楼,114.3338311471786,30.5467179617153,1146763189,4516243337,0.0,0.8
培训大厦-南楼,写字楼,114.33709829481607,30.543225090950294,1406781220,13530610589,0.0,0.8
科教大厦E座,写字楼,114.33498136993362,30.54613501682348,1146763189,4516243337,0.0,0.8
湖北科教大厦F座,写字楼,114.33492942157275,30.546486993839583,1146763189,4516243337,0.0,0.8
湖北省发改委培训中心培训大厦,写字楼,114.33792501710201,30.54313260897243,1408364582,13530610589,0.0,0.8
武汉轨道交通2号线洪山广场东广场地下商业空间,写字楼,114.33328191366456,30.547989556155894,5758615073,597420987,0.0,0.8
科学城A座,写字楼,114.34431575865023,30.53912256544469,1406781278,13692380592,0.0,0.8
中国科学院武汉物理与数学研究所综合楼A楼,写字楼,114.34226853456202,30.541775261047615,1408364584,1408364582,0.0,0.8
新波谱大楼,写字楼,114.34196896313682,30.541975723440707,1408364584,1408364582,0.0,0.8
中国科学院武汉物理与数学研究所核磁共振大楼M楼,写字楼,114.34231845298156,30.54186014449652,1408364584,1408364582,0.0,0.8
中科院小洪山科技园-病毒所主楼,写字楼,114.34516430489751,30.54175422357116,1408367590,1408367592,0.0,0.8
隽丰大厦,写字楼,114.34721177346421,30.537568138677976,1406781246,1224846313,0.0,0.8
小洪山人才苑大楼,写字楼,114.34768602746085,30.538569012518565,1224846338,1406781339,0.0,0.8
就业大厦(东一路),写字楼,114.3374745345516,30.54522372693897,4539344344,597420850,0.0,0.8
省联社大楼,写字楼,114.34816713857539,30.541154349742875,1408369130,2288656705,0.0,0.8
武昌区防震减灾和信息综合楼,写字楼,114.34855961766227,30.5409647626671,2288656705,13692380713,0.0,0.8
湖北省科技创业大厦C座,写字楼,114.34952854282615,30.538244075900597,1199766388,1199771758,0.0,0.8
湖北省科技创业大厦B座,写字楼,114.34951251089801,30.538856898735787,1199766388,1199771758,0.0,0.8
湖北省科技创业大厦,写字楼,114.34967630500007,30.53869768427158,1199766388,1199771758,0.0,0.8
湖北省科技创业大厦27栋,写字楼,114.3497082608003,30.53871362688835,1199764889,2288655186,0.0,0.8
湖北省科技创业大厦A座,写字楼,114.34997492841951,30.538439284080443,1199764889,2288655186,0.0,0.8
樱花大厦,写字楼,114.34999113472736,30.53582712090023,1224846343,1272837647,0.0,0.8
樱花大厦B座,写字楼,114.35003406376309,30.535984999236803,1224846343,1272837647,0.0,0.8
樱花大厦A座,写字楼,114.34999015321678,30.535630187292664,1272837647,1406794579,0.0,0.8
省三保综合楼,写字楼,114.34077732001336,30.546929170703994,13838040089,597420896,0.0,0.8
洪山大厦,写字楼,114.33731063704701,30.546976432470924,1146763189,4516243337,0.0,0.8
洪山大厦1座,写字楼,114.3377499381945,30.547156567248052,4516243337,4539344344,0.0,0.8
阳光大厦(珞狮路),写字楼,114.34752768689684,30.54498812672169,13695577049,1408369118,0.0,0.8
湖光大厦东区,写字楼,114.34576292062033,30.547817149351122,8997889203,13530610683,0.0,0.8
湖光大厦西区,写字楼,114.34576292062033,30.547817149351122,8997889203,13530610683,0.0,0.8
湖光大厦,写字楼,114.34576291948834,30.547830144921605,8997889203,13530610683,0.0,0.8
洪山礼堂综合楼,写字楼,114.34309668504972,30.54893538023298,597420892,13702327976,0.0,0.8
未来城购物中心BC栋,写字楼,114.34796160608204,30.527570142855772,11873541232,1199771771,0.0,0.8
水果湖广场B座,写字楼,114.33889889751276,30.55020443383625,13530610610,13530610615,0.0,0.8
鹏程商务中心A座,写字楼,114.338323768698,30.550379418652554,617564335,617564331,0.0,0.8
鹏程商务中心6号,写字楼,114.33822391432082,30.55047956608676,617564335,617564331,0.0,0.8
鹏程商务中心,写字楼,114.33819994955049,30.550500602517843,617564335,617564331,0.0,0.8
帝斯曼国际中心2号楼,写字楼,114.32405676035012,30.538216377644755,1330929832,3541539573,0.0,0.8
天翼领航大厦,写字楼,114.33298225842209,30.54953958783074,1150257051,1150257067,0.0,0.8
电信小区,写字楼,114.33302718081632,30.549604481345902,1150257051,1150257067,0.0,0.8
讯通机电办公大楼,写字楼,114.19360741859694,30.551446623706443,8197771579,8197771603,0.0,0.8
九州通医药集团总部大厦,写字楼,114.19428602599083,30.552846222873512,8197771603,4534773029,0.0,0.8
好易娜,写字楼,114.19409375519601,30.550330783163297,7296661997,8197771601,0.0,0.8
好易娜大厦,写字楼,114.1945218389924,30.550364450847688,8197771601,9440489573,0.0,0.8
隆祥街6号好易娜大厦3栋,写字楼,114.19472735502123,30.550411759377667,9440489573,8197771652,0.0,0.8
九州通健康城商务楼,写字楼,114.19599838759981,30.552270109119632,7296661995,10736776222,0.0,0.8
九州通写字楼,写字楼,114.1960094182501,30.55223413863586,7296661995,10736776222,0.0,0.8
九州通健康城,写字楼,114.1962840500043,30.552844353210144,7296661995,10736776222,0.0,0.8
九州通健康城九玺中心,写字楼,114.19667906373463,30.552469091473384,10736776222,8197771709,0.0,0.8
人信汇商业管理有限公司B馆,写字楼,114.19663180855868,30.55406346740725,10736776222,8197771709,0.0,0.8
九州通健康城5号楼商务楼,写字楼,114.19708309817479,30.552064849963383,8197771709,10736776222,0.0,0.8
麦迪森广场B座,写字楼,114.1980103566292,30.552284181425964,8197771709,4534772656,0.0,0.8
麦迪森广场A7座,写字楼,114.19820383356823,30.55223049109741,4534772656,8197771709,0.0,0.8
麦迪森广场A座,写字楼,114.19848753582582,30.55209696252425,4534772656,9440489578,0.0,0.8
汉阳人信汇D栋,写字楼,114.19883730041475,30.553067149529383,8197771667,4534772656,0.0,0.8
麦迪森写字楼,写字楼,114.19976542812499,30.554310090237028,8197771667,4534772656,0.0,0.8
虹琪商务中心,写字楼,114.19970020647717,30.555065732143905,8197771716,8197771707,0.0,0.8
龙阳智慧大厦,写字楼,114.20014751171864,30.5523393305035,4534666335,1150948074,0.0,0.8
时代广场2号写字楼,写字楼,114.20069166405327,30.55396955626755,8197771665,8197771695,0.0,0.8
人信大厦,写字楼,114.2000329087046,30.5561498417616,8197771724,8197771717,0.0,0.8
龙阳时代A栋,写字楼,114.20094927471312,30.553953932908072,8197771665,8197771695,0.0,0.8
人信汇·时代中心,写字楼,114.20033762458023,30.55627024354739,8197771724,8197771717,0.0,0.8
C PARK(人信汇·时代中心店),写字楼,114.2006814391031,30.556290734437106,8197771722,8197771697,0.0,0.8
人信汇SOHO公寓11号楼,写字楼,114.20049093727954,30.556868257212034,8197771724,8197771717,0.0,0.8
人信汇SOHO公寓,写字楼,114.20062325434789,30.55683246123652,8197771717,8197771724,0.0,0.8
龙阳时代B栋,写字楼,114.2017060455265,30.55404598213939,8197771666,5504441244,0.0,0.8
龙阳时代广场壹号楼,写字楼,114.20184436232175,30.55412115215205,8197771666,5504441244,0.0,0.8
新龙尚座,写字楼,114.20120258280706,30.55729813196264,8197771722,8197771697,0.0,0.8
WM我们的垂直社交圈,写字楼,114.20137900180768,30.5572504008551,8197771722,8197771697,0.0,0.8
万隆城市广场,写字楼,114.20115138028343,30.558245726692697,8197771724,8197771722,0.0,0.8
万隆城市广场A栋,写字楼,114.20114235703883,30.558268705701625,8197771724,8197771722,0.0,0.8
人信汇A座,写字楼,114.20094475582253,30.559830872863174,8197771718,8197771724,0.0,0.8
王家湾中央生活区办公楼,写字楼,114.19802349664269,30.562592593767505,7614809196,7614809185,0.0,0.8
SOHO之星,写字楼,114.196179789002,30.564409131429098,7614809187,7614804272,0.0,0.8
恒信大厦,写字楼,114.2005716994212,30.56183462682028,7614809289,9425819490,0.0,0.8
汉阳区政府大楼,写字楼,114.21306734284532,30.556646467371163,8948030526,1150580615,0.0,0.8
武汉摩尔城-天猫U选,写字楼,114.20203119933758,30.561046991479497,7614809286,8197771715,0.0,0.8
武汉摩尔城B座,写字楼,114.20194396382907,30.561418736802853,9425819489,9425819490,0.0,0.8
知音大厦,写字楼,114.21359329302622,30.557551726667665,5758628915,4850958344,0.0,0.8
摩尔城负一楼,写字楼,114.20174346534003,30.56176832916324,9425819489,9425819490,0.0,0.8
王家湾汽贸综合楼C栋,写字楼,114.20219447803991,30.562218806652634,9425819489,9425819490,0.0,0.8
王家湾汽贸综合楼,写字楼,114.20219447803991,30.562218806652634,9425819489,9425819490,0.0,0.8
汉桥村城中村改造K4地块项目部,写字楼,114.21670743436854,30.55450901987836,1201667003,1462129264,0.0,0.8
文体综合大楼,写字楼,114.21612413855465,30.557087539455118,1201666721,4850958308,0.0,0.8
顶琇广场A座,写字楼,114.20317163581245,30.563373759251824,9425819485,9425819486,0.0,0.8
顶琇广场,写字楼,114.20284587517291,30.563503261526485,9425819485,9425819486,0.0,0.8
大洋百货B座,写字楼,114.20279772783678,30.563923045057223,9425819485,9425819486,0.0,0.8
顶琇广场写字楼2栋,写字楼,114.20226449354008,30.5639212999135,9425819485,9425819486,0.0,0.8
国潮中心,写字楼,114.2115577907784,30.56296754090531,1462111133,2418582938,0.0,0.8
海天广场·B座,写字楼,114.20593874700513,30.56478897947257,5186267859,7614809321,0.0,0.8
房管大楼,写字楼,114.21557277586052,30.560985608830496,8948030537,2418582933,0.0,0.8
海天广场A2座,写字楼,114.20585247997448,30.565672550475785,7614809321,7614809336,0.0,0.8
海天欢乐购A座,写字楼,114.20590558857656,30.56577458355479,7614809321,7614809336,0.0,0.8
汉桥市场综合大楼,写字楼,114.22180599856117,30.557519584268057,1459170113,4864116802,0.0,0.8
汉桥中兴集团办公楼,写字楼,114.22639139461117,30.553447397638546,8967690587,8197701277,0.0,0.8
汉桥村大厦,写字楼,114.2228284998292,30.559194816696724,317752112,1459170163,0.0,0.8
同行商务,写字楼,114.22308484882443,30.559855784029036,8967690601,2418582931,0.0,0.8
安寓大厦,写字楼,114.22263511453906,30.560092348209427,8967690601,2418582931,0.0,0.8
武铁欣业大厦,写字楼,114.2257408832039,30.560006669228823,8967690612,8967690601,0.0,0.8
金龙公馆写字楼,写字楼,114.22270396328184,30.563123329344513,4864116791,4864116797,0.0,0.8
铁桥广场A座,写字楼,114.22063949248341,30.564222236495837,1459170196,4864116764,0.0,0.8
乾能大厦,写字楼,114.23179715874558,30.55823077660141,1462129263,2418582923,0.0,0.8
铁桥广场B座,写字楼,114.22104308268032,30.56518823551862,1459170196,4864116764,0.0,0.8
万科未来中心VFC6号楼,写字楼,114.23825524727998,30.556201719447873,13747476406,2418582907,0.0,0.8
万科未来中心VFC-A栋,写字楼,114.23840537754397,30.556301717936645,13747476406,2418582907,0.0,0.8
万科未来中心T1写字楼,写字楼,114.2389058690765,30.555884968428114,13747476406,2418582907,0.0,0.8
万科未来中心T2写字楼,写字楼,114.23838430025762,30.55697447831421,2418582914,6868869299,0.0,0.8
万科未来中心B楼,写字楼,114.23800491896013,30.557301277722225,2418582914,6868869299,0.0,0.8
武汉粮油集团办公楼,写字楼,114.24110790337657,30.554002973052686,2418582894,1459106940,0.0,0.8
万科未来中心VFC-3号楼,写字楼,114.23881367525743,30.557172500183984,2418582914,6868869299,0.0,0.8
万科未来中心VFC-F区,写字楼,114.24015681602664,30.557551607659935,2418582914,6868869299,0.0,0.8
联海大楼,写字楼,114.24328578934039,30.55113013116935,13747449286,13747437812,0.0,0.8
融创汉阳片区办公楼,写字楼,114.23598648793516,30.562471905388197,6624482568,6624482583,0.0,0.8
远洋国际中心A座,写字楼,114.25436476036195,30.552101860307165,9425060322,2418582873,0.0,0.8
远洋国际中心T4写字楼,写字楼,114.25456474561032,30.55275155861163,12178240747,12178240760,0.0,0.8
远洋国际中心A1-7栋,写字楼,114.2546148372656,30.551801866701872,9425060322,2418582873,0.0,0.8
远洋国际中心A1栋A座,写字楼,114.25656533082612,30.549601785963176,10736776224,1150606478,0.0,0.8
远洋国际中心A2座B栋,写字楼,114.25662432996644,30.549688728687048,10736776224,1150606478,0.0,0.8
远洋国际中心A2座,写字楼,114.25662933309839,30.549658736622064,10736776224,1150606478,0.0,0.8
远洋国际中心3号地块,写字楼,114.2567653569381,30.54955170935921,10736776224,1150606478,0.0,0.8
闽东国际商业广场,写字楼,114.25961117095767,30.553133983386186,12178240747,12178240754,0.0,0.8
闽东国际商业广场-C,写字楼,114.25967717410774,30.553081963240565,12178240747,12178240754,0.0,0.8
闽东国际大厦3A座,写字楼,114.25999520234585,30.552648926940183,2418582878,9500914457,0.0,0.8
闽东大厦3B,写字楼,114.26002518855393,30.55279685809885,2418582878,9500914457,0.0,0.8
闽东国际商业广场-A,写字楼,114.26004519211605,30.552746863533226,2418582878,9500914457,0.0,0.8
汉元大厦,写字楼,114.26099826340965,30.551278788754065,7288767666,9487411582,0.0,0.8
钟家村电信大楼,写字楼,114.26094729921539,30.550907948199107,7288767666,9487411582,0.0,0.8
汉商大厦写字楼,写字楼,114.2610282541766,30.551358742421762,7288767666,9487411582,0.0,0.8
汉商银座购物中心D座1栋,写字楼,114.2609153281753,30.550599074292155,7288767666,9487411582,0.0,0.8
汉商银座,写字楼,114.26193016156373,30.55140314619202,7288767656,7288767651,0.0,0.8
汉商银座E座,写字楼,114.2627050224608,30.551813482478448,7288767659,7288767656,0.0,0.8
D座写字楼(汉商银座购物中心),写字楼,114.2626930714491,30.551264679696132,7288767656,7288767659,0.0,0.8
汉商银座D座步行街,写字楼,114.26276506201921,30.551247635972132,7288767659,7288767656,0.0,0.8
名企汇B座,写字楼,114.26008043871063,30.5614917832077,5809837010,12401558222,0.0,0.8
长江广场,写字楼,114.26019540955107,30.56177561415353,5809837010,12401558222,0.0,0.8
中国残疾儿童康复工作培训大楼,写字楼,114.24600533305833,30.565144170142133,1150600145,1150922273,0.0,0.8
天下名企汇,写字楼,114.2602124089742,30.56177360469675,5809837010,12401558222,0.0,0.8
长江广场1座,写字楼,114.26061436857353,30.56199528261073,5809837010,12401558222,0.0,0.8
大桥局社管中心楼,写字楼,114.26801348130272,30.553642703694166,6324562171,6324562169,0.0,0.8
半山智谷,写字楼,114.26972894579802,30.551815787851844,2418671357,7288785090,0.0,0.8
工行大楼,写字楼,114.2684933474598,30.564703388636566,4516217487,1880327688,0.0,0.8
索道大厦,写字楼,114.26750565807889,30.5653280269892,1880327634,1880337938,0.0,0.8
中华路阳光屋,写字楼,114.28999553735018,30.55261637732906,1215728302,1215728305,0.0,0.8
武汉工贸大厦,写字楼,114.27363783010613,30.564649393552767,8201820492,1880327541,0.0,0.8
李朝阳大厦B座,写字楼,114.295671695564,30.552133577044543,1218865111,1218865131,0.0,0.8
省粮油集团办公楼,写字楼,114.29939924227442,30.5579203174198,4353370985,1218886780,0.0,0.8
怡海大厦,写字楼,114.30290595052557,30.55052978502985,1218865144,1218886725,0.0,0.8
汉宫银座,写字楼,114.3000093766039,30.55821616714397,4360449878,4360449882,0.0,0.8
汉宫银座1栋,写字楼,114.29998340542984,30.558298183018593,4360449882,4360449878,0.0,0.8
金都汉宫商业C1栋,写字楼,114.29663772800879,30.560403096066477,1218886944,4360489003,0.0,0.8
金都汉宫商业C栋,写字楼,114.29673759290718,30.56045291270061,1218886944,4360489003,0.0,0.8
兴松园商业楼AB栋,写字楼,114.30054257805607,30.55888701168219,1501482203,317005531,0.0,0.8
顺泰大厦,写字楼,114.30137743466436,30.55856667479743,11296518785,14058685620,0.0,0.8
昙华林新阶层大楼,写字楼,114.30417374860308,30.5547060897807,12972353884,12163444170,0.0,0.8
电信大楼,写字楼,114.30132234485103,30.56050308840647,5825383369,1501482203,0.0,0.8
联盟商厦,写字楼,114.30601883018952,30.556900007251144,4517328381,2401122623,0.0,0.8
信合大厦(中山路),写字楼,114.30606676462358,30.556829944974275,4517328381,2401122623,0.0,0.8
旭辉大厦,写字楼,114.30677673019471,30.556474780366432,4517328381,2401122623,0.0,0.8
凤凰国际办公楼栋,写字楼,114.30696744259401,30.55647643253535,4517328381,2401122623,0.0,0.8
凤凰大厦B1座,写字楼,114.30718212513462,30.556398068489337,4517328381,2401122623,0.0,0.8
宜昌大厦,写字楼,114.30869673363993,30.55737694928916,2401122630,4360489051,0.0,0.8
泛悦中心写字楼B座,写字楼,114.30985922770694,30.554076951804994,1218886839,1218887034,0.0,0.8
昙华林共享中心,写字楼,114.30994204950416,30.554652598276355,1218886811,317005546,0.0,0.8
泛悦汇昙华林B1座,写字楼,114.31028456022206,30.55416413215402,1215728165,1218886839,0.0,0.8
泛悦中心,写字楼,114.31054713926727,30.554307594137274,1218886811,317005546,0.0,0.8
泛悦中心写字楼A座,写字楼,114.31111227351562,30.554119606493984,4741696267,4741696280,0.0,0.8
泛悦中心(泛悦汇广场店)-A1座,写字楼,114.31113923204354,30.55411155898749,4741696267,4741696280,0.0,0.8
凤凰大厦A座,写字楼,114.31039927981821,30.555341509518325,1218886811,317005546,0.0,0.8
凤凰大厦(中山路),写字楼,114.31006378149466,30.555567054117205,1218886811,317005546,0.0,0.8
凤凰大厦B座,写字楼,114.30975425768969,30.555606614290046,317005546,1218886811,0.0,0.8
凤凰大厦A座-2单元,写字楼,114.30996692216911,30.555677195434406,2401122623,317005546,0.0,0.8
武昌区委机关大楼,写字楼,114.31038321540413,30.556373179508974,4741696249,2401122630,0.0,0.8
2008新长江广场A座,写字楼,114.31291332813346,30.555393789310592,2401122564,1205415387,0.0,0.8
武昌区政府机关大楼,写字楼,114.31089937921529,30.556739090838594,4741696249,2401122630,0.0,0.8
星河居恒星阁B座,写字楼,114.31511111338006,30.55207279053078,11258898945,13842080647,0.0,0.8
广达大厦1栋,写字楼,114.31276440070948,30.557275412054153,4516243301,2401122633,0.0,0.8
广达大厦,写字楼,114.31271547436674,30.55731848891609,4516243301,2401122633,0.0,0.8
六九经贸大厦,写字楼,114.30868556369818,30.559536211162357,4360489051,2401122693,0.0,0.8
国宾楼,写字楼,114.31108383658784,30.55967371645368,2401122693,13869091279,0.0,0.8
友谊国际广场1FB,写字楼,114.31119160050527,30.560452240590422,13869091275,13869091279,0.0,0.8
创新大楼,写字楼,114.31870491662495,30.55656438594924,13842080627,13842080570,0.0,0.8
湖北省电视大楼,写字楼,114.31956755828043,30.55602992233434,13842080627,13842080570,0.0,0.8
湖北省电视大楼-后勤楼,写字楼,114.31958053478357,30.55605688808221,13842080627,13842080570,0.0,0.8
安华财富,写字楼,114.30706456712991,30.564891280508963,2700935078,2700934439,0.0,0.8
湖北文化综合大楼,写字楼,114.32259038914758,30.55864121368878,5952495078,13842080826,0.0,0.8
沙湖荣御中心(建设中),写字楼,114.32029320667502,30.55795985726792,5952495079,13842080626,0.0,0.8
新凯大厦,写字楼,114.32801709440811,30.551852190181823,4516243339,11478413446,0.0,0.8
新凯大厦40号楼,写字楼,114.32853927377322,30.551497317574334,4516243339,11478413446,0.0,0.8
融创中心武汉壹号院南区,写字楼,114.3251823731601,30.55597018005112,13842080685,13842080686,0.0,0.8
湖北省体育局机关办公楼,写字楼,114.32908844913615,30.55069654818453,4516243339,11478413446,0.0,0.8
湖北省生态环境监控大楼,写字楼,114.32687747675742,30.55736444917407,13850708884,13850708869,0.0,0.8
东湖大厦主楼,写字楼,114.33058571441316,30.554192499362436,1835360721,5960527575,0.0,0.8
东湖大厦A栋,写字楼,114.33086430023373,30.553771118494637,1835360721,5960527575,0.0,0.8
平安置业大厦A座,写字楼,114.33045487410924,30.5547925385539,13842080812,13842080810,0.0,0.8
平安财富中心A座,写字楼,114.33037598738417,30.554959629833288,13842080812,13842080810,0.0,0.8
平安财富中心B座,写字楼,114.33060463741374,30.5547252783988,13842080812,13842080810,0.0,0.8
平安财富中心,写字楼,114.3305117699534,30.5549303828596,13842080812,13842080810,0.0,0.8
平安财富中心1号楼,写字楼,114.33053573010805,30.55494233333621,13842080812,13842080810,0.0,0.8
楚天都市花园C座,写字楼,114.33155347903222,30.550415974876188,13842080820,12157829710,0.0,0.8
融创中心-4号楼1期,写字楼,114.32903195236113,30.55746430632529,13850708884,13850708869,0.0,0.8
湖北经视大厦,写字楼,114.33217249064913,30.550316842567764,13842080820,12157829710,0.0,0.8
荣业中心,写字楼,114.32779286418321,30.558707230140346,13850708851,13850708901,0.0,0.8
长城汇,写字楼,114.33267053436334,30.55211128837365,13842080680,13842080676,0.0,0.8
楚天都市花园B座,写字楼,114.33251490735101,30.55069606830022,13842080820,12157829710,0.0,0.8
长城汇T1写字楼,写字楼,114.33274346097443,30.55161032424456,13842080680,13842080676,0.0,0.8
长城汇2期,写字楼,114.3328132970422,30.55220698729695,13842080246,13842080680,0.0,0.8
长青巷·桥头排骨(长城汇店),写字楼,114.33279736131391,30.55176217070477,13842080680,13842080676,0.0,0.8
武汉洪顶置业有限公司,写字楼,114.33285523407706,30.552157925531155,13842080246,13842080680,0.0,0.8
平安金融科技大厦,写字楼,114.33170362838162,30.557408265585632,1146762353,5960527580,0.0,0.8
海山金谷,写字楼,114.33358790003105,30.554015909683745,13842080816,13842080812,0.0,0.8
华中金融城,写字楼,114.33175954271023,30.5573571780754,1146762353,5960527580,0.0,0.8
楚商大厦101号办公楼,写字楼,114.33378060806679,30.55383661161337,13842080816,13842080812,0.0,0.8
平安金融科技大厦招商中心,写字楼,114.33184039826244,30.557519968638605,1146762353,5960527580,0.0,0.8
楚商大厦,写字楼,114.3339114168187,30.55363743631626,13842080816,13842080812,0.0,0.8
楚商大厦外卖柜,写字楼,114.33398031581582,30.55353634270803,13842080816,13842080812,0.0,0.8
湖北省市场监督管理宣传教育中心知行楼,写字楼,114.33467923937337,30.553135179057108,13842080213,13842080212,0.0,0.8
万达环球国际中心5号楼,写字楼,114.33031566913687,30.559740069309665,8197650529,4516243230,0.0,0.8
武汉SKP楚河汉街J2街区,写字楼,114.3348319607899,30.55355275038017,13842080212,1446233440,0.0,0.8
万达环球国际中心万达尊B座,写字楼,114.32829485646282,30.560875508306168,4516243391,4516243230,0.0,0.8
万达SOHO公馆,写字楼,114.32936314669861,30.560531597186152,8197650529,4516243230,0.0,0.8
船舶国际1818,写字楼,114.33419971465285,30.556427926967807,5960527580,12157874337,0.0,0.8
SKP商场G楼,写字楼,114.33258710181879,30.558618178099106,5957618726,4516243601,0.0,0.8
水果湖街办事处汉街环球国际中心,写字楼,114.33026769547905,30.56033095164317,8197650529,4516243230,0.0,0.8
金穗大厦,写字楼,114.33525925366555,30.55390483483109,2401160890,2401160981,0.0,0.8
ASCEND上楼,写字楼,114.33522559538176,30.550592041312694,5758615079,13842080227,0.0,0.8
金穗大厦A座,写字楼,114.33537808078442,30.553733673874692,2401160890,2401160981,0.0,0.8
中国铁建1818中心-写字楼,写字楼,114.33470995081349,30.555889164731017,5960527580,12157874337,0.0,0.8
金穗大厦B座,写字楼,114.33540899321729,30.554178462228993,2401160890,2401160981,0.0,0.8
武汉SK楼,写字楼,114.33278176174083,30.558936700494414,5957618726,4516243601,0.0,0.8
中南国家计量测试中心综合大楼,写字楼,114.33576155167685,30.552862265654824,5758615080,13842080213,0.0,0.8
武昌区万达环球国际中心K6-4座,写字楼,114.33106740679644,30.56026346208602,8197650529,4516243230,0.0,0.8
环球国际中心22号楼,写字楼,114.3308267824599,30.56041786247289,8197650529,4516243230,0.0,0.8
远洋国际,写字楼,114.33041143139354,30.560688552945493,4516243230,8197650529,0.0,0.8
MARCH GINZA三月银座,写字楼,114.33293152601729,30.558886437135747,5957618726,4516243601,0.0,0.8
环球国际中心2号楼,写字楼,114.33101947660755,30.560351521567572,8197650529,4516243230,0.0,0.8
武汉万达SOHO环球国际中心A座,写字楼,114.3316884156866,30.56013333575594,8197650529,4516243230,0.0,0.8
环球国际中心6号楼,写字楼,114.33160853750366,30.56021345809896,8197650529,4516243230,0.0,0.8
万达尊A座,写字楼,114.32887983919268,30.56161113398348,4516243391,4516243230,0.0,0.8
知音大厦,写字楼,114.33611206028641,30.55217085692918,5758615080,13842080213,0.0,0.8
万达尊1号楼,写字楼,114.329050539414,30.561862720063463,8197650529,4516243230,0.0,0.8
知音广场,写字楼,114.33564436171025,30.557163985234425,5957619819,5957619826,0.0,0.8
省工行大楼,写字楼,114.33572718603942,30.55768165056811,5957619819,5957619826,0.0,0.8
龙源国际广场8座,写字楼,114.33690239580801,30.557057702380373,2401160982,2401160891,0.0,0.8
龙源国际广场,写字楼,114.33696729841631,30.55701159929696,2401160982,2401160891,0.0,0.8
龙源国际广场写字楼A栋B座,写字楼,114.33697527567882,30.557129543356577,2401160982,2401160891,0.0,0.8
同城富苑写字楼,写字楼,114.33641606024534,30.558171206835308,2401160967,5957619826,0.0,0.8
汉街总部国际A座,写字楼,114.33751042285772,30.557343487286825,2401160890,2401160981,0.0,0.8
万达时代中心,写字楼,114.33757033396455,30.557294394852015,2401160890,2401160981,0.0,0.8
万达汉街总部国际,写字楼,114.33761527047676,30.557221338238403,13707119170,13707119169,0.0,0.8
武汉川溢餐饮管理有限公司,写字楼,114.33758829802487,30.557386329778208,2401160890,2401160981,0.0,0.8
圣峰商务,写字楼,114.33765220081015,30.557362221348047,2401160890,2401160981,0.0,0.8
水果湖广场A2号楼,写字楼,114.33897272534507,30.550878068502275,13530610610,13530610615,0.0,0.8
汉街总部国际B座,写字楼,114.33837912463972,30.556789095925282,13707119169,13707119170,0.0,0.8
万达汉街总部国际G栋,写字楼,114.33868067297595,30.55663460178106,13707119169,4847228187,0.0,0.8
东湖之光,写字楼,114.33961463976226,30.552050503910483,13530610615,13702327957,0.0,0.8
泰华大厦(白鹭街),写字楼,114.33955048701651,30.554927622537754,13707118964,13706969752,0.0,0.8
汉街总部国际C座,写字楼,114.33918093704774,30.556255827291366,13707119167,13707119169,0.0,0.8
总部国际写字楼,写字楼,114.33922187254254,30.556275746270945,13707119167,13707119169,0.0,0.8
省经信委大楼,写字楼,114.33816239379578,30.54606818436824,4516243337,4539344344,0.0,0.8
同心大厦F座,写字楼,114.34029854612146,30.552651066009926,13530610615,13702327957,0.0,0.8
广苑大厦A座,写字楼,114.34254315995491,30.552867000101433,1146760278,1146762346,0.0,0.8
广苑大厦B座,写字楼,114.3428666854152,30.55282044723583,1146762346,1370793026,0.0,0.8
汉街总部国际D座,写字楼,114.34070869746355,30.55526042568432,13707119166,13530610721,0.0,0.8
湖北银行大厦8座,写字楼,114.34201759206276,30.556870534942057,13530638660,13530638666,0.0,0.8
湖北银行大厦,写字楼,114.34206352152158,30.556894445327405,13530638660,13530638666,0.0,0.8
汉街写字楼,写字楼,114.34046385024392,30.557757991068065,13530638567,2401160940,0.0,0.8
汉街总部国际G座,写字楼,114.34041990681088,30.557873029476024,13530638567,2401160940,0.0,0.8
汉街总部国际F座,写字楼,114.3397029421268,30.558507095688938,13530638567,2401160940,0.0,0.8
汉街总部国际E座,写字楼,114.33884720326522,30.559082440704252,2401160890,2401160981,0.0,0.8
湖北文旅大厦,写字楼,114.33884820146847,30.559085437838505,2401160890,2401160981,0.0,0.8
湖北文旅大厦E座,写字楼,114.33891709440452,30.559098308377216,2401160890,2401160981,0.0,0.8
武汉中央文化区展示中心,写字楼,114.33880412262214,30.560767924083425,13530638614,2401160967,0.0,0.8
武汉中央文化区,写字楼,114.3389478837778,30.56097159131679,13530638614,2401160967,0.0,0.8
长江科创金融港,写字楼,114.3408589300711,30.561458979276996,2401160890,2401160981,0.0,0.8
万达(武汉中央文化区),写字楼,114.33875312729606,30.561614716760257,8301765449,13530638608,0.0,0.8
K4一号地,写字楼,114.33662544387974,30.56147865444522,8301765452,8301765451,0.0,0.8
中国进出口银行大厦(中北路),写字楼,114.34145897954863,30.562005716000716,2401160890,2401160981,0.0,0.8
广泽中心,写字楼,114.3416157290514,30.562184374098504,2401160890,2401160981,0.0,0.8
兴业银行大厦,写字楼,114.34176648851047,30.562356045635433,2401160890,2401160981,0.0,0.8
武汉市武昌区中北路118号复地东湖国际四期第2号商业,写字楼,114.34496283141914,30.56196359851744,5753680283,3125538797,0.0,0.8
WELL,写字楼,114.34101854884833,30.563070122069202,2401160982,13530638601,0.0,0.8
平安银行大厦,写字楼,114.34086175267106,30.563444268753692,2401160982,13530638601,0.0,0.8
云玺T2写字楼,写字楼,114.34101844002826,30.56431967671126,2401160982,13530638601,0.0,0.8
中国人民财产保险大楼,写字楼,114.34216672470315,30.5642676562658,9003111384,2401160982,0.0,0.8
人保大厦1号楼,写字楼,114.34228453482496,30.564435388279982,9003111384,2401160982,0.0,0.8
长江产业大厦,写字楼,114.34395010452873,30.564183560131998,3125538801,8358666767,0.0,0.8
长江产业大厦13号楼,写字楼,114.34395309990119,30.564186553855922,8358666767,3125538801,0.0,0.8
华夏银行大厦,写字楼,114.34234740521508,30.56485012906144,9003111384,2401160982,0.0,0.8
天风大厦,写字楼,114.34213169722564,30.56518039179992,13921127211,9003111384,0.0,0.8
天风大厦B座,写字楼,114.3418171326521,30.565567809801493,13921127211,9003111384,0.0,0.8
中国工程科技发展战略湖北研究院办公楼,写字楼,114.35534905746357,30.562046773917537,2401101700,7654235695,0.0,0.8
湖北省博物馆文展大楼(南主馆)-商品中心,写字楼,114.36029339928075,30.56308930494892,2401101701,12277812485,0.0,0.8
滨湖大厦-大堂,写字楼,114.3569469576179,30.564593502084623,1370793181,2401101700,0.0,0.8
祥隆盛世广场A栋,写字楼,114.1714619927246,30.568064684536672,4519170305,2045952397,0.0,0.8
SUPOR行政楼,写字楼,114.168817005635,30.5720003001983,4519170305,2045952397,0.0,0.8
万通创业园行政楼,写字楼,114.16634707130332,30.569454580855805,5810571007,12579566020,0.0,0.8
米粮城市广场A栋,写字楼,114.16283717300409,30.566299121479233,5810571007,12579566020,0.0,0.8
彭家岭村特1号米粮综合楼,写字楼,114.16273686940951,30.566448879603218,5810571007,12579566020,0.0,0.8
建银汽车产业大厦A座,写字楼,114.16108172609519,30.570494320049356,5810571007,12579566020,0.0,0.8
建银汽车产业大厦,写字楼,114.16085799898161,30.57141356794957,5810571007,12579566020,0.0,0.8
安邦大厦,写字楼,114.18988220808113,30.569118294912524,14040438983,14040438987,0.0,0.8
汉江和阳大厦1栋,写字楼,114.1961796718312,30.565758648889584,7614809187,7614804272,0.0,0.8
汉江和阳大厦,写字楼,114.19625787382004,30.56567579950319,7614809187,7614804272,0.0,0.8
玖润丰汇,写字楼,114.19705631036788,30.571950761132033,8946817078,9499909456,0.0,0.8
中央之星SOHO-A栋,写字楼,114.19948777101324,30.565763644795243,3226612093,7614809330,0.0,0.8
中央之星SOHO二号楼,写字楼,114.19953789143061,30.565763718562007,3226612093,7614809330,0.0,0.8
中央之星SOHO,写字楼,114.19954390526895,30.565770724903327,3226612093,7614809330,0.0,0.8
盐业大厦1栋,写字楼,114.20085788194935,30.56755999564953,1462111112,1462111126,0.0,0.8
盐业大厦,写字楼,114.2009349962081,30.56834582354789,1150580614,1462111126,0.0,0.8
华大大厦,写字楼,114.20545643247188,30.567628326861314,7614809348,2418582944,0.0,0.8
湖北汽车大厦,写字楼,114.20573397863191,30.56843840090784,1462129266,7614809348,0.0,0.8
汉江阳光城1号楼A座,写字楼,114.20605283174145,30.566722436274095,7614809321,7614809336,0.0,0.8
汉江阳光城1栋B座,写字楼,114.20625328176791,30.566622733320656,7614809321,7614809336,0.0,0.8
香格里都,写字楼,114.20649577452245,30.567079883706395,7614809321,7614809336,0.0,0.8
汉武人才楼,写字楼,114.20936006141665,30.565377085953564,317751904,5186267858,0.0,0.8
SF,写字楼,114.20209000327137,30.576458510758332,12164879631,2045952502,0.0,0.8
汉水尚庭2期B座,写字楼,114.21632369707581,30.566484410971217,8948030541,1459170183,0.0,0.8
纽宾凯都会中心汀澜公馆,写字楼,114.21692444027592,30.570633509198053,7614809374,317751805,0.0,0.8
汉阳区商务中心,写字楼,114.22433722622372,30.56644138674112,317123313,4864116777,0.0,0.8
天然气大楼,写字楼,114.22754914047813,30.575461282043126,11303773478,1886846389,0.0,0.8
华汉广场,写字楼,114.2292111863455,30.57791835542106,8197713603,11303773481,0.0,0.8
融侨锦江A栋,写字楼,114.21662303156076,30.58057955478382,1886803774,1886803858,0.0,0.8
中华保险大厦,写字楼,114.22910302311618,30.578149209265746,8197713603,11303773481,0.0,0.8
中海大厦,写字楼,114.24009983995387,30.56834076365854,12969485101,6868869435,0.0,0.8
汉水综合楼,写字楼,114.23439966240635,30.575693587584713,1886803793,1886641177,0.0,0.8
越秀星汇云锦A座,写字楼,114.24455897098206,30.570647246322554,5826204152,1880327693,0.0,0.8
越秀·财富中心,写字楼,114.24460295579468,30.571154061602755,5826204152,1880327693,0.0,0.8
越秀财富中心F座,写字楼,114.24346399752045,30.573417229041826,11088633765,1884975510,0.0,0.8
越秀财富中心A座,写字楼,114.24347300387238,30.57341622965926,11088633765,1884975510,0.0,0.8
越秀·财富中心-办公楼,写字楼,114.24509822258071,30.571701850232227,6868962768,5826204177,0.0,0.8
关照大楼,写字楼,114.24596893638594,30.569509602060606,11876490911,1884983026,0.0,0.8
希望大楼,写字楼,114.24611600979961,30.569648541522575,11876490911,1884983026,0.0,0.8
老烟厂院,写字楼,114.24099989114345,30.576388953664324,1886678511,1886645407,0.0,0.8
sogo写字楼,写字楼,114.23915422357682,30.577594220146825,1886645359,1886641296,0.0,0.8
金叶国际大厦B座,写字楼,114.24125602252197,30.57724466782544,1886645407,1886641296,0.0,0.8
金叶国际大厦C区,写字楼,114.24115593415657,30.577344619521146,1886645359,1886641296,0.0,0.8
金叶SOLO国际A-C栋,写字楼,114.24115593415657,30.577344619521146,1886645359,1886641296,0.0,0.8
中电尊荣国际大厦,写字楼,114.24694824071372,30.57236748014676,1885026728,1885026725,0.0,0.8
航天商务楼,写字楼,114.24539909737803,30.575311518026542,1886645407,1886641269,0.0,0.8
金源商务写字楼,写字楼,114.24544408604011,30.575761350532016,5805853194,6868962768,0.0,0.8
湖北省第三人民医院住院部-新大楼,写字楼,114.24835701103376,30.571737525497163,11876476598,1884990073,0.0,0.8
工贸家电办公大楼B栋,写字楼,114.24257595812594,30.578109462625537,7216532270,1886641151,0.0,0.8
工贸家电办公大楼,写字楼,114.24261898784836,30.57813145710719,7216532270,1886641151,0.0,0.8
汉宝大厦,写字楼,114.23945131520968,30.57957354165039,1886641308,3078510536,0.0,0.8
硚口织布厂综合楼,写字楼,114.2506551854507,30.569452893087725,1884990112,1884990079,0.0,0.8
国光综合楼,写字楼,114.25171259125362,30.569046760625703,1885037343,1885006540,0.0,0.8
天水腾飞大厦,写字楼,114.25451716172002,30.57105808740686,1884981395,7178831327,0.0,0.8
汉华星港,写字楼,114.25399497127275,30.571968954067863,1885026709,1884975558,0.0,0.8
云尚国际时尚中心,写字楼,114.2568738525626,30.567175471058228,1884985370,1884979283,0.0,0.8
中财大厦(沿河大道),写字楼,114.25751191139436,30.567129176192562,1880327572,1884985370,0.0,0.8
侨宝大楼,写字楼,114.25884986922051,30.56828905664143,1884998931,1884983695,0.0,0.8
丰源大厦2号楼,写字楼,114.25901387053061,30.568293964344853,1884998931,1884983695,0.0,0.8
朱莉大楼,写字楼,114.25635426268843,30.57336047051333,1884979297,1885021157,0.0,0.8
公务员大厦,写字楼,114.25808750391127,30.572264022871735,1885021158,1885021164,0.0,0.8
公务员大厦A栋,写字楼,114.25813850161288,30.572317976574123,1885021158,1885021164,0.0,0.8
汉华大厦,写字楼,114.25984160970113,30.5712214321868,1884983694,1884983682,0.0,0.8
硚口区房地产交易市场综合楼,写字楼,114.25678018242418,30.574853725256965,1885021174,1885021160,0.0,0.8
葛洲坝国际中心,写字楼,114.24683379214919,30.576859843799642,8343338429,1885048823,0.0,0.8
高逸写字楼,写字楼,114.26088297079937,30.566408542053807,4516217466,1884998921,0.0,0.8
硚口区档案馆大楼,写字楼,114.25952352225227,30.572318217073366,1885021166,1885021158,0.0,0.8
花样年·喜年中心,写字楼,114.26149989239083,30.566701045979812,1884983029,4516217466,0.0,0.8
武汉城市广场B座,写字楼,114.24718086274991,30.578206309155423,7216532239,7216532182,0.0,0.8
茶叶市场东楼,写字楼,114.25726310806277,30.576241981914766,1885021161,1884979292,0.0,0.8
金叶大厦(武胜路),写字楼,114.26197254572092,30.570128500177788,1884983682,1884981405,0.0,0.8
凯德广场1栋,写字楼,114.26161349443069,30.57119134963051,1884983694,1230844115,0.0,0.8
凯德广场武胜B楼,写字楼,114.26161349443069,30.57119134963051,1884983694,1230844115,0.0,0.8
武汉城市广场,写字楼,114.2473719428891,30.57844119988058,7216532239,7216532182,0.0,0.8
葛洲坝大厦辅楼,写字楼,114.2461092621038,30.57829437573823,5805853194,6868962768,0.0,0.8
葛洲坝大厦,写字楼,114.24616729424854,30.578309365929183,5805853194,6868962768,0.0,0.8
武汉城市广场南1栋,写字楼,114.24750999691531,30.578644107727182,7216532239,7216532182,0.0,0.8
武汉公交城市广场写字楼,写字楼,114.24733290557559,30.578638131550054,7216532239,7216532182,0.0,0.8
武汉城市广场A座,写字楼,114.24742995299061,30.578674106518402,7216532239,7216532182,0.0,0.8
同馨花园,写字楼,114.2498470350944,30.579139527540008,7216532215,7216532241,0.0,0.8
同馨商务大厦,写字楼,114.251021448191,30.579581086399973,7216532215,7216532241,0.0,0.8
南丰大厦,写字楼,114.25543568384327,30.57856495873307,7216601045,7178831340,0.0,0.8
湖北石油,写字楼,114.25222184078739,30.579639727655497,4519170251,1885061299,0.0,0.8
湖北石油大厦,写字楼,114.25220983678335,30.57964372980544,4519170251,1885061299,0.0,0.8
同馨商务大厦B号楼,写字楼,114.25030515575868,30.57986715525283,7216532215,7216532241,0.0,0.8
中晟达国际广场,写字楼,114.26382112379753,30.571626671427783,1880341181,1880341156,0.0,0.8
体育大厦,写字楼,114.25426135494213,30.57981396642772,4519170251,1885061299,0.0,0.8
武胜人信汇国际文化城,写字楼,114.2626431213503,30.57401763087479,11876524974,1230844507,0.0,0.8
兴隆大厦写字楼,写字楼,114.24649331266512,30.58024562061119,6868989235,5947612785,0.0,0.8
梅园大厦,写字楼,114.25214474697721,30.58045544737979,7216532277,1885061290,0.0,0.8
华昌大厦(京汉大道),写字楼,114.25936504661766,30.57786626935585,4873221601,1885080778,0.0,0.8
电讯大楼,写字楼,114.26183607914868,30.575734542384005,1885021173,1885021180,0.0,0.8
宝丰时代,写字楼,114.24813712081846,30.580853200287436,6868989291,7216532257,0.0,0.8
万安大厦,写字楼,114.2655431023426,30.56721196401788,1880337939,1880327665,0.0,0.8
万安大厦1栋,写字楼,114.26681272137003,30.56728890797839,1880327665,1880337939,0.0,0.8
工商大厦,写字楼,114.26741250445035,30.567488331067313,1880337939,1880327665,0.0,0.8
汉正广场A,写字楼,114.26826209764135,30.568637180243172,1880327665,1880341184,0.0,0.8
金天商务中心,写字楼,114.2669114191285,30.570429690776525,1880341143,1880327704,0.0,0.8
小商品市场中心大楼,写字楼,114.26897770967794,30.56986909518244,1880327613,1880341152,0.0,0.8
汉正街饰品大楼,写字楼,114.26995235776171,30.569115469381508,1880337933,1880337937,0.0,0.8
武汉市硚口区汉正街华贸商城4号楼13座,写字楼,114.27031432244705,30.56761666847949,11303773535,1880337929,0.0,0.8
利济大厦,写字楼,114.26663335485375,30.572207275135796,1880327704,1880311320,0.0,0.8
贴心楼,写字楼,114.26789196181855,30.571814351850918,1880327704,1880327732,0.0,0.8
银座靓仔服装写字间,写字楼,114.27114288371867,30.568116689523997,1880327798,1880337934,0.0,0.8
银座商城银座写字间,写字楼,114.27090891318622,30.569103560985514,1880337934,1880327599,0.0,0.8
金海名都A座,写字楼,114.26516268288998,30.57323807575969,1880311415,1880372550,0.0,0.8
汉正街第一大道蓝宝石B座,写字楼,114.27148879051127,30.567188683637852,1880327798,1880327541,0.0,0.8
龙腾第一大道,写字楼,114.27149979732364,30.567044724528547,1880327798,1880327541,0.0,0.8
靓仔写字楼,写字楼,114.27103378806272,30.569850169350918,1877156636,1877156885,0.0,0.8
汉正街第一大道蓝宝石座,写字楼,114.27160180715533,30.566326881321036,1880327798,1880327541,0.0,0.8
第一大道服装市场,写字楼,114.27181055790533,30.567971081940435,1877156885,1880327798,0.0,0.8
金正茂服装批发大楼,写字楼,114.27163554167197,30.569208809421376,1877156885,1880334756,0.0,0.8
汉正街第一大道金座,写字楼,114.27186848735829,30.56843985487728,1880334756,1880334797,0.0,0.8
服装大楼,写字楼,114.26587944452892,30.57377631459182,1880363681,1880311415,0.0,0.8
汉正街中心商城B栋,写字楼,114.27181039758774,30.56983340902551,1877156885,1880334756,0.0,0.8
汉正街第一大道靓仔装写字厅红宝石座,写字楼,114.27224745692818,30.56646418427501,1880327798,1880327541,0.0,0.8
云尚国际D栋,写字楼,114.27025596534628,30.572075108471022,1880341138,1880327814,0.0,0.8
金马大厦1栋,写字楼,114.2634629669268,30.574238975512614,1880372579,1880363680,0.0,0.8
精品靓仔男装写字楼,写字楼,114.27207268174018,30.564935908540964,1880327798,1880327541,0.0,0.8
金昌大厦D栋,写字楼,114.27266001532963,30.568982855867535,1877156751,1880334797,0.0,0.8
金昌大厦C栋,写字楼,114.27280999963979,30.568197984879944,1877156751,1880334797,0.0,0.8
复星外滩中心1栋,写字楼,114.27325987942969,30.566633080685424,8201820498,8201820492,0.0,0.8
复星外滩中心C2地块,写字楼,114.27335983034686,30.566533011874608,8201820498,8201820492,0.0,0.8
同润大厦B栋,写字楼,114.27251992812907,30.570889308494777,11883032212,1877156636,0.0,0.8
云尚国际中心写字楼,写字楼,114.27191016042451,30.571982528227707,1880327814,1877156636,0.0,0.8
同润大厦,写字楼,114.27265983029427,30.57113207687248,1877175230,11883032212,0.0,0.8
同润大厦D栋,写字楼,114.27262980113882,30.5716629145599,11883032212,1877175230,0.0,0.8
多福家电大厦,写字楼,114.27385267258455,30.564997041136472,1880327553,1877160498,0.0,0.8
多福家电大厦12座,写字楼,114.27394660464158,30.565131892690136,1880327553,1877160498,0.0,0.8
云尚武汉国际时尚中心-C馆5C,写字楼,114.27191005284108,30.5732320722335,1880327814,1877175230,0.0,0.8
BFC复星外滩中心,写字楼,114.27460294830918,30.568074127841264,8201820483,8201820482,0.0,0.8
云尚武汉国际时尚中心3号楼,写字楼,114.27237582004055,30.573054666468927,1877175230,1880327814,0.0,0.8
武汉金正茂商务大楼,写字楼,114.274340943454,30.570019708654023,1877156632,1877156751,0.0,0.8
云尚武汉国际时尚中心B座T楼32号楼,写字楼,114.27280461453229,30.572703355324336,11883032212,1877175230,0.0,0.8
金正茂中国服装商贸城武汉金正茂商务大楼3号楼,写字楼,114.27456782067631,30.569810538423845,1877156632,1877156751,0.0,0.8
武汉金正茂商务大楼4号楼,写字楼,114.27450884100853,30.570001533322948,1877156632,1877156751,0.0,0.8
武汉金正茂商务大楼C区,写字楼,114.2744738538094,30.570105533600497,11883032208,1877156861,0.0,0.8
云尚武汉国际时尚中心B区,写字楼,114.27195996207608,30.57398174777333,6480234638,1880367367,0.0,0.8
不晚,写字楼,114.27195796286821,30.573984748682005,6480234638,1880367367,0.0,0.8
金正茂中国服装商贸城B区,写字楼,114.27488060525727,30.57002112024903,1877156632,1877156751,0.0,0.8
泰合广场,写字楼,114.26397764907333,30.576776669511126,1880363680,1880363679,0.0,0.8
财源大厦西楼,写字楼,114.2648214577814,30.576828019381942,1880363670,1880363671,0.0,0.8
云尚武汉国际时尚中心B馆2号楼,写字楼,114.27390898556281,30.572580241180027,11883032169,11883032175,0.0,0.8
金正茂1B区,写字楼,114.2752083766414,30.57022968308902,11883032208,1877156861,0.0,0.8
BFC复星外滩中心2栋,写字楼,114.27588115392584,30.56765186232944,8201820483,8201820482,0.0,0.8
财源大厦-主楼,写字楼,114.26473044105698,30.57727292437042,1880367374,1880363671,0.0,0.8
民安大厦291号,写字楼,114.27156003565545,30.575531577937227,1880367373,1880367364,0.0,0.8
财源大厦北楼,写字楼,114.26506733443297,30.577563559038698,1880367374,1880363671,0.0,0.8
香港中心T1栋,写字楼,114.26274279620088,30.57762123590719,11876524974,1230844507,0.0,0.8
六角亭街道航发大厦1栋,写字楼,114.26836131949749,30.57723395209394,1880367680,1880367362,0.0,0.8
云尚·武汉国际时尚中心4号楼,写字楼,114.27408676623487,30.573880575513897,11888248818,1880367367,0.0,0.8
香港中心15栋,写字楼,114.2622378596721,30.57771354534181,11876524974,1230844507,0.0,0.8
香港中心T栋,写字楼,114.26221286077536,30.577738552864748,11876524974,1230844507,0.0,0.8
香港中心,写字楼,114.26219486318816,30.577737565292328,11876524974,1230844507,0.0,0.8
云尚武汉国际时尚中心T1写字楼,写字楼,114.2736279898769,30.574469848367116,11888248818,1880367367,0.0,0.8
云尚国际时尚中心A栋,写字楼,114.27355702574934,30.57453789841916,6480234638,1880367367,0.0,0.8
宏狮控股大厦,写字楼,114.26152994237175,30.57770501484769,4873221602,1885021155,0.0,0.8
顺天泰大楼,写字楼,114.2765144550353,30.570726029149114,11883032185,1877156587,0.0,0.8
六角亭新路128号船检大楼,写字楼,114.27170987698518,30.576481079310238,1880367684,1880367685,0.0,0.8
云尚广场写字楼,写字楼,114.27435854834862,30.574479063391195,1880367367,11888248818,0.0,0.8
银邦大厦A座,写字楼,114.27333406250474,30.575618735952933,1880367373,1880367685,0.0,0.8
民乐大厦,写字楼,114.27262941345282,30.576165265818805,1880367373,1880367685,0.0,0.8
武汉盛源服饰大厦,写字楼,114.27746089659077,30.569364422092168,1877156872,1877156809,0.0,0.8
大通国际,写字楼,114.26042797285845,30.578340469709584,4873221601,1885080778,0.0,0.8
祥和大厦(京汉大道),写字楼,114.26042797285845,30.578340469709584,4873221601,1885080778,0.0,0.8
祥和大厦A栋,写字楼,114.2605129639211,30.578389399912165,4873221601,1885080778,0.0,0.8
华昌大厦1栋,写字楼,114.25962401846797,30.57815201530958,4873221601,1885080778,0.0,0.8
雅典居写字楼,写字楼,114.27288721483885,30.576805763995136,1880367373,1880367685,0.0,0.8
武汉SOHO,写字楼,114.26394439892222,30.579760588462367,2466017214,4873221608,0.0,0.8
东方茶港B座,写字楼,114.27483310273665,30.576202912819923,1880396010,1880367373,0.0,0.8
东直大厦,写字楼,114.27220947663744,30.5780799866268,1880367362,1880363677,0.0,0.8
双龙服装城B座,写字楼,114.27697082858073,30.57426021207493,11883032243,11883032242,0.0,0.8
汉正国际中心B栋,写字楼,114.2750289615026,30.576390628286823,1880396010,1880367373,0.0,0.8
江汉大厦1栋,写字楼,114.27615728352646,30.575576664219668,1877175199,1880311382,0.0,0.8
威凯大厦1栋,写字楼,114.27910555006444,30.570475042649374,1877184747,1877156874,0.0,0.8
中电广场尊荣国际A座,写字楼,114.27552265274961,30.576242134902014,1880396010,1880367373,0.0,0.8
江汉大厦A栋,写字楼,114.27610730903396,30.575676684228828,1880311382,1877175199,0.0,0.8
青年汇,写字楼,114.27612629762973,30.575658669280614,1877175199,1880311382,0.0,0.8
江汉大厦,写字楼,114.27612629762973,30.575658669280614,1877175199,1880311382,0.0,0.8
百乐大厦,写字楼,114.26790424591307,30.580075299278757,1880367374,317114802,0.0,0.8
汉正国际中心,写字楼,114.2751958347155,30.576612362091176,1880396010,1880367373,0.0,0.8
凯瑞时代大厦,写字楼,114.27225239411456,30.578770687134973,1880363677,1880395965,0.0,0.8
中电尊荣国际C座,写字楼,114.27519581052024,30.57689325845528,1880395986,1880396010,0.0,0.8
汉正国际中心A座,写字楼,114.27565753447553,30.576576860410796,1880395986,1880396010,0.0,0.8
汉正国际中心6号门A座,写字楼,114.27551060736671,30.576860920127313,1880395986,1880396010,0.0,0.8
万商白马,写字楼,114.28001585565454,30.57002407763522,1877156874,1877156887,0.0,0.8
银河大厦A区,写字楼,114.2816004583687,30.570634834277808,1877164600,1877164583,0.0,0.8
水运大厦,写字楼,114.28100395409137,30.57087251742711,1877164600,1877164583,0.0,0.8
银河大厦(大兴路),写字楼,114.28141759890956,30.570854991266533,1877164600,1877164583,0.0,0.8
武汉海联大厦,写字楼,114.2809539767883,30.571104497117346,1877164600,1877164616,0.0,0.8
银河大厦3栋,写字楼,114.28180325540738,30.57092146624815,1877164600,1877164583,0.0,0.8
银河大厦C区,写字楼,114.28180325540738,30.57092146624815,1877164600,1877164583,0.0,0.8
沿江1号写字楼B座,写字楼,114.28345281865614,30.57018054608501,1877164583,1877164618,0.0,0.8
银河B楼,写字楼,114.28269445868105,30.570888304919702,5875248609,5875248615,0.0,0.8
银河大厦2栋,写字楼,114.28205300385463,30.571271012567216,1877164583,1877164601,0.0,0.8
沿江一号写字楼,写字楼,114.28359668424146,30.570172354578713,1877164583,1877164618,0.0,0.8
沿江1号写字楼B座B1区,写字楼,114.28350175647485,30.570369411473216,1877164583,1877164618,0.0,0.8
银河汇商业中心,写字楼,114.28413415424745,30.57039554208695,1877164618,1877160161,0.0,0.8
沿江1号写字楼A座,写字楼,114.28446386379876,30.570077204972744,1877164618,1877160161,0.0,0.8
沿江一号D5区,写字楼,114.28554877298204,30.570312609917277,1877160161,1877160185,0.0,0.8
武轮大厦,写字楼,114.28547078551242,30.571073443124078,1877160161,1877160185,0.0,0.8
中山大厦1号楼,写字楼,114.27945494022015,30.574323208348783,13612477910,1877168009,0.0,0.8
中山大厦,写字楼,114.27973071604833,30.57434285896446,1419796830,1877184720,0.0,0.8
嘉里中心,写字楼,114.2825492965579,30.574298252754744,5875248466,1419796884,0.0,0.8
汇江大厦(民权路),写字楼,114.28787517287246,30.572415504770422,1419796812,1270140835,0.0,0.8
长江大厦附楼,写字楼,114.28799405266693,30.572325363319397,1419796812,1270140835,0.0,0.8
长江大厦,写字楼,114.2885674495646,30.572092602418092,1419796812,1270140835,0.0,0.8
汉来广场-贤良楼,写字楼,114.2863865611135,30.57448290141113,5875248408,5875248392,0.0,0.8
武汉库玛·华中珠宝交易中心,写字楼,114.27895513834002,30.576622976904797,1419797133,6480234629,0.0,0.8
库玛桥西楼,写字楼,114.27892412575208,30.577050856842025,1880396021,1880387815,0.0,0.8
汉来广场-信义楼,写字楼,114.28640249215124,30.575091655137346,5874445808,5874448490,0.0,0.8
汉来广场-忠孝楼,写字楼,114.28730260588728,30.574471587217744,5874448490,5874445808,0.0,0.8
新丰大厦民宿(江汉路统一街打铜街店),写字楼,114.28305162789663,30.576717693622303,5874448649,1419797129,0.0,0.8
楚风阁,写字楼,114.28320748611534,30.57668749575591,5874448633,5874448649,0.0,0.8
华航大厦AB座,写字楼,114.28909580910036,30.57276057220494,317003603,1419796816,0.0,0.8
华航大厦A栋,写字楼,114.28909380968055,30.57277956825552,317003603,1419796816,0.0,0.8
新金珠宝大厦,写字楼,114.2775921231837,30.57721939474993,1880387814,1880396017,0.0,0.8
湖北航务大厦,写字楼,114.2891966735424,30.573031322377133,317003603,1419796816,0.0,0.8
新金珠宝大厦B栋,写字楼,114.2775541441237,30.577300409656942,1880395996,1880396017,0.0,0.8
同益大厦B座,写字楼,114.27794084913384,30.577395915704013,1880387814,1880396017,0.0,0.8
星火同益大厦,写字楼,114.27813569540093,30.57747965194591,1880387814,1880396017,0.0,0.8
同益大厦A座,写字楼,114.27823062069764,30.577512525962884,1880387814,1880396017,0.0,0.8
星火文化用品大楼,写字楼,114.27871623532087,30.577659884945902,1880387814,1880396017,0.0,0.8
汉正国际中心1号楼,写字楼,114.27550059183032,30.57711783644677,1880395986,1880396010,0.0,0.8
星火同益大厦C座,写字楼,114.27859632147198,30.577737001896313,1880387814,1880396017,0.0,0.8
中电武汉电子广场,写字楼,114.2755075821351,30.57717680685083,1880395986,1880396010,0.0,0.8
长航大厦,写字楼,114.28930451125623,30.57351798277993,317003603,1419796816,0.0,0.8
桥东商厦,写字楼,114.27940467013971,30.57792194452259,1880421483,1880387814,0.0,0.8
温州城,写字楼,114.27904993305674,30.578139300393143,1880396013,1880387814,0.0,0.8
武汉长江航运中心(建设中),写字楼,114.28921649442621,30.574849626498366,5874445811,5874445807,0.0,0.8
时代美博城B座,写字楼,114.27869517277836,30.57857457175241,1880396013,1880387814,0.0,0.8
时代美博城A座,写字楼,114.27855626192893,30.578785661858703,1880396013,1880421412,0.0,0.8
友谊大厦A座,写字楼,114.2746580129887,30.578527245160245,1880396025,1880395986,0.0,0.8
友谊大厦39号,写字楼,114.27450810243812,30.57857738975195,1880396025,1880395986,0.0,0.8
武汉长江航运中心1号楼,写字楼,114.29046906076132,30.57503066525501,317003603,1419796816,0.0,0.8
武汉工艺大楼,写字楼,114.283262210867,30.579287459520767,5875248304,1880421372,0.0,0.8
宝利金国际广场4座,写字楼,114.28660297627704,30.578667048261785,4154270306,4360488928,0.0,0.8
宝利金国际广场A座,写字楼,114.28668988177498,30.5787169051298,4154270306,4360488928,0.0,0.8
宝利金国际广场B座,写字楼,114.28711645293997,30.578517364581238,1419140459,4360488928,0.0,0.8
世纪中心双江景写字楼,写字楼,114.29059381978321,30.576157060014474,317116256,317003603,0.0,0.8
宝利金国际公馆2座,写字楼,114.28674781763954,30.578761805274805,4154270306,4360488928,0.0,0.8
宝利金国际广场7座,写字楼,114.28681274231639,30.578850678961857,4154270306,4360488928,0.0,0.8
世纪江尚写字楼,写字楼,114.29069369583243,30.576256870268793,317116256,317003603,0.0,0.8
世纪中心,写字楼,114.29071666762951,30.576275828066862,317116256,317003603,0.0,0.8
金宝利国际广场D栋,写字楼,114.28659894222157,30.579109889680062,4154270306,1419140490,0.0,0.8
宝丽金国际公馆3座,写字楼,114.28684766177508,30.579361439039648,4154270306,1419140490,0.0,0.8
武汉万达中心5a写字楼,写字楼,114.30203578466784,30.566849579193068,7115765458,1501482216,0.0,0.8
武汉万达中心,写字楼,114.30298743146938,30.566726947540356,7115800222,7115808935,0.0,0.8
WANDA MANSION,写字楼,114.30447604755709,30.569236394243934,7140575738,7140575737,0.0,0.8
万达soho写字楼,写字楼,114.30502441262165,30.567239131632927,7140575738,1501482212,0.0,0.8
咸宁大厦,写字楼,114.30532309058194,30.565852092578307,2401122781,2700934439,0.0,0.8
万达SOHO写字楼8号楼,写字楼,114.30580315835383,30.568374318852555,7140575738,1501482212,0.0,0.8
火凤国际中心,写字楼,114.30595309236125,30.566553703420542,2700935078,2700934439,0.0,0.8
积玉万象·万城空间,写字楼,114.3067667866771,30.567540871820682,2700934439,4236726910,0.0,0.8
武汉轮渡苗家码头调度中心大楼,写字楼,114.29234159813657,30.57805364978163,9080888576,1419147998,0.0,0.8
白云边大厦,写字楼,114.30709506031104,30.57020930911,3663373178,8906573130,0.0,0.8
白云边大厦附楼1-6楼,写字楼,114.30711103089789,30.570270257869005,3663373178,8906573130,0.0,0.8
外滩1号,写字楼,114.2909392388452,30.578250756316688,1419152466,4360488929,0.0,0.8
世纪江尚中心办公楼,写字楼,114.28979457704993,30.57795761052577,8202663573,13903348109,0.0,0.8
广源大厦A座,写字楼,114.29246635445192,30.579137051923254,13903348185,13903348202,0.0,0.8
广源大厦(沿江大道),写字楼,114.29151245694537,30.579532395065105,5875253710,5875253708,0.0,0.8
联投中心B2栋,写字楼,114.3080704478668,30.57172897232165,11872680919,2401081077,0.0,0.8
广源大厦133号,写字楼,114.29169223839996,30.579604089133902,9080888576,5875253708,0.0,0.8
长江航务管理局通信楼,写字楼,114.2920418014535,30.579853451281988,13903348205,9080888576,0.0,0.8
长航大楼,写字楼,114.29210971208626,30.579949309394348,13903348205,9080888576,0.0,0.8
联投中心B1栋,写字楼,114.30841987962653,30.57212618567128,6936295754,11872680919,0.0,0.8
武汉工人文化宫职工之家大厦,写字楼,114.30947971741196,30.566738181695904,4236726908,13863469859,0.0,0.8
联投中心C栋,写字楼,114.30812023329334,30.573328297061625,6936295774,6936295754,0.0,0.8
中国实业银行大楼旧址,写字楼,114.2903058002091,30.58021499637858,1880509259,5875253704,0.0,0.8
中环国际A栋,写字楼,114.31071654746717,30.569624844185746,2418671430,3663373177,0.0,0.8
福星惠誉福莱中心写字楼,写字楼,114.3150755957886,30.57022043332502,13869090899,13869091176,0.0,0.8
联投中心2期A区,写字楼,114.3093682836471,30.573725852236954,6936295774,6936295754,0.0,0.8
绿洲公寓,写字楼,114.31004617071346,30.574464325803277,6936295772,6936295773,0.0,0.8
恒大世纪广场A栋,写字楼,114.31393390548422,30.576158421409747,8194368764,6936297712,0.0,0.8
恒大世纪广场B栋,写字楼,114.31392891109994,30.576185420886688,8194368764,6936297712,0.0,0.8
恒大世纪广场,写字楼,114.3139728397925,30.57620033244215,8194368764,6936297712,0.0,0.8
水岸国际,写字楼,114.31605834647493,30.577935739349744,3317600973,6936297687,0.0,0.8
水岸国际晶座写字楼K6-1栋,写字楼,114.31780454298156,30.577708496941643,3317600973,9049793753,0.0,0.8
漫时区晶座写字楼,写字楼,114.31781053265841,30.577715482922994,3317600973,9049793753,0.0,0.8
舒苑大厦,写字楼,114.32022674814368,30.57599749607071,9049793753,5736019559,0.0,0.8
水岸国际·SOHO公寓,写字楼,114.31692491552876,30.578307952320632,12172561309,3317600973,0.0,0.8
梦湖商住楼,写字楼,114.32374515715526,30.57404846604453,5736019559,13866696260,0.0,0.8
湖北大学(武昌主校区)双创大楼A座,写字楼,114.32389447330652,30.5790963168356,1837322288,3044752001,0.0,0.8
襄阳大厦,写字楼,114.34297834605131,30.56628550459767,13921127231,13921127230,0.0,0.8
中碳登大厦,写字楼,114.343842026279,30.56688677937157,4741652422,13921127231,0.0,0.8
东沙大厦A座,写字楼,114.3461057285285,30.567357714608,4741651103,9003111386,0.0,0.8
东沙大厦,写字楼,114.34624653674952,30.567271506371913,4741651103,9003111386,0.0,0.8
东沙大厦B座,写字楼,114.34630845918633,30.567157442324486,4741651103,9003111386,0.0,0.8
天源城B座,写字楼,114.3463104779789,30.56690952810561,4741651103,5758615114,0.0,0.8
东沙大厦C座,写字楼,114.34648519578359,30.567318084875318,4741651103,9003111386,0.0,0.8
天府阁B座,写字楼,114.34654416056146,30.56677018220142,5758615114,4741651103,0.0,0.8
德成中心,写字楼,114.34670785147411,30.567673580168464,9003111387,9003111386,0.0,0.8
德成中心裙楼,写字楼,114.34682266947891,30.567912300238657,9003111387,9003111386,0.0,0.8
中油大厦B座,写字楼,114.34651288941568,30.570379930829375,4741652422,13921127231,0.0,0.8
中油大厦(中北路),写字楼,114.34685243579868,30.57011045483128,4741652422,13921127231,0.0,0.8
中油大厦A座(中北路),写字楼,114.34731879320259,30.570008707194475,4741652422,13921127231,0.0,0.8
北大资源方正金融中心,写字楼,114.34772332951997,30.568889435412583,9003111386,4741652440,0.0,0.8
天星阁A座,写字楼,114.34784242567137,30.5659033122142,5753680281,9003111387,0.0,0.8
东信资本大厦,写字楼,114.34751847124026,30.570517187989605,4741652422,13921127231,0.0,0.8
天源城文华楼,写字楼,114.34915363207902,30.565921136335124,5753680281,9003111387,0.0,0.8
湖北工会大厦,写字楼,114.34831526031422,30.571797394613444,4741652422,13921127231,0.0,0.8
武汉控股大厦,写字楼,114.34925492048886,30.57250058877659,4741652422,13921127231,0.0,0.8
世纪大厦A座,写字楼,114.3499299582142,30.573143252134788,4741652450,4516243506,0.0,0.8
世纪大厦(秦园东路),写字楼,114.34996590196626,30.5732381590185,1215926909,1446238253,0.0,0.8
桃源国际1栋写字楼,写字楼,114.34271470336678,30.5781116529972,4516243243,4516243374,0.0,0.8
桃源国际商业中心4号楼,写字楼,114.34326985914777,30.57840357097783,4516243374,9349974908,0.0,0.8
桃源国际商务中心办公楼,写字楼,114.34301422611578,30.578510978935157,4516243374,9349974908,0.0,0.8
彩城大厦,写字楼,114.35097547571245,30.574287145739113,1215926909,1446238253,0.0,0.8
自由时刻办公楼,写字楼,114.34875621201849,30.576901792361888,4516243506,8197650564,0.0,0.8
研究生大楼,写字楼,114.35743823037643,30.56647711327007,2401101759,2401101742,0.0,0.8
湖北社科院新办公大楼,写字楼,114.35783081320322,30.56616465966129,2401101759,2401101742,0.0,0.8
湖北日报传媒集团办公楼C区,写字楼,114.35932480149228,30.570304049938,13629152938,13629152950,0.0,0.8
东亭科技楼,写字楼,114.3610681451266,30.568220413766387,1370793209,2401101779,0.0,0.8
楚天传媒大厦,写字楼,114.36067343872502,30.56952747479797,13629152950,13629152938,0.0,0.8
楚天传媒大厦B座,写字楼,114.36069740638247,30.569612411491327,13629152950,13629152938,0.0,0.8
长江人才大厦,写字楼,114.35344627119416,30.574781073377288,13646347722,11438479071,0.0,0.8
今古传奇大楼,写字楼,114.36154126776825,30.572734140650926,13629152943,13646347718,0.0,0.8
湖北铁路开发大厦,写字楼,114.35357004010315,30.57565955908385,4541644163,3125539249,0.0,0.8
湖北华中电力科技大厦,写字楼,114.35389163745309,30.57570104868854,4541644163,3125539249,0.0,0.8
湖北联投科技产业大厦,写字楼,114.35200502052696,30.575653005537166,1215926909,1446238253,0.0,0.8
菩提金大厦,写字楼,114.3550441430613,30.57669592800997,3125539247,3125539249,0.0,0.8
普提金商务中心B座,写字楼,114.35505311397753,30.57690483733425,3125539249,3125539247,0.0,0.8
羿天设计大楼,写字楼,114.36263007400204,30.574002242698683,13646347718,13629152943,0.0,0.8
知音传媒大厦4号楼,写字楼,114.36231235767596,30.57432553892672,13629152943,13646347718,0.0,0.8
知音传媒大厦,写字楼,114.36287984126751,30.573885961337268,2401101784,3125538811,0.0,0.8
普提金商务中心A座,写字楼,114.35532177612322,30.57707636985947,3125539247,3125539257,0.0,0.8
普提金商务中心,写字楼,114.35515297749305,30.57709061827448,3125539247,3125539257,0.0,0.8
普提金金融中心写字楼,写字楼,114.3551529679756,30.577199578012937,11875972766,1215926906,0.0,0.8
缤纷1917,写字楼,114.35514797284624,30.57721258072363,11875972766,1215926906,0.0,0.8
山河大厦,写字楼,114.35638246580771,30.5777075587176,1215926906,5165225436,0.0,0.8
众环大厦,写字楼,114.36380892279188,30.57426463376151,2401101784,3125538811,0.0,0.8
湖北省武汉市武昌区水果湖街道岳家嘴中北路303号传输局大楼,写字楼,114.35434887446382,30.577992502663804,4873564199,1215926909,0.0,0.8
徐东大街338号纺织大厦,写字楼,114.35944304555065,30.577485253248902,3125539265,1215926846,0.0,0.8
普提金国际金融中心,写字楼,114.35852002013654,30.57786840825441,3125539257,3125539265,0.0,0.8
咨询大厦,写字楼,114.35922025036355,30.577898411194525,3125539265,1215926846,0.0,0.8
英特小区物业办公楼,写字楼,114.3521015694293,30.57939546839745,4873564199,1215926909,0.0,0.8
湖北省电力大厦,写字楼,114.35965770638745,30.578724495795264,2401313009,7947070552,0.0,0.8
金禾中心,写字楼,114.35844797168237,30.57933396667058,2401313009,7947070552,0.0,0.8
金禾中心写字楼,写字楼,114.35796350120594,30.57945861119923,1215926921,8209518239,0.0,0.8
宏源电力商务中心,写字楼,114.362455888267,30.578073969033877,2418582968,299992458,0.0,0.8
宏源电力综合大楼,写字楼,114.36226604061576,30.578471070294636,2418582968,299992458,0.0,0.8
空中花园C座,写字楼,114.35155220772552,30.580196040437905,8197650564,4873564199,0.0,0.8
国家电网调度楼,写字楼,114.36338898981613,30.578029779724552,2418582968,8209518259,0.0,0.8
中冶南方大厦,写字楼,114.35456438455587,30.58058421128351,2401313009,7947070552,0.0,0.8
宏泰大厦,写字楼,114.35601564889694,30.58053605018301,2401313009,8209518239,0.0,0.8
M环球中心B栋,写字楼,114.35215140941266,30.58049498041143,4873564199,1215926909,0.0,0.8
国网湖北省电力公司电科院,写字楼,114.3642222358379,30.57771984003056,2401312941,2418582968,0.0,0.8
湖北创投大厦,写字楼,114.35597668592332,30.580638069946666,2401313009,8209518239,0.0,0.8
国网华中分部科技楼,写字楼,114.36528728003644,30.57762755741395,2401312941,2418582968,0.0,0.8
古堤小舍,写字楼,114.4172660454004,30.576401048251906,4251953634,4251921174,0.0,0.8
樾5号商业楼,写字楼,114.18284249169511,30.58827804365996,12840314065,9317633959,0.0,0.8
江山樾商业楼,写字楼,114.18304303318229,30.588428342447855,12840314065,9317633959,0.0,0.8
惠民苑社区科技楼,写字楼,114.16425832675176,30.58875149441187,1150931879,1150931686,0.0,0.8
汉阳区惠民楼,写字楼,114.16243419673573,30.586968746503807,1150931879,1150931686,0.0,0.8
福达坊研发楼,写字楼,114.16208413543966,30.576094150398625,2045952536,8192055482,0.0,0.8
汉口1872·国樾,写字楼,114.2142321670977,30.584918468737204,8887307712,8887307715,0.0,0.8
香港映象15栋A座,写字楼,114.20765417009365,30.591615254963024,10606485103,8882508806,0.0,0.8
汉口1872写字楼,写字楼,114.21479611090517,30.586476477416923,8887307715,8887319017,0.0,0.8
君和商务中心,写字楼,114.21393832780036,30.58807795907894,8887319018,300799159,0.0,0.8
汉西一路轻轨地铁综合楼,写字楼,114.21393030771952,30.588130930334827,8887319018,300799159,0.0,0.8
轻轨大厦,写字楼,114.2139313096568,30.588130931412717,8887319018,300799159,0.0,0.8
远景大厦,写字楼,114.21524585415597,30.58773047116347,1886816090,9631280042,0.0,0.8
湖北赣商总部大厦,写字楼,114.20451209871158,30.59328451394511,9428099033,9425844028,0.0,0.8
九号地质科研大楼,写字楼,114.21236395441846,30.591370971475296,5343198041,300799159,0.0,0.8
湖北地调大楼,写字楼,114.21229179255882,30.59158080991723,300799159,5343198041,0.0,0.8
大武汉家装广场G座,写字楼,114.21722361661767,30.58647793043659,1886828478,1886831786,0.0,0.8
泛悦南国广场H座,写字楼,114.21655325183387,30.588131645015277,1886816090,9631280042,0.0,0.8
泛悦南国广场R座,写字楼,114.21773758976676,30.585923635122086,1886831760,1886831795,0.0,0.8
南国大家装-2期V座,写字楼,114.21690887523178,30.58844487728121,1886816090,9631280042,0.0,0.8
南国大家装汉西店R座1号楼,写字楼,114.21744178312953,30.58911414144797,1886816090,9631280042,0.0,0.8
匠心荟·宗关国际中心,写字楼,114.21978650152076,30.582158938155388,1886803858,7218151509,0.0,0.8
南国大家装R座,写字楼,114.21819413713152,30.589006898901847,1886831786,1886828482,0.0,0.8
武汉水务集团大楼,写字楼,114.22150437456486,30.582241382705657,7218151463,1886840630,0.0,0.8
解放大道240号A座,写字楼,114.2215043987381,30.581961487399873,7218151463,1886840630,0.0,0.8
天行大厦1栋,写字楼,114.22528742713132,30.58073683822934,1886641243,1886777826,0.0,0.8
天行大厦,写字楼,114.22555083512691,30.580534096729853,1886641243,1886777826,0.0,0.8
南国大家装D座,写字楼,114.21904369397853,30.58825697097944,1886831798,1886831760,0.0,0.8
南国·大武汉家装中心商务楼,写字楼,114.22103204283742,30.588636574831934,1886831798,1886777802,0.0,0.8
南国大家装B座,写字楼,114.2195585252226,30.588944174990942,1886828482,1886831786,0.0,0.8
南国大家装汉西店R座2号楼,写字楼,114.21838947129339,30.589139031642016,1886828482,1886831786,0.0,0.8
大武汉家装R2座,写字楼,114.21852569941726,30.589278105596165,1886831786,1886828482,0.0,0.8
南国·大武汉家装A座,写字楼,114.21990106166125,30.58952725764111,1886831786,1886828482,0.0,0.8
星街汇商业中心,写字楼,114.22735950538184,30.579757575794527,1886645379,1886641243,0.0,0.8
南国写字楼,写字楼,114.21902646804826,30.59052809006732,9631280042,1886828482,0.0,0.8
南国大家装H座,写字楼,114.21895533154687,30.590673969305005,1886816090,9631280042,0.0,0.8
湘商大厦,写字楼,114.22910212176085,30.588598288052243,1886663560,1886663565,0.0,0.8
新东方商务大厦,写字楼,114.23052612301046,30.58681173130149,1886727463,1886727466,0.0,0.8
保利香槟国际金座,写字楼,114.21700768883905,30.59268835286448,300799159,5343198041,0.0,0.8
华中建材市场办公楼,写字楼,114.21849928630418,30.593526454478216,9631280041,5343198040,0.0,0.8
CBD崇章中心,写字楼,114.23250447339116,30.587639358486214,11465867885,9428550620,0.0,0.8
工务楼,写字楼,114.22238166697369,30.595379100040716,1887811503,1887811488,0.0,0.8
南国西汇V座,写字楼,114.23042207200827,30.585871033516103,1886727463,1886727466,0.0,0.8
凌云大厦,写字楼,114.23909820672814,30.588827995572863,1886727454,1886727457,0.0,0.8
城发大厦,写字楼,114.2432497772912,30.585852600207236,1886663557,1886708854,0.0,0.8
城发大厦1栋,写字楼,114.24325678317956,30.58584160461259,1886663557,1886708854,0.0,0.8
营房南村,写字楼,114.24381517024827,30.585838619904354,1886708947,1886708854,0.0,0.8
建通大厦1号楼,写字楼,114.2441073582276,30.585941583712703,1886708947,1885074583,0.0,0.8
机场集资楼,写字楼,114.24405708369886,30.588740522443423,1886654488,11775528144,0.0,0.8
湖北商业广场1栋,写字楼,114.2456082187074,30.58699114950327,1885074430,8130425937,0.0,0.8
湖北商业广场,写字楼,114.24561322179424,30.58699014961498,1885074430,8130425937,0.0,0.8
天骄国际大厦,写字楼,114.2469365123535,30.58075938701025,6868989235,6868989262,0.0,0.8
湖北商业广场2栋,写字楼,114.24580827354848,30.58773785499912,8130420811,8130425937,0.0,0.8
湖北商务大楼,写字楼,114.24725967570717,30.58086331279213,6868989235,6868989262,0.0,0.8
武汉一轻科研大厦,写字楼,114.24733737843542,30.584790831754017,1885074561,1885063418,0.0,0.8
业务楼,写字楼,114.24799889165158,30.582729519213608,1885077254,1885074591,0.0,0.8
武汉信息港,写字楼,114.24764723160988,30.588352445522695,8130425936,6480253653,0.0,0.8
武汉信息港1号楼,写字楼,114.24786934949651,30.588282442180805,8130425936,6480253653,0.0,0.8
科研大楼,写字楼,114.24834865822577,30.587412701336483,1885074506,1885074503,0.0,0.8
武汉电信二枢纽裙楼,写字楼,114.24840457108623,30.588734190582105,8130425936,6480253653,0.0,0.8
蓝天大厦,写字楼,114.25097831692672,30.580926596549034,7216532277,1885061290,0.0,0.8
湖北省公路局大楼,写字楼,114.24962022916841,30.587409472109755,1885074506,1885074503,0.0,0.8
新世界中心写字楼2期,写字楼,114.25760873665195,30.58086009813623,1885080775,9608485461,0.0,0.8
K11 ATELIER办公楼,写字楼,114.25787074975693,30.580896951184947,1885080775,9608485461,0.0,0.8
明珠大厦(建设大道),写字楼,114.25013923879884,30.589762465636483,1885084584,1885074503,0.0,0.8
MFG写字楼(k11),写字楼,114.25796175402867,30.58090490136363,1885080775,9608485461,0.0,0.8
汉口新界广场A栋,写字楼,114.25566190843637,30.587988326036314,1885074475,1885077247,0.0,0.8
绿叶广场B栋,写字楼,114.25491172120026,30.58868837339201,1885077247,1885074475,0.0,0.8
中保大楼,写字楼,114.2513035836233,30.590778790077437,1885074671,1887932230,0.0,0.8
富商大厦,写字楼,114.25962764262974,30.582517387435754,1230843972,1887089822,0.0,0.8
电业村AB电业大厦,写字楼,114.25846225985845,30.58688738974712,1885074475,12251702151,0.0,0.8
新世界中心·写字楼,写字楼,114.25975774902588,30.5812477867333,9608485461,1887089821,0.0,0.8
新世界中心写字楼C座,写字楼,114.26030270122816,30.581570343665227,1887089821,1230843724,0.0,0.8
MSPACE集合空间(武汉K11购物艺术中心店),写字楼,114.2606626837915,30.58153813669593,1887089821,1230843724,0.0,0.8
中国人寿保险3号楼,写字楼,114.25195069137254,30.592015134758494,1887932239,1885074572,0.0,0.8
新世界中心·写字楼B座,写字楼,114.26093866309961,30.581554959344896,1230843948,1230844176,0.0,0.8
新世界中心·写字楼A座,写字楼,114.26124367430005,30.581133924307554,1230843948,1230844176,0.0,0.8
新世界中心写字楼B座18号楼,写字楼,114.26159861196027,30.58146157403933,1230843948,1230844176,0.0,0.8
外运大厦2栋,写字楼,114.2518105757402,30.592837859559317,1887932239,1885074572,0.0,0.8
外运大厦1栋,写字楼,114.2518105757402,30.592837859559317,1887932239,1885074572,0.0,0.8
外运大厦,写字楼,114.2517935692963,30.59284886022117,1887932239,1885074572,0.0,0.8
创世纪广场A区,写字楼,114.2622183625345,30.5835173952827,316995510,1230843791,0.0,0.8
创世纪大厦A座,写字楼,114.26229634908856,30.58355432899466,316995510,1230843791,0.0,0.8
创世纪广场2号楼,写字楼,114.26232034338362,30.58358330194238,316995510,1230843791,0.0,0.8
粮油大厦,写字楼,114.25235270517581,30.59329152350612,1887932239,1885074572,0.0,0.8
湖北省地质局机关办公楼,写字楼,114.26266241093404,30.582236574078067,1230844008,1887914096,0.0,0.8
福星科技大厦B座,写字楼,114.2525757543668,30.59348138074739,1887932239,1885074572,0.0,0.8
ICC武汉环贸中心C塔,写字楼,114.25627662789036,30.59224142985858,1887932257,1887932252,0.0,0.8
创世纪广场B座,写字楼,114.26273228682584,30.583556031342894,316995510,1230843791,0.0,0.8
创世纪广场,写字楼,114.26274327706578,30.583649988478676,316995510,1230843791,0.0,0.8
福星科技大厦A座,写字楼,114.25267377162733,30.59360730105032,1887932239,1885074572,0.0,0.8
嘉鑫大厦1栋,写字楼,114.25756180571301,30.59163604741656,12251702157,12251702158,0.0,0.8
福星科技大厦,写字楼,114.25260273494793,30.593797250541343,1887932239,1885074572,0.0,0.8
湖北省地质局-综合楼,写字楼,114.26311236129449,30.58198635516548,1230844008,1887914096,0.0,0.8
瑞众金融中心,写字楼,114.25709072072328,30.592185069225298,12251702157,12251702158,0.0,0.8
武汉市民主党派大楼,写字楼,114.26296117853889,30.5843975563186,9606136211,316995510,0.0,0.8
ICC武汉环贸中心B座,写字楼,114.25709272073175,30.592187067489203,12251702157,12251702158,0.0,0.8
江北大楼,写字楼,114.26216206256984,30.587085087217883,9606164082,9606136211,0.0,0.8
武汉世界贸易大厦B号楼,写字楼,114.26329927810333,30.582580001007596,1230844008,1887914096,0.0,0.8
ICC武汉环贸中心,写字楼,114.25680865537181,30.59262803435379,12251702157,12251702158,0.0,0.8
楚天星座CD座,写字楼,114.25891188631657,30.59133545153685,1887914598,12251702141,0.0,0.8
武汉世界贸易大厦,写字楼,114.26353225072026,30.582409898525288,1230844008,1887914096,0.0,0.8
开丰电子大厦,写字楼,114.26145598824867,30.588871871921523,9606164082,9606136211,0.0,0.8
ICC武汉环贸中心A座,写字楼,114.25684262483288,30.593022866462306,1887932259,1887932252,0.0,0.8
金华大厦(建设大道),写字楼,114.25336189722546,30.594300804486263,1887932239,1885074572,0.0,0.8
中山广场(解放大道),写字楼,114.26391101503572,30.584296915946965,9606136211,316995510,0.0,0.8
虹能大厦,写字楼,114.25479022786884,30.594152329354685,1885074671,1887932230,0.0,0.8
中山广场1栋,写字楼,114.26396199715396,30.584384845552783,9606136211,316995510,0.0,0.8
武汉广场公寓楼第2座,写字楼,114.26434308187987,30.582466284060793,1186631624,1887914096,0.0,0.8
武广写字楼,写字楼,114.26449299691588,30.583065947073223,1887914096,7178873140,0.0,0.8
武广公寓B座,写字楼,114.26460302360834,30.582465089388947,1186631624,1887914096,0.0,0.8
湖北省委党校写字楼,写字楼,114.26272783254379,30.58883903705782,9606164082,9606136211,0.0,0.8
宇济天仙大厦4栋,写字楼,114.25541130932343,30.594485945434332,1885074671,1887932230,0.0,0.8
武商MALLA1座北区,写字楼,114.2647619977254,30.58233501759423,1186631624,1887914096,0.0,0.8
武商摩尔城商业综合体,写字楼,114.26476200633184,30.582235055006425,1186631624,1887914096,0.0,0.8
寐MINE武商广场8号楼,写字楼,114.26478096904107,30.582615897962604,1186631624,1887914096,0.0,0.8
中海中心23-24楼,写字楼,114.25856973287009,30.593042982741114,12251702139,9328966118,0.0,0.8
中海中心,写字楼,114.25855372091046,30.593176939838056,12251702139,12251702137,0.0,0.8
中海中心15A,写字楼,114.25856172043505,30.593184932455966,12251702139,12251702137,0.0,0.8
圣淘沙大厦,写字楼,114.26052881176048,30.5917603496701,1887914598,12251702141,0.0,0.8
西园商业街A座,写字楼,114.26351176587983,30.588083773233954,9606164082,9606136211,0.0,0.8
武汉国际广场购物中心,写字楼,114.26494287265758,30.58328252426341,1887914096,7178873140,0.0,0.8
690国际广场,写字楼,114.26496186784284,30.583284508941134,1887914096,7178873140,0.0,0.8
武汉广场公寓楼A1座,写字楼,114.2650299111799,30.58258671825855,1186631624,1887914096,0.0,0.8
西园商业街B座,写字楼,114.26356175230472,30.58813371838666,9606164082,9606136211,0.0,0.8
西园商业街D座,写字楼,114.26356175230472,30.58813371838666,9606164082,9606136211,0.0,0.8
西园商业街C座,写字楼,114.26356175230472,30.58813371838666,9606164082,9606136211,0.0,0.8
武汉国际广场-办公区,写字楼,114.2651468649779,30.582783554192044,1186631624,1887914096,0.0,0.8
中海中心商业B栋,写字楼,114.2591497360306,30.593097643029573,12251702139,9328966118,0.0,0.8
武汉国际广场购物中心A座,写字楼,114.26541985719255,30.582055614119337,1186631624,1887914096,0.0,0.8
武商mal楼UOOYAA店,写字楼,114.26535275125748,30.583490128979847,1887914096,7178873140,0.0,0.8
武汉国际广场购物中心-C座国广C区,写字楼,114.26581177399636,30.581784405712682,1186631624,1887914096,0.0,0.8
Babour武汉国际广场,写字楼,114.26586177716827,30.581584440536272,1186631624,1887914096,0.0,0.8
EHE武汉国际广场,写字楼,114.26620464046621,30.582021001298326,9599748107,1887914087,0.0,0.8
Barbour武汉国际广场B区24号,写字楼,114.26628160662762,30.582147891302647,9599748107,1887914087,0.0,0.8
Crocs国际广场,写字楼,114.26601174303482,30.58148435770004,1186631624,1887914096,0.0,0.8
湖北省武汉市江汉区解放大道696号武汉国际会展中心主楼,写字楼,114.26761115247615,30.582382691199157,9599748107,9599748058,0.0,0.8
游子乡大厦A座,写字楼,114.26881555274515,30.584064000648056,9599748058,1882302783,0.0,0.8
天瑞国际A座,写字楼,114.26884454383523,30.58403198657419,9599748058,1882302783,0.0,0.8
SOGO大楼,写字楼,114.26876654095591,30.58442890744,9599748058,1882302783,0.0,0.8
天瑞国际B座1栋,写字楼,114.26906045167817,30.584080772867917,9599748058,1882302783,0.0,0.8
游子乡大厦,写字楼,114.2690694436692,30.584130745902975,9599748058,1882302783,0.0,0.8
跨楼空间,写字楼,114.26901677464868,30.580540138025118,317114802,1880367371,0.0,0.8
天瑞国际B座,写字楼,114.26928637050447,30.58393162285066,9599748058,1882302783,0.0,0.8
恒隆广场-东中庭,写字楼,114.2694255537541,30.58112054799815,317114802,1880367371,0.0,0.8
SOGO写字楼B座,写字楼,114.26938332789986,30.583950526767467,9599748058,1882302783,0.0,0.8
游子乡大厦B座,写字楼,114.26945230593323,30.583864495615078,9599748058,1882302783,0.0,0.8
武汉恒隆广场办公楼1号楼,写字楼,114.26997935637685,30.580601226670414,1880363685,1880367374,0.0,0.8
武汉恒隆广场办公楼,写字楼,114.270006352878,30.58050123856645,1880363685,1880367374,0.0,0.8
西园商业街E座,写字楼,114.26411166494447,30.58788341298291,9606164082,9606136211,0.0,0.8
ifc大厦,写字楼,114.2707146908984,30.584376113161426,1882302783,1230844119,0.0,0.8
邮电大楼,写字楼,114.27139454866366,30.58215728313252,1880367371,6480234612,0.0,0.8
万松园路100号西园商业街E座一层1314号,写字楼,114.26381168716387,30.588333461787688,9606164082,9606136211,0.0,0.8
冬至大厦,写字楼,114.27165951963205,30.580929479480773,1880400462,1880363685,0.0,0.8
勤建大楼,写字楼,114.2722090590734,30.582928180385863,1880367371,6480234612,0.0,0.8
中国通信建设,写字楼,114.27207692544448,30.58529542354461,1230843697,1230843774,0.0,0.8
庭瑞中心B座,写字楼,114.27296068514127,30.582472580886048,1880395959,6480234611,0.0,0.8
庭瑞中心A1大厅,写字楼,114.2731335241831,30.583202127685222,6480234611,1880396008,0.0,0.8
武汉越秀IFC国金天地B楼,写字楼,114.27180094620864,30.586735156447165,1230843648,12231041224,0.0,0.8
武汉越秀国际金融中心T5栋,写字楼,114.27264948316498,30.586831260376844,1230844248,1230844107,0.0,0.8
越秀国际金融汇-T2写字楼,写字楼,114.27115912582843,30.588427149097075,1230843648,12231041224,0.0,0.8
越秀·国际金融汇5期,写字楼,114.27188881149803,30.587766677442048,1230843648,12231041224,0.0,0.8
越秀国金金融中心,写字楼,114.27270844666208,30.586876182757937,1230844248,1230844107,0.0,0.8
越秀国际金融汇T3写字楼,写字楼,114.27221061391982,30.588083233027685,12231041252,1882315337,0.0,0.8
越秀国际金融中心1期1栋,写字楼,114.273258133783,30.586902602374206,1230844248,1230844107,0.0,0.8
越秀·国际金融汇T1栋,写字楼,114.27094215138746,30.589365003558324,1882315337,12231041224,0.0,0.8
越秀,写字楼,114.27064026694856,30.589706165151227,12231041224,10162473178,0.0,0.8
越秀国际金融汇P4栋,写字楼,114.27220855961292,30.588725990714085,1882315337,12231041252,0.0,0.8
精武路华中国石化大厦,写字楼,114.27409761947949,30.587108634556984,1882315271,1882402547,0.0,0.8
振华大厦,写字楼,114.26188670007657,30.591683517482558,1887914598,9606164082,0.0,0.8
越秀国际金融汇4期7栋A座,写字楼,114.27268327438892,30.589036388197457,12231041252,1882315337,0.0,0.8
越秀·国际金融汇4期7B号楼,写字楼,114.27271325657004,30.58905035204376,12231041252,1882315337,0.0,0.8
福星国际商会大厦,写字楼,114.27016537019405,30.59107009671406,1882405954,10162473178,0.0,0.8
科技大楼(民主街),写字楼,114.27600789208527,30.581297713193965,1880396007,1880395976,0.0,0.8
福星国际商会大厦1栋,写字楼,114.27018735646446,30.59111305947349,1882405954,10162473178,0.0,0.8
越秀国际广场,写字楼,114.27305803936005,30.589324890769657,12231041235,12231041253,0.0,0.8
明渠综合楼,写字楼,114.2634113924091,30.59263210730405,1882413371,1882318596,0.0,0.8
万松芙蓉,写字楼,114.26288546838744,30.59278341936066,1882413371,1882318596,0.0,0.8
京汉大厦(京汉大道),写字楼,114.27635233424074,30.58503191994005,1880421436,1186631575,0.0,0.8
中电尊容国际大厦,写字楼,114.27600847081312,30.586178878325004,1880421436,1230843775,0.0,0.8
威宝大厦,写字楼,114.27651920445994,30.58519366767813,1880421436,1186631575,0.0,0.8
伟业大厦,写字楼,114.26850694252657,30.592563046195735,1882311543,7216530632,0.0,0.8
花样年华大厦3期,写字楼,114.27686804182758,30.584233626744137,1880421367,1880421493,0.0,0.8
世诺国际大厦B区,写字楼,114.27635624611032,30.586022541514243,1230843775,1880421436,0.0,0.8
大洋中心A座,写字楼,114.27585647488823,30.587322617097215,7604043556,1882402521,0.0,0.8
浦发银行大厦物业,写字楼,114.26965946144107,30.592626973704377,1882315411,1882405950,0.0,0.8
浦发银行大厦,写字楼,114.26961047695434,30.592693993397297,1882315411,1882405950,0.0,0.8
庭瑞大厦,写字楼,114.26815901092347,30.593314064953898,1882311543,7216530632,0.0,0.8
越秀国际金融汇A区,写字楼,114.27368756212067,30.590625733103064,12231041235,12231041243,0.0,0.8
聚银大厦1号楼,写字楼,114.27750544936801,30.585771301842147,1880421436,1230843775,0.0,0.8
东方商道,写字楼,114.27150459179026,30.592613209073647,7604043545,1882315274,0.0,0.8
九运大厦855栋,写字楼,114.2736475210566,30.591376488207054,12231041243,4519229805,0.0,0.8
凯盟大厦,写字楼,114.26776709418556,30.594020134465772,1882315268,1882413350,0.0,0.8
民航大厦,写字楼,114.27431315613296,30.590953938074172,12231041243,4519229805,0.0,0.8
云湖大厦,写字楼,114.26969335377562,30.593704527619433,7604043545,1882315274,0.0,0.8
汉江国际大厦1栋,写字楼,114.26880968793246,30.59412717319058,1882315274,1882311566,0.0,0.8
九运大厦,写字楼,114.27352754144304,30.591958391958443,7604043546,7604043545,0.0,0.8
阳光新天地,写字楼,114.26725323397625,30.594481396351195,1882326247,1882311565,0.0,0.8
武汉世贸大厦,写字楼,114.27750329144224,30.587620604209377,1230843831,1230844601,0.0,0.8
IFC国际金融中心物业,写字楼,114.26900960683253,30.594126992646725,7604043545,1882315274,0.0,0.8
盛源大厦1栋,写字楼,114.28070321384374,30.582418641495682,1880421338,1880421441,0.0,0.8
盛源大厦,写字楼,114.28082810484463,30.58245546849633,1880421338,1880421441,0.0,0.8
盛源大厦0栋,写字楼,114.28082810157005,30.582493454271724,1880421338,1880421441,0.0,0.8
互联网金融大厦,写字楼,114.2807852241138,30.581494882566133,1880421399,1880421441,0.0,0.8
融金大楼,写字楼,114.2792422852093,30.583885919790916,1880421493,1880421338,0.0,0.8
武汉前进电脑城写字楼,写字楼,114.28151738186487,30.583955019069275,1880455505,1880455525,0.0,0.8
科技王广场4号楼,写字楼,114.28060310421597,30.584667923940824,1880455525,1880455444,0.0,0.8
智慧安防大厦,写字楼,114.28245163277161,30.583016148468076,1880455427,1880455514,0.0,0.8
汉口科技王公寓,写字楼,114.28077793368713,30.58493260171574,1880477808,1880455525,0.0,0.8
银海商务大厦,写字楼,114.28270139973529,30.583087790449884,1880455427,1880455514,0.0,0.8
银海商务大厦A栋,写字楼,114.28270138008298,30.5833157049422,1880455514,1880477880,0.0,0.8
粮食大厦(江汉一路),写字楼,114.28320497110427,30.582682269640348,1880455427,1880455514,0.0,0.8
循礼·星光坊B座,写字楼,114.2787045104428,30.58616971624276,1186631634,2289778025,0.0,0.8
中百商厦,写字楼,114.2842458636978,30.58410532252741,1880455427,1880477884,0.0,0.8
中心百货17号楼,写字楼,114.28407899617604,30.584426430149282,1880455514,1880477880,0.0,0.8
中心百货大楼,写字楼,114.28451959227543,30.584182916954646,1880477884,1880455427,0.0,0.8
江龙大厦,写字楼,114.28434969815895,30.584862894742777,1880455514,1880477880,0.0,0.8
长盛大厦主楼,写字楼,114.28380016371484,30.58556338158034,1880477872,1880455505,0.0,0.8
中央荣耀宝利金B1座,写字楼,114.28363928797296,30.585886477877164,1880455505,1880477872,0.0,0.8
长盛大厦附楼,写字楼,114.28361231029554,30.585922500809012,1880477872,1880455505,0.0,0.8
港澳中心,写字楼,114.28475929801853,30.584883321956674,1880455514,1880477880,0.0,0.8
平安大厦A栋,写字楼,114.28524917891988,30.580663222329363,1880447679,1419140489,0.0,0.8
世纪大厦A座,写字楼,114.28139518935036,30.587418869056865,11303773606,11303773602,0.0,0.8
世纪大厦(京汉大道)-9号楼,写字楼,114.28137520428847,30.587446884258956,1880455444,1186631543,0.0,0.8
平安大厦35号楼,写字楼,114.28569868559045,30.58116240503193,1880447679,1880447678,0.0,0.8
香港大厦商务中心,写字楼,114.28534374305123,30.58462060693507,1880455427,1880477884,0.0,0.8
平安大厦,写字楼,114.28580157622018,30.58122523638472,1419140443,1419140487,0.0,0.8
二轻大楼,写字楼,114.28544163205352,30.584773412149897,1880477884,1880455427,0.0,0.8
京汉大道商住楼B栋,写字楼,114.28180180341057,30.587765209650335,11303773594,11303773602,0.0,0.8
京汉大道商住楼,写字楼,114.28200161349172,30.58791489165953,11303773594,1186631543,0.0,0.8
穗丰大厦B座,写字楼,114.28282589737525,30.587588926291694,11303773610,1880483301,0.0,0.8
穗丰大厦,写字楼,114.28280491263008,30.587634936790714,1880483301,11303773594,0.0,0.8
穗丰大厦1座,写字楼,114.2828508723195,30.587613883526988,11303773610,1880483301,0.0,0.8
船舶国际广场A栋,写字楼,114.28084758472875,30.5882912414176,1186631537,14124032107,0.0,0.8
金宝大厦1栋,写字楼,114.28528166085442,30.586289064050774,11303773618,11303773643,0.0,0.8
金宝大厦J座,写字楼,114.28538755939542,30.586240933970505,11303773643,1880480112,0.0,0.8
义成大厦2号楼,写字楼,114.28620283171136,30.585116207376004,1880477884,1880477840,0.0,0.8
义成大厦6号,写字楼,114.28620283171136,30.585116207376004,1880477884,1880477840,0.0,0.8
船舶国际广场写字楼,写字楼,114.28152697682879,30.588551268285443,1880480139,1186631537,0.0,0.8
船舶国际广场,写字楼,114.28152497797005,30.588558268213948,1880480139,1186631537,0.0,0.8
金宝大厦G座,写字楼,114.28548246169728,30.58627278878488,11303773643,1880480112,0.0,0.8
建华大厦B座,写字楼,114.28509880594157,30.58671115965296,1880480117,1880480112,0.0,0.8
盘子摄影(江汉二路店),写字楼,114.2867803328279,30.583983807879985,1880477876,12169338008,0.0,0.8
建华大厦,写字楼,114.28509780641296,30.586717158774672,1880480117,1880480112,0.0,0.8
金宝大厦(江汉二路),写字楼,114.28547546395946,30.586327777809107,11303773643,1880480112,0.0,0.8
金色大厦,写字楼,114.28549844240293,30.586310751982435,11303773643,1880480112,0.0,0.8
金宝大厦A座,写字楼,114.28552441756489,30.586296720797954,11303773643,1880480112,0.0,0.8
义成大厦1号楼,写字楼,114.28649754630548,30.584909864733422,1880477876,1880477884,0.0,0.8
大洋中心2期,写字楼,114.27727437124956,30.588629489893485,1230843831,1230844601,0.0,0.8
浙江大楼,写字楼,114.28702907979233,30.583901480453207,1880477876,12169338008,0.0,0.8
金路易大厦,写字楼,114.28628470303488,30.585633895431126,1880477884,1880477840,0.0,0.8
金丰大厦,写字楼,114.28614781946467,30.585909985941154,1880480112,1880477840,0.0,0.8
金路易大厦B座,写字楼,114.28639759331693,30.58555976239933,1880477884,1880477840,0.0,0.8
世纪商厦3栋,写字楼,114.28264597544106,30.588588785712215,1186631543,1880480136,0.0,0.8
世纪商厦,写字楼,114.28273889035235,30.588592660750365,11303773596,11303773594,0.0,0.8
鑫成俊杰大厦12栋,写字楼,114.283894855177,30.58809529372268,1880483285,1880480133,0.0,0.8
鑫成俊杰A座,写字楼,114.28408268075349,30.58803905881074,1880483285,1880480133,0.0,0.8
花楼街宝丽金国际广场1座,写字楼,114.2874469185419,30.58066008858802,4154270306,1419140490,0.0,0.8
武汉文创大楼,写字楼,114.28733369480953,30.584640761229522,12161412682,1880510921,0.0,0.8
扬子街婚庆大楼,写字楼,114.28777734494969,30.583218649498104,1880510922,1880510919,0.0,0.8
鑫成俊杰,写字楼,114.28438137755062,30.588221579937333,1880480122,1880480133,0.0,0.8
宝利金国际广场C1座,写字楼,114.28722224341281,30.579652789821225,4154270306,1419140490,0.0,0.8
工商银行大楼,写字楼,114.28790532106078,30.581903954719486,5875253770,5875253765,0.0,0.8
宝丽金国际公馆7座,写字楼,114.28729718513549,30.579410771154972,1419140459,4360488928,0.0,0.8
供销大厦T2栋,写字楼,114.27700549655343,30.589420502615383,12231041251,1882315265,0.0,0.8
鑫成俊杰B座,写字楼,114.28452422415933,30.58839431757731,1880480122,1880480133,0.0,0.8
宝丽金国际广场D栋,写字楼,114.28784649178684,30.58065950566907,1419140459,1419140490,0.0,0.8
鑫成俊杰4座,写字楼,114.2844772581885,30.58852833133522,1880480122,11303773598,0.0,0.8
金茂大楼,写字楼,114.27821657414621,30.589769937891912,1882315361,4519229803,0.0,0.8
南国中心T1写字楼,写字楼,114.27675366266057,30.589568738173103,12231041251,1882315265,0.0,0.8
南国中心T2写字楼,写字楼,114.27651681188313,30.5897649362656,12231041249,12231041251,0.0,0.8
宝利金国际广场2期5座,写字楼,114.28814623759816,30.57985936365626,4360488928,1419140459,0.0,0.8
泛悦南国中心二期写字楼,写字楼,114.27641287663414,30.589852022260892,12231041249,12231041251,0.0,0.8
鸿润楼,写字楼,114.28587389198873,30.588300468234536,1880480111,1880480166,0.0,0.8
德润大厦4号楼,写字楼,114.28589486251431,30.588395402472333,1880480166,1880480111,0.0,0.8
德润大厦C座,写字楼,114.28581792521211,30.58857244391241,1880480166,1880480111,0.0,0.8
志诚大厦1幢,写字楼,114.27930365562113,30.590617291985264,12149962845,4519229803,0.0,0.8
金茂大楼附楼,写字楼,114.27670863128732,30.590300510873035,12149962845,4519229803,0.0,0.8
德润大厦外卖柜,写字楼,114.28584788735502,30.588659368493893,1880477864,1880480122,0.0,0.8
德润大厦2号楼,写字楼,114.28579393696909,30.58871742263065,1880477864,1880480122,0.0,0.8
德润大厦鸿润楼A栋,写字楼,114.28614759953778,30.5884590198593,1880477857,1880480166,0.0,0.8
江岸区德润大厦吉润楼A1座,写字楼,114.28582689523711,30.58881433918131,1880477864,1880480122,0.0,0.8
汉港大厦,写字楼,114.28704172003195,30.58791294625721,1880480119,11303773588,0.0,0.8
汉港大厦1号,写字楼,114.28709665841959,30.58795784981835,1880477807,11303773589,0.0,0.8
汉港大厦D座,写字楼,114.287209544526,30.587899708550264,1880480119,1880477807,0.0,0.8
钻石大厦2期,写字楼,114.28934482794179,30.580907191631578,5875253772,317407286,0.0,0.8
怡博公司写字楼,写字楼,114.28757519026348,30.587511324682644,1880480119,1880504367,0.0,0.8
广帝实业写字楼,写字楼,114.2756293271985,30.590796549492868,4519229803,14124032112,0.0,0.8
正信大厦,写字楼,114.28993419617868,30.5805354415484,5875253713,5875253715,0.0,0.8
景明银行大楼,写字楼,114.29049330934645,30.58340451744447,1880506150,1880510916,0.0,0.8
亚洲证券大厦B座,写字楼,114.28824537018583,30.588655907286938,1880477807,4523471915,0.0,0.8
亚洲证券大厦,写字楼,114.28827832893737,30.58871883473569,1880477807,4523471915,0.0,0.8
江岸商投,写字楼,114.29119962906452,30.581792036685954,1880510918,5875253740,0.0,0.8
物资大厦,写字楼,114.28682173404327,30.590416309532696,1882026454,11303773538,0.0,0.8
扬子大厦,写字楼,114.29137728210372,30.58339616084868,1880509263,1880506150,0.0,0.8
金色未来大厦B区,写字楼,114.28574777279867,30.591158555893838,11303773536,11303773548,0.0,0.8
火凤外滩中心,写字楼,114.29367359411968,30.582458898332355,13903348080,13903348212,0.0,0.8
世通物流大楼,写字楼,114.29363362612105,30.58265988690323,5875253756,5875253755,0.0,0.8
汉口汇丰银行大楼,写字楼,114.29404403324644,30.583629865280123,13903348080,1880527298,0.0,0.8
武汉港大楼,写字楼,114.29288767734826,30.58107266664058,13903348212,1880510926,0.0,0.8
国际青年大厦,写字楼,114.29288744076094,30.583812640613697,13903348080,1880527298,0.0,0.8
银丰大厦,写字楼,114.29287845090873,30.58382165144661,13903348080,1880527298,0.0,0.8
汉口麦加利银行大楼,写字楼,114.29242596687317,30.58418322892101,1880527298,5875253752,0.0,0.8
君安大厦,写字楼,114.29393193289259,30.586402999568854,1880509264,1880527307,0.0,0.8
武咨大厦,写字楼,114.29551487212785,30.587122161625942,10029915075,1880527340,0.0,0.8
武替大厦,写字楼,114.29623194861288,30.58709799186544,10029915075,1880527340,0.0,0.8
报社大楼,写字楼,114.29198222656683,30.587325737044875,1880506161,1880527301,0.0,0.8
时代广场2座,写字楼,114.2962768428627,30.587645709945125,7170382600,1880527340,0.0,0.8
时代一号写字楼,写字楼,114.29654343844174,30.58830301909979,7170382600,1880527340,0.0,0.8
君安大厦-写字楼,写字楼,114.29388878806891,30.588697198109887,1880504401,1880527297,0.0,0.8
新丽大厦丰巢柜,写字楼,114.29245153585887,30.588812436613402,1880506160,1880527338,0.0,0.8
楚天实业大厦,写字楼,114.29125499027356,30.588432446680024,1880506161,1880506160,0.0,0.8
楚天实业大厦1栋,写字楼,114.29124200384516,30.588451459517998,1880506160,1880527319,0.0,0.8
华侨大厦,写字楼,114.29644151294154,30.588979930310163,7170382600,7170382601,0.0,0.8
凯天大楼,写字楼,114.29575333887031,30.589743773560425,1881983318,1880504401,0.0,0.8
乐凯大厦,写字楼,114.29531089461139,30.589879446181317,1881983318,1880504401,0.0,0.8
武汉数码港,写字楼,114.28988147817883,30.589536127429618,4261883432,1688268491,0.0,0.8
武汉数码港大厦,写字楼,114.28989346312513,30.589553102812015,4261883432,1688268491,0.0,0.8
新源大厦,写字楼,114.29391359126498,30.59061642611587,1880504369,1881983316,0.0,0.8
风和日丽,写字楼,114.2963704694756,30.590552447735003,1881983318,1880504401,0.0,0.8
海源科技主楼,写字楼,114.29081835320824,30.590122475209107,1880504390,1880527320,0.0,0.8
庭小麓商业空间,写字楼,114.2970066328438,30.590588377934683,1881983318,1881983319,0.0,0.8
长河大厦,写字楼,114.2978155532319,30.590659996557644,1881983569,1881983319,0.0,0.8
大卫办公公寓,写字楼,114.29286482861018,30.59120986942175,1880504369,1880504395,0.0,0.8
融兴大厦,写字楼,114.28859086851097,30.590098846380602,11303773552,11303773555,0.0,0.8
怡东大厦B座,写字楼,114.29698455352396,30.59184093497023,1881983568,1881984010,0.0,0.8
怡东大厦,写字楼,114.29668194252687,30.59193940038915,1881983320,1881983326,0.0,0.8
怡东大厦A座,写字楼,114.29678081375916,30.59192924007352,1881983320,1881983326,0.0,0.8
怡东大厦19A座,写字楼,114.2967848074799,30.59194122883634,1881983568,1881984010,0.0,0.8
江岸区开源大厦,写字楼,114.2972092273598,30.59218342879813,1881983568,1881984010,0.0,0.8
江岸数码港,写字楼,114.2921346143486,30.592302599297952,1881983329,1880504365,0.0,0.8
江汉二路甲乙型综合楼,写字楼,114.28265144285305,30.583115846294877,1880455427,1880455514,0.0,0.8
燃料大楼,写字楼,114.28720231286107,30.590669663301767,1882026454,11303773541,0.0,0.8
武汉市妇联大楼,写字楼,114.2974408732087,30.592728831892465,1881984010,1881983568,0.0,0.8
艾卢克公馆,写字楼,114.2922833798273,30.592954115772333,1881983329,1882034696,0.0,0.8
智创空间-1号楼规创传媒放监控室,写字楼,114.29840758480627,30.592663229756386,1881984010,1882003792,0.0,0.8
金源世界中心B座,写字楼,114.29429887377906,30.59335575539603,1881983321,1881983315,0.0,0.8
金源世界中心A座,写字楼,114.29410910200266,30.593459021173842,1881983315,1881962506,0.0,0.8
金源世界中心,写字楼,114.29430984482184,30.59353166995978,1881962506,1881983321,0.0,0.8
金源世界中心20号楼,写字楼,114.29442070359701,30.593557481153695,1881983315,1881983321,0.0,0.8
金源世界中心CD座,写字楼,114.29453755357537,30.593594278171494,1881983321,1881983315,0.0,0.8
金源世界中心D座,写字楼,114.29453455717164,30.59359628224451,1881983315,1881983321,0.0,0.8
金源世界中心C座,写字楼,114.29453455648064,30.593604279164612,1881983321,1881983315,0.0,0.8
恒远商务中心,写字楼,114.29338898171726,30.59359612088718,1882034688,1881983328,0.0,0.8
长青广场商务中心A座,写字楼,114.29327611659646,30.59363828427612,1882034688,1881983328,0.0,0.8
长江大厦13栋,写字楼,114.2885464752043,30.5720616447847,1419796812,1270140835,0.0,0.8
长青广场商务中心E座,写字楼,114.2917838943163,30.593895533995536,1882034688,1882034692,0.0,0.8
长青广场商务中心,写字楼,114.29232022504252,30.594232565423912,1882034688,1882034692,0.0,0.8
长青广场D座,写字楼,114.29234718946094,30.594269508839126,1882034692,1882034688,0.0,0.8
友益大厦,写字楼,114.29353868507769,30.59489538083692,1882034688,1882035259,0.0,0.8
盈安大厦,写字楼,114.28711816064823,30.59345771508516,1882284064,1882284060,0.0,0.8
E品国际,写字楼,114.29303528135294,30.59513808771673,1882034688,1881983314,0.0,0.8
锋尚时代大厦1号楼,写字楼,114.29723393017234,30.595239209867916,1881981626,12167690315,0.0,0.8
锋尚时代大厦,写字楼,114.29723392939457,30.595248206388945,1881981626,12167690315,0.0,0.8
绿地·海珀御观3期,写字楼,114.31495875503744,30.582062289804156,3125539283,3125539279,0.0,0.8
铂瑞公馆B座4809,写字楼,114.31537101205247,30.583002155952663,3125539288,3125539283,0.0,0.8
立城中心商务楼,写字楼,114.31560750108618,30.584510140218413,12174256964,12174256954,0.0,0.8
绿地国际金融城2期,写字楼,114.31610695320727,30.581562297532727,12174256919,3125539278,0.0,0.8
绿地楚峰大厦,写字楼,114.31599189266251,30.58439345399882,3125539288,12174256954,0.0,0.8
绿地铭创大厦C1座,写字楼,114.31605717682076,30.579911008162224,12172561312,12172561313,0.0,0.8
绿地铭创大厦,写字楼,114.31634168498697,30.580293324749384,3125539278,12172561312,0.0,0.8
汉沪青年交流大厦,写字楼,114.31675594532405,30.581109231927762,3125539278,12174256919,0.0,0.8
绿地新田360-5F,写字楼,114.31675559419695,30.585157712997695,12174256964,12174256965,0.0,0.8
铂瑞公馆A座,写字楼,114.31666671198789,30.585454770121018,12174256964,12174256965,0.0,0.8
绿地蓝海写字楼B3座,写字楼,114.31812238624646,30.585084133918393,12174256921,5942140625,0.0,0.8
绿地蓝海A1座,写字楼,114.31870250233943,30.584404281585453,12174256921,5942140625,0.0,0.8
绿地国际金融城7座,写字楼,114.31868951954986,30.58444928945703,12174256921,5942140625,0.0,0.8
绿地国际金融城A04地块,写字楼,114.31870244162278,30.585104017962536,12174256921,5942140625,0.0,0.8
绿地国际金融城蓝海写字楼,写字楼,114.31929149522833,30.584956946711486,12174256921,5942140625,0.0,0.8
绿地国际金融城B2座,写字楼,114.31934242379218,30.58482389941611,12174256921,5942140625,0.0,0.8
绿地国际金融城,写字楼,114.31934138230422,30.585320714001448,5942140625,12174256921,0.0,0.8
绿地国际金融城A栋,写字楼,114.31954807734182,30.584952457324814,5942140625,12174256921,0.0,0.8
云玺写字楼,写字楼,114.3194392012317,30.585569432879836,12174256921,5942140625,0.0,0.8
两江游览办公楼,写字楼,114.31700179076134,30.589823473235015,12174256911,8197552596,0.0,0.8
武昌万象城MRmaimai,写字楼,114.32137609613581,30.584887979054486,4516243576,5988973489,0.0,0.8
尚美楼,写字楼,114.32181531995754,30.585544888898944,4516243421,4516243303,0.0,0.8
V+合伙人大厦,写字楼,114.32377650887734,30.58091086736768,5325077198,3044752002,0.0,0.8
三角大厦,写字楼,114.3259478249638,30.582346170528368,5988973737,5988973718,0.0,0.8
鹏程商务中心,写字楼,114.324236127457,30.588126268105942,4516243304,3125539313,0.0,0.8
社院大厦,写字楼,114.3254400692879,30.589096591883198,4516243572,13874080491,0.0,0.8
供电局综合楼,写字楼,114.32608993570204,30.589888045996155,5804140852,5804292744,0.0,0.8
油料所办公大楼,写字楼,114.33369344407569,30.58027426190694,5325050466,4516243510,0.0,0.8
前程中心,写字楼,114.32402324188345,30.590822647738513,5804140852,5804292744,0.0,0.8
宸胜国际中心,写字楼,114.32399221263564,30.59174335444839,5804309057,5804153590,0.0,0.8
东原时光道写字楼,写字楼,114.33427692570939,30.58702363559432,5804110884,4516243382,0.0,0.8
徐家棚龙湖滨江天街A栋,写字楼,114.32603983063558,30.59203731898619,13874080472,13874080463,0.0,0.8
武汉长江中心云玺,写字楼,114.32265934901382,30.592305694800036,5804309057,5804153590,0.0,0.8
东原时光广场,写字楼,114.33476909638676,30.587566513212902,3125539294,4181217448,0.0,0.8
龙湖101B塔,写字楼,114.32948422016202,30.591880809590364,13110036853,3125539332,0.0,0.8
武汉长江中心·云玺T1写字楼,写字楼,114.32269525207624,30.592743457683003,5804309057,5804153590,0.0,0.8
滨江天街小米之家四楼,写字楼,114.32550163771339,30.592895019583597,13874080463,13874072472,0.0,0.8
龙湖清能武汉滨江国际,写字楼,114.3269382382854,30.593435063544486,13874231264,13874080472,0.0,0.8
龙湖清能武汉滨江国际A栋写字楼,写字楼,114.32723773981405,30.59353445313012,13874231264,13874080472,0.0,0.8
鹏程天地汇2号楼,写字楼,114.33622375999933,30.588019646483296,4181217449,4181217448,0.0,0.8
徐家棚龙湖滨江天街写字楼,写字楼,114.32998328313109,30.593329305455896,13110036853,13110036854,0.0,0.8
中国农业科学院油料研究所新大楼,写字楼,114.33906967369364,30.58416590049414,3125539301,8197656655,0.0,0.8
阿里中心39号楼,写字楼,114.33577415789551,30.59156912191884,1014368393,1014368382,0.0,0.8
八一办公楼,写字楼,114.32094787849184,30.595445765995716,13900232623,13872516352,0.0,0.8
鄂北局办公楼,写字楼,114.33906939061804,30.58741467314625,4197042117,4197042118,0.0,0.8
汇金中心,写字楼,114.34362862467121,30.58651390495128,4516243593,4516243570,0.0,0.8
群星城K3-2楼,写字楼,114.34372942458086,30.587116500918167,3125539321,3125539312,0.0,0.8
汇金中心K3,写字楼,114.34388119567406,30.58719920533898,3125539321,4516243593,0.0,0.8
汇金国际众创商务中心,写字楼,114.34465703714297,30.58756372243789,299848306,4200233028,0.0,0.8
群星城K3-1写字楼,写字楼,114.34465703714297,30.58756372243789,299848306,4200233028,0.0,0.8
联发国际大厦,写字楼,114.34731452986885,30.58453834195672,2401313023,2401313018,0.0,0.8
联发国际大厦A座,写字楼,114.34740341938578,30.584387249796944,2401313023,2401313018,0.0,0.8
中力企业大厦F座,写字楼,114.34111610772669,30.589360254655162,3125539331,3125539321,0.0,0.8
中力企业大厦,写字楼,114.34101825059176,30.589412409294585,3125539323,3125539331,0.0,0.8
龙潭SOMO,写字楼,114.34635868116719,30.586702137015745,6505394751,299848306,0.0,0.8
龙潭大厦,写字楼,114.34655242328708,30.586526875161805,6505394751,299848306,0.0,0.8
广泽大厦,写字楼,114.34530908040006,30.587775520001934,299848306,4200233028,0.0,0.8
中铁科技大厦(徐东大街),写字楼,114.34424255528494,30.588507080916653,299848306,4200233028,0.0,0.8
龙潭大厦A座,写字楼,114.34643956650697,30.586707997676704,6505394751,299848306,0.0,0.8
龙潭大厦B座,写字楼,114.34672019451692,30.5864446226366,6505394751,299848306,0.0,0.8
席梦思徐东欧亚达3号楼,写字楼,114.33961833603173,30.58986274906138,3125539323,3125539331,0.0,0.8
徐东嘉园B座,写字楼,114.34890828998918,30.58508648602735,2401313019,6505394751,0.0,0.8
凯旋门广场1栋,写字楼,114.34196472230514,30.59065825124681,4181217433,4181217445,0.0,0.8
凯旋门广场10座,写字楼,114.34121582239129,30.590909484991336,4181217433,4181217438,0.0,0.8
凯旋门广场B座,写字楼,114.34195772018252,30.590802208553942,4181217433,4181217445,0.0,0.8
凯旋门广场8座,写字楼,114.34141551363604,30.59100909142482,4181217433,4181217438,0.0,0.8
凯旋门广场,写字楼,114.34130267994396,30.591045278326348,4181217433,4181217438,0.0,0.8
福星惠誉国际城写字楼,写字楼,114.33834517881003,30.59116755711668,4181217451,4181217450,0.0,0.8
国家能源大厦,写字楼,114.34950253985586,30.584481739313322,6505353701,2401313019,0.0,0.8
徐东欧洲花园写字楼,写字楼,114.3411209294833,30.591318497429153,4181217438,4181217439,0.0,0.8
徐东办公大楼,写字楼,114.34126570374501,30.591409204721103,4181217438,4181217439,0.0,0.8
华中电力金融大厦,写字楼,114.35040539660974,30.583780536476173,6505353698,6505353700,0.0,0.8
阿里中心·武汉T2办公楼,写字楼,114.33593689676796,30.591623800086893,1014368393,1014368382,0.0,0.8
能源大厦(徐东大街),写字楼,114.3512453418388,30.583224396629124,299848302,6505353698,0.0,0.8
环球中心,写字楼,114.3515700989001,30.581175646551785,8197650564,4873564199,0.0,0.8
国云科技大厦,写字楼,114.35154016574221,30.58085481392824,8197650564,4873564199,0.0,0.8
水果湖街道国云科技大厦1栋,写字楼,114.35155215099496,30.580845798236762,8197650564,4873564199,0.0,0.8
M环球中心4号楼,写字楼,114.35168096896562,30.581020528396774,8197650564,4873564199,0.0,0.8
时尚欧洲五栋C座,写字楼,114.34164000469508,30.592982934849985,4181217439,4181217438,0.0,0.8
阿里中心·武汉,写字楼,114.33598472416656,30.592739283322924,299853241,2401313048,0.0,0.8
阿里中心·武汉T1办公楼,写字楼,114.33593779123561,30.59281734001647,299853241,2401313048,0.0,0.8
兆丰徐东综合楼,写字楼,114.33971886756689,30.593470184127632,2401313054,4197064149,0.0,0.8
中兴时代数贸港A座,写字楼,114.35280243508089,30.582159337099277,299851875,10281923089,0.0,0.8
武汉数创大厦,写字楼,114.33739242948727,30.593775294652673,2401313062,2401313065,0.0,0.8
中兴时代数贸港8座,写字楼,114.3531249839864,30.582667644212766,299851875,10281923089,0.0,0.8
君临国际A座,写字楼,114.33707191706465,30.593915828143395,2401313062,2401313065,0.0,0.8
中兴时代数贸港B座,写字楼,114.35316693462208,30.5826295933141,299851875,10281923089,0.0,0.8
鸿源国际公馆写字楼,写字楼,114.3530009298945,30.585070933247273,10281923079,8197650583,0.0,0.8
洪山区万利广场A1座,写字楼,114.34064039077595,30.59434219265583,4197064151,4197064149,0.0,0.8
中兴时代·数贸港,写字楼,114.35368640837852,30.58122931386131,2401313009,8209518239,0.0,0.8
中兴时代数贸港C座,写字楼,114.35375724162624,30.582130867603173,2401313009,8209518239,0.0,0.8
万利广场写字楼,写字楼,114.34101579185746,30.59470838037149,4197064151,4197064149,0.0,0.8
万利广场B座,写字楼,114.34111561476965,30.595014084147582,4197064151,1014368377,0.0,0.8
中冶南方大厦A幢,写字楼,114.35435461872173,30.580836436448635,2401313009,7947070552,0.0,0.8
徐家棚匠心城,写字楼,114.33406861228639,30.59442119347731,3125539333,13110036812,0.0,0.8
东湖国贸中心,写字楼,114.35613049386889,30.580762795421553,5165225483,5164457618,0.0,0.8
德成国贸中心,写字楼,114.35642714353062,30.580795345248163,5165225483,5164457618,0.0,0.8
德成国贸中心(地铁4号线岳家嘴站D出口),写字楼,114.35709533134191,30.58123720194309,5165225483,5164457618,0.0,0.8
德成国贸中心D栋,写字楼,114.35718821373588,30.58136401948351,5165225478,5165225483,0.0,0.8
恒大科技旅游城B栋,写字楼,114.35705440047852,30.580984355967225,5165225483,5164457618,0.0,0.8
正堂山外山B栋,写字楼,114.35713330534942,30.58103622175554,5165225483,5164457618,0.0,0.8
正堂时代,写字楼,114.3586224332933,30.583282244150514,4540472547,8197650576,0.0,0.8
骏业财富中心D座,写字楼,114.35889302203994,30.584583372868924,4540472547,8197650576,0.0,0.8
骏业财富中心C座,写字楼,114.35947243084512,30.58414772606404,8197650576,4540472547,0.0,0.8
骏业·财富中心B座,写字楼,114.35979109378772,30.584094304165507,8197650576,4540472547,0.0,0.8
骏业·财富中心,写字楼,114.35985497797905,30.584639010763386,8197656620,4540472547,0.0,0.8
骏业财富中心F座,写字楼,114.3598239678091,30.585132867369257,4540472547,8197650576,0.0,0.8
骏业财富中心A座,写字楼,114.36037142211049,30.58475025944781,8197656620,4540472547,0.0,0.8
骏业财富中心I座,写字楼,114.36024151222708,30.585281236893564,8197656620,4540472547,0.0,0.8
骏业财富中心H座,写字楼,114.36012860939232,30.585532296951726,8197656620,4540472547,0.0,0.8
伊顿国际中心写字楼,写字楼,114.36227934157863,30.58630611715783,8197656623,8197656620,0.0,0.8
城投大楼,写字楼,114.35512869438962,30.59209200233259,4197064159,1205415464,0.0,0.8
康明大厦,写字楼,114.36623563660694,30.586972914010122,2418537539,1863058995,0.0,0.8
渔光秀办公楼,写字楼,114.36803523848258,30.586066168248166,2418537551,2418537489,0.0,0.8
光年OFFICE,写字楼,114.35530921210744,30.595125561774406,7227625018,1205415464,0.0,0.8
保利城3期G2栋B座,写字楼,114.35527421452305,30.59557743941492,7227625018,1205415464,0.0,0.8
东亭新嘉源物业楼,写字楼,114.36822461380778,30.591499885328314,8197656641,9440500502,0.0,0.8
国家管网大厦,写字楼,114.37715811398536,30.592178951711997,13448808268,6505353313,0.0,0.8
东方里商业街S楼,写字楼,114.37997711135118,30.59175798193886,13448808268,6505353313,0.0,0.8
双子座T栋,写字楼,114.37922727570856,30.592658173453362,6505353313,13448808268,0.0,0.8
招商·江湾国际-监控中心,写字楼,114.18419550341346,30.596527269031608,8192087170,4540338634,0.0,0.8
汉江湾1号8号写字楼,写字楼,114.17747590850067,30.605911506635064,2383219223,12840314136,0.0,0.8
招商·江湾国际A号楼,写字楼,114.18600823745749,30.599006469452334,8192087176,8192087175,0.0,0.8
招商江湾国际B栋,写字楼,114.18680242921799,30.598531026140623,8192087175,8192087176,0.0,0.8
凯德广场西城T2办公楼,写字楼,114.1868052725346,30.600421292954255,8192087175,8192087171,0.0,0.8
西城公馆,写字楼,114.1871823961009,30.599196419421745,8192087176,8192087175,0.0,0.8
古田街道云彩大厦2单元,写字楼,114.18628774603921,30.601875830182063,3044755085,8192087174,0.0,0.8
高投创慧写字楼,写字楼,114.18742915046623,30.598157247068343,8192087175,8192087176,0.0,0.8
汉江湾国际中心,写字楼,114.18760161751705,30.598115558148226,8192087175,8192087176,0.0,0.8
招商江湾国际C栋写字楼,写字楼,114.18760462411323,30.598132556668624,8192087175,8192087176,0.0,0.8
百度创新中心副楼,写字楼,114.1863508384626,30.602778584291432,11878306868,8887319027,0.0,0.8
凯德西城T1栋,写字楼,114.18734368101404,30.60091302459045,8192087171,8192087175,0.0,0.8
古田项目购物中心T1号楼,写字楼,114.18745398040998,30.600881225822942,8192087175,8192087171,0.0,0.8
凯德广场(西城店)-海洋中庭,写字楼,114.18782003987681,30.599999196143656,8192087176,8192087175,0.0,0.8
凯德广场(西城)苹果onezero店,写字楼,114.18778792700503,30.60030702099897,8192087174,4540338550,0.0,0.8
网商总部大厦,写字楼,114.19157993601405,30.60048029838813,9425844027,8887319025,0.0,0.8
网商总部大厦B座,写字楼,114.19203513674248,30.600272124310486,9425844027,8887319025,0.0,0.8
网商总部大厦A座,写字楼,114.1914977137516,30.60057412677524,9425844027,8887319025,0.0,0.8
海尔产城创国际广场,写字楼,114.19168612924213,30.60143709747105,8887319025,5522651149,0.0,0.8
环同济大厦,写字楼,114.19214325028622,30.60219154789998,8887319025,5522651149,0.0,0.8
汉口春天写字楼,写字楼,114.19580688726433,30.598682757291936,5343198034,11878347571,0.0,0.8
武汉十建大楼,写字楼,114.19442212382748,30.60184234721415,9425844027,7056025081,0.0,0.8
海尔国际广场写字楼,写字楼,114.19547463711767,30.6034933536181,4540338566,4540338489,0.0,0.8
中百仓储B座,写字楼,114.19089470789089,30.605536179519007,3734092007,3734092008,0.0,0.8
汇丰企业总部8号楼B座,写字楼,114.19051168619194,30.605734466769448,3734092007,3734092008,0.0,0.8
丰盛楼B座,写字楼,114.19117843554571,30.605701582040886,3734092007,3734092008,0.0,0.8
丰杰楼B座,写字楼,114.19080846019858,30.60578693757588,3734092007,3734092008,0.0,0.8
丰杰楼,写字楼,114.19051167313036,30.605884407307844,3734092007,3734092008,0.0,0.8
丰盛楼A座,写字楼,114.19146616857526,30.60590497457687,3734092007,3734092008,0.0,0.8
汇智楼B座,写字楼,114.18940974248287,30.606154461233363,3734092008,3734092009,0.0,0.8
汇信楼B座,写字楼,114.18950800142717,30.606169620056573,3734092008,3734092009,0.0,0.8
汇丰企业总部8号楼A座,写字楼,114.19058183599417,30.60613042610167,3734092013,3734092008,0.0,0.8
汇信楼,写字楼,114.18969348563988,30.606244900897963,3734092008,3734092009,0.0,0.8
国际企业峰汇C1座,写字楼,114.1881724227936,30.606449254600754,3734092009,3044755092,0.0,0.8
汇丰·企业总部6号楼A座,写字楼,114.18873692302081,30.606523181765645,3734092009,3734092015,0.0,0.8
汇丰企业总部6栋B座,写字楼,114.18865670427377,30.606581023189808,3734092009,3734092015,0.0,0.8
丰俊楼A座,写字楼,114.19233538623381,30.60635321677502,3734092010,3734092007,0.0,0.8
丰才楼A座,写字楼,114.19168268142924,30.606490097444276,3734092010,3734092013,0.0,0.8
丰贤楼A座,写字楼,114.19086652989695,30.606735657086112,3734092013,3734092008,0.0,0.8
凯景国际大厦A座,写字楼,114.1934322196933,30.60623103653266,3734092010,3734092007,0.0,0.8
丰才楼4号B座,写字楼,114.1914821378564,30.606737670292752,3734092010,3734092013,0.0,0.8
国际企业峰汇C3座,写字楼,114.18759986113346,30.60676115525121,3734092009,3044755092,0.0,0.8
丰俊楼B座,写字楼,114.1921919877158,30.6066688581523,3734092010,3734092013,0.0,0.8
国际企业峰汇B2座,写字楼,114.18806409620458,30.606871902566695,3734092009,3734092015,0.0,0.8
汇丰·企业总部3号楼B座,写字楼,114.19103896674487,30.606901875765615,3734092010,3734092013,0.0,0.8
丰贤楼B座,写字楼,114.19120640404384,30.606905150420292,3734092010,3734092013,0.0,0.8
国际企业峰汇C座,写字楼,114.18760385726182,30.60692909533991,3734092009,3044755092,0.0,0.8
凯景国际大厦,写字楼,114.1935765697295,30.606454179317303,3734092010,3734092013,0.0,0.8
汇丰企业总部A座,写字楼,114.19007541575226,30.6071441815644,3734092015,3734092013,0.0,0.8
汇仁楼A座,写字楼,114.18918706404042,30.607165685384555,3734092009,3734092015,0.0,0.8
国际企业峰汇,写字楼,114.1880710947725,30.607103822276116,3734092009,3734092015,0.0,0.8
汇丰企业总部B座,写字楼,114.18985583082359,30.607208789425602,3734092015,3734092013,0.0,0.8
汇仁楼B座,写字楼,114.18950088624304,30.607278167723834,3734092015,3734092013,0.0,0.8
国际企业峰汇A3座,写字楼,114.18865061208983,30.607454665568202,3734092009,3734092015,0.0,0.8
国际企业峰汇B1座,写字楼,114.18838791243932,30.60744122606293,3044755098,3734092015,0.0,0.8
天宇万象国际A座,写字楼,114.194790652659,30.606503089180585,1460229244,3734092014,0.0,0.8
国际企业峰汇A1座,写字楼,114.18788254188915,30.607654282290152,3734092015,3044755098,0.0,0.8
古田公寓,写字楼,114.19147097026305,30.60833201734734,3734092019,3734092013,0.0,0.8
古田书刊科技大楼,写字楼,114.20304346177846,30.596657204451628,8947753843,8947753838,0.0,0.8
湖北长江出版印刷物资有限公司-办公大楼,写字楼,114.20356470863882,30.59605615606645,9428099033,9425844028,0.0,0.8
金兰武汉金品珠宝有限公司综合楼,写字楼,114.18775603892793,30.60953731525117,3734092023,3734092021,0.0,0.8
同心健康产业园写字楼,写字楼,114.20770358486648,30.599612223729338,9425844038,9425844039,0.0,0.8
长青国际A座,写字楼,114.21439211602281,30.600644597635483,1887801490,11775535477,0.0,0.8
中民长青里商业楼,写字楼,114.21436697931581,30.60166916920032,2418582977,1887801501,0.0,0.8
万都国际智能生活家居中心,写字楼,114.2144158629859,30.604100263921747,4519229482,2418582977,0.0,0.8
广电财富中心,写字楼,114.21170831226725,30.606753227174437,9899384565,9425844053,0.0,0.8
广电财富中心3号楼,写字楼,114.21171130870975,30.606864186506932,9899384565,9425844053,0.0,0.8
硚口天地,写字楼,114.21336651480667,30.60777267694688,8947753856,4519229482,0.0,0.8
常码大厦,写字楼,114.21330535226068,30.608269412035217,8947753856,4519229482,0.0,0.8
泛海国际中央商务区,写字楼,114.23009230089728,30.6015318308094,7710756217,4835000346,0.0,0.8
泛海国际A座,写字楼,114.23150035808783,30.598169851623,7710756209,9216077679,0.0,0.8
武汉农业科技综合服务大楼,写字楼,114.21667465121799,30.609246535692495,4860003297,4860003319,0.0,0.8
泛海生活广场项目1层,写字楼,114.23144373174314,30.6046312892457,1887802735,4835000364,0.0,0.8
武汉农业集团科技大厦,写字楼,114.21465983060232,30.6098722270872,4860003297,4860003319,0.0,0.8
武汉中心大厦,写字楼,114.23948584375319,30.597014920716735,4870152464,4870153829,0.0,0.8
武汉世贸中心B,写字楼,114.23753667787712,30.60140678663713,4870153828,1887891657,0.0,0.8
平安银行汉口大厦,写字楼,114.23886595856212,30.600904285457634,7217380468,4870152464,0.0,0.8
泛海国际8栋,写字楼,114.23987679973956,30.601452255454387,4870152484,7217380468,0.0,0.8
大厨作煮(泛海国际二店),写字楼,114.24082660726104,30.601286459102425,4870152497,4870152484,0.0,0.8
泛海国际SOHO城A栋,写字楼,114.24020301359623,30.602185019058687,1887828597,5934019236,0.0,0.8
泛海国际中心,写字楼,114.2413540347411,30.601235541304938,5934019249,5934019239,0.0,0.8
SOHO城1期,写字楼,114.24070341201674,30.602385011505845,1887828597,5934019236,0.0,0.8
名汇5号,写字楼,114.24216769792643,30.600830775348683,4870152497,4870152484,0.0,0.8
泛海国际SOHO城C座,写字楼,114.24210262793241,30.60107267542013,5934019248,5934019256,0.0,0.8
泛海国际SOHO城,写字楼,114.24184138630504,30.601564460367857,5934019249,5934019239,0.0,0.8
金澳国际中心,写字楼,114.24255198101895,30.60086978692294,4870152497,4870152484,0.0,0.8
泛海国际SOHO城6栋,写字楼,114.24260000998473,30.600943760891777,4870152497,4870152484,0.0,0.8
泛海国际SOHO城满天星,写字楼,114.24260494111203,30.601785430924036,5934019237,1887891595,0.0,0.8
中央商务区,写字楼,114.24306926361847,30.601944392528598,5934019237,1887891595,0.0,0.8
泛海时代中心,写字楼,114.24493076511114,30.599034546284173,4870152460,4870152514,0.0,0.8
OCEAN WIDE SOHO,写字楼,114.24432215093398,30.601615545802115,1887891595,1887891768,0.0,0.8
中国移动通信集团湖北有限公司武汉分公司,写字楼,114.24539609856762,30.5985117332026,1887830163,8826283098,0.0,0.8
中国邮政储蓄银行股份有限公司湖北省分行营运大楼,写字楼,114.24554511691815,30.599347400032894,4870152460,4870152514,0.0,0.8
武汉招商银行大厦,写字楼,114.24561406841022,30.600391987999142,4870152511,4870152460,0.0,0.8
民生金融中心,写字楼,114.24589421811577,30.600583896359797,4870152511,4870152460,0.0,0.8
鄂电总包大楼,写字楼,114.23819377811951,30.60745655287967,3822173754,3822173755,0.0,0.8
泛海国际民生金融中心写字楼,写字楼,114.24624440021378,30.60082477718371,1887891631,1887891640,0.0,0.8
民生金融中心15号楼,写字楼,114.24650353567759,30.600953705299766,1887891640,1887891631,0.0,0.8
东宏大厦(振兴路),写字楼,114.23790946306733,30.608019262584968,1887822995,3822173753,0.0,0.8
泛海国际SOHO城2期,写字楼,114.24562585137092,30.602993965525826,1887891627,1887891725,0.0,0.8
京山大厦,写字楼,114.23287810743592,30.60857836923617,1887823030,1887823040,0.0,0.8
长江证券大厦,写字楼,114.24640736110157,30.60235316397698,1887891561,1887891554,0.0,0.8
坚果码头创意空间A座,写字楼,114.23264482997132,30.608630248285344,1887822992,1887823012,0.0,0.8
东宏大楼写字楼,写字楼,114.22976723068342,30.609071671345255,4519229467,4519229680,0.0,0.8
中城商汇,写字楼,114.24053971500159,30.60891140216803,3044755102,3822581312,0.0,0.8
仁信大楼,写字楼,114.23229430761725,30.60987959446399,12247562041,12247562040,0.0,0.8
常码城汇,写字楼,114.22954084429655,30.610128125703145,11244942488,11244942483,0.0,0.8
华发西北湖中心A栋,写字楼,114.25241006407366,30.600934537071776,8947694372,4519229800,0.0,0.8
武汉华发西北湖中心写字楼,写字楼,114.25256010802373,30.600934490090935,4519229800,8947694372,0.0,0.8
华发西北湖中心一期A1号楼一单元,写字楼,114.25256410823476,30.60094548451614,8947694372,4519229800,0.0,0.8
泛海城市广场,写字楼,114.24921062124498,30.604040115625573,1887830224,1887828574,0.0,0.8
兴盛大厦,写字楼,114.25714043876545,30.59551076354635,1885074498,1887886078,0.0,0.8
新业大厦F座,写字楼,114.25696947479187,30.59491007841665,1887886078,1887932259,0.0,0.8
新业大厦G座,写字楼,114.25700347801832,30.59491006207606,1887886078,1887932259,0.0,0.8
新业大厦,写字楼,114.2569984802159,30.594879076452365,1887886078,1887932259,0.0,0.8
新业大厦C座,写字楼,114.25710349298403,30.594843039639564,1887886078,1887932259,0.0,0.8
泛海城市广场,写字楼,114.24974380282065,30.60457379811374,1887828574,1887830224,0.0,0.8
华发中城国际中心7号楼,写字楼,114.25441334975874,30.603475840725082,1887830171,1887828648,0.0,0.8
伊顿国际中心写字楼,写字楼,114.25446035886931,30.603482819814978,1887830148,1887830264,0.0,0.8
华发中城•国际中心,写字楼,114.25444935600181,30.603489821310546,1887830148,1887830264,0.0,0.8
汉融商务,写字楼,114.25441034422634,30.603532819407434,1887830148,1887830264,0.0,0.8
华发·中城荟,写字楼,114.25434128137807,30.604094624153994,1887830264,1887830148,0.0,0.8
花园道写字楼,写字楼,114.25863529205016,30.598179959194088,1887886113,1887886090,0.0,0.8
鄂教大厦北楼,写字楼,114.25676081461646,30.602332284137415,1887886077,13300645744,0.0,0.8
鄂教大厦,写字楼,114.25678381873567,30.60231228112757,1887886077,13300645744,0.0,0.8
招银大厦,写字楼,114.25860246931708,30.596112779999878,1887886156,1882421193,0.0,0.8
招银大厦主楼,写字楼,114.25861147203462,30.5960837863709,1887886156,1882421193,0.0,0.8
联城停车办公大楼,写字楼,114.25906148291041,30.596033558944228,1882421193,1882421211,0.0,0.8
武汉市广播电视大楼-多媒体中心,写字楼,114.25936136361723,30.597412855039494,1882421175,1887926169,0.0,0.8
西北湖路55号御玺湾商业1号楼,写字楼,114.25866108141376,30.600631987418485,2168408831,2168395368,0.0,0.8
花园道B座,写字楼,114.25943229508692,30.598200508192274,2168408831,1882421175,0.0,0.8
西北湖国金中心,写字楼,114.25868206636898,30.600811905529007,12251702115,13347456469,0.0,0.8
西北湖国金中心A座,写字楼,114.2587110695505,30.600781901524115,2168408831,2168395368,0.0,0.8
泛海城市广场写字楼,写字楼,114.24980869894375,30.60609118328624,1887830145,1887828574,0.0,0.8
武汉市江汉区中央商务区悦海园商业幢,写字楼,114.25105918426122,30.606032911206515,1887830224,1887830259,0.0,0.8
武汉市广播电视大楼,写字楼,114.25983736249223,30.597324614962545,1882421175,1887926169,0.0,0.8
柠檬中心B座,写字楼,114.25951516554268,30.59969187888896,2168408831,2168395368,0.0,0.8
柠檬中心A座,写字楼,114.25972916374273,30.599664765953985,2168408831,1882421175,0.0,0.8
同成广场A座4座,写字楼,114.25996145308088,30.596227967730666,1882421193,1882421211,0.0,0.8
同城广场写字楼,写字楼,114.25998745382262,30.59620895975697,1882421193,1882421211,0.0,0.8
统建大厦,写字楼,114.25956163063606,30.594283952288258,1887886168,1882421205,0.0,0.8
武汉仲裁委员会富强国际大厦,写字楼,114.25406007499178,30.60578206240065,1887830148,1887830140,0.0,0.8
AFTERNOON IN THE HOUSE,写字楼,114.26034529976509,30.597820120410663,2168408831,1882421175,0.0,0.8
富强国际,写字楼,114.25383000265789,30.606012055808307,1887830148,1887830140,0.0,0.8
柠檬中心,写字楼,114.26012713749238,30.599819471317716,2168408831,1882421175,0.0,0.8
御玺商业,写字楼,114.25966101740813,30.601381133213607,13347456470,2168408831,0.0,0.8
同成广场C栋,写字楼,114.26045847849934,30.595675884081718,1882421211,1882421205,0.0,0.8
江宸世纪B座,写字楼,114.25330383128572,30.606505046222672,1887830140,1887830148,0.0,0.8
花园道项目1期C楼,写字楼,114.26079421535242,30.59848758591937,2168408831,1882421175,0.0,0.8
CAAD财富中心T1栋,写字楼,114.25470817553324,30.60618665280419,1887830148,4741713789,0.0,0.8
恒佑商务,写字楼,114.25830978901689,30.603904888371563,13347456469,4539426488,0.0,0.8
双玺中心A座,写字楼,114.25830978901689,30.603904888371563,13347456469,4539426488,0.0,0.8
火凤中心,写字楼,114.25830978901689,30.603904888371563,13347456469,4539426488,0.0,0.8
万豪国际阿波罗座,写字楼,114.26070908806183,30.600032035452024,5938739383,2168408831,0.0,0.8
CAAD财富中心TI栋,写字楼,114.25481017406162,30.60643151494867,4741713789,1887830148,0.0,0.8
万豪国际维纳斯,写字楼,114.26081506775122,30.60018391047196,5938739383,2168408831,0.0,0.8
CAAD财富中心,写字楼,114.25483717530535,30.606476486266217,1887830148,4741713789,0.0,0.8
双玺中心B座外卖柜,写字楼,114.25856078617491,30.604030704652928,3824033006,2168408833,0.0,0.8
宏狮科技OPC,写字楼,114.26132034942235,30.59643805173232,1882421211,1882421190,0.0,0.8
双玺中心B座,写字楼,114.25864978706845,30.60404565066976,2168408833,3824033006,0.0,0.8
双玺中心,写字楼,114.2586327784094,30.60414162196887,3824033006,2168408833,0.0,0.8
浙商银行大厦,写字楼,114.26162831772345,30.596453847223877,1882421211,1882421190,0.0,0.8
太平洋金融广场6栋,写字楼,114.26163631231866,30.596506821481906,1882421211,1882421190,0.0,0.8
太平洋金融广场,写字楼,114.26164831268765,30.596487821049205,1882421211,1882421190,0.0,0.8
武汉CBD,写字楼,114.25510519742427,30.606789253114222,1887886151,4741713789,0.0,0.8
恒融商务中心2期,写字楼,114.24695717524438,30.608032863030807,13850102055,13850102054,0.0,0.8
恒融商务中心3号楼,写字楼,114.24697017527875,30.608113829386756,13850102055,13850102054,0.0,0.8
城建大厦,写字楼,114.24725531334389,30.608273734124296,13850102055,13850102054,0.0,0.8
万景国际广场B座,写字楼,114.25692544571088,30.606807436070895,4741713798,7157578628,0.0,0.8
恒融商务中心,写字楼,114.24737534870624,30.60859259270726,13850102055,13850102054,0.0,0.8
恒远商务中心A区,写字楼,114.24733232496769,30.608607591864224,13850102055,13850102054,0.0,0.8
地产大厦,写字楼,114.24724626673006,30.608759541274118,13850102055,13850102054,0.0,0.8
武汉可信致远商业管理有限公司,写字楼,114.25649335101826,30.6073704154351,7157578628,9320573627,0.0,0.8
新华大饭店商贸楼,写字楼,114.26309907566245,30.596938664870738,1882421190,1882421187,0.0,0.8
中石化大厦,写字楼,114.24765744733006,30.609132341635497,4849687519,13850113438,0.0,0.8
华中大厦,写字楼,114.24763843705927,30.60913934132284,4849687519,13850113438,0.0,0.8
武汉广电全媒体中心3号,写字楼,114.25335962360818,30.609081000527432,1887828555,8197792008,0.0,0.8
汉口泛海CBD,写字楼,114.25687035121707,30.6078410509496,7157578628,9320573627,0.0,0.8
万景国际B座精装小户型办公楼出租,写字楼,114.25818550292345,30.607167660583002,4539353916,9320573627,0.0,0.8
国贸新都A座,写字楼,114.263846962349,30.596666235561003,1882421165,1882421187,0.0,0.8
新世界国贸大厦II座,写字楼,114.2641518498474,30.597246786322266,1882421187,1891150037,0.0,0.8
国贸新都D座,写字楼,114.26413589989396,30.596705008507517,1882421165,1882421187,0.0,0.8
国贸新都AG座,写字楼,114.2641608881597,30.596779960943472,1882421165,1882421187,0.0,0.8
国贸新都,写字楼,114.2641918859731,30.59672895779304,1882421165,1882421187,0.0,0.8
武商百盛大楼,写字楼,114.2471571229027,30.609882102538037,4849687519,13850113438,0.0,0.8
江宸天街B座,写字楼,114.25620320095194,30.608699018373542,7157578628,9320573627,0.0,0.8
中超大厦(雪松路),写字楼,114.26396807855866,30.595034778876638,1882440894,1882413376,0.0,0.8
国贸新都F座,写字楼,114.26435583535013,30.596904767616774,1882421165,7178878583,0.0,0.8
国贸新都B座,写字楼,114.26446281410384,30.59687569883441,1882421165,7178878583,0.0,0.8
新世界国贸大厦8栋,写字楼,114.26453575207731,30.59740443859702,7178879905,7178878583,0.0,0.8
江宸天街写字楼,写字楼,114.25601013810048,30.60912993276053,8197792043,7215552546,0.0,0.8
武汉江宸天街4号楼,写字楼,114.25631018169115,30.60907981768641,8197792043,7215552546,0.0,0.8
新世界国贸大厦1座,写字楼,114.26481168375147,30.597451211329926,7178879905,7178878583,0.0,0.8
新世界国贸大厦1座L栋,写字楼,114.26487566650049,30.597473153935507,7178879905,7178878583,0.0,0.8
卓尔国际中心,写字楼,114.26593535998515,30.597792199780237,7178879905,7178878583,0.0,0.8
中国银行湖北省分行新建办公楼,写字楼,114.26621034154985,30.597078255582588,7178879905,7178878583,0.0,0.8
中银大厦,写字楼,114.26622533313959,30.597124225558694,7178878583,7178879905,0.0,0.8
建银大厦,写字楼,114.26555334623073,30.59918096220728,286085676,5938739383,0.0,0.8
中国民生银行大厦,写字楼,114.2677638679039,30.596659116471486,1882326245,1891150005,0.0,0.8
MFG写字楼(民生银行大厦),写字楼,114.26776586787385,30.596651117846154,1882326245,1891150005,0.0,0.8
宏元商务大厦,写字楼,114.26653396091085,30.600356712631623,3822581409,3822227989,0.0,0.8
怡美广场,写字楼,114.26812779828336,30.595917087253017,1882326245,1891195564,0.0,0.8
怡美广场A座,写字楼,114.26835069196963,30.596170792628968,1882326245,1891195564,0.0,0.8
怡美广场B座,写字楼,114.26808183586361,30.59568021925196,1891195564,1882326245,0.0,0.8
武银大厦,写字楼,114.26818349579155,30.5991837679228,1891150158,1891195559,0.0,0.8
发改委办公大楼,写字楼,114.26640897335842,30.60065769726432,3822581409,3822227989,0.0,0.8
信合大厦,写字楼,114.2681794929901,30.59923375192311,1891150158,1891195559,0.0,0.8
新华大厦(新华路),写字楼,114.2664659567144,30.600648654131717,3822581409,3822227989,0.0,0.8
良友大厦C座,写字楼,114.26840973767935,30.595377047698616,1882326245,1891195564,0.0,0.8
良友大厦,写字楼,114.26838575510136,30.59528210567449,1882326245,1891195564,0.0,0.8
银泉大厦,写字楼,114.26830937060369,30.600082305807206,1891150133,3822581416,0.0,0.8
登月大厦,写字楼,114.26842777646574,30.594846236910552,1882311566,1882326245,0.0,0.8
登月大厦A座,写字楼,114.26834282034449,30.594716362326086,1882311566,1882326245,0.0,0.8
登月大厦B座,写字楼,114.26859771066117,30.5948410876528,1882311566,1882326245,0.0,0.8
良友大厦B座,写字楼,114.26936632167832,30.595710055314566,1882326245,1891195564,0.0,0.8
武汉广发银行大厦,写字楼,114.26908402009441,30.600578417267865,1891150133,3822581416,0.0,0.8
IFC国际金融中心,写字楼,114.268968618593,30.594185007410807,7604043545,1882315274,0.0,0.8
汉江国际大厦,写字楼,114.26905857750431,30.59423390696117,7604043545,1882315274,0.0,0.8
华银城A1座,写字楼,114.26950878552758,30.60122377495382,1891150133,3822581416,0.0,0.8
碧波大厦1栋,写字楼,114.27125818902371,30.59872308658313,1891195559,1891195569,0.0,0.8
长资大楼,写字楼,114.2708082662612,30.60038287623941,1891195559,1891150206,0.0,0.8
华银综合楼写字楼,写字楼,114.27165830537258,30.595024127433593,1882326245,1891195564,0.0,0.8
江汉区政府大楼,写字楼,114.26553793760165,30.603970093693405,3822227969,648969698,0.0,0.8
中诚大厦(台北一路),写字楼,114.2717412623403,30.595027043675973,1882326245,1891195564,0.0,0.8
长证大厦2号楼,写字楼,114.26535995410921,30.604326092724634,3822227969,648969698,0.0,0.8
长证大厦,写字楼,114.26534495647428,30.60434409732818,3822227969,648969698,0.0,0.8
雷王金融中心,写字楼,114.27251133448426,30.601033926986528,1891150206,1891154866,0.0,0.8
联合大厦,写字楼,114.27260728294256,30.601020833867484,1891150206,1891154866,0.0,0.8
燃气大楼,写字楼,114.27116886307311,30.603017490495922,2293587299,653438810,0.0,0.8
太子大厦(建设中),写字楼,114.26706084147301,30.59978349881026,1891150133,3822581416,0.0,0.8
明珠商住楼,写字楼,114.27363383387161,30.599438383566635,1891195569,1891195560,0.0,0.8
妇联大厦,写字楼,114.26566776388943,30.60557635550503,3822227969,648969698,0.0,0.8
金融中心项目,写字楼,114.27185753413853,30.602770905864823,7539398237,653438810,0.0,0.8
新华下路7号A座一层2号,写字楼,114.2656097496496,30.60592526303872,3822227969,648969698,0.0,0.8
华润置地大厦,写字楼,114.273723645628,30.601004675236062,1891154866,1891195560,0.0,0.8
华润置地大厦T2办公楼,写字楼,114.27380660360937,30.600919620428392,1891154866,1891195560,0.0,0.8
华润置地大厦T楼,写字楼,114.27395650946544,30.600969441026507,1891195560,1891154866,0.0,0.8
武汉影城写字楼,写字楼,114.27460924649378,30.599368363295014,1891195560,1891154882,0.0,0.8
天立大厦,写字楼,114.26534078453716,30.60635130525593,3822227969,648969698,0.0,0.8
九运大厦12栋,写字楼,114.27351752817127,30.592180317362907,7604043546,7604043545,0.0,0.8
海迪商务中心C栋,写字楼,114.27070790141335,30.605171087282912,648969731,2293587319,0.0,0.8
添地大厦,写字楼,114.26496083715351,30.606855399179143,3822227969,648969693,0.0,0.8
九运大厦33栋,写字楼,114.27363247632027,30.59199826576706,7604043545,7604043546,0.0,0.8
江汉规划大楼,写字楼,114.27509735929739,30.594462732801546,7539398242,1886635180,0.0,0.8
海迪商务中心B栋,写字楼,114.27085781653075,30.60532088312261,648969731,2293587319,0.0,0.8
海迪商务中心,写字楼,114.27107571219418,30.605299679717543,648969731,2293587319,0.0,0.8
江汉区石化机械厂写字楼,写字楼,114.27103872448083,30.6053676888332,648969731,2293587319,0.0,0.8
钰龙金融广场,写字楼,114.27387938177436,30.602986730349695,2393234827,1891150133,0.0,0.8
武汉万象城B楼,写字楼,114.2750058267942,30.60131816526879,1891195560,1891195554,0.0,0.8
职业卫生应急综合楼,写字楼,114.2744919026017,30.592611109050736,7604043546,7604043545,0.0,0.8
武汉市卫生应急业务大楼,写字楼,114.27420814702283,30.591806724636562,4519229803,14124032112,0.0,0.8
中国农业银行武汉分行机关大楼,写字楼,114.27647408760392,30.598505614011447,1891195560,1891154882,0.0,0.8
CFD时代财富中心22-23楼,写字楼,114.26518770417253,30.60774087161001,3822227982,3822227978,0.0,0.8
警卫营大厦,写字楼,114.27163037801427,30.60594387806975,2393234862,2293587319,0.0,0.8
CFD时代财富中心,写字楼,114.26563357693122,30.607853477376715,3822227982,3822227978,0.0,0.8
CFD时代财富中心2号楼,写字楼,114.26560958165395,30.607874487979362,3822227982,3822227978,0.0,0.8
CFD时代财富中心35A栋,写字楼,114.265584586279,30.607899497757092,3822227982,3822227978,0.0,0.8
CFD时代财富中心B2商业区,写字楼,114.26534663703208,30.608044626792434,3822227982,3822227978,0.0,0.8
海由大厦,写字楼,114.27330355125281,30.60494956383921,2393234849,2393234827,0.0,0.8
中信银行大厦(建设大道),写字楼,114.27488571564551,30.603496440203806,2393234827,1891150133,0.0,0.8
投资大厦,写字楼,114.27424105366875,30.60424884449485,2393234827,2393234849,0.0,0.8
南达大楼,写字楼,114.26405092149676,30.608263522468206,3822227971,3822227969,0.0,0.8
红梅大厦(台北路),写字楼,114.27716373912892,30.596883446561993,1891154882,12149919869,0.0,0.8
资本楼,写字楼,114.27750447130249,30.597116955959002,1891195560,1891154882,0.0,0.8
银行写字楼,写字楼,114.27530543025382,30.603666909254823,2393234827,1891150133,0.0,0.8
桥建大厦,写字楼,114.26985707826631,30.60766190555873,1540325301,4103995019,0.0,0.8
港信大厦,写字楼,114.26036739205222,30.608341960599994,648969839,7157578623,0.0,0.8
华润置地大厦总部基地,写字楼,114.27636477191334,30.603042960680153,1891195554,1891226592,0.0,0.8
瑞通广场A座,写字楼,114.2754662689982,30.604313474710995,2393234849,2393234827,0.0,0.8
交通银行大楼A座,写字楼,114.27562314926352,30.604498226148742,1926866429,2393234827,0.0,0.8
瑞通广场,写字楼,114.27549421176438,30.604763265602475,2393234849,2393234827,0.0,0.8
建投大厦,写字楼,114.28179496463088,30.597551457501694,1891226671,11817564626,0.0,0.8
财苑大楼,写字楼,114.28157528648866,30.596059322630122,1891226671,648969763,0.0,0.8
新香港大厦2栋,写字楼,114.28399883956016,30.598708065644526,1926866291,1926866302,0.0,0.8
武汉慈善城,写字楼,114.28068054160717,30.602015147554866,1926866313,1926866350,0.0,0.8
西马路联合大楼,写字楼,114.28396024512807,30.59443877499939,1926866262,1926866245,0.0,0.8
开源大厦,写字楼,114.28474804608763,30.5995067237818,1926866291,1926866302,0.0,0.8
开源阳光城A座A栋,写字楼,114.28454821083702,30.59985686308553,1926866318,1926866313,0.0,0.8
西马路联合大楼1号楼,写字楼,114.28439883064141,30.59435920502119,1926866262,1926866245,0.0,0.8
财富大厦(解放大道),写字楼,114.28606413241118,30.594853686767074,1882284064,1882284071,0.0,0.8
化工大厦,写字楼,114.2867242682525,30.596982919287527,12167471639,12167471634,0.0,0.8
武房大厦,写字楼,114.28622794580879,30.595074368621276,1230844014,1230844244,0.0,0.8
高雄88号,写字楼,114.28148472780401,30.603445551702467,1926866350,648969815,0.0,0.8
武汉商务中心,写字楼,114.28628489083684,30.59503430300786,1479967280,1882284064,0.0,0.8
君悦尚品A座,写字楼,114.28673611133053,30.59865625094347,1230844045,11088633719,0.0,0.8
金茂大厦,写字楼,114.2873776723269,30.59593638145555,1479967280,1882284064,0.0,0.8
DRAGON PLAZA D座,写字楼,114.28229896080043,30.60397627816103,1926866385,1926866376,0.0,0.8
佳联大厦,写字楼,114.28754546222628,30.59630399484733,1230844244,1230844417,0.0,0.8
物产大厦,写字楼,114.27655856006987,30.603936385893554,1891226592,1891226717,0.0,0.8
中国农业银行综合楼,写字楼,114.28379861993447,30.603456475508274,1926866334,648969813,0.0,0.8
农行大厦,写字楼,114.28379162604885,30.603462482644854,1926866334,648969813,0.0,0.8
远洋大厦写字楼1栋,写字楼,114.28324910598917,30.603807080017543,1926866334,648969813,0.0,0.8
武汉外贸服装大厦,写字楼,114.27687931310732,30.604178919615343,1891226592,1891226717,0.0,0.8
青莲大厦,写字楼,114.28189728036617,30.604427627005876,1926866385,648969815,0.0,0.8
远洋大厦(香港路),写字楼,114.28342492503441,30.604001766325798,648969813,1926866410,0.0,0.8
京汉城市广场,写字楼,114.28766645820382,30.594856378790734,1479967280,1882284064,0.0,0.8
禾园儿童商业广场B栋,写字楼,114.28162549587111,30.60470587110878,1926866413,1926866385,0.0,0.8
禾园儿童商业广场C栋,写字楼,114.2816504564529,30.604908758365053,1926866413,1926866385,0.0,0.8
湖北外贸土产大楼,写字楼,114.28757603439449,30.600877166871655,1926866345,1926866319,0.0,0.8
香江大厦,写字楼,114.2815495375866,30.60499285611914,1926866413,1926866385,0.0,0.8
武汉香格里拉中心,写字楼,114.27762869438284,30.60506069306421,1891226717,1891226592,0.0,0.8
武汉供电公司综合楼,写字楼,114.28855914041287,30.598925485329726,1926866319,1230844585,0.0,0.8
瑞通广场B座,写字楼,114.27589094741255,30.604759821291367,1926866429,2393234827,0.0,0.8
华源商厦1栋,写字楼,114.2876448809946,30.601801703508063,1926866345,1926866319,0.0,0.8
华源商厦3栋,写字楼,114.2876448809946,30.601801703508063,1926866345,1926866319,0.0,0.8
人保大楼,写字楼,114.28065123005399,30.60590964648865,1926866455,1926866413,0.0,0.8
保险大楼,写字楼,114.28932325416996,30.599396162032967,1926866319,1230844585,0.0,0.8
武汉房地产市场,写字楼,114.2786378364988,30.606165046454166,1891226654,1891226717,0.0,0.8
房地产交易大厦,写字楼,114.27863783641257,30.606166046057364,1891226717,1891226654,0.0,0.8
武汉供电公司电力生产调度大楼,写字楼,114.28970277120148,30.600052334262333,1230843658,1230844440,0.0,0.8
联通大楼,写字楼,114.28094492755507,30.606526027013626,1926866423,8299158003,0.0,0.8
步步高办公大楼,写字楼,114.28761575845894,30.60357904600973,1926866395,1926866352,0.0,0.8
武汉央座18号楼,写字楼,114.27959596125349,30.607530327908027,1926866464,1926866545,0.0,0.8
武汉·央座,写字楼,114.27847783984286,30.607554687438945,2393234847,2393265038,0.0,0.8
浙商大厦,写字楼,114.28022244126682,30.607616510382936,1926866464,1926866545,0.0,0.8
卓尔跨界中心,写字楼,114.28131251702007,30.607619119608284,2393265007,8299158003,0.0,0.8
保利仓财富中心,写字楼,114.28145039822485,30.60760794586052,2393265007,8299158003,0.0,0.8
武汉央座41A楼,写字楼,114.27840288374766,30.607711715340205,2393234847,2393265038,0.0,0.8
阳光城央座A栋,写字楼,114.27840288374766,30.607711715340205,2393234847,2393265038,0.0,0.8
融创融汇广场,写字楼,114.29122102180838,30.600092999534738,1882284069,1230843877,0.0,0.8
融汇广场写字楼,写字楼,114.29158260985716,30.59993949952449,1479967285,1882284069,0.0,0.8
融创融汇广场A1座,写字楼,114.29161356758293,30.60000542563828,1230843877,5941810171,0.0,0.8
纽宾凯国际酒店写字楼,写字楼,114.26755010659281,30.594771031511613,1882326247,1882311565,0.0,0.8
浙商大厦A座,写字楼,114.28037427194444,30.608115120082555,2393265007,8299158003,0.0,0.8
禧邦可广场(香港路),写字楼,114.27917121634725,30.608510461505617,2393265087,2393265043,0.0,0.8
金冠大厦232号楼,写字楼,114.28479727234117,30.607903340767024,1926866443,8299158002,0.0,0.8
金冠大厦(澳门路),写字楼,114.2848192498336,30.60791430592406,1926866443,8299158002,0.0,0.8
香港路218号华氏花园综合楼,写字楼,114.2778032326273,30.608911954058872,2393265043,2393234842,0.0,0.8
花半里,写字楼,114.29277020351597,30.59976470776604,1479967272,1479967285,0.0,0.8
团市委机关楼,写字楼,114.27319837348716,30.607711576834696,2393234819,2393234836,0.0,0.8
华氏大厦,写字楼,114.27782221177267,30.608989900356367,2393265043,2393234842,0.0,0.8
民福金宝大厦A座,写字楼,114.29613517492525,30.597490160609784,1882037540,9718331466,0.0,0.8
融科天城创意工坊B座,写字楼,114.29451401119364,30.60020474870908,8130341081,1882037543,0.0,0.8
融科天城创意工坊C座,写字楼,114.29372100337757,30.6001720368801,1479967272,1479967285,0.0,0.8
融科天城创意工坊A座,写字楼,114.29496241869158,30.60050590380738,8130341081,1882037543,0.0,0.8
江花综合大楼,写字楼,114.29622880840097,30.60031990162381,8130341077,1881989910,0.0,0.8
江花综合大楼A座,写字楼,114.29653241790258,30.60026042271169,8130341077,1881989910,0.0,0.8
包豪斯大厦,写字楼,114.29907319861617,30.598241940125813,12167690323,1881989912,0.0,0.8
包豪斯大厦B,写字楼,114.29908118832387,30.598234929240995,12167690323,1881989912,0.0,0.8
包豪斯大厦A栋,写字楼,114.29918105198927,30.598234759014158,12167690323,1881989912,0.0,0.8
三阳广场A座,写字楼,114.29573134481001,30.60155723525582,8130341080,1882060973,0.0,0.8
三阳广场写字楼,写字楼,114.29547167252068,30.601624634308244,8130341080,1882060973,0.0,0.8
永胜大厦A座,写字楼,114.29958055207065,30.59768429037971,1881989363,1881989912,0.0,0.8
三阳广场B座,写字楼,114.2952689048065,30.601936842941676,8130341080,1882060973,0.0,0.8
汇金广场,写字楼,114.29721938021234,30.60181367044452,656217792,1882087716,0.0,0.8
匠心城·三阳中心,写字楼,114.29955735960655,30.600274318982766,5804140852,5804292744,0.0,0.8
新长江国际B座,写字楼,114.2958570952305,30.60256763132981,1882087718,1882087714,0.0,0.8
新长江国际大厦,写字楼,114.29564136364698,30.602676942442653,1882087718,1882087714,0.0,0.8
金益大厦,写字楼,114.2991777965183,30.601235590933523,5804292744,8130341076,0.0,0.8
世诺国际大厦A区101号,写字楼,114.29541063256814,30.602989197166686,1882087718,1882087714,0.0,0.8
新长江国际大厦A座,写字楼,114.29520089844078,30.60301253041755,5947444887,1882087714,0.0,0.8
新长江国际C座,写字楼,114.29557242511338,30.602989932100716,1882087718,1882087714,0.0,0.8
匠心城三阳中心B座,写字楼,114.3005789308966,30.600431498794926,1881989900,1882088837,0.0,0.8
中信建筑设计研究总院科技大楼,写字楼,114.29972900735103,30.601613499453165,1882088837,12167690336,0.0,0.8
天悦星晨,写字楼,114.30137791763603,30.59918060051349,5804309057,5804153590,0.0,0.8
天悦星辰A栋写字楼,写字楼,114.30147777224602,30.59923040691039,5804309057,5804153590,0.0,0.8
木材大楼,写字楼,114.30172749657658,30.598330321911714,1881989914,1881981628,0.0,0.8
稷园大厦,写字楼,114.2988309878171,30.604482901969998,1882095054,1882095039,0.0,0.8
中国市政工程中南设计研究总院有限公司老大楼,写字楼,114.29514074135218,30.605712560768353,1230844416,648969832,0.0,0.8
长江航道大厦,写字楼,114.29877202736998,30.60495081697264,1882095054,1882095039,0.0,0.8
中国市政工程中南设计研究总院有限公司新大楼,写字楼,114.30005629461516,30.60462075126803,1882095054,1882095039,0.0,0.8
合福大厦,写字楼,114.30257591359704,30.602627148992294,1882095057,1882095067,0.0,0.8
金涛五福大厦,写字楼,114.30259588407273,30.602637109877758,1882095067,1882095057,0.0,0.8
六合新界写字楼,写字楼,114.3022223529089,30.60339846695967,1882095068,1882095040,0.0,0.8
三峡集团总部综合楼,写字楼,114.30383518729582,30.601527350835553,1882095063,1882095042,0.0,0.8
中轻大楼,写字楼,114.2952295556625,30.6065500833891,648969832,1230844416,0.0,0.8
长江之门·武汉商会大厦(建设中),写字楼,114.30361754783246,30.6010239356674,1882095042,1882088839,0.0,0.8
都市产业大厦A栋,写字楼,114.30047866796644,30.605079840949557,1882095068,1882095061,0.0,0.8
都市产业大厦,写字楼,114.30050263282929,30.605099791618947,1882095061,1882095068,0.0,0.8
水务综合大楼,写字楼,114.30187977405882,30.604171762417796,1882095068,1882095040,0.0,0.8
司法大楼,写字楼,114.30238207932314,30.60391998029052,1882095068,1882095040,0.0,0.8
六合大厦(六合路),写字楼,114.30238207932314,30.60391998029052,1882095068,1882095040,0.0,0.8
六合大厦六合路8号B栋,写字楼,114.30237608729193,30.603926988062078,1882095068,1882095040,0.0,0.8
六合苑,写字楼,114.30335072982265,30.60339247752511,1882095040,1882095063,0.0,0.8
楚剧院文化大楼,写字楼,114.29648377360556,30.608435270703964,1230844538,1230843658,0.0,0.8
华通大厦(解放公园路),写字楼,114.29016855040285,30.60805446671873,9500017045,648969832,0.0,0.8
融通中心,写字楼,114.3055833445513,30.604612000433168,1882077240,1882077235,0.0,0.8
银浩大厦,写字楼,114.29946974978095,30.608702135139417,1230843783,4523470665,0.0,0.8
滨江苑大厦写字楼,写字楼,114.3044229245169,30.606172467004402,1882071489,1882145004,0.0,0.8
滨江苑(胜利街),写字楼,114.30444688915355,30.606174423350204,1882071489,1882145004,0.0,0.8
武汉市江岸区胜利街330号省气象局综合楼,写字楼,114.3044229158601,30.606272427313485,1882071489,1882145004,0.0,0.8
中原大厦C栋,写字楼,114.29990309691536,30.609348133664714,1230843783,4523470665,0.0,0.8
中原大厦,写字楼,114.29987812664837,30.609403154559864,1230843783,4523470665,0.0,0.8
中邮大楼,写字楼,114.30515681822071,30.606450040064804,1882071489,1882145004,0.0,0.8
中原大厦A栋,写字楼,114.29988112052047,30.609426140216815,1230843783,4523470665,0.0,0.8
吟风阁E座,写字楼,114.3074682297215,30.607866283543387,1882149848,1882145004,0.0,0.8
中石化长燃大厦,写字楼,114.30444772727023,30.608026684570163,1882165525,1882165536,0.0,0.8
武汉天地5号楼,写字楼,114.30538221947788,30.609499417929133,4523471898,4523470648,0.0,0.8
国铁城投中心裙楼,写字楼,114.32426627356048,30.59736865608494,4541698712,11357329538,0.0,0.8
国铁城投中心写字楼,写字楼,114.32436621680826,30.59613794245875,4541698712,11357329538,0.0,0.8
国铁城投中心(建设中),写字楼,114.32462174614516,30.596731222447087,4541698712,11357329538,0.0,0.8
悦江中心,写字楼,114.33100349580715,30.59486877958256,8194368773,11880563932,0.0,0.8
汇通新长江中心A座,写字楼,114.33174026320815,30.595360198614166,11880563932,2401313078,0.0,0.8
汇通新长江中心,写字楼,114.33197685967123,30.595615653875683,11880563932,2401313078,0.0,0.8
汇通新长江中心B座,写字楼,114.33220647639895,30.595772160966515,11880563932,2401313078,0.0,0.8
和平大厦,写字楼,114.33834941113199,30.599887172970604,7926688148,7926697969,0.0,0.8
徐东城市广场C栋,写字楼,114.33877977068181,30.599618495910857,7926697969,7926688148,0.0,0.8
徐东城市广场,写字楼,114.33933689024329,30.59990137620241,7926688148,7926697969,0.0,0.8
徐东城市广场D栋,写字楼,114.33948766988303,30.599781150859346,7926688148,7926697969,0.0,0.8
劲牌大厦(建设中),写字楼,114.32576874136326,30.598162468621855,4541698712,11357329538,0.0,0.8
保利滨江中心写字楼,写字楼,114.34230853997559,30.598331679676928,7926688148,3044755070,0.0,0.8
保利滨江中心1号楼,写字楼,114.34241339529008,30.59820454426364,7926688148,3044755070,0.0,0.8
光明大厦,写字楼,114.34116211321863,30.59995507880658,3044755070,7926688148,0.0,0.8
光明大厦B座,写字楼,114.34141574057189,30.599856665791958,7926688148,3044755070,0.0,0.8
千禧写字楼,写字楼,114.34357669515826,30.59802457390981,11490092262,11490097505,0.0,0.8
WYGJ(万盈国际店),写字楼,114.34602001026535,30.599863644003296,694059793,4524689870,0.0,0.8
山河湖北大厦,写字楼,114.34599299337722,30.600495442564554,11490097555,11490092257,0.0,0.8
万盈国际广场,写字楼,114.34675396319659,30.599989350427307,11490092262,11490097505,0.0,0.8
万盈国际广场1号楼,写字楼,114.3467569583795,30.59999634263257,11490092262,11490097505,0.0,0.8
中博大厦,写字楼,114.34562940938333,30.601655607504725,1175005932,694061157,0.0,0.8
他她喜事广场A座,写字楼,114.34576522551389,30.601544419213845,1175005932,694061157,0.0,0.8
万科金域华府写字楼,写字楼,114.34531582657414,30.60201200426138,13236034173,13236034174,0.0,0.8
金域华府商业中心B座,写字楼,114.34544064432274,30.60205277431064,13236034173,13236034174,0.0,0.8
纺机路B座,写字楼,114.34600784977111,30.601896867081443,13236034174,1175005932,0.0,0.8
中铁第四勘察设计院集团有限公司2号楼,写字楼,114.33849575690641,30.604790976295117,11357375398,8209518274,0.0,0.8
铁四院新大楼,写字楼,114.33984265633838,30.605177385762445,694059799,8209518274,0.0,0.8
武钢集团有限公司大楼,写字楼,114.34833664945081,30.60133317507263,11490092262,11490097505,0.0,0.8
武汉钢铁(集团)公司(友谊大道),写字楼,114.34845548427967,30.601360967285363,11490092262,11490097505,0.0,0.8
柴林头写字楼,写字楼,114.34254653578293,30.60578032980189,694059734,4516243409,0.0,0.8
龙凯大厦1幢,写字楼,114.34164682864562,30.60632870282829,613500233,694059799,0.0,0.8
融侨城A座,写字楼,114.34010395318782,30.608670525551137,7922766795,7922766798,0.0,0.8
武汉中交大厦B栋,写字楼,114.34995213983612,30.605039061539582,5760065766,13908355777,0.0,0.8
保利城2期A座,写字楼,114.35332230932177,30.59898209359834,694060938,7227625018,0.0,0.8
保利城二期B座,写字楼,114.35390372069917,30.59744279684084,694060938,7227625018,0.0,0.8
汉力文体办公楼,写字楼,114.35914334149898,30.60065884095801,7227624537,7227624535,0.0,0.8
汉力综合楼,写字楼,114.36005933249695,30.600952454511827,7227624527,7227624535,0.0,0.8
招商中心,写字楼,114.3610891031458,30.602723357152325,7227624534,7227624535,0.0,0.8
华城广场写字楼,写字楼,114.35596052144783,30.605587490456735,11490092262,11490097505,0.0,0.8
瑞丰国际大厦,写字楼,114.37126460993089,30.600640075351468,9862302832,7227374539,0.0,0.8
瑞丰国际大厦20栋,写字楼,114.37145648202393,30.600647876744045,7227374539,9862302832,0.0,0.8
欢乐大厦1号,写字楼,114.37750275356674,30.594633729344842,8197650603,8197650602,0.0,0.8
金地自在城K2三期4号商业楼,写字楼,114.37632738627345,30.60470575206718,7227374523,7227374533,0.0,0.8
金地自在城K2A座,写字楼,114.37514387255175,30.60574536073984,7227374528,7227374533,0.0,0.8
金地广场写字楼A座,写字楼,114.37772666060853,30.60605307822933,7227374523,7227374533,0.0,0.8
金地企业中心,写字楼,114.37761468269002,30.606321060260672,7227374523,7227374533,0.0,0.8
金地广场浩酷,写字楼,114.37807650401732,30.606253725119736,7227374523,7227374533,0.0,0.8
金地自在城K2K2-B座商业楼,写字楼,114.37832639040323,30.60645345329844,7227374523,3044755100,0.0,0.8
K3商业体,写字楼,114.37992583442046,30.606502258699386,7227374523,3044755100,0.0,0.8
华侨城行政办公大楼,写字楼,114.38627066248792,30.596192637918378,2418537945,2418537807,0.0,0.8
OCT华侨城,写字楼,114.38610669362662,30.595892828518483,2418537945,2418537807,0.0,0.8
OCT办公楼,写字楼,114.38612569212484,30.59590281597448,2418537945,2418537807,0.0,0.8
东湖和平汽车园D座,写字楼,114.38656626891755,30.600617781184468,1863926471,7227374551,0.0,0.8
东湖和平汽车园C座,写字楼,114.38651524935007,30.600848713031002,1863926471,7227374551,0.0,0.8
华侨城办公楼,写字楼,114.38972580685952,30.596701133035918,2418537813,2418537935,0.0,0.8
东湖和平汽车园A座,写字楼,114.38596518629589,30.601738611918474,1863926471,7227374551,0.0,0.8
金地广场东区-3栋三号商业楼,写字楼,114.38067558766812,30.606801622784523,1839449479,7227374523,0.0,0.8
金地广场写字楼,写字楼,114.38062859646817,30.606850635036025,1839449479,7227374523,0.0,0.8
匠心城·仁和路,写字楼,114.38211718568243,30.607341475933463,1839449479,7227374523,0.0,0.8
匠心城写字楼B栋,写字楼,114.38030067204589,30.60706177497871,1839449479,7227374523,0.0,0.8
匠心城写字楼,写字楼,114.38297497383023,30.60784975783753,7227374526,1839449479,0.0,0.8
铁狮仁和中心,写字楼,114.38279200332286,30.607888849747766,7227374526,1839449479,0.0,0.8
仁和中心B座,写字楼,114.38247504537972,30.608099954912213,7227374526,1839449479,0.0,0.8
金地自在城K3K3-3栋商业楼,写字楼,114.38017563550504,30.607901526866634,7227374523,3044755100,0.0,0.8
金地自在城K2B座,写字楼,114.38052549832099,30.608301126898535,3044755100,7227374526,0.0,0.8
爱谷国际,写字楼,114.38122220492545,30.60950917922,3044755100,7227374526,0.0,0.8
花样年幸福万象A2座公寓,写字楼,114.38187696350852,30.610475372618925,7227374356,7227374526,0.0,0.8
东湖时代中心,写字楼,114.41587551390718,30.604844942844025,13825926600,1862956878,0.0,0.8
沙湖果品批发市场办公楼,写字楼,114.42523995537785,30.59570744127248,1862951464,2418671594,0.0,0.8
武汉站杨春湖客运换乘中心大楼,写字楼,114.42170247714598,30.607862464482473,2418671665,1862951354,0.0,0.8
丰汇国际,写字楼,114.16730575618507,30.6162694023023,8597604786,7716106466,0.0,0.8
轻轨交通舵落口站综合楼,写字楼,114.162732795687,30.61283119864682,2383219229,300799139,0.0,0.8
华生汉口城市广场D13栋,写字楼,114.1701522870626,30.624418408356522,11299240981,4033245975,0.0,0.8
硚口区公共卫生服务大楼,写字楼,114.15912216571488,30.615023564388622,2383219229,300799139,0.0,0.8
是方大厦,写字楼,114.19335960163174,30.61120693387549,3734096433,3734096425,0.0,0.8
是方大厦1栋,写字楼,114.19334356443923,30.611161926191762,3734096433,3734096425,0.0,0.8
汇丰企业天地-名企SOHO,写字楼,114.19283983305459,30.61619708175153,5343198025,9425844047,0.0,0.8
汇丰·企业天地丰荣楼,写字楼,114.19384141543105,30.616022761010292,5343198025,5343200403,0.0,0.8
汇丰·企业天地丰雍楼,写字楼,114.19467654293969,30.615962111446937,5343200403,5343198025,0.0,0.8
汇丰·企业天地汇德楼,写字楼,114.19415215937877,30.616572032882036,5343200403,5343198025,0.0,0.8
汇丰·企业天地丰隆楼,写字楼,114.19543546420493,30.615875339059674,5343200403,5343198025,0.0,0.8
硚口国家电子商务示范基地电子商务大楼,写字楼,114.19544045565851,30.61611824826252,5343200403,5343198025,0.0,0.8
汇丰·企业天地铂金座,写字楼,114.19519980165951,30.616679643393518,5343200403,5343198025,0.0,0.8
汇丰·企业天地,写字楼,114.19472053909915,30.61728864167557,5343200403,5343198025,0.0,0.8
汇丰·企业天地汇贤楼,写字楼,114.19510547726239,30.61767908860443,9425844047,5343190992,0.0,0.8
常发科技大厦,写字楼,114.1978246395055,30.613032162415195,4519229445,3734096441,0.0,0.8
翡翠中心B栋,写字楼,114.20003508669237,30.611896903677895,4540338074,4540338637,0.0,0.8
蓝焰电商中心,写字楼,114.19418766509384,30.623303332574572,5570856449,5570733299,0.0,0.8
爱之家长丰二手车市场综合服务大楼,写字楼,114.22103808065134,30.61149164211152,4860003008,4860003297,0.0,0.8
交易大楼,写字楼,114.2211783322427,30.611271848660607,4860003008,4860003297,0.0,0.8
吉和昌大厦,写字楼,114.22742807611644,30.62064362554044,13161103949,13161103947,0.0,0.8
邮政通信大楼,写字楼,114.22518659998778,30.623367018536996,3732372505,3732372510,0.0,0.8
中贝通信大厦1号楼,写字楼,114.22097684112778,30.624666216540867,5941524176,3732372514,0.0,0.8
乔万尼时尚创意中心,写字楼,114.22492715291668,30.62404355560426,3732372510,3732372505,0.0,0.8
轻机大厦,写字楼,114.22363111586458,30.62466834545326,5941524176,3732372514,0.0,0.8
影狐科技2号楼,写字楼,114.2245325110143,30.624569054652266,3732372514,3732372505,0.0,0.8
思维同创大厦,写字楼,114.22831710670107,30.622920229118638,3732372482,3732372494,0.0,0.8
新金科技企业孵化器管理有限公司B栋,写字楼,114.22363109857523,30.624868262666332,5941524176,3732372514,0.0,0.8
思维同创B座,写字楼,114.22847633051268,30.622832359069804,3732372482,3732372494,0.0,0.8
影狐科技B栋,写字楼,114.22463265436186,30.624669085727824,3044755141,3732372514,0.0,0.8
柚米国际社区(常青公园店)-A座,写字楼,114.22821895744138,30.623099097119944,3732372499,1540326771,0.0,0.8
思维同创A座,写字楼,114.22844727958434,30.622966286813288,1540326771,3732372499,0.0,0.8
贺家墩高新技术中心大楼,写字楼,114.2284822990915,30.623290173718015,1540326771,3732372499,0.0,0.8
动画制作大楼,写字楼,114.2264353319806,30.624520391793926,3732372510,3732372505,0.0,0.8
远洋汉口中心K6写字楼,写字楼,114.24144782064398,30.616184582597405,5331308877,7516058177,0.0,0.8
泛海CBD生活广场,写字楼,114.2440049178835,30.613480820611166,5331308887,5331309732,0.0,0.8
天时大厦,写字楼,114.24402493140536,30.613479821156382,5331308887,5331309732,0.0,0.8
丰梨苑中心阁,写字楼,114.24322116268613,30.615974793348077,3822581281,4540338059,0.0,0.8
恒智中心,写字楼,114.24282480101682,30.616879407948264,3822581281,4540338059,0.0,0.8
医养大楼,写字楼,114.23819964836818,30.62062723040531,4540338642,4540338645,0.0,0.8
武汉恒大中心,写字楼,114.24504572062513,30.611997405704663,5331309732,4849687519,0.0,0.8
宜企空间汉口恒大中心社区,写字楼,114.24506071492085,30.61217233482209,5331309732,4849687519,0.0,0.8
武汉科技大厦,写字楼,114.24497247333423,30.614334465084063,3822581274,2320987467,0.0,0.8
海港人寿大厦,写字楼,114.24525985621831,30.611965410848395,3822581267,286076008,0.0,0.8
王家墩广场B栋,写字楼,114.24675671740825,30.61208126161117,3822229319,3822229323,0.0,0.8
风向大厦,写字楼,114.24691677680332,30.6124041156291,3044755111,3822229319,0.0,0.8
新长江CBD中心A1写字楼,写字楼,114.24707884197879,30.612658995753574,3044755111,3822229319,0.0,0.8
新长江CBD中心,写字楼,114.24709385162606,30.612640001764742,3044755111,3822229319,0.0,0.8
新长江CBD中心C栋,写字楼,114.24708679851005,30.613212771581185,3044755111,2320987467,0.0,0.8
新长江CBDA栋,写字楼,114.24712587161017,30.612606011927582,3044755111,3822229319,0.0,0.8
旅游大楼,写字楼,114.24680845192059,30.61549087897932,2320987467,2320987470,0.0,0.8
新港投大楼,写字楼,114.24689649690474,30.615524856340418,2320987467,2320987470,0.0,0.8
王家墩广场C栋,写字楼,114.24740696122599,30.613280707175257,2320987467,3044755111,0.0,0.8
合亿达瑞秋中心B区,写字楼,114.23133198322869,30.623313685715903,3732372504,3732372490,0.0,0.8
小中大厦,写字楼,114.24690644949463,30.616137606594215,3578501290,4860002963,0.0,0.8
武汉邮政分公司西院办公楼,写字楼,114.24585567526715,30.618228842039272,7150348316,4741736323,0.0,0.8
微立方新创办公空间76号楼,写字楼,114.22981503978961,30.62359779505075,3732372499,1540326771,0.0,0.8
爱帝研发楼,写字楼,114.23058595937563,30.624385872797603,1540326793,1540326771,0.0,0.8
怡景商务大厦A座,写字楼,114.24853931252233,30.615695567927947,2320987470,3955578698,0.0,0.8
怡景商务大厦,写字楼,114.24861936876503,30.615476643453604,2320987470,2320987456,0.0,0.8
怡景商务大厦B座,写字楼,114.24871943110293,30.615290701900786,2320987470,2320987456,0.0,0.8
汉口创业中心爱帝楼(发展一路),写字楼,114.23156513078118,30.62492013291059,1540326793,1540326771,0.0,0.8
海马公园写字楼,写字楼,114.24950786747966,30.6142799643699,2320987470,2320987456,0.0,0.8
兴城大厦A座,写字楼,114.2491755906637,30.61582340370689,3955578698,3578501607,0.0,0.8
兴城大厦,写字楼,114.24926862074538,30.615947335685064,3955578698,3578501607,0.0,0.8
兴城大厦B座,写字楼,114.2492896305869,30.615939334889152,3955578698,3578501607,0.0,0.8
武汉博物馆办公楼,写字楼,114.25057235697408,30.61356101942782,3822229339,3822229334,0.0,0.8
海马公园营销中心写字楼,写字楼,114.2501991267667,30.614559703111603,12251667890,2320987456,0.0,0.8
运管大厦,写字楼,114.251358509479,30.61507920389434,12251667890,2320987456,0.0,0.8
金涛鸿公馆A座,写字楼,114.24985790848163,30.615500397297502,3955578698,3578501607,0.0,0.8
湖北捷龙大厦,写字楼,114.25012098105991,30.615891181011975,3955578698,3578501607,0.0,0.8
捷龙大厦外卖柜,写字楼,114.25020801226025,30.615929145933098,3955578698,3578501607,0.0,0.8
房开大厦,写字楼,114.25345325324918,30.613653130858605,12251667893,12251702111,0.0,0.8
武汉天街写字楼5栋,写字楼,114.25293803113127,30.614667895626557,12251702111,4050649066,0.0,0.8
捷龙大厦1栋,写字楼,114.25005793968317,30.616079118761107,3955578698,3578501607,0.0,0.8
武汉江汉区湖北交投捷龙大厦物业,写字楼,114.24996588838104,30.616244072020077,3955578698,3578501607,0.0,0.8
葛洲坝国际广场写字楼,写字楼,114.25389654527484,30.61149983985508,12251667891,12251702102,0.0,0.8
湖北移动综合大楼,写字楼,114.25087324109202,30.616201875413694,11876009382,12251702105,0.0,0.8
企业服务大楼,写字楼,114.25233575679226,30.615851607853838,12251702106,11875970768,0.0,0.8
武汉市江汉区金家墩特1号武汉天街第一号办公楼,写字楼,114.25380926399754,30.614528650035,1363228259,4050649066,0.0,0.8
方块金贸中心,写字楼,114.25320904219365,30.61537851679886,1363228259,4050649066,0.0,0.8
金贸大厦D座(马场路),写字楼,114.25306999326716,30.615520506184225,4050649066,1363228259,0.0,0.8
搜房控股大厦,写字楼,114.2538782673957,30.614675565433206,4050649066,1363228259,0.0,0.8
金贸大厦(马场路),写字楼,114.2532160259237,30.61558842927492,4050649066,1363228259,0.0,0.8
房天下大厦,写字楼,114.25411032098614,30.614662484918078,1363228259,4050649066,0.0,0.8
中金寰华大厦,写字楼,114.25449673403189,30.610821885667338,11871879321,12251667891,0.0,0.8
天街公园里,写字楼,114.2541332958151,30.61501333420821,1363228259,4050649066,0.0,0.8
创富广场,写字楼,114.25416130445731,30.614984335440596,1363228259,4050649066,0.0,0.8
天丰综合楼,写字楼,114.24920747925574,30.617278805916985,7150348305,4741736405,0.0,0.8
武汉天街-写字楼,写字楼,114.25469942948341,30.61482519216125,1363228259,4050649066,0.0,0.8
东方商都A座,写字楼,114.25296074855316,30.618018526360153,11876009385,3955578723,0.0,0.8
东方商都,写字楼,114.25370792239805,30.618214188644284,11871884103,11871884109,0.0,0.8
创业大厦,写字楼,114.24874709063003,30.619389027822248,7150348309,9861559726,0.0,0.8
武汉台湾风情广场,写字楼,114.24888814714653,30.619479965911946,7150348309,9861559726,0.0,0.8
葛洲坝国际广场南区A栋写字楼,写字楼,114.25706022392112,30.609529285656212,8197792043,7215552546,0.0,0.8
武汉市社会福利综合大楼,写字楼,114.25554234322833,30.61755173732746,3578501642,3578501633,0.0,0.8
奥里商务大厦,写字楼,114.24867202103903,30.61979487450597,7150348309,9861559726,0.0,0.8
武汉石油大厦,写字楼,114.24873204744364,30.619809858122856,7150348309,9861559726,0.0,0.8
军安大楼,写字楼,114.25401593413433,30.618906793355624,11871884102,4741736414,0.0,0.8
大武汉1911小区591-B座,写字楼,114.25712663488648,30.61643346886795,1363228259,1455682792,0.0,0.8
财神商业广场,写字楼,114.25254648577709,30.61971696609795,11871884189,3955578722,0.0,0.8
大武汉1911商业圈B栋,写字楼,114.25695358536919,30.616822394244103,1363228259,1455682792,0.0,0.8
大武汉1911写字楼A座,写字楼,114.25726464826353,30.616415408783386,1363228259,1455682792,0.0,0.8
财神广场楼c,写字楼,114.25332671461882,30.6195317842517,7516046073,7516049790,0.0,0.8
大武汉1911商业圈F栋,写字楼,114.2569185467306,30.61723124459777,3955578663,1455682792,0.0,0.8
大武汉1911商业圈E栋,写字楼,114.25672950162088,30.617531212161932,3578501642,3578501633,0.0,0.8
陕西大厦(金墩街),写字楼,114.25395486360947,30.61956454683982,4741736351,7516046074,0.0,0.8
大武汉1911,写字楼,114.25714556573332,30.61725512532962,3955578663,1455682792,0.0,0.8
大武汉1911商业圈C栋,写字楼,114.25751662437638,30.616918079417832,3955578663,1455682792,0.0,0.8
武汉林业大厦,写字楼,114.25380380292583,30.619863479633732,7516046074,7516046072,0.0,0.8
龙湖江宸国际写字楼,写字楼,114.25971035335832,30.60907505707652,648969839,3822227971,0.0,0.8
华南国际广场8座,写字楼,114.25841654422983,30.618392013414006,3955578685,7390688860,0.0,0.8
华南国际广场B1座,写字楼,114.25845854383981,30.618411982825705,3955578685,7390688860,0.0,0.8
华南国际广场A座,写字楼,114.25856854119662,30.61847889643884,3955578685,7390688860,0.0,0.8
万达广场6A座,写字楼,114.26195990850057,30.61237533549853,4104009764,7150348322,0.0,0.8
武汉菱角湖万达广场S1幢,写字楼,114.26195984388022,30.613125033315992,4104009764,7150348322,0.0,0.8
江汉工会大楼,写字楼,114.26042148318969,30.618852682546482,12169705919,12169705928,0.0,0.8
万科圆方A1座,写字楼,114.26195953798441,30.616673595919156,1455682766,1455682776,0.0,0.8
铁狮控股大厦,写字楼,114.26270503157805,30.609780874450895,648969839,3822227971,0.0,0.8
菱角湖万达广场-A2座写字楼,写字楼,114.26318673525093,30.612319519397108,1455682669,4104009764,0.0,0.8
都市骊园,写字楼,114.26103644003491,30.618876293202966,12169705919,12169705928,0.0,0.8
武汉菱角湖万达广场BC区S4栋,写字楼,114.26375942458702,30.614707145402882,7150348317,2393234841,0.0,0.8
万达广场A3座写字楼,写字楼,114.26418951545581,30.61263566691321,1455682669,4104009764,0.0,0.8
美画轻奢菱角湖万达A3写字楼,写字楼,114.26419251498939,30.612633665497647,1455682669,4104009764,0.0,0.8
江名书苑,写字楼,114.25533267062241,30.624958782219288,3955578709,3955578708,0.0,0.8
菱湖上品B座,写字楼,114.26538814558909,30.61361835726182,8826275179,1455682782,0.0,0.8
国创大厦A座,写字楼,114.26642985489885,30.613556547951287,8826275178,1455682774,0.0,0.8
国资大厦,写字楼,114.26650083811153,30.613498513173955,8826275178,1455682774,0.0,0.8
菱角湖国创大厦医保中心,写字楼,114.26635886656794,30.61367155953838,1455682774,11890709392,0.0,0.8
国创大厦C座,写字楼,114.26665879983634,30.613371434312818,8826275178,1455682774,0.0,0.8
国创大厦,写字楼,114.26667379726506,30.613346432002796,8826275178,1455682774,0.0,0.8
国创大厦B座,写字楼,114.26693172506037,30.613224266780097,8826275178,1455682774,0.0,0.8
阳光大厦(唐家墩路),写字楼,114.26669865561588,30.614897784023043,1455682774,11890709392,0.0,0.8
润为办公楼,写字楼,114.26815823462029,30.61391993443474,8826275156,1973301981,0.0,0.8
鹏飞湖庭C座,写字楼,114.27009661273608,30.61181401822243,1540325333,1973301981,0.0,0.8
鹏飞湖庭A座,写字楼,114.27009661273608,30.61181401822243,1540325333,1973301981,0.0,0.8
鹏飞湖庭3F座,写字楼,114.27009661273608,30.61181401822243,1540325333,1973301981,0.0,0.8
万科金域时代西区A座,写字楼,114.26956305702252,30.60940048500132,1540325333,1540325301,0.0,0.8
万科金域时代8B座,写字楼,114.26960804876124,30.609270495323944,1540325333,1540325301,0.0,0.8
机械大厦(唐家墩路),写字楼,114.26595060296803,30.61812108320589,6861387077,7178880063,0.0,0.8
工贸写字楼,写字楼,114.2652227491705,30.61871241650319,6861387077,7178880063,0.0,0.8
万科金域时代7栋A座,写字楼,114.27105743482869,30.60861937705966,1540325301,4103995019,0.0,0.8
万科金域时代7栋B座,写字楼,114.27110741025571,30.608619328309153,1540325301,4103995019,0.0,0.8
MMC中心,写字楼,114.27245664114369,30.60941766162591,7150411380,7150411378,0.0,0.8
泛海国际SOHO城,写字楼,114.26464771788463,30.620702042651196,1455686591,7390688861,0.0,0.8
人防大楼,写字楼,114.2638588691735,30.620920539110067,1455686591,7390688861,0.0,0.8
发展大厦写字楼,写字楼,114.26486663152157,30.621102711566618,6861387077,7178880063,0.0,0.8
顶国际城写字楼,写字楼,114.26284004368605,30.620998231746498,7215552538,7215552541,0.0,0.8
唐菜路,写字楼,114.26876943248246,30.620468724270562,1455682781,7178879995,0.0,0.8
创意SOHO写字楼,写字楼,114.2690572855876,30.620816321472848,1455682781,7178879995,0.0,0.8
顶琇国际城青年家写字楼,写字楼,114.26460862191183,30.62191957175956,6861387077,7178880063,0.0,0.8
顶琇头条中心,写字楼,114.26460960659651,30.622094499001097,6861387077,7178880063,0.0,0.8
亚振国际,写字楼,114.26962396828561,30.62171443208853,1455682705,7178879930,0.0,0.8
顶秀国际C座,写字楼,114.2611340853543,30.62289658077735,7153019282,7215552538,0.0,0.8
田园商务大厦,写字楼,114.2699727265686,30.622731687556602,3382183118,7154185662,0.0,0.8
武汉市无线电厂科技楼,写字楼,114.27361800997592,30.62068288854517,7178879957,7178880017,0.0,0.8
红桥文化广场,写字楼,114.27955826906562,30.615897009235525,7150411370,7150411376,0.0,0.8
永成大厦,写字楼,114.28107723400299,30.613244166479042,2393264981,2393265100,0.0,0.8
天晖大厦D座,写字楼,114.28090036695436,30.61345630743776,2393265100,648969898,0.0,0.8
永成大厦1座,写字楼,114.28118612618572,30.61340796038308,2393265100,2393264981,0.0,0.8
天晖大厦A座,写字楼,114.28123703778544,30.61392268684533,2393265100,648969898,0.0,0.8
天晖大厦,写字楼,114.28117108931413,30.61398474665516,2393265100,648969898,0.0,0.8
武汉文联大楼,写字楼,114.28265491459412,30.612356463917756,2393265064,2393264981,0.0,0.8
邮电综合大楼,写字楼,114.28259912101397,30.61055526209125,1973301960,2393265050,0.0,0.8
恵园·大公馆,写字楼,114.28327224426121,30.61353116490585,2393265064,648969898,0.0,0.8
汉口商业大楼,写字楼,114.28114993299378,30.61600495508269,648969898,2393265064,0.0,0.8
高富生活广场B栋,写字楼,114.28309873602917,30.609704936677733,7150417193,3501032386,0.0,0.8
武汉市水务集团惠济路综合楼,写字楼,114.28457889286882,30.6147628859186,7150417206,2393265064,0.0,0.8
建设大厦,写字楼,114.2851492995562,30.615140940999485,7150417206,7150417210,0.0,0.8
康乐大厦(惠济二路),写字楼,114.28087000548521,30.617939526309925,656217812,7150411363,0.0,0.8
康乐大厦1号楼,写字楼,114.28085001687914,30.618004525325123,7150411363,7150411367,0.0,0.8
新光大厦,写字楼,114.28560779192343,30.61571406588442,4942991713,7150417206,0.0,0.8
武汉交通信息中心大楼,写字楼,114.2802384456565,30.618988898992797,7178880041,7178879963,0.0,0.8
中共武汉市委机关综合楼,写字楼,114.28722236732183,30.61293388485415,7150417205,7150417218,0.0,0.8
江大劳动服务公司综合办公楼,写字楼,114.28397014881023,30.61859116367804,4942999967,7150411367,0.0,0.8
同安大厦(江大路),写字楼,114.28110057458125,30.6206441240174,642989469,1445955069,0.0,0.8
竹叶山创业大厦,写字楼,114.28110557028897,30.620644117602726,642989469,1445955069,0.0,0.8
北斗大厦1幢,写字楼,114.27730258200612,30.62070776649189,7178880017,11290190420,0.0,0.8
新苑商务中心,写字楼,114.28755562435421,30.61743657476437,4942991713,7150417206,0.0,0.8
融玺1001大厦,写字楼,114.2875656125829,30.617449554916902,4942991713,7150417206,0.0,0.8
北斗大厦(江大路),写字楼,114.27727260081902,30.620741787672564,7178880017,11290190420,0.0,0.8
北斗大厦111号楼,写字楼,114.27725261391807,30.620757804512824,7178880017,11290190420,0.0,0.8
凯旋大厦(黄孝河路),写字楼,114.2799075442466,30.621003488469935,7178880000,7178879947,0.0,0.8
长江医院B座,写字楼,114.280999634435,30.620953126638202,1445955069,1445954842,0.0,0.8
新宇大厦(黄孝河路),写字楼,114.28072870598477,30.622793715171692,1445955069,1445954842,0.0,0.8
黄浦国际中心B座,写字楼,114.29058910770637,30.61914934241384,7150417224,8197792080,0.0,0.8
永成精英汇-A栋A座,写字楼,114.29213841775766,30.617638561049453,8197792080,3501032495,0.0,0.8
武汉竹叶山华中国际广场1期A座,写字楼,114.28224823726904,30.624450062209373,642989469,7154185640,0.0,0.8
黄埔国际大厦,写字楼,114.29173875520162,30.619238531344465,8197792080,3501032495,0.0,0.8
黄浦国际中心,写字楼,114.29194952855816,30.618963315347568,8197792080,3501032495,0.0,0.8
华电大厦B座,写字楼,114.27431528939653,30.624160709769058,11029509101,11244942482,0.0,0.8
华电大厦,写字楼,114.27431528844767,30.624171705221247,11029509101,11244942482,0.0,0.8
华电大厦A座,写字楼,114.27472801924091,30.624308200183567,11029509101,11244942482,0.0,0.8
五洲大厦B座,写字楼,114.27569135431376,30.624763943732113,3382183168,11029509098,0.0,0.8
五洲大厦A座,写字楼,114.27538355618293,30.624784279618304,11029509098,8202725291,0.0,0.8
五洲大厦1栋,写字楼,114.27540354099844,30.624808247422855,11029509098,8202725291,0.0,0.8
司法行政大楼,写字楼,114.27618199828564,30.625044272649305,1445955095,3382183168,0.0,0.8
金牛大厦,写字楼,114.28923535469826,30.622491020245462,11290211985,299855779,0.0,0.8
武汉竹叶山华中国际广场1期,写字楼,114.2819484228527,30.625400062059498,1445954913,3382183116,0.0,0.8
武汉市司法局办公楼B座,写字楼,114.2763928295233,30.62531591928242,1445955095,3382183168,0.0,0.8
互联网大厦(发展大道),写字楼,114.28017192240122,30.625682224743947,1445955083,1445954842,0.0,0.8
枫丹白鹭大厦A座,写字楼,114.29723244325088,30.61243242201836,3501032390,3501032388,0.0,0.8
枫丹白鹭(永清路),写字楼,114.29756700571289,30.612357892091786,3501032388,3501032390,0.0,0.8
枫丹白鹭大厦B座,写字楼,114.29763691098408,30.612376767220184,3501032388,3501032390,0.0,0.8
长江水利水电科技楼,写字楼,114.2983659578931,30.61209565208108,3501032388,3501032390,0.0,0.8
永青汇大厦B座,写字楼,114.29488513331302,30.616484649109918,299855783,5300643121,0.0,0.8
永青汇大厦,写字楼,114.29509585919322,30.616560275619076,5300643121,299855783,0.0,0.8
水文楼,写字楼,114.29990088538487,30.611824143893077,1882149836,3501032388,0.0,0.8
长江设计大楼,写字楼,114.30044310008152,30.61220405652904,13459792906,13459792909,0.0,0.8
长江防汛科技大楼,写字楼,114.30138571954859,30.612876149508505,5300641317,1230843969,0.0,0.8
长江综合服务楼,写字楼,114.30139560418947,30.614045659842702,5300641317,1230843969,0.0,0.8
黄浦中心,写字楼,114.30164559052082,30.61012380272949,4523470661,1882081961,0.0,0.8
美基元无创楼,写字楼,114.3023753560121,30.612373619025895,7150417273,1882138557,0.0,0.8
黄浦大厦,写字楼,114.3008771318947,30.61637461707786,1882138546,1882138648,0.0,0.8
长江水利委员会水文大楼,写字楼,114.30227539496508,30.61357331069309,5300641317,1230843969,0.0,0.8
常阳永清城-商业楼,写字楼,114.30267499566622,30.61157341342393,4523471928,4523470675,0.0,0.8
岩土大楼,写字楼,114.30202558673084,30.61547297997206,1882138546,1882138648,0.0,0.8
武汉天地壹方南馆,写字楼,114.30265309517384,30.610788767348463,4523470684,5300641312,0.0,0.8
黄浦景观大厦,写字楼,114.29475302275912,30.619691554421845,3501032377,299855783,0.0,0.8
黄埔东宫A座,写字楼,114.30069727469161,30.61763241666752,7150417275,1882138650,0.0,0.8
黄浦景观大厦A座,写字楼,114.29449533002023,30.61989488827994,3501032377,299855783,0.0,0.8
黄埔东宫,写字楼,114.30101085107373,30.61744894749894,7150417275,1882138650,0.0,0.8
天地企业天地,写字楼,114.3034239836558,30.610772410196596,4523471893,4523470684,0.0,0.8
企业天地1号A座,写字楼,114.3034239836558,30.610772410196596,4523471893,4523470684,0.0,0.8
企业天地1号,写字楼,114.30346892009936,30.61075333808773,4523471893,4523470684,0.0,0.8
黄埔嘉苑,写字楼,114.29857900103174,30.61981515521045,7150417298,1676342440,0.0,0.8
江岸区东亚大厦2座,写字楼,114.29858399098497,30.619853131186044,7150417298,1676342440,0.0,0.8
环球智慧中心(武汉新天地南馆东座),写字楼,114.3044394022876,30.611914141675815,1882149846,1882149800,0.0,0.8
武汉新天地壹方环球智慧中心a2写字楼,写字楼,114.30466404229121,30.612255601881138,1882149846,1882149800,0.0,0.8
中信泰富大厦32号楼,写字楼,114.30542081351584,30.613517732374326,1882138516,7713206999,0.0,0.8
中信泰富大厦,写字楼,114.3054597570537,30.613501668654656,1882138516,7713206999,0.0,0.8
雷格斯(天地企业中心) - IWG旗下品牌,写字楼,114.3056905499741,30.61193088562618,4523470655,4523471919,0.0,0.8
武汉企业中心,写字楼,114.30582036627267,30.611817696609357,4523471919,1882159772,0.0,0.8
企业中心5,写字楼,114.30583334742859,30.611811675563803,4523471919,1882159772,0.0,0.8
平安金融中心,写字楼,114.30585730976757,30.611833623403516,4523471919,1882159772,0.0,0.8
长江金岸·武汉人工智能大厦,写字楼,114.2941644571458,30.623215056008917,4943000009,4943000008,0.0,0.8
长江金岸武汉人工智能大厦B栋,写字楼,114.29393574059843,30.623233415964304,4943000009,4943000008,0.0,0.8
汇友大楼,写字楼,114.30058004376039,30.622184753577365,7150417298,1676342440,0.0,0.8
中金时代广场A座,写字楼,114.29443107863572,30.623729413669096,4943000008,4943000010,0.0,0.8
联通大厦(建设大道),写字楼,114.2953758608998,30.62396078306343,4943000010,4943000014,0.0,0.8
中胜大楼1号楼,写字楼,114.29429520331583,30.6242574145085,4943000010,4943000014,0.0,0.8
中胜大楼,写字楼,114.29426324168534,30.624276458141214,4943000010,4943000014,0.0,0.8
武汉天地B9-1号,写字楼,114.30853688133692,30.616145989734353,5175110997,5175111014,0.0,0.8
龙韵大厦(工农兵路),写字楼,114.30174225796263,30.623909019852537,3969572085,7150417298,0.0,0.8
天梨大厦,写字楼,114.28774280958227,30.62454238213748,8600114950,5300641307,0.0,0.8
武汉天地云廷1期大堂,写字楼,114.31171085588879,30.617254646567527,5771031975,7178880057,0.0,0.8
绿城·黄浦湾C区大堂,写字楼,114.31415654184138,30.62229797973996,11028873798,11028873800,0.0,0.8
联通大厦,写字楼,114.30989216429894,30.623371524920262,3501074207,3501032503,0.0,0.8
新八大厦,写字楼,114.30987718231457,30.623431527911812,3501074207,3501032503,0.0,0.8
聚龙大厦,写字楼,114.30998599488294,30.623646237354773,3501074207,3501032503,0.0,0.8
航天双城写字楼C座,写字楼,114.31066189044246,30.624253729852683,3501074207,3501032503,0.0,0.8
航天双城写字楼,写字楼,114.30940173995921,30.625480559848604,4899642721,4899642725,0.0,0.8
华夏金融中心,写字楼,114.3162530161479,30.62414324238883,11028873787,5175111151,0.0,0.8
融侨星域写字楼A塔,写字楼,114.33996592016271,30.611453658012685,7922766798,13238797719,0.0,0.8
融侨星域B座,写字楼,114.34027347518125,30.611192210464953,13238797719,3859970557,0.0,0.8
嘉顺国际大厦项目,写字楼,114.34360693745151,30.61762570438822,11296539084,6405616346,0.0,0.8
和平大世界实业有限公司综合办公楼,写字楼,114.34987840415465,30.614571362200508,7926632626,7926632628,0.0,0.8
中国移动武汉分公司罗家路通信大楼,写字楼,114.35791020519586,30.61778573618222,2152848555,4524691344,0.0,0.8
天星大厦,写字楼,114.35778130440728,30.61831070689321,2152848555,4524691344,0.0,0.8
奥山世纪广场1号楼,写字楼,114.356143041969,30.62002339583131,1876183768,4524691477,0.0,0.8
CC尚品E幢,写字楼,114.35409548926238,30.62022639550462,9861948911,9861948909,0.0,0.8
武汉市园林科学研究院综合楼,写字楼,114.36270107308678,30.61888673458039,4541277493,4541277471,0.0,0.8
武汉市排水泵站管理处罗家路排水站办公楼,写字楼,114.35033201775126,30.62351096851803,8197635881,4524689852,0.0,0.8
鑫园大厦2栋,写字楼,114.37412759339476,30.61510352350136,11490097518,11490097626,0.0,0.8
中楷大厦,写字楼,114.37154998800864,30.61698325241682,4524691404,11810163033,0.0,0.8
中楷大厦1栋,写字楼,114.37152899984987,30.61700526471019,4524691404,11810163033,0.0,0.8
开来·九洲国际B座,写字楼,114.37226651811407,30.617097489317263,4524691404,11810163033,0.0,0.8
开来·九洲国际A座,写字楼,114.37275420756036,30.61720096975621,11810163033,4541276628,0.0,0.8
宏昌·玲珑汇,写字楼,114.37624519654646,30.61870418827742,7230791813,9893940667,0.0,0.8
武汉宝业中心B座,写字楼,114.36978373267664,30.622382881895412,4541277911,7230783610,0.0,0.8
宝业中心,写字楼,114.37004253488134,30.622517549759184,4541277911,7230783610,0.0,0.8
宝业中心A座,写字楼,114.37048622129963,30.62252507774616,1217609009,4541277911,0.0,0.8
青鹏大厦,写字楼,114.37796134217362,30.620012259932988,7230791813,4541277967,0.0,0.8
环保大楼,写字楼,114.36603266511841,30.622858944433247,13448808274,4541278092,0.0,0.8
钢信大楼,写字楼,114.36574491353079,30.622867286529218,13448808274,4541278092,0.0,0.8
天际丽豪行政办公楼,写字楼,114.38135051361722,30.617022061642082,4541277892,7227313200,0.0,0.8
一冶商业大楼,写字楼,114.3750354591439,30.62249268017857,1217609010,4541277614,0.0,0.8
福星惠誉·星光大厦,写字楼,114.38260323830201,30.617014283685826,7227313199,7227313196,0.0,0.8
政务服务大楼,写字楼,114.38572548786452,30.621224887288133,4524689858,4524689853,0.0,0.8
民福大厦,写字楼,114.38786446937925,30.62140089849807,4524689853,4524691303,0.0,0.8
食品大厦,写字楼,114.392152127085,30.621219713044038,4524691303,4541277569,0.0,0.8
国家电网综合楼,写字楼,114.3903735072853,30.624039977987927,1212025348,1212025355,0.0,0.8
舜安大厦,写字楼,114.40571790665749,30.611733850878732,1863926576,13832195975,0.0,0.8
舜安大厦A座,写字楼,114.40593308393895,30.61199583168474,1863926576,13832195975,0.0,0.8
湖北西藏大厦,写字楼,114.40838942374907,30.61327244910231,7227374875,1863926667,0.0,0.8
中海国际大厦,写字楼,114.39732811512346,30.62085539316787,4541277669,4524691394,0.0,0.8
中铁四院杨春湖畔大厦,写字楼,114.4089654244957,30.62033587874582,11490097518,11490097626,0.0,0.8
杨春湖畔二期5号商业楼,写字楼,114.40908550684783,30.620893715147098,11490097633,11490097583,0.0,0.8
武汉火车站西广场综合服务楼,写字楼,114.41524401647138,30.611701676969396,13819742189,1862951415,0.0,0.8
武汉车站办公楼,写字楼,114.41968464965794,30.61291528703218,13819742189,1862951415,0.0,0.8
武汉火车站综合管理办公楼,写字楼,114.42085460668883,30.612708595757447,12806068351,1862951358,0.0,0.8
武汉工业广场,写字楼,114.42272708284369,30.61004575235908,2418671665,1862951354,0.0,0.8
国通能源大厦,写字楼,114.42541185838756,30.612044207187605,2418671665,1862951354,0.0,0.8
武汉火车站综合管理办公楼,写字楼,114.41667206862309,30.62322720134764,11490097633,11490097583,0.0,0.8
园区商务中心,写字楼,114.42816644461631,30.61036654540219,2418671665,1862951354,0.0,0.8
开力经贸楼,写字楼,114.16316435494933,30.63212106409557,11299240981,4033245975,0.0,0.8
湖北盐业集团有限公司武汉分公司盐业公司大楼,写字楼,114.16534837860176,30.63567066912168,1192680240,1192680080,0.0,0.8
海口税务大楼,写字楼,114.16438560246173,30.635474942094,1192680240,1192680080,0.0,0.8
金银湖CBD,写字楼,114.16909894226649,30.63923220493906,1192680240,1192680080,0.0,0.8
金地格林春岸S2商业楼,写字楼,114.18890523611027,30.63107143910661,4703618035,13439313175,0.0,0.8
创新楼,写字楼,114.19570132586476,30.625151949861262,8306163002,5570733296,0.0,0.8
华润置地翡翠中心,写字楼,114.19762815493675,30.6245881444002,8306163003,8238666030,0.0,0.8
十方商业项目,写字楼,114.19854761988475,30.63359276527721,12841249636,12841249638,0.0,0.8
荣刚大厦(金汇中心),写字楼,114.1992833215257,30.634506472698884,12841249638,8192138459,0.0,0.8
金汇中心,写字楼,114.1993574998169,30.634511580079625,12841249638,8192138459,0.0,0.8
金银湖大厦地下停车场,写字楼,114.19954391688943,30.634873701628507,8192138458,12841249639,0.0,0.8
金银湖199购物中心写字楼,写字楼,114.19999096602513,30.635132247649715,8192138458,12841249639,0.0,0.8
金银湖大厦(建设中),写字楼,114.19966315683408,30.635408650436236,8192138458,12841249639,0.0,0.8
金桥国际商务中心,写字楼,114.20909823274862,30.637983281538254,5570791434,5570791452,0.0,0.8
常安置业广厦,写字楼,114.21780780339641,30.63121963070554,8192138377,7710797897,0.0,0.8
财富大厦,写字楼,114.20033341410773,30.639383938409885,8192138455,8192138454,0.0,0.8
海关大厦,写字楼,114.1987565964092,30.639708479658207,8480387202,8480387200,0.0,0.8
圈外创智中心A座,写字楼,114.22538370328223,30.625569245124158,3044755141,3732372514,0.0,0.8
中信大楼,写字楼,114.22759278680667,30.626659243079494,3044755141,3732372519,0.0,0.8
中信大楼C栋,写字楼,114.22776101296411,30.626745310647877,3732372519,3044755141,0.0,0.8
中信大楼A栋,写字楼,114.22776905343166,30.62640545684048,3044755141,3732372519,0.0,0.8
新鸿鹄大楼,写字楼,114.22848798917533,30.626970651906642,3732372522,3732372519,0.0,0.8
龙娣大楼,写字楼,114.22928904301152,30.627171025828492,3732372522,3732372519,0.0,0.8
武汉保安集团大楼,写字楼,114.23014015965886,30.627071527715685,3732372519,3732372521,0.0,0.8
天策楼,写字楼,114.23017427432474,30.62624988725347,3732372521,3732372519,0.0,0.8
GT·PARK汉口科创中心,写字楼,114.23049062059515,30.62691277573718,3732372521,3732372519,0.0,0.8
武汉江汉经济开发区2号楼,写字楼,114.23074190523384,30.62729274531662,3732372521,3732372519,0.0,0.8
管委会大楼,写字楼,114.23092914705701,30.627210873074535,3732372519,3732372521,0.0,0.8
台银大厦,写字楼,114.23324591859573,30.627299888756642,3044755155,8202725356,0.0,0.8
南方航空大厦,写字楼,114.233136616194,30.62934598966917,7232993511,11250226975,0.0,0.8
中国石油武汉大厦,写字楼,114.2338146311761,30.626534435414566,8202725356,1540326780,0.0,0.8
武汉中咨大厦,写字楼,114.22572597954337,30.63980648416274,4736397164,4736395796,0.0,0.8
电信大楼(常青三路),写字楼,114.23625319179774,30.62712503210639,3822225896,3044755161,0.0,0.8
金雅大厦物业,写字楼,114.23842937652539,30.626246961302968,1540326796,1540325166,0.0,0.8
金雅大厦,写字楼,114.23870963803114,30.626187045903535,1540326796,1540325166,0.0,0.8
金色雅园地铁站综合楼,写字楼,114.24170504508912,30.62750994861477,3044755148,3270664780,0.0,0.8
红旗渠路莱特花园办公楼A.B栋,写字楼,114.24295318282026,30.625126027760587,1540325326,1540325311,0.0,0.8
中国水电盛世江城项目一期B栋商业,写字楼,114.24090081573218,30.634371980221403,7233004114,3732361543,0.0,0.8
巾帼园,写字楼,114.24485400294353,30.63052479838455,3044755172,1540326790,0.0,0.8
邮政局生产服务楼,写字楼,114.25448146251117,30.62553788588458,4741736395,7159632308,0.0,0.8
万科广场L楼,写字楼,114.25603374772408,30.625298338128584,3955578699,3955578716,0.0,0.8
风米大厦,写字楼,114.25235695102334,30.636869866558953,3366220890,3397897387,0.0,0.8
南国北都城市广场SOHO,写字楼,114.26100052014539,30.62957588943786,11699967625,7233161013,0.0,0.8
京华国际A座,写字楼,114.26163258404767,30.628161077061925,3367156817,1233306859,0.0,0.8
亘星鼎立,写字楼,114.25683393028278,30.635879531314643,11633720866,7233161019,0.0,0.8
中国铁塔湖北分公司综合生产办公大楼,写字楼,114.25682592300268,30.635954503311524,7233161019,11633720866,0.0,0.8
京华国际B座,写字楼,114.26194457661416,30.62784200562311,3367156795,1233306859,0.0,0.8
中盈大厦,写字楼,114.25651686222832,30.6362705142282,7233161019,11633720866,0.0,0.8
同为大厦,写字楼,114.25570771172549,30.636768665624924,3397897388,11633720866,0.0,0.8
武汉市公共交通集团有限责任公司罗家嘴公交调度楼,写字楼,114.2556076921263,30.636818687551333,3397897388,11633720866,0.0,0.8
南国北都城市广场裙楼幢,写字楼,114.26176341210709,30.62999022692474,7233161011,7233161013,0.0,0.8
天猫CXB,写字楼,114.26219156913626,30.627573952972835,3367156795,1233306859,0.0,0.8
南国北都B座,写字楼,114.26221140489378,30.629448157000834,7233161011,3367156885,0.0,0.8
武汉金融街大厦裙楼,写字楼,114.26465797668256,30.62926648576838,7241082969,7233161072,0.0,0.8
H3商业体东部,写字楼,114.26605758914206,30.629515287494254,7241082962,7233161072,0.0,0.8
正华大厦,写字楼,114.27028515900653,30.62766234813062,8202725298,8202725300,0.0,0.8
黄浦科技大厦B座,写字楼,114.27049196851137,30.62875569470639,8202725300,8202725296,0.0,0.8
黄浦科技大厦,写字楼,114.27080079452394,30.629072265415747,1233307028,1233327085,0.0,0.8
江岸区经济开发区标准厂房六号楼A座,写字楼,114.27120361421292,30.62887995373945,8202725300,1233327085,0.0,0.8
黄浦科技大厦AA座,写字楼,114.27125558567452,30.628910889834238,1233307028,1233327085,0.0,0.8
汉口校地合作科产融合大楼A栋,写字楼,114.27140556654126,30.628261013696257,1233327085,8202725300,0.0,0.8
黄浦科技大厦A座,写字楼,114.27126558284489,30.62888589046838,1233307028,1233327085,0.0,0.8
汉口校地合作科产融合大楼,写字楼,114.2717513942343,30.62820869238927,8202725300,1233327085,0.0,0.8
金运大厦,写字楼,114.27190527506559,30.62866034984305,3381058724,1233327085,0.0,0.8
石桥投资大厦108号楼,写字楼,114.27080559036483,30.631410280658148,5760208345,3381058725,0.0,0.8
石桥投资大厦,写字楼,114.27081558089628,30.63146424831488,5760208345,3381058725,0.0,0.8
名创梦工场B栋,写字楼,114.27295471696424,30.62850934254042,3381058724,1233327085,0.0,0.8
众联·天美国际B区,写字楼,114.26944080524194,30.63610258738408,1233322804,7233099367,0.0,0.8
创立方2号楼,写字楼,114.27598374021134,30.62959660135256,1233306625,1233306834,0.0,0.8
众联天美国际1座,写字楼,114.26862504019456,30.63726483394995,3044755215,1233322804,0.0,0.8
创立方3号楼,写字楼,114.27695204850289,30.62980440332493,1233306828,1233307105,0.0,0.8
黄浦创立方写字楼,写字楼,114.27695204850289,30.62980440332493,1233306828,1233307105,0.0,0.8
美联·中心,写字楼,114.27878250824392,30.631818380012266,7713110793,1233306780,0.0,0.8
武汉社会科学大楼,写字楼,114.27983914130513,30.626313379548154,4050649075,1445955095,0.0,0.8
承田国际大厦,写字楼,114.27692558550542,30.635381084273906,1233322986,1233306904,0.0,0.8
科创大厦(黄浦大街),写字楼,114.28349197416279,30.625846823828585,1445954913,3382183116,0.0,0.8
丝宝国际大厦,写字楼,114.28733421913459,30.624840853767147,8600114950,5300641307,0.0,0.8
中胜国际,写字楼,114.28887316747573,30.629300733037752,3382195234,3382183191,0.0,0.8
日月星城写字楼,写字楼,114.27891605002353,30.63591248737146,1233307057,1233306574,0.0,0.8
恒远商务,写字楼,114.28119814184704,30.636246482781154,1706612194,3382169772,0.0,0.8
东方恒星园写字楼,写字楼,114.28159778575686,30.63634592380606,4523471901,1233306989,0.0,0.8
武汉市园林科研大楼,写字楼,114.28839136871478,30.633087856819596,2140813082,8202725286,0.0,0.8
金桥壹号写字楼,写字楼,114.28128997846572,30.6372179514633,6314844890,1706612174,0.0,0.8
华宇旭辉广场,写字楼,114.27637758063182,30.63989279465688,7713110785,1233322827,0.0,0.8
武铁公安江岸综合楼,写字楼,114.29388112804119,30.631088231940886,3382195234,3382183191,0.0,0.8
汇龙花园写字楼,写字楼,114.2903888462202,30.636383461210826,4523487709,4523487745,0.0,0.8
瑞华中心,写字楼,114.30097691805356,30.628756338381503,12161579996,1973301982,0.0,0.8
润禾大厦,写字楼,114.30003794500567,30.632015594733662,5758660748,12161580012,0.0,0.8
新田国际,写字楼,114.30600474960275,30.627270034094334,3501032500,1676342445,0.0,0.8
新江岸生活广场H栋,写字楼,114.29757979889779,30.637621398538133,8202725243,8202725250,0.0,0.8
能建·滨江金融中心,写字楼,114.30646079546962,30.630386904133122,1676342441,4899657022,0.0,0.8
航天双城C1栋B座,写字楼,114.30976304006676,30.627104215889624,4899642721,4899642725,0.0,0.8
航天商务广场B座,写字楼,114.3101464081835,30.627531326749192,4899642721,4899642725,0.0,0.8
航天商务广场,写字楼,114.31049785262108,30.62763163173258,4899642721,4899642725,0.0,0.8
航天双城店40座,写字楼,114.31054481193861,30.62725770023188,4899642721,4899642725,0.0,0.8
东立国际A座,写字楼,114.31046186775724,30.62810250221327,4899642721,4899642725,0.0,0.8
航天商务广场写字楼,写字楼,114.3135569199432,30.628939354303512,8196196874,3501074206,0.0,0.8
金鑫大厦(解放大道),写字楼,114.31392830549282,30.6292025434223,8196196874,3501074206,0.0,0.8
力腾乐荟,写字楼,114.30813888562095,30.63461805670499,4539353913,4541697549,0.0,0.8
武汉中信泰富广场E座,写字楼,114.31942320705451,30.631774007003603,11389787988,11028893911,0.0,0.8
中信泰富信泰中心,写字楼,114.31944716710659,30.631783956955037,11028893911,11389787988,0.0,0.8
恒越大厦,写字楼,114.31754901742678,30.634510434183174,4899657027,4899657023,0.0,0.8
中信泰富滨江金融城,写字楼,114.32013503200133,30.63192358097936,11028893911,11028893912,0.0,0.8
连城大厦,写字楼,114.31785448361781,30.63494866563246,3382258813,3382258833,0.0,0.8
中信泰富滨江金融城阅江荟T2,写字楼,114.31879699532625,30.63444107962535,11028873801,11028873802,0.0,0.8
中信泰富滨江金融城26地块,写字楼,114.32109440587666,30.632580465639034,11028893912,11028893913,0.0,0.8
中信泰富滨江金融城九庐2栋,写字楼,114.32214962893529,30.633137207196974,11028893912,11028873796,0.0,0.8
新希望·D10 CASA,写字楼,114.32024745012066,30.63649443225127,6314844887,12421911315,0.0,0.8
优嘉中心,写字楼,114.3051539160969,30.63993322098762,3501002854,3501002863,0.0,0.8
武汉周大福金融中心(建设中),写字楼,114.31625159129095,30.62905220258803,3501074205,3382258874,0.0,0.8
泰康金融中心(建设中),写字楼,114.31863466013777,30.629841327017612,3501074205,3382258874,0.0,0.8
中建三局泰康金融中心项目部P6地块,写字楼,114.32368992096228,30.635224370022648,12421911303,12421911304,0.0,0.8
汉口滨江商务区5期,写字楼,114.32473809261691,30.63647183100164,12421911303,12421911307,0.0,0.8
武汉城建光彩国际,写字楼,114.32131966132684,30.63689320750123,12421909492,12421911315,0.0,0.8
二七滨江国际商务区,写字楼,114.32129370078067,30.636928242376005,12421911315,12421909492,0.0,0.8
青山数谷,写字楼,114.36730678946542,30.63206660745258,7230845362,7230845363,0.0,0.8
建二大厦,写字楼,114.36963638982694,30.62750991462871,696952512,7230812516,0.0,0.8
江城商业广场写字楼,写字楼,114.36991820438931,30.627298700176375,7230812516,696952512,0.0,0.8
众圆广场C馆,写字楼,114.37132817647145,30.627900976256324,696952526,696952512,0.0,0.8
光大科技楼,写字楼,114.37272929464278,30.627777632513233,11296539089,9862989142,0.0,0.8
国家税务总局武汉市青山区税务局办公大楼,写字楼,114.37357665453533,30.629348166033378,696952526,696952512,0.0,0.8
南洋金谷D栋,写字楼,114.37357622481574,30.634246105236958,7230845366,1217604728,0.0,0.8
青山政务服务大楼,写字楼,114.38036475151462,30.628734885808726,1217604731,1217604732,0.0,0.8
八大家花园38街坊区政务中心大楼,写字楼,114.38029857387662,30.630978990921086,1217544772,1217604732,0.0,0.8
联泰营销中心,写字楼,114.37360391198733,30.637627643548026,4535082617,7230845366,0.0,0.8
锐创中心,写字楼,114.38100629223278,30.631940108613406,1211806446,1217544772,0.0,0.8
利楚商服总部C栋,写字楼,114.38200320695913,30.63017221120495,7230791032,8194368848,0.0,0.8
一冶综合科技大楼,写字楼,114.38257422291524,30.62864750054729,8194368850,7230791032,0.0,0.8
利楚商服总部B栋,写字楼,114.38217312921047,30.630640909354423,8194368848,1217544780,0.0,0.8
利楚商服总部A栋,写字楼,114.38217312921047,30.630640909354423,8194368848,1217544780,0.0,0.8
武汉香域水岸商业综合体,写字楼,114.37346787195948,30.638978195508525,4535082617,7230845366,0.0,0.8
冶金大道2号主楼,写字楼,114.38227291524836,30.632839922841498,1211806458,1212025358,0.0,0.8
武汉印力中心写字楼,写字楼,114.3829397062309,30.63376013526284,4524874824,1211806430,0.0,0.8
铁投邻里荟芝士天地A座,写字楼,114.38549749227255,30.63271321204397,1211806458,1212025358,0.0,0.8
武钢设计院环保楼,写字楼,114.3880184752261,30.63281908361337,1212025358,1212025353,0.0,0.8
健吾SOHO,写字楼,114.38667836301069,30.63372624410704,4524874906,4524874824,0.0,0.8
经营楼,写字楼,114.3891235605481,30.632873668792296,1212025358,1212025353,0.0,0.8
深国投商业中心,写字楼,114.38295367119719,30.634130970323397,1211806478,4535082611,0.0,0.8
中银大厦(工业一路),写字楼,114.38624015524805,30.636177399509148,4535082611,4535082610,0.0,0.8
康盛大厦,写字楼,114.39110066254901,30.63519111637575,1217604754,1217604752,0.0,0.8
钢城大厦,写字楼,114.39544334031,30.631238114505926,1217544794,1217544793,0.0,0.8
鑫发大厦(冶金街道),写字楼,114.39648478714844,30.6313410321413,1217544794,1217544793,0.0,0.8
武钢云谷21创意坊康园综合楼,写字楼,114.39592424177481,30.634684636705817,1217604752,4524874823,0.0,0.8
康园行政楼,写字楼,114.39622432652084,30.635234393992864,1217604752,4524874823,0.0,0.8
火炬大厦(北洋桥路),写字楼,114.40413673562087,30.631950957965863,4524874682,9893917204,0.0,0.8
青城荟1座,写字楼,114.40137747290686,30.633335647706332,4524874856,1211806340,0.0,0.8
青扬港厦A栋,写字楼,114.39722456063686,30.637983221228936,1217604752,4524874823,0.0,0.8
青扬港厦,写字楼,114.39821696904386,30.639260715154613,1212025383,1212025384,0.0,0.8
钢城商务大厦B座,写字楼,114.39582380789362,30.639132748756122,1212025383,1212025384,0.0,0.8
钢城商务大厦,写字楼,114.39508651907397,30.638955868397353,1212025383,1212025384,0.0,0.8
鑫发大厦,写字楼,114.39454130885666,30.63898190509102,4535082610,4535081779,0.0,0.8
楠姆庙火车站综合楼,写字楼,114.41283899113583,30.632141409021738,9893917204,4524874682,0.0,0.8
青山区冶金街道三环线-普惠楼,写字楼,114.41849745527036,30.62774802024627,11490097633,11490097583,0.0,0.8
武钢兴达综合楼,写字楼,114.42405638585846,30.63415139878176,11490097633,11490097583,0.0,0.8
武汉兴达钢铁经济发展有限公司综合楼B座,写字楼,114.42414255038548,30.634088530032543,11490097633,11490097583,0.0,0.8
正源大厦,写字楼,114.17185671580584,30.64148640738879,1192680240,1192680080,0.0,0.8
长青大厦,写字楼,114.1594557322818,30.642300798245756,1192680240,1192680080,0.0,0.8
傅友大厦A座,写字楼,114.15907045434535,30.644199263618752,1192680240,1192680080,0.0,0.8
良品大厦,写字楼,114.19062731595902,30.647984092577854,3584782896,12841249658,0.0,0.8
航天大厦,写字楼,114.19652366025922,30.644927853362407,1084461959,1084461963,0.0,0.8
融汇大厦,写字楼,114.19231166050787,30.648512627703887,12841249670,1084461959,0.0,0.8
金银湖创新中心A栋,写字楼,114.19314879992406,30.64872988746727,12841249670,1084461959,0.0,0.8
汉江大厦,写字楼,114.19406216857125,30.64835551240097,12841249670,1084461959,0.0,0.8
金银湖创新中心,写字楼,114.19349764367607,30.649314193232705,12841249670,1084461959,0.0,0.8
金银湖街道金银湖北街8号金福祥大厦/栋,写字楼,114.19391669642306,30.64952177263792,12841249670,1084461959,0.0,0.8
欧亚广场,写字楼,114.20091450523564,30.642698357751097,8192233548,1084461972,0.0,0.8
武汉华尔登国际酒店二期写字楼,写字楼,114.20113105321248,30.64227585034776,8192233548,1084461972,0.0,0.8
欧亚广场写字楼,写字楼,114.20153599175296,30.642436359736045,8192233548,1084461972,0.0,0.8
贝斯特写字楼,写字楼,114.2015359960996,30.642386381226114,8192233548,1084461972,0.0,0.8
欧亚广场写字楼A座,写字楼,114.20163622241715,30.642486480724216,8192233548,1084461972,0.0,0.8
联通大厦,写字楼,114.19959668953486,30.650473070349186,12841249671,914652005,0.0,0.8
佳园商服中心,写字楼,114.22042348649491,30.652753761102122,9520799141,9520799127,0.0,0.8
常青花园四小区综合服务楼,写字楼,114.23079725927472,30.647166320786624,4769398249,4769398257,0.0,0.8
武商量贩写字楼,写字楼,114.233582036187,30.64197381795936,4736395765,13819683188,0.0,0.8
中科国贸,写字楼,114.2336961685115,30.641937878728445,4736395765,13819683188,0.0,0.8
常青花园写字楼,写字楼,114.23369717102449,30.64192188599387,4736395765,13819683188,0.0,0.8
中央商业街写字楼,写字楼,114.23384334474078,30.641816988392954,4736395765,13819683188,0.0,0.8
武汉教育电视台演播大楼,写字楼,114.23730979281387,30.65550715369615,4524874699,4540133448,0.0,0.8
跃进大厦,写字楼,114.25738818815438,30.645054332417025,7233179337,7233179332,0.0,0.8
武汉老干部办公楼,写字楼,114.24946362208523,30.651695202278525,9428099038,4540133606,0.0,0.8
华岩大厦,写字楼,114.25775655709806,30.652660832836915,4540133345,4540132020,0.0,0.8
奶油田科创大厦,写字楼,114.26982188119248,30.644883472033523,11633741970,11633741971,0.0,0.8
天地汇写字楼,写字楼,114.26982187817192,30.644918456911785,11633741970,11633741971,0.0,0.8
武汉市民热线办公楼,写字楼,114.2768790257329,30.642241209463464,1233322979,1233322935,0.0,0.8
塔子湖体育中心体育局大楼,写字楼,114.27700096833038,30.64189921478447,1233322979,1233322935,0.0,0.8
军运会执委会大楼,写字楼,114.27700096833038,30.64189921478447,1233322979,1233322935,0.0,0.8
武汉全民健身中心综合楼东区,写字楼,114.27954887406186,30.64369537889925,1233322979,1233322935,0.0,0.8
双福大楼,写字楼,114.25948438334875,30.655146803932073,7232670190,4540133293,0.0,0.8
武汉市托育综合服务大楼(建设中),写字楼,114.27495583701811,30.647889940493883,1233306571,11633741974,0.0,0.8
越秀星汇君泊公寓B2座,写字楼,114.2765824025371,30.651870370842758,7232653579,7232653528,0.0,0.8
越秀·星汇君泊大厦A座,写字楼,114.27605765980863,30.653086436752435,7232653579,7232653528,0.0,0.8
立城中心,写字楼,114.28177607758182,30.65427893199776,7232653528,7232659587,0.0,0.8
光明地产大厦,写字楼,114.28155619734414,30.65512784366254,7232659587,7232653528,0.0,0.8
新地东方广场B-A栋,写字楼,114.29666555619627,30.64281669895703,651691783,1233307111,0.0,0.8
三知数字大厦,写字楼,114.30118957699183,30.652282886884024,7232531427,11628608201,0.0,0.8
汉口城市广场2期商业,写字楼,114.3005113961565,30.653800396326094,4149553620,11628608181,0.0,0.8
汉口城市广场4号楼,写字楼,114.30092382258049,30.653758700104152,4149553620,11628608181,0.0,0.8
城建坤璟大厦A栋,写字楼,114.30258052569651,30.65311808384151,7232531427,1233322893,0.0,0.8
坤璟大厦K2座,写字楼,114.30259750071347,30.653125050861576,7232531427,1233322893,0.0,0.8
汉口城市广场2期1号楼,写字楼,114.30042448184167,30.65420936643725,4149553620,11628608181,0.0,0.8
LOFT1号楼,写字楼,114.2998941956996,30.654465167524776,11628608181,11628608177,0.0,0.8
城建坤璟大厦13A楼,写字楼,114.30269634079035,30.6533307861063,7232531427,1233322893,0.0,0.8
城建坤璟大厦,写字楼,114.30274027629217,30.65334570202706,7232531427,1233322893,0.0,0.8
铁狮科创中心,写字楼,114.29997504524627,30.654909832408602,11628608177,3500366627,0.0,0.8
武汉源生铁路配件制造有限公司办公楼,写字楼,114.31135922234465,30.642394771352297,7232634563,7232612063,0.0,0.8
百步亭花园社区服务综合楼B栋,写字楼,114.31510291787588,30.646535933035334,3501002866,2140813078,0.0,0.8
LOFT1号楼A区,写字楼,114.3209007040543,30.64427184769676,3717243426,3382233254,0.0,0.8
百步亭大厦,写字楼,114.32256008991538,30.643073182490895,3382233254,3717243426,0.0,0.8
LOFT1号楼,写字楼,114.32239123168169,30.644622837592294,4050649086,3382233254,0.0,0.8
酒到佳大厦,写字楼,114.30395547621143,30.653782354439546,3500366644,1233322893,0.0,0.8
丹亭懿府物业办公楼,写字楼,114.3209431158446,30.650223180105016,3501002869,8197663919,0.0,0.8
loft-3号楼,写字楼,114.3230901335041,30.64407173505792,4050649086,3382233254,0.0,0.8
中储661钢材市场中心大楼,写字楼,114.32638423857718,30.649712973364107,3717241826,8202679149,0.0,0.8
中储股份汉口分公司中储大楼661号楼,写字楼,114.32723285375914,30.649661373938674,3717241826,8202679149,0.0,0.8
中储股份汉口分公司-中储大楼,写字楼,114.32724781994058,30.649768298656184,3717241826,8202679149,0.0,0.8
商务三厅,写字楼,114.3298565317498,30.650150164504115,11252257687,11252257660,0.0,0.8
武汉再生资源商务大厦(建设中),写字楼,114.32587893708626,30.651197290959075,8202679148,4050649086,0.0,0.8
云仓新办公楼,写字楼,114.33825485103308,30.653734936381788,3248177013,10606541017,0.0,0.8
武汉铁塔厂综合楼,写字楼,114.33442278744302,30.65466558952659,11252257687,11252257660,0.0,0.8
青山新政府大楼,写字楼,114.37977076656846,30.6420096717617,4541277760,4524691291,0.0,0.8
一江璟城D栋写字楼,写字楼,114.39042200629463,30.641232717176916,3044755234,1217604814,0.0,0.8
招商一江璟城南区B栋,写字楼,114.39111626563034,30.639748171712185,1212025383,1217604814,0.0,0.8
招商时代总部,写字楼,114.3914783269587,30.639920011538305,1212025383,1217604814,0.0,0.8
招商·时代总部C栋,写字楼,114.39182639152669,30.64008886124591,1212025383,1217604814,0.0,0.8
青扬十街写字楼,写字楼,114.39457109241168,30.641572792244414,1212025383,1217604814,0.0,0.8
钰龙时代中心1栋,写字楼,114.39595271171852,30.640866001423937,1212025383,1217604814,0.0,0.8
钰龙时代中心,写字楼,114.39614981210066,30.640715059508274,1212025383,1217604814,0.0,0.8
青杨岗厦A座,写字楼,114.39629868686728,30.642906114022836,1212025383,1217604814,0.0,0.8
杜鹃苑,写字楼,114.39557704682299,30.646608541164223,1212025383,1217604814,0.0,0.8
青杨岗厦,写字楼,114.39685407388949,30.64145773098669,1212025383,1217604814,0.0,0.8
中兴大厦,写字楼,114.39854000788517,30.640869048649737,1212025383,1217604814,0.0,0.8
中兴大厦B座,写字楼,114.39872512098268,30.64078210071639,1212025383,1217604814,0.0,0.8
中交锦立方,写字楼,114.39870351786293,30.6475131923969,1212025383,1217604814,0.0,0.8
中交锦立方A座,写字楼,114.3987245285162,30.64752918719609,1212025383,1217604814,0.0,0.8
中交江锦湾10栋B座,写字楼,114.39962506155761,30.647579258945118,1212025383,1217604814,0.0,0.8
绿地·印公馆T楼,写字楼,114.41634280772418,30.643539337283702,9893917204,4524874682,0.0,0.8
宝武环科华中大区办公楼,写字楼,114.42535813297022,30.642099625504528,11490097633,11490097583,0.0,0.8
武汉恒大城市广场2栋,写字楼,114.16639697898444,30.663521495109485,3584782896,12841249658,0.0,0.8
沣禾大厦,写字楼,114.25736527667355,30.655593737843088,4540133345,4540133293,0.0,0.8
金银潭文化广场楚商大厦1栋,写字楼,114.25795579169397,30.66165674579301,7232670187,7232670186,0.0,0.8
金银潭文化广场·楚商大厦,写字楼,114.25803980052153,30.661603725946808,7232670186,7232670187,0.0,0.8
武汉极地海洋度假区行政楼,写字楼,114.27135229431308,30.666444479824797,4285957158,7232659779,0.0,0.8
绿地汉口中心广场S9-B栋,写字楼,114.28579200467914,30.657331126162948,7232659593,7232659589,0.0,0.8
绿地汉口中心1栋,写字楼,114.2866411251161,30.657429873696703,7232659589,7232659593,0.0,0.8
绿地汉口中心A栋,写字楼,114.28664104294648,30.65837945245276,7232659589,7232659593,0.0,0.8
绿地汉口中心6,写字楼,114.28683090604945,30.65767649166475,7232659589,7232659593,0.0,0.8
绿地·汉口中心2期,写字楼,114.28671286998014,30.65951384497296,7232653516,11675982487,0.0,0.8
绿地汉口中心2期S4B栋,写字楼,114.28669088290219,30.659628825358883,7232653516,11675982487,0.0,0.8
汉口绿地中心商业体,写字楼,114.28711448808255,30.659067464729553,4524874706,7232659593,0.0,0.8
碧桂园蜜柚商业B幢,写字楼,114.28744037179709,30.656429162401764,7232659593,7232659625,0.0,0.8
绿地汉口中心写字楼,写字楼,114.28734618255459,30.65976781725029,11675982487,7232653516,0.0,0.8
银河商务,写字楼,114.28734018371775,30.659827799247463,7232653516,11675982487,0.0,0.8
凯信大厦1号楼,写字楼,114.28823451459981,30.65646998135842,7232659624,7232659594,0.0,0.8
凯信大厦2号楼,写字楼,114.28832534675374,30.65726649461079,7232659624,7232659594,0.0,0.8
凯信大厦,写字楼,114.28874990925435,30.656947007087453,7232659624,7232659594,0.0,0.8
凯信大厦3号楼,写字楼,114.28895661091006,30.657754341365468,7232659594,7232659618,0.0,0.8
人力资源和社会保障局大楼,写字楼,114.2892212814395,30.658160765295698,4524874168,7232659595,0.0,0.8
新长江传媒大厦5号楼,写字楼,114.28901039614598,30.659544465582623,7232659594,7232659618,0.0,0.8
长江传媒大厦,写字楼,114.28935699153628,30.659755852484853,7232659618,4524874917,0.0,0.8
临空1号企业总部3栋,写字楼,114.28266188204275,30.670456526220008,7156903280,4285957307,0.0,0.8
汉口城市广场B区2号写字楼,写字楼,114.30158680884091,30.65466514618677,4149553620,11628608181,0.0,0.8
LOFT2号楼,写字楼,114.30162675128258,30.65467607158589,4149553620,11628608181,0.0,0.8
中环商贸城商务楼,写字楼,114.29934118348872,30.663374153962984,4524874950,7232629380,0.0,0.8
汉口城市广场商业公寓楼,写字楼,114.30267121410915,30.655205004547,4149553620,3500366628,0.0,0.8
汉口城市广场LOFT3号楼,写字楼,114.302796067047,30.654829949743124,4149553620,3500366628,0.0,0.8
竹叶山商贸城中心大楼,写字楼,114.29818065829757,30.664544600061664,4524874950,7232629380,0.0,0.8
汉口城市广场商业A区一号楼,写字楼,114.30381951651093,30.65560279380845,4149553620,3500366628,0.0,0.8
汉口城市广场-5号办公楼,写字楼,114.30528834115147,30.6557650915047,4050653691,4149553620,0.0,0.8
统百中心B座,写字楼,114.30586626065592,30.658297926293624,7235350851,7235350847,0.0,0.8
5+mg五恒系统空调,写字楼,114.30585226669018,30.658468875662255,3500366630,5000219258,0.0,0.8
统百中心,写字楼,114.30585226669018,30.658468875662255,3500366630,5000219258,0.0,0.8
钢材市场电子交易大楼,写字楼,114.29873070593342,30.66694958519366,7232629379,8196196734,0.0,0.8
泓博·悦府写字楼,写字楼,114.29787079268434,30.66778666071821,8196196734,7232629379,0.0,0.8
爱迪尔商业中心E区,写字楼,114.30948579863782,30.657816515163915,4050653691,3500366632,0.0,0.8
武汉城建·汉悦公寓旗舰店A10商业2号楼,写字楼,114.30848991865128,30.662564236329843,7417044593,7417044603,0.0,0.8
百步亭商业中心,写字楼,114.3162500532109,30.658228620982708,4523487725,4523487471,0.0,0.8
华林广场,写字楼,114.31846646174486,30.6582173991984,4050653693,4523487757,0.0,0.8
龙湖清能天曜-B区西区,写字楼,114.32401614673918,30.660891572800832,7722128132,1233322931,0.0,0.8
江城科创大厦,写字楼,114.32456535568029,30.65962908280619,7722128132,1233322931,0.0,0.8
城开云悦邸商务中心A栋,写字楼,114.32548498530547,30.658045025206476,4523471908,4523471930,0.0,0.8
宏狮后湖中心,写字楼,114.32510254969779,30.658765437666386,1233322810,7713857941,0.0,0.8
江城科创大厦B9栋,写字楼,114.32458632276253,30.65961205020259,7722128132,1233322931,0.0,0.8
龙湖清能天曜B9栋写字楼,写字楼,114.32498562405459,30.660111062644837,7722128132,1233322931,0.0,0.8
新荣天街A座,写字楼,114.32615866792655,30.660483650369144,7722128132,1233322931,0.0,0.8
新荣天街5号楼,写字楼,114.32683254014235,30.660757239627575,7722128132,1233322931,0.0,0.8
武汉新荣TOD天街综合体项目B地块,写字楼,114.32758531682896,30.660660844888135,7722128132,1233322931,0.0,0.8
龙湖清能新荣天街TOD综合体,写字楼,114.32706513096939,30.66108264989472,7722128132,1233322931,0.0,0.8
江城商务大楼,写字楼,114.33008455328364,30.657110668173225,4523471932,4523471933,0.0,0.8
江城商务大楼A座,写字楼,114.33017739888409,30.6571524736152,4523471933,4523471932,0.0,0.8
江城商务大楼B座,写字楼,114.330372082807,30.65715410395213,4523471933,4523471932,0.0,0.8
江城商务大楼604A座,写字楼,114.33038107791107,30.65704313608967,4523471933,4523471932,0.0,0.8
福星惠誉虹桥城办公楼,写字楼,114.32749526283686,30.66296498631865,7713857974,7232495583,0.0,0.8
武汉市江岸区红桥村城中村改造K1地块建设项目第办公楼,写字楼,114.32723159894192,30.664055000702287,7713857975,7232495582,0.0,0.8
红桥城办公楼,写字楼,114.3265635365749,30.665842473233358,7232495579,7232495582,0.0,0.8
金翊2035,写字楼,114.32625889275344,30.667479317125228,7232495579,7232495582,0.0,0.8
金翊2035产业园5栋,写字楼,114.32705454152087,30.668029547126032,7232495582,7232495579,0.0,0.8
泊寓,写字楼,114.32705354289335,30.66803254767619,7232495579,7232495582,0.0,0.8
公交集团大楼,写字楼,114.34160881165432,30.664328189424126,11252257654,3717284537,0.0,0.8
武汉肉联食品有限公司办公楼,写字楼,114.34643367405991,30.665556258123008,8196196818,8196196825,0.0,0.8
统建正江瓴,写字楼,114.33377756378593,30.66898339024574,7713857976,11622321405,0.0,0.8
联宇软件研发办公楼,写字楼,114.43629723291137,30.464277422372078,1194993456,1194993415,0.0,0.8
汇成大厦,写字楼,114.43287356216483,30.460608702796492,1194993482,1194993407,0.0,0.8
凌云光电产业园办公楼,写字楼,114.44120968282026,30.463236612739724,1194993450,1194993458,0.0,0.8
武汉凌云光电科技企业孵化器L5栋,写字楼,114.44137010752168,30.463192930828548,1194993450,1194993458,0.0,0.8
汇成中心·C+Work,写字楼,114.43297183525284,30.46001700878253,1194993482,1194993407,0.0,0.8
武汉光谷电子工业园福保楼,写字楼,114.4456718554588,30.462395715611933,1194993419,1174975371,0.0,0.8
成真楼,写字楼,114.44417441991912,30.477305728702454,8910265196,8910265178,0.0,0.8
优斯特大楼,写字楼,114.4545986197522,30.45921635751118,1194993413,9213942771,0.0,0.8
光谷国际,写字楼,114.45829089278352,30.47657475333258,1195139567,4054718347,0.0,0.8
合康变频行政主楼,写字楼,114.46761101552366,30.468882951150963,9213942747,4534895111,0.0,0.8
武汉首创奥特莱斯1号楼,写字楼,114.45504825146779,30.47991198345217,1274040835,9214394711,0.0,0.8
湖北省奥林匹克体育中心办公楼,写字楼,114.46406399365299,30.477926097983094,9214394644,9214416130,0.0,0.8
湖北省天然气大厦,写字楼,114.47476742294342,30.4589693368965,2419544576,2419544411,0.0,0.8
金山集团武汉总部7号楼,写字楼,114.47946489247904,30.456663400537472,11777774341,6339416665,0.0,0.8
金山集团武汉总部8号楼,写字楼,114.47943478331406,30.456633320668487,11777774341,6339416665,0.0,0.8
金山集团总部A楼,写字楼,114.47998697823039,30.454935348178925,11777774341,6339416665,0.0,0.8
软通动力武汉总部A座,写字楼,114.49865716015834,30.471151715620884,13945514220,13945512990,0.0,0.8
光谷创新天地北里,写字楼,114.50942075587353,30.478994453566138,4525429500,2419544873,0.0,0.8
武汉光谷国际,写字楼,114.53688822249998,30.475740122863087,4534995076,2418750189,0.0,0.8
生物医药园3期13号楼,写字楼,114.53404454466575,30.477961854381444,7221412150,7221412151,0.0,0.8
湖北天勤生物科技集团股份有限公司武汉分公司办公楼,写字楼,114.53402848889979,30.47804579327632,7221412150,7221412151,0.0,0.8
高农国际6号楼,写字楼,114.54251885536121,30.479003682645367,8869190636,1722779145,0.0,0.8
融智空间,写字楼,114.54260408646618,30.479001863313613,8869190636,1722779145,0.0,0.8
高农国际28号楼,写字楼,114.54161333383564,30.479598590920293,8869190636,1722779145,0.0,0.8
高农国际5号楼,写字楼,114.54317964463819,30.478924094572555,8869190636,1722779145,0.0,0.8
高农国际17号楼,写字楼,114.54250378457336,30.479364552487176,8869190636,1722779145,0.0,0.8
神墩四路666号种子生产仓储及销售项目研发楼B区,写字楼,114.54932131645116,30.478965256926234,9124653700,1722779117,0.0,0.8
国英大厦,写字楼,114.54922100760386,30.479764851380164,1722779117,2418750281,0.0,0.8
武汉东湖新技术开发区关山一路1号软件园4.1期B区B3B4裙楼,写字楼,114.40368952798647,30.48130938894138,1150821136,11733956990,0.0,0.8
美景商业楼,写字楼,114.4297304119325,30.48701087414251,6922784050,8909980897,0.0,0.8
智能经济产业大厦,写字楼,114.43697096003433,30.48633066659898,6922784059,9207747210,0.0,0.8
武汉万品汇中心(二师工程实训中心),写字楼,114.43694690637788,30.48627264079585,6922784059,9207747210,0.0,0.8
湖北第二师范学院学生创业孵化基地,写字楼,114.43718348167202,30.486306045778257,9207747210,4123428358,0.0,0.8
华翔中心B1栋,写字楼,114.43514218351578,30.49081827170345,8910280433,11799781207,0.0,0.8
宜科中心,写字楼,114.43516824388016,30.49083131167114,8910280433,11799781207,0.0,0.8
隆越大厦B座,写字楼,114.43158762286762,30.484591321520252,1821061778,8910857231,0.0,0.8
武汉海关综合实验楼,写字楼,114.43332895588101,30.491095221308502,11801424367,8910857092,0.0,0.8
天风证券大厦,写字楼,114.43725328919717,30.490509984311046,8910280433,11799781207,0.0,0.8
隆越大厦,写字楼,114.4312729420023,30.48449486857176,1821061778,8910857231,0.0,0.8
华新大厦B幢,写字楼,114.4324329344945,30.491084804928317,11801424367,8910857092,0.0,0.8
华新大厦,写字楼,114.432200401242,30.491251394556006,11801424367,8910857092,0.0,0.8
华新大厦A幢,写字楼,114.43189171838311,30.49122792280198,11801424367,8910857092,0.0,0.8
华新大厦1栋,写字楼,114.43193481069447,30.49126297938199,11801424367,8910857092,0.0,0.8
隆越大厦A座,写字楼,114.4307809030243,30.484154221206982,1821061778,8910857231,0.0,0.8
华新总部基地办公楼,写字楼,114.43240681912764,30.491742576789953,11801424364,11832177805,0.0,0.8
金谷明珠园写字楼,写字楼,114.4384049249527,30.481454564263135,6922784059,1722779458,0.0,0.8
光谷建设大厦,写字楼,114.43057671116244,30.481288707231467,11799781185,4534895093,0.0,0.8
光谷建设大厦A栋,写字楼,114.43038229178713,30.481313411700317,11799781185,4534895093,0.0,0.8
人福医药集团新大楼,写字楼,114.46462912767657,30.487234016173925,2419544998,11777785708,0.0,0.8
武汉产业创新发展研究院B座,写字楼,114.46432788360852,30.48973251993993,11861492095,11861492089,0.0,0.8
武创院本部大楼,写字楼,114.46474229073033,30.489857575358837,11861492095,11861492089,0.0,0.8
楚源国际大厦A栋,写字楼,114.46457858672433,30.491532668489242,11809615308,11861492089,0.0,0.8
武汉国家产业基地BCD区研发楼,写字楼,114.46708769576023,30.48635680806114,2419544998,11777785708,0.0,0.8
3551大楼,写字楼,114.46827085825542,30.486082082768263,2419544998,2419545051,0.0,0.8
医工交叉研究大楼,写字楼,114.46437740227269,30.49733047185083,11534005168,11534005175,0.0,0.8
国药器械楼,写字楼,114.47431337043064,30.4871605442025,1717910747,7618118676,0.0,0.8
国控湖北公司商务中心,写字楼,114.47428627001227,30.487183461133622,1717910747,7618118676,0.0,0.8
国药大厦,写字楼,114.4744820163134,30.48677512939223,1717910747,7618118676,0.0,0.8
光谷金融中心1号楼,写字楼,114.47451401886539,30.48811084522782,1717910747,7618118676,0.0,0.8
光谷金融中心A座,写字楼,114.47450296426311,30.488279766402766,1717910750,1717910747,0.0,0.8
光谷金融中心C座,写字楼,114.47358163778195,30.48808222023727,2419544975,2419545165,0.0,0.8
光谷金融中心,写字楼,114.47413258185232,30.48870859801215,2419545166,1717910760,0.0,0.8
湖北广电传媒大厦裙楼,写字楼,114.47812726580855,30.488121173971606,2418779298,2418779307,0.0,0.8
湖北广电传媒大厦,写字楼,114.47812927305242,30.48812317919933,2418779298,2418779307,0.0,0.8
辉瑞大楼,写字楼,114.4712140613845,30.488752413230042,2419545159,2419545127,0.0,0.8
光谷文化中心1号楼,写字楼,114.47529957813374,30.491669067595044,6345002757,2418779777,0.0,0.8
光谷文化中心A栋,写字楼,114.47719845195306,30.49269220387239,2418779777,2418779799,0.0,0.8
武汉三鹰生物技术有限公司-A3研发大楼,写字楼,114.47767501819442,30.494917935831253,2418779777,2418779799,0.0,0.8
生物创新园二期A8栋翰思生物,写字楼,114.4790299678316,30.4956216464662,2418779799,2401146989,0.0,0.8
人福国际健康城B座,写字楼,114.46957057136134,30.496269732938842,11534005163,11534005168,0.0,0.8
德富光谷创新中心A栋,写字楼,114.46984646581384,30.497245207441047,11534005168,11861492050,0.0,0.8
湖北广电网络大厦,写字楼,114.48748255720031,30.485247451761182,2418750424,1722779716,0.0,0.8
光谷交通大厦,写字楼,114.49623253236537,30.488163814309356,4847114620,4525449346,0.0,0.8
光谷交通大厦B座,写字楼,114.49664711762829,30.488026095387447,4847114620,4525449346,0.0,0.8
光谷交通大厦A塔,写字楼,114.49674750276999,30.487976410130663,4847114620,4525449346,0.0,0.8
大悦城商务项目1期5号商业,写字楼,114.49258168637542,30.487863955762858,4847114620,4525449346,0.0,0.8
合一·中心荟,写字楼,114.49699544642648,30.487942162578687,4847114620,4525449346,0.0,0.8
华康洁净大悦城-T2写字楼,写字楼,114.49332333417603,30.489886607814174,4525449346,2419545184,0.0,0.8
光谷和昌中心,写字楼,114.49704850980643,30.489576860803894,2418779552,4847114620,0.0,0.8
武汉大悦城写字楼,写字楼,114.49262367547243,30.489880512961463,2419545184,4525449346,0.0,0.8
武汉大悦城B1号楼,写字楼,114.49293282646595,30.49016435890678,4525449346,2419545184,0.0,0.8
武汉东湖新技术开发区高新大道766号商务项目,写字楼,114.49704847170197,30.49002673342696,2418779552,4847114620,0.0,0.8
光谷大悦城商务项目,写字楼,114.49228036378213,30.489962461302344,2419545184,4525449346,0.0,0.8
湖北文旅光谷总部中心T栋,写字楼,114.4974499903281,30.490077921564605,2418779552,4847114620,0.0,0.8
微派大悦中心,写字楼,114.4943882859309,30.491018479074516,2418779639,2418779618,0.0,0.8
光谷大悦城T1写字楼,写字楼,114.49433809097111,30.491068314440774,2418779639,2418779618,0.0,0.8
华康洁净大厦,写字楼,114.49307631763813,30.490805607056057,2418779639,2418779618,0.0,0.8
慧谷大厦,写字楼,114.49838450150959,30.49044261579108,4525449228,4534945182,0.0,0.8
慧谷大厦A栋,写字楼,114.49836539042285,30.490901428414855,4534945182,2418779578,0.0,0.8
光谷科技大厦B栋,写字楼,114.49982396839957,30.49020798609896,2418779569,2418779563,0.0,0.8
龙湖光谷天街综合体3期,写字楼,114.49554340855865,30.48232437420248,2419544965,4847114922,0.0,0.8
高新绿地光谷中心城C-3号楼,写字楼,114.49918145277346,30.491224777431174,2418779569,2418779563,0.0,0.8
光谷科技大厦,写字楼,114.49959002028257,30.490963072961225,2418779569,2418779563,0.0,0.8
光谷·中心城,写字楼,114.49952173366955,30.491299773212127,2418779569,2418779563,0.0,0.8
华翔中心B1栋办公楼,写字楼,114.50066216560828,30.489837593206754,2418779563,2418779546,0.0,0.8
中国光谷1号楼,写字楼,114.49159351383442,30.492798597639876,2418779761,2418779755,0.0,0.8
港创汇,写字楼,114.50091301102516,30.491038001069402,2418779563,2418779546,0.0,0.8
华翔中心A区,写字楼,114.5011388831818,30.490797742737726,2418779563,2418779546,0.0,0.8
武汉洪山区小米武汉总部大楼3号楼,写字楼,114.49724592322137,30.493552320547504,2418779810,2418779774,0.0,0.8
小米武汉总部大楼A栋,写字楼,114.49724592322137,30.493552320547504,2418779810,2418779774,0.0,0.8
华翔中心A2写字楼,写字楼,114.50108465960055,30.491024516693646,2418779563,2418779546,0.0,0.8
高新大道776号商务项目,写字楼,114.50181649185922,30.490140947603543,4525449183,2418779450,0.0,0.8
光谷公共服务中心5号楼,写字楼,114.49330288973208,30.49422530940295,2418779830,2418779810,0.0,0.8
小米武汉总部大楼,写字楼,114.49669979415566,30.494227490731557,2418779810,2418779774,0.0,0.8
华翔中心A3栋,写字楼,114.50186659209923,30.491190798864537,2418779563,2418779546,0.0,0.8
光谷新汇2号地块,写字楼,114.50277009537872,30.489943839656473,4525449183,2418779450,0.0,0.8
奥山中心,写字楼,114.50311732558622,30.490821622133854,4525449183,2418779450,0.0,0.8
京文大厦一期A地块,写字楼,114.50397477328019,30.488059945397918,4534945198,4525449183,0.0,0.8
沃德中心4栋,写字楼,114.5036232932431,30.48999635733977,4525449183,2418779450,0.0,0.8
九峰光谷新汇,写字楼,114.5040750024648,30.4897977522302,4525449183,2418779450,0.0,0.8
武汉东湖新技术开发区神墩一路77号商业商务项目,写字楼,114.50477779531121,30.487850380867755,4534945198,4525449183,0.0,0.8
沃德中心南区2号楼,写字楼,114.50446143652808,30.489942855175713,2418779529,2418779507,0.0,0.8
沃德中心南区,写字楼,114.50465513028341,30.49030632520799,2418779529,2418779507,0.0,0.8
沃德中心北区,写字楼,114.50466210380308,30.49093116856717,2418779529,2418779507,0.0,0.8
武汉创新天地商业公园店,写字楼,114.50603757167082,30.48692835696766,2418779268,4534945197,0.0,0.8
光谷创新天地A2栋,写字楼,114.5060326983707,30.485204823743807,2419545016,2419544993,0.0,0.8
世界城创世界C栋,写字楼,114.50392515812848,30.481274683073945,2418779214,2418779151,0.0,0.8
光谷创新天地B楼,写字楼,114.5066096865283,30.48708099772842,2418779268,4534945197,0.0,0.8
格蓝若B座,写字楼,114.50673333916201,30.484780003194484,2419544993,2419544968,0.0,0.8
光谷创新天地创业中心C3栋,写字楼,114.506854760574,30.485130262551827,2419545016,2419544993,0.0,0.8
光谷创新天地商业公园A座,写字楼,114.50728724068618,30.48660811975754,2419545058,2419545016,0.0,0.8
朝曦荟办公大楼,写字楼,114.50718664523298,30.48925708025672,2419545163,2419545087,0.0,0.8
光谷创新天地L楼,写字楼,114.5073124116452,30.48568345177975,2419545016,2419544993,0.0,0.8
武汉数汇大厦,写字楼,114.50753696364238,30.489016175498037,2419545163,2419545087,0.0,0.8
格蓝若研发大楼,写字楼,114.5073376036599,30.4845088524171,2419544993,2419544968,0.0,0.8
联投光谷中心A座,写字楼,114.5086118710784,30.489794099593812,8992842789,7618209698,0.0,0.8
国采中心T4栋A座,写字楼,114.50688514453219,30.49380490083562,4525399299,7618209691,0.0,0.8
中建科技产业园总部大楼,写字楼,114.50818998500401,30.493708752210075,7618209690,9369164302,0.0,0.8
武汉美桥富力广场(建设中),写字楼,114.50186114166742,30.484419684578036,2418779214,2418779268,0.0,0.8
湖北省武汉东湖新技术开发区高新大道792号商务项目,写字楼,114.51135190065934,30.490018988439314,7618209698,2419545183,0.0,0.8
海伦斯大厦,写字楼,114.5113016672386,30.49061867356166,7618209698,2419545183,0.0,0.8
光谷崇文中心B2栋海伦司,写字楼,114.51125148005546,30.490668514587735,7618209698,2419545183,0.0,0.8
光谷崇文中心-东区,写字楼,114.51057604019157,30.49034465395571,8992842789,7618209698,0.0,0.8
中石化试油测试工程中心西楼,写字楼,114.51737332700303,30.49218547092239,2418779556,2418779582,0.0,0.8
中建光谷之星H座,写字楼,114.51302374267773,30.492734019721212,7221412165,11834747441,0.0,0.8
中建集团有限公司总部大楼,写字楼,114.51305786275186,30.49277310616576,7221412165,11834747441,0.0,0.8
光谷华创中心,写字楼,114.51531593815074,30.493229396066184,7618209688,7618209689,0.0,0.8
中建三局集团有限公司H大楼,写字楼,114.51155242159791,30.492518855833442,7221412167,9369164286,0.0,0.8
中建光谷之星G3座B座,写字楼,114.51100037937643,30.492867163187384,7221412167,7618209690,0.0,0.8
中建光谷之星G2A座,写字楼,114.51019747631612,30.49246495390054,9369164286,2418779633,0.0,0.8
中建光谷之星G2座B座,写字楼,114.51024763912054,30.49271502791628,7221412167,7618209690,0.0,0.8
中建光谷之星G3北座,写字楼,114.51014726295341,30.492814708344582,7221412167,7618209690,0.0,0.8
光谷之星商业街通讯大楼,写字楼,114.51386062855609,30.49432495302474,9369164287,7221412165,0.0,0.8
中建光谷之星G1栋A座,写字楼,114.50944467584277,30.492912639426,7221412167,7618209690,0.0,0.8
荆州(武汉)离岸科创中心G1栋B座,写字楼,114.50944467163153,30.492962625117688,7221412167,7618209690,0.0,0.8
中建光谷之星C座,写字楼,114.51142679840281,30.494492927955196,9857578838,9369164287,0.0,0.8
湖北煤炭地质局大楼,写字楼,114.52128689719603,30.492796067543832,7618209688,7618209689,0.0,0.8
创新国际,写字楼,114.50934531666216,30.480923707231256,2418779182,2418779184,0.0,0.8
中建光谷之星I座公寓,写字楼,114.51052339070428,30.49578994344161,7221412166,9857578838,0.0,0.8
迈瑞大厦,写字楼,114.52580233891007,30.49018083645152,2418779379,2418779364,0.0,0.8
武汉高农生物大厦B座,写字楼,114.53659967550053,30.484154159895745,4534994954,7221412147,0.0,0.8
武汉高农生物大厦A座,写字楼,114.5367832364487,30.48390165342224,4534994800,4534994954,0.0,0.8
武汉高农生物大厦C座,写字楼,114.53691461863914,30.483943944209127,4534994800,4534994954,0.0,0.8
高农大厦,写字楼,114.53696677030675,30.48395905994824,4534994800,4534994954,0.0,0.8
武汉新能源研究院大楼,写字楼,114.53419478846095,30.492544153792082,11834747389,2418750431,0.0,0.8
武汉未来科技城G区1栋,写字楼,114.5332539036133,30.492723846668195,2418750474,2418750492,0.0,0.8
武汉新能源研究院大楼G3号楼,写字楼,114.53392995187463,30.492928411658863,9942911449,2419492734,0.0,0.8
武汉未来科技城F1座,写字楼,114.53722880928328,30.492721195258373,8695416415,2419492722,0.0,0.8
展想新思中心,写字楼,114.53872416254049,30.492393678250217,9942911426,2418750449,0.0,0.8
华为武汉研究所B区B2座,写字楼,114.52979815921456,30.49202054462231,2418750435,11834747458,0.0,0.8
华为武汉研究所B1座,写字楼,114.5310871415697,30.493152431882887,2418750494,2418750492,0.0,0.8
未来科技大厦,写字楼,114.53501209055166,30.49453052259371,2418750493,2419492734,0.0,0.8
未来科技大厦C栋,写字楼,114.53523174532198,30.4945810255161,2418750493,2419492734,0.0,0.8
未来科技大厦C3栋,写字楼,114.53523675776133,30.494612028388325,2418750493,2419492734,0.0,0.8
海外人才大楼,写字楼,114.53321563978982,30.4944842497094,2419492734,2418750492,0.0,0.8
未来科技城B3座,写字楼,114.53360683205253,30.494548172818792,2419492734,2418750492,0.0,0.8
创业者港湾,写字楼,114.53523174115372,30.49463101112635,2418750493,2419492734,0.0,0.8
海外人才大楼B座,写字楼,114.53358977012302,30.49466609792421,2419492734,2419492753,0.0,0.8
武汉未来科技城B4,写字楼,114.53279132375629,30.494616185505688,2418750499,2418750492,0.0,0.8
海外人才大楼99号楼,写字楼,114.53340118624439,30.49475161990764,2419492734,2418750492,0.0,0.8
中国种都大厦,写字楼,114.54306276258244,30.485775962231266,2418750346,2419492354,0.0,0.8
海外人才大楼C4座,写字楼,114.53452958292188,30.495179194043537,2419492734,2419492753,0.0,0.8
未来科技城B5座,写字楼,114.5330249935236,30.495213579267308,2418750492,2418750499,0.0,0.8
武汉未来科技城B区B2栋C座,写字楼,114.53302397483726,30.495400522893682,2418750499,2418750492,0.0,0.8
未来科技城C2座,写字楼,114.5355485962229,30.495742434586663,11336281544,2419492753,0.0,0.8
武汉未来科技城B区B2栋A座,写字楼,114.53273305054859,30.495739720300552,2418750499,2418750492,0.0,0.8
长江鲲鹏生态创新中心B1栋,写字楼,114.53261468707544,30.49571643962009,2418750499,2418750492,0.0,0.8
种子科技大楼,写字楼,114.54385303610435,30.483828149473982,4534995020,2418750346,0.0,0.8
亚美生物科研大楼,写字楼,114.54450867087776,30.485004171881585,2418750346,2419492354,0.0,0.8
高农国际33B号楼,写字楼,114.54166643578895,30.48012856017383,4534995152,2418750284,0.0,0.8
高农国际33A号楼,写字楼,114.5422349572978,30.480530663975948,4534995152,2418750284,0.0,0.8
高农国际30号楼,写字楼,114.54158824438605,30.479845469692982,4534995152,2418750284,0.0,0.8
高农国际19号楼,写字楼,114.5429448716672,30.480633135933203,4534995152,2418750284,0.0,0.8
高农国际20号楼,写字楼,114.54319855475215,30.480620671121404,4534995152,2418750284,0.0,0.8
高农国际21号楼,写字楼,114.54347329057711,30.480618245158205,4534995152,2418750284,0.0,0.8
高农国际,写字楼,114.54282160993502,30.479781109635848,4534995152,2418750284,0.0,0.8
华为武汉研究所A6,写字楼,114.53062734007123,30.497399067345214,2418750499,2418750506,0.0,0.8
高农国际11号楼,写字楼,114.54327582418745,30.479870037858444,4534995152,2418750284,0.0,0.8
高农国际16号楼,写字楼,114.5427564684379,30.47936608562634,8869190636,1722779145,0.0,0.8
高农国际12A号楼,写字楼,114.54366987903333,30.479845864959106,4534995152,8869190636,0.0,0.8
高农国际1号楼,写字楼,114.54408194577444,30.480174627324615,4534995152,8869190636,0.0,0.8
高农国际2号楼,写字楼,114.54409902376592,30.479778770627775,4534995152,8869190636,0.0,0.8
高农国际3B号楼,写字楼,114.54372809566108,30.47910218845294,8869190636,1722779145,0.0,0.8
高农国际3A号楼,写字楼,114.54412012032472,30.4792869481893,4534995152,8869190636,0.0,0.8
富邦办公大楼C座,写字楼,114.54932101785536,30.48256427055311,9214406811,9214406813,0.0,0.8
武汉金控北斗大厦,写字楼,114.55703582088029,30.48816496815308,9214425930,7022966528,0.0,0.8
武汉国遥大厦,写字楼,114.55437943702869,30.485210496440075,9214425930,7022966528,0.0,0.8
富邦办公大楼,写字楼,114.54937114723108,30.482464391716338,9214406811,9214406813,0.0,0.8
中核武汉总部1号楼,写字楼,114.56375057693101,30.487235793341018,4875277184,4875277182,0.0,0.8
海达创新广场B栋,写字楼,114.43305428063317,30.503233257524585,1270123927,1150844388,0.0,0.8
海达创新广场,写字楼,114.43336503399298,30.502687915484366,1270123927,1150844388,0.0,0.8
海达创新广场A座,写字楼,114.43328686254759,30.502611812756335,1270123927,1150844388,0.0,0.8
当代国际总部基地,写字楼,114.43088146233492,30.503286880954384,1157116561,8512222860,0.0,0.8
环保楼,写字楼,114.47790938654576,30.500747914852084,10732676918,2401147006,0.0,0.8
友善楼,写字楼,114.47956846579679,30.50149749470165,10732676936,10732676935,0.0,0.8
峰源中心,写字楼,114.48492866571772,30.51169915995104,9626376712,1227799044,0.0,0.8
石门峰新大楼,写字楼,114.471851861893,30.51784456303529,1227776124,1227776524,0.0,0.8
驿山办公楼,写字楼,114.50322384350868,30.501298909105046,9482836745,9482836744,0.0,0.8
光谷有轨电车九峰基地综合楼,写字楼,114.53312425763296,30.50772213503737,4847115174,2418780099,0.0,0.8
八叠山生命公园新办公楼,写字楼,114.55172393399359,30.515908902669842,8500990592,8695368557,0.0,0.8
武汉地铁花山车辆段综合楼,写字楼,114.48578613505214,30.532490148110618,11497488124,11497488145,0.0,0.8
花山联发大厦,写字楼,114.51725318235903,30.524682338998144,2477288473,2477288470,0.0,0.8
花山A1地块综合楼D区,写字楼,114.51772182642908,30.52477661539214,2477288470,2477288473,0.0,0.8
花山A1地块综合楼,写字楼,114.51782116975743,30.524850868198577,2477288470,2477288473,0.0,0.8
联投新青年B栋,写字楼,114.50746860642975,30.537828017590034,4535043725,8205167926,0.0,0.8
剑桥郡综合楼,写字楼,114.4943608052312,30.554573328496236,8197496051,8197496052,0.0,0.8
软件新城2期C号楼,写字楼,114.49925136245575,30.55466294615919,8197496105,8197496104,0.0,0.8
天源迪科大厦,写字楼,114.49925132429091,30.555112789696484,8197496105,8197496104,0.0,0.8
武汉软件新城3期D7号楼,写字楼,114.50425956419791,30.55070222211112,8197496137,8197496067,0.0,0.8
赛意大厦,写字楼,114.50477243469518,30.551280540649724,8197496074,8197496075,0.0,0.8
武汉软件新城2期B6号楼,写字楼,114.49615341842043,30.556943876281494,8197496138,8197495977,0.0,0.8
武汉软件新城2期B2栋,写字楼,114.49555608494026,30.55769582268962,8197496138,8197495977,0.0,0.8
软件新城F3栋,写字楼,114.50172252251008,30.556737597453427,4532890418,4532890413,0.0,0.8
武汉软件新城1栋,写字楼,114.50241311183854,30.556871605613928,4532890418,4532890413,0.0,0.8
武汉软件新城1.1期A8栋A座,写字楼,114.49955213324752,30.55901232513298,4532890418,4532890413,0.0,0.8
花城汇,写字楼,114.49577372106204,30.559951682298944,4532890418,4532890413,0.0,0.8
左岸商业,写字楼,114.51029326745713,30.546748263460177,8203895749,8203895742,0.0,0.8
花山大厦,写字楼,114.5175001100722,30.547869395267206,2457597719,11497476849,0.0,0.8
青菱建和城市商业广场,商圈,114.25184341108503,30.466788517314562,10795039390,1313972308,0.0,1.5
世茂·天街,商圈,114.31254287711918,30.451790251114065,1865280090,1865280106,0.0,1.5
购物公园,商圈,114.40385639451753,30.461458698064515,1145214736,1145214738,0.0,1.5
白沙未来城,商圈,114.27197380580864,30.482679074178034,2418603936,3523480831,0.0,1.5
悦活里生活广场(广宏汇商业街店),商圈,114.32948573167165,30.48244394632717,10108965712,9484489995,0.0,1.5
光谷天地,商圈,114.40500582106174,30.479374358376703,1150821136,11733956990,0.0,1.5
关山漾,商圈,114.40565611421427,30.482756675929586,13378938076,1150821221,0.0,1.5
湘隆时代商业中心,商圈,114.16260636245461,30.499256513037764,3683236537,3578548936,0.0,1.5
同学广场,商圈,114.39156133930094,30.491473108659438,1150768887,2418522238,0.0,1.5
万达广场(武汉经开店),商圈,114.16908323302184,30.50943565867463,3683236537,3578548936,0.0,1.5
C·时尚广场(世界城光谷步行街店),商圈,114.39754813377586,30.507620785388724,6313616307,9633499056,0.0,1.5
金桥·摩尔街(桥机嘉园南区12栋店),商圈,114.25548867571403,30.5322340636059,9487411576,3972971337,0.0,1.5
朗汇商业联合展示中心,商圈,114.32716792741084,30.535213413346213,7154206548,7154206544,0.0,1.5
樱悦汇商业广场,商圈,114.35117261590368,30.535376365683373,3110802177,1272837643,0.0,1.5
新长江·香榭琴台墨园商业广场,商圈,114.24578706020638,30.54356167463386,8967690575,7160849932,0.0,1.5
汉飞·逛逛街,商圈,114.29109711809672,30.542775046067558,1218937341,1218937375,0.0,1.5
泛悦汇·KA街,商圈,114.29896057604033,30.537849908426264,12160248371,12160248384,0.0,1.5
晟世·芳草地,商圈,114.29276294375636,30.545011692777592,12167651004,12167651006,0.0,1.5
中商广场,商圈,114.32615623811277,30.539172039058812,1205094867,1330929860,0.0,1.5
Hotwind热风(汉阳人信汇店),商圈,114.19864480445855,30.55340674520223,8197771716,8197771709,0.0,1.5
人信汇(汉阳店),商圈,114.19962406009672,30.554646765858227,8197771716,8197771709,0.0,1.5
武汉摩尔城,商圈,114.2015530355144,30.561583124203963,9425819490,9425819489,0.0,1.5
季佳·里汉桥小镇,商圈,114.22264387403827,30.55143537098646,1459478787,8197701278,0.0,1.5
闽东国际商业广场,商圈,114.25961117095767,30.553133983386186,12178240747,12178240754,0.0,1.5
华东天地39号上街,商圈,114.29235776826117,30.552706700042076,1215728302,1215728170,0.0,1.5
泛悦汇商业广场,商圈,114.31051818452507,30.55430564867936,1218886811,317005546,0.0,1.5
泛悦汇(泛悦汇商业广场店),商圈,114.31078270721063,30.55505589543843,317005546,1218886811,0.0,1.5
上海商城,商圈,114.2632592944309,30.57085535513974,1880327743,1230844038,0.0,1.5
汉正广场,商圈,114.26813611182378,30.569024151196366,1880327665,1880341184,0.0,1.5
云尚美食汇,商圈,114.27360799261118,30.574574831006863,6480234638,1880367367,0.0,1.5
奥地利广场,商圈,114.2691478948554,30.57851677088507,1880367374,1880367362,0.0,1.5
万达商业广场B座,商圈,114.28549900717147,30.579763207443182,1419140489,1419140487,0.0,1.5
漫时区,商圈,114.31811108598161,30.57724208417812,9049793753,5736019559,0.0,1.5
家盛时代城市生活广场(中北店),商圈,114.34483673112112,30.56519366430238,5758615114,3125538801,0.0,1.5
桃源国际商业中心,商圈,114.34306714498167,30.57854687283473,4516243374,9349974908,0.0,1.5
太和里,商圈,114.25674365110316,30.59259907622425,1887932259,1887932252,0.0,1.5
Happy站台C馆,商圈,114.28608124199697,30.581804623856783,1880447678,1419140443,0.0,1.5
武汉绿地·新田360,商圈,114.31678454776043,30.5851536593878,12174256964,12174256965,0.0,1.5
武汉武昌万象城,商圈,114.32041047506357,30.587189959475207,12174256175,12174256176,0.0,1.5
福客茂,商圈,114.33559267097192,30.588968451801716,4181217448,4181217449,0.0,1.5
东方里商业街,商圈,114.37722009486106,30.592094933868506,6505353313,13448808268,0.0,1.5
武汉万象城,商圈,114.27516369134445,30.601708837514398,1891195560,1891195554,0.0,1.5
M758,商圈,114.33175233603271,30.594301585068358,13110036812,13110036854,0.0,1.5
万盈商业广场(万盈国际店),商圈,114.34628165134016,30.599730251453984,694059793,4524689870,0.0,1.5
金域华府商业中心,商圈,114.34532382097636,30.601945016900334,13236034173,13236034174,0.0,1.5
上东汇广场,商圈,114.30504205253315,30.617232906767356,8600114957,1882138530,0.0,1.5
奥山世纪广场,商圈,114.35518023598728,30.61946206261549,1876183768,4524691477,0.0,1.5
永旺梦乐城(武汉金银潭店),商圈,114.2324437880817,30.65272467037062,11176160735,7710807198,0.0,1.5
百步亭花园里,商圈,114.32324279740385,30.645054017677197,4050649086,3382233254,0.0,1.5
绿地汉口中心熙街商业广场,商圈,114.28725126200634,30.660010846725907,11675982487,7232653516,0.0,1.5
KIC PARK创新天地,商圈,114.50635379541785,30.486366445060835,2418779268,4534945197,0.0,1.5
武昌南站,交通枢纽,114.29690284533825,30.473888507556136,6914401849,6914401862,0.0,0.5
南湖站,交通枢纽,114.36328388627625,30.465859272220882,1153929803,7966694333,0.0,0.5
南湖东站,交通枢纽,114.37479001604913,30.468987851276847,6286565888,6220274445,0.0,0.5
武汉东站,交通枢纽,114.42482649574568,30.488535823478724,6922784049,9948666253,0.0,0.5
余家湾站,交通枢纽,114.29739243524017,30.505957606356105,7674713447,5538098685,0.0,0.5
武昌站,交通枢纽,114.31214565821801,30.53095544999983,1215717600,2389868701,0.0,0.5
武汉站,交通枢纽,114.41881256763055,30.6092618805767,12806068351,1862951358,0.0,0.5
新墩站,交通枢纽,114.1914248744898,30.619560405367658,11299240983,5343190977,0.0,0.5
汉口站,交通枢纽,114.2493892393444,30.620979257418316,7150348309,9861559726,0.0,0.5
后湖站(暂停营业),交通枢纽,114.26851586468479,30.639793852342095,3044755241,3044755223,0.0,0.5
金银潭站(暂停营业),交通枢纽,114.25911078978707,30.662044951071316,11252388214,11252388220,0.0,0.5
花山南站(暂停营业),交通枢纽,114.50769001909849,30.53078697039661,11497421971,11497421970,0.0,0.5
沌港,交通枢纽,114.20126458860807,30.46623396424321,13430072742,13430076623,0.0,0.5
武汉沌口汽车滚装码头,交通枢纽,114.20823416540593,30.46693912178776,1321744157,13034211116,0.0,0.5
武汉港商品车滚装码头,交通枢纽,114.20572345646744,30.469874138733914,13430072742,13430076623,0.0,0.5
武汉经济技术开发区沌口装卸码头,交通枢纽,114.21659994711243,30.476540962222078,1321744157,13034211116,0.0,0.5
国博码头,交通枢纽,114.2436377972949,30.507312258890877,2045952153,9216130983,0.0,0.5
长航新五里特运码头,交通枢纽,114.24597405294956,30.509987399168143,895719416,2045952160,0.0,0.5
湖北水总水利水电建设股份有限公司汉阳专用码头,交通枢纽,114.26364273508611,30.53003609328664,4835990023,4835986316,0.0,0.5
大桥局码头,交通枢纽,114.2650382705689,30.531890451733368,4835990023,4835986316,0.0,0.5
汉阳江滩汽渡闸口,交通枢纽,114.26508606889243,30.534098694862003,4835986316,4540234732,0.0,0.5
平塘古渡精忠栈码头,交通枢纽,114.2079020737081,30.541012711656126,7705324254,4834845172,0.0,0.5
平湖门码头,交通枢纽,114.28668478171055,30.545169810415146,1218839899,1218937314,0.0,0.5
梅园码头,交通枢纽,114.39819602190802,30.54718412781229,1371798985,2442852383,0.0,0.5
硚口区环卫局市容管理专用码头,交通枢纽,114.267640673846,30.564593173904253,4516217487,1880327688,0.0,0.5
小兴码头,交通枢纽,114.26645204649908,30.564825089360788,4516217487,1880327688,0.0,0.5
硚口客运站汉江十八码头,交通枢纽,114.26862730354566,30.564604304612914,1880327688,1880327553,0.0,0.5
鄂航客运站十六码头,交通枢纽,114.27143507044086,30.564253788343812,1880327688,1880327553,0.0,0.5
武汉观光游船(晴川码头),交通枢纽,114.27890382239875,30.557552898535896,5178930145,4517323595,0.0,0.5
两江游览·汉阳门旅游码头,交通枢纽,114.28847334919129,30.551276119941868,1218840292,1218839853,0.0,0.5
两江游览游船(武昌汉阳门码头),交通枢纽,114.28847834614864,30.55124812218516,1218840292,1218839853,0.0,0.5
中华路码头,交通枢纽,114.28925833024944,30.553044340690843,1218840292,1218839853,0.0,0.5
武汉轮渡黄鹤楼码头(临江大道),交通枢纽,114.28930931994243,30.55250445088989,1218840292,1218839853,0.0,0.5
中华路1号码头(进港),交通枢纽,114.28954101710951,30.553006929011357,1218840292,1218839853,0.0,0.5
中华路1号码头(出港),交通枢纽,114.28956898310246,30.55303687653938,1218840292,1218839853,0.0,0.5
丁家巷码头闸口,交通枢纽,114.29110704376363,30.555088820210468,1218865104,1218840292,0.0,0.5
鄂航客运站十四码头,交通枢纽,114.27371482463097,30.56418447795912,8201820492,1880327541,0.0,0.5
中华路2号码头(暂停营业),交通枢纽,114.28922041735552,30.552524577190162,1218840292,1218839853,0.0,0.5
东湖游船码头,交通枢纽,114.32817386627092,30.563030974008026,3583675281,3583675271,0.0,0.5
东湖游船汉秀码头,交通枢纽,114.34339486658963,30.553294357892835,4516243567,4516243464,0.0,0.5
水果湖码头,交通枢纽,114.34865133733666,30.554202100374475,4516243523,2401101603,0.0,0.5
磨山码头,交通枢纽,114.40155335868955,30.55611949989067,4251953634,4251921174,0.0,0.5
东湖磨山景区轮渡口,交通枢纽,114.4096257512376,30.556326577272245,13794329802,2442852033,0.0,0.5
武汉市港口运输集团有限公司汉阳分公司永安堂码头,交通枢纽,114.19461660621769,30.57890441293443,1150931293,2045952628,0.0,0.5
武汉市航务管理处双厂港区,交通枢纽,114.24045879642424,30.572344365048558,11088633768,1884975438,0.0,0.5
流通巷闸口,交通枢纽,114.27776775294323,30.568408404918628,1877156819,1877156736,0.0,0.5
武汉轮渡集家嘴码头(暂停营业),交通枢纽,114.27927264292626,30.567861782542693,4523470670,1877156741,0.0,0.5
鲍家巷码头(暂停营业),交通枢纽,114.27990306717705,30.56864271865909,1877156741,1877160227,0.0,0.5
武汉长江轮船有限公司龙宫码头,交通枢纽,114.2867686224503,30.569188283146918,1877160184,1877160231,0.0,0.5
华中港航打捞码头,交通枢纽,114.2873669689918,30.569476314408476,1877160227,1270140840,0.0,0.5
华中港航王家巷码头,交通枢纽,114.28855954781287,30.571054991907612,1877160227,1270140840,0.0,0.5
果果多全球直销码头,交通枢纽,114.27469301561788,30.57824131292737,1880396025,1880395986,0.0,0.5
武汉港16码头,交通枢纽,114.29069783777139,30.574558488601536,1270140840,1419796852,0.0,0.5
轮渡龙王庙游船码头(暂停营业),交通枢纽,114.28808213847296,30.570229996200993,1877160227,1270140840,0.0,0.5
武汉港17码头(暂停营业),交通枢纽,114.29130804004149,30.57556617874803,1419796852,13903348185,0.0,0.5
武汉港18码头,交通枢纽,114.29172146477194,30.57658416227369,4360488929,317003603,0.0,0.5
武汉轮渡武汉关码头,交通枢纽,114.2927461531577,30.577555197356766,1419147998,4360488929,0.0,0.5
两江游览·苗家旅游码头,交通枢纽,114.29235758040869,30.578036630991175,9080888576,1419147998,0.0,0.5
琴园-游船码头,交通枢纽,114.34498264842841,30.57518878583447,2418671481,4516243245,0.0,0.5
楚风园码头,交通枢纽,114.37256564451265,30.579310920722587,5180395789,4541689891,0.0,0.5
渔人码头,交通枢纽,114.40491409799782,30.56694861820435,4251953634,4251921174,0.0,0.5
硚口汉江江滩荆汉船闸口,交通枢纽,114.21206624085352,30.5811754887931,5343198052,2969491767,0.0,0.5
汉北六十一码头,交通枢纽,114.21412738036193,30.58011215602295,8887307711,1886641096,0.0,0.5
武汉港9码头,交通枢纽,114.29543133288527,30.583032840557404,13903348076,1207481030,0.0,0.5
武汉港23码头,交通枢纽,114.29560711694768,30.582923593781455,13903348076,1207481030,0.0,0.5
武汉港,交通枢纽,114.29526369761864,30.581292765781,13903348202,13903348076,0.0,0.5
顺丰茶栈码头,交通枢纽,114.29658151668437,30.586823517492288,1880527300,1881983570,0.0,0.5
两江游览·粤汉旅游码头(暂停营业),交通枢纽,114.30112791069818,30.591784898591115,1882003758,1881986248,0.0,0.5
知音号码头,交通枢纽,114.30645358571992,30.598363879159326,5804309057,5804153590,0.0,0.5
武汉市水务执法码头,交通枢纽,114.30777428742523,30.601843108361464,1882095050,656217817,0.0,0.5
华中港航京二码头,交通枢纽,114.31573269687208,30.61445919594657,4850262941,10677684599,0.0,0.5
四唯港区,交通枢纽,114.31709348331687,30.614656526820855,4850262941,10677684599,0.0,0.5
武汉渔政码头,交通枢纽,114.32011221939669,30.61871610466845,10677684595,10677684591,0.0,0.5
长航公安汉口派出所(建设中),交通枢纽,114.31936615731695,30.62192921471487,10677684591,8196196862,0.0,0.5
中江实业重件码头,交通枢纽,114.36783785277042,30.637864541960134,7230883794,11296539091,0.0,0.5
红钢城客运码头,交通枢纽,114.38141696923121,30.64581591295764,1217604818,3044755253,0.0,0.5
武汉轮渡青山码头,交通枢纽,114.4188423022443,30.65858607175157,1212025383,1217604814,0.0,0.5
落霞归雁码头,交通枢纽,114.43414715743758,30.5565827875134,2475620855,1192679974,0.0,0.5
中百罗森(交易街店),中百罗森,114.28852394793091,30.59002797261621,11303773552,11303773555,0.0,0.5
中百罗森(球场街店),中百罗森,114.28704850583817,30.601882537659638,1926866345,1926866319,0.0,0.5
中百罗森,中百罗森,114.28040127582422,30.607809207932483,2393265007,8299158003,0.0,0.5
中百罗森(胜利街店),中百罗森,114.29178335719163,30.58854958233223,1880506160,1880527338,0.0,0.5
中百罗森(花园道店),中百罗森,114.26074219350566,30.598782503120496,2168408831,1882421175,0.0,0.5
中百罗森,中百罗森,114.27526971184767,30.57748095937146,1880395986,1880396010,0.0,0.5
中百罗森(武汉地铁江汉路店),中百罗森,114.28729696954309,30.581909839653676,1880506156,1880510922,0.0,0.5
中百罗森(自治街店),中百罗森,114.28033636053713,30.584285405729048,1880455525,1880421338,0.0,0.5
中百罗森(中冶·39大街店),中百罗森,114.37226707756392,30.633508679336803,3597602312,7230845363,0.0,0.5
中百罗森(江汉路店),中百罗森,114.28656158444608,30.58370122797057,1880447678,1880510921,0.0,0.5
中百罗森(大连路店),中百罗森,114.30476125953578,30.608100093577598,1882165528,1882165536,0.0,0.5
中百罗森(吉庆街),中百罗森,114.28878181795851,30.588255265285177,4523470672,11303773583,0.0,0.5
中百罗森(首义路店),中百罗森,114.30386990664753,30.534888328101108,13778138441,1220521677,0.0,0.5
中百罗森(航空侧路店),中百罗森,114.25634009830468,30.586869449021123,1885077247,1885074475,0.0,0.5
中百罗森,中百罗森,114.19452666969828,30.552460737304262,10736776221,8197771579,0.0,0.5
中百罗森(万松园店),中百罗森,114.26349004725827,30.584863007336903,9606136211,316995510,0.0,0.5
中百罗森(中城国际店),中百罗森,114.29526633970728,30.59694979612431,1881986250,12161473667,0.0,0.5
中百罗森(融科天城二店),中百罗森,114.29230584140073,30.598867789233445,1479967285,1688268541,0.0,0.5
中百罗森(中心百货店),中百罗森,114.28480632625178,30.584022580858697,1880477884,1880455427,0.0,0.5
中百罗森(销品茂店),中百罗森,114.33693553445968,30.58928185565609,4181217451,4181217449,0.0,0.5
中百罗森(清芬路店),中百罗森,114.27796896055794,30.575859449041896,6480234629,1419797133,0.0,0.5
中百罗森,中百罗森,114.29832742254187,30.65346328013823,3500352722,4050649088,0.0,0.5
中百罗森(香港丽都店),中百罗森,114.2707141831711,30.613462764804684,7150411321,2393234873,0.0,0.5
中百罗森(七一中学店),中百罗森,114.30242769442317,30.607606437308938,656217819,1882165532,0.0,0.5
中百罗森(世纪·江尚店),中百罗森,114.28999334035026,30.578089260854462,13903348109,8202663573,0.0,0.5
中百罗森(永清城店),中百罗森,114.30297652793128,30.61196072511421,4523471928,4523470675,0.0,0.5
中百罗森(群星城店),中百罗森,114.34376638409681,30.58696149531139,3125539321,3125539312,0.0,0.5
中百罗森(新世界中心店),中百罗森,114.26160764295112,30.581090706641398,1230843948,1230844176,0.0,0.5
中百罗森(利济北路店),中百罗森,114.26499250633046,30.575782273814745,1880363672,1880363681,0.0,0.5
中百罗森便利店(亚心店),中百罗森,114.27568366568805,30.586452141354123,1230843775,1880421436,0.0,0.5
中百罗森(HAPPY站台店),中百罗森,114.28617722263306,30.580892828053152,1419140443,1419140487,0.0,0.5
中百罗森(苗栗路店),中百罗森,114.28302783266165,30.597768744031725,11817564626,11817564629,0.0,0.5
中百罗森(高雄二路店),中百罗森,114.27956323812235,30.604629520086462,648969744,1891226597,0.0,0.5
中百罗森(中南二路店),中百罗森,114.323207637992,30.544134027056902,11478416218,1205094865,0.0,0.5
中百罗森,中百罗森,114.20559797592315,30.564979463720626,7614809321,7614809336,0.0,0.5
中百罗森(永清路店),中百罗森,114.29746613022664,30.612469016369573,3501032388,3501032390,0.0,0.5
中百罗森(新武展店),中百罗森,114.26857361933206,30.584406088752687,9599748058,1882302783,0.0,0.5
中百罗森(融侨华府店),中百罗森,114.31145703300042,30.573732966321888,3663373177,8194368749,0.0,0.5
中百罗森(汉街总部店),中百罗森,114.33834316075905,30.557012083351978,4847228187,4052821769,0.0,0.5
中百罗森,中百罗森,114.2769010353083,30.641949309401944,1233322979,1233322935,0.0,0.5
中百罗森(民意三路店),中百罗森,114.27346675268774,30.57831959922264,1880400427,1880400414,0.0,0.5
中百罗森(万松园横路店),中百罗森,114.2607148089931,30.591658274699803,12251702141,1887914598,0.0,0.5
中百罗森(航天商务广场店),中百罗森,114.31020329502154,30.627816102337228,4899642721,4899642725,0.0,0.5
中百罗森(崇仁路店),中百罗森,114.25586178509386,30.57814792950807,1186631581,1885079872,0.0,0.5
中百罗森(青松社区店),中百罗森,114.26094357829469,30.594148175372126,1882421205,9328966118,0.0,0.5
中百罗森(积玉桥店),中百罗森,114.30084014284222,30.55911141738736,1501482203,317005531,0.0,0.5
中百罗森(华夏村店),中百罗森,114.27420437482141,30.623959912445827,11029509101,11244942482,0.0,0.5
中百罗森(保利城一店),中百罗森,114.35368095224064,30.59795194127343,694060938,7227625018,0.0,0.5
中百罗森(汇丰总部店),中百罗森,114.19042140686582,30.606219124703713,3734092008,3734092013,0.0,0.5
中百罗森(理公馆店),中百罗森,114.33960388127896,30.51501862651847,1148754949,3523339654,0.0,0.5
中百罗森(融侨锦江店),中百罗森,114.21646275031733,30.580428451770228,1886803774,1886803858,0.0,0.5
中百罗森(创立方店),中百罗森,114.27759358807634,30.629749674402944,1233306828,1233307105,0.0,0.5
中百罗森(香港路店),中百罗森,114.28057029623099,30.605932740143988,1926866455,1926866413,0.0,0.5
中百罗森(武汉关店),中百罗森,114.29128575452685,30.57917287978614,5875253709,5875253708,0.0,0.5
中百罗森(御才名仕店),中百罗森,114.28271370307714,30.61418364814993,648969898,2393265064,0.0,0.5
中百罗森(汉街总部店),中百罗森,114.3328067205871,30.558949649087683,5957618726,4516243601,0.0,0.5
中百罗森(亚贸广场店),中百罗森,114.33628254015017,30.53209827393115,1197871900,13930197879,0.0,0.5
中百罗森(华园路店),中百罗森,114.23424520131346,30.567454527870293,4835911366,4835911365,0.0,0.5
中百罗森(麒麟路店),中百罗森,114.22076408184547,30.559802909875533,2418582932,317752112,0.0,0.5
中百罗森(青山樽店),中百罗森,114.36914209093892,30.63507427178782,11296539090,7230845363,0.0,0.5
中百罗森(团结大道店),中百罗森,114.34677206368994,30.58710828358332,1205415378,299848306,0.0,0.5
中百罗森(宝丽金二店),中百罗森,114.28667383879825,30.579407671655535,4154270306,1419140490,0.0,0.5
中百罗森(江汉二路),中百罗森,114.28473326747833,30.585532113262715,1880455514,1880477880,0.0,0.5
中百罗森(长江日报路店),中百罗森,114.27189324130103,30.60594961342003,2393234862,8197792063,0.0,0.5
中百罗森(新华西路店),中百罗森,114.260996981236,30.612634851427543,4104009764,7150348322,0.0,0.5
中百罗森(南大天地店),中百罗森,114.24637267652878,30.575227486831885,6868989218,7216532239,0.0,0.5
中百罗森(东亭上街店),中百罗森,114.3503353725621,30.57367540026708,1215926909,1446238253,0.0,0.5
中百罗森(实验中学店),中百罗森,114.29713267587523,30.553479694698993,1218865063,1218865082,0.0,0.5
中百罗森(中冶南方店),中百罗森,114.3541958265586,30.58068673469948,1215926967,11875973001,0.0,0.5
中百罗森(怡康苑店),中百罗森,114.30741006275521,30.645344799624507,7232612059,2140813078,0.0,0.5
中百罗森(循礼门花市店),中百罗森,114.27860448436638,30.58736938329028,2289778034,7216601028,0.0,0.5
中百罗森(东亭店),中百罗森,114.35575903381473,30.568168969558037,4741651072,4741652455,0.0,0.5
中百罗森(竹叶山店),中百罗森,114.2801973663072,30.620301413134143,11290190425,7178880041,0.0,0.5
中百罗森(M758店),中百罗森,114.33292844318306,30.594323364771686,3125539333,13110036812,0.0,0.5
中百罗森(友谊苑店),中百罗森,114.27449096438818,30.580302767155658,1880395976,1880396016,0.0,0.5
中百罗森(中南国际汇店),中百罗森,114.32884433275012,30.53360174549462,838313738,1406772738,0.0,0.5
中百罗森(长江府店),中百罗森,114.28815367810576,30.574665272392437,5874445809,5874445811,0.0,0.5
中百罗森(台北一路店),中百罗森,114.27163031862224,30.595037150225675,1882326245,1891195564,0.0,0.5
中百罗森(联投中心店),中百罗森,114.3079534142329,30.574175292868023,6936295774,6936295754,0.0,0.5
中百罗森(江汉北路店),中百罗森,114.27235820762728,30.591874635916245,1882405950,12231041243,0.0,0.5
中百罗森(都市兰亭店),中百罗森,114.26181509555111,30.552324904205076,3762099174,9500914449,0.0,0.5
中百罗森(武汉滨江天街店),中百罗森,114.3261894550509,30.59353645613608,13874231264,13874080472,0.0,0.5
中百罗森(融侨城店),中百罗森,114.3400408622092,30.6108107815899,13238797719,3859970557,0.0,0.5
中百罗森(中山医院店),中百罗森,114.25019680326797,30.57184713193956,1884990073,6868962757,0.0,0.5
中百罗森(桂苑店),中百罗森,114.30599949643823,30.549537591247603,12163492923,1218887076,0.0,0.5
中百罗森(海工大店),中百罗森,114.23819228500668,30.578330746226644,1886641308,1886723081,0.0,0.5
中百罗森(江花庭院店),中百罗森,114.2975790908819,30.599642919421548,1881989910,12167690330,0.0,0.5
中百罗森(中南店),中百罗森,114.32691095885723,30.539685425282876,1205094867,1330929860,0.0,0.5
中百罗森(铂金华府店),中百罗森,114.35827715308017,30.62510420081902,7230885077,3597602310,0.0,0.5
中百罗森(紫金滨江店),中百罗森,114.35584502821389,30.624193119969775,7230845348,7230845359,0.0,0.5
中百罗森(金科城),中百罗森,114.38011273020561,30.618436317097533,4541277892,7227313200,0.0,0.5
中百罗森(新荣天街店),中百罗森,114.32680857553623,30.66080126578097,7722128132,1233322931,0.0,0.5
中百罗森(马鹦路店),中百罗森,114.26199006054726,30.5408636799788,3491030912,7288825641,0.0,0.5
中百罗森(盛世江城店),中百罗森,114.24175142022233,30.635171734440203,1540325204,3732361543,0.0,0.5
中百罗森(地铁时代常青城店),中百罗森,114.2468365879487,30.660466719269646,8114033160,10725041916,0.0,0.5
中百罗森(未来城店),中百罗森,114.34812940544353,30.52722297505915,1827210269,6221318599,0.0,0.5
中百罗森(华发中城商都店),中百罗森,114.25492840273972,30.604034416827457,1887830264,1887830148,0.0,0.5
中百罗森(江大路店),中百罗森,114.28560334702924,30.62091094984496,5300643127,5300643126,0.0,0.5
中百罗森(正义路店),中百罗森,114.29088834271406,30.635533057137774,4523487745,1540326781,0.0,0.5
中百罗森(福客茂店),中百罗森,114.33508348213498,30.58889642330588,3125539328,10677640101,0.0,0.5
中百罗森(翰林紫园1215店),中百罗森,114.30410764045264,30.626298848689302,4050649077,3969572085,0.0,0.5
中百罗森华侨城(华侨城店),中百罗森,114.37902744538592,30.591508761592042,13448808268,6505353313,0.0,0.5
中百罗森(万达中心店)(暂停营业),中百罗森,114.30209373240349,30.566499603326022,7115800222,7115765458,0.0,0.5
中百罗森(华中师范大学二店),中百罗森,114.35147483133626,30.51693477625233,11793760740,1290395169,0.0,0.5
中百罗森(古田四路店),中百罗森,114.20659886077839,30.591828826071236,9428099033,9425844028,0.0,0.5
中百罗森(江南春城店),中百罗森,114.37601306870529,30.632801529995955,7230845366,1217604728,0.0,0.5
中百罗森(万景国际店),中百罗森,114.25783739154166,30.60825740690021,9320573627,7157578628,0.0,0.5
中百罗森(青城荟店),中百罗森,114.40119133293499,30.63344156621717,4524874856,1211806340,0.0,0.5
中百罗森(理工大学店),中百罗森,114.33239962737365,30.51004744208024,7239273289,3799158620,0.0,0.5
中百罗森(古田三路店),中百罗森,114.19810485596157,30.595374558199612,300799151,12841185708,0.0,0.5
中百罗森(西马名仕店),中百罗森,114.28369830895768,30.59657930280347,1926866262,1926866264,0.0,0.5
中百罗森(新长江中心店),中百罗森,114.32344104378892,30.592578090839407,12174256910,10822002685,0.0,0.5
中百罗森解放公园路店,中百罗森,114.29488300489432,30.606449687378394,648969832,1230844416,0.0,0.5
中百罗森便利(六合新界店),中百罗森,114.30183187911847,30.60374501487811,1882095068,1882095040,0.0,0.5
中百罗森(楚河汉街店),中百罗森,114.33238424830431,30.560677833137408,4516243354,4516243296,0.0,0.5
中百罗森(长江广场店),中百罗森,114.26031241687217,30.561627596397496,5809837010,12401558222,0.0,0.5
中百罗森(御华里店),中百罗森,114.30328824523382,30.644593548960547,3501002864,3501002863,0.0,0.5
中百罗森(新河街店),中百罗森,114.30893727354787,30.569964019093188,7140534364,7140534362,0.0,0.5
中百罗森(环球国际店),中百罗森,114.33021274324093,30.560805887895192,8197650529,4516243230,0.0,0.5
中百罗森(武汉商务区地铁店),中百罗森,114.24107603223113,30.59869350392769,4870152474,4870152490,0.0,0.5
中百罗森(罗家桥店),中百罗森,114.35714206572484,30.617922789537047,4524691390,4524691344,0.0,0.5
中百罗森(红T工业园店),中百罗森,114.22977785247457,30.625209108394465,3732372517,3732372515,0.0,0.5
中百罗森(青山建二店),中百罗森,114.36957350328646,30.626740303120712,696952512,4541277490,0.0,0.5
中百罗森(和昌中心店),中百罗森,114.20911675117122,30.516683042428507,7706785125,7706785119,0.0,0.5
中百罗森(回盛生物店),中百罗森,114.29023521784285,30.55315382737586,1215728305,1218865115,0.0,0.5
中百罗森(中商·世界里店),中百罗森,114.3905006787617,30.508093501969952,7281336492,1194994830,0.0,0.5
中百罗森(融创智谷店),中百罗森,114.31410798732644,30.45651613226478,1865280090,1865280106,0.0,0.5
中百罗森(融侨悦府店),中百罗森,114.36037325323147,30.609493638712383,4524691449,5760065771,0.0,0.5
中百罗森(长城汇店),中百罗森,114.33229021854291,30.551268293855866,1146762345,13842080821,0.0,0.5
中百罗森(汉口城市广场店),中百罗森,114.30119239334554,30.654351971954114,4149553620,11628608181,0.0,0.5
中百罗森(光谷生物城店),中百罗森,114.47466489559059,30.484264347089734,2419544983,2419544975,0.0,0.5
中百罗森(百瑞景中央花园店),中百罗森,114.33091951649995,30.52726186141653,12159886775,12159886759,0.0,0.5
中百罗森(珞狮北路店),中百罗森,114.34867722683856,30.53214247842171,13696929824,1199771757,0.0,0.5
中百罗森(徐东一路店),中百罗森,114.34098828432684,30.589543412793386,3125539323,3125539331,0.0,0.5
中百罗森(安顺花园店),中百罗森,114.33150421425321,30.554371701203607,13842080812,13842080810,0.0,0.5
中百罗森(汉口站店),中百罗森,114.24936234233095,30.619649807850873,7150348309,9861559726,0.0,0.5
中百罗森(同成富苑店),中百罗森,114.33672159074816,30.558065681397597,2401160967,5957619826,0.0,0.5
中百罗森(武汉体育馆店),中百罗森,114.25380624530416,30.579901102913837,4519170251,1885061299,0.0,0.5
中百罗森(华城广场店),中百罗森,114.35365220980023,30.606842485161344,11490097555,11490092257,0.0,0.5
中百罗森(杨园店),中百罗森,114.30336915082799,30.552039445244386,1218865088,1218886538,0.0,0.5
中百罗森(才华街店),中百罗森,114.33654931005921,30.59878190084487,4516243574,7926697969,0.0,0.5
中百罗森(CFD时代财富中心店),中百罗森,114.2655595650317,30.60822438794342,3822227982,3822227978,0.0,0.5
中百罗森(正堂时代店),中百罗森,114.3586654026354,30.58309125509144,4540472547,5165225478,0.0,0.5
中百罗森(双玺中心店),中百罗森,114.2596377655398,30.60430999309156,2168408833,9328966032,0.0,0.5
中百罗森(匠心城·三阳中心店),中百罗森,114.29917687604915,30.600331946816063,5804292744,8130341076,0.0,0.5
中百罗森(嬉空间店),中百罗森,114.19135034517522,30.600394954840432,9425844027,8887319025,0.0,0.5
中百罗森(长虹中学店),中百罗森,114.30476244646003,30.501940003405142,7674713370,837956951,0.0,0.5
中百罗森(塔子湖体育中心店),中百罗森,114.28287972261163,30.64689170700066,6314844910,1706612194,0.0,0.5
中百罗森(富强·天合熙园店),中百罗森,114.2708617594775,30.640718275500134,7233179350,7233179346,0.0,0.5
中百罗森(金禾中心店),中百罗森,114.35675290101797,30.579238446648944,1215926967,11875973001,0.0,0.5
中百罗森(五环天地),中百罗森,114.37593606616743,30.507639955325697,1280132328,1252153374,0.0,0.5
中百罗森(江腾广场店),中百罗森,114.24851883745089,30.539749644947552,7160849912,7160849914,0.0,0.5
中百罗森(樱花大厦店),中百罗森,114.34980133886856,30.536391243636555,1224846343,1272837647,0.0,0.5
中百罗森(十四初中店),中百罗森,114.32405282178455,30.526065339603484,12159504715,12159504720,0.0,0.5
中百罗森,中百罗森,114.28274081478673,30.705013230974828,4540132054,8205599938,0.0,0.5
中百罗森(万科嘉园店),中百罗森,114.43975973530412,30.50018772122534,9208010662,1150858950,0.0,0.5
中百罗森(光谷时尚城店),中百罗森,114.3811776021051,30.47936410485537,13570134431,6286565888,0.0,0.5
中百罗森(保利时代店),中百罗森,114.40361851955022,30.492213312597514,5758622278,7281878528,0.0,0.5
中百罗森(同安家园店),中百罗森,114.29607952138097,30.652026665276654,3500352713,3500352711,0.0,0.5
中百罗森(唐家墩店),中百罗森,114.26645675778732,30.61458710917361,1455682774,11890709392,0.0,0.5
中百罗森(中建御景星城店),中百罗森,114.22942205684443,30.5826497113217,1886645310,1886645428,0.0,0.5
中百罗森(青山商场店),中百罗森,114.39727226120307,30.641667645281302,1212025383,1217604814,0.0,0.5
中百罗森(广八路店),中百罗森,114.35886376823635,30.530659317513447,11873553571,1197839355,0.0,0.5
中百罗森(古田二路店),中百罗森,114.19480548159743,30.597381695384765,12841185709,5343198036,0.0,0.5
中百罗森(光谷创业街店),中百罗森,114.41089585066153,30.503189500975576,4847000910,4847000912,0.0,0.5
中百罗森(万科未来中心VFC店),中百罗森,114.23970255186713,30.556113036809975,13747476406,2418582907,0.0,0.5
中百罗森(泛海桂海园店),中百罗森,114.23102541817774,30.602269017507634,7710756217,4835000346,0.0,0.5
中百罗森便利(新湾三路店),中百罗森,114.24252030062446,30.631699259886283,1540326790,1540326760,0.0,0.5
中百罗森(海昌天澜),中百罗森,114.26692660498213,30.660970968063925,4540133313,4540133295,0.0,0.5
中百罗森(兰亭雅居店),中百罗森,114.37387872311115,30.626606027927934,9862989143,9862989142,0.0,0.5
中百罗森(复兴村店),中百罗森,114.2381146935678,30.607581485046566,3822581300,3822581301,0.0,0.5
中百罗森(良友红坊店),中百罗森,114.3238935234053,30.670337553071512,11622321476,12250302805,0.0,0.5
中百罗森(天顺园店),中百罗森,114.21042206909705,30.613959843345476,7716148387,5343191009,0.0,0.5
中百罗森(虎泉店),中百罗森,114.36524092292538,30.513558314908167,2398956564,1625350178,0.0,0.5
中百罗森(四十九中店),中百罗森,114.39946889887973,30.648337910016007,1212025383,1217604814,0.0,0.5
中百罗森(武汉欢乐谷店),中百罗森,114.38927675321759,30.5966712863243,2418537813,2418537935,0.0,0.5
中百罗森(光谷新世界T1写字楼店),中百罗森,114.4071793829425,30.496436455371693,5758622278,7281878528,0.0,0.5
中百罗森(丽顿酒店),中百罗森,114.41710422825135,30.502648428755577,4524791462,4524791224,0.0,0.5
中百罗森(江山如画店),中百罗森,114.25943886336555,30.56836669895055,1884983696,11876490945,0.0,0.5
中百罗森(融科珞瑜中心店),中百罗森,114.36234581501907,30.52296104881331,1146781913,1159496450,0.0,0.5
中百罗森(南湖大厦店),中百罗森,114.34938408371771,30.511332874194085,6195429125,3083960665,0.0,0.5
中百罗森(铁建1818),中百罗森,114.3340619213826,30.55657313328276,5960527580,12157874337,0.0,0.5
中百罗森(崇仁新都店),中百罗森,114.25671848100367,30.571308049981397,1884979298,1884983694,0.0,0.5
中百罗森(亲橙万象汇店),中百罗森,114.33627331572839,30.592219950219988,1014368393,1014368382,0.0,0.5
中百罗森(湖影公寓店),中百罗森,114.2645089896,30.606321954536448,3822227969,648969693,0.0,0.5
中百罗森(光谷新世界汇贤邸店),中百罗森,114.4104439982881,30.49540449974234,4525399322,4525399362,0.0,0.5
中百罗森(洪山万科广场ViviLand店),中百罗森,114.27090808747704,30.485662298504288,11549712448,9933742356,0.0,0.5
中百罗森(水果湖广场店),中百罗森,114.3388349800319,30.550385487577593,13530610610,13530610615,0.0,0.5
中百罗森(东湖尚郡店),中百罗森,114.36381580814322,30.58692290406874,7849794845,8197656632,0.0,0.5
中百罗森(博学仕府店),中百罗森,114.21347347748664,30.587471685582358,5343198047,8887307716,0.0,0.5
中百罗森(仁寿路四店),中百罗森,114.24075159369407,30.577503510970327,1886645359,1886641296,0.0,0.5
中百罗森(民生金融中心店),中百罗森,114.2456720752258,30.600715857987318,4870152511,4870152460,0.0,0.5
中百罗森(碧桂园泰富城店),中百罗森,114.20016631884852,30.508794440029316,1194178988,1149018778,0.0,0.5
中百罗森(泛悦城店),中百罗森,114.4084337190362,30.507392834433343,4807265712,1280163403,0.0,0.5
中百罗森(华师一附中店),中百罗森,114.38515516475863,30.453822457891018,8910280582,1145214740,0.0,0.5
中百罗森(ICC武汉环贸中心店),中百罗森,114.25711168378689,30.59263588595486,12251702157,12251702158,0.0,0.5
中百罗森(王家墩东地铁店),中百罗森,114.25850236666705,30.59727338350662,1887926169,1887886113,0.0,0.5
中百罗森(鑫城国际润雅苑店),中百罗森,114.2596097391808,30.616225233611402,12169705928,1455682660,0.0,0.5
中百罗森(中建光谷之星店),中百罗森,114.51381446790944,30.494258840514455,7221412165,9369164287,0.0,0.5
中百罗森(财富广场店),中百罗森,114.15562264854748,30.494923787592956,3683236537,3578548936,0.0,0.5
中百罗森(清江山水店),中百罗森,114.39670051446168,30.475530919558754,8910280582,1145214740,0.0,0.5
中百罗森(联投花山郡店),中百罗森,114.48704648906416,30.560869256555595,2457601073,2457601089,0.0,0.5
中百罗森(楚安科技大厦店),中百罗森,114.24580814357854,30.461131026513947,9593390842,9593380986,0.0,0.5
中百罗森(软件园E城店),中百罗森,114.3970743468664,30.47951983955521,6915679323,6915679315,0.0,0.5
中百罗森(洪山广场地铁一店),中百罗森,114.33092865689551,30.548475819583825,1146763179,1146763187,0.0,0.5
中百罗森(奥山世纪广场店),中百罗森,114.3564627106432,30.61953212538245,1876183768,4524691477,0.0,0.5
中百罗森(武汉市汉阳医院店),中百罗森,114.24040758913294,30.551003916860324,1459106938,1459106940,0.0,0.5
中百罗森(武汉光谷企业天地店),中百罗森,114.41655286766174,30.48589075513442,8910280522,13378938079,0.0,0.5
中百罗森(光谷融众国际店),中百罗森,114.39021243862753,30.510296915852386,7281336511,1210354256,0.0,0.5
中百罗森(红升国际广场店),中百罗森,114.17370039096721,30.49963020923914,5535918115,4519138593,0.0,0.5
中百罗森(白沙天街店),中百罗森,114.2854926977428,30.47896471495405,11433472051,11433472048,0.0,0.5
中百罗森(广厦华庭店),中百罗森,114.40334421897965,30.504578623833982,12381917918,1150849631,0.0,0.5
中百罗森(星光国际店),中百罗森,114.21532535664025,30.52564723029055,7706785049,4835990422,0.0,0.5
中百罗森(中建康城店),中百罗森,114.40288539644935,30.4754267574334,1150821136,11733956990,0.0,0.5
中百罗森(晴川高中店),中百罗森,114.26663154722542,30.546736246783205,7288820606,7288820604,0.0,0.5
中百罗森(浅水湾店),中百罗森,114.35771614809009,30.506560470592003,4644139102,13712749573,0.0,0.5
中百罗森(中建三局-写字楼店),中百罗森,114.32537179909495,30.535988593747163,4539344454,4540472541,0.0,0.5
中百罗森(东方广场店),中百罗森,114.29536622006876,30.643034745153976,651691783,1233307111,0.0,0.5
中百罗森(金桥壹号店),中百罗森,114.28150180676377,30.637073738938057,6314844890,1706612174,0.0,0.5
中百罗森(一江璟城店),中百罗森,114.3913722896206,30.64008296656022,1212025383,1217604814,0.0,0.5
中百罗森便利店(长港路店),中百罗森,114.2419522226482,30.62765591002365,3044755148,3270664780,0.0,0.5
中百罗森(金融城店),中百罗森,114.47447688895292,30.488050756996586,1717910747,7618118676,0.0,0.5
中百罗森(中南路发展大厦店),中百罗森,114.32845031862594,30.54114800045807,13842080231,13842080233,0.0,0.5
中百罗森(水果湖高中店),中百罗森,114.34247029395702,30.552569231447205,1146760278,1146762346,0.0,0.5
中百罗森(万科云城店),中百罗森,114.2778908375825,30.49664762243923,7393377039,7393377023,0.0,0.5
中百罗森(金地自在城店),中百罗森,114.37884914831342,30.60701983310952,7227374523,3044755100,0.0,0.5
中百罗森(高科产业园店),中百罗森,114.44311827338285,30.42244997581365,1194993482,1194993407,0.0,0.5
中百罗森(武汉四中店),中百罗森,114.21207145636158,30.59037902061284,5343198041,300799159,0.0,0.5
中百罗森(网安软件园店),中百罗森,114.12321431389512,30.681288412556224,1192680240,1192680080,0.1,0.5
中百罗森(洪山广场地铁二店),中百罗森,114.33248431368919,30.54659152868007,597420919,1146763173,0.0,0.5
中百罗森(七里庙店),中百罗森,114.23263401359813,30.559904564593236,1462129269,1462129263,0.0,0.5
中百罗森(上东汇商业广场店),中百罗森,114.30511197605719,30.616921907718353,8600114957,1882138530,0.0,0.5
中百罗森(汉阳人信汇店),中百罗森,114.20006814386228,30.554403500634276,8197771667,4534772656,0.0,0.5
中百罗森(阳光100店),中百罗森,114.40480829601385,30.40292127005522,7041282296,1176704368,0.1,0.5
中百罗森(海天店),中百罗森,114.12884931208676,30.471967387170675,3683236537,3578548936,0.1,0.5
中百罗森(常二社区店),中百罗森,114.251104989086,30.631691412716958,11250186103,7154185739,0.0,0.5
中百罗森(广电兰亭荣荟锦园店),中百罗森,114.21183856522994,30.606858334156804,9899384565,9425844053,0.0,0.5
中百罗森(卧龙·丽景湾依云苑店),中百罗森,114.21734359810485,30.635510375034343,3044755218,8192138449,0.0,0.5
中百罗森(长江紫都店),中百罗森,114.2813544598614,30.515064815256217,2446633718,10302496497,0.0,0.5
中百罗森(华为B3店),中百罗森,114.52926334383861,30.4933168288781,11834747458,2418750494,0.0,0.5
中百罗森(万科汉口传奇店),中百罗森,114.2601623188081,30.62090399802888,13369051340,7215552538,0.0,0.5
中百罗森便利(罗家桥店),中百罗森,114.35730885573074,30.61814045847721,4524691344,4524691390,0.0,0.5
中百罗森(安静社区店),中百罗森,114.28362983636784,30.59122046153411,1882271316,1882271324,0.0,0.5
中百罗森(江城实验室店),中百罗森,114.43447136507918,30.458982696731905,1194993482,1194993407,0.0,0.5
中百罗森(中南医院院本部店),中百罗森,114.34669788000002,30.556051720220218,8983070952,13702776671,0.0,0.5
中百罗森(中建福地星城店),中百罗森,114.33928991170893,30.508694124234744,13114584462,8640236587,0.0,0.5
中百罗森(左右时代店),中百罗森,114.28419982046043,30.480649047957453,11433472051,11433472048,0.0,0.5
中百罗森(光迅科技园店),中百罗森,114.41444862494087,30.43134975522412,7041282296,1176704368,0.0,0.5
中百罗森(南太子湖创新谷店),中百罗森,114.17793187772334,30.49469344909548,5535918115,4519138593,0.0,0.5
中百罗森(第二师范学院店),中百罗森,114.44054987847417,30.487378875534706,4524882371,4123428358,0.0,0.5
中百罗森(百联奥特莱斯店),中百罗森,114.25316187440016,30.73293889224548,4540132054,8205599938,0.1,0.5
中百罗森(中央大街店),中百罗森,114.32394772102646,30.35580767445937,9003262364,9003262347,0.1,0.5
中百罗森(育才实验小学店),中百罗森,114.31441143110413,30.653365258575377,4523471931,2405716102,0.0,0.5
中百罗森(蓝珀公馆店),中百罗森,114.25501894671741,30.55142183587716,1150606478,2418582873,0.0,0.5
中百罗森(蓝光林肯公园店),中百罗森,114.18540255960275,30.622336063760827,13439313149,13439313135,0.0,0.5
中百罗森(广信万汇城二店),中百罗森,114.36826233989301,30.422507602177653,7654235640,1865280090,0.0,0.5
中百罗森(湖北大学店),中百罗森,114.3263516833522,30.576374617759143,5323894636,5323894646,0.0,0.5
中百罗森(武汉站二店),中百罗森,114.41786106026461,30.60951186529386,12806068351,1862951358,0.0,0.5
中百罗森(高铁武汉站店),中百罗森,114.41997437235747,30.610065730620597,12806068351,1862951358,0.0,0.5
中百罗森(武钢三中店),中百罗森,114.38516182641054,30.640560039939466,3722396180,3722396185,0.0,0.5
中百罗森(万科汉阳国际店),中百罗森,114.18708057987372,30.54786700783649,4534772843,7296662018,0.0,0.5
中百罗森(创意天地店),中百罗森,114.31523789062996,30.47145714584157,14029925056,14029925101,0.0,0.5
中百罗森(中南民族大学店),中百罗森,114.39138985312164,30.496613670759405,6914731354,1150768887,0.0,0.5
中百罗森(荣院路店),中百罗森,114.38381416325218,30.501346276131464,2418522238,6914731383,0.0,0.5
中百罗森(拉德芳斯店),中百罗森,114.30756518820289,30.49115305328439,11505079840,4742253122,0.0,0.5
中百罗森(武汉大学店),中百罗森,114.36008608693106,30.534841253130303,12802598320,12802598332,0.0,0.5
中百罗森(华工科技园店),中百罗森,114.39503258702496,30.454961313500963,1145214736,1145214738,0.0,0.5
中百罗森(网安大厦店),中百罗森,114.13453592925168,30.64144039856275,2383219229,300799139,0.0,0.5
中百罗森(宜科中心店),中百罗森,114.4354819596475,30.49114175128166,8910857178,11801424292,0.0,0.5
中百罗森(万科城市花园店),中百罗森,114.40332691529272,30.462000400880097,8910280582,1145214740,0.0,0.5
中百罗森(范湖地铁站店)(暂停营业),中百罗森,114.25626812388127,30.609689592932206,8197792043,7215552546,0.0,0.5
中百罗森(朝曦荟店),中百罗森,114.50540606756739,30.488723990777636,4534945198,4525449183,0.0,0.5
中百罗森(庙山新时代广场店),中百罗森,114.36739820311138,30.40898443347799,7654235640,1865280090,0.1,0.5
中百罗森(花城家园店),中百罗森,114.51191905045081,30.52475918567465,8205167938,2457603193,0.0,0.5
中百罗森(光谷创新天地店),中百罗森,114.50625654969186,30.48498654355318,2419545016,2419544993,0.0,0.5
中百罗森,中百罗森,114.07054811335404,30.639486757530705,2383219229,300799139,0.1,0.5
中百罗森(光谷物联港店),中百罗森,114.38771888357324,30.44503045898878,1145214736,1145214738,0.0,0.5
中百罗森(烽火村店),中百罗森,114.2918420174101,30.51058518854842,1501481989,13892936577,0.0,0.5
中百罗森(中核锦城店),中百罗森,114.04996884221912,30.563965844118954,5810571007,12579566020,0.1,0.5
中百罗森(栗庙路店),中百罗森,114.42073840896556,30.394170311668457,1194993482,1194993407,0.1,0.5
中百罗森(江夏中百广场店),中百罗森,114.31620837253763,30.36667273875299,9003262364,9003262347,0.1,0.5
中百罗森(青鱼嘴地铁店),中百罗森,114.34547773536036,30.56606125227094,5758615114,4741651103,0.0,0.5
中百罗森(万年台店),中百罗森,114.53907250044922,30.464165119415743,8197458287,7022966610,0.0,0.5
中百罗森(中百超市体院店),中百罗森,114.37473555329535,30.520437074159144,1282419935,7154184166,0.0,0.5
中百罗森(光谷青年汇店),中百罗森,114.41710253961602,30.441492666753724,7041282296,1176704368,0.0,0.5
中百罗森(江夏四中店),中百罗森,114.30860724761993,30.35597069984736,9003262364,9003262347,0.1,0.5
中百罗森(华农梧桐路店),中百罗森,114.3448663757502,30.476958354283482,1145387982,1145387973,0.0,0.5
中百罗森(绿地汉口中心店),中百罗森,114.28753202381083,30.659319746394427,4524874706,7232659593,0.0,0.5
中百罗森(中央公馆店),中百罗森,114.32462047796423,30.357463126758113,9003262364,9003262347,0.1,0.5
中百罗森(维佳点点大厦店),中百罗森,114.32518288591706,30.503990981905783,7154206605,7154206611,0.0,0.5
中百罗森(东湖网谷店),中百罗森,114.39808792562192,30.467409105834303,8910280582,1145214740,0.0,0.5
中百罗森(联峰广场店),中百罗森,114.39443630079022,30.51299526717336,4807265693,2401239656,0.0,0.5
中百罗森(华苑小区店),中百罗森,114.25757655094552,30.62941689104857,1540325251,3367156804,0.0,0.5
中百罗森(昙华林店),中百罗森,114.30932610645628,30.55344415812596,1218887034,9509566787,0.0,0.5
中百罗森(武汉大悦城店),中百罗森,114.49273215679459,30.489064068683184,4525449346,2419545184,0.0,0.5
中百罗森(海天大厦店),中百罗森,114.30715981754275,30.421404231347616,9003262364,9003262347,0.0,0.5
中百罗森(经开人工智能科技园店),中百罗森,114.14059137513786,30.48249006836478,3683236537,3578548936,0.1,0.5
中百罗森(光谷澎湃城奥山府店),中百罗森,114.4786337891273,30.468711908442558,6339416660,8910291777,0.0,0.5
中百罗森(新天社区店),中百罗森,114.12372402819395,30.561533136311382,5810571007,12579566020,0.0,0.5
中百罗森(彭刘杨二店),中百罗森,114.29819823567037,30.542147768895166,14058685699,12160248386,0.0,0.5
中百罗森(彭刘杨路店),中百罗森,114.28958462958431,30.545340486576293,1215755003,1218937341,0.0,0.5
中百罗森(同济医学院店),中百罗森,114.25204641743765,30.583930176554183,7216532379,13415965132,0.0,0.5
中百罗森(美加湖滨新城店),中百罗森,114.36983253439266,30.395233442877448,7654235640,1865280090,0.1,0.5
中百罗森(梅苑地铁店),中百罗森,114.32150236520519,30.533366872021734,2398925097,7985465585,0.0,0.5
中百罗森(天骄国际大厦店),中百罗森,114.2467594345391,30.58054348522875,6868989235,5947612785,0.0,0.5
中百罗森(神学院店),中百罗森,114.42213957918351,30.41989165051746,1194993482,1194993407,0.0,0.5
中百罗森(虹信产业园店),中百罗森,114.41188534274761,30.430809004806648,7041282296,1176704368,0.0,0.5
中百罗森(铁桥广场店),中百罗森,114.22133254434925,30.56538940689712,1459170199,1459170196,0.0,0.5
中百罗森(中建壹品公馆店),中百罗森,114.2593256856363,30.570444011607407,1884983694,1884983682,0.0,0.5
中百罗森(湖北文旅大厦),中百罗森,114.33918072414912,30.558701970341428,13530638567,2401160940,0.0,0.5
中百罗森(依山龙郡店),中百罗森,114.035041631786,30.5664667210691,5810571007,12579566020,0.1,0.5
中百罗森(华苑二店),中百罗森,114.25303573611001,30.62999754864903,7154185736,1993306191,0.0,0.5
中百罗森(越秀星汇维港店),中百罗森,114.24532224917178,30.57300136782834,6868962768,5826204177,0.0,0.5
中百罗森(中国地质大学店),中百罗森,114.61494170834273,30.457769702161794,635971996,1236966423,0.1,0.5
中百罗森(保税区产业园店),中百罗森,114.50465898676781,30.444580256065418,1723654064,6937363621,0.0,0.5
中百罗森(音乐学院店),中百罗森,114.28979962567664,30.54257609381899,1218937375,1218937226,0.0,0.5
中百罗森(钟家村店),中百罗森,114.26113134746721,30.55017608387681,7288767656,7288767666,0.0,0.5
中百罗森(澳新学院店),中百罗森,114.33308051748016,30.487231827606365,4742253142,4742253153,0.0,0.5
中百罗森(八一路店),中百罗森,114.35848496491866,30.53318303204483,2505909463,9967436546,0.0,0.5
中百罗森(巢上城店),中百罗森,114.24121406249405,30.703895541772518,7440011362,3366220879,0.0,0.5
中百罗森(国光大厦店),中百罗森,114.39414109108888,30.51419693104026,6508153507,6486973395,0.0,0.5
中百罗森(金利屋大厦店),中百罗森,114.17346402432848,30.519042902092888,3683236537,3578548936,0.0,0.5
中百罗森(长青街幸福苑店),中百罗森,114.07257755156006,30.627550887766812,2383219229,300799139,0.1,0.5
中百罗森(新峰公寓店),中百罗森,114.39412755078385,30.520329027892654,3090394031,2864420725,0.0,0.5
中百罗森(龙城·天居园店),中百罗森,114.24899510224894,30.71320176067373,7678645171,7678645170,0.0,0.5
中百罗森(楚天181文化创意产业园店),中百罗森,114.35949173006162,30.569061267757785,13629152938,13629152950,0.0,0.5
中百罗森(中国科学院水生生物研究所店),中百罗森,114.35195562064725,30.54661636404825,3113066251,13540934646,0.0,0.5
中百罗森(湘隆广场店),中百罗森,114.16179182071214,30.501383362798645,3683236537,3578548936,0.0,0.5
中百罗森(华罗利广场店),中百罗森,114.39057669859058,30.485106147901824,6915679323,6915679315,0.0,0.5
中百罗森(曙光星城店),中百罗森,114.39762022904682,30.484030610526776,1150768887,2418522238,0.0,0.5
中百罗森(幸福时代店),中百罗森,114.30690274117931,30.65787423305988,3500366640,7235350852,0.0,0.5
中百罗森(岳家嘴地铁菩提金店),中百罗森,114.35584708379007,30.57784030234455,1215926906,5165225436,0.0,0.5
中百罗森(祈盛时光城店),中百罗森,114.40193709654808,30.721895046929795,7515952529,6316060085,0.1,0.5
中百罗森(歌笛湖印象里),中百罗森,114.29267281712737,30.53615579023465,1220522636,14058685711,0.0,0.5
中百罗森(宁康园店),中百罗森,114.1630527279061,30.498413596347714,3683236537,3578548936,0.0,0.5
中百罗森(落霞归雁店),中百罗森,114.43594233322963,30.55720956914515,2475620855,1192679974,0.0,0.5
中百罗森(福星惠誉·东澜岸店),中百罗森,114.26019316072717,30.436469243260337,2418603936,3523480831,0.0,0.5
中百罗森(武大工学部店),中百罗森,114.35197292663099,30.54285660731726,1199764915,1370793167,0.0,0.5
中百罗森(晋合世家店),中百罗森,114.29230330667,30.662804965335337,1706612187,1201613329,0.0,0.5
中百罗森(左岭新城店),中百罗森,114.61540450848177,30.49151323078541,13786434690,1233608858,0.0,0.5
中百罗森(武汉客厅店)(暂停营业),中百罗森,114.2726289328182,30.67439758249566,7678645170,7678645166,0.0,0.5
中百罗森(理工升升公寓店),中百罗森,114.3375367652737,30.506989826946636,2733169133,2733169136,0.0,0.5
中百罗森(月亮湾店),中百罗森,114.07486158032384,30.318425663333876,1321744157,13034211116,0.2,0.5
中百罗森(鸿发世纪城店),中百罗森,114.32169225924733,30.357536728946894,9003262364,9003262347,0.1,0.5
中百罗森,中百罗森,114.61207485393788,30.46025353041867,635971996,1236966423,0.0,0.5
中百罗森(武汉大学店),中百罗森,114.35421621185458,30.53020529308161,1204185471,2124844327,0.0,0.5
中百罗森(和诚工业园店),中百罗森,114.15928449774168,30.479469890438974,5535918115,4519138593,0.0,0.5
中百罗森(妙羽星工厂体育公园店),中百罗森,114.12950664645182,30.6212067067907,2383219229,300799139,0.0,0.5
中百罗森(烽火科技园店),中百罗森,114.42060052428322,30.447885584398804,7041282296,1176704368,0.0,0.5
中百罗森(纺大生活广场店),中百罗森,114.33006945267346,30.382321556380386,11680917129,4537615877,0.1,0.5
中百罗森(金地威新江夏智造园店),中百罗森,114.26768366027272,30.40138825808222,9214515677,6914401849,0.1,0.5
中百罗森(藏龙岛世纪广场店),中百罗森,114.42497648659283,30.422670428209493,1194993482,1194993407,0.0,0.5
中百罗森(综保区移动终端产业园店),中百罗森,114.4832534237631,30.440272444648343,11777774341,6339416665,0.0,0.5
中百罗森(吴家山三中店),中百罗森,114.12453236934091,30.622393787163215,2383219229,300799139,0.0,0.5
中百罗森(广信万汇城店),中百罗森,114.36802164224717,30.42120015669193,7654235640,1865280090,0.0,0.5
中百罗森(武汉二十四城店),中百罗森,114.15016129877043,30.653395000279946,1192680240,1192680080,0.0,0.5
中百罗森(藏龙·星天地店),中百罗森,114.42400325873776,30.439039547854325,1194993482,1194993407,0.0,0.5
中百罗森(理工大北门店),中百罗森,114.34679251123897,30.524360128084453,1148772842,7154206531,0.0,0.5
中百罗森(联想工厂店),中百罗森,114.44382010788532,30.45808603306119,1174975371,1194993419,0.0,0.5
中百罗森(生物工程学院三店),中百罗森,114.51765520831987,30.719596630604382,11490097633,11490097583,0.1,0.5
中百罗森(北盛店),中百罗森,114.49832287797085,30.613339123089133,4532890418,4532890413,0.1,0.5
中百罗森(星光时代店),中百罗森,114.34196601890712,30.50693986378204,7154206680,7154206590,0.0,0.5
中百罗森碧波凌轩店,中百罗森,114.39907705208171,30.55257434945868,1371799070,2442852407,0.0,0.5
中百罗森(绿地国博财富中心店),中百罗森,114.23636694489937,30.515126722809867,13747437511,13747437530,0.0,0.5
中百罗森(汉马路店),中百罗森,114.01419865909642,30.58446749864508,2383219229,300799139,0.2,0.5
中百罗森(武汉音乐学院解放路校区店),中百罗森,114.28884883878878,30.540822107432135,12167651021,1215755044,0.0,0.5
中百罗森(华师东门店),中百罗森,114.36246609260841,30.518427315557464,2398956582,1272848052,0.0,0.5
中百罗森(东湖听涛景区店),中百罗森,114.38975412368383,30.570299043282,4251953618,5758657630,0.0,0.5
中百罗森(光谷伟星星悦广场店),中百罗森,114.44243085357517,30.44073449803472,1174975371,1194993419,0.0,0.5
中百罗森(光谷法国风情街店),中百罗森,114.4050078486279,30.502028923284236,1150849631,7221391897,0.0,0.5
中百罗森(东湖保税交易中心店),中百罗森,114.47928820159892,30.445304664252443,2419544576,2419544411,0.0,0.5
中百罗森(梅教街店),中百罗森,114.41165942703141,30.701518304285752,4524691433,1217604818,0.1,0.5
中百罗森(联投新青年社区店),中百罗森,114.50789929321215,30.536735639756053,13821197925,8205167926,0.0,0.5
中百罗森(沌口体育中心店),中百罗森,114.16632541786919,30.507484063029985,3683236537,3578548936,0.0,0.5
中百罗森(吴家山四中店),中百罗森,114.13918057978582,30.631413833813493,2383219229,300799139,0.0,0.5
中百罗森(市委党校店),中百罗森,114.54289133980659,30.545535156032944,8205159813,13247794582,0.0,0.5
中百罗森(莲花湖中学店),中百罗森,114.02741803365468,30.58424819777559,2383219229,300799139,0.1,0.5
中百罗森,中百罗森,114.39214565561531,30.37456259185212,7041282296,1176704368,0.1,0.5
中百罗森(武大园二路店),中百罗森,114.40260683809271,30.456397621261864,1145214736,1145214738,0.0,0.5
中百罗森(汉江湾1号店),中百罗森,114.17732347030827,30.605976201537356,2383219223,12840314136,0.0,0.5
中百罗森(湖北国展中心西塔店),中百罗森,114.21790651650129,30.520647369885545,4835990305,4835990306,0.0,0.5
中百罗森(湖北财税学院店),中百罗森,114.2918215027708,30.516838300907384,10302514554,2482882226,0.0,0.5
中百罗森(中南财大首义校区店),中百罗森,114.3084369759687,30.536076665690715,11957148132,11957148133,0.0,0.5
中百罗森(湖工大工程技术学院店),中百罗森,114.30323812185846,30.473532706445255,9067344126,9067341316,0.0,0.5
中百罗森(金地雄楚一号店),中百罗森,114.38481917113685,30.499927160647257,6914731384,6914731354,0.0,0.5
中百罗森(南湖创意天地二店),中百罗森,114.31585764382291,30.47437119336856,12032768614,14029925009,0.0,0.5
中百罗森(武科大南区店),中百罗森,114.25845805948234,30.43776892472574,2418603936,3523480831,0.0,0.5
中百罗森(中南民族大学二店),中百罗森,114.38518067817856,30.482312991265353,6915679323,6915679315,0.0,0.5
中百罗森(网安学院店),中百罗森,114.13065453859038,30.675306764452973,1192680240,1192680080,0.1,0.5
中百罗森(慧谷大厦店),中百罗森,114.49832722909163,30.491100257736058,4534945182,2418779578,0.0,0.5
中百罗森(恒大绿洲店),中百罗森,114.12084669285822,30.55414741644608,5810571007,12579566020,0.0,0.5
中百罗森(武汉东软软件园店),中百罗森,114.1824547356068,30.492508243056815,5535918115,4519138593,0.0,0.5
中百罗森(西马物流园店),中百罗森,114.41535826173583,30.656453856952048,1212025383,1217604814,0.0,0.5
中百罗森(中核科创中心店),中百罗森,114.05784125847067,30.567134337147657,5810571007,12579566020,0.1,0.5
中百罗森(武科大北区店),中百罗森,114.26293510049368,30.44560832491711,2418603936,3523480831,0.0,0.5
中百罗森(熊廷弼街店),中百罗森,114.33113721011722,30.353571314140467,11680917129,4537615877,0.1,0.5
中百罗森便利(全力南店),中百罗森,114.09514551670067,30.451630540256637,3683236537,3578548936,0.1,0.5
中百罗森(九州通健康城店),中百罗森,114.19708508690562,30.5522517885512,10736776222,8197771709,0.0,0.5
中百罗森(大华南湖公园世家店),中百罗森,114.32514544232284,30.49828273498193,4534994699,4534995069,0.0,0.5
中百罗森(地大北校区店),中百罗森,114.39358238190368,30.531623492302682,2864448084,2875717317,0.0,0.5
中百罗森(南德国际城店),中百罗森,114.36766781897042,30.889140971516444,8205642881,319230122,0.2,0.5
中百罗森(奓山新社区店),中百罗森,114.01105088888332,30.446893118673696,8101553460,9424855172,0.2,0.5
中百罗森(天河机场T3到达层店),中百罗森,114.21355144770945,30.774149917418853,3366155967,7440011363,0.1,0.5
中百罗森(海伦广场店),中百罗森,114.3153435372313,30.392487819571198,9003262364,9003262347,0.1,0.5
中百罗森(联特科技园店),中百罗森,114.56709858596331,30.504924728024548,4847115152,11206783768,0.0,0.5
中百罗森(汉阳一中店),中百罗森,114.01255635768844,30.578864348382535,5810571007,12579566020,0.2,0.5
中百罗森(绿地国际理想城店),中百罗森,114.48271375747777,30.471435090622563,8910291774,8910291773,0.0,0.5
中百罗森(左岭新城二店),中百罗森,114.61140639084697,30.496096324153235,11472431556,11472431565,0.0,0.5
中百罗森(江夏中医院店),中百罗森,114.33704223072998,30.36055521135499,11680917129,4537615877,0.1,0.5
中百罗森(汉口北卓尔一店),中百罗森,114.31432102907422,30.705524344664777,8205642881,319230122,0.0,0.5
中百罗森(武汉电力职业技术学院店),中百罗森,114.36114264725916,30.527279269951876,1210074928,1210074934,0.0,0.5
中百罗森(地大东校区店),中百罗森,114.40105788544736,30.523214353940137,2864441900,3061061131,0.0,0.5
中百罗森(新洲大街店),中百罗森,114.79663267892099,30.846513088984953,2477289266,2477289239,0.4,0.5
中百罗森(金银湖万达广场店),中百罗森,114.17293491780518,30.640384891630223,1192680240,1192680080,0.0,0.5
中百罗森便利(七夕桥店),中百罗森,114.43299578708611,30.565029944546165,1192680592,1192679974,0.0,0.5
中百罗森(中南民族大学外语学院店),中百罗森,114.38678466738565,30.493171196683324,6914766693,6914766691,0.0,0.5
中百罗森(江大泰合花园店),中百罗森,114.15457333925363,30.510018406531,3683236537,3578548936,0.0,0.5
中百罗森(当代梦工场店),中百罗森,114.4116086337067,30.469579363343975,8910280582,1145214740,0.0,0.5
中百罗森(朗诗·里程店),中百罗森,114.51260526297787,30.480385274312532,6952914084,13838623760,0.0,0.5
中百罗森(武汉华夏理工学院店),中百罗森,114.40880850813409,30.468488976351264,8910280582,1145214740,0.0,0.5
中百罗森(理工大马房山校区店),中百罗森,114.3511078832511,30.521816834748662,3474318391,3474324640,0.0,0.5
中百罗森(武汉商学院南区店),中百罗森,114.08289449163698,30.460942135650388,3683236537,3578548936,0.1,0.5
中百罗森(腾讯大厦店),中百罗森,114.32713573145499,30.388015104879088,11680917129,4537615877,0.1,0.5
中百罗森(武汉软件新城2期店),中百罗森,114.49825651117172,30.55563663169855,8197496138,8197496139,0.0,0.5
中百罗森(汉口北地铁站店),中百罗森,114.32453765007604,30.714001702449522,4539844578,4540133614,0.0,0.5
中百罗森(湖北工业大学店),中百罗森,114.30258000727159,30.485840507909128,8512505601,8507615434,0.0,0.5
中百罗森(天河机场t3一店),中百罗森,114.21244817917938,30.775236123534683,3366155967,7440011363,0.1,0.5
中百罗森(虹景新都店),中百罗森,114.7930429128131,30.827333175371454,2477289266,2477289239,0.4,0.5
中百罗森(泰塑学生公寓店),中百罗森,114.426985089814,30.46052211739954,8816640062,8816640055,0.0,0.5
中百罗森(天河机场T3停车场店),中百罗森,114.21261261976404,30.773928999961353,3366155967,7440011363,0.1,0.5
中百罗森(武汉光谷职业学院店),中百罗森,114.42307524319988,30.396673446547002,1194993482,1194993407,0.1,0.5
中百罗森(横店芒果公寓店),中百罗森,114.28960324064391,30.80326175644173,385062593,8205642883,0.1,0.5
中百罗森(湖经商业街店),中百罗森,114.42502068488697,30.421341771109518,1194993482,1194993407,0.0,0.5
中百罗森(谭鑫培地铁站店),中百罗森,114.3166340097331,30.374541603106035,9003262364,9003262347,0.1,0.5
中百罗森(华为武汉研究所新基地A区店),中百罗森,114.53026334795479,30.495488713792373,2418750494,2418750492,0.0,0.5
中百罗森(美术学院二店),中百罗森,114.41472635502798,30.392725969520207,1194993482,1194993407,0.1,0.5
中百罗森(幸福路中学店),中百罗森,114.01879188147701,30.576631363272952,5810571007,12579566020,0.1,0.5
中百罗森(城建学院店),中百罗森,114.43174901280358,30.403235917969266,1194993482,1194993407,0.1,0.5
中百罗森(九全嘉国际广场店),中百罗森,114.32413898585376,30.360706536180558,9003262364,9003262347,0.1,0.5
中百罗森(武科大城市学院二店),中百罗森,114.42147858660591,30.59072791039884,1862951464,2418671594,0.0,0.5
中百罗森(武汉工程大学邮电与信息工程学院邮科院校区店),中百罗森,114.38748818191597,30.521740309918147,7154184129,2864454216,0.0,0.5
中百罗森(纺织大学阳光校区店)(暂停营业),中百罗森,114.33204897969955,30.37398627817525,11680917129,4537615877,0.1,0.5
中百罗森(新芯电子店),中百罗森,114.43592401345903,30.45644577060916,1194993482,1194993407,0.0,0.5
中百罗森(阳逻香榭花都店),中百罗森,114.57084311508098,30.696814780528534,2477289375,2477289239,0.1,0.5
中百罗森(汉口学院二店),中百罗森,114.31009075876689,30.416467891694786,9003262364,9003262347,0.0,0.5
中百罗森(蔡甸恒银广场店),中百罗森,114.02118124547614,30.58626813350805,2383219229,300799139,0.1,0.5
中百罗森(武昌职业学院店),中百罗森,114.39805892735443,30.3752260304525,1194993482,1194993407,0.1,0.5
中百罗森(湖北大学知行学院店),中百罗森,114.36783590026934,30.694237142516357,7515952529,6316060085,0.0,0.5
中百罗森(逸情雅阁店),中百罗森,114.02297531590916,30.571403750944683,5810571007,12579566020,0.1,0.5
中百罗森(长江大学店),中百罗森,114.02333338103287,30.538654172950128,5810571007,12579566020,0.1,0.5
中百罗森(胜利公寓店),中百罗森,114.31520604652816,30.319395469240817,9003262364,9003262347,0.1,0.5
中百罗森(新港佳阳摩尔城店),中百罗森,114.56907480618133,30.670760116234966,2477289375,2477289239,0.1,0.5
中百罗森(前川欣城店),中百罗森,114.36409394888246,30.86624044937186,11252263343,8196196810,0.2,0.5
中百罗森(黄陂购物中心中百百货店),中百罗森,114.37105892601338,30.882171315181832,11252263343,8196196810,0.2,0.5
中百罗森(黄陂实验中学店),中百罗森,114.37466951397487,30.873465842554726,11252263343,8196196810,0.2,0.5
中百罗森(武汉设计工程学院店),中百罗森,114.40526741489955,30.406247772668124,7041282296,1176704368,0.1,0.5
中百罗森(湖北广电传媒大厦店),中百罗森,114.47699099698714,30.489071636507482,2418779296,2418779298,0.0,0.5
中百罗森(武汉纺织大学外经贸学院店),中百罗森,114.4122603131817,30.390419565362155,1194993482,1194993407,0.1,0.5
中百罗森(湖北大学阳逻校区店),中百罗森,114.58023651231005,30.648300055113356,2477289375,2477289239,0.1,0.5
中百罗森(阳逻万达广场店),中百罗森,114.60047117254179,30.6936114799035,2477289375,2477289239,0.1,0.5
中百罗森(武汉工程科技学院店),中百罗森,114.33277086659596,30.350315732609317,11680917129,4537615877,0.1,0.5
中百罗森(湖北生态学院店),中百罗森,114.32967212103176,30.347287035364946,11680917129,4537615877,0.1,0.5
中百罗森(新洲摩尔城店),中百罗森,114.79774261282003,30.835986832903522,2477289266,2477289239,0.4,0.5
中百罗森(汉南全民健身中心店),中百罗森,114.0655476817613,30.312013762450636,1321744157,13034211116,0.2,0.5
中百罗森(长江存储店),中百罗森,114.6026165202049,30.465266099944674,635971996,1236966423,0.0,0.5
中百罗森(黄陂人民医院店),中百罗森,114.35124558785209,30.853423205750293,8205642881,319230122,0.2,0.5
中百罗森(木兰草原店),中百罗森,114.45632595741566,30.956730432385108,7515952529,6316060085,0.3,0.5
中百罗森(关山漾店),中百罗森,114.40623865154342,30.4828408891062,13378938076,1150821221,0.0,0.5
中百罗森(新洲一中店),中百罗森,114.80972991491417,30.84870447995417,2477289266,2477289239,0.4,0.5
中百罗森(黄陂新人民医院店),中百罗森,114.36525978049634,30.89002330698445,8205642881,319230122,0.2,0.5
中百罗森(泛海城市广场V46公寓店),中百罗森,114.24882050344411,30.60338144674589,7217380433,1887828574,0.0,0.5
