name,lon,lat,address,category,brand,typecode,type_l1,type_l2,type_l3
沌口中心广场A栋B栋,114.178594,30.462248,万家湖路与沌口路交叉口南300米,商务写字楼,,120201,商务住宅,楼宇,商务写字楼
华茂商住楼,114.186138,30.462327,沌口路66号华茂品江,商务写字楼,,120201,商务住宅,楼宇,商务写字楼
综合楼,114.186329,30.455599,四五路与沌口新街交叉口西南60米,商务写字楼,,120201,商务住宅,楼宇,商务写字楼
银湖白沙洲企业城16栋,114.247721,30.458899,青菱湖北路白沙洲中小企业城,商务写字楼,,120201,商务住宅,楼宇,商务写字楼
银湖白沙洲企业城25栋,114.248344,30.458558,青菱湖北路白沙洲中小企业城,商务写字楼,,120201,商务住宅,楼宇,商务写字楼
白沙洲中小企业城23栋A座,114.248625,30.459275,青菱湖北路白沙洲中小企业城23栋,商务写字楼,,120201,商务住宅,楼宇,商务写字楼
武汉鲜加誉供应链行政楼,114.247631,30.456301,青菱河西路11号,商务写字楼,,120201,商务住宅,楼宇,商务写字楼
银湖企业城55栋,114.248994,30.455964,青菱河西路与建群一路交叉口北80米,商务写字楼,,120201,商务住宅,楼宇,商务写字楼
楚安科技大厦,114.251214,30.458625,青菱湖北路二号,商务写字楼,,120201,商务住宅,楼宇,商务写字楼
银湖中小企业城41栋B座,114.251075,30.457875,青菱湖北路白沙洲中小企业城,商务写字楼,,120201|120100,商务住宅,楼宇,商务写字楼
湖北炫娱文化传媒有限公司A座,114.251725,30.458725,湖北炫娱文化传媒有限公司,商务写字楼,,120201,商务住宅,楼宇,商务写字楼
季佳·里,114.24976,30.465835,建和·锦源江城还建小区19号楼,商务写字楼,,120201|060100|061100,商务住宅,楼宇,商务写字楼
楚安科技大厦C座,114.251925,30.459175,青菱湖北路二号楚安科技大厦,商务写字楼,,120201,商务住宅,楼宇,商务写字楼
青菱大厦,114.252716,30.459479,青菱河西路17号,商务写字楼,,120201,商务住宅,楼宇,商务写字楼
青菱街渔业村集团办公楼,114.256888,30.455592,青菱街渔业村集团,商务写字楼,,120201,商务住宅,楼宇,商务写字楼
国际贸易办公中心,114.261871,30.459823,丽水路与青菱寺西路交叉口东南100米,商务写字楼,,120201,商务住宅,楼宇,商务写字楼
武汉白沙洲农副产品大市场办公楼,114.262734,30.46307,青菱寺西路与湖淌二路交叉口北120米,商务写字楼,,120201,商务住宅,楼宇,商务写字楼
粮油大楼,114.263098,30.463981,张家湾特1号武汉白沙洲农副产品大市场,商务写字楼,,120201,商务住宅,楼宇,商务写字楼
合和大厦,114.278705,30.460334,和顺路与拓新路交叉口东240米,商务写字楼,,120201,商务住宅,楼宇,商务写字楼
洪山白沙科创大厦,114.287844,30.472829,光霞路与白沙四路交汇处(东南方向),商务写字楼,,120201,商务住宅,楼宇,商务写字楼
山王大厦,114.312415,30.452059,洪山街道李桥村,商务写字楼,,120201,商务住宅,楼宇,商务写字楼
融创智谷A16-5栋,114.318925,30.454075,文化大道555号融创智谷,商务写字楼,,120201,商务住宅,楼宇,商务写字楼
洪山人工智能大厦,114.320506,30.453792,文化大道555号(融科智谷)C2栋二单元,商务写字楼,,120201,商务住宅,楼宇,商务写字楼
融创智谷B栋,114.321325,30.454375,文化大道555号融创智谷,商务写字楼,,120201,商务住宅,楼宇,商务写字楼
洪山人工智能大厦C2栋,114.320525,30.453775,文化大道立交桥与文化大道交叉口西南320米,商务写字楼,,120201,商务住宅,楼宇,商务写字楼
融创智谷-A1栋广场平台,114.322325,30.455275,融创智谷A1栋,商务写字楼,,120201,商务住宅,楼宇,商务写字楼
融创智谷-C2,114.321475,30.454328,文化大道555号融创智谷,商务写字楼,,120201|120100,商务住宅,楼宇,商务写字楼
李桥创意大厦1号楼,114.319275,30.452875,文化大道与渔港路交叉口北260米,商务写字楼,,120201,商务住宅,楼宇,商务写字楼
软通智慧总部大楼,114.319304,30.452799,文化大道553号,商务写字楼,,120201,商务住宅,楼宇,商务写字楼
李桥创意大厦,114.319347,30.452488,文化大道与文化大道立交桥交叉口西1000米,商务写字楼,,120201,商务住宅,楼宇,商务写字楼
创意天地7号楼,114.320037,30.469273,野芷湖西路16号创意天地,商务写字楼,,120201|120100,商务住宅,楼宇,商务写字楼
创意天地08办公楼,114.32104,30.468912,野芷湖西路16号创意天地,商务写字楼,,120201,商务住宅,楼宇,商务写字楼
创意天地-09办公楼,114.322083,30.468764,野芷湖西路16号创意天地(马湖地铁站B口步行430米),商务写字楼,,120201,商务住宅,楼宇,商务写字楼
武汉创意天地-10号高层办公楼,114.322757,30.468528,野芷湖西路16号创意天地(马湖地铁站B口步行460米),商务写字楼,,120201,商务住宅,楼宇,商务写字楼
武汉创意天地C区,114.320072,30.470038,野芷湖西路16号创意天地,商务写字楼,,120201|120100,商务住宅,楼宇,商务写字楼
武汉创意天地B区-10号创意工坊,114.322609,30.46914,武汉创意天地B区(马湖地铁站B口步行430米),商务写字楼,,120201,商务住宅,楼宇,商务写字楼
李时珍科创园A座,114.32125,30.47015,仕雅路与野芷湖南路交叉口北180米,商务写字楼,,120100|120201,商务住宅,,
运转综合楼,114.327543,30.463938,珞狮南路46号野芷湖职工活动中心,商务写字楼,,120201,商务住宅,楼宇,商务写字楼
武汉创意天地B区,114.323173,30.469323,野芷湖西路16号创意天地(马湖地铁站B口步行320米),商务写字楼,,120201|120100,商务住宅,楼宇,商务写字楼
武汉创意天地D区,114.320353,30.471364,创意天地07创意工坊(马湖地铁站B口步行490米),商务写字楼,,120201,商务住宅,楼宇,商务写字楼
创意天地-06办公楼,114.319742,30.472009,野芷湖西路16号创意天地,商务写字楼,,120201,商务住宅,楼宇,商务写字楼
武汉游戏产业大厦,114.319814,30.472028,野芷湖西路16号创意天地5号楼,商务写字楼,,120201,商务住宅,楼宇,商务写字楼
工坊精臣大楼,114.320094,30.472069,风雅街与义北路交叉口东100米,商务写字楼,,120201,商务住宅,楼宇,商务写字楼
马湖商贸楼特1号,114.320849,30.471943,创意天地4号楼(马湖地铁站A口步行410米),商务写字楼,,120201,商务住宅,楼宇,商务写字楼
武汉创意天地D区-04号高层办公楼,114.320875,30.472075,武汉创意天地D区(马湖地铁站A口步行370米),商务写字楼,,120201,商务住宅,楼宇,商务写字楼
武汉创意天地-A区艺术家工作室,114.322586,30.471553,野芷湖西路16号创意天地(马湖地铁站A口步行260米),商务写字楼,,120201,商务住宅,楼宇,商务写字楼
创意天地07号办公楼,114.321425,30.472275,野芷湖西路38号,商务写字楼,,120201,商务住宅,楼宇,商务写字楼
马湖新村商贸楼,114.319191,30.472979,野芷湖西路马湖新村,商务写字楼,,120201,商务住宅,楼宇,商务写字楼
元宇宙中心,114.341275,30.461475,梧桐路与野芷湖南路交叉口西380米,商务写字楼,,120201,商务住宅,楼宇,商务写字楼
数字经济产业中心大楼,114.341631,30.461832,梧桐路与野芷湖南路交叉口西340米,商务写字楼,,120201,商务住宅,楼宇,商务写字楼
武汉创意天地A区,114.323377,30.471914,野芷湖西路16号创意天地(马湖地铁站A口步行180米),商务写字楼,,120201|120100,商务住宅,楼宇,商务写字楼
创意天地01办公楼,114.32342,30.472177,野芷湖西路16号创意天地(马湖地铁站A口步行120米),商务写字楼,,120201,商务住宅,楼宇,商务写字楼
天祥尚府一期3-2号商业楼,114.374225,30.455775,华师园路3号天祥尚府,商务写字楼,,120201,商务住宅,楼宇,商务写字楼
南湖社区周店综合楼,114.377625,30.464675,南湖周店社区,商务写字楼,,120201,商务住宅,楼宇,商务写字楼
光谷自由城B栋,114.381556,30.46704,水蓝路光谷自由城,商务写字楼,,120201,商务住宅,楼宇,商务写字楼
韵湖星光南区商业广场2号楼,114.381625,30.451775,汤逊湖北路与橡树路交叉口西140米,商务写字楼,,120201,商务住宅,楼宇,商务写字楼
中国铁建梧桐苑B1办公楼,114.384175,30.452475,中国铁建·梧桐苑,商务写字楼,,120201,商务住宅,楼宇,商务写字楼
武汉华中师大科技园发展有限公司办公楼,114.391225,30.458725,华师园路5号武汉华中师大科技园发展有限公司,商务写字楼,,120201,商务住宅,楼宇,商务写字楼
华师园创新2号楼,114.391238,30.458046,创新大楼2栋,商务写字楼,,120201,商务住宅,楼宇,商务写字楼
腾睿大厦B座,114.392409,30.458461,华师园北路与华师园一路交叉口西约100米,商务写字楼,,120201,商务住宅,楼宇,商务写字楼
腾睿大厦,114.392544,30.458298,关东街道东湖新技术开发区华师园北路6号,商务写字楼,,120201,商务住宅,楼宇,商务写字楼
腾睿大厦A座,114.39236,30.457944,华师园一路与华师园北路交叉口西南约120米,商务写字楼,,120201,商务住宅,楼宇,商务写字楼
腾睿大厦7栋,114.392425,30.457925,关东街道东湖新技术开发区华师园北路6号腾睿大厦,商务写字楼,,120201,商务住宅,楼宇,商务写字楼
博大光谷科技港9栋,114.398083,30.456014,华师园北路18号附17号光谷科技港,商务写字楼,,120201,商务住宅,楼宇,商务写字楼
知雅楼,114.391393,30.451485,汤逊湖北路8号东湖高新区国家大学科技园,商务写字楼,,120201,商务住宅,楼宇,商务写字楼
东湖新技术开发区华师园北路13号铁神科技大厦,114.399825,30.458425,华师园北路与大学园路辅路交叉口西北320米,商务写字楼,,120201,商务住宅,楼宇,商务写字楼
东湖高新区大学科技园知新楼,114.390721,30.451234,汤逊湖北路8号长城创新科技园1号知新楼,商务写字楼,,120201,商务住宅,楼宇,商务写字楼
东湖高新区国家大学科技园知源楼A座,114.392127,30.451403,东湖高新区大学科技园有限公司,商务写字楼,,120201,商务住宅,楼宇,商务写字楼
东湖高新区国家大学科技园-知源楼,114.392501,30.451324,汤逊湖北路8号东湖高新区国家大学科技园,商务写字楼,,120201,商务住宅,楼宇,商务写字楼
光谷科技港A栋,114.399775,30.456725,大学园路辅路与华师园北路交叉口西240米,商务写字楼,,120201,商务住宅,楼宇,商务写字楼
知美楼,114.391218,30.450909,汤逊湖北路武汉长城创新科技园3栋,商务写字楼,,120201,商务住宅,楼宇,商务写字楼
众诚鼎泰商务楼,114.390567,30.469179,水蓝路与民族大道交叉口西200米,商务写字楼,,120201,商务住宅,楼宇,商务写字楼
众诚鼎泰商务楼1栋,114.390475,30.469275,水蓝路与民族大道交叉口西200米,商务写字楼,,120201,商务住宅,楼宇,商务写字楼
创新中心2期,114.398425,30.454175,大学园路185号领航园5.5北斗创新基地,商务写字楼,,120201,商务住宅,楼宇,商务写字楼
健康科技综合大厦,114.397524,30.466898,茅店山西路8号天颐科技园,商务写字楼,,120201,商务住宅,楼宇,商务写字楼
知乐楼,114.390476,30.450408,长城园五路与长城园路交叉口东北150米,商务写字楼,,120201,商务住宅,楼宇,商务写字楼
知齐楼,114.391027,30.450407,江夏区经济开发区庙山办事处汤逊湖北路武汉长城创新科技园,商务写字楼,,120201,商务住宅,楼宇,商务写字楼
创星汇F栋,114.397825,30.466952,茅店山西路与茅店山中路交叉口东240米,商务写字楼,,120201,商务住宅,楼宇,商务写字楼
宇辰大厦,114.399964,30.454395,东湖高新技术开发区大学园路16号武汉宇辰,商务写字楼,,120201,商务住宅,楼宇,商务写字楼
宇辰大厦D栋,114.399975,30.454375,大学园路与华师园路交叉口北80米,商务写字楼,,120201,商务住宅,楼宇,商务写字楼
知静楼,114.390199,30.449671,汤逊湖北路8号东湖高新区国家大学科技园,商务写字楼,,120201,商务住宅,楼宇,商务写字楼
海容基孵化器B座,114.391975,30.449475,东湖高新技术开发区大学园路长城园3路8号武汉光谷精工科技园,商务写字楼,,120201,商务住宅,楼宇,商务写字楼
知业楼,114.387265,30.44946,民族大道323号,商务写字楼,,120201,商务住宅,楼宇,商务写字楼
东湖网谷9号楼A座,114.403375,30.463175,壹间·东湖网谷9号楼,商务写字楼,,120201,商务住宅,楼宇,商务写字楼
武汉市华科园一路现代SOHO楼,114.402365,30.454577,大学园路辅路与华工园三路交叉口东160米,商务写字楼,,120201,商务住宅,楼宇,商务写字楼
珍岛中心,114.403525,30.463225,三环线武钢高新技术产业园,商务写字楼,,120201,商务住宅,楼宇,商务写字楼
华工科技园现代服务业基地B座,114.402426,30.454142,现代服务基地1号研发楼,商务写字楼,,120201|120100,商务住宅,楼宇,商务写字楼
现代服务基地1号研发楼,114.402426,30.454142,华工园一路附近,商务写字楼,,120201,商务住宅,楼宇,商务写字楼
云链中心,114.400975,30.452275,大学园路15号附1号华中科技大学国家大学科技园,商务写字楼,,120201,商务住宅,楼宇,商务写字楼
华工科技园现代服务业基地A座,114.402466,30.454161,现代服务基地1号研发楼,商务写字楼,,120201,商务住宅,楼宇,商务写字楼
东湖网谷9号楼B座,114.403425,30.464025,东湖网谷,商务写字楼,,120201,商务住宅,楼宇,商务写字楼
徽商大厦(武大园路),114.403022,30.455052,武大园路武大科技园,商务写字楼,,120201,商务住宅,楼宇,商务写字楼
徽商大厦B座,114.402871,30.454706,大学园路2号,商务写字楼,,120201,商务住宅,楼宇,商务写字楼
江伟时代&高通空间,114.403125,30.464975,东湖网谷,商务写字楼,,120201,商务住宅,楼宇,商务写字楼
创业SOHO1栋,114.402725,30.454225,华工科技园创业SOHO,商务写字楼,,120201,商务住宅,楼宇,商务写字楼
徽商大厦A写字楼,114.403285,30.455244,东湖开发区武汉大学科技园武大园路8号宏业楼101室附近,商务写字楼,,120201,商务住宅,楼宇,商务写字楼
创业SOHO-B座,114.402611,30.453952,华工科技园创业SOHO,商务写字楼,,120201,商务住宅,楼宇,商务写字楼
华德莱工程咨询有限公司B座,114.402825,30.453975,华德莱工程咨询有限公司,商务写字楼,,120201,商务住宅,楼宇,商务写字楼
徽商大厦AB座,114.404078,30.455585,武大园路武大科技园徽商大厦,商务写字楼,,120201,商务住宅,楼宇,商务写字楼
海创电子办公楼1栋,114.402375,30.467575,茅店山东路与茅店山路交叉口东北60米,商务写字楼,,120201,商务住宅,楼宇,商务写字楼
科威晶激光大楼,114.392025,30.446875,长城园路与长城园二路交叉口东北120米,商务写字楼,,120201,商务住宅,楼宇,商务写字楼
大成空间B座,114.390975,30.446725,大成空间,商务写字楼,,120201,商务住宅,楼宇,商务写字楼
团结高新大楼,114.391425,30.446725,长城园路与长城园二路交叉口北80米,商务写字楼,,120201,商务住宅,楼宇,商务写字楼
激光大楼,114.402975,30.452675,华工科技激光产业园,商务写字楼,,120201,商务住宅,楼宇,商务写字楼
团结激光办公地B栋,114.391375,30.446625,光谷激光科技园,商务写字楼,,120201,商务住宅,楼宇,商务写字楼
巨成大厦A栋,114.40435,30.45475,武大园1路巨成大厦,商务写字楼,,120201,商务住宅,楼宇,商务写字楼
巨成大厦,114.404348,30.454729,武大园1路,商务写字楼,,120201,商务住宅,楼宇,商务写字楼
豪迈大厦1栋,114.407077,30.455597,豪迈大厦(武大园四路),商务写字楼,,120201,商务住宅,楼宇,商务写字楼
武汉大学科技园慧园楼,114.409456,30.457075,武大园东路11号,商务写字楼,,120201,商务住宅,楼宇,商务写字楼
豪迈大厦(武大园四路),114.407367,30.455601,武汉大学科技园兴业楼旁,商务写字楼,,120201,商务住宅,楼宇,商务写字楼
武大科技园兴业楼北楼,114.406385,30.455258,武汉大学科技园兴业楼,商务写字楼,,120201,商务住宅,楼宇,商务写字楼
航天恒星,114.408823,30.456245,武大园四路2-4号,商务写字楼,,120201|170200,商务住宅,楼宇,商务写字楼
豪迈大厦3栋研发楼,114.407947,30.455612,武汉大学科技园兴业楼旁,商务写字楼,,120201,商务住宅,楼宇,商务写字楼
豪迈大厦2栋,114.407272,30.455274,豪迈大厦(武大园四路),商务写字楼,,120201,商务住宅,楼宇,商务写字楼
武大科技园兴业楼,114.406346,30.454975,武大园一路与武大园路交叉口东120米,商务写字楼,,120201,商务住宅,楼宇,商务写字楼
武汉大学科技园慧业楼,114.410572,30.45787,光谷武大园一路,商务写字楼,,120201,商务住宅,楼宇,商务写字楼
国家地球空间信息产业基地二期北主楼,114.409219,30.456045,武大园东路与武大园四路交叉口东南20米,商务写字楼,,120201,商务住宅,楼宇,商务写字楼
武大科技园兴业楼南楼,114.406406,30.454671,武大园路与武大园一路交叉口东140米,商务写字楼,,120201,商务住宅,楼宇,商务写字楼
武大科技园创业楼,114.410632,30.457416,光谷武大园一路慧业楼附近,商务写字楼,,120201,商务住宅,楼宇,商务写字楼
武大科技园四路研究开发中心大楼,114.409325,30.455725,武汉大学国家大学科技园,商务写字楼,,120201,商务住宅,楼宇,商务写字楼
武大GEO办公大厦,114.406073,30.454335,东湖高新区武大科技园,商务写字楼,,120201,商务住宅,楼宇,商务写字楼
全明星D3空间,114.40681,30.465945,武汉东湖新技术开发区关山大道汽车电子产业园先锋生产基地办公楼1层06室,商务写字楼,,120201,商务住宅,楼宇,商务写字楼
国家地球空间信息产业基地A2栋,114.406506,30.45325,宏业楼,商务写字楼,,120201,商务住宅,楼宇,商务写字楼
武大航域二区樱花墅A7栋,114.410225,30.454801,武大航域2区樱花墅,商务写字楼,,120201,商务住宅,楼宇,商务写字楼
当代花园绿地,114.412266,30.463012,郑桥小路与关山大道立交桥交叉口东南60米,商务写字楼,,120302|120201,商务住宅,住宅区,住宅小区
武大航域二区樱花墅A5栋,114.410946,30.455176,武大航域2区,商务写字楼,,120201,商务住宅,楼宇,商务写字楼
武大航域二区樱花墅A6栋,114.410711,30.454967,武大航域2区樱花墅,商务写字楼,,120201,商务住宅,楼宇,商务写字楼
城花中心,114.413242,30.460211,武大园一路与郑桥小路交叉口西南60米,商务写字楼,,120201,商务住宅,楼宇,商务写字楼
中石化石油机械股份有限公司总部大楼,114.403516,30.450789,华工园二路 6 号中石化石油机械股份有限公司总部大楼,商务写字楼,,120201,商务住宅,楼宇,商务写字楼
当代光谷梦工场7栋,114.416733,30.465753,东湖新技术开发区关南园一路20号当代梦工场,商务写字楼,,120201,商务住宅,楼宇,商务写字楼
华中科技大学科技园本部大楼,114.400075,30.449025,华工园四路与华工园二路交叉口西160米,商务写字楼,,120201,商务住宅,楼宇,商务写字楼
华夏创业中心6号楼1楼104号-01室,114.417125,30.465725,三环线与服务区交叉口东北160米,商务写字楼,,120100|120201,商务住宅,,
尚德机构3号楼,114.416698,30.466362,东湖新技术开发区关南园一路20号当代梦工场,商务写字楼,,120201,商务住宅,楼宇,商务写字楼
武汉星之家6号楼A座,114.418999,30.461386,光谷大道与金融港一路交叉口西160米,商务写字楼,,120201,商务住宅,楼宇,商务写字楼
当代华夏创业中心,114.416625,30.466925,东湖新技术开发区关南园一路20号当代梦工场,商务写字楼,,120201,商务住宅,楼宇,商务写字楼
当代·光谷梦工场2号楼,114.416615,30.466944,东湖新技术开发区关南园一路20号当代梦工场,商务写字楼,,120201,商务住宅,楼宇,商务写字楼
当代梦工场,114.417198,30.466663,东湖新技术开发区关南园一路20号,商务写字楼,,120201,商务住宅,楼宇,商务写字楼
博雅楼A栋,114.413164,30.470299,关南园一路10号博雅楼,商务写字楼,,120201,商务住宅,楼宇,商务写字楼
当代·光谷梦工场1号楼,114.416669,30.46753,东湖新技术开发区关南园一路20号当代梦工场,商务写字楼,,120201,商务住宅,楼宇,商务写字楼
力源信息大厦,114.417133,30.452978,天虹路与武大园三路交叉口北80米,商务写字楼,,120201,商务住宅,楼宇,商务写字楼
关东街道九龙云天信息科技有限公司4栋C座,114.419625,30.461325,新技术开发区光谷大道112号当代国际花园,商务写字楼,,120201,商务住宅,楼宇,商务写字楼
当代中心,114.419767,30.460337,光谷大道与金融港二路交叉口西北160米,商务写字楼,,120201,商务住宅,楼宇,商务写字楼
当代国际总部基地,114.419776,30.460524,东湖新技术开发区光谷大道112号,商务写字楼,,120201,商务住宅,楼宇,商务写字楼
万企利·yi空间,114.419608,30.463337,当代国际花园总部基地5号楼,商务写字楼,,120201,商务住宅,楼宇,商务写字楼
万企利科创中心A栋,114.419732,30.463036,光谷大道与金融港一路交叉口西北140米,商务写字楼,,120201,商务住宅,楼宇,商务写字楼
现代·森林小镇金融SOHO,114.419805,30.456317,光谷大道120号西北方向60米,商务写字楼,,120201,商务住宅,楼宇,商务写字楼
金融港A座,114.420625,30.462025,光谷大道与金融港一路交叉口东北20米,商务写字楼,,120201,商务住宅,楼宇,商务写字楼
泰康人寿大厦,114.421528,30.4571,光谷大道77号光谷金融港A1栋,商务写字楼,,120201,商务住宅,楼宇,商务写字楼
光谷金融港泰康大厦(A1栋),114.421527,30.456924,金融港三路与光谷大道辅路交叉口东北80米,商务写字楼,,120201,商务住宅,楼宇,商务写字楼
百利科技大楼,114.420891,30.456487,金融港三路与光谷大道交叉口东20米,商务写字楼,,120201,商务住宅,楼宇,商务写字楼
捷信大厦,114.422644,30.456888,光谷金融港A区,商务写字楼,,120201,商务住宅,楼宇,商务写字楼
现代·森林小镇A座,114.420086,30.456058,高新开发区光谷大道120号现代森林小镇A栋附近,商务写字楼,,120201,商务住宅,楼宇,商务写字楼
OVU创客星,114.421631,30.456155,东湖高新技术开发区光谷大道77号光谷金融港B14栋1、10层,商务写字楼,,120201,商务住宅,楼宇,商务写字楼
纳杰中心B栋,114.424509,30.458048,光谷纳杰中心,商务写字楼,,120201,商务住宅,楼宇,商务写字楼
博彦大厦,114.423661,30.456968,光谷金融港A区,商务写字楼,,120201,商务住宅,楼宇,商务写字楼
光谷大道77号金融港1期,114.423375,30.456725,光谷金融港A区,商务写字楼,,120201,商务住宅,楼宇,商务写字楼
NJ中心,114.424848,30.458619,光谷大道77号光谷金融港,商务写字楼,,120201,商务住宅,楼宇,商务写字楼
纳杰中心C栋,114.424516,30.457942,光谷纳杰中心,商务写字楼,,120201,商务住宅,楼宇,商务写字楼
长江证券光谷大厦,114.422625,30.456214,光谷金融港A区,商务写字楼,,120201,商务住宅,楼宇,商务写字楼
易创谷科技大厦C座,114.42485,30.45815,易创谷科技大厦,商务写字楼,,120201,商务住宅,楼宇,商务写字楼
易创谷科技大厦B栋,114.424769,30.457875,易创谷科技大厦,商务写字楼,,120201,商务住宅,楼宇,商务写字楼
易创谷科技大厦,114.424878,30.457893,光谷大道77号光谷金融港,商务写字楼,,120201,商务住宅,楼宇,商务写字楼
易创谷科技大厦美宜佳,114.42504,30.457977,易创谷科技大厦,商务写字楼,,120201,商务住宅,楼宇,商务写字楼
光谷纳杰中心,114.425385,30.458664,光谷大道金融港二路18号光谷纳杰中心,商务写字楼,,120201,商务住宅,楼宇,商务写字楼
纳杰中心A栋,114.425674,30.458588,光谷纳杰中心,商务写字楼,,120201,商务住宅,楼宇,商务写字楼
湖北万潮大楼,114.424575,30.463425,东湖新技术开发区金融港一路7号光谷智慧园,商务写字楼,,120201,商务住宅,楼宇,商务写字楼
光谷智慧园13号研发楼,114.424708,30.463392,东湖新技术开发区金融港一路7号光谷智慧园,商务写字楼,,120201,商务住宅,楼宇,商务写字楼
珞喻科技大厦,114.425735,30.458037,金融港二路与金融港中路交汇处东南180米,商务写字楼,,120201,商务住宅,楼宇,商务写字楼
风行大楼,114.425475,30.462475,金融港一路与金融港中路交叉口东北140米,商务写字楼,,120201,商务住宅,楼宇,商务写字楼
光谷智慧园13A号研发楼,114.425043,30.463146,港一路与金融港中路交叉口东北约160米,商务写字楼,,120201,商务住宅,楼宇,商务写字楼
光谷智慧园15号研发楼,114.425299,30.462865,东湖新技术开发区金融港一路7号光谷智慧园,商务写字楼,,120201,商务住宅,楼宇,商务写字楼
光谷智慧园17号研发楼,114.425547,30.462558,东湖新技术开发区金融港一路7号光谷智慧园,商务写字楼,,120201,商务住宅,楼宇,商务写字楼
光谷智慧园27号研发楼,114.424143,30.464087,东湖新技术开发区金融港一路7号光谷智慧园,商务写字楼,,120201,商务住宅,楼宇,商务写字楼
永兴元大厦,114.425781,30.457446,光谷金融港B2号楼,商务写字楼,,120201,商务住宅,楼宇,商务写字楼
光谷金融港A号楼,114.424075,30.455625,光谷金融港A区,商务写字楼,,120201,商务住宅,楼宇,商务写字楼
公共采购大厦,114.425087,30.45633,金融港中路B4号CPP中采大厦,商务写字楼,,120201,商务住宅,楼宇,商务写字楼
CPP中采大厦,114.425208,30.456319,金融港中路B4号,商务写字楼,,120201,商务住宅,楼宇,商务写字楼
CPP中采大厦6栋,114.425225,30.456325,金融港中路B4号CPP中采大厦,商务写字楼,,120201,商务住宅,楼宇,商务写字楼
光谷智慧园23A号研发楼,114.425647,30.463231,东湖新技术开发区金融港一路7号光谷智慧园23栋,商务写字楼,,120201,商务住宅,楼宇,商务写字楼
光谷智慧园25号研发楼,114.425246,30.463728,东湖新技术开发区金融港一路7号光谷智慧园,商务写字楼,,120201,商务住宅,楼宇,商务写字楼
光谷智慧园22号研发楼,114.4259,30.462942,东湖新技术开发区金融港一路7号光谷智慧园,商务写字楼,,120201,商务住宅,楼宇,商务写字楼
NJ中心,114.427736,30.457585,光谷大道77号光谷金融港,商务写字楼,,120201,商务住宅,楼宇,商务写字楼
鼎和保险大厦,114.427579,30.457223,金融港三路与金融港路交叉口西140米,商务写字楼,,120201,商务住宅,楼宇,商务写字楼
无忧大楼,114.425321,30.454446,光谷大道77号光谷金融港,商务写字楼,,120201,商务住宅,楼宇,商务写字楼
光谷鼎创国际,114.422326,30.467025,光谷大道与黄龙山南路交叉口,商务写字楼,,120201,商务住宅,楼宇,商务写字楼
光谷光电信息产业创新创业基地,114.422273,30.467052,光谷鼎创国际,商务写字楼,,120201,商务住宅,楼宇,商务写字楼
施耐德大厦,114.426719,30.455193,光谷大道77号,商务写字楼,,120201,商务住宅,楼宇,商务写字楼
光谷鼎创国际1栋,114.421502,30.467453,黄龙山南路与光谷大道交叉口东南120米,商务写字楼,,120201,商务住宅,楼宇,商务写字楼
光谷鼎创国际C区,114.421625,30.467525,黄龙山南路与光谷大道交叉口东140米,商务写字楼,,120100|120201,商务住宅,,
九江银行大厦,114.426777,30.454629,金融港四路与金融港中路交叉口东北220米,商务写字楼,,120201,商务住宅,楼宇,商务写字楼
中国太平大厦24栋,114.429148,30.455995,金融港路与金融港三路交叉口南140米,商务写字楼,,120201,商务住宅,楼宇,商务写字楼
中国太平大厦,114.42917,30.455709,光谷大道77号光谷金融港,商务写字楼,,120201,商务住宅,楼宇,商务写字楼
化工大楼,114.429925,30.464275,光谷大道立交桥与三环线交叉口东南140米,商务写字楼,,120201,商务住宅,楼宇,商务写字楼
金融港广场B27栋,114.429687,30.454764,金融港路与金融港四路交叉口西北120米,商务写字楼,,120201,商务住宅,楼宇,商务写字楼
金融港广场1栋,114.429544,30.454382,金融港四路与金融港路交叉口西北100米,商务写字楼,,120201,商务住宅,楼宇,商务写字楼
武汉东湖新技术开发区佛奥俊贤雅居1期2号综合楼,114.430625,30.454325,金融港四路19号佛奥·俊贤雅居,商务写字楼,,120201,商务住宅,楼宇,商务写字楼
武汉锦润文化传媒有限公司,114.421027,30.47088,光谷大道41号光谷现代世贸中心I栋605室,商务写字楼,,120201,商务住宅,楼宇,商务写字楼
现代国际设计城三期10号研发楼,114.421525,30.470875,现代·国际设计城3期,商务写字楼,,120201,商务住宅,楼宇,商务写字楼
现代国际设计城3期G座,114.421425,30.471425,现代·国际设计城3期,商务写字楼,,120201,商务住宅,楼宇,商务写字楼
烽火科技集团大厦五号楼,114.424275,30.448825,光谷高新四路6号烽火科技集团大厦,商务写字楼,,120201,商务住宅,楼宇,商务写字楼
烽火科技集团大厦,114.424287,30.448802,光谷高新四路6号,商务写字楼,,120201,商务住宅,楼宇,商务写字楼
烽火科技集团大厦4号楼,114.424263,30.448795,光谷高新四路6号烽火科技集团大厦,商务写字楼,,120201,商务住宅,楼宇,商务写字楼
光谷汇金中心8G号楼,114.432007,30.453919,金融港四路18号光谷汇金中心,商务写字楼,,120201,商务住宅,楼宇,商务写字楼
现代光谷世贸中心1栋,114.422564,30.471879,东湖新技术开发区光谷大道70号现代·光谷世贸中心,商务写字楼,,120201,商务住宅,楼宇,商务写字楼
楚通大楼,114.431891,30.453587,金融港四路18号光谷汇金中心,商务写字楼,,120201,商务住宅,楼宇,商务写字楼
泰塑商网楼,114.433225,30.455875,金融港一路22号泰塑学生公寓,商务写字楼,,120201,商务住宅,楼宇,商务写字楼
精伦电子股份有限公司办公楼,114.420086,30.472124,光谷大道与关南园路交叉口南180米,商务写字楼,,120201,商务住宅,楼宇,商务写字楼
现代·光谷世贸中心,114.421426,30.472087,东湖新技术开发区光谷大道70号,商务写字楼,,120201,商务住宅,楼宇,商务写字楼
光谷汇金中心2号楼B座,114.43216,30.453809,金融港四路与金融港路交叉口东160米,商务写字楼,,120201,商务住宅,楼宇,商务写字楼
光谷汇金中心1期,114.433025,30.454825,金融港四路18号光谷汇金中心,商务写字楼,,120201,商务住宅,楼宇,商务写字楼
光谷汇金中心5B栋,114.433075,30.454725,金融港四路18号光谷汇金中心,商务写字楼,,120201,商务住宅,楼宇,商务写字楼
汇金中心5栋,114.432225,30.453325,金融港四路18号光谷汇金中心,商务写字楼,,120201,商务住宅,楼宇,商务写字楼
光谷汇金中心12C栋,114.432275,30.453275,金融港四路18号光谷汇金中心,商务写字楼,,120201,商务住宅,楼宇,商务写字楼
九江银行武汉研发中心办公楼,114.432091,30.45303,金融港四路与金融港路交叉口东南180米,商务写字楼,,120201,商务住宅,楼宇,商务写字楼
光谷汇金中心2C栋,114.431178,30.451778,金融港路与高新四路辅路交叉口北120米,商务写字楼,,120201,商务住宅,楼宇,商务写字楼
光谷汇金中心,114.431834,30.452477,金融港四路18号,商务写字楼,,120201,商务住宅,楼宇,商务写字楼
光谷汇金中心9号楼A栋,114.431828,30.452457,金融港四路18号光谷汇金中心,商务写字楼,,120201,商务住宅,楼宇,商务写字楼
亿盛大厦,114.424675,30.472225,关南西路35号东港科技产业园,商务写字楼,,120201,商务住宅,楼宇,商务写字楼
光谷汇金中心7C号楼,114.432461,30.45278,东湖新技术开发区金融港四路18号光谷汇金中心,商务写字楼,,120201,商务住宅,楼宇,商务写字楼
武汉东港大厦,114.425075,30.472525,关南西路35号东港科技产业园,商务写字楼,,120201,商务住宅,楼宇,商务写字楼
光谷汇金中心9号楼H栋,114.432625,30.452275,光谷汇金中心2期,商务写字楼,,120201,商务住宅,楼宇,商务写字楼
慕天大楼,114.190538,30.479321,沌阳大道与江城大道交叉口西北140米,商务写字楼,,120201,商务住宅,楼宇,商务写字楼
武汉经济技术开发区江城大道538号20MA地块E栋综合楼,114.189425,30.481475,江城大道与滨湖西路交叉口西320米,商务写字楼,,120201,商务住宅,楼宇,商务写字楼
跃创科技1号楼,114.16937,30.482959,沌口街道武汉市经济技术开发区沌阳大道339号东风汽车集团跃创科技启新热系统,商务写字楼,,120201,商务住宅,楼宇,商务写字楼
中国电子云研发基地A栋,114.19545,30.476515,沌阳大道与万家湖中路交叉口西南60米,商务写字楼,,120201,商务住宅,楼宇,商务写字楼
数字经济创新中心B座,114.195725,30.476175,沌阳大道381号中国电子云研发基地,商务写字楼,,120201,商务住宅,楼宇,商务写字楼
中国电子云研发基地B栋,114.195725,30.476175,中国电子云研发基地,商务写字楼,,120201,商务住宅,楼宇,商务写字楼
三川国际大厦,114.194009,30.482776,经济技术开发区江城大道505号,商务写字楼,,120201,商务住宅,楼宇,商务写字楼
星河数智大厦,114.193584,30.482864,经济技术开发区江城大道与滨湖西路交叉口东150米,商务写字楼,,120201,商务住宅,楼宇,商务写字楼
武桥重工大楼,114.216425,30.473825,沌口路777号武桥重工集团股份有限公司,商务写字楼,,120201,商务住宅,楼宇,商务写字楼
驰远商务中心A座,114.218562,30.474515,沌口路487号驰远商务中心,商务写字楼,,120201,商务住宅,楼宇,商务写字楼
商汇综合楼B栋,114.219353,30.474597,沌口街长江路459号商汇融合创新产业园内商汇综合楼,商务写字楼,,120201,商务住宅,楼宇,商务写字楼
商汇综合楼C栋,114.219875,30.475125,沌口街长江路459号商汇融合创新产业园内商汇综合楼,商务写字楼,,120201,商务住宅,楼宇,商务写字楼
商汇综合楼,114.221195,30.474998,沌口街长江路459号商汇融合创新产业园内,商务写字楼,,120201,商务住宅,楼宇,商务写字楼
武汉地铁6号线车辆段综合楼,114.218672,30.481639,,商务写字楼,,120201,商务住宅,楼宇,商务写字楼
平鄂港办公楼,114.230382,30.487327,沌口路1997号,商务写字楼,,120201,商务住宅,楼宇,商务写字楼
万科金色城市16地块2号办公楼,114.259925,30.483875,白沙五路特1号万科金色城市3期,商务写字楼,,120201,商务住宅,楼宇,商务写字楼
万科长征村K3地块2号商业楼,114.266475,30.477575,南市路与白沙五路交叉口北20米,商务写字楼,,120201,商务住宅,楼宇,商务写字楼
万科金色城市16地块1号办公楼,114.260475,30.484125,白沙五路特1号万科金色城市3期,商务写字楼,,120201,商务住宅,楼宇,商务写字楼
万科金色城市2号办公楼,114.267375,30.478225,白沙五路7号万科金色城市锦绣苑,商务写字楼,,120201,商务住宅,楼宇,商务写字楼
飞成大厦,114.271386,30.474038,白沙洲大道46号,商务写字楼,,120201,商务住宅,楼宇,商务写字楼
长宏广场,114.277468,30.481295,百安路南国都市,商务写字楼,,120201,商务住宅,楼宇,商务写字楼
VIVILAN楼,114.275425,30.483025,白沙洲大道187号洪山万科广场ViviLand,商务写字楼,,120201,商务住宅,楼宇,商务写字楼
洪山万科广场B楼,114.275265,30.483158,白沙洲大道187号洪山万科广场ViviLand,商务写字楼,,120201,商务住宅,楼宇,商务写字楼
洪山万科广场L楼,114.272936,30.484162,南市路与白沙二路交叉口西160米,商务写字楼,,120201,商务住宅,楼宇,商务写字楼
世茂中心(建设中),114.280111,30.476873,"白沙三路以南,白沙西路以东",商务写字楼,,120201,商务住宅,楼宇,商务写字楼
龙湖光耀中心B馆,114.287825,30.478675,光霞路与菱月路交叉口东南120米,商务写字楼,,120201,商务住宅,楼宇,商务写字楼
卓悦楼,114.290104,30.474181,光霞东路与白沙四路交叉口西北100米,商务写字楼,,120201,商务住宅,楼宇,商务写字楼
乐友(龙湖武汉白沙天街B馆店),114.288378,30.47922,白沙洲龙湖天街B馆龙湖武汉白沙天街B馆1楼,商务写字楼,,120201,商务住宅,楼宇,商务写字楼
科创中心,114.290887,30.476001,龙湖三千城光曜(光霞地铁站F口步行280米),商务写字楼,,120201,商务住宅,楼宇,商务写字楼
光耀天街A馆,114.290525,30.477625,白沙三路与光霞东路交叉口东南20米,商务写字楼,,120201,商务住宅,楼宇,商务写字楼
光耀烽胜路天街,114.292375,30.477025,烽胜路与白沙三路交叉口西南100米,商务写字楼,,120201,商务住宅,楼宇,商务写字楼
湖北农发科研大楼,114.293914,30.484403,烽胜路35号,商务写字楼,,120201,商务住宅,楼宇,商务写字楼
武南二场信号楼,114.303059,30.480044,烽火路与菱月路交叉口东400米,商务写字楼,,120201,商务住宅,楼宇,商务写字楼
湖北工业大学创新创业中心A座,114.306381,30.481723,南李路28号湖北工业大学,商务写字楼,,120201,商务住宅,楼宇,商务写字楼
原光源新办公大楼,114.294875,30.485525,白沙一路与烽胜路交叉口东180米,商务写字楼,,120201,商务住宅,楼宇,商务写字楼
太阳能大楼,114.310447,30.484437,梧桐大道与北苑一路交叉口西南120米,商务写字楼,,120201,商务住宅,楼宇,商务写字楼
武汉创意天地A区-02号高层办公楼,114.322527,30.472045,武汉创意天地A区(马湖地铁站A口步行210米),商务写字楼,,120201,商务住宅,楼宇,商务写字楼
武汉数字证书认证中心有限公司,114.322825,30.472041,野芷湖西路16号创意天地(马湖地铁站A口步行170米),商务写字楼,,120201,商务住宅,楼宇,商务写字楼
已湖商贸楼,114.324875,30.474075,野芷湖西路与马湖一路交叉口西南80米,商务写字楼,,120201,商务住宅,楼宇,商务写字楼
广寰商贸楼,114.325175,30.474425,马湖一路与野芷湖西路交叉口西南40米,商务写字楼,,120201,商务住宅,楼宇,商务写字楼
NOVONEST,114.322049,30.481459,南湖大道8号(省农科院地铁站B口步行490米),商务写字楼,,120201|170200,商务住宅,楼宇,商务写字楼
畜牧所生物楼,114.325225,30.484025,狮子山街南湖大道29号湖北省农业科学院,商务写字楼,,120201,商务住宅,楼宇,商务写字楼
拉德芳斯乐活中心J栋,114.314525,30.488125,楚祥大道与杨泗港快速路辅路交叉口东北60米,商务写字楼,,120201,商务住宅,楼宇,商务写字楼
豪信大厦,114.314888,30.488135,南李路27拉德斯G栋,商务写字楼,,120201,商务住宅,楼宇,商务写字楼
南湖城市大厦2栋,114.337569,30.479492,南湖大道南湖城市大厦,商务写字楼,,120201,商务住宅,楼宇,商务写字楼
城管大楼,114.337548,30.479605,南湖大道南湖城市大厦,商务写字楼,,120201,商务住宅,楼宇,商务写字楼
南湖城市大厦,114.337548,30.479605,南湖大道,商务写字楼,,120201,商务住宅,楼宇,商务写字楼
南湖城市大厦52号,114.337725,30.479725,南湖大道南湖城市大厦,商务写字楼,,120201,商务住宅,楼宇,商务写字楼
湖北农业科技楼,114.338449,30.480801,珞狮路312号,商务写字楼,,120201,商务住宅,楼宇,商务写字楼
律师楼,114.33931,30.48422,省植保站警务室南侧,商务写字楼,,120201,商务住宅,楼宇,商务写字楼
澳新创业中心E,114.338567,30.484923,澳新创业中心,商务写字楼,,120201|170200,商务住宅,楼宇,商务写字楼
澳新学院写字楼,114.338522,30.485012,金华小路与珞狮路辅路交叉口西北60米,商务写字楼,,120201,商务住宅,楼宇,商务写字楼
湖北省农业检测大楼,114.344075,30.479025,南湖大道58号湖北省农产品质量安全检测中心,商务写字楼,,120201,商务住宅,楼宇,商务写字楼
澳新创业中心A座,114.336981,30.486548,杨泗港快速路辅路与珞狮路辅路交叉口西180米,商务写字楼,,120201,商务住宅,楼宇,商务写字楼
产业西楼,114.349525,30.475625,南湖路与梧桐路交叉口西120米,商务写字楼,,120201,商务住宅,楼宇,商务写字楼
揽胜公园写字楼,114.345975,30.480525,揽胜汇,商务写字楼,,120201,商务住宅,楼宇,商务写字楼
武汉东湖新技术开发区政院小区星宇大楼,114.384325,30.475025,南湖大道136号政院小区,商务写字楼,,120201,商务住宅,楼宇,商务写字楼
民族大道知业楼,114.385754,30.474452,东湖高新技术开发区南湖大道182号中南财经政法大学南湖校区,商务写字楼,,120201,商务住宅,楼宇,商务写字楼
南湖时尚城K4B,114.386275,30.477975,南湖大道116号光谷时尚城,商务写字楼,,120201,商务住宅,楼宇,商务写字楼
南湖时尚城K4A,114.386625,30.478275,南湖大道116号光谷时尚城,商务写字楼,,120201,商务住宅,楼宇,商务写字楼
川岚商业大厦,114.387722,30.478712,东湖新技术开发区南湖大道116号南湖时尚城K5栋,商务写字楼,,120201,商务住宅,楼宇,商务写字楼
东林外庐池渊庭东林外庐(11栋501),114.39633,30.474024,东林外庐池渊庭,商务写字楼,,120201,商务住宅,楼宇,商务写字楼
东林外庐池渊庭D座,114.39633,30.474024,光谷民族大道东林外庐,商务写字楼,,120201,商务住宅,楼宇,商务写字楼
曙光商贸城A座,114.396092,30.481494,民族大道与南湖大道交叉口北200米,商务写字楼,,120201,商务住宅,楼宇,商务写字楼
银联商务大厦,114.402197,30.475955,东湖新技术开发区软件园中路E城E3栋,商务写字楼,,120201,商务住宅,楼宇,商务写字楼
APP广场D座,114.400675,30.480975,关山大道150号光谷APP广场,商务写字楼,,120201,商务住宅,楼宇,商务写字楼
南湖大道光谷app广场C座,114.401025,30.481225,关山大道150号光谷APP广场,商务写字楼,,120201,商务住宅,楼宇,商务写字楼
交通银行大楼,114.403287,30.474296,光谷软件园c7栋,商务写字楼,,120201,商务住宅,楼宇,商务写字楼
光谷APP广场,114.401568,30.480796,关山大道150号,商务写字楼,,120201,商务住宅,楼宇,商务写字楼
光谷软件园技术中心大楼,114.403627,30.476467,软件园路9号光谷软件园,商务写字楼,,120201,商务住宅,楼宇,商务写字楼
光谷APP广场2号楼,114.401924,30.481331,关山大道150号光谷APP广场,商务写字楼,,120201,商务住宅,楼宇,商务写字楼
光谷软件园D8栋F座,114.404489,30.477498,东湖新技术开发区光谷软件园d8栋f座,商务写字楼,,120201,商务住宅,楼宇,商务写字楼
APP广场D区,114.402825,30.481375,关山大道150号光谷APP广场,商务写字楼,,120201,商务住宅,楼宇,商务写字楼
恒隆大楼D,114.405025,30.478075,光谷软件园D区,商务写字楼,,120201,商务住宅,楼宇,商务写字楼
企业公馆,114.406275,30.475475,光谷软件园B2,商务写字楼,,120201,商务住宅,楼宇,商务写字楼
2017东湖创客汇,114.408147,30.474107,软件园路9号光谷软件园,商务写字楼,,120201|120100,商务住宅,楼宇,商务写字楼
OVU创客星D栋,114.408322,30.475611,软件园路9号光谷软件园,商务写字楼,,120201,商务住宅,楼宇,商务写字楼
光谷软件园招商银行大楼,114.40855,30.474633,东湖新技术开发区软件园路11号光谷软件园A6栋(关山大道关南小区公交站对面),商务写字楼,,120201,商务住宅,楼宇,商务写字楼
安盛大厦,114.408125,30.477425,软件园路光谷软件园F区6栋,商务写字楼,,120201,商务住宅,楼宇,商务写字楼
武银光谷大厦,114.408939,30.477706,光谷软件园F区,商务写字楼,,120201,商务住宅,楼宇,商务写字楼
光谷天地1F层,114.410375,30.475325,软件园路与关山大道交叉口东北180米,商务写字楼,,120201,商务住宅,楼宇,商务写字楼
光谷天地F2区,114.410275,30.476175,关山大道519号光谷天地,商务写字楼,,120201,商务住宅,楼宇,商务写字楼
海康威视大厦,114.408831,30.478343,光谷软件园F区,商务写字楼,,120201,商务住宅,楼宇,商务写字楼
光谷天地F3区,114.410725,30.475775,关山大道519号光谷天地,商务写字楼,,120201,商务住宅,楼宇,商务写字楼
软件园广场,114.408979,30.478651,关山大道特1号光谷软件园内,商务写字楼,,120201,商务住宅,楼宇,商务写字楼
软件园广场1栋,114.40895,30.47885,关山大道特1号光谷软件园内软件园广场,商务写字楼,,120201,商务住宅,楼宇,商务写字楼
光谷软件产业园4.1期B区,114.40913,30.479049,软件园路9号光谷软件园,商务写字楼,,120201,商务住宅,楼宇,商务写字楼
中建福地中心,114.411125,30.473325,关南园路与关南园一路交叉口西100米,商务写字楼,,120201,商务住宅,楼宇,商务写字楼
中国移动通信枢纽大楼,114.408448,30.479794,关山大道大彭村口,商务写字楼,,120201,商务住宅,楼宇,商务写字楼
光谷新发展国际中心B座,114.410997,30.4799,关山大道473号,商务写字楼,,120201,商务住宅,楼宇,商务写字楼
企业天地,114.410975,30.479925,南湖大道与坐标西路交叉口西北100米,商务写字楼,,120201,商务住宅,楼宇,商务写字楼
光谷新发展国际中心,114.411176,30.480438,关山大道473号,商务写字楼,,120201,商务住宅,楼宇,商务写字楼
光谷新发展国际中心A座,114.411137,30.480937,关山大道473号,商务写字楼,,120201,商务住宅,楼宇,商务写字楼
光谷新发展国际中心项目裙楼,114.411625,30.480575,关山大道473号光谷新发展国际中心,商务写字楼,,120201,商务住宅,楼宇,商务写字楼
中建大公馆C座,114.407396,30.483337,中建大公馆四期,商务写字楼,,120201,商务住宅,楼宇,商务写字楼
融科天域TC,114.411725,30.482025,关山大道471号融科天域,商务写字楼,,120201,商务住宅,楼宇,商务写字楼
金地·格林东郡B座,114.404751,30.484275,金地·格林东郡,商务写字楼,,120201,商务住宅,楼宇,商务写字楼
光谷创意大厦C座,114.41114,30.482662,凌华路与关山大道辅路交叉口东60米,商务写字楼,,120201,商务住宅,楼宇,商务写字楼
光谷创意大厦C座三号楼,114.411125,30.482675,凌华路与关山大道辅路交叉口东60米,商务写字楼,,120201,商务住宅,楼宇,商务写字楼
光谷创意基地,114.41152,30.482634,关山大道20号,商务写字楼,,120201|120100,商务住宅,楼宇,商务写字楼
两点十分动漫B座,114.411025,30.483225,光谷创意大厦,商务写字楼,,120201,商务住宅,楼宇,商务写字楼
曙光广场一期B座B1-02号铺,114.411175,30.483275,关山大道辅路与凌华路交叉口东北120米,商务写字楼,,120201,商务住宅,楼宇,商务写字楼
曙光广场一期培训楼,114.411175,30.483275,光谷创意大厦,商务写字楼,,120201,商务住宅,楼宇,商务写字楼
光谷创意大厦,114.411083,30.483392,关山大道465号中国光谷创意产业基地,商务写字楼,,120201,商务住宅,楼宇,商务写字楼
金地格林东郡商业广场,114.408402,30.484639,金地·格林东郡,商务写字楼,,120201,商务住宅,楼宇,商务写字楼
红枫金座住宅楼,114.408707,30.484652,光谷关山大道,商务写字楼,,120201,商务住宅,楼宇,商务写字楼
红枫金座,114.409152,30.484603,关山大道与纺织路交汇处西100米,商务写字楼,,120201|120300,商务住宅,楼宇,商务写字楼
维龙商务中心,114.409477,30.484505,关山大道与纺织路交汇处西100米,商务写字楼,,120201,商务住宅,楼宇,商务写字楼
创意大厦北区,114.411125,30.484025,关山大道创意大厦,商务写字楼,,120201,商务住宅,楼宇,商务写字楼
中国光谷创业产业基地A座,114.411124,30.484036,光谷创意大厦,商务写字楼,,120201,商务住宅,楼宇,商务写字楼
曙光广场1期B座,114.411352,30.484094,关山大道辅路与东逸大道交叉口东南80米,商务写字楼,,120201,商务住宅,楼宇,商务写字楼
光谷总部国际1栋,114.417239,30.479087,光谷大道光谷总部国际,商务写字楼,,120201,商务住宅,楼宇,商务写字楼
光谷总部国际3栋,114.417509,30.480512,关谷大道62号光谷总部国际,商务写字楼,,120201,商务住宅,楼宇,商务写字楼
光谷总部国际4栋,114.417581,30.481166,光谷总部国际时代4栋,商务写字楼,,120201,商务住宅,楼宇,商务写字楼
MMC中心,114.403825,30.487625,雄庄路4-27号曙光星城B区,商务写字楼,,120201,商务住宅,楼宇,商务写字楼
翎晖商务,114.419143,30.480519,高新二路与关中路交叉口北240米,商务写字楼,,120201,商务住宅,楼宇,商务写字楼
现代光谷世贸中心B栋,114.421375,30.473575,东湖新技术开发区光谷大道70号现代·光谷世贸中心,商务写字楼,,120201,商务住宅,楼宇,商务写字楼
武汉江夏区曙光在线教育C座,114.422125,30.473525,东湖新技术开发区光谷大道70号现代·光谷世贸中心,商务写字楼,,120201,商务住宅,楼宇,商务写字楼
云计算唐山大厦1号楼座,114.421158,30.477237,唐山大厦1号楼,商务写字楼,,120201,商务住宅,楼宇,商务写字楼
中国光谷云计算海外高新企业孵化中心2号楼,114.421448,30.477436,光谷大道与高新二路交叉口东南80米,商务写字楼,,120201,商务住宅,楼宇,商务写字楼
中国光谷云计算海外高新企业孵化中心,114.421597,30.477441,高新二路与光谷大道交叉口东南80米,商务写字楼,,120201,商务住宅,楼宇,商务写字楼
楚源高科大厦,114.421489,30.477583,高新二路22号,商务写字楼,,120201,商务住宅,楼宇,商务写字楼
万企利科创中心B栋,114.423285,30.476282,南湖大道81号万企利科创中心,商务写字楼,,120201,商务住宅,楼宇,商务写字楼
万企利科创中心2号楼,114.423476,30.476642,高新二路26号马应龙医药产业园,商务写字楼,,120201,商务住宅,楼宇,商务写字楼
万企利科创中心-1号楼,114.423458,30.477313,南湖大道81号万企利科创中心,商务写字楼,,120201,商务住宅,楼宇,商务写字楼
光谷总部国际2号楼,114.420388,30.479529,光谷大道58号光谷总部国际,商务写字楼,,120201,商务住宅,楼宇,商务写字楼
关东街办事处综合办公大楼,114.423624,30.478302,关东街道南湖大道81号,商务写字楼,,120201,商务住宅,楼宇,商务写字楼
李时珍科创园C座,114.424263,30.478821,李时珍科创园,商务写字楼,,120201,商务住宅,楼宇,商务写字楼
李时珍科创园B座,114.424325,30.479025,李时珍科创园,商务写字楼,,120100|120201,商务住宅,,
李时珍科创园,114.424343,30.479042,佳园路与高新二路交叉口北140米,商务写字楼,,120201,商务住宅,楼宇,商务写字楼
高胜商业大厦,114.424433,30.479033,关南四路5号,商务写字楼,,120201,商务住宅,楼宇,商务写字楼
光谷总部·时代,114.422324,30.480286,光谷大道35号,商务写字楼,,120201,商务住宅,楼宇,商务写字楼
光谷总部国际时代3栋,114.422411,30.480581,光谷大道35号光谷总部·时代,商务写字楼,,120201,商务住宅,楼宇,商务写字楼
阿尔法创意园-综合楼,114.424075,30.479925,关南园三路与高新二路交叉口东北220米,商务写字楼,,120201,商务住宅,楼宇,商务写字楼
光谷HANWE MALL,114.423911,30.480075,关南园四路363创意园附近,商务写字楼,,120201,商务住宅,楼宇,商务写字楼
汉为MALL综合楼,114.423925,30.480075,东湖新技术开发区关南园三路汉为MALL,商务写字楼,,120201,商务住宅,楼宇,商务写字楼
长江国际总部,114.419075,30.481125,高新二路与关中路交叉口北300米,商务写字楼,,120201,商务住宅,楼宇,商务写字楼
员区光谷国际科创中心,114.421569,30.482114,光谷大道与凌家山南路交叉口南120米,商务写字楼,,120201,商务住宅,楼宇,商务写字楼
光谷基金港,114.422064,30.484279,东湖新技术开发区凌家山南路1号光谷企业天地(AI Park),商务写字楼,,120201,商务住宅,楼宇,商务写字楼
光谷企业天地(AI Park),114.422474,30.484338,东湖新技术开发区凌家山南路1号,商务写字楼,,120201,商务住宅,楼宇,商务写字楼
武汉光谷企业天地4号楼,114.422836,30.484387,东湖新技术开发区凌家山南路1号光谷企业天地(AI Park),商务写字楼,,120201,商务住宅,楼宇,商务写字楼
启视传媒B栋,114.430537,30.470829,黄龙山东路与黄龙山北路交叉口西北100米,商务写字楼,,120201,商务住宅,楼宇,商务写字楼
武汉光谷企业天地5号楼,114.422246,30.48513,东湖新技术开发区凌家山南路1号光谷企业天地(AI Park),商务写字楼,,120201,商务住宅,楼宇,商务写字楼
盛隆大厦,114.433301,30.475906,盛隆电气集团新厂区(黄龙山路地铁站B口步行340米),商务写字楼,,120201,商务住宅,楼宇,商务写字楼
鼎泰恒盛,114.433158,30.477426,高新二路与才慧路交叉口东300米,商务写字楼,,120201,商务住宅,楼宇,商务写字楼
关南大厦,114.433238,30.477423,高新二路与才慧路交叉口东320米,商务写字楼,,120201,商务住宅,楼宇,商务写字楼
文昌楼,114.422331,30.486931,武汉东湖开发区国际企业中心三期,商务写字楼,,120201,商务住宅,楼宇,商务写字楼
国际企业中心三期文昌楼A座,114.422108,30.486988,光谷大道与创新街交叉口东北60米,商务写字楼,,120201,商务住宅,楼宇,商务写字楼
鼎业楼A座,114.422955,30.486931,凌家山北路鼎业楼A座附近,商务写字楼,,120201,商务住宅,楼宇,商务写字楼
文昌楼B座,114.422724,30.487054,文昌楼,商务写字楼,,120201,商务住宅,楼宇,商务写字楼
鼎业楼B座,114.423612,30.486916,鼎业楼,商务写字楼,,120201,商务住宅,楼宇,商务写字楼
武汉半边天医疗技术发展有限公司研发大楼,114.434075,30.472525,武汉半边天医疗技术发展有限公司,商务写字楼,,120201,商务住宅,楼宇,商务写字楼
鼎业楼,114.423305,30.487095,光谷大道国际企业中心3期,商务写字楼,,120201,商务住宅,楼宇,商务写字楼
聚星楼,114.420773,30.487473,国际企业中心,商务写字楼,,120201|120100,商务住宅,楼宇,商务写字楼
国际企业中心3期,114.422742,30.487307,光谷大道52号,商务写字楼,,120201,商务住宅,楼宇,商务写字楼
国际企业中心三期锦丰楼C座,114.422388,30.487399,关山街道光谷大道特1号国际企业中心三期锦丰楼C座302-4,商务写字楼,,120201,商务住宅,楼宇,商务写字楼
光谷国际企业中心阁调5栋,114.4207,30.487568,关山光谷国际企业中心阁调5栋,商务写字楼,,120201,商务住宅,楼宇,商务写字楼
谷方T楼,114.434475,30.477425,高新二路与光谷一路交叉口西220米,商务写字楼,,120201,商务住宅,楼宇,商务写字楼
鼎业楼C座,114.423411,30.487382,鼎业楼,商务写字楼,,120201,商务住宅,楼宇,商务写字楼
追日楼,114.421135,30.487854,光谷大道56号国际企业中心2期,商务写字楼,,120201,商务住宅,楼宇,商务写字楼
国际企业中心2期,114.420976,30.487893,光谷大道56号,商务写字楼,,120201,商务住宅,楼宇,商务写字楼
锦丰楼,114.422372,30.487788,光谷大道国际企业中心三期(青年孵化器),商务写字楼,,120201,商务住宅,楼宇,商务写字楼
锦丰楼A座,114.4221,30.488053,东湖高新区光谷大道,商务写字楼,,120201,商务住宅,楼宇,商务写字楼
国际企业中心三期锦丰楼B座,114.422783,30.487999,锦丰楼,商务写字楼,,120201,商务住宅,楼宇,商务写字楼
湖北数字电视大楼,114.183305,30.490782,神龙大道18号湖北广电网络数字有线公司,商务写字楼,,120201,商务住宅,楼宇,商务写字楼
经开智造科技企业孵化器综合服务楼,114.18425,30.49255,神龙大道18号南太子湖创新谷,商务写字楼,,120201,商务住宅,楼宇,商务写字楼
未来中心C区,114.174925,30.488575,武汉经济技术开发区1MA地块,商务写字楼,,120201,商务住宅,楼宇,商务写字楼
车谷梦立方,114.174575,30.491075,神龙大道与体育东路交叉口西南40米,商务写字楼,,120201,商务住宅,楼宇,商务写字楼
创谷科技楼,114.186356,30.490463,沌口街道太子湖路266号,商务写字楼,,120201,商务住宅,楼宇,商务写字楼
启迪协信科创园2期4B座,114.187125,30.492475,武汉经济技术开发区科技园二路南太子湖创新谷二期,商务写字楼,,120100|120201,商务住宅,,
湖北远大天天明制药有限公司-办公大楼,114.18552,30.494766,车城北路与科技园东路交叉口东北60米,商务写字楼,,120201,商务住宅,楼宇,商务写字楼
武汉新能源汽车聚集产业大厦,114.17939,30.4969,车城东路10号创思汇科技大厦,商务写字楼,,120201,商务住宅,楼宇,商务写字楼
红升国际广场B栋,114.179375,30.496925,沌口街道车城东路12号红升国际广场,商务写字楼,,120201,商务住宅,楼宇,商务写字楼
创思特科技大厦丰巢寄存包柜,114.179448,30.497016,车城东路10号创思汇科技大厦,商务写字楼,,120201,商务住宅,楼宇,商务写字楼
创思汇科技大厦,114.179445,30.497018,车城东路10号(车城东路地铁站C口步行100米),商务写字楼,,120201,商务住宅,楼宇,商务写字楼
红升国际广场,114.178993,30.496991,沌口街道车城东路12号(车城东路地铁站C口步行90米),商务写字楼,,120201,商务住宅,楼宇,商务写字楼
未来中心1期,114.171725,30.486475,体育路与6号路交叉口东南80米,商务写字楼,,120201,商务住宅,楼宇,商务写字楼
湘隆时代商业中心D区2栋,114.167825,30.495775,宁康路与安康路交叉口北40米,商务写字楼,,120201,商务住宅,楼宇,商务写字楼
武汉经济技术开发区湘隆时代商业中心A区9幢,114.168425,30.496775,湘隆时代A区(东风公司地铁站E2口步行320米),商务写字楼,,120201,商务住宅,楼宇,商务写字楼
湘隆时代商业中心D区,114.167775,30.495925,宁康路58号湘隆时代商业中心,商务写字楼,,120201,商务住宅,楼宇,商务写字楼
湘隆时代商业中心A8栋,114.168425,30.496875,宁康路58号湘隆时代商业中心,商务写字楼,,120201,商务住宅,楼宇,商务写字楼
湘隆时代商业中心A区4栋,114.169025,30.497775,宁康路58号湘隆时代商业中心,商务写字楼,,120201,商务住宅,楼宇,商务写字楼
湘隆时代商业中心B区1栋,114.168225,30.496875,宁康路与安康路交叉口北100米,商务写字楼,,120201,商务住宅,楼宇,商务写字楼
湘隆时代商业中心A区11栋,114.168175,30.496875,湘隆时代A区(东风公司地铁站E2口步行280米),商务写字楼,,120201,商务住宅,楼宇,商务写字楼
湘隆时代商业中心C区4栋,114.168175,30.496875,宁康路58号湘隆时代商业中心,商务写字楼,,120201,商务住宅,楼宇,商务写字楼
武汉市经济技术开发区湘隆时代商业中心A区7栋,114.168225,30.497125,宁康路58号湘隆时代商业中心,商务写字楼,,120201,商务住宅,楼宇,商务写字楼
湘隆时代商业中心A3栋,114.168375,30.497375,宁康路58号湘隆时代商业中心,商务写字楼,,120201,商务住宅,楼宇,商务写字楼
湘隆时代商业中心A区10-25号二层,114.168125,30.497125,宁康路与安康路交叉口北140米,商务写字楼,,120201,商务住宅,楼宇,商务写字楼
湘隆时代商业中心A1栋,114.167525,30.496475,宁康路58号湘隆时代商业中心,商务写字楼,,120201,商务住宅,楼宇,商务写字楼
经济技术开发区湘隆时代商业中心D区1栋,114.168294,30.498115,蔡甸区经济技术开发区湘隆时代商业中心D区1栋,商务写字楼,,120201,商务住宅,楼宇,商务写字楼
未来中心B2地块,114.16491,30.49095,创业路与汉风巷交叉口东260米,商务写字楼,,120201,商务住宅,楼宇,商务写字楼
湘隆时代广场E栋,114.167325,30.497575,湘隆路与车城北路交叉口西南180米,商务写字楼,,120201,商务住宅,楼宇,商务写字楼
武汉杉杉奥特莱斯广场A座,114.21195,30.49215,武汉经济技术开发区青枫路88号武汉杉杉奥特莱斯广场,商务写字楼,,120201,商务住宅,楼宇,商务写字楼
经济技术开发区江城大道408号永旺梦乐城B座,114.204275,30.501475,永旺梦乐城经开店B馆,商务写字楼,,120201,商务住宅,楼宇,商务写字楼
汉上观,114.231465,30.491759,沌口路1997号,商务写字楼,,120201,商务住宅,楼宇,商务写字楼
意亚创新中心,114.23341,30.497966,晴川大道686号招商江山和樾6栋6-16,商务写字楼,,120201,商务住宅,楼宇,商务写字楼
洪山万科广场6号门一楼丰巢存包柜,114.275027,30.483922,白沙洲大道179号,商务写字楼,,120201,商务住宅,楼宇,商务写字楼
长利大厦,114.281371,30.489612,白沙洲大道207号,商务写字楼,,120201,商务住宅,楼宇,商务写字楼
万科云城18号写字楼,114.280825,30.494925,万科云城,商务写字楼,,120201,商务住宅,楼宇,商务写字楼
杨泗港办公大楼,114.281125,30.495375,万科云城,商务写字楼,,120201,商务住宅,楼宇,商务写字楼
滨江万科中心,114.281608,30.49475,白沙洲大道229号,商务写字楼,,120201,商务住宅,楼宇,商务写字楼
长征综合大楼招商中心,114.283855,30.489787,长征综合大楼,商务写字楼,,120201,商务住宅,楼宇,商务写字楼
长征综合大楼,114.284036,30.489524,工商学院路20号附近(张家湾社区医院),商务写字楼,,120201,商务住宅,楼宇,商务写字楼
张家湾科技孵化大楼,114.28613,30.489399,八坦路165号,商务写字楼,,120201,商务住宅,楼宇,商务写字楼
匠心荟科创产业园写字楼,114.289695,30.496109,张家湾保利上城西区(张家湾地铁站C口步行480米),商务写字楼,,120201,商务住宅,楼宇,商务写字楼
锦汇智谷中心,114.291037,30.499324,锦绣江城,商务写字楼,,120201,商务住宅,楼宇,商务写字楼
合富金生K3办公楼,114.298625,30.501825,烽火路与烽火侧路交叉口南140米,商务写字楼,,120201,商务住宅,楼宇,商务写字楼
武汉零点大厦,114.320588,30.495043,平安路与文祥西街交叉口北220米,商务写字楼,,120201,商务住宅,楼宇,商务写字楼
亚维保中心,114.317075,30.497075,江南村,商务写字楼,,120201,商务住宅,楼宇,商务写字楼
南湖中央广场6栋,114.324275,30.497025,文馨街与丁字桥南路交叉口西120米,商务写字楼,,120201,商务住宅,楼宇,商务写字楼
鸿城家园南区窝牛创意大厦,114.330877,30.489779,书城路170号(文昌路地铁站C口步行320米),商务写字楼,,120201,商务住宅,楼宇,商务写字楼
SBI创意大厦,114.331717,30.490193,书城路170号(文昌路地铁站C口步行340米),商务写字楼,,120201,商务住宅,楼宇,商务写字楼
万盈国际商务会客厅,114.334564,30.494878,文馨街252号大华南湖公园世家2期,商务写字楼,,120201,商务住宅,楼宇,商务写字楼
高农大厦,114.340128,30.488484,南湖西路与珞狮路辅路交叉口东100米,商务写字楼,,120201,商务住宅,楼宇,商务写字楼
明泽丽湾写字楼,114.340344,30.489627,南湖滨珞狮南路519号明泽丽湾,商务写字楼,,120201,商务住宅,楼宇,商务写字楼
明泽大厦,114.341062,30.492551,珞狮南路付家咀517号,商务写字楼,,120201,商务住宅,楼宇,商务写字楼
金地格林小城写字楼,114.336475,30.500225,金地·格林小城美茵区1区,商务写字楼,,120201,商务住宅,楼宇,商务写字楼
维佳点点大厦2期,114.330606,30.501739,文昌路30号维佳点点大厦,商务写字楼,,120201,商务住宅,楼宇,商务写字楼
维佳点点大厦,114.330606,30.501739,文昌路30号,商务写字楼,,120201,商务住宅,楼宇,商务写字楼
李时珍大厦,114.327625,30.501975,佳和龙苑,商务写字楼,,120201,商务住宅,楼宇,商务写字楼
维佳星星大厦,114.326166,30.502252,丁字桥南路525号维佳星星大厦(星巴克楼上),商务写字楼,,120201,商务住宅,楼宇,商务写字楼
维佳星星大厦A栋,114.326049,30.502242,文楚街与丁字桥南路交叉口东南60米,商务写字楼,,120201,商务住宅,楼宇,商务写字楼
武汉亿胜科技大楼D栋,114.337752,30.501344,文治街武汉亿胜科技大楼,商务写字楼,,120201,商务住宅,楼宇,商务写字楼
利德大楼,114.335948,30.502207,书城路文治街16号,商务写字楼,,120201,商务住宅,楼宇,商务写字楼
OVU创客星(书城路站),114.338523,30.501018,文治街17号,商务写字楼,,120201,商务住宅,楼宇,商务写字楼
丽岛创意,114.3386,30.501004,文治街17号OVU创客星(书城路站),商务写字楼,,120201,商务住宅,楼宇,商务写字楼
维佳·佰港城B座,114.325983,30.502811,丁字桥南路546号,商务写字楼,,120201,商务住宅,楼宇,商务写字楼
武汉亿胜科技大楼,114.337789,30.50161,书城路15号,商务写字楼,,120201,商务住宅,楼宇,商务写字楼
恺得国际大厦,114.343075,30.499151,文治街516号(珞狮南路与文治街交接处),商务写字楼,,120201,商务住宅,楼宇,商务写字楼
维佳创意大厦东区,114.339772,30.50193,治维路18号维佳创意大厦,商务写字楼,,120201,商务住宅,楼宇,商务写字楼
维佳创意大厦西区,114.339394,30.501978,治维路18号维佳创意大厦,商务写字楼,,120201,商务住宅,楼宇,商务写字楼
维佳创意大厦,114.339527,30.502118,治维路18号,商务写字楼,,120201,商务住宅,楼宇,商务写字楼
郧阳大厦,114.345541,30.503168,珞狮路294号(文治街地铁站B口步行300米),商务写字楼,,120201,商务住宅,楼宇,商务写字楼
武汉亿胜科技大楼C栋,114.338025,30.501759,书城路15号武汉亿胜科技大楼,商务写字楼,,120201,商务住宅,楼宇,商务写字楼
武汉亿胜科技大楼B栋,114.337923,30.501805,书城路15号武汉亿胜科技大楼,商务写字楼,,120201,商务住宅,楼宇,商务写字楼
武汉亿胜科技大楼A栋,114.337744,30.501858,书城路15号武汉亿胜科技大楼,商务写字楼,,120201,商务住宅,楼宇,商务写字楼
湖北省武汉市洪山区卓刀泉街道城投瀚城璞岸一号商业楼,114.373525,30.494575,城投·瀚城璞岸,商务写字楼,,120201,商务住宅,楼宇,商务写字楼
武汉民政办公大楼,114.380391,30.497836,康福路与楚平路交叉口东100米,商务写字楼,,120201,商务住宅,楼宇,商务写字楼
保利拉菲T22A,114.371825,30.498825,卓刀泉路366号保利·拉菲,商务写字楼,,120201,商务住宅,楼宇,商务写字楼
金地天悦睿府1号商业楼,114.386075,30.494875,康福路24号金地天悦睿府,商务写字楼,,120201,商务住宅,楼宇,商务写字楼
金地本座D栋,114.388175,30.495375,金地·本座,商务写字楼,,120201,商务住宅,楼宇,商务写字楼
金地·本座,114.388195,30.495378,金地·雄楚1号D区,商务写字楼,,120201,商务住宅,楼宇,商务写字楼
现代国际企业中心二期追日楼,114.39635,30.49355,康福路与民族大道交叉口西60米,商务写字楼,,120201,商务住宅,楼宇,商务写字楼
亿房房地产金地雄楚1号,114.389565,30.49699,关东街道南湖北路金地·雄楚1号,商务写字楼,,120201,商务住宅,楼宇,商务写字楼
金地中心城A座,114.39205,30.49735,雄楚大道908号金地·中心城西区,商务写字楼,,120201,商务住宅,楼宇,商务写字楼
季家荟B座,114.390625,30.497825,雄楚大道888号季佳·荟雄楚,商务写字楼,,120201,商务住宅,楼宇,商务写字楼
季佳荟购物中心A座,114.390275,30.498325,雄楚大道888号季佳·荟雄楚,商务写字楼,,120201,商务住宅,楼宇,商务写字楼
光谷时间广场,114.396875,30.495919,民族大道118号(当代学生公寓旁),商务写字楼,,120201,商务住宅,楼宇,商务写字楼
金地中心城-写字楼,114.393875,30.497725,雄楚大道910号金地·中心城东区,商务写字楼,,120201,商务住宅,楼宇,商务写字楼
文豪自由商务港,114.391577,30.498777,文豪苑1,商务写字楼,,120201,商务住宅,楼宇,商务写字楼
紫菘枫尚国际大厦159号,114.398275,30.495975,民族大道159号紫菘枫尚国际,商务写字楼,,120201,商务住宅,楼宇,商务写字楼
洪山区民族大道159号紫崧大厦,114.398175,30.496225,民族大道159号紫菘枫尚国际,商务写字楼,,120201,商务住宅,楼宇,商务写字楼
中科院CBI科普大楼,114.400654,30.49487,民族大道桃园路,商务写字楼,,120201,商务住宅,楼宇,商务写字楼
光谷时间广场-写字楼,114.397525,30.498225,雄楚大道辅路与民族大道交叉口西60米,商务写字楼,,120201,商务住宅,楼宇,商务写字楼
洪福添美城市广场-写字楼,114.398625,30.497475,雄楚大道938号洪福添美广场,商务写字楼,,120201,商务住宅,楼宇,商务写字楼
中国石油大厦,114.399075,30.497375,雄楚大道938号洪福添美广场,商务写字楼,,120201,商务住宅,楼宇,商务写字楼
中国石油华中管道大楼,114.399394,30.49842,雄楚大道辅路与金田西路交叉口西北60米,商务写字楼,,120201,商务住宅,楼宇,商务写字楼
中青旅大厦,114.400239,30.498311,雄楚大道辅路与金田西路交叉口东北60米,商务写字楼,,120201,商务住宅,楼宇,商务写字楼
立信生鲜市场附楼,114.399975,30.498625,金田西路与雄楚大道辅路交叉口北60米,商务写字楼,,120201,商务住宅,楼宇,商务写字楼
龙安·港汇城A座-西大厅,114.397635,30.500581,民族大道124号龙安·港汇城A座,商务写字楼,,120201,商务住宅,楼宇,商务写字楼
创客广场A栋,114.401875,30.497225,雄楚大道958号创客广场,商务写字楼,,120201,商务住宅,楼宇,商务写字楼
龙安·港汇城A座,114.39786,30.500594,民族大道124号,商务写字楼,,120201,商务住宅,楼宇,商务写字楼
创客广场B座,114.40195,30.49725,雄楚大道958号创客广场,商务写字楼,,120201,商务住宅,楼宇,商务写字楼
康卓商务广场,114.384532,30.501875,雄楚大道688号,商务写字楼,,120201,商务住宅,楼宇,商务写字楼
龙安·港汇城,114.397908,30.500812,民族大道,商务写字楼,,120201,商务住宅,楼宇,商务写字楼
凯瑞商业中心,114.385771,30.502389,雄楚大道671号创乐天地,商务写字楼,,120201,商务住宅,楼宇,商务写字楼
立信大厦(雄楚大道),114.401704,30.498328,雄楚大道979号,商务写字楼,,120201,商务住宅,楼宇,商务写字楼
关山街道保利天悦中心C栋,114.40915,30.48935,关山大道332号保利天悦中心,商务写字楼,,120201,商务住宅,楼宇,商务写字楼
保利天悦中心,114.409149,30.489307,关山大道332号,商务写字楼,,120201,商务住宅,楼宇,商务写字楼
保利天悦中心大堂前台,114.40925,30.48945,关山大道332号保利天悦中心,商务写字楼,,120201,商务住宅,楼宇,商务写字楼
保利天悦中心1号楼,114.409275,30.489275,关山大道332号保利天悦中心,商务写字楼,,120201,商务住宅,楼宇,商务写字楼
保利国际中心6栋,114.409454,30.489846,新竹路与关山大道辅路交叉口西140米,商务写字楼,,120201,商务住宅,楼宇,商务写字楼
保利国际公寓B栋,114.409853,30.490625,关山村保利时代K17地块二区3栋正东方向51米,商务写字楼,,120201,商务住宅,楼宇,商务写字楼
保利国际公寓A座,114.409932,30.490229,东西湖新技术开发区关山村保利时代K17地块二区3栋正东方向51米保利国际公寓,商务写字楼,,120201,商务住宅,楼宇,商务写字楼
保利商务中心,114.410019,30.490093,东湖新技术开发区关山村保利时代K17地块二区3栋正东方向51米,商务写字楼,,120201,商务住宅,楼宇,商务写字楼
东湖新技术开发区关山大道武汉K11大厦,114.410325,30.489675,新竹路与关山大道辅路交叉口西60米,商务写字楼,,120201,商务住宅,楼宇,商务写字楼
保利国际中心,114.410386,30.490946,东湖新技术开发区关山大道332号保利国际中心7-8层,商务写字楼,,120201,商务住宅,楼宇,商务写字楼
湖北省武汉市洪山区关山大道328号哈乐城DS01栋商业,114.409825,30.492425,关山大道328号哈乐城,商务写字楼,,120201,商务住宅,楼宇,商务写字楼
中杰阳光A座,114.410825,30.493025,关山大道328号哈乐城,商务写字楼,,120201,商务住宅,楼宇,商务写字楼
武汉光谷万科中心南大堂,114.406675,30.496825,雄楚大道1008号光谷万科中心,商务写字楼,,120201,商务住宅,楼宇,商务写字楼
光谷万科中心,114.406695,30.496844,雄楚大道1008号,商务写字楼,,120201,商务住宅,楼宇,商务写字楼
光谷万科中心写字楼A栋,114.406577,30.496921,雄楚大道1008号光谷万科中心,商务写字楼,,120201,商务住宅,楼宇,商务写字楼
光谷新世界T加(武汉光谷K11店),114.413228,30.492422,关山大道355号武汉光谷K11,商务写字楼,,120201,商务住宅,楼宇,商务写字楼
武汉K11SelectT加写字楼,114.412875,30.493275,关山大道辅路与汽标社区路交叉口东140米,商务写字楼,,120201,商务住宅,楼宇,商务写字楼
K11商业中心,114.412875,30.493375,关山大道辅路与汽标社区路交叉口东140米,商务写字楼,,120201,商务住宅,楼宇,商务写字楼
光谷新世界T+写字楼B座,114.413342,30.492483,光谷新世界·T,商务写字楼,,120201,商务住宅,楼宇,商务写字楼
光谷新世界T1写字楼,114.412818,30.493904,关山大道355号(关山大道地铁站A2口步行290米),商务写字楼,,120201,商务住宅,楼宇,商务写字楼
光谷新世界中心A地块,114.413575,30.492725,光谷新世界·T,商务写字楼,,120201,商务住宅,楼宇,商务写字楼
光谷新世界T一写字楼A栋,114.412853,30.494062,关山大道355号光谷新世界T1写字楼,商务写字楼,,120201,商务住宅,楼宇,商务写字楼
光谷智慧城写字楼,114.407715,30.497716,开发区雄楚大街1019号当代光谷智慧城,商务写字楼,,120201,商务住宅,楼宇,商务写字楼
数字核电创新大楼,114.404537,30.498099,雄楚大道辅路与珞雄路交叉口西北80米,商务写字楼,,120201,商务住宅,楼宇,商务写字楼
Select大厦,114.413028,30.49441,新景路与新中路交叉口西80米,商务写字楼,,120201,商务住宅,楼宇,商务写字楼
世达中心,114.412752,30.495058,关山大道299号逸景华庭,商务写字楼,,120201,商务住宅,楼宇,商务写字楼
曙光星城B座,114.417793,30.491835,明玉路与新玉路交叉口西北20米,商务写字楼,,120201,商务住宅,楼宇,商务写字楼
海核社区物业办公楼,114.403107,30.501067,珞雄路与步行街南路交叉口西300米,商务写字楼,,120201,商务住宅,楼宇,商务写字楼
伟创楼B座,114.419591,30.489679,国际企业中心-伟创楼,商务写字楼,,120201|120100,商务住宅,楼宇,商务写字楼
国际企业中心4期,114.419753,30.488789,新竹路与光谷大道交叉口西160米,商务写字楼,,120201,商务住宅,楼宇,商务写字楼
国际企业中心-伟创楼,114.419924,30.489642,光谷大道52号国际企业中心1期,商务写字楼,,120201,商务住宅,楼宇,商务写字楼
栖枫楼,114.420001,30.490882,光谷大道52号国际企业中心1期,商务写字楼,,120201,商务住宅,楼宇,商务写字楼
栖凤楼A座,114.420117,30.490992,栖枫楼,商务写字楼,,120201,商务住宅,楼宇,商务写字楼
国际企业中心1期,114.420253,30.490278,光谷大道52号,商务写字楼,,120201,商务住宅,楼宇,商务写字楼
光谷国际企业中心A座,114.420255,30.489607,光谷大道52号国际企业中心1期,商务写字楼,,120201,商务住宅,楼宇,商务写字楼
长航蓝晶国际写字楼,114.419125,30.495325,长航·蓝晶国际,商务写字楼,,120201,商务住宅,楼宇,商务写字楼
文韬楼B座,114.420695,30.489563,新竹路与光谷大道交叉口西北80米,商务写字楼,,120201,商务住宅,楼宇,商务写字楼
俊杰楼B座,114.420831,30.490219,光谷大道与新竹路交叉口西北140米,商务写字楼,,120201,商务住宅,楼宇,商务写字楼
俊杰楼,114.420997,30.490221,东湖高新科技园关山二路特1号,商务写字楼,,120201,商务住宅,楼宇,商务写字楼
俊杰楼A座,114.421139,30.490199,东湖高新科技园关山二路特1号俊杰楼,商务写字楼,,120201,商务住宅,楼宇,商务写字楼
国际企业中心一期-聚贤楼,114.421066,30.490852,光谷大道52号国际企业中心1期,商务写字楼,,120201,商务住宅,楼宇,商务写字楼
国际企业中心,114.421044,30.488804,光谷大道52号,商务写字楼,,120201,商务住宅,楼宇,商务写字楼
中国特种飞行器研发中心写字楼,114.422175,30.491625,东湖新技术开发区光谷大道自主街1号中国特种飞行器研究所,商务写字楼,,120201,商务住宅,楼宇,商务写字楼
鲲龙大厦21-23楼,114.42275,30.49175,鲲龙大厦,商务写字楼,,120201,商务住宅,楼宇,商务写字楼
鲲龙大厦A座,114.422775,30.491775,自主街与光谷大道交叉口东北80米,商务写字楼,,120201,商务住宅,楼宇,商务写字楼
鲲龙大厦,114.422791,30.491767,东湖新技术开发区光谷大道自主街1号中国特种飞行器研究所,商务写字楼,,120201,商务住宅,楼宇,商务写字楼
鲲龙大厦西塔,114.422925,30.491875,鲲龙大厦,商务写字楼,,120201,商务住宅,楼宇,商务写字楼
中航特飞大厦,114.424549,30.491419,自主街与光谷大道交叉口东240米,商务写字楼,,120201,商务住宅,楼宇,商务写字楼
中国特种飞行器研究所东塔,114.424575,30.491425,东湖新技术开发区光谷大道自主街1号中国特种飞行器研究所,商务写字楼,,120201,商务住宅,楼宇,商务写字楼
保利光百中心,114.421725,30.494925,光谷大道与高新大道辅路交叉口西南80米,商务写字楼,,120201,商务住宅,楼宇,商务写字楼
伊利光谷中心,114.421175,30.495175,高新大道辅路与光谷大道交叉口西120米,商务写字楼,,120201,商务住宅,楼宇,商务写字楼
保利中轻大厦,114.4272,30.492079,佳园路与高新大道交叉口西南140米,商务写字楼,,120201,商务住宅,楼宇,商务写字楼
光谷创新港主楼,114.42797,30.489497,东湖新技术开发区佳园路55号光谷创新港,商务写字楼,,120201,商务住宅,楼宇,商务写字楼
one,114.421073,30.496955,光谷大道辅路与高新大道辅路交叉口西北200米,商务写字楼,,120201,商务住宅,楼宇,商务写字楼
泷悦国际大厦,114.419198,30.497247,高新大道221号,商务写字楼,,120201,商务住宅,楼宇,商务写字楼
泷悦国际大厦A栋,114.419188,30.497669,高新大道221号泷悦国际大厦,商务写字楼,,120201,商务住宅,楼宇,商务写字楼
创新佳华科技楼,114.428775,30.491748,高新大道茶棚站潮漫凯瑞酒店旁边,商务写字楼,,120201,商务住宅,楼宇,商务写字楼
保利光谷中心C栋,114.421825,30.498775,光谷大道辅路与光谷创业街交叉口西南160米,商务写字楼,,120201,商务住宅,楼宇,商务写字楼
保利光谷中心,114.421809,30.499135,光谷大道辅路与光谷创业街交叉口西南140米,商务写字楼,,120201,商务住宅,楼宇,商务写字楼
烽火科技南区1号楼,114.426056,30.49797,光谷创业街42号烽火科技南区,商务写字楼,,120201,商务住宅,楼宇,商务写字楼
东创仕佳B座,114.420272,30.499653,东创仕佳,商务写字楼,,120201,商务住宅,楼宇,商务写字楼
方顺恒瑞国际广场,114.422268,30.49974,光谷大道18号,商务写字楼,,120201,商务住宅,楼宇,商务写字楼
方顺恒瑞国际广场13A楼,114.422175,30.499775,光谷大道18号方顺恒瑞国际广场,商务写字楼,,120201,商务住宅,楼宇,商务写字楼
SBI创业街10栋B座,114.417912,30.500038,光谷创业街18号SBI创业街10栋,商务写字楼,,120201,商务住宅,楼宇,商务写字楼
武汉新天宇12栋A座,114.420075,30.500225,光谷创业街12栋b座1单元501室武汉新天宇,商务写字楼,,120201,商务住宅,楼宇,商务写字楼
SBI光谷创业街A座,114.417775,30.500475,光谷创业街,商务写字楼,,120201,商务住宅,楼宇,商务写字楼
大学生创业特区,114.416304,30.500513,光谷创业街9号,商务写字楼,,120201,商务住宅,楼宇,商务写字楼
SBI创业街12栋B座,114.416825,30.500675,sbi创业街,商务写字楼,,120201,商务住宅,楼宇,商务写字楼
创咖孵化器大楼,114.41593,30.500561,光谷创业街与鲁林路交叉口西220米,商务写字楼,,120201,商务住宅,楼宇,商务写字楼
SBI创业街C幢,114.416375,30.500825,sbi创业街,商务写字楼,,120201,商务住宅,楼宇,商务写字楼
sbi创业街,114.415471,30.500876,东湖高新开发区光谷,商务写字楼,,120201|061000,商务住宅,楼宇,商务写字楼
烽火科技大厦,114.428217,30.49919,关山街道创业街42号烽火光纤公司,商务写字楼,,120201,商务住宅,楼宇,商务写字楼
烽火通信光通信大楼,114.427475,30.499775,东湖新技术开发区东信路5-6号烽火科技-北区,商务写字楼,,120201,商务住宅,楼宇,商务写字楼
长飞光纤产业大楼,114.426439,30.500523,创业街65号,商务写字楼,,120201,商务住宅,楼宇,商务写字楼
琨瑜府三期商业大楼,114.415226,30.501487,关山大道77号琨瑜府三期,商务写字楼,,120201,商务住宅,楼宇,商务写字楼
中铁建电气化局集团南方工程有限公司A座,114.431675,30.496975,关东街道东湖开发区佳园路17号中铁建电气化局集团,商务写字楼,,120201,商务住宅,楼宇,商务写字楼
光谷时代广场A座,114.414251,30.501631,关山街道关山大道111号光谷时代广场A座6楼,商务写字楼,,120201,商务住宅,楼宇,商务写字楼
东湖新技术开发部区关山大厦,114.413525,30.501475,关山大道111号光谷时代广场B座,商务写字楼,,120201,商务住宅,楼宇,商务写字楼
光谷时代广场,114.413682,30.501775,东湖高新开发区光谷大道111号,商务写字楼,,120201,商务住宅,楼宇,商务写字楼
光谷时代广场B座,114.413453,30.501812,关山大道111号,商务写字楼,,120201,商务住宅,楼宇,商务写字楼
光谷时代广场C座,114.413259,30.501889,东湖高新开发区光谷大道111号光谷时代广场,商务写字楼,,120201,商务住宅,楼宇,商务写字楼
万达B2写字楼,114.17623,30.506021,东风大道103号,商务写字楼,,120201,商务住宅,楼宇,商务写字楼
经开万达广场B区,114.175681,30.506324,东风大道111号(体育中心地铁站A口步行460米),商务写字楼,,120201,商务住宅,楼宇,商务写字楼
武汉经开万达广场写字楼,114.175875,30.507175,东风大道111号经开万达广场B区,商务写字楼,,120201,商务住宅,楼宇,商务写字楼
武汉经开万达广场5号写字楼,114.175775,30.507875,东风大道111号万达广场(武汉经开店),商务写字楼,,120201,商务住宅,楼宇,商务写字楼
经开万达广场B2栋,114.174825,30.506325,东风大道111号万达广场(武汉经开店),商务写字楼,,120201,商务住宅,楼宇,商务写字楼
万达广场G座,114.174075,30.5071,万达广场A区(体育中心地铁站A口步行450米),商务写字楼,,120201,商务住宅,楼宇,商务写字楼
武汉经开万达广场二期商业,114.174529,30.508147,万达广场A区(体育中心地铁站B口步行370米),商务写字楼,,120201|120300,商务住宅,楼宇,商务写字楼
经开万达广场娱乐楼,114.174075,30.507525,东风东路与体育小路交叉口东北280米,商务写字楼,,120201,商务住宅,楼宇,商务写字楼
万达广场C6栋写字楼,114.174625,30.508475,万达广场2期C6座(体育中心地铁站B口步行410米),商务写字楼,,120201,商务住宅,楼宇,商务写字楼
未来中心C区,114.174025,30.507925,东风大道111号万达广场(武汉经开店),商务写字楼,,120201,商务住宅,楼宇,商务写字楼
武汉经济开发区管委会科技服务大楼,114.168225,30.506276,武汉经济技术开发区(体育中心地铁站D口步行250米),商务写字楼,,120201,商务住宅,楼宇,商务写字楼
凤铭广场2号楼,114.167359,30.507449,三角湖路4号(体育中心地铁站D口步行420米),商务写字楼,,120201,商务住宅,楼宇,商务写字楼
凤铭广场,114.166779,30.507801,三角湖路4号(体育中心地铁站D口步行330米),商务写字楼,,120201,商务住宅,楼宇,商务写字楼
金利屋大厦,114.178824,30.516723,经济技术开发区东风大道66号(三角湖地铁站D口旁),商务写字楼,,120201,商务住宅,楼宇,商务写字楼
武汉市经济技术开发区湘隆时代商业中心B区7栋,114.167088,30.499345,湘隆时代商业中心B区(东风公司地铁站E1口旁),商务写字楼,,120201,商务住宅,楼宇,商务写字楼
泊岸商业楼,114.190675,30.513525,芳草路与太子湖北路交叉口东北320米,商务写字楼,,120201,商务住宅,楼宇,商务写字楼
湘隆时代商业中心B区,114.167375,30.498175,宁康路58号湘隆时代商业中心,商务写字楼,,120201,商务住宅,楼宇,商务写字楼
东合中心南区,114.164925,30.505775,东风三路15号东合中心,商务写字楼,,120201,商务住宅,楼宇,商务写字楼
东合中心H栋外卖柜,114.164675,30.505725,东合中心H栋,商务写字楼,,120201|070000,商务住宅,楼宇,商务写字楼
东合中心H栋,114.164639,30.505736,经济开发区东风二路市民服务中心对面东合中心H座,商务写字楼,,120201,商务住宅,楼宇,商务写字楼
湘隆时代商业中心B区3栋,114.166475,30.498425,东风大道与金凯三路交叉口东南160米,商务写字楼,,120201,商务住宅,楼宇,商务写字楼
东合商务中心D座,114.164524,30.506746,东风二路与东风中路交叉口北220米,商务写字楼,,120201,商务住宅,楼宇,商务写字楼
华源电力集团研发大楼,114.199386,30.505482,海棠路与春晓路交叉口西120米,商务写字楼,,120201,商务住宅,楼宇,商务写字楼
武汉市市政建设集团大楼,114.198857,30.507761,芳草二路144号,商务写字楼,,120201,商务住宅,楼宇,商务写字楼
武汉设计广场,114.200684,30.504594,芳草二路87号,商务写字楼,,120201,商务住宅,楼宇,商务写字楼
武汉设计广场4栋,114.200875,30.504325,芳草二路87号武汉设计广场,商务写字楼,,120201,商务住宅,楼宇,商务写字楼
武汉设计广场5-2栋,114.200925,30.504625,芳草二路87号武汉设计广场,商务写字楼,,120100|120201,商务住宅,,
武汉设计广场4-1,114.200975,30.504182,太子湖北路与海棠路交叉口东160米,商务写字楼,,120201,商务住宅,楼宇,商务写字楼
武汉设计广场4-2,114.20107,30.504324,太子湖北路与海棠路交叉口东160米,商务写字楼,,120201,商务住宅,楼宇,商务写字楼
联创科技中心,114.20206,30.50681,海棠路55号,商务写字楼,,120201,商务住宅,楼宇,商务写字楼
华中智谷S1-A栋,114.201125,30.508925,芙蓉路1号智谷文化产业园,商务写字楼,,120201,商务住宅,楼宇,商务写字楼
华中·中交城A区,114.20334,30.504904,华中·中交城,商务写字楼,,120201,商务住宅,楼宇,商务写字楼
中交集团华中总部大楼,114.203825,30.504525,华中·中交城,商务写字楼,,120201,商务住宅,楼宇,商务写字楼
华中智谷C3号楼,114.201625,30.510525,芙蓉路1号智谷文化产业园,商务写字楼,,120201,商务住宅,楼宇,商务写字楼
华中智谷201M地块研发楼,114.202275,30.510875,芙蓉路1号智谷文化产业园,商务写字楼,,120201,商务住宅,楼宇,商务写字楼
党建楼,114.212389,30.512015,金地澜菲溪岸J8区(四新南路地铁站D口步行450米),商务写字楼,,120201,商务住宅,楼宇,商务写字楼
永旺梦乐城国博中心,114.218925,30.506775,连通港西路与梅林六街交叉口西100米,商务写字楼,,120201,商务住宅,楼宇,商务写字楼
奈禧国际广场,114.220525,30.508425,四新南路191号江城明珠,商务写字楼,,120201,商务住宅,楼宇,商务写字楼
和昌都汇华府二期办公楼,114.213675,30.514675,江城大道368号和昌都汇华府,商务写字楼,,120201,商务住宅,楼宇,商务写字楼
和昌中心,114.215392,30.514309,江城大道与四新南路交汇处,商务写字楼,,120201,商务住宅,楼宇,商务写字楼
太平洋保险大厦,114.205468,30.515134,芳草五街7号四新中路8号附2号,商务写字楼,,120201,商务住宅,楼宇,商务写字楼
华发国际企业大厦,114.217475,30.513782,江城大道243号,商务写字楼,,120201,商务住宅,楼宇,商务写字楼
华发四季2期写字楼,114.217575,30.513775,江城大道243号华发国际企业大厦,商务写字楼,,120201,商务住宅,楼宇,商务写字楼
绿地新都会10-17号商铺,114.21366,30.516377,梅林西路西100米(四新南路地铁站C口步行440米),商务写字楼,,120201,商务住宅,楼宇,商务写字楼
绿地新都会6号楼,114.214545,30.51623,绿地中央广场(四新南路地铁站C口步行430米),商务写字楼,,120201,商务住宅,楼宇,商务写字楼
柠月悠乐荟商业广场,114.216617,30.515838,江城大道与中核时代广场对面,商务写字楼,,120201,商务住宅,楼宇,商务写字楼
四新街道绿地新都会B地块商业,114.216475,30.516025,柠月悠乐荟商业广场(四新南路地铁站C口步行360米),商务写字楼,,120201,商务住宅,楼宇,商务写字楼
中核时代广场B区-科研楼,114.219075,30.514678,中核时代广场B区(四新南路地铁站B口步行400米),商务写字楼,,120201,商务住宅,楼宇,商务写字楼
中核时代广场办公大楼,114.218808,30.514881,江城大道229号中核时代广场,商务写字楼,,120201,商务住宅,楼宇,商务写字楼
中核二二办公楼,114.218525,30.515125,江城大道中核时代广场(四新南路地铁站B口步行320米),商务写字楼,,120201,商务住宅,楼宇,商务写字楼
国博新城C区C6地块S1号商业,114.230375,30.507525,国博新城C区(国博新城地铁站A口步行410米),商务写字楼,,120201,商务住宅,楼宇,商务写字楼
中铁大桥局桥梁科技大厦,114.227661,30.515492,四新大道6号,商务写字楼,,120201,商务住宅,楼宇,商务写字楼
广电兰亭盛荟S1商业,114.235575,30.512675,广电·兰亭盛荟,商务写字楼,,120201|120302,商务住宅,楼宇,商务写字楼
international expo city,114.236075,30.512425,正平街与江堤中路交叉口西北140米,商务写字楼,,120201,商务住宅,楼宇,商务写字楼
湖北国展中心东塔,114.223752,30.517614,四新大道与子期路交汇处,商务写字楼,,120201,商务住宅,楼宇,商务写字楼
湖北交投大厦,114.223846,30.517695,子期路与梅林三街交叉口西80米,商务写字楼,,120201,商务住宅,楼宇,商务写字楼
湖北国展中心西塔,114.222814,30.518128,四新大道与梅林东路交汇处,商务写字楼,,120201,商务住宅,楼宇,商务写字楼
盛荟SOHO,114.238452,30.511612,广电·兰亭盛荟,商务写字楼,,120201,商务住宅,楼宇,商务写字楼
武汉国际博览中心写字楼,114.241682,30.506916,洲头街街道鹦鹉大道619号武汉国际博览中心,商务写字楼,,120201,商务住宅,楼宇,商务写字楼
云创谷写字楼,114.24514,30.504584,晴川大道辅路西北侧云创谷,商务写字楼,,120201,商务住宅,楼宇,商务写字楼
武汉汉阳区云创谷写字楼1栋,114.24515,30.50455,云创谷写字楼,商务写字楼,,120201,商务住宅,楼宇,商务写字楼
SOHO公寓51号楼,114.238448,30.512193,四新大道147号广电·兰亭盛荟5期,商务写字楼,,120201,商务住宅,楼宇,商务写字楼
绿地国博财富中心-13号楼29栋,114.241375,30.512875,绿地国博财富中心13号楼,商务写字楼,,120201,商务住宅,楼宇,商务写字楼
汉阳滨江国际中心13号楼,114.240735,30.512953,滨江国际中心,商务写字楼,,120201,商务住宅,楼宇,商务写字楼
汉阳滨江国际中心,114.240745,30.512969,国博大道与四新北路立交桥交叉口南100米,商务写字楼,,120201,商务住宅,楼宇,商务写字楼
绿地国博财富中心8栋,114.242325,30.512775,四新北路111号绿地国博财富中心,商务写字楼,,120201,商务住宅,楼宇,商务写字楼
绿地国博A座,114.243329,30.512546,四新北路与鹦鹉大道交叉口西220米,商务写字楼,,120201,商务住宅,楼宇,商务写字楼
绿地国博A座2号楼,114.243386,30.51254,四新北路与鹦鹉大道交叉口西220米,商务写字楼,,120201,商务住宅,楼宇,商务写字楼
欢喜研礼,114.243508,30.512584,绿地国博财富中心a号楼2005室,商务写字楼,,120201,商务住宅,楼宇,商务写字楼
绿地国博B座,114.242561,30.512932,四新北路111号绿地国博财富中心,商务写字楼,,120201,商务住宅,楼宇,商务写字楼
恒大御景湾营销中心写字楼,114.249125,30.515025,恒大滨江中心,商务写字楼,,120201,商务住宅,楼宇,商务写字楼
恒大滨江中心,114.249304,30.514935,鹦鹉大道与汉新大道交汇,商务写字楼,,120201,商务住宅,楼宇,商务写字楼
柠檬墅商业楼,114.281475,30.506875,长江紫都四期,商务写字楼,,120201,商务住宅,楼宇,商务写字楼
国铁国际商务中心,114.281888,30.510478,堤后街592号国铁·印江澜,商务写字楼,,120201,商务住宅,楼宇,商务写字楼
武汉恒钢物流发展有限公司新办公楼,114.290325,30.508375,江盛路528号武汉恒钢物流发展有限公司,商务写字楼,,120201,商务住宅,楼宇,商务写字楼
湖北瑞通联合塑业有限公司办公大楼,114.290491,30.50828,江盛路与夹套河路交叉口西360米,商务写字楼,,120201,商务住宅,楼宇,商务写字楼
新溢洲商业体,114.295269,30.509561,江盛路列电新村,商务写字楼,,120201,商务住宅,楼宇,商务写字楼
商贸大楼,114.298425,30.505075,烽火路与江盛路交叉口西南40米,商务写字楼,,120201,商务住宅,楼宇,商务写字楼
九里中心,114.305775,30.506225,建安街辅路与途安路交叉口东200米,商务写字楼,,120201,商务住宅,楼宇,商务写字楼
烽火民生汇招商运营中心A栋,114.301475,30.512075,汇联路与白沙洲大道辅路交叉口东南220米,商务写字楼,,120201,商务住宅,楼宇,商务写字楼
睿升大厦,114.299307,30.514995,白沙洲大道与江民路交叉口西北80米,商务写字楼,,120201,商务住宅,楼宇,商务写字楼
南湖花园电信大楼,114.31318,30.503889,南湖恒安路建安街(建安街地铁站B口步行10米),商务写字楼,,120201,商务住宅,楼宇,商务写字楼
泛悦坊都会B栋,114.314325,30.510075,恒安路101号泛悦坊(瑞安街地铁站E口步行300米),商务写字楼,,120201,商务住宅,楼宇,商务写字楼
南湖都会C座,114.314724,30.509857,雅安街与恒安路交叉口东北80米,商务写字楼,,120201,商务住宅,楼宇,商务写字楼
新大地家园物业管理楼,114.319575,30.508125,雅安街252号新大地家园,商务写字楼,,120201,商务住宅,楼宇,商务写字楼
中央花园SOHO-41栋B,114.318943,30.509925,中央花园SOHO-41号,商务写字楼,,120201,商务住宅,楼宇,商务写字楼
中央花园SOHO-C栋,114.319275,30.509825,雅安街与平安路交叉口西北40米,商务写字楼,,120201,商务住宅,楼宇,商务写字楼
南湖SOHO5203号楼,114.32482,30.505975,云月路与雅云路交叉口东南60米,商务写字楼,,120201,商务住宅,楼宇,商务写字楼
南湖SOHO,114.325075,30.505525,丁字桥南路520号泛悦Mall(南湖店),商务写字楼,,120201,商务住宅,楼宇,商务写字楼
维佳·佰港城A座,114.325995,30.503556,丁字桥南路与文治街交叉口东南80米,商务写字楼,,120201,商务住宅,楼宇,商务写字楼
三元时代广场,114.325691,30.508178,丁字桥南路与文荟街交叉口南160米,商务写字楼,,120201,商务住宅,楼宇,商务写字楼
维佳佰港城-写字楼,114.326425,30.503875,丁字桥南路525号维佳·佰港城,商务写字楼,,120201,商务住宅,楼宇,商务写字楼
火星空间,114.316144,30.516064,南湖街办事处江宏大厦(瑞安街地铁站C口步行220米),商务写字楼,,120201|060000,商务住宅,楼宇,商务写字楼
洪山区文化大厦,114.328306,30.504245,文治街武汉理工大学南湖校区内,商务写字楼,,120201,商务住宅,楼宇,商务写字楼
洪山科创大厦,114.334903,30.502804,柳园路与文治街交汇处,商务写字楼,,120201,商务住宅,楼宇,商务写字楼
昊天大厦,114.3361,30.50277,书城路56号,商务写字楼,,120201,商务住宅,楼宇,商务写字楼
九重大厦,114.33668,30.503841,书城路48号,商务写字楼,,120201,商务住宅,楼宇,商务写字楼
天辉科技大楼,114.337125,30.505075,文秀街与柳园路交叉口东南140米,商务写字楼,,120201,商务住宅,楼宇,商务写字楼
硅巷中心,114.337666,30.503777,书城路32号,商务写字楼,,120201,商务住宅,楼宇,商务写字楼
南湖高科安全大厦,114.337675,30.503775,书城路与治维路交叉口北60米,商务写字楼,,120201,商务住宅,楼宇,商务写字楼
康达智汇中心,114.337978,30.504152,书城路30号,商务写字楼,,120201,商务住宅,楼宇,商务写字楼
新工科大楼,114.336725,30.509275,伯乐路与文荟街辅路交叉口东北120米,商务写字楼,,120201,商务住宅,楼宇,商务写字楼
云浩科技大厦,114.33841,30.506302,书城路欢乐汇18号,商务写字楼,,120201,商务住宅,楼宇,商务写字楼
洪山科技创业中心C栋,114.338625,30.505425,书城路26号洪山科技创业中心,商务写字楼,,120201,商务住宅,楼宇,商务写字楼
欢乐汇VICTOR2号,114.339293,30.506712,书城路18号欢乐汇,商务写字楼,,120201,商务住宅,楼宇,商务写字楼
欢乐汇VICTOR1号,114.339497,30.506189,书城路18号欢乐汇,商务写字楼,,120201,商务住宅,楼宇,商务写字楼
综合医疗保障大楼,114.339625,30.507375,书城路18号绿洲大厦(文荟街),商务写字楼,,120201,商务住宅,楼宇,商务写字楼
绿洲大厦(文荟街),114.33964,30.507366,书城路18号,商务写字楼,,120201,商务住宅,楼宇,商务写字楼
天宇创意大厦,114.340832,30.504752,文秀街8号,商务写字楼,,120201,商务住宅,楼宇,商务写字楼
上出版城大楼,114.341075,30.509525,书城路10号狮城公寓,商务写字楼,,120201,商务住宅,楼宇,商务写字楼
和成中心A座,114.340525,30.510575,雄楚大道260号和成中心,商务写字楼,,120201,商务住宅,楼宇,商务写字楼
和成中心12A,114.340525,30.510575,雄楚大道260号和成中心,商务写字楼,,120201,商务住宅,楼宇,商务写字楼
和成中心15A,114.340525,30.510575,雄楚大道260号和成中心,商务写字楼,,120201,商务住宅,楼宇,商务写字楼
和成中心,114.340535,30.510593,雄楚大道260号,商务写字楼,,120201,商务住宅,楼宇,商务写字楼
诚功大厦,114.340544,30.510857,雄楚大道260号和成中心,商务写字楼,,120201,商务住宅,楼宇,商务写字楼
长江崇文广场C座,114.342089,30.50966,雄楚大道268号,商务写字楼,,120201,商务住宅,楼宇,商务写字楼
新纪元大厦,114.333075,30.516125,雄楚大道辅路与石牌岭西路交叉口西180米,商务写字楼,,120201,商务住宅,楼宇,商务写字楼
新纪元大厦B栋,114.333075,30.516125,雄楚大道辅路与石牌岭西路交叉口西180米,商务写字楼,,120201,商务住宅,楼宇,商务写字楼
长江崇文广场A座,114.342449,30.509855,书城路与雄楚大道辅路交叉口东南160米,商务写字楼,,120201,商务住宅,楼宇,商务写字楼
爱立方大厦,114.342425,30.510175,雄楚大街268号长江崇文广场,商务写字楼,,120201,商务住宅,楼宇,商务写字楼
长江出版传媒广场,114.342548,30.510189,雄楚大街268号,商务写字楼,,120201,商务住宅,楼宇,商务写字楼
长江崇文广场B号楼,114.343048,30.509559,雄楚大道高架出口与崇文路交叉口西南200米,商务写字楼,,120201,商务住宅,楼宇,商务写字楼
省出版城大楼,114.343225,30.509725,雄楚大街268号长江崇文广场,商务写字楼,,120201,商务住宅,楼宇,商务写字楼
湖北出版文化城B座(东),114.343244,30.509714,雄楚大道高架出口与崇文路交叉口西南180米,商务写字楼,,120201,商务住宅,楼宇,商务写字楼
星城中心,114.34457,30.509322,雄楚大道2606号,商务写字楼,,120201,商务住宅,楼宇,商务写字楼
中建福地中心B座,114.346575,30.506075,中建福地中心,商务写字楼,,120201,商务住宅,楼宇,商务写字楼
时代大厦,114.347334,30.504439,星光时代,商务写字楼,,120201,商务住宅,楼宇,商务写字楼
中建福地星城C座,114.345569,30.507129,中建福地星城,商务写字楼,,120201,商务住宅,楼宇,商务写字楼
星光时代,114.347441,30.50438,珞狮南路与文荟街交汇处(文治街地铁站A口步行480米),商务写字楼,,120201,商务住宅,楼宇,商务写字楼
中建福地中心,114.348325,30.508775,珞狮路辅路与雄楚大道辅路交叉口西南180米,商务写字楼,,120201,商务住宅,楼宇,商务写字楼
中建福地中心C座写字楼,114.348185,30.508879,珞南街道珞狮路240号,商务写字楼,,120201,商务住宅,楼宇,商务写字楼
中建福地中心写字楼西1号,114.348379,30.509183,中建福地中心,商务写字楼,,120201,商务住宅,楼宇,商务写字楼
春林庭苑综合楼A商业栋,114.346025,30.510825,雄楚大道辅路与工大路交叉口东100米,商务写字楼,,120201,商务住宅,楼宇,商务写字楼
春林庭苑智源财富中心,114.346039,30.510916,雄楚大道辅路与工大路交叉口东100米,商务写字楼,,120201,商务住宅,楼宇,商务写字楼
智源财富中心A座,114.346023,30.51092,雄楚大道229-1号,商务写字楼,,120201,商务住宅,楼宇,商务写字楼
雄楚大楼,114.346294,30.510908,雄楚大街229-1号,商务写字楼,,120201,商务住宅,楼宇,商务写字楼
智源财富中心B座,114.346419,30.510896,雄楚大道229-1号,商务写字楼,,120201,商务住宅,楼宇,商务写字楼
亚朵酒店-办公楼,114.349275,30.511425,武汉理工大学街道口亚朵酒店,商务写字楼,,120201,商务住宅,楼宇,商务写字楼
南国雄楚广场A2座,114.35066,30.512324,珞狮路辅路与珞桂路交叉口南180米,商务写字楼,,120201,商务住宅,楼宇,商务写字楼
南湖大厦,114.354434,30.508915,雄楚大道356号附1号,商务写字楼,,120201,商务住宅,楼宇,商务写字楼
星耀狮子座A1座,114.351019,30.512863,珞狮路辅路与洪兴巷交叉口东南120米,商务写字楼,,120201,商务住宅,楼宇,商务写字楼
万城中心写字楼,114.345099,30.514516,工大路与洪兴巷交叉口西北60米,商务写字楼,,120201,商务住宅,楼宇,商务写字楼
南国雄楚广场A4栋,114.351676,30.512668,珞狮南路425号南国雄楚广场,商务写字楼,,120201,商务住宅,楼宇,商务写字楼
阿成精选数码商贸,114.350735,30.513655,洪山区南国雄楚广场A1座2410室,商务写字楼,,120201,商务住宅,楼宇,商务写字楼
南国雄楚广场A1座,114.350735,30.513655,珞狮路辅路与珞桂路交叉口东南60米,商务写字楼,,120201,商务住宅,楼宇,商务写字楼
海鼎大厦,114.354575,30.510675,雄楚大道265号汉飞精英青年城,商务写字楼,,120201,商务住宅,楼宇,商务写字楼
武汉京山商会大厦,114.351061,30.513722,珞狮南路425号南国雄楚广场,商务写字楼,,120201,商务住宅,楼宇,商务写字楼
南国雄楚广场R栋,114.352375,30.513025,珞狮南路425号南国雄楚广场,商务写字楼,,120201,商务住宅,楼宇,商务写字楼
南远大楼B栋,114.349825,30.515225,珞狮路辅路与珞桂路交叉口西北140米,商务写字楼,,120201,商务住宅,楼宇,商务写字楼
京师律师大厦,114.350651,30.514946,珞狮路397号(马房山地铁站D口步行130米),商务写字楼,,120201,商务住宅,楼宇,商务写字楼
南远大楼,114.35005,30.515324,珞狮路200号(马房山地铁站A口步行120米),商务写字楼,,120201,商务住宅,楼宇,商务写字楼
理工云创城1号写字楼,114.345472,30.516446,,商务写字楼,,120201,商务住宅,楼宇,商务写字楼
雄楚新天第,114.356798,30.510692,雄楚大道与安康路交叉口东160米,商务写字楼,,120201|120302,商务住宅,楼宇,商务写字楼
武汉理工大学-汽车工程综合楼,114.352998,30.515468,珞桂路98号(高温轻合金重点实验室对面),商务写字楼,,120201|141200,商务住宅,楼宇,商务写字楼
智泉大厦,114.363575,30.508675,雄楚大道辅路与桂湖东路交叉口西40米,商务写字楼,,120201,商务住宅,楼宇,商务写字楼
创展商务大厦,114.365368,30.507773,雄楚大道辅路与雄楚大道高架入口交叉口东南120米,商务写字楼,,120201,商务住宅,楼宇,商务写字楼
文泉商务大厦1栋,114.365421,30.507894,雄楚大道辅路与雄楚大道高架入口交叉口东南100米,商务写字楼,,120201,商务住宅,楼宇,商务写字楼
文泉商务大厦,114.365882,30.507546,雄楚大街436号滨湖·文泉书苑,商务写字楼,,120201,商务住宅,楼宇,商务写字楼
华瑞大厦,114.366117,30.508413,雄楚大街357号,商务写字楼,,120201,商务住宅,楼宇,商务写字楼
省民政厅备灾中心大楼,114.367133,30.508628,卓刀泉南路与雄楚大道辅路交叉口东北80米,商务写字楼,,120201,商务住宅,楼宇,商务写字楼
培训大厦(卓刀泉南路),114.367164,30.508674,卓刀泉南路39号,商务写字楼,,120201,商务住宅,楼宇,商务写字楼
湖北省林业调查规划院办公楼,114.365525,30.512125,卓刀泉南路4号,商务写字楼,,120201,商务住宅,楼宇,商务写字楼
京东快递柜博昱楼,114.364925,30.512625,卓刀泉南路与陈家湾路交叉口西北280米,商务写字楼,,120201,商务住宅,楼宇,商务写字楼
城投时代财富中心,114.370375,30.505275,雄楚大街450号名都花园,商务写字楼,,120201,商务住宅,楼宇,商务写字楼
卓刀泉财富中心(洪山数谷),114.370501,30.505449,卓刀泉街道雄楚大街468号,商务写字楼,,120201,商务住宅,楼宇,商务写字楼
建信综合楼,114.367668,30.511894,卓刀泉南路19附16号(虎泉地铁站G2口步行100米),商务写字楼,,120201,商务住宅,楼宇,商务写字楼
医疗综合楼,114.370925,30.503125,楚康路与康福路交叉口北240米,商务写字楼,,120201,商务住宅,楼宇,商务写字楼
粮科院大楼,114.36779,30.511925,卓刀泉南路1号建信小区(虎泉地铁站G2口步行190米),商务写字楼,,120201,商务住宅,楼宇,商务写字楼
凯乐桂园写字楼,114.370077,30.510966,凯乐生活广场(虎泉地铁站B口步行170米),商务写字楼,,120201,商务住宅,楼宇,商务写字楼
凯乐生活广场B座,114.370425,30.511375,凯乐生活广场(虎泉地铁站B口步行150米),商务写字楼,,120201,商务住宅,楼宇,商务写字楼
桂子山大厦,114.368389,30.515243,卓刀泉南路45号(虎泉地铁站E口步行200米),商务写字楼,,120201,商务住宅,楼宇,商务写字楼
合作商厦,114.372476,30.511836,虎泉街99号教师小区(虎泉地铁站A口步行280米),商务写字楼,,120201,商务住宅,楼宇,商务写字楼
永利国际大厦,114.38198,30.504742,雄楚大道杨家湾虎泉街228号,商务写字楼,,120201,商务住宅,楼宇,商务写字楼
保利华都A座,114.384075,30.508525,保利·华都(杨家湾地铁站C口步行450米),商务写字楼,,120201,商务住宅,楼宇,商务写字楼
瑞和大厦,114.388105,30.505495,虎泉街鲁巷特2号(杨家湾地铁站B口步行430米),商务写字楼,,120201,商务住宅,楼宇,商务写字楼
光谷万豪国际大厦,114.381173,30.51597,珞喻路中州大厦(武汉体育学院地铁站D口步行140米),商务写字楼,,120201,商务住宅,楼宇,商务写字楼
洪山科技创业中心B座,114.376121,30.517253,珞喻路446号科技创业中心,商务写字楼,,120201,商务住宅,楼宇,商务写字楼
东亚大楼,114.376678,30.517215,武汉体育学院地铁站A口步行190米,商务写字楼,,120201,商务住宅,楼宇,商务写字楼
中培大厦,114.376097,30.517271,珞喻路446号附1号,商务写字楼,,120201,商务住宅,楼宇,商务写字楼
国威大厦外卖柜,114.381375,30.516025,光谷万豪国际大厦(武汉体育学院地铁站D口步行160米),商务写字楼,,120201,商务住宅,楼宇,商务写字楼
湖北省人力资源大厦,114.376207,30.517315,珞喻路446号洪山科技创业中心B座,商务写字楼,,120201,商务住宅,楼宇,商务写字楼
国城大厦,114.381759,30.516115,珞喻路辅路与水文路交叉口西120米,商务写字楼,,120201,商务住宅,楼宇,商务写字楼
卓刀泉集团科技大楼,114.374662,30.517583,珞喻路426号,商务写字楼,,120201,商务住宅,楼宇,商务写字楼
证券大厦(珞喻路),114.384624,30.515374,珞喻路540号(武汉体育学院地铁站D口步行430米),商务写字楼,,120201,商务住宅,楼宇,商务写字楼
国威大厦(建设中),114.381156,30.515618,珞喻路辅路与明志路交叉口东南180米,商务写字楼,,120201,商务住宅,楼宇,商务写字楼
春和天地大厦,114.394519,30.507802,珞喻路与紫珞路交叉口东南180米,商务写字楼,,120201,商务住宅,楼宇,商务写字楼
华乐商务中心,114.392512,30.509527,珞喻路716号,商务写字楼,,120201,商务住宅,楼宇,商务写字楼
华乐大厦(珞喻路),114.393132,30.509243,珞喻路716号华乐山庄,商务写字楼,,120201,商务住宅,楼宇,商务写字楼
宏鹏教育综合大楼,114.39548,30.506839,珞喻路与光谷环岛交叉口西280米,商务写字楼,,120201,商务住宅,楼宇,商务写字楼
电信大院办公楼,114.395175,30.507625,电信小区(光谷广场地铁站T口步行200米),商务写字楼,,120201,商务住宅,楼宇,商务写字楼
光谷中心花园写字楼,114.39605,30.505364,虎泉街430附9号(光谷广场地铁站F口步行140米),商务写字楼,,120201,商务住宅,楼宇,商务写字楼
华乐商务中心260211栋,114.392578,30.509765,珞喻路716号华乐商务中心,商务写字楼,,120201,商务住宅,楼宇,商务写字楼
东方怡景大厦A座,114.392243,30.509975,珞喻路618号东方怡景大厦,商务写字楼,,120201,商务住宅,楼宇,商务写字楼
东方怡景大厦,114.392221,30.51004,珞喻路618号,商务写字楼,,120201,商务住宅,楼宇,商务写字楼
东方怡景大厦B座,114.392196,30.510134,珞喻路618号东方怡景大厦,商务写字楼,,120201,商务住宅,楼宇,商务写字楼
天地德成大厦,114.39628,30.503686,虎泉街414号附4102号,商务写字楼,,120201,商务住宅,楼宇,商务写字楼
光谷银座,114.39447,30.509692,珞瑜路鲁巷车站旁,商务写字楼,,120201,商务住宅,楼宇,商务写字楼
东谷银座,114.394878,30.509519,珞喻路727号,商务写字楼,,120201,商务住宅,楼宇,商务写字楼
武汉融众国际B座,114.39645,30.50795,珞喻路889-1号融众国际,商务写字楼,,120201,商务住宅,楼宇,商务写字楼
融众国际,114.396444,30.507967,珞喻路889-1号,商务写字楼,,120201,商务住宅,楼宇,商务写字楼
柏丽大厦,114.397242,30.506195,光谷珞喻路726号,商务写字楼,,120201,商务住宅,楼宇,商务写字楼
东湖阳光A座,114.390589,30.511388,吴家湾特1号甲27号东湖阳光,商务写字楼,,120201|120203,商务住宅,楼宇,商务写字楼
新都汇A栋,114.39485,30.51005,珞瑜路727号新都汇,商务写字楼,,120201,商务住宅,楼宇,商务写字楼
新都汇写字楼,114.394837,30.510077,珞瑜路727号新都汇,商务写字楼,,120201,商务住宅,楼宇,商务写字楼
东湖阳光B座,114.390212,30.51171,吴家湾特1号甲27号东湖阳光,商务写字楼,,120201|120203,商务住宅,楼宇,商务写字楼
湖北民营高科技综合楼,114.393175,30.511175,珞瑜路609号联合国际,商务写字楼,,120201,商务住宅,楼宇,商务写字楼
联合国际,114.393184,30.51119,珞瑜路609号,商务写字楼,,120201,商务住宅,楼宇,商务写字楼
湖北信息产业科技大厦,114.39235,30.511663,珞喻路吴家湾邮科院特1号,商务写字楼,,120201,商务住宅,楼宇,商务写字楼
光谷中心花园B座写字楼,114.397125,30.508425,光谷中心花园(光谷广场地铁站U口步行190米),商务写字楼,,120201,商务住宅,楼宇,商务写字楼
吴家湾大厦,114.389344,30.51225,珞喻路590号,商务写字楼,,120201,商务住宅,楼宇,商务写字楼
吴家湾大厦物业,114.389325,30.512275,珞喻路590号吴家湾大厦,商务写字楼,,120201,商务住宅,楼宇,商务写字楼
万创国际,114.398125,30.507125,珞喻路与光谷环岛交叉口西北60米,商务写字楼,,120201,商务住宅,楼宇,商务写字楼
光谷国际广场A座,114.39806,30.507322,珞喻路889号光谷国际广场1F层,商务写字楼,,120201,商务住宅,楼宇,商务写字楼
光谷国际广场写字楼,114.398129,30.507348,珞喻路889号(光谷广场地铁站U口步行70米),商务写字楼,,120201,商务住宅,楼宇,商务写字楼
光谷广场双子塔,114.398707,30.50468,民族大道与光谷环岛交叉口南80米,商务写字楼,,120201,商务住宅,楼宇,商务写字楼
光谷国际广场,114.398311,30.507419,珞喻路889号(光谷广场地铁站U口步行70米),商务写字楼,,120201,商务住宅,楼宇,商务写字楼
光谷国际广场B座,114.398578,30.507596,东湖开发区珞瑜路889号光谷广场1层,商务写字楼,,120201,商务住宅,楼宇,商务写字楼
湖北省自然资源厅测绘地理信息大楼,114.399414,30.503064,民族大道39号(光谷广场地铁站H口步行190米),商务写字楼,,120201,商务住宅,楼宇,商务写字楼
烽火科技大厦,114.391418,30.513501,邮科院路88号,商务写字楼,,120201,商务住宅,楼宇,商务写字楼
光谷资本大厦1栋,114.400118,30.50423,关山街道民院路1号光谷资本大厦,商务写字楼,,120201,商务住宅,楼宇,商务写字楼
光谷资本大厦,114.400126,30.504191,关山街道民院路1号,商务写字楼,,120201,商务住宅,楼宇,商务写字楼
省五建置业楼,114.399962,30.507737,珞喻路988号(光谷广场地铁站Q口步行100米),商务写字楼,,120201,商务住宅,楼宇,商务写字楼
光谷资本大厦2栋,114.400365,30.503786,关山街道民院路1号光谷资本大厦,商务写字楼,,120201,商务住宅,楼宇,商务写字楼
光谷资本大厦B区,114.400425,30.503775,关山街道民院路1号光谷资本大厦,商务写字楼,,120201,商务住宅,楼宇,商务写字楼
世界城中心,114.400625,30.505225,珞喻路766号光谷世界城,商务写字楼,,120201,商务住宅,楼宇,商务写字楼
世界城中心写字楼,114.401039,30.504946,光谷街1号(光谷广场地铁站J口步行140米),商务写字楼,,120201,商务住宅,楼宇,商务写字楼
多特综合楼,114.399354,30.510579,鲁巷鲁磨路(光谷广场地铁站R口步行420米),商务写字楼,,120201,商务住宅,楼宇,商务写字楼
盈龙科技创业大厦,114.399306,30.510767,鲁磨路207号,商务写字楼,,120201,商务住宅,楼宇,商务写字楼
节能科技大厦,114.399337,30.511202,鲁磨路119号(光谷广场地铁站R口步行480米),商务写字楼,,120302|120201,商务住宅,住宅区,住宅小区
维纳阳光,114.401222,30.508301,光谷联合科技城(珞雄路地铁站E口步行320米),商务写字楼,,120201,商务住宅,楼宇,商务写字楼
联峰时代广场B栋,114.400175,30.510525,鲁磨路108号联峰时代广场,商务写字楼,,120201,商务住宅,楼宇,商务写字楼
联峰时代广场C栋,114.400125,30.510725,鲁磨路附6号公交车站对面联峰时代大厦,商务写字楼,,120201,商务住宅,楼宇,商务写字楼
国光大厦B座,114.399578,30.511908,鲁磨路243号,商务写字楼,,120201,商务住宅,楼宇,商务写字楼
国光大厦,114.399458,30.512053,鲁磨路243号,商务写字楼,,120201,商务住宅,楼宇,商务写字楼
联峰广场B栋,114.400925,30.510525,鲁磨路与紫菘花园路交叉口东140米,商务写字楼,,120201,商务住宅,楼宇,商务写字楼
国光大厦A座,114.399623,30.512373,鲁磨路243号国光大厦,商务写字楼,,120201,商务住宅,楼宇,商务写字楼
光谷世界城,114.403157,30.505578,珞喻路766号(光谷广场地铁站L口步行160米),商务写字楼,,120201,商务住宅,楼宇,商务写字楼
光谷世界城C座,114.403228,30.504754,珞喻路766号光谷世界城,商务写字楼,,120201,商务住宅,楼宇,商务写字楼
世界城广场写字楼,114.404407,30.505903,加州阳光花艺街与利嘉西路交叉口东北60米,商务写字楼,,120201,商务住宅,楼宇,商务写字楼
老尚都A座,114.404881,30.504608,利嘉西路与加州阳光花艺街交叉口东南140米,商务写字楼,,120201,商务住宅,楼宇,商务写字楼
当代大厦,114.400134,30.51473,鲁磨路369号,商务写字楼,,120201,商务住宅,楼宇,商务写字楼
世界城广场负一楼,114.405925,30.506125,世界城广场新尚都(珞雄路地铁站B通道口步行170米),商务写字楼,,120201,商务住宅,楼宇,商务写字楼
世界城广场写字楼-座椅,114.405742,30.506543,珞喻路766号世界城广场F3(珞雄路地铁站出入口旁),商务写字楼,,120201,商务住宅,楼宇,商务写字楼
华工科技产业大厦,114.410508,30.507393,珞喻路876号(华中科技大学地铁站A1口步行290米),商务写字楼,,120201,商务住宅,楼宇,商务写字楼
新能源大楼,114.40651,30.51042,紫荆路与西五路交叉口东南80米,商务写字楼,,120201,商务住宅,楼宇,商务写字楼
关山高新大厦,114.41099,30.507349,珞喻路878号附2号,商务写字楼,,120201,商务住宅,楼宇,商务写字楼
琨瑜国际中心6栋,114.414122,30.503283,关山大道77号琨瑜国际中心,商务写字楼,,120201,商务住宅,楼宇,商务写字楼
琨瑜国际中心15A楼,114.41439,30.502911,关山大道77号琨瑜国际中心,商务写字楼,,120201,商务住宅,楼宇,商务写字楼
中建三局光谷之星总部大楼,114.401825,30.514975,鲁磨路226号中建东湖之星,商务写字楼,,120201,商务住宅,楼宇,商务写字楼
中建大厦A座,114.40113,30.51525,鲁磨路306号中建大厦(华科大西路),商务写字楼,,120201,商务住宅,楼宇,商务写字楼
中建大厦(华科大西路),114.401084,30.51524,鲁磨路306号,商务写字楼,,120201,商务住宅,楼宇,商务写字楼
中建宝谷商务中心,114.401244,30.51582,鲁磨路308号中建宝谷大厦4-23层,商务写字楼,,120201,商务住宅,楼宇,商务写字楼
剑桥汇大堂,114.418725,30.506275,剑桥汇(华中科技大学地铁站C口步行420米),商务写字楼,,120201,商务住宅,楼宇,商务写字楼
湖北省交通投资有限公司交投办公楼,114.422275,30.507375,珞喻路辅路与喻家湖路交叉口西北160米,商务写字楼,,120201,商务住宅,楼宇,商务写字楼
东湖广场-写字楼,114.422734,30.507468,关山珞喻路1077号东湖广场,商务写字楼,,120201,商务住宅,楼宇,商务写字楼
国际青年汇A栋,114.424025,30.505125,光谷大道与珞喻东路辅路交叉口南140米,商务写字楼,,120201,商务住宅,楼宇,商务写字楼
光谷1号,114.424038,30.505466,光谷大道1-1号(光谷大道地铁站B口步行140米),商务写字楼,,120201,商务住宅,楼宇,商务写字楼
未来之光,114.424697,30.503952,光谷大道3号(光谷大道地铁站B口步行310米),商务写字楼,,120201,商务住宅,楼宇,商务写字楼
光谷1号A座,114.424875,30.505175,光谷大道1-1号光谷1号,商务写字楼,,120201,商务住宅,楼宇,商务写字楼
光谷1号国际青年汇B栋,114.424875,30.505175,光谷大道与珞喻东路辅路交叉口东南160米,商务写字楼,,120201,商务住宅,楼宇,商务写字楼
天龙投资大厦,114.424491,30.507522,喻家湖路与珞喻东路辅路交叉口东北120米,商务写字楼,,120201,商务住宅,楼宇,商务写字楼
纽铂国际,114.42449,30.509658,喻家湖路12附7金地·华公馆,商务写字楼,,120201,商务住宅,楼宇,商务写字楼
曙光广场一期B座B1-09号铺,114.425475,30.509475,喻家湖东路与喻家湖路辅路交叉口东120米,商务写字楼,,120201,商务住宅,楼宇,商务写字楼
光谷国际商会大厦A座,114.429973,30.504751,珞喻路456号,商务写字楼,,120201,商务住宅,楼宇,商务写字楼
光谷国际商会大厦1栋,114.430175,30.504625,珞喻路456号光谷国际商会大厦,商务写字楼,,120201,商务住宅,楼宇,商务写字楼
光谷国际商会大厦,114.430221,30.504552,珞喻路456号,商务写字楼,,120201,商务住宅,楼宇,商务写字楼
光谷国际商会大厦B座,114.430319,30.504402,珞瑜路456号,商务写字楼,,120201|120203,商务住宅,楼宇,商务写字楼
高科大厦(佳园路),114.43056,30.50531,东湖新技术开发区佳园路2号,商务写字楼,,120201,商务住宅,楼宇,商务写字楼
华光大厦(佳园路),114.430986,30.504349,东湖新技术开发区佳园路6号,商务写字楼,,120201,商务住宅,楼宇,商务写字楼
青藤创空间1号楼,114.431675,30.503675,佳园路5号关东科技工业园,商务写字楼,,120100|120201,商务住宅,,
光通信产业大楼,114.4307,30.500619,东湖新技术开发区东信路5-6号烽火科技-北区,商务写字楼,,120201,商务住宅,楼宇,商务写字楼
湖北省测绘事业发展大厦,114.431832,30.504186,民族大道39号(佳园路地铁站A口步行440米),商务写字楼,,120201,商务住宅,楼宇,商务写字楼
计算机新大楼,114.430556,30.509927,珞喻东路834号,商务写字楼,,120201,商务住宅,楼宇,商务写字楼
武汉东湖新技术开发区佳园路9号同享综合楼,114.431671,30.50228,木香路与佳园路交叉口东40米,商务写字楼,,120201,商务住宅,楼宇,商务写字楼
慧谷时空,114.432091,30.504993,新技术开发区珞瑜路与华光大道交汇处,商务写字楼,,120201,商务住宅,楼宇,商务写字楼
C+Work同亨大厦,114.431707,30.501905,佳园路9号(佳园路地铁站A口步行100米),商务写字楼,,120201,商务住宅,楼宇,商务写字楼
玖鼎商业大厦,114.431675,30.501175,佳园路13号创业广场(佳园路地铁站A口步行60米),商务写字楼,,120201,商务住宅,楼宇,商务写字楼
武汉正维电子一楼,114.432543,30.503085,佳园路5号关东科技工业园,商务写字楼,,120201,商务住宅,楼宇,商务写字楼
众创楼,114.432304,30.501832,东湖开发区关东科技园佳园路木香路2号湖北高投双创工坊创业资本汇,商务写字楼,,120201,商务住宅,楼宇,商务写字楼
创业资本汇领创楼,114.43271,30.501942,佳园路木香路2号(佳园路地铁站A口步行340米),商务写字楼,,120201,商务住宅,楼宇,商务写字楼
航天科工武汉磁电有限公司科研楼,114.432525,30.501175,洪山区高新区华光大道佳园路11号航天科工武汉磁电有限责任公司,商务写字楼,,120201,商务住宅,楼宇,商务写字楼
创业广场7栋,114.431678,30.499354,光谷创业街与佳园路交叉口东80米,商务写字楼,,120201,商务住宅,楼宇,商务写字楼
创芯楼,114.434275,30.503775,玉兰路与关东园路交叉口西20米,商务写字楼,,120201,商务住宅,楼宇,商务写字楼
汉阳客运中心综合楼,114.188404,30.525687,龙阳大道211号汉阳客运中心,商务写字楼,,120201,商务住宅,楼宇,商务写字楼
汉阳中心,114.188446,30.526188,龙阳大道与工业园东路交叉口南160米,商务写字楼,,120201,商务住宅,楼宇,商务写字楼
湖北路桥大厦,114.187771,30.52752,东风大道36号(汉阳客运站地铁站D口步行160米),商务写字楼,,120201,商务住宅,楼宇,商务写字楼
经开未来城A栋,114.188324,30.528155,龙阳大道与四新南路交叉口西南160米,商务写字楼,,120201,商务住宅,楼宇,商务写字楼
经开未来城D座,114.188605,30.528694,四新南路与龙阳大道交叉口西100米,商务写字楼,,120201,商务住宅,楼宇,商务写字楼
经开未来城C栋,114.187858,30.529282,新华园路与四新南路交叉口南60米,商务写字楼,,120201,商务住宅,楼宇,商务写字楼
金盛国际荣力广场,114.188775,30.529725,四新南路与墨竹路交叉口东100米,商务写字楼,,120201|120302,商务住宅,楼宇,商务写字楼
海联综合楼,114.190925,30.528375,四新南路910号升官渡社区,商务写字楼,,120201,商务住宅,楼宇,商务写字楼
海伦春天F01座,114.185497,30.531748,四新南路与车友路交叉口东140米,商务写字楼,,120201,商务住宅,楼宇,商务写字楼
S2商业,114.202675,30.524525,凤凰湖环路方岛金茂智慧科学城A4地块,商务写字楼,,120201,商务住宅,楼宇,商务写字楼
中关村科技大厦,114.200456,30.527361,中关村·动漫城(芳草路地铁站C口步行440米),商务写字楼,,120201,商务住宅,楼宇,商务写字楼
方岛中心,114.203625,30.525025,方岛金茂智慧科学城,商务写字楼,,120201,商务住宅,楼宇,商务写字楼
万达广场B1栋,114.199652,30.530283,四新大道608号万达广场(武汉汉阳店),商务写字楼,,120201,商务住宅,楼宇,商务写字楼
格林药业办公楼,114.192725,30.531425,经济技术开发区东风大道1号湖北格林药业有限公司(四新大道),商务写字楼,,120201,商务住宅,楼宇,商务写字楼
湖北济和医药有限公司仓库办公楼,114.192877,30.531514,龙阳大道189号(四新大道地铁站D口步行490米),商务写字楼,,120201,商务住宅,楼宇,商务写字楼
新阳大厦1栋,114.197575,30.531975,四新大道与汉城路交叉口东100米,商务写字楼,,120201,商务住宅,楼宇,商务写字楼
新阳大厦,114.197637,30.532018,汉城路汉荣苑西南侧约170米,商务写字楼,,120201,商务住宅,楼宇,商务写字楼
绿地中央广场D区北,114.213271,30.519454,绿地中央广场D区,商务写字楼,,120201,商务住宅,楼宇,商务写字楼
方舱便民驿站综合楼,114.215675,30.519925,四新大道与凤凰湖环路交叉口东南100米,商务写字楼,,120201,商务住宅,楼宇,商务写字楼
江城大道366号绿地新都会1号楼,114.216606,30.51744,绿地中央广场,商务写字楼,,120201,商务住宅,楼宇,商务写字楼
天祥广场B栋B座,114.219025,30.520325,江城大道360号天祥广场B栋,商务写字楼,,120201,商务住宅,楼宇,商务写字楼
悦澜天地A座,114.215075,30.527425,悦澜天地,商务写字楼,,120201,商务住宅,楼宇,商务写字楼
欣隆一号公馆B座,114.220225,30.521275,江城大道358号欣隆·一号公馆,商务写字楼,,120201,商务住宅,楼宇,商务写字楼
绿地悦澜湾2A裙楼,114.217025,30.526825,四新北路与凤仪路交叉口东南160米,商务写字楼,,120201,商务住宅,楼宇,商务写字楼
博大星光国际2期A3写字楼,114.220975,30.522925,星光国际2期,商务写字楼,,120201,商务住宅,楼宇,商务写字楼
慕金星光,114.220982,30.52294,梅林二街博大星光国际2期A3写字楼2层26-32层,商务写字楼,,120201,商务住宅,楼宇,商务写字楼
问茶·商务中心,114.221325,30.522975,星光国际2期,商务写字楼,,120201,商务住宅,楼宇,商务写字楼
武汉光明中心,114.222665,30.518326,四新大道28号,商务写字楼,,120201,商务住宅,楼宇,商务写字楼
海伦堡海悦世界5栋B座,114.223345,30.520779,江城大道358号海伦堡·海悦世界5号楼,商务写字楼,,120201,商务住宅,楼宇,商务写字楼
鑫烨大厦,114.223335,30.522186,四新中央生活区,商务写字楼,,120201,商务住宅,楼宇,商务写字楼
纽家城市广场,114.205112,30.532222,四新北路与芳草路交叉口东南60米,商务写字楼,,120201,商务住宅,楼宇,商务写字楼
中铁十一局汉阳总部大厦(建设中),114.21167,30.531259,四新地区管委会四新北路680号中国铁建·御湖,商务写字楼,,120201,商务住宅,楼宇,商务写字楼
邮政大楼,114.227703,30.521038,四新北路317号,商务写字楼,,120201,商务住宅,楼宇,商务写字楼
龙腾国际广场,114.226135,30.522564,梅林东路龙腾国际广场,商务写字楼,,120201,商务住宅,楼宇,商务写字楼
匠心荟创新中心A座,114.226058,30.522814,龙腾国际广场,商务写字楼,,120201,商务住宅,楼宇,商务写字楼
鲤鱼洲家园商业B座,114.229725,30.521275,四新北路北50米鲤鱼洲家园,商务写字楼,,120201,商务住宅,楼宇,商务写字楼
武汉建工摩诃办公大楼项目,114.231324,30.519646,江堤街四新北路315号江堤街社区卫生服务中心,商务写字楼,,120201,商务住宅,楼宇,商务写字楼
泰康同济(武汉)医院-综合楼D,114.231761,30.521981,四新北路322号泰康同济(武汉)医院,商务写字楼,,120201,商务住宅,楼宇,商务写字楼
武汉四新希尔顿欢朋大厦,114.230775,30.523625,梅林一街与连通港西路交叉口西120米,商务写字楼,,120201,商务住宅,楼宇,商务写字楼
龙腾•众创产业园,114.230812,30.523717,鲤鱼洲家园27号商业楼4-11层,商务写字楼,,120201,商务住宅,楼宇,商务写字楼
高卓A座,114.233863,30.524902,连通港西路7号,商务写字楼,,120201,商务住宅,楼宇,商务写字楼
高卓大厦,114.234203,30.524475,鲤鱼洲路36号,商务写字楼,,120201,商务住宅,楼宇,商务写字楼
麦普利斯广场B座,114.225125,30.530775,麦普利斯广场,商务写字楼,,120201,商务住宅,楼宇,商务写字楼
麦普利斯广场,114.225951,30.531659,招商公园1872,商务写字楼,,120201,商务住宅,楼宇,商务写字楼
麦普利斯广场A座,114.225862,30.531722,书台路与三青路辅路交叉口北60米,商务写字楼,,120201,商务住宅,楼宇,商务写字楼
环卫综合楼,114.238825,30.519675,汉新大道与江堤中路交叉口西200米,商务写字楼,,120201,商务住宅,楼宇,商务写字楼
匠心荟·创芯中心C座,114.238325,30.524575,汉阳四新向阳教育产业园万德国际智创中心,商务写字楼,,120201,商务住宅,楼宇,商务写字楼
匠心荟·创芯中心A栋,114.238275,30.525075,鲤鱼洲路3号匠心荟·创芯中心,商务写字楼,,120201,商务住宅,楼宇,商务写字楼
文选路2号招商公园1872项目A3-2地块花园里商业栋,114.226575,30.533225,书台路与墨水湖南路交叉口西南160米,商务写字楼,,120201,商务住宅,楼宇,商务写字楼
黄鹤楼酒业综合办公楼,114.249225,30.518815,洲头街办事处鹦鹉大道558号黄鹤楼酒·南派大清香酿造基地,商务写字楼,,120201,商务住宅,楼宇,商务写字楼
敬老楼,114.248964,30.522296,向阳雅居,商务写字楼,,120201,商务住宅,楼宇,商务写字楼
环保楼,114.256688,30.519816,芳草苑(前进村地铁站B口步行400米),商务写字楼,,120201,商务住宅,楼宇,商务写字楼
复悦里商业广场公寓写字楼,114.26065,30.52075,新港西路与芳洲路交叉口西北140米,商务写字楼,,120201,商务住宅,楼宇,商务写字楼
复地海上海C栋,114.26248,30.521383,建港路1号复地·海上海,商务写字楼,,120201,商务住宅,楼宇,商务写字楼
航空国际,114.261237,30.529504,桥机嘉园南区(建港地铁站C口步行350米),商务写字楼,,120201,商务住宅,楼宇,商务写字楼
世茂外滩W商业中心,114.270625,30.533325,阳新路与鹦鹉路交叉口东北160米,商务写字楼,,120201,商务住宅,楼宇,商务写字楼
长江天地3栋,114.29491,30.525773,玻璃厂街77号,商务写字楼,,120201,商务住宅,楼宇,商务写字楼
长江天地珺廷1期-S1栋大堂,114.294925,30.526282,玻璃厂街9号,商务写字楼,,120201,商务住宅,楼宇,商务写字楼
晏宅大厦,114.297775,30.525225,新桥街与八铺街交叉口北180米,商务写字楼,,120201,商务住宅,楼宇,商务写字楼
武太闸三角塘综合楼,114.301175,30.520675,兴隆街与武金堤路交叉口东南100米,商务写字楼,,120201,商务住宅,楼宇,商务写字楼
武金堤综合楼,114.302917,30.521383,巡司河街与起义南街交叉口西160米,商务写字楼,,120201,商务住宅,楼宇,商务写字楼
鄂州大厦,114.308398,30.521635,中山路598号,商务写字楼,,120201,商务住宅,楼宇,商务写字楼
武太闸大市场综合楼,114.309125,30.520525,紫阳街道南湖路栅栏口16号(近中山路)武昌区武泰闸综合大市场,商务写字楼,,120201,商务住宅,楼宇,商务写字楼
复兴大厦,114.301815,30.531451,复兴路36号(复兴路地铁站H口步行100米),商务写字楼,,120201,商务住宅,楼宇,商务写字楼
海达广场A栋门面蜗艾蜗家店,114.30053,30.532142,复兴路53号海达广场内第一层A009、A010号,商务写字楼,,120201,商务住宅,楼宇,商务写字楼
第719研究所机关楼,114.311775,30.528275,中山路辅路与梅家山立交交叉口西北360米,商务写字楼,,120201,商务住宅,楼宇,商务写字楼
七一九所总体办公大楼,114.311777,30.528299,首义路街道中山路450号,商务写字楼,,120201,商务住宅,楼宇,商务写字楼
远歌阳朔写字楼,114.317166,30.52118,雄楚大道与井市路交叉口西60米,商务写字楼,,120201,商务住宅,楼宇,商务写字楼
校友创新中心,114.317121,30.522384,洪山街道雄楚大道21号,商务写字楼,,120201,商务住宅,楼宇,商务写字楼
工建设计院大楼,114.319125,30.520225,雄楚大道与平安路交叉口西40米,商务写字楼,,120201,商务住宅,楼宇,商务写字楼
尚文科技大厦19A,114.320925,30.521975,静安路6号5.5创意产业园,商务写字楼,,120201,商务住宅,楼宇,商务写字楼
武昌火车站黄鹤楼商务中心,114.320925,30.522225,静安路6号5.5创意产业园,商务写字楼,,120201,商务住宅,楼宇,商务写字楼
尚文科技大厦20号楼,114.321125,30.522075,静安路6号5.5创意产业园,商务写字楼,,120201,商务住宅,楼宇,商务写字楼
江宏大厦A座,114.324042,30.519732,雄楚大街89号,商务写字楼,,120201,商务住宅,楼宇,商务写字楼
武昌火车站综合楼,114.315125,30.530225,千家街与张之洞路交叉口南300米,商务写字楼,,120201,商务住宅,楼宇,商务写字楼
安腾国际广场AB座,114.315325,30.530875,安腾国际广场(武昌火车站地铁站A口步行70米),商务写字楼,,120201,商务住宅,楼宇,商务写字楼
安腾国际广场,114.315337,30.530896,千家街与张之洞路交叉口南220米,商务写字楼,,120201,商务住宅,楼宇,商务写字楼
安腾国际广场1栋,114.315325,30.530925,千家街与张之洞路交叉口南220米,商务写字楼,,120201,商务住宅,楼宇,商务写字楼
安腾国际广场401A座,114.314938,30.531443,安腾国际广场(武昌火车站地铁站A口步行150米),商务写字楼,,120201,商务住宅,楼宇,商务写字楼
武昌国控大厦,114.31582,30.531931,千家街与张之洞路交叉口南100米,商务写字楼,,120201,商务住宅,楼宇,商务写字楼
万金汇,114.317323,30.5318,紫阳东路天伦万金国际广场(武昌火车站地铁站D口旁),商务写字楼,,120201|060000,商务住宅,楼宇,商务写字楼
万金国际广场A栋,114.317475,30.532075,万金国际广场(武昌火车站地铁站E口步行100米),商务写字楼,,120201,商务住宅,楼宇,商务写字楼
通信信号综合楼,114.320875,30.531275,东安路与紫阳东路交叉口西南40米,商务写字楼,,120201,商务住宅,楼宇,商务写字楼
华通大楼,114.31322,30.532929,张之洞路与首义五巷交叉口东200米,商务写字楼,,120201,商务住宅,楼宇,商务写字楼
华泰大厦,114.323425,30.530875,静安路与紫阳东路交叉口西南40米,商务写字楼,,120201,商务住宅,楼宇,商务写字楼
弘业俊园A座,114.33075,30.523956,涂家岭(丁字桥地铁站C口步行420米),商务写字楼,,120201|120302,商务住宅,楼宇,商务写字楼
群艺馆办公楼,114.330625,30.525525,丁字桥路56号湖北省群众艺术馆,商务写字楼,,120201,商务住宅,楼宇,商务写字楼
创业楼,114.331508,30.525632,丁字桥路39号附1号,商务写字楼,,120201,商务住宅,楼宇,商务写字楼
中国人寿大楼,114.332125,30.526275,丁字桥路与福安街交叉口东北180米,商务写字楼,,120201,商务住宅,楼宇,商务写字楼
建通大厦,114.331432,30.526519,丁字桥路50号附3号,商务写字楼,,120201,商务住宅,楼宇,商务写字楼
宸胜中心,114.340631,30.523456,石牌岭路130号,商务写字楼,,120201,商务住宅,楼宇,商务写字楼
中南欢乐汇A座,114.332361,30.529615,中南欢乐汇,商务写字楼,,120201,商务住宅,楼宇,商务写字楼
湖北省机电研究院写字楼,114.340725,30.523475,石牌岭路与轻校路交叉口西北120米,商务写字楼,,120201,商务住宅,楼宇,商务写字楼
公安厅西院1号办公楼,114.32981,30.529885,付家坡一路33号湖北省公安厅西院,商务写字楼,,120201,商务住宅,楼宇,商务写字楼
湖北省公安厅西院综合楼,114.329625,30.529925,付家坡一路33号湖北省公安厅西院,商务写字楼,,120201,商务住宅,楼宇,商务写字楼
老干所门厅大厦,114.333925,30.529375,丁字桥路与文安街北段交叉口东南60米,商务写字楼,,120201,商务住宅,楼宇,商务写字楼
中南SOHO城B座,114.328802,30.530037,付家坡一路与傅家坡一路交叉口西100米,商务写字楼,,120201,商务住宅,楼宇,商务写字楼
中铁物资集团中南有限公司办公大楼,114.335461,30.528953,丁字桥路25号,商务写字楼,,120201,商务住宅,楼宇,商务写字楼
中南SOHO城-1座1号楼,114.328825,30.530275,付家坡一路与傅家坡一路交叉口西80米,商务写字楼,,120201,商务住宅,楼宇,商务写字楼
中南SOHO城A座,114.328845,30.530282,付家坡一路与傅家坡一路交叉口西80米,商务写字楼,,120201,商务住宅,楼宇,商务写字楼
湖北省社科联大楼,114.327624,30.530489,文安街与民安巷交叉口东南40米,商务写字楼,,120201,商务住宅,楼宇,商务写字楼
伟鹏大厦1号楼,114.325578,30.530568,文安街与梅苑路交叉口东南80米,商务写字楼,,120201,商务住宅,楼宇,商务写字楼
伟鹏大厦,114.325248,30.530656,紫阳东路77号(梅苑小区地铁站A口步行120米),商务写字楼,,120201,商务住宅,楼宇,商务写字楼
麦芽堂B座,114.326275,30.531075,梅苑小区(梅苑小区地铁站D口旁),商务写字楼,,120201,商务住宅,楼宇,商务写字楼
中南国际汇A10号楼,114.334385,30.530913,中南国际汇(丁字桥路),商务写字楼,,120201,商务住宅,楼宇,商务写字楼
中南国际汇7B,114.334375,30.531025,中南国际汇(丁字桥路),商务写字楼,,120201,商务住宅,楼宇,商务写字楼
银河苑公寓B座,114.331638,30.531633,傅家坡一路银河苑公寓,商务写字楼,,120201,商务住宅,楼宇,商务写字楼
梅苑小区站地铁物业A座,114.325227,30.531145,梅苑小区(梅苑小区地铁站A口步行70米),商务写字楼,,120201,商务住宅,楼宇,商务写字楼
嘉讯传媒大楼,114.335435,30.530954,武珞路558号,商务写字楼,,120201,商务住宅,楼宇,商务写字楼
中南国际汇8C栋,114.334375,30.531375,中南国际汇(丁字桥路),商务写字楼,,120201,商务住宅,楼宇,商务写字楼
石牌岭路精典公寓D座,114.34208,30.526531,石牌岭路与文安街交叉口西南80米,商务写字楼,,120201,商务住宅,楼宇,商务写字楼
中南新村H栋综合楼,114.331078,30.532556,付家坡一路23号中南新村,商务写字楼,,120201,商务住宅,楼宇,商务写字楼
武商梦时代7FB区,114.340075,30.529275,武商梦时代(宝通寺地铁站A口步行120米),商务写字楼,,120201,商务住宅,楼宇,商务写字楼
合丰财富时代,114.334732,30.532054,武珞路558号附7号,商务写字楼,,120201,商务住宅,楼宇,商务写字楼
武珞路558号综合楼A栋,114.335775,30.531725,武珞路与丁字桥路交叉口东南160米,商务写字楼,,120201,商务住宅,楼宇,商务写字楼
武商梦时代HOKA,114.34064,30.528905,武商梦时代1楼HOKA A117迪桑特旁边,商务写字楼,,120201,商务住宅,楼宇,商务写字楼
思特大厦,114.334,30.532379,武珞路282号,商务写字楼,,120201,商务住宅,楼宇,商务写字楼
合丰财富时代C座,114.334781,30.532174,武珞路558号附7号合丰财富时代,商务写字楼,,120201,商务住宅,楼宇,商务写字楼
省安监局办公楼,114.327675,30.533075,安监局桂苑小区(梅苑小区地铁站C口步行420米),商务写字楼,,120201,商务住宅,楼宇,商务写字楼
新时代商务中心-东裙楼,114.331103,30.533262,武珞路456号新时代商务中心,商务写字楼,,120201,商务住宅,楼宇,商务写字楼
华宫大厦,114.331658,30.533261,武珞路460号聚豪华庭小区,商务写字楼,,120201,商务住宅,楼宇,商务写字楼
中南国际城D2座,114.329856,30.533374,中南国际城D2座610(十五中地铁站B口步行450米),商务写字楼,,120201,商务住宅,楼宇,商务写字楼
瑞普投资大楼,114.342075,30.519175,洪达巷与鉴湖路交叉口西40米,商务写字楼,,120201,商务住宅,楼宇,商务写字楼
洪发大厦,114.350286,30.518177,珞狮路164号(马房山地铁站A口步行160米),商务写字楼,,120201,商务住宅,楼宇,商务写字楼
武汉理工大学马房山校区东院产业大楼,114.351087,30.518865,珞狮路199号(马房山地铁站D口步行360米),商务写字楼,,120201,商务住宅,楼宇,商务写字楼
武汉理工大孵化楼B座,114.35276,30.52304,珞狮路辅路与群光南路交叉口南140米,商务写字楼,,120201,商务住宅,楼宇,商务写字楼
武汉理工大孵化楼A座,114.352677,30.523406,珞狮路122号武汉理工大学马房山校区孵化楼,商务写字楼,,120201,商务住宅,楼宇,商务写字楼
东风商贸大楼附4号楼,114.343325,30.527725,石牌岭路8号东风商贸大楼,商务写字楼,,120201,商务住宅,楼宇,商务写字楼
东风商贸大楼,114.343342,30.527747,石牌岭路8号(宝通寺地铁站B口步行420米),商务写字楼,,120201,商务住宅,楼宇,商务写字楼
文都集团大厦,114.34795,30.527628,智能大厦(街道口地铁站A口步行460米),商务写字楼,,120201,商务住宅,楼宇,商务写字楼
未来公馆B座,114.345959,30.528031,武珞路378号未来公馆,商务写字楼,,120201,商务住宅,楼宇,商务写字楼
匠心城·中航广场B座,114.351828,30.525564,珞狮路112号匠心城·中航广场,商务写字楼,,120201,商务住宅,楼宇,商务写字楼
未来公馆A座,114.345701,30.52809,武珞路378号未来公馆,商务写字楼,,120201,商务住宅,楼宇,商务写字楼
智能大厦,114.347997,30.52773,武珞路辅路与街道口南路交叉口东南40米,商务写字楼,,120201,商务住宅,楼宇,商务写字楼
未来公馆,114.345947,30.528194,武珞路378号(中国人民解放军中部战区总医院对面),商务写字楼,,120203|120201,商务住宅,楼宇,
匠心城·中航广场,114.352068,30.525706,珞狮路112号(街道口地铁站F口步行100米),商务写字楼,,120201|120302,商务住宅,楼宇,商务写字楼
未来城写字楼,114.353012,30.525041,珞狮路入口与珞狮路出口交叉口东北100米,商务写字楼,,120201,商务住宅,楼宇,商务写字楼
武商梦时代C区(2号门),114.342735,30.528323,武商梦时代C区,商务写字楼,,120201,商务住宅,楼宇,商务写字楼
匠心城中航广场A座,114.352314,30.526086,珞狮路112号匠心城·中航广场,商务写字楼,,120201,商务住宅,楼宇,商务写字楼
街道口未来城E座,114.353166,30.525439,珞狮路147号未来城(街道口地铁站N口旁),商务写字楼,,120201,商务住宅,楼宇,商务写字楼
武汉亚贸广场A座写字楼,114.34341,30.528792,武珞路628号(宝通寺地铁站B口步行300米),商务写字楼,,120201,商务住宅,楼宇,商务写字楼
亚贸SOHO,114.343454,30.528904,石牌岭路与武珞路交叉口西南60米,商务写字楼,,120201,商务住宅,楼宇,商务写字楼
洪山建行办公大楼,114.346375,30.528975,武珞路717号珞南街街道口社区,商务写字楼,,120201,商务住宅,楼宇,商务写字楼
阜华大厦D座,114.353913,30.525599,珞狮路辅路与珞喻路辅路交叉口东南100米,商务写字楼,,120201,商务住宅,楼宇,商务写字楼
阜华大厦A座,114.353675,30.525974,珞瑜路20号(街道口地铁站N口步行50米),商务写字楼,,120201,商务住宅,楼宇,商务写字楼
阜华大厦,114.353873,30.525893,珞瑜路20号(街道口地铁站B口步行100米),商务写字楼,,120201,商务住宅,楼宇,商务写字楼
阜华大厦C座,114.354041,30.525742,珞喻路辅路与珞狮路辅路交叉口东南100米,商务写字楼,,120201,商务住宅,楼宇,商务写字楼
阜华大厦B座,114.353795,30.526101,珞喻路2附2号(街道口地铁站N口步行140米),商务写字楼,,120201,商务住宅,楼宇,商务写字楼
亚洲贸易广场B座写字楼,114.342271,30.529518,中南路街办事处武珞路628号,商务写字楼,,120201,商务住宅,楼宇,商务写字楼
珞珈山大厦A座,114.350111,30.528775,珞珈山路与武珞路辅路交叉口东北100米,商务写字楼,,120201,商务住宅,楼宇,商务写字楼
罗氏热干牛肉面(群光广场店),114.354425,30.525525,群光广场负一楼(街道口地铁站B口旁),商务写字楼,,120201,商务住宅,楼宇,商务写字楼
洪山区珞瑜村区委还建大楼,114.355475,30.523975,洪武路与群光南路交叉口东北80米,商务写字楼,,120201,商务住宅,楼宇,商务写字楼
珞珈山大厦8座,114.350163,30.528861,珞珈山大厦(街道口地铁站D口步行370米),商务写字楼,,120201,商务住宅,楼宇,商务写字楼
中航大厦,114.349975,30.529125,珞珈山路与武珞路辅路交叉口北140米,商务写字楼,,120201,商务住宅,楼宇,商务写字楼
中航大厦A号楼,114.349974,30.529138,武珞路辅路832号靠近街道口(地铁站),商务写字楼,,120201,商务住宅,楼宇,商务写字楼
珞珈山大厦B座,114.350619,30.528903,珞喻山路(街道口地铁站D口步行440米),商务写字楼,,120201,商务住宅,楼宇,商务写字楼
群光广场A座,114.355325,30.525175,群光广场(出入口通往二馆),商务写字楼,,120201,商务住宅,楼宇,商务写字楼
群光广场5号楼,114.355484,30.525143,珞狮路5层(街道口地铁站B口步行100米),商务写字楼,,120201,商务住宅,楼宇,商务写字楼
鹏程国际11座,114.354021,30.526946,珞喻路1号1栋1单元鹏程国际A座,商务写字楼,,120201,商务住宅,楼宇,商务写字楼
鹏程国际A座,114.354158,30.526898,珞喻路1号1栋1单元(街道口地铁站C口步行80米),商务写字楼,,120201,商务住宅,楼宇,商务写字楼
博雅美食城,114.357151,30.519103,珞喻路152号博雅园,商务写字楼,,050101|120201,餐饮服务,中餐厅,
新世界百货C座,114.35407,30.52717,珞狮路辅路与珞喻路辅路交叉口东北60米,商务写字楼,,120201,商务住宅,楼宇,商务写字楼
鹏程国际,114.354145,30.527184,珞喻路1号(街道口地铁站C口步行260米),商务写字楼,,120201,商务住宅,楼宇,商务写字楼
鹏程国际C座,114.354289,30.527316,珞瑜路20号(街道口地铁站C口步行280米),商务写字楼,,120201,商务住宅,楼宇,商务写字楼
鹏程国际B座,114.354235,30.527674,鹏程国际旁(街道口地铁站C口步行260米),商务写字楼,,120201,商务住宅,楼宇,商务写字楼
武汉大学中部创意大厦,114.355461,30.526503,街道口地铁站C口步行70米,商务写字楼,,120201,商务住宅,楼宇,商务写字楼
群光中心,114.356635,30.524823,珞喻路10号(星巴克旁边),商务写字楼,,120201,商务住宅,楼宇,商务写字楼
群光中心写字楼15号楼,114.356775,30.524925,珞喻路辅路与洪武路交叉口东南100米,商务写字楼,,120201,商务住宅,楼宇,商务写字楼
群光中心写字楼1218号楼,114.356693,30.525152,珞喻路辅路与洪武路交叉口东60米,商务写字楼,,120201,商务住宅,楼宇,商务写字楼
群光中心写字楼,114.356857,30.524996,群光中心写字楼(二馆星巴克旁),商务写字楼,,120201,商务住宅,楼宇,商务写字楼
珞珈创意大厦,114.355825,30.526554,珞喻路35号银泰创意城(街道口地铁站C口步行100米),商务写字楼,,120201,商务住宅,楼宇,商务写字楼
华成大厦(珞狮路),114.354315,30.528114,珞狮路117号(街道口地铁站C口步行280米),商务写字楼,,120201,商务住宅,楼宇,商务写字楼
湖北省教育科学研究所B座,114.358025,30.522525,桂元路67号湖北省教育科学研究院,商务写字楼,,120201,商务住宅,楼宇,商务写字楼
长江传媒大厦,114.358527,30.524644,珞喻路78号(广埠屯地铁站A口步行350米),商务写字楼,,120201,商务住宅,楼宇,商务写字楼
长江传媒大厦A栋,114.358535,30.524631,珞喻路78号长江传媒大厦,商务写字楼,,120201,商务住宅,楼宇,商务写字楼
长江传媒大厦状元,114.358575,30.524575,珞喻路78号长江传媒大厦,商务写字楼,,120201,商务住宅,楼宇,商务写字楼
湖北文旅珞珈国际T2栋,114.352943,30.530577,珞珈山路299号湖北文旅珞珈国际,商务写字楼,,120201,商务住宅,楼宇,商务写字楼
珞珈国际1-5商业裙楼,114.353252,30.530593,珞珈国际·劝业场,商务写字楼,,120201,商务住宅,楼宇,商务写字楼
武汉大学科技孵化器大楼,114.358759,30.525462,珞喻路辅路与桂元路交叉口东北80米,商务写字楼,,120201,商务住宅,楼宇,商务写字楼
华中师范大学博雅科技大厦,114.359336,30.524554,珞喻路152号(广埠屯地铁站A口步行300米),商务写字楼,,120201,商务住宅,楼宇,商务写字楼
和庭,114.332022,30.527021,丁字桥路50附10号附近,商务写字楼,,120201,商务住宅,楼宇,商务写字楼
维多利大厦,114.363298,30.52273,珞喻路218号(广埠屯地铁站B口步行50米),商务写字楼,,120201,商务住宅,楼宇,商务写字楼
汇通大厦D座,114.362925,30.523775,珞喻路与广珞巷交叉口东40米,商务写字楼,,120201,商务住宅,楼宇,商务写字楼
汇通大厦D1座,114.36286,30.523922,珞喻路与广珞巷交叉口东北60米,商务写字楼,,120201,商务住宅,楼宇,商务写字楼
汇通大厦C座,114.362727,30.524024,珞喻路辅路与广八路交叉口东40米,商务写字楼,,120201,商务住宅,楼宇,商务写字楼
方达科技楼,114.363465,30.523636,珞喻路163号(广埠屯地铁站J口旁),商务写字楼,,120201,商务住宅,楼宇,商务写字楼
汇通大厦(广八路),114.362542,30.524203,珞喻路149号(广埠屯地铁站K口步行50米),商务写字楼,,120201,商务住宅,楼宇,商务写字楼
春和天地,114.364466,30.522911,珞喻路718号(广埠屯地铁站H口旁),商务写字楼,,120201,商务住宅,楼宇,商务写字楼
汇通大厦F座,114.36276,30.524266,广八路与珞喻路辅路交叉口东北60米,商务写字楼,,120201,商务住宅,楼宇,商务写字楼
武汉电脑大世界,114.362064,30.524575,珞喻路131号(广埠屯地铁站K口旁),商务写字楼,,120201,商务住宅,楼宇,商务写字楼
武汉大学测绘科技大厦,114.360775,30.524901,珞珈山16号武汉大学(广埠屯地铁站K口步行230米),商务写字楼,,120201,商务住宅,楼宇,商务写字楼
武汉电脑大世界,114.362474,30.524685,珞喻路131号(广埠屯地铁站K口步行80米),商务写字楼,,120201|060306,商务住宅,楼宇,商务写字楼
双恒创业园器材楼,114.365975,30.520325,珞喻路312号双恒创业园,商务写字楼,,120201|120100,商务住宅,楼宇,商务写字楼
722研究所器材楼,114.366075,30.520275,珞喻路辅路与融智路交叉口西160米,商务写字楼,,120201,商务住宅,楼宇,商务写字楼
双恒创业基地行政楼,114.367075,30.519675,珞喻路辅路与融智路交叉口西南80米,商务写字楼,,120201,商务住宅,楼宇,商务写字楼
联调楼,114.367325,30.519075,珞喻路辅路与融智路交叉口南140米,商务写字楼,,120201,商务住宅,楼宇,商务写字楼
东科楼,114.367614,30.519284,珞喻路326附1号附近(广埠屯地铁站D口步行480米),商务写字楼,,120201,商务住宅,楼宇,商务写字楼
融科·珞瑜中心,114.367644,30.520794,珞喻路95号,商务写字楼,,120201,商务住宅,楼宇,商务写字楼
融科珞瑜中心T3栋,114.367775,30.520825,珞喻路95号融科·珞瑜中心,商务写字楼,,120201,商务住宅,楼宇,商务写字楼
融科·珞瑜路95号院T1栋,114.367825,30.520955,珞喻路298号融科·珞瑜路95号院,商务写字楼,,120201,商务住宅,楼宇,商务写字楼
融科·珞瑜中心T2栋,114.368175,30.521025,珞喻路95号融科·珞瑜中心,商务写字楼,,120201,商务住宅,楼宇,商务写字楼
创客空间C栋,114.367983,30.525783,依云街与广八东路交叉口东南140米,商务写字楼,,120201,商务住宅,楼宇,商务写字楼
御堰府商务中心(虎泉店),114.371267,30.518229,虎泉古玩市场一楼门面,商务写字楼,,120201,商务住宅,楼宇,商务写字楼
国翼大厦,114.355387,30.530414,珞狮路3号,商务写字楼,,120201,商务住宅,楼宇,商务写字楼
康丰生鲜市场东楼,114.363969,30.530907,汉林东路与珞南一路交叉口东南80米,商务写字楼,,120201,商务住宅,楼宇,商务写字楼
清和广场,114.374361,30.518534,珞喻路419号清和广场一楼,商务写字楼,,120201,商务住宅,楼宇,商务写字楼
湖北省卫生计生委行政服务中心A座,114.373909,30.525502,珞南街道卓刀泉北路6号湖北省卫生计生委行政服务中心,商务写字楼,,120201,商务住宅,楼宇,商务写字楼
中科开物大厦,114.356669,30.533031,珞狮路25号(小洪山地铁站A口步行370米),商务写字楼,,120201,商务住宅,楼宇,商务写字楼
中科开物大厦商业广场,114.35675,30.53305,珞珈山路与求是大道交叉口西北60米,商务写字楼,,120201,商务住宅,楼宇,商务写字楼
武汉市水文局办公楼,114.383225,30.518125,水文路与珞喻路辅路交叉口北200米,商务写字楼,,120201,商务住宅,楼宇,商务写字楼
地大珠宝大楼A座,114.402148,30.520963,鲁磨路442号地大珠宝大楼,商务写字楼,,120201,商务住宅,楼宇,商务写字楼
地大珠宝大楼,114.402282,30.520961,鲁磨路400号中国地质大学,商务写字楼,,120201,商务住宅,楼宇,商务写字楼
武汉银河汇商业综合体,114.190525,30.534325,龙阳大道188号方圆荟·奥特莱斯,商务写字楼,,120201,商务住宅,楼宇,商务写字楼
欧亚达汉阳国际广场楼A座,114.197086,30.535747,四新北路与汉城路交叉口西北180米,商务写字楼,,120201,商务住宅,楼宇,商务写字楼
欧亚达汉阳国际广场A3座,114.197125,30.535925,四新北路与龙阳大道交叉口东180米,商务写字楼,,120201,商务住宅,楼宇,商务写字楼
汉阳欧亚达国际广场一楼摩恩,114.197639,30.536429,杨泗港快速路入口与杨泗港快速路交叉口西南180米,商务写字楼,,120201,商务住宅,楼宇,商务写字楼
欧亚达汉阳国际广场写字楼,114.198216,30.535852,汉城路与四新北路交叉口北140米,商务写字楼,,120201,商务住宅,楼宇,商务写字楼
升官渡经贸大厦,114.198144,30.533725,永丰街办事处汉荣苑12栋,商务写字楼,,120201,商务住宅,楼宇,商务写字楼
欧亚达汉阳国际广场B座,114.198438,30.53612,龙阳大道123号(四新大道地铁站B口步行120米),商务写字楼,,120201,商务住宅,楼宇,商务写字楼
武汉市公安局技术大楼,114.202196,30.533606,芳草西路与四新北路交汇处,商务写字楼,,120201,商务住宅,楼宇,商务写字楼
惠誉大厦,114.200156,30.544741,陶家岭路与龙阳大道辅路交叉口西100米,商务写字楼,,120201,商务住宅,楼宇,商务写字楼
陶家岭5.5产业园综合楼,114.197175,30.545825,5·5医药产业大厦,商务写字楼,,120201|120100,商务住宅,楼宇,商务写字楼
5·5医药产业大厦,114.196992,30.545966,陶馨路与陶家岭路交叉口西南100米,商务写字楼,,120201,商务住宅,楼宇,商务写字楼
欧亚达国际家居广场A座,114.20375,30.54615,龙阳大道特18号欧亚达汉阳生活MALL,商务写字楼,,120201,商务住宅,楼宇,商务写字楼
郦湖轩物业服务楼,114.221433,30.537458,墨水湖南路与凤起路交叉口东20米,商务写字楼,,120201,商务住宅,楼宇,商务写字楼
欧亚达家居广场B座,114.20305,30.54665,龙阳大道特18号欧亚达汉阳生活MALL,商务写字楼,,120201,商务住宅,楼宇,商务写字楼
聚信广场,114.246857,30.532658,保和墨水湾,商务写字楼,,120201,商务住宅,楼宇,商务写字楼
季佳·里美好广场写字楼,114.24836,30.538887,马鹦路191号季佳里·美好广场,商务写字楼,,120201,商务住宅,楼宇,商务写字楼
国学经典楼,114.251396,30.534818,高龙路江腾苑B区,商务写字楼,,120201,商务住宅,楼宇,商务写字楼
群团组织楼,114.252178,30.534749,高龙路江腾苑B区,商务写字楼,,120201,商务住宅,楼宇,商务写字楼
望湖荟,114.247739,30.544339,马沧湖路与动物园路交叉口西南140米,商务写字楼,,120201,商务住宅,楼宇,商务写字楼
星空大楼,114.247756,30.545866,动物园路与马沧湖路交叉口西北80米,商务写字楼,,120201|140000,商务住宅,楼宇,商务写字楼
江腾国际广场5A座,114.256525,30.536975,马鹦路117号江腾广场,商务写字楼,,120201,商务住宅,楼宇,商务写字楼
江腾国际广场2A座,114.25616,30.537387,马鹦路与高龙路交叉口东120米,商务写字楼,,120201,商务住宅,楼宇,商务写字楼
中港华晨,114.267585,30.533782,鹦鹉大道与鹦鹉路交叉口东40米,商务写字楼,,120201|170000,商务住宅,楼宇,商务写字楼
远洋国际中心A4座,114.26243,30.544124,归元寺南路1号,商务写字楼,,120201,商务住宅,楼宇,商务写字楼
远洋国际中心11栋,114.262425,30.544175,归元寺南路1号远洋国际中心A4座,商务写字楼,,120201,商务住宅,楼宇,商务写字楼
招商榆林,114.267374,30.538504,鹦鹉大道189号招商愉樾,商务写字楼,,120201,商务住宅,楼宇,商务写字楼
来凤藤茶大厦,114.267352,30.538842,鹦鹉大道215号(马鹦路地铁站B口步行90米),商务写字楼,,120201,商务住宅,楼宇,商务写字楼
江涛大厦,114.265779,30.542025,拦江路219附1号附近(拦江路地铁站A口步行340米),商务写字楼,,120201,商务住宅,楼宇,商务写字楼
世茂锦绣长江C1地块第1号商业座,114.26877,30.536634,鹦鹉街办事处滨江大道192号世茂锦绣长江4期,商务写字楼,,120201,商务住宅,楼宇,商务写字楼
远洋国际中心A3座,114.264092,30.544918,拦江路208号,商务写字楼,,120201,商务住宅,楼宇,商务写字楼
蓝牧大楼,114.248708,30.5467,五里墩街办事处马沧湖路208号,商务写字楼,,120201,商务住宅,楼宇,商务写字楼
远洋国际中心总部办公楼(建设中),114.264842,30.544795,朝阳路2号(钟家村地铁站D口步行480米),商务写字楼,,120201,商务住宅,楼宇,商务写字楼
世茂锦绣长江C1地块商业2号楼,114.271375,30.534025,阳新路与鹦鹉路交叉口东北260米,商务写字楼,,120201,商务住宅,楼宇,商务写字楼
外滩世贸,114.272175,30.535125,晴川大道与锦绣三路交叉口西南180米,商务写字楼,,120201,商务住宅,楼宇,商务写字楼
武汉市汉阳区阳新路世贸521号楼,114.273825,30.537725,滨江大道188号世茂52,商务写字楼,,120201,商务住宅,楼宇,商务写字楼
希尔顿大厦,114.273925,30.538975,锦绣二路与晴川大道交叉口西100米,商务写字楼,,120201,商务住宅,楼宇,商务写字楼
世茂W+商业体,114.275325,30.541375,滨江大道188号世茂锦绣长江1期,商务写字楼,,120201,商务住宅,楼宇,商务写字楼
宏阳大厦,114.265717,30.545518,翠微路特1号(钟家村地铁站D口步行250米),商务写字楼,,120201,商务住宅,楼宇,商务写字楼
汉阳SOHO,114.26562,30.545618,翠微路特1号宏阳大厦(钟家村地铁站D口步行260米),商务写字楼,,120201,商务住宅,楼宇,商务写字楼
中吉大楼,114.26716,30.547195,鹦鹉大道71号(钟家村地铁站D口步行90米),商务写字楼,,120201,商务住宅,楼宇,商务写字楼
武汉长江天地3号楼,114.290025,30.534175,张之洞路武汉长江天地,商务写字楼,,120201,商务住宅,楼宇,商务写字楼
武昌造船综合大楼,114.292425,30.534925,张之洞路2号长江总部国际,商务写字楼,,120201,商务住宅,楼宇,商务写字楼
长江总部国际,114.292669,30.534767,张之洞路2号,商务写字楼,,120201,商务住宅,楼宇,商务写字楼
武昌船舶重工集团责任公司科技楼,114.292893,30.534559,张之洞路,商务写字楼,,120201,商务住宅,楼宇,商务写字楼
金融街·金树街项目,114.292525,30.540475,临江大道9-5-66号金树街(金融街·融御滨江店),商务写字楼,,120201,商务住宅,楼宇,商务写字楼
汉飞又一城C座,114.294368,30.540464,汉飞又一城,商务写字楼,,120201,商务住宅,楼宇,商务写字楼
帛尚中洋酒店-综合楼,114.296925,30.535025,解放路与张之洞路交叉口北60米,商务写字楼,,120201,商务住宅,楼宇,商务写字楼
银泰大厦,114.295724,30.541002,汉飞又一城,商务写字楼,,120201,商务住宅,楼宇,商务写字楼
武汉文创大厦A座,114.298825,30.533775,武汉文创大厦(复兴路地铁站F口步行470米),商务写字楼,,120201,商务住宅,楼宇,商务写字楼
武汉文创大厦,114.298837,30.533792,解放路168号印象里歌笛湖,商务写字楼,,120201,商务住宅,楼宇,商务写字楼
歌笛湖电信综合大楼,114.300513,30.534001,紫阳街办事处紫阳路188号(省人民医院对面),商务写字楼,,120201,商务住宅,楼宇,商务写字楼
泛悦汇南区F楼,114.304317,30.535512,体育街与烈士街交叉口南140米,商务写字楼,,120201,商务住宅,楼宇,商务写字楼
泛悦汇A座,114.304348,30.535387,体育街与张之洞路交叉口北140米,商务写字楼,,120201,商务住宅,楼宇,商务写字楼
泛悦汇广场独栋,114.30435,30.535441,体育街与张之洞路交叉口北140米,商务写字楼,,120201,商务住宅,楼宇,商务写字楼
楚江国际,114.300949,30.540314,彭刘杨路239号(彭刘杨地铁站C口步行280米),商务写字楼,,120201,商务住宅,楼宇,商务写字楼
金星大厦,114.306225,30.534251,张之洞路(首义路地铁站E口步行100米),商务写字楼,,120201,商务住宅,楼宇,商务写字楼
天合大厦,114.303515,30.539542,彭刘杨路232号(第3医院斜对面),商务写字楼,,120201,商务住宅,楼宇,商务写字楼
彭刘杨路232号主楼,114.303524,30.53976,彭刘杨路232号天合大厦,商务写字楼,,120201,商务住宅,楼宇,商务写字楼
银泰大厦,114.304255,30.539421,彭刘杨路232号附602号,商务写字楼,,120201,商务住宅,楼宇,商务写字楼
烧伤综合大楼,114.303859,30.540479,体育街22号(彭刘杨地铁站A口步行340米),商务写字楼,,120201,商务住宅,楼宇,商务写字楼
洲天大厦,114.307208,30.537303,紫阳路169号首义小区,商务写字楼,,120201,商务住宅,楼宇,商务写字楼
首义新村新景观大厦,114.307474,30.537413,紫阳路169号首义小区,商务写字楼,,120201,商务住宅,楼宇,商务写字楼
惠苑大厦,114.308059,30.533983,紫阳路207号惠苑酒店内,商务写字楼,,120201,商务住宅,楼宇,商务写字楼
新景观大厦6号,114.307095,30.540132,首义新村222号景观楼,商务写字楼,,120201,商务住宅,楼宇,商务写字楼
省高法大楼,114.309525,30.534625,首义路与张之洞路交叉口北120米,商务写字楼,,120201,商务住宅,楼宇,商务写字楼
楚民大厦,114.309615,30.535388,首义路115附5附近(首义路地铁站D3口步行180米),商务写字楼,,120201,商务住宅,楼宇,商务写字楼
云鹤大厦10栋,114.307475,30.540225,武珞路辅路与彭刘杨路交叉口东南80米,商务写字楼,,120201,商务住宅,楼宇,商务写字楼
云鹤大厦1栋,114.307604,30.540135,武珞路辅路与彭刘杨路交叉口东南100米,商务写字楼,,120201,商务住宅,楼宇,商务写字楼
武汉武昌区长印大厦B栋,114.308025,30.540225,长印大厦,商务写字楼,,120201,商务住宅,楼宇,商务写字楼
长印大厦,114.308098,30.540216,美联·首义尚景,商务写字楼,,120201,商务住宅,楼宇,商务写字楼
首义精英工馆,114.309536,30.538311,首义路50号(首义路地铁站D3口步行480米),商务写字楼,,120201|070000,商务住宅,楼宇,商务写字楼
南方大厦1栋,114.308671,30.540033,首义新村226号南方大厦(楚善街),商务写字楼,,120201,商务住宅,楼宇,商务写字楼
商会大厦(首义路),114.309867,30.538003,首义路71号(首义路地铁站D3口步行450米),商务写字楼,,120201,商务住宅,楼宇,商务写字楼
南方大厦(楚善街),114.308657,30.540088,首义新村226号,商务写字楼,,120201,商务住宅,楼宇,商务写字楼
南方大厦C座,114.308675,30.540125,首义新村226号南方大厦(楚善街),商务写字楼,,120201,商务住宅,楼宇,商务写字楼
以纯大楼,114.299875,30.545925,以纯(司门口旗舰店),商务写字楼,,120201,商务住宅,楼宇,商务写字楼
湖北省医药工业研究院研发中心科研综合楼,114.304875,30.546225,三道街与佑康路交叉口西120米,商务写字楼,,140000|120201,商务住宅,楼宇,商务写字楼
南苑商网楼,114.314025,30.533975,首义路街道武珞路114号中南财经政法大学首义校区,商务写字楼,,120201,商务住宅,楼宇,商务写字楼
湖北江汉剧场综合楼,114.299775,30.547175,解放路464号假日乐园购物广场,商务写字楼,,120201,商务住宅,楼宇,商务写字楼
武昌国控广场A座,114.314409,30.533618,武昌国控大厦B座附近,商务写字楼,,120201,商务住宅,楼宇,商务写字楼
湖北船舶大厦,114.314407,30.533589,张之洞路275号国控紫阳广场A座,商务写字楼,,120201,商务住宅,楼宇,商务写字楼
楚风楼,114.299916,30.547888,解放路444号(司门口黄鹤楼地铁站C口步行280米),商务写字楼,,120201,商务住宅,楼宇,商务写字楼
国控·紫阳广场,114.314901,30.533723,紫阳路275号(武昌火车站地铁站G2口步行300米),商务写字楼,,120201|060102,商务住宅,楼宇,商务写字楼
国控紫阳广场写字楼,114.314925,30.533725,紫阳路275号国控·紫阳广场,商务写字楼,,120201,商务住宅,楼宇,商务写字楼
国控紫阳广场B座外卖柜,114.315225,30.533675,千家街86号国控紫阳大厦B栋,商务写字楼,,120201,商务住宅,楼宇,商务写字楼
国控紫阳大厦B栋,114.315236,30.533697,千家街86号(武昌火车站地铁站G2口步行270米),商务写字楼,,120201,商务住宅,楼宇,商务写字楼
工务大楼,114.320375,30.536425,武珞路二巷与老车站路交叉口东60米,商务写字楼,,120201,商务住宅,楼宇,商务写字楼
现代大厦南楼,114.31941,30.542054,中山路317号(小东门地铁站B2口步行330米),商务写字楼,,120201,商务住宅,楼宇,商务写字楼
佳兆业广场,114.324627,30.535952,武珞路340号,商务写字楼,,120201,商务住宅,楼宇,商务写字楼
现代大厦北楼,114.319393,30.543018,中山路317号(小东门地铁站C口步行340米),商务写字楼,,120201,商务住宅,楼宇,商务写字楼
天御办公综合楼,114.325125,30.536725,武珞路辅路与武珞路四巷交叉口东南120米,商务写字楼,,120201,商务住宅,楼宇,商务写字楼
裕阳大厦23A,114.32545,30.53645,武珞路230号裕阳大厦(十五中地铁站B口步行240米),商务写字楼,,120201,商务住宅,楼宇,商务写字楼
裕阳大厦,114.325564,30.536448,武珞路230号(十五中地铁站B口步行170米),商务写字楼,,120201,商务住宅,楼宇,商务写字楼
凯乐花园写字楼,114.324027,30.540098,武珞路五巷46号凯乐花园(舒家街),商务写字楼,,120201,商务住宅,楼宇,商务写字楼
裕阳大厦B座,114.325675,30.536525,武珞路230号裕阳大厦(十五中地铁站B口步行170米),商务写字楼,,120201,商务住宅,楼宇,商务写字楼
未来家园产业大厦,114.326002,30.536327,武珞路230号绿洲广场A座,商务写字楼,,120201,商务住宅,楼宇,商务写字楼
绿洲广场A座1层1室附2号,114.326025,30.536225,绿州广场(十五中地铁站B口步行190米),商务写字楼,,120201,商务住宅,楼宇,商务写字楼
绿洲广场A座,114.326175,30.536225,绿州广场(十五中地铁站B口步行110米),商务写字楼,,120201,商务住宅,楼宇,商务写字楼
345文创中心,114.326175,30.536985,武珞路辅路与武珞路六巷交叉口西北80米,商务写字楼,,120201,商务住宅,楼宇,商务写字楼
中交第二航务工程勘察设计院有限公司新办公大楼,114.321074,30.544013,民主路555号中交第二航务工程勘察设计院有限公司,商务写字楼,,120201,商务住宅,楼宇,商务写字楼
广西大厦,114.318931,30.545562,中山路309号(中山路广西大厦),商务写字楼,,120201,商务住宅,楼宇,商务写字楼
中南国际城A2座,114.328213,30.534804,武珞路442号中南国际城,商务写字楼,,120201,商务住宅,楼宇,商务写字楼
中南国际城A1座,114.328344,30.535096,武珞路442号(十五中地铁站B口步行110米),商务写字楼,,120201,商务住宅,楼宇,商务写字楼
中国通融大厦,114.317706,30.546395,粮道街与中山路辅路交叉口西北60米,商务写字楼,,120201,商务住宅,楼宇,商务写字楼
中国融通大厦,114.317671,30.546432,粮道街与中山路辅路交叉口西北60米,商务写字楼,,120201,商务住宅,楼宇,商务写字楼
和璟国际,114.325169,30.54357,民主路618号,商务写字楼,,120201,商务住宅,楼宇,商务写字楼
帝斯曼国际中心4栋,114.32943,30.535555,武珞路与中南路辅路交叉口西北160米,商务写字楼,,120201,商务住宅,楼宇,商务写字楼
中南国际城写字楼,114.330072,30.535624,武珞路442号中南国际城,商务写字楼,,120201,商务住宅,楼宇,商务写字楼
中南写字楼A座,114.330087,30.535611,中南路街道武珞路421号帝斯曼国际中心,商务写字楼,,120201,商务住宅,楼宇,商务写字楼
湖北测绘局办公楼,114.328847,30.540251,中南一路50号湖北省测绘局中南大院,商务写字楼,,120201,商务住宅,楼宇,商务写字楼
新时代商务中心-西裙楼,114.330373,30.533547,武珞路与中南路交叉口西南80米,商务写字楼,,120201,商务住宅,楼宇,商务写字楼
中铁大厦,114.318745,30.548053,中山路347号(小东门地铁站D口步行250米),商务写字楼,,120201,商务住宅,楼宇,商务写字楼
帝斯曼购物中心(暂停营业),114.329201,30.535883,中南路街道武珞路358号省客集团傅家坡汽车客运站,商务写字楼,,120201|060100|070000,商务住宅,楼宇,商务写字楼
国际金融贸易大厦,114.330816,30.535002,中南路1号(中南路地铁站C2口步行270米),商务写字楼,,120201,商务住宅,楼宇,商务写字楼
中建三局-写字楼,114.330799,30.533489,武珞路456号,商务写字楼,,120201,商务住宅,楼宇,商务写字楼
新时代商务中心,114.330842,30.533471,武珞路456号(中南路与武珞路交汇),商务写字楼,,120201,商务住宅,楼宇,商务写字楼
中商广场B座,114.331535,30.536101,中南路与下徐家湾路交叉口西南120米,商务写字楼,,120201,商务住宅,楼宇,商务写字楼
中商广场写字楼,114.331597,30.536277,中南路7-9号(中南路地铁站C2口步行110米),商务写字楼,,120201,商务住宅,楼宇,商务写字楼
中建广场B座,114.332385,30.535214,中南路2号(中南路地铁站D2口步行270米),商务写字楼,,120201,商务住宅,楼宇,商务写字楼
中商广场A座,114.331841,30.536333,中南路与下徐家湾路交叉口西80米,商务写字楼,,120201,商务住宅,楼宇,商务写字楼
中建广场,114.332435,30.534959,中南路2号(中南路地铁站D2口步行170米),商务写字楼,,120201,商务住宅,楼宇,商务写字楼
中商广场1栋,114.331779,30.536821,中南路9号中商广场(中南路地铁站出入口旁),商务写字楼,,120201,商务住宅,楼宇,商务写字楼
中南银和汇商业中心,114.332717,30.534012,武珞路449号(中南路地铁站D2口步行450米),商务写字楼,,120201,商务住宅,楼宇,商务写字楼
中南大公馆A座,114.333325,30.534575,中南大公馆,商务写字楼,,120201,商务住宅,楼宇,商务写字楼
嘉园大厦B栋,114.332025,30.537725,中南路与下徐家湾路交叉口西北100米,商务写字楼,,120201,商务住宅,楼宇,商务写字楼
鹏程时代水晶座,114.333276,30.536812,下徐家湾路与中南路交叉口东南60米,商务写字楼,,120302|120201,商务住宅,住宅区,住宅小区
中南天紫广场C座,114.33256,30.537546,中南路与下徐家湾路交叉口西北60米,商务写字楼,,120201,商务住宅,楼宇,商务写字楼
中南天紫广场1号楼,114.332122,30.537865,中南天紫广场-B馆(中南路地铁站B口步行90米),商务写字楼,,120201,商务住宅,楼宇,商务写字楼
世纪广场A座,114.333125,30.537125,世纪广场(中南路)(中南路地铁站D1口旁),商务写字楼,,120201,商务住宅,楼宇,商务写字楼
中南天紫广场2号楼,114.33225,30.53785,中南天紫广场-B馆(中南路地铁站B口步行100米),商务写字楼,,120201,商务住宅,楼宇,商务写字楼
世纪广场G座,114.33315,30.53715,下徐家湾路与中南路交叉口东40米,商务写字楼,,120201,商务住宅,楼宇,商务写字楼
世纪广场B座大厅(星荟城),114.333467,30.537007,中南路14号星荟城1F层(中南路地铁站D1口旁),商务写字楼,,120201,商务住宅,楼宇,商务写字楼
恩施大厦,114.333988,30.533326,武珞路464号附11号,商务写字楼,,120201,商务住宅,楼宇,商务写字楼
世纪广场(中南路),114.333707,30.53731,中南路14-2附近(中南路地铁站D1口步行70米),商务写字楼,,120201,商务住宅,楼宇,商务写字楼
中南建筑设计院设计大楼,114.333425,30.537675,中南路与中南一路交叉口东南60米,商务写字楼,,140000|120201,商务住宅,楼宇,商务写字楼
建设大厦(中南路),114.333764,30.537516,中南路12号(中南路地铁站E口步行110米),商务写字楼,,120201,商务住宅,楼宇,商务写字楼
建设大厦A座,114.333775,30.537525,中南路与中南一路交叉口东南80米,商务写字楼,,120201,商务住宅,楼宇,商务写字楼
天华建工中南办公楼,114.330525,30.539375,小刘家湾与中南一路交叉口东北40米,商务写字楼,,120201,商务住宅,楼宇,商务写字楼
新东方大厦,114.333883,30.53821,中南路14号(中南路地铁站F口旁),商务写字楼,,120201,商务住宅,楼宇,商务写字楼
发展大厦(中南路),114.334117,30.538768,中南路14附4号(中南路地铁站F口步行230米),商务写字楼,,120201,商务住宅,楼宇,商务写字楼
中勘大厦13号楼,114.334123,30.539051,中南路与中南二路交叉口南80米,商务写字楼,,120201,商务住宅,楼宇,商务写字楼
中勘大厦,114.334403,30.539381,中南路与中南二路交叉口东南40米,商务写字楼,,120201,商务住宅,楼宇,商务写字楼
汇商盈通中心,114.334831,30.539353,中南路与中南二路交叉口东南80米,商务写字楼,,120201,商务住宅,楼宇,商务写字楼
奥山星座A座,114.329575,30.541075,武珞路六巷与中南二路交叉口西南60米,商务写字楼,,120201,商务住宅,楼宇,商务写字楼
中勘大厦18-9栋,114.335275,30.539225,中南路与中南二路交叉口东南120米,商务写字楼,,120201,商务住宅,楼宇,商务写字楼
龙丰大厦,114.336725,30.532175,武珞路与丁字桥路交叉口东220米,商务写字楼,,120201,商务住宅,楼宇,商务写字楼
双星大厦,114.335514,30.539634,中南三路28号(中南路地铁站F口步行450米),商务写字楼,,120201,商务住宅,楼宇,商务写字楼
双星大厦A座,114.3354,30.539823,中南三路28号双星大厦(中南路地铁站F口步行370米),商务写字楼,,120201,商务住宅,楼宇,商务写字楼
湖北农业事业大厦,114.337116,30.532219,武珞路519号(宝通寺地铁站D口步行320米),商务写字楼,,120201,商务住宅,楼宇,商务写字楼
双星大厦B座,114.335803,30.539643,中南三路28号双星大厦(中南路地铁站F口步行410米),商务写字楼,,120201,商务住宅,楼宇,商务写字楼
中南电力设计院办公楼,114.328296,30.542597,中南二路12号中南电力设计院,商务写字楼,,120201,商务住宅,楼宇,商务写字楼
武汉国际金融广场,114.334513,30.542502,中南路25号(洪山广场地铁站A1口步行210米),商务写字楼,,120201,商务住宅,楼宇,商务写字楼
中南大厦,114.335808,30.541995,中南路80号(洪山广场地铁站B3口步行250米),商务写字楼,,120201,商务住宅,楼宇,商务写字楼
佳兆业广场写字楼,114.336727,30.542664,洪山广场环路与八一路交叉口西南180米,商务写字楼,,120201,商务住宅,楼宇,商务写字楼
洪广宝座,114.333633,30.544228,民主路782号(洪山广场地铁站F1口步行240米),商务写字楼,,120201,商务住宅,楼宇,商务写字楼
原人寿保险公司大楼,114.330825,30.544775,民主三路与民主三巷交叉口东南60米,商务写字楼,,120201,商务住宅,楼宇,商务写字楼
武汉保利广场B座,114.335121,30.543974,中南路99号武汉保利广场,商务写字楼,,120201,商务住宅,楼宇,商务写字楼
华银大厦,114.334315,30.544307,民主路与洪山广场环路交叉口西120米,商务写字楼,,120201,商务住宅,楼宇,商务写字楼
武汉保利广场,114.335406,30.544119,中南路99号(洪山广场地铁站A1口步行80米),商务写字楼,,120201,商务住宅,楼宇,商务写字楼
武汉保利广场A座,114.335677,30.544114,中南路99号(洪山广场地铁站A1口步行110米),商务写字楼,,120201,商务住宅,楼宇,商务写字楼
湖北省体育局洪山体育中心办公楼,114.333816,30.545041,体育馆路特1号(靠民主路方向),商务写字楼,,120201,商务住宅,楼宇,商务写字楼
九州通衢大厦,114.33934,30.542007,八一路8号(洪山广场地铁站B2口步行240米),商务写字楼,,120201,商务住宅,楼宇,商务写字楼
军培大厦,114.342748,30.537598,八一路58号,商务写字楼,,120201,商务住宅,楼宇,商务写字楼
星星大厦,114.340409,30.541991,八一路8号(洪山广场地铁站B2口步行310米),商务写字楼,,120201,商务住宅,楼宇,商务写字楼
省外办大楼,114.33945,30.543188,八一路与洪山广场环路交叉口东南140米,商务写字楼,,120201,商务住宅,楼宇,商务写字楼
银海华庭办公楼B区,114.343391,30.538288,水果湖街办事处八一路87号银海华庭,商务写字楼,,120201,商务住宅,楼宇,商务写字楼
湖北科教大厦,114.339297,30.544037,洪山路2号(洪山广场地铁站B2口步行80米),商务写字楼,,120201,商务住宅,楼宇,商务写字楼
湖北科教大厦A座,114.339213,30.544113,洪山路2号湖北科教大厦,商务写字楼,,120201,商务住宅,楼宇,商务写字楼
湖北科教大厦D座,114.339461,30.544021,洪山路2号湖北科教大厦,商务写字楼,,120201,商务住宅,楼宇,商务写字楼
湖北科教大厦C座,114.339462,30.544038,洪山路2号湖北科教大厦,商务写字楼,,120201,商务住宅,楼宇,商务写字楼
湖北科教大厦B座,114.339325,30.544354,洪山路与北环路交叉口西南100米,商务写字楼,,120201,商务住宅,楼宇,商务写字楼
培训大厦-南楼,114.342597,30.540866,东一路与八一路交叉口东150米,商务写字楼,,120201,商务住宅,楼宇,商务写字楼
科教大厦E座,114.340477,30.543773,洪山路2号湖北科教大厦,商务写字楼,,120201,商务住宅,楼宇,商务写字楼
湖北科教大厦F座,114.340425,30.544125,洪山路2号湖北科教大厦,商务写字楼,,120201,商务住宅,楼宇,商务写字楼
湖北省发改委培训中心培训大厦,114.343425,30.540775,东三小路与东一路交叉口东南140米,商务写字楼,,120201,商务住宅,楼宇,商务写字楼
武汉轨道交通2号线洪山广场东广场地下商业空间,114.338775,30.545625,洪山路与洪山广场环路交叉口北20米,商务写字楼,,120201,商务住宅,楼宇,商务写字楼
科学城A座,114.349825,30.536775,小洪山科学城(小洪山地铁站B口步行120米),商务写字楼,,120201,商务住宅,楼宇,商务写字楼
中国科学院武汉物理与数学研究所综合楼A楼,114.347775,30.539425,园中二路与园区西路交叉口东40米,商务写字楼,,140000|120201,商务住宅,楼宇,商务写字楼
新波谱大楼,114.347475,30.539625,园区西路与园中二路交叉口东北20米,商务写字楼,,120201,商务住宅,楼宇,商务写字楼
中国科学院武汉物理与数学研究所核磁共振大楼M楼,114.347825,30.53951,水果湖洪山侧路1号中国科学院武汉物理与数学研究所,商务写字楼,,120201,商务住宅,楼宇,商务写字楼
中科院小洪山科技园-病毒所主楼,114.350675,30.539409,中科院小洪山科技园,商务写字楼,,120201,商务住宅,楼宇,商务写字楼
隽丰大厦,114.352725,30.535225,八一路与科技小路交叉口东南140米,商务写字楼,,120201,商务住宅,楼宇,商务写字楼
小洪山人才苑大楼,114.3532,30.536227,八一路与科技小路交叉口东160米,商务写字楼,,120201,商务住宅,楼宇,商务写字楼
就业大厦(东一路),114.342974,30.542866,水果湖街办事处水果湖东一路38号,商务写字楼,,120201,商务住宅,楼宇,商务写字楼
省联社大楼,114.353682,30.538814,洪山侧路52号银海山庄,商务写字楼,,120201,商务住宅,楼宇,商务写字楼
武昌区防震减灾和信息综合楼,114.354075,30.538625,洪山侧路52号银海山庄,商务写字楼,,120201,商务住宅,楼宇,商务写字楼
湖北省科技创业大厦C座,114.355045,30.535905,珞狮北路98号正对面湖北省科技创业大厦,商务写字楼,,120201,商务住宅,楼宇,商务写字楼
湖北省科技创业大厦B座,114.355029,30.536518,小洪山34号,商务写字楼,,120201,商务住宅,楼宇,商务写字楼
湖北省科技创业大厦,114.355193,30.536359,珞狮北路98号正对面,商务写字楼,,120201,商务住宅,楼宇,商务写字楼
湖北省科技创业大厦27栋,114.355225,30.536375,珞狮北路98号正对面湖北省科技创业大厦,商务写字楼,,120201,商务住宅,楼宇,商务写字楼
湖北省科技创业大厦A座,114.355492,30.536101,珞狮北路98号正对面(湖北省科技创业大厦),商务写字楼,,120201,商务住宅,楼宇,商务写字楼
樱花大厦,114.355508,30.533488,珞狮路2附1(小洪山地铁站A口步行320米),商务写字楼,,120201,商务住宅,楼宇,商务写字楼
樱花大厦B座,114.355551,30.533646,珞狮路2附3附近(小洪山地铁站A口步行270米),商务写字楼,,120201,商务住宅,楼宇,商务写字楼
樱花大厦A座,114.355507,30.533291,珞狮路2附1(小洪山地铁站A口步行340米),商务写字楼,,120201,商务住宅,楼宇,商务写字楼
省三保综合楼,114.346282,30.544578,东三路20号张家湾小区(洪山路地铁站C口步行230米),商务写字楼,,120201,商务住宅,楼宇,商务写字楼
洪山大厦,114.34281,30.544619,洪山路10号(洪山路地铁站B口旁),商务写字楼,,120201,商务住宅,楼宇,商务写字楼
洪山大厦1座,114.34325,30.5448,洪山路10号洪山大厦(洪山路地铁站B口步行80米),商务写字楼,,120201,商务住宅,楼宇,商务写字楼
阳光大厦(珞狮路),114.353042,30.542648,天鹅路6号,商务写字楼,,120201,商务住宅,楼宇,商务写字楼
湖光大厦东区,114.351275,30.545475,洪山路64号(湖北省直单位房产交易中心旁)湖光大厦,商务写字楼,,120201,商务住宅,楼宇,商务写字楼
湖光大厦西区,114.351275,30.545475,洪山路64号(湖北省直单位房产交易中心旁)湖光大厦,商务写字楼,,120201,商务住宅,楼宇,商务写字楼
湖光大厦,114.351275,30.545488,洪山路64号(湖北省直单位房产交易中心旁),商务写字楼,,120201,商务住宅,楼宇,商务写字楼
洪山礼堂综合楼,114.348605,30.546589,洪山路81号(洪山路地铁站C口步行430米),商务写字楼,,120201,商务住宅,楼宇,商务写字楼
未来城购物中心BC栋,114.353475,30.525225,珞狮路辅路与珞喻路辅路交叉口南140米,商务写字楼,,120201,商务住宅,楼宇,商务写字楼
水果湖广场B座,114.344401,30.547851,水果湖片东湖路10号水果西广场18楼1807,商务写字楼,,120203|120201,商务住宅,楼宇,
鹏程商务中心A座,114.343825,30.548025,水果湖横路15号鹏程商务中心,商务写字楼,,120201,商务住宅,楼宇,商务写字楼
鹏程商务中心6号,114.343725,30.548125,水果湖横路15号鹏程商务中心,商务写字楼,,120201,商务住宅,楼宇,商务写字楼
鹏程商务中心,114.343701,30.548146,水果湖横路15号(洪山路地铁站D口步行180米),商务写字楼,,120201,商务住宅,楼宇,商务写字楼
帝斯曼国际中心2号楼,114.329534,30.535831,中南路街道武珞路421号帝斯曼国际中心,商务写字楼,,120201,商务住宅,楼宇,商务写字楼
天翼领航大厦,114.338475,30.547175,中北路辅路与姚家岭南路交叉口东南60米,商务写字楼,,120201,商务住宅,楼宇,商务写字楼
电信小区,114.33852,30.54724,水果湖街办事处洪山广场洪山路特1号,商务写字楼,,120201,商务住宅,楼宇,商务写字楼
讯通机电办公大楼,114.199108,30.549012,隆祥街与车友路交叉口西北约80米,商务写字楼,,120201,商务住宅,楼宇,商务写字楼
九州通医药集团总部大厦,114.199785,30.550411,龙兴西街5号,商务写字楼,,120201,商务住宅,楼宇,商务写字楼
好易娜,114.199593,30.547895,隆祥街6号,商务写字楼,,120201|170200,商务住宅,楼宇,商务写字楼
好易娜大厦,114.20002,30.547928,隆祥街6号(陶家岭地铁站C1口步行490米),商务写字楼,,120201,商务住宅,楼宇,商务写字楼
隆祥街6号好易娜大厦3栋,114.200225,30.547975,隆祥街与车友路交叉口东南60米,商务写字楼,,120201,商务住宅,楼宇,商务写字楼
九州通健康城商务楼,114.201493,30.549832,,商务写字楼,,120201,商务住宅,楼宇,商务写字楼
九州通写字楼,114.201504,30.549796,龙兴西街3号,商务写字楼,,120201,商务住宅,楼宇,商务写字楼
九州通健康城,114.201778,30.550406,龙阳大道特八号,商务写字楼,,120201,商务住宅,楼宇,商务写字楼
九州通健康城九玺中心,114.202172,30.55003,龙兴西街与芳华路交叉口西120米,商务写字楼,,120201,商务住宅,楼宇,商务写字楼
人信汇商业管理有限公司B馆,114.202125,30.551625,汉阳人信汇天悦(龙阳村地铁站D口步行480米),商务写字楼,,120201,商务住宅,楼宇,商务写字楼
九州通健康城5号楼商务楼,114.202575,30.549625,龙阳大道特八号九州通健康城,商务写字楼,,120201,商务住宅,楼宇,商务写字楼
麦迪森广场B座,114.2035,30.549843,龙兴西街65号靠近爱齿尔口腔医院(汉阳院),商务写字楼,,120201,商务住宅,楼宇,商务写字楼
麦迪森广场A7座,114.203693,30.549789,王家湾龙阳大道特8号麦迪森广场,商务写字楼,,120201,商务住宅,楼宇,商务写字楼
麦迪森广场A座,114.203976,30.549655,龙阳大道特8号(龙阳村地铁站D口步行330米),商务写字楼,,120201,商务住宅,楼宇,商务写字楼
汉阳人信汇D栋,114.204325,30.550625,龙阳大道辅路与龙兴西街交叉口北100米,商务写字楼,,120201,商务住宅,楼宇,商务写字楼
麦迪森写字楼,114.205251,30.551867,龙阳大道与二环线交叉口西60米(龙阳村地铁站D口旁),商务写字楼,,120201,商务住宅,楼宇,商务写字楼
虹琪商务中心,114.205186,30.552623,人信汇6号楼1206(龙阳村地铁站出入口步行190米),商务写字楼,,120201,商务住宅,楼宇,商务写字楼
龙阳智慧大厦,114.205632,30.549895,龙兴东街与龙阳大道辅路交叉口东80米,商务写字楼,,120201,商务住宅,楼宇,商务写字楼
时代广场2号写字楼,114.206175,30.551525,龙阳大道与龙阳大道出口交叉口东南40米,商务写字楼,,120201,商务住宅,楼宇,商务写字楼
人信大厦,114.205518,30.553707,二环线与龙阳大道交叉口西南150米,商务写字楼,,120201,商务住宅,楼宇,商务写字楼
龙阳时代A栋,114.206432,30.551509,龙阳大道49号龙阳时代(龙阳村地铁站A口步行90米),商务写字楼,,120201,商务住宅,楼宇,商务写字楼
人信汇·时代中心,114.205822,30.553827,龙阳大道和蟠龙路口(龙阳村地铁站出入口旁),商务写字楼,,120201,商务住宅,楼宇,商务写字楼
C PARK(人信汇·时代中心店),114.206165,30.553847,龙阳大道与蟠龙路交叉口北120米,商务写字楼,,060102|080304|120201|100200,购物服务,商场,普通商场
人信汇SOHO公寓11号楼,114.205975,30.554425,芳华路与龙清路交叉口南120米,商务写字楼,,120201,商务住宅,楼宇,商务写字楼
人信汇SOHO公寓,114.206107,30.554389,人信汇C座(龙阳村地铁站C口步行60米),商务写字楼,,120201,商务住宅,楼宇,商务写字楼
龙阳时代B栋,114.207187,30.5516,龙阳大道辅路与二环线入口交叉口东120米,商务写字楼,,120201,商务住宅,楼宇,商务写字楼
龙阳时代广场壹号楼,114.207325,30.551675,武汉时代广场(龙阳村地铁站出入口步行70米),商务写字楼,,120201,商务住宅,楼宇,商务写字楼
新龙尚座,114.206685,30.554854,"龙阳大道特8号,人信汇广场旁",商务写字楼,,120201|120302,商务住宅,楼宇,商务写字楼
WM我们的垂直社交圈,114.206861,30.554806,龙阳大道48号(龙阳村地铁站C口步行120米),商务写字楼,,120201,商务住宅,楼宇,商务写字楼
万隆城市广场,114.206634,30.555802,龙阳大道48号(龙阳村地铁站C口步行260米),商务写字楼,,120201,商务住宅,楼宇,商务写字楼
万隆城市广场A栋,114.206625,30.555825,龙阳大道48号万隆城市广场,商务写字楼,,120201,商务住宅,楼宇,商务写字楼
人信汇A座,114.206428,30.557388,龙阳湖东路11号汉阳人信汇·天誉,商务写字楼,,120201,商务住宅,楼宇,商务写字楼
王家湾中央生活区办公楼,114.203514,30.560155,王家湾中央生活区2期,商务写字楼,,120201,商务住宅,楼宇,商务写字楼
SOHO之星,114.201675,30.561975,汉阳大道697号王家湾中央生活区一期,商务写字楼,,120201,商务住宅,楼宇,商务写字楼
恒信大厦,114.206056,30.559393,龙阳三路1号(王家湾地铁站出入口步行330米),商务写字楼,,120201,商务住宅,楼宇,商务写字楼
汉阳区政府大楼,114.218524,30.554187,芳墨路武汉市汉阳区人民政府,商务写字楼,,120201,商务住宅,楼宇,商务写字楼
武汉摩尔城-天猫U选,114.207512,30.558603,武汉摩尔城B馆(武汉摩尔城店),商务写字楼,,120201,商务住宅,楼宇,商务写字楼
武汉摩尔城B座,114.207425,30.558975,武汉摩尔城B馆(武汉摩尔城店),商务写字楼,,120201,商务住宅,楼宇,商务写字楼
知音大厦,114.219049,30.555092,墨水湖北路与芳墨路交叉口西120米,商务写字楼,,120201,商务住宅,楼宇,商务写字楼
摩尔城负一楼,114.207225,30.559325,武汉摩尔城(王家湾地铁站出入口步行290米),商务写字楼,,120201,商务住宅,楼宇,商务写字楼
王家湾汽贸综合楼C栋,114.207675,30.559775,龙阳三路与龙阳大道交叉口西120米,商务写字楼,,120201,商务住宅,楼宇,商务写字楼
王家湾汽贸综合楼,114.207675,30.559775,龙阳三路6号赏新园(王家湾地铁站E口步行190米),商务写字楼,,120201,商务住宅,楼宇,商务写字楼
汉桥村城中村改造K4地块项目部,114.222157,30.552045,徐家湾路与百灵路交叉口西北20米,商务写字楼,,120201,商务住宅,楼宇,商务写字楼
文体综合大楼,114.221575,30.554625,墨水湖北路与芳墨路交叉口东140米,商务写字楼,,120201,商务住宅,楼宇,商务写字楼
顶琇广场A座,114.20865,30.560929,龙阳大道36号(王家湾地铁站C口步行140米),商务写字楼,,120201,商务住宅,楼宇,商务写字楼
顶琇广场,114.208325,30.561059,龙阳大道36号(王家湾地铁站C口步行210米),商务写字楼,,120201,商务住宅,楼宇,商务写字楼
大洋百货B座,114.208277,30.561479,龙阳大道36号顶琇广场(王家湾地铁站C口步行310米),商务写字楼,,120201,商务住宅,楼宇,商务写字楼
顶琇广场写字楼2栋,114.207745,30.561478,顶琇广场B座(王家湾地铁站C口步行240米),商务写字楼,,120201,商务住宅,楼宇,商务写字楼
国潮中心,114.217018,30.560512,汉阳大道辅路与十升路交叉口北80米,商务写字楼,,120201,商务住宅,楼宇,商务写字楼
海天广场·B座,114.211411,30.562341,汉阳大道辅路与龙阳大道交叉口东100米,商务写字楼,,120201|120203,商务住宅,楼宇,商务写字楼
房管大楼,114.221025,30.558525,汉阳大道辅路与紫荆路交叉口西40米,商务写字楼,,120201,商务住宅,楼宇,商务写字楼
海天广场A2座,114.211325,30.563225,汉阳大道689号海天广场(王家湾地铁站K口步行80米),商务写字楼,,120201,商务住宅,楼宇,商务写字楼
海天欢乐购A座,114.211378,30.563327,海天欢乐购(王家湾地铁站K口步行80米),商务写字楼,,120201,商务住宅,楼宇,商务写字楼
汉桥市场综合大楼,114.227247,30.555052,汉桥横路与麒麟路交叉口东40米,商务写字楼,,120201,商务住宅,楼宇,商务写字楼
汉桥中兴集团办公楼,114.231825,30.550975,院子湾路与墨水湖北路交叉口西南160米,商务写字楼,,120201,商务住宅,楼宇,商务写字楼
汉桥村大厦,114.228268,30.556727,汉阳大道609号(七里庙地铁站A口步行240米),商务写字楼,,120201,商务住宅,楼宇,商务写字楼
同行商务,114.228524,30.557388,汉阳大道630号(运7酒店旁),商务写字楼,,120201|070000,商务住宅,楼宇,商务写字楼
安寓大厦,114.228075,30.557625,罗七路与汉阳大道交叉口东北40米,商务写字楼,,120201,商务住宅,楼宇,商务写字楼
武铁欣业大厦,114.231176,30.557537,汉阳大道618号(七里庙地铁站D口步行90米),商务写字楼,,120201,商务住宅,楼宇,商务写字楼
金龙公馆写字楼,114.228144,30.560657,罗七北路12号金龙公馆,商务写字楼,,120201,商务住宅,楼宇,商务写字楼
铁桥广场A座,114.226083,30.561758,百灵路2号,商务写字楼,,120201,商务住宅,楼宇,商务写字楼
乾能大厦,114.237224,30.555757,五里墩街办事处汉阳大道512号,商务写字楼,,120201,商务住宅,楼宇,商务写字楼
铁桥广场B座,114.226486,30.562724,百灵路2号铁桥广场,商务写字楼,,120201,商务住宅,楼宇,商务写字楼
万科未来中心VFC6号楼,114.243675,30.553725,汉阳大道408号万科未来中心VFC,商务写字楼,,120201,商务住宅,楼宇,商务写字楼
万科未来中心VFC-A栋,114.243825,30.553825,VFC(五里墩地铁站C口步行140米),商务写字楼,,120201,商务住宅,楼宇,商务写字楼
万科未来中心T1写字楼,114.244325,30.553408,汉阳大道408号(五里墩地铁站C口步行60米),商务写字楼,,120201,商务住宅,楼宇,商务写字楼
万科未来中心T2写字楼,114.243804,30.554498,汉阳大道354号(五里墩地铁站C口步行260米),商务写字楼,,120201,商务住宅,楼宇,商务写字楼
万科未来中心B楼,114.243425,30.554825,汉阳大道408号武汉万科未来中心,商务写字楼,,120201,商务住宅,楼宇,商务写字楼
武汉粮油集团办公楼,114.246525,30.551525,汉阳大道与五弦路交叉口西100米,商务写字楼,,120201,商务住宅,楼宇,商务写字楼
万科未来中心VFC-3号楼,114.244233,30.554696,汉阳大道408号万科未来中心VFC,商务写字楼,,120201,商务住宅,楼宇,商务写字楼
万科未来中心VFC-F区,114.245575,30.555075,汉阳大道408号万科未来中心VFC,商务写字楼,,120201,商务住宅,楼宇,商务写字楼
联海大楼,114.248701,30.548651,马沧湖路98号,商务写字楼,,120201,商务住宅,楼宇,商务写字楼
融创汉阳片区办公楼,114.241409,30.559998,晴川街道琴台大道169号汉阳钢厂内,商务写字楼,,120201,商务住宅,楼宇,商务写字楼
远洋国际中心A座,114.259775,30.549625,汉阳大道与车站横街交叉口东南60米,商务写字楼,,120201,商务住宅,楼宇,商务写字楼
远洋国际中心T4写字楼,114.259975,30.550275,汉阳大道与车站横街交叉口东北60米,商务写字楼,,120201,商务住宅,楼宇,商务写字楼
远洋国际中心A1-7栋,114.260025,30.549325,汉阳大道与归元寺路交叉口西南80米,商务写字楼,,120201,商务住宅,楼宇,商务写字楼
远洋国际中心A1栋A座,114.261975,30.547125,归元寺北路与归元寺路交叉口东120米,商务写字楼,,120201,商务住宅,楼宇,商务写字楼
远洋国际中心A2座B栋,114.262034,30.547212,归元寺北路与西桥路交叉口西南120米,商务写字楼,,120201,商务住宅,楼宇,商务写字楼
远洋国际中心A2座,114.262039,30.547182,归元寺北路与西桥路交叉口西南120米,商务写字楼,,120201,商务住宅,楼宇,商务写字楼
远洋国际中心3号地块,114.262175,30.547075,远洋国际中心,商务写字楼,,120201,商务住宅,楼宇,商务写字楼
闽东国际商业广场,114.265021,30.55066,翠微办事处钟家村家乐福(钟家村地铁站A口旁),商务写字楼,,060101|120201,购物服务,商场,购物中心
闽东国际商业广场-C,114.265087,30.550608,鹦鹉大道与汉阳大道交叉口西北140米,商务写字楼,,120201,商务住宅,楼宇,商务写字楼
闽东国际大厦3A座,114.265405,30.550175,闽东国际大厦(钟家村地铁站A口步行50米),商务写字楼,,120201,商务住宅,楼宇,商务写字楼
闽东大厦3B,114.265435,30.550323,鹦鹉大道与汉阳大道交叉口西北80米,商务写字楼,,120201,商务住宅,楼宇,商务写字楼
闽东国际商业广场-A,114.265455,30.550273,鹦鹉大道与汉阳大道交叉口西北80米,商务写字楼,,120201,商务住宅,楼宇,商务写字楼
汉元大厦,114.266408,30.548805,汉阳大道134号汉商银座购物中心F1层,商务写字楼,,120201,商务住宅,楼宇,商务写字楼
钟家村电信大楼,114.266357,30.548434,鹦鹉街办事处鹦鹉大道33号中国电信股份有限公司钟家村分局,商务写字楼,,120201,商务住宅,楼宇,商务写字楼
汉商大厦写字楼,114.266438,30.548885,汉阳大道134号(钟家村地铁站E1口步行150米),商务写字楼,,120201,商务住宅,楼宇,商务写字楼
汉商银座购物中心D座1栋,114.266325,30.548125,汉阳大道134号汉商银座购物中心,商务写字楼,,120201,商务住宅,楼宇,商务写字楼
汉商银座,114.26734,30.54893,汉阳大道139号(钟家村地铁站E1口步行60米),商务写字楼,,120201,商务住宅,楼宇,商务写字楼
汉商银座E座,114.268115,30.549341,汉阳大道139号汉商银座购物中心F1层,商务写字楼,,120201,商务住宅,楼宇,商务写字楼
D座写字楼(汉商银座购物中心),114.268103,30.548792,汉阳大道139号汉商银座购物中心F1层(东2门附近),商务写字楼,,120201|120203,商务住宅,楼宇,商务写字楼
汉商银座D座步行街,114.268175,30.548775,汉阳大道与北城巷交叉口西南140米,商务写字楼,,060000|120201,购物服务,,
名企汇B座,114.265491,30.559021,琴台旁月湖边鹦鹉大道48号天下名企汇,商务写字楼,,120201,商务住宅,楼宇,商务写字楼
长江广场,114.265606,30.559305,鹦鹉大道46号(琴台地铁站C口步行80米),商务写字楼,,120201,商务住宅,楼宇,商务写字楼
中国残疾儿童康复工作培训大楼,114.25142,30.56267,知音大道85号,商务写字楼,,120201,商务住宅,楼宇,商务写字楼
天下名企汇,114.265623,30.559303,琴台旁月湖边鹦鹉大道48号(琴台地铁站C口步行60米),商务写字楼,,120201,商务住宅,楼宇,商务写字楼
长江广场1座,114.266025,30.559525,鹦鹉大道46号长江广场(琴台地铁站C口步行180米),商务写字楼,,120201,商务住宅,楼宇,商务写字楼
大桥局社管中心楼,114.273425,30.551175,莲花湖一路与建桥新村路交叉口东80米,商务写字楼,,120201,商务住宅,楼宇,商务写字楼
半山智谷,114.275141,30.549349,阳新路1号武汉计算机外部设备研究所,商务写字楼,,120201,商务住宅,楼宇,商务写字楼
工行大楼,114.273906,30.56224,沿河大道与利济路交叉口西南20米,商务写字楼,,120201,商务住宅,楼宇,商务写字楼
索道大厦,114.272918,30.562864,沿河大道与利济路交叉口西北120米,商务写字楼,,120201,商务住宅,楼宇,商务写字楼
中华路阳光屋,114.295424,30.550175,临江大道附近,商务写字楼,,120201,商务住宅,楼宇,商务写字楼
武汉工贸大厦,114.279053,30.562191,沿河大道与大水巷交叉口西80米,商务写字楼,,120201,商务住宅,楼宇,商务写字楼
李朝阳大厦B座,114.301107,30.549701,海马巷与解放路交叉口东南60米,商务写字楼,,120201,商务住宅,楼宇,商务写字楼
省粮油集团办公楼,114.30484,30.555496,积玉桥后街与中山路交叉口西北40米,商务写字楼,,120201,商务住宅,楼宇,商务写字楼
怡海大厦,114.308351,30.548109,胭脂路与粮道街交叉口西北60米,商务写字楼,,120201,商务住宅,楼宇,商务写字楼
汉宫银座,114.305451,30.555793,中山路99号(昙华林武胜门地铁站C口步行170米),商务写字楼,,120201,商务住宅,楼宇,商务写字楼
汉宫银座1栋,114.305425,30.555875,中山路99号汉宫银座,商务写字楼,,120201,商务住宅,楼宇,商务写字楼
金都汉宫商业C1栋,114.302075,30.557975,临江大道66号金都·汉宫,商务写字楼,,120201,商务住宅,楼宇,商务写字楼
金都汉宫商业C栋,114.302175,30.558025,临江大道66号金都·汉宫,商务写字楼,,120201,商务住宅,楼宇,商务写字楼
兴松园商业楼AB栋,114.305985,30.556465,武昌积玉桥街中山社区,商务写字楼,,120201,商务住宅,楼宇,商务写字楼
顺泰大厦,114.306821,30.556146,和平大道与一马路交叉口南100米,商务写字楼,,120201,商务住宅,楼宇,商务写字楼
昙华林新阶层大楼,114.309621,30.552289,昙华林与胭脂路交叉口东北20米,商务写字楼,,120201,商务住宅,楼宇,商务写字楼
电信大楼,114.306766,30.558083,和平大道79号中国电信(积玉桥营业厅),商务写字楼,,120201,商务住宅,楼宇,商务写字楼
联盟商厦,114.311469,30.554487,中山路268号,商务写字楼,,120201,商务住宅,楼宇,商务写字楼
信合大厦(中山路),114.311517,30.554417,中山路268号联盟商厦,商务写字楼,,120201,商务住宅,楼宇,商务写字楼
旭辉大厦,114.312228,30.554063,积玉桥街办事处中山路凤凰山,商务写字楼,,120201,商务住宅,楼宇,商务写字楼
凤凰国际办公楼栋,114.312419,30.554065,旭辉大厦,商务写字楼,,120201,商务住宅,楼宇,商务写字楼
凤凰大厦B1座,114.312634,30.553987,旭辉大厦(螃蟹岬地铁站A1口步行480米),商务写字楼,,120201,商务住宅,楼宇,商务写字楼
宜昌大厦,114.314151,30.554969,中山路293号(螃蟹岬地铁站A1口步行290米),商务写字楼,,120201,商务住宅,楼宇,商务写字楼
泛悦中心写字楼B座,114.315315,30.55167,泛悦中心(螃蟹岬地铁站A2口步行150米),商务写字楼,,120201,商务住宅,楼宇,商务写字楼
昙华林共享中心,114.315398,30.552246,昙华林泛悦汇b2座2层,商务写字楼,,120201,商务住宅,楼宇,商务写字楼
泛悦汇昙华林B1座,114.315741,30.551758,泛悦汇昙华林-B006(螃蟹岬地铁站E口步行160米),商务写字楼,,120201,商务住宅,楼宇,商务写字楼
泛悦中心,114.316004,30.551902,友谊大道与中山路交叉口泛悦汇广场A3栋1层,商务写字楼,,120201,商务住宅,楼宇,商务写字楼
泛悦中心写字楼A座,114.31657,30.551715,泛悦中心(螃蟹岬地铁站E口旁),商务写字楼,,120201,商务住宅,楼宇,商务写字楼
泛悦中心(泛悦汇广场店)-A1座,114.316597,30.551707,昙华林与云架桥交叉口东北140米(螃蟹岬地铁站E口旁),商务写字楼,,120201,商务住宅,楼宇,商务写字楼
凤凰大厦A座,114.315856,30.552936,中山路312号凤凰大厦,商务写字楼,,120201,商务住宅,楼宇,商务写字楼
凤凰大厦(中山路),114.31552,30.553161,中山路312号(螃蟹岬地铁站A2口步行70米),商务写字楼,,120201,商务住宅,楼宇,商务写字楼
凤凰大厦B座,114.31521,30.5532,中山路312号凤凰大厦,商务写字楼,,120201,商务住宅,楼宇,商务写字楼
凤凰大厦A座-2单元,114.315423,30.553271,凤凰大厦A座(螃蟹岬地铁站A2口步行170米),商务写字楼,,120201,商务住宅,楼宇,商务写字楼
武昌区委机关大楼,114.31584,30.553968,积玉桥街办事处中山路307号,商务写字楼,,120201,商务住宅,楼宇,商务写字楼
2008新长江广场A座,114.318374,30.552993,友谊大道2号(螃蟹岬地铁站B口步行50米),商务写字楼,,120201,商务住宅,楼宇,商务写字楼
武昌区政府机关大楼,114.316357,30.554335,中山路307号武汉市武昌区人民政府,商务写字楼,,120201,商务住宅,楼宇,商务写字楼
星河居恒星阁B座,114.320575,30.549675,紫沙路202号东龙世纪花园星河居,商务写字楼,,120201,商务住宅,楼宇,商务写字楼
广达大厦1栋,114.318225,30.554875,友谊大道6号广达大厦(螃蟹岬地铁站C口步行350米),商务写字楼,,120201,商务住宅,楼宇,商务写字楼
广达大厦,114.318176,30.554918,友谊大道6号(螃蟹岬地铁站C口步行210米),商务写字楼,,120201,商务住宅,楼宇,商务写字楼
六九经贸大厦,114.31414,30.557129,公平路16号,商务写字楼,,120201,商务住宅,楼宇,商务写字楼
国宾楼,114.316542,30.557271,友谊大道1期1栋(螃蟹岬地铁站D1口步行450米),商务写字楼,,050101|120201,餐饮服务,中餐厅,
友谊国际广场1FB,114.31665,30.55805,友谊大道19号友谊国际家居广场,商务写字楼,,120201,商务住宅,楼宇,商务写字楼
创新大楼,114.324175,30.554175,公正路与紫沙路交叉口东60米,商务写字楼,,120201,商务住宅,楼宇,商务写字楼
湖北省电视大楼,114.325039,30.553642,粮道街办事处公正路9号(小龟山地铁站D口步行470米),商务写字楼,,120201,商务住宅,楼宇,商务写字楼
湖北省电视大楼-后勤楼,114.325052,30.553669,公正路与小湖口侧路交叉口西南160米,商务写字楼,,120201,商务住宅,楼宇,商务写字楼
安华财富,114.312517,30.562483,金地·国际花园,商务写字楼,,120201,商务住宅,楼宇,商务写字楼
湖北文化综合大楼,114.328067,30.55626,公正路19号,商务写字楼,,120201,商务住宅,楼宇,商务写字楼
沙湖荣御中心(建设中),114.325766,30.555574,沙湖南岸公正路北侧,商务写字楼,,120201,商务住宅,楼宇,商务写字楼
新凯大厦,114.333502,30.549479,体育馆路48号(洪山广场地铁站E口步行420米),商务写字楼,,120201,商务住宅,楼宇,商务写字楼
新凯大厦40号楼,114.334025,30.549125,体育馆路48号新凯大厦,商务写字楼,,120201,商务住宅,楼宇,商务写字楼
融创中心武汉壹号院南区,114.330663,30.553593,公正路87号,商务写字楼,,120201|120302,商务住宅,楼宇,商务写字楼
湖北省体育局机关办公楼,114.334575,30.548325,体育馆路32号湖北省体育局,商务写字楼,,120201,商务住宅,楼宇,商务写字楼
湖北省生态环境监控大楼,114.332361,30.554991,环境监控中心,商务写字楼,,120201,商务住宅,楼宇,商务写字楼
东湖大厦主楼,114.336075,30.551825,东湖路姚家岭街231号东湖大厦,商务写字楼,,120201,商务住宅,楼宇,商务写字楼
东湖大厦A栋,114.336354,30.551404,东湖路姚家岭街231号东湖大厦,商务写字楼,,120201,商务住宅,楼宇,商务写字楼
平安置业大厦A座,114.335944,30.552425,东湖西路与沙湖大道交叉口东60米,商务写字楼,,120201,商务住宅,楼宇,商务写字楼
平安财富中心A座,114.335865,30.552592,东湖西路与沙湖大道交叉口东60米,商务写字楼,,120201,商务住宅,楼宇,商务写字楼
平安财富中心B座,114.336094,30.552358,中北路81号平安财富中心,商务写字楼,,120201,商务住宅,楼宇,商务写字楼
平安财富中心,114.336001,30.552563,中北路81号,商务写字楼,,120201,商务住宅,楼宇,商务写字楼
平安财富中心1号楼,114.336025,30.552575,中北路81号平安财富中心,商务写字楼,,120201,商务住宅,楼宇,商务写字楼
楚天都市花园C座,114.337044,30.548049,中北路特1号(洪山广场地铁站D2口步行220米),商务写字楼,,120201,商务住宅,楼宇,商务写字楼
融创中心-4号楼1期,114.334519,30.555095,融创中心武汉壹号院(公正路地铁站C口步行280米),商务写字楼,,120201,商务住宅,楼宇,商务写字楼
湖北经视大厦,114.337664,30.547951,中北路特1号(洪山广场地铁站D2口步行290米),商务写字楼,,120201,商务住宅,楼宇,商务写字楼
荣业中心,114.333278,30.556336,公正路与书卷路交叉口东北180米,商务写字楼,,120201,商务住宅,楼宇,商务写字楼
长城汇,114.338163,30.549747,中北路9号(洪山广场地铁站D2口步行490米),商务写字楼,,120201,商务住宅,楼宇,商务写字楼
楚天都市花园B座,114.338007,30.548331,中北路1号楚天都市花园,商务写字楼,,120201,商务住宅,楼宇,商务写字楼
长城汇T1写字楼,114.338236,30.549246,长青巷·桥头排骨(长城汇店),商务写字楼,,120201,商务住宅,楼宇,商务写字楼
长城汇2期,114.338306,30.549843,中北路辅路与中北路交叉口西约100米,商务写字楼,,120201,商务住宅,楼宇,商务写字楼
长青巷·桥头排骨(长城汇店),114.33829,30.549398,中北路9号长城汇T1写字楼B1层廊桥共享餐厅内,商务写字楼,,120201,商务住宅,楼宇,商务写字楼
武汉洪顶置业有限公司,114.338348,30.549794,水果湖街办事处水果湖街中北路9号长城汇50楼,商务写字楼,,120201,商务住宅,楼宇,商务写字楼
平安金融科技大厦,114.337195,30.555044,公正路216号(楚河汉街地铁站D口步行400米),商务写字楼,,120201,商务住宅,楼宇,商务写字楼
海山金谷,114.339082,30.551654,东湖西路与中北路交叉口西北50米,商务写字楼,,120201,商务住宅,楼宇,商务写字楼
华中金融城,114.337251,30.554993,公正路216号平安金融科技大厦,商务写字楼,,120201,商务住宅,楼宇,商务写字楼
楚商大厦101号办公楼,114.339275,30.551475,楚商大厦(楚河汉街地铁站D口步行360米),商务写字楼,,120201,商务住宅,楼宇,商务写字楼
平安金融科技大厦招商中心,114.337332,30.555156,公正路216号平安金融科技大厦,商务写字楼,,120201,商务住宅,楼宇,商务写字楼
楚商大厦,114.339406,30.551276,中北路姚家岭站(楚河汉街地铁站D口步行340米),商务写字楼,,120201,商务住宅,楼宇,商务写字楼
楚商大厦外卖柜,114.339475,30.551175,楚商大厦(楚河汉街地铁站D口步行310米),商务写字楼,,120201,商务住宅,楼宇,商务写字楼
湖北省市场监督管理宣传教育中心知行楼,114.340175,30.550775,东湖路1号湖北省市场监督管理宣传教育中心,商务写字楼,,120201,商务住宅,楼宇,商务写字楼
万达环球国际中心5号楼,114.335805,30.557374,松竹路28号武汉万达SOHO环球国际中心,商务写字楼,,120201,商务住宅,楼宇,商务写字楼
武汉SKP楚河汉街J2街区,114.340328,30.551193,中北路与东湖路交叉口东北60米,商务写字楼,,120201,商务住宅,楼宇,商务写字楼
万达环球国际中心万达尊B座,114.333781,30.558506,烟霞路,商务写字楼,,120201,商务住宅,楼宇,商务写字楼
万达SOHO公馆,114.334851,30.558164,松竹路与烟霞路交叉口南约180米,商务写字楼,,120201,商务住宅,楼宇,商务写字楼
船舶国际1818,114.339695,30.554068,安胜路与公正路交叉口东南80米,商务写字楼,,120201,商务住宅,楼宇,商务写字楼
SKP商场G楼,114.33808,30.556256,沙湖大道18号武汉SKP,商务写字楼,,120201,商务住宅,楼宇,商务写字楼
水果湖街办事处汉街环球国际中心,114.335757,30.557965,松竹路,商务写字楼,,120201,商务住宅,楼宇,商务写字楼
金穗大厦,114.340756,30.551546,水果湖街办事处中北路66号津津花园,商务写字楼,,120201,商务住宅,楼宇,商务写字楼
ASCEND上楼,114.340722,30.548232,水果湖路5号北环路小区,商务写字楼,,120201,商务住宅,楼宇,商务写字楼
金穗大厦A座,114.340875,30.551375,中北路与东湖路交叉口东北100米,商务写字楼,,120201,商务住宅,楼宇,商务写字楼
中国铁建1818中心-写字楼,114.340206,30.55353,中北路辅路与公正路交叉口西100米,商务写字楼,,120201,商务住宅,楼宇,商务写字楼
金穗大厦B座,114.340906,30.55182,金穗大厦(楚河汉街地铁站A口步行240米),商务写字楼,,120201,商务住宅,楼宇,商务写字楼
武汉SK楼,114.338275,30.556575,沙湖大道18号武汉SKP(公正路地铁站E口旁),商务写字楼,,120201,商务住宅,楼宇,商务写字楼
中南国家计量测试中心综合大楼,114.341259,30.550504,水果湖街办事处东湖路一号,商务写字楼,,120201,商务住宅,楼宇,商务写字楼
武昌区万达环球国际中心K6-4座,114.336558,30.557899,松竹路28号环球国际中心2号楼,商务写字楼,,120201,商务住宅,楼宇,商务写字楼
环球国际中心22号楼,114.336317,30.558053,松竹路与沙湖大道交叉口西140米,商务写字楼,,120201,商务住宅,楼宇,商务写字楼
远洋国际,114.335901,30.558323,松竹路与烟霞路交叉口东南200米,商务写字楼,,120302|120201,商务住宅,住宅区,住宅小区
MARCH GINZA三月银座,114.338425,30.556525,武汉SKP(公正路地铁站E口步行220米),商务写字楼,,120201,商务住宅,楼宇,商务写字楼
环球国际中心2号楼,114.33651,30.557987,环球松竹路28号(公正路地铁站A口步行250米),商务写字楼,,120201,商务住宅,楼宇,商务写字楼
武汉万达SOHO环球国际中心A座,114.33718,30.55777,松竹路28号(公正路地铁站A口步行140米),商务写字楼,,120201,商务住宅,楼宇,商务写字楼
环球国际中心6号楼,114.3371,30.55785,松竹路28号武汉万达SOHO环球国际中心,商务写字楼,,120201,商务住宅,楼宇,商务写字楼
万达尊A座,114.334367,30.559243,松竹路与烟霞路交叉口,商务写字楼,,120201,商务住宅,楼宇,商务写字楼
知音大厦,114.34161,30.549813,东湖路16号,商务写字楼,,120201,商务住宅,楼宇,商务写字楼
万达尊1号楼,114.334538,30.559495,松竹路与烟霞路交叉口西南20米,商务写字楼,,120201,商务住宅,楼宇,商务写字楼
知音广场,114.341142,30.554807,楚河汉街地铁站C口步行90米,商务写字楼,,120201,商务住宅,楼宇,商务写字楼
省工行大楼,114.341225,30.555325,中北路31号中国工商银行(黄鹤楼支行),商务写字楼,,120201,商务住宅,楼宇,商务写字楼
龙源国际广场8座,114.342402,30.554703,中北路24号龙源国际广场,商务写字楼,,120201,商务住宅,楼宇,商务写字楼
龙源国际广场,114.342467,30.554657,中北路24号(楚河汉街地铁站B口旁),商务写字楼,,120201,商务住宅,楼宇,商务写字楼
龙源国际广场写字楼A栋B座,114.342475,30.554775,中北路24号龙源国际广场,商务写字楼,,120201,商务住宅,楼宇,商务写字楼
同城富苑写字楼,114.341915,30.555816,中北路117号同成富苑,商务写字楼,,120201,商务住宅,楼宇,商务写字楼
汉街总部国际A座,114.343011,30.55499,楚河汉街地铁站B口步行190米,商务写字楼,,120201,商务住宅,楼宇,商务写字楼
万达时代中心,114.343071,30.554941,中北路171号(近周家大湾),商务写字楼,,120201,商务住宅,楼宇,商务写字楼
万达汉街总部国际,114.343116,30.554868,松竹路与中北路辅路交叉口东南100米,商务写字楼,,120201,商务住宅,楼宇,商务写字楼
武汉川溢餐饮管理有限公司,114.343089,30.555033,水果湖中北路86号汉街武汉中央文化旅游区K3地块1栋23层-10B2315,商务写字楼,,120201,商务住宅,楼宇,商务写字楼
圣峰商务,114.343153,30.555009,汉街总部国际A座(楚河汉街地铁站B口步行190米),商务写字楼,,120201,商务住宅,楼宇,商务写字楼
水果湖广场A2号楼,114.344475,30.548525,水果湖片东湖路10号水果湖广场,商务写字楼,,120201,商务住宅,楼宇,商务写字楼
汉街总部国际B座,114.343881,30.554437,中北路86号万达汉街总部国际,商务写字楼,,120201,商务住宅,楼宇,商务写字楼
万达汉街总部国际G栋,114.344183,30.554283,楚汉路与兴沪路交叉口西200米,商务写字楼,,120201,商务住宅,楼宇,商务写字楼
东湖之光,114.345118,30.549699,水果湖横路与东湖路交叉口东北100米,商务写字楼,,120201,商务住宅,楼宇,商务写字楼
泰华大厦(白鹭街),114.345054,30.552577,水果湖东湖路101号(水果湖地铁站D口步行90米),商务写字楼,,120201,商务住宅,楼宇,商务写字楼
汉街总部国际C座,114.344684,30.553905,松竹路与武重四街坊交叉口西140米,商务写字楼,,120201,商务住宅,楼宇,商务写字楼
总部国际写字楼,114.344725,30.553925,万达汉街总部国际(水果湖地铁站C口步行340米),商务写字楼,,120201,商务住宅,楼宇,商务写字楼
省经信委大楼,114.343663,30.543712,东一路与东一小路交叉口东北40米,商务写字楼,,120201,商务住宅,楼宇,商务写字楼
同心大厦F座,114.345803,30.550301,东湖路56号同心大厦(水果湖地铁站A口步行140米),商务写字楼,,120201,商务住宅,楼宇,商务写字楼
广苑大厦A座,114.348051,30.550521,东湖路88号广苑大厦(水果湖地铁站B口步行280米),商务写字楼,,120201,商务住宅,楼宇,商务写字楼
广苑大厦B座,114.348375,30.550475,东湖路88号广苑大厦(水果湖地铁站B口步行310米),商务写字楼,,120201,商务住宅,楼宇,商务写字楼
汉街总部国际D座,114.346214,30.552912,东湖路(水果湖地铁站C口步行80米),商务写字楼,,120201,商务住宅,楼宇,商务写字楼
湖北银行大厦8座,114.347525,30.554525,中北路86号湖北银行大厦,商务写字楼,,120201,商务住宅,楼宇,商务写字楼
湖北银行大厦,114.347571,30.554549,中北路86号(水果湖地铁站C口步行370米),商务写字楼,,120201,商务住宅,楼宇,商务写字楼
汉街写字楼,114.345969,30.55541,汉街总部国际B-S5-06东南方向130米,商务写字楼,,120201,商务住宅,楼宇,商务写字楼
汉街总部国际G座,114.345925,30.555525,楚汉路与兴沪路交叉口北60米,商务写字楼,,120201,商务住宅,楼宇,商务写字楼
汉街总部国际F座,114.345207,30.556158,工商银行线下签约网点,商务写字楼,,120201,商务住宅,楼宇,商务写字楼
汉街总部国际E座,114.34435,30.556732,中北路58号(楚河汉街地铁站B口步行440米),商务写字楼,,120201,商务住宅,楼宇,商务写字楼
湖北文旅大厦,114.344351,30.556735,中北路86号汉街总部国际E座,商务写字楼,,120201,商务住宅,楼宇,商务写字楼
湖北文旅大厦E座,114.34442,30.556748,中北路90号(楚河汉街地铁站B口步行430米),商务写字楼,,120201,商务住宅,楼宇,商务写字楼
武汉中央文化区展示中心,114.344307,30.558418,楚汉路37号,商务写字楼,,120201|140200,商务住宅,楼宇,商务写字楼
武汉中央文化区,114.344451,30.558622,中北路171号,商务写字楼,,120201|140000,商务住宅,楼宇,商务写字楼
长江科创金融港,114.346365,30.559113,中北路与兴国南路交叉口,商务写字楼,,120201,商务住宅,楼宇,商务写字楼
万达(武汉中央文化区),114.344256,30.559265,中北路171号武汉中央文化区,商务写字楼,,120201,商务住宅,楼宇,商务写字楼
K4一号地,114.342125,30.559125,汉街壹号公馆一组团,商务写字楼,,120201,商务住宅,楼宇,商务写字楼
中国进出口银行大厦(中北路),114.346966,30.559661,中北路108号附2号楼(青鱼嘴地铁站A口步行390米),商务写字楼,,120201,商务住宅,楼宇,商务写字楼
广泽中心,114.347123,30.55984,中北路108-3号(青鱼嘴地铁站A口步行400米),商务写字楼,,120201,商务住宅,楼宇,商务写字楼
兴业银行大厦,114.347274,30.560012,中北路108号(青鱼嘴地铁站A口步行300米),商务写字楼,,120201,商务住宅,楼宇,商务写字楼
武汉市武昌区中北路118号复地东湖国际四期第2号商业,114.350475,30.559625,兴武路1号复地·东湖国际四期,商务写字楼,,120201,商务住宅,楼宇,商务写字楼
WELL,114.346525,30.560725,中北路辅路与兴囯南路交叉口东北160米,商务写字楼,,120201,商务住宅,楼宇,商务写字楼
平安银行大厦,114.346368,30.561099,中北路183号,商务写字楼,,120201,商务住宅,楼宇,商务写字楼
云玺T2写字楼,114.346525,30.561975,中北路170号沙湖中心,商务写字楼,,120201,商务住宅,楼宇,商务写字楼
中国人民财产保险大楼,114.347675,30.561925,水果湖街街道中北路163号中国人民财产保险股份有限公司,商务写字楼,,120201,商务住宅,楼宇,商务写字楼
人保大厦1号楼,114.347793,30.562093,,商务写字楼,,120201,商务住宅,楼宇,商务写字楼
长江产业大厦,114.349461,30.561844,水果湖街办事处中北路166号,商务写字楼,,120201,商务住宅,楼宇,商务写字楼
长江产业大厦13号楼,114.349464,30.561847,中北路166号长江产业大厦,商务写字楼,,120201,商务住宅,楼宇,商务写字楼
华夏银行大厦,114.347856,30.562508,中北路217号(青鱼嘴地铁站K口步行140米),商务写字楼,,120201,商务住宅,楼宇,商务写字楼
天风大厦,114.34764,30.562838,中北路223附2(青鱼嘴地铁站K口步行160米),商务写字楼,,120201,商务住宅,楼宇,商务写字楼
天风大厦B座,114.347325,30.563225,中北路223附2天风大厦,商务写字楼,,120201,商务住宅,楼宇,商务写字楼
中国工程科技发展战略湖北研究院办公楼,114.360875,30.559725,中国工程科技发展战略湖北研究院,商务写字楼,,120201,商务住宅,楼宇,商务写字楼
湖北省博物馆文展大楼(南主馆)-商品中心,114.365825,30.560775,湖北省博物馆南馆,商务写字楼,,120201,商务住宅,楼宇,商务写字楼
滨湖大厦-大堂,114.362475,30.562275,东湖路157号滨湖大厦,商务写字楼,,120201,商务住宅,楼宇,商务写字楼
祥隆盛世广场A栋,114.177025,30.565675,汉阳大道998号祥隆盛世广场,商务写字楼,,120201,商务住宅,楼宇,商务写字楼
SUPOR行政楼,114.174388,30.569617,金色一路SUPOR厂区,商务写字楼,,120201,商务住宅,楼宇,商务写字楼
万通创业园行政楼,114.171925,30.567075,黄金口黄金口都市工业园区万通创业园,商务写字楼,,120201,商务住宅,楼宇,商务写字楼
米粮城市广场A栋,114.168425,30.563925,汉阳大道与孟家铺立交桥交叉口南80米,商务写字楼,,120201,商务住宅,楼宇,商务写字楼
彭家岭村特1号米粮综合楼,114.168325,30.564075,汉阳大道与孟家铺立交桥交叉口南60米,商务写字楼,,120201,商务住宅,楼宇,商务写字楼
建银汽车产业大厦A座,114.166675,30.568125,建银汽车产业大厦,商务写字楼,,120201,商务住宅,楼宇,商务写字楼
建银汽车产业大厦,114.166452,30.569045,金色环路与金色一路交叉口东北60米,商务写字楼,,120201,商务住宅,楼宇,商务写字楼
安邦大厦,114.195394,30.566696,永丰街街道汉阳大道792号,商务写字楼,,120201,商务住宅,楼宇,商务写字楼
汉江和阳大厦1栋,114.201675,30.563325,玉龙路127号汉江和阳大厦,商务写字楼,,120201,商务住宅,楼宇,商务写字楼
汉江和阳大厦,114.201753,30.563242,玉龙路127号(玉龙路地铁站B口步行230米),商务写字楼,,120201,商务住宅,楼宇,商务写字楼
玖润丰汇,114.20255,30.569518,玉龙路15号-8,商务写字楼,,120201,商务住宅,楼宇,商务写字楼
中央之星SOHO-A栋,114.204975,30.563325,汉阳大道中央之星SOHO,商务写字楼,,120201,商务住宅,楼宇,商务写字楼
中央之星SOHO二号楼,114.205025,30.563325,汉阳大道中央之星SOHO,商务写字楼,,120201,商务住宅,楼宇,商务写字楼
中央之星SOHO,114.205031,30.563332,汉阳大道(玉龙路地铁站B口步行350米),商务写字楼,,120201,商务住宅,楼宇,商务写字楼
盐业大厦1栋,114.206342,30.56512,水仙里208号盐业大厦,商务写字楼,,120201,商务住宅,楼宇,商务写字楼
盐业大厦,114.206419,30.565906,水仙里208号,商务写字楼,,120201,商务住宅,楼宇,商务写字楼
华大大厦,114.21093,30.565182,二桥玫瑰园街108号(王家湾地铁站L口步行220米),商务写字楼,,120201,商务住宅,楼宇,商务写字楼
湖北汽车大厦,114.211207,30.565992,玫瑰园路特1号(王家湾地铁站L口步行330米),商务写字楼,,120201,商务住宅,楼宇,商务写字楼
汉江阳光城1号楼A座,114.211525,30.564275,二桥路19号汉江阳光城1栋,商务写字楼,,120201,商务住宅,楼宇,商务写字楼
汉江阳光城1栋B座,114.211725,30.564175,二桥路19号汉江阳光城1栋,商务写字楼,,120201,商务住宅,楼宇,商务写字楼
香格里都,114.211967,30.564632,龙阳大道23号(王家湾地铁站K口步行260米),商务写字楼,,120201,商务住宅,楼宇,商务写字楼
汉武人才楼,114.214825,30.562925,玫瑰东园路与十里铺小路交叉口西240米,商务写字楼,,120201,商务住宅,楼宇,商务写字楼
SF,114.207572,30.57402,琴台大道1088号万科翡翠滨江一期,商务写字楼,,120201,商务住宅,楼宇,商务写字楼
汉水尚庭2期B座,114.221775,30.564025,赫山路308号汉水尚庭二期,商务写字楼,,120201,商务住宅,楼宇,商务写字楼
纽宾凯都会中心汀澜公馆,114.222375,30.568175,琴台大道与赫山路交叉口西南80米,商务写字楼,,120201,商务住宅,楼宇,商务写字楼
汉阳区商务中心,114.229775,30.563975,罗七路与崔子湾街交叉口北160米,商务写字楼,,120201,商务住宅,楼宇,商务写字楼
天然气大楼,114.232983,30.572996,沿河大道358号,商务写字楼,,120201,商务住宅,楼宇,商务写字楼
华汉广场,114.234643,30.575453,汉宜路10号,商务写字楼,,120201,商务住宅,楼宇,商务写字楼
融侨锦江A栋,114.222075,30.578125,建一路与烟厂巷交叉口西南140米,商务写字楼,,120201,商务住宅,楼宇,商务写字楼
中华保险大厦,114.234535,30.575684,汉宜路10号华汉广场,商务写字楼,,120201,商务住宅,楼宇,商务写字楼
中海大厦,114.245519,30.565868,知音大道257号,商务写字楼,,120201,商务住宅,楼宇,商务写字楼
汉水综合楼,114.239825,30.573225,汉西路与沿河大道交叉口西100米,商务写字楼,,120201,商务住宅,楼宇,商务写字楼
越秀星汇云锦A座,114.249975,30.568175,沿河大道与硚口路交叉口西北60米,商务写字楼,,120201,商务住宅,楼宇,商务写字楼
越秀·财富中心,114.250019,30.568682,中山大道1号(湖北省第三人民医院旁边),商务写字楼,,120201,商务住宅,楼宇,商务写字楼
越秀财富中心F座,114.248881,30.570946,中山大道1号越秀·财富中心,商务写字楼,,120201,商务住宅,楼宇,商务写字楼
越秀财富中心A座,114.24889,30.570945,中山大道1号越秀·财富中心,商务写字楼,,120201,商务住宅,楼宇,商务写字楼
越秀·财富中心-办公楼,114.250514,30.56923,硚口路与中山大道交叉口西60米,商务写字楼,,120201,商务住宅,楼宇,商务写字楼
关照大楼,114.251384,30.567037,红英巷与汉正街交叉口东北20米,商务写字楼,,120201,商务住宅,楼宇,商务写字楼
希望大楼,114.251531,30.567176,汉正街17号,商务写字楼,,120201,商务住宅,楼宇,商务写字楼
老烟厂院,114.246419,30.573919,解放大道378号仁寿社区,商务写字楼,,120201,商务住宅,楼宇,商务写字楼
sogo写字楼,114.244575,30.575125,解放大道378号仁寿社区,商务写字楼,,120201,商务住宅,楼宇,商务写字楼
金叶国际大厦B座,114.246675,30.574775,解放大道128号金叶SOLO国际B栋,商务写字楼,,120201,商务住宅,楼宇,商务写字楼
金叶国际大厦C区,114.246575,30.574875,仁寿路解放大道128号金叶solo国际,商务写字楼,,120201,商务住宅,楼宇,商务写字楼
金叶SOLO国际A-C栋,114.246575,30.574875,仁寿路解放大道128号金叶solo国际,商务写字楼,,120201,商务住宅,楼宇,商务写字楼
中电尊荣国际大厦,114.252363,30.569896,中山上巷与中山大道交叉口东北20米,商务写字楼,,120201,商务住宅,楼宇,商务写字楼
航天商务楼,114.250815,30.572841,仁寿路363号(硚口路地铁站A口步行200米),商务写字楼,,120201,商务住宅,楼宇,商务写字楼
金源商务写字楼,114.25086,30.573291,硚口路135号(硚口路地铁站A口步行270米),商务写字楼,,120201,商务住宅,楼宇,商务写字楼
湖北省第三人民医院住院部-新大楼,114.253771,30.569266,湖北省第三人民医院硚口本部住院部,商务写字楼,,120201,商务住宅,楼宇,商务写字楼
工贸家电办公大楼B栋,114.247994,30.57564,解放大道与双厂巷交叉口东北100米,商务写字楼,,120201,商务住宅,楼宇,商务写字楼
工贸家电办公大楼,114.248037,30.575662,解放大道853号附近,商务写字楼,,120201,商务住宅,楼宇,商务写字楼
汉宝大厦,114.244872,30.577105,解放大道777号,商务写字楼,,120201,商务住宅,楼宇,商务写字楼
硚口织布厂综合楼,114.256068,30.566981,汉中西路120号桥新公寓,商务写字楼,,120201,商务住宅,楼宇,商务写字楼
国光综合楼,114.257125,30.566575,同兴小区,商务写字楼,,120201,商务住宅,楼宇,商务写字楼
天水腾飞大厦,114.259929,30.568588,中山大道184-1号,商务写字楼,,120201,商务住宅,楼宇,商务写字楼
汉华星港,114.259407,30.569499,中山大道227号,商务写字楼,,120201,商务住宅,楼宇,商务写字楼
云尚国际时尚中心,114.262285,30.564705,沿河大道与崇仁路交叉口东60米,商务写字楼,,120201,商务住宅,楼宇,商务写字楼
中财大厦(沿河大道),114.262923,30.564659,沿河大道236-238号,商务写字楼,,120201,商务住宅,楼宇,商务写字楼
侨宝大楼,114.264261,30.56582,汉正街与至公路交叉口西北60米,商务写字楼,,120201,商务住宅,楼宇,商务写字楼
丰源大厦2号楼,114.264425,30.565825,汉正街401号丰源大厦,商务写字楼,,120201,商务住宅,楼宇,商务写字楼
朱莉大楼,114.261766,30.570892,崇仁路110号银洲公寓(崇仁路地铁站A口步行380米),商务写字楼,,120201,商务住宅,楼宇,商务写字楼
公务员大厦,114.263499,30.569796,集贤路3号距崇仁路地铁站462米,商务写字楼,,120201,商务住宅,楼宇,商务写字楼
公务员大厦A栋,114.26355,30.56985,集贤路与中山大道交叉口北80米,商务写字楼,,120201,商务住宅,楼宇,商务写字楼
汉华大厦,114.265253,30.568754,中山大道228号(武胜路地铁站Q口步行160米),商务写字楼,,120201,商务住宅,楼宇,商务写字楼
硚口区房地产交易市场综合楼,114.262192,30.572386,武胜西街1号(崇仁路地铁站B口步行250米),商务写字楼,,120201,商务住宅,楼宇,商务写字楼
葛洲坝国际中心,114.252249,30.57439,硚口路162号(硚口路地铁站A口步行370米),商务写字楼,,120201,商务住宅,楼宇,商务写字楼
高逸写字楼,114.266294,30.56394,沿河大道与武胜路交叉口西北100米,商务写字楼,,120201,商务住宅,楼宇,商务写字楼
硚口区档案馆大楼,114.264935,30.569851,幸乐村8号(武胜路地铁站Q口步行170米),商务写字楼,,120201,商务住宅,楼宇,商务写字楼
花样年·喜年中心,114.266911,30.564233,沿河大道北侧,商务写字楼,,120201,商务住宅,楼宇,商务写字楼
武汉城市广场B座,114.252596,30.575737,硚口路160号,商务写字楼,,120201,商务住宅,楼宇,商务写字楼
茶叶市场东楼,114.262675,30.573775,京汉大道与宝裕路交叉口东南40米(崇仁路地铁站B口旁),商务写字楼,,120201,商务住宅,楼宇,商务写字楼
金叶大厦(武胜路),114.267384,30.567662,武胜路89号(武胜路地铁站A口步行340米),商务写字楼,,120201,商务住宅,楼宇,商务写字楼
凯德广场1栋,114.267025,30.568725,中山大道238号凯德广场(武胜路店),商务写字楼,,120201,商务住宅,楼宇,商务写字楼
凯德广场武胜B楼,114.267025,30.568725,武胜路与中山大道交叉口西南140米,商务写字楼,,120201,商务住宅,楼宇,商务写字楼
武汉城市广场,114.252787,30.575972,硚口路160号(硚口路与解放大道交汇处),商务写字楼,,120201,商务住宅,楼宇,商务写字楼
葛洲坝大厦辅楼,114.251525,30.575825,解放大道558号葛洲坝大厦,商务写字楼,,120201,商务住宅,楼宇,商务写字楼
葛洲坝大厦,114.251583,30.57584,解放大道558号,商务写字楼,,120201,商务住宅,楼宇,商务写字楼
武汉城市广场南1栋,114.252925,30.576175,硚口路160号武汉城市广场A座,商务写字楼,,120201,商务住宅,楼宇,商务写字楼
武汉公交城市广场写字楼,114.252748,30.576169,硚口路160号武汉城市广场,商务写字楼,,120201,商务住宅,楼宇,商务写字楼
武汉城市广场A座,114.252845,30.576205,硚口路160号,商务写字楼,,120201,商务住宅,楼宇,商务写字楼
同馨花园,114.255261,30.576671,解放大道586号,商务写字楼,,120201,商务住宅,楼宇,商务写字楼
同馨商务大厦,114.256435,30.577113,解放大道588号,商务写字楼,,120201,商务住宅,楼宇,商务写字楼
南丰大厦,114.260848,30.576098,崇仁路249号(崇仁路地铁站D口步行340米),商务写字楼,,120201,商务住宅,楼宇,商务写字楼
湖北石油,114.257635,30.577172,宝丰街道宝丰路103号八楼805室,商务写字楼,,170205|120201,公司企业,公司,
湖北石油大厦,114.257623,30.577176,解放大道606号,商务写字楼,,120201,商务住宅,楼宇,商务写字楼
同馨商务大厦B号楼,114.255719,30.577399,解放大道588号同馨商务大厦,商务写字楼,,120201,商务住宅,楼宇,商务写字楼
中晟达国际广场,114.269233,30.569162,中山大道与武胜路交叉口东80米,商务写字楼,,120201,商务住宅,楼宇,商务写字楼
体育大厦,114.259674,30.577347,解放大道612号,商务写字楼,,120201,商务住宅,楼宇,商务写字楼
武胜人信汇国际文化城,114.268055,30.571553,武胜路99号(武胜路地铁站M口步行260米),商务写字楼,,120201,商务住宅,楼宇,商务写字楼
兴隆大厦写字楼,114.251909,30.577777,解放大道1007号,商务写字楼,,120201,商务住宅,楼宇,商务写字楼
梅园大厦,114.257558,30.577988,解放大道1087号,商务写字楼,,120201,商务住宅,楼宇,商务写字楼
华昌大厦(京汉大道),114.264777,30.575401,京汉大道373号(崇仁路地铁站C口步行320米),商务写字楼,,120201,商务住宅,楼宇,商务写字楼
电讯大楼,114.267248,30.57327,荣西社区(武胜路地铁站M口步行460米),商务写字楼,,120201,商务住宅,楼宇,商务写字楼
宝丰时代,114.253552,30.578385,汉口解放大道1045号,商务写字楼,,120201,商务住宅,楼宇,商务写字楼
万安大厦,114.270955,30.564747,汉正街与万安巷交叉口东40米,商务写字楼,,120201,商务住宅,楼宇,商务写字楼
万安大厦1栋,114.272225,30.564825,汉正街与利济路交叉口西南100米,商务写字楼,,120201,商务住宅,楼宇,商务写字楼
工商大厦,114.272825,30.565025,利济南路35号中国工商银行(武汉汉正街支行),商务写字楼,,120201,商务住宅,楼宇,商务写字楼
汉正广场A,114.273675,30.566175,汉正街581号汉正广场,商务写字楼,,120201,商务住宅,楼宇,商务写字楼
金天商务中心,114.272324,30.567967,利济社区(汉正街地铁站D口步行420米),商务写字楼,,120201,商务住宅,楼宇,商务写字楼
小商品市场中心大楼,114.274391,30.567408,利济路汉正街,商务写字楼,,120201|170200,商务住宅,楼宇,商务写字楼
汉正街饰品大楼,114.275366,30.566655,汉正街645号四楼,商务写字楼,,120201,商务住宅,楼宇,商务写字楼
武汉市硚口区汉正街华贸商城4号楼13座,114.275728,30.565156,汉正街658号华贸商城,商务写字楼,,120201,商务住宅,楼宇,商务写字楼
利济大厦,114.272046,30.569745,中山大道352号(汉正街地铁站D口步行220米),商务写字楼,,120201,商务住宅,楼宇,商务写字楼
贴心楼,114.273305,30.569353,汉正街地铁站D口步行360米,商务写字楼,,120201,商务住宅,楼宇,商务写字楼
银座靓仔服装写字间,114.276557,30.565657,汉正街第一大道银座,商务写字楼,,120201,商务住宅,楼宇,商务写字楼
银座商城银座写字间,114.276323,30.566644,汉正街第一大道银座,商务写字楼,,120201,商务住宅,楼宇,商务写字楼
金海名都A座,114.270575,30.570775,武胜路学堂巷金海名都(汉正街地铁站D口步行380米),商务写字楼,,120201,商务住宅,楼宇,商务写字楼
汉正街第一大道蓝宝石B座,114.276903,30.564729,多福路与茯苓巷交叉口西北80米,商务写字楼,,120201,商务住宅,楼宇,商务写字楼
龙腾第一大道,114.276914,30.564585,多福路与茯苓巷交叉口西北60米,商务写字楼,,120201,商务住宅,楼宇,商务写字楼
靓仔写字楼,114.276448,30.567391,靓仔城,商务写字楼,,120201,商务住宅,楼宇,商务写字楼
汉正街第一大道蓝宝石座,114.277016,30.563867,茯苓巷与多福路交叉口西南40米,商务写字楼,,120201,商务住宅,楼宇,商务写字楼
第一大道服装市场,114.277225,30.565512,汉正街第一大道与新河巷交叉口西北60米,商务写字楼,,120201,商务住宅,楼宇,商务写字楼
金正茂服装批发大楼,114.27705,30.56675,汉正街704号(多福路)汉正街第一大道金座,商务写字楼,,120201,商务住宅,楼宇,商务写字楼
汉正街第一大道金座,114.277283,30.565981,汉正街704号(多福路),商务写字楼,,120201,商务住宅,楼宇,商务写字楼
服装大楼,114.271292,30.571314,利济北路49号(汉正街地铁站D口步行300米),商务写字楼,,120201,商务住宅,楼宇,商务写字楼
汉正街中心商城B栋,114.277225,30.567375,汉正街与汉正街第一大道交叉口西北60米,商务写字楼,,120201,商务住宅,楼宇,商务写字楼
汉正街第一大道靓仔装写字厅红宝石座,114.277662,30.564005,多福路与茯苓巷交叉口东40米,商务写字楼,,120201,商务住宅,楼宇,商务写字楼
云尚国际D栋,114.27567,30.569616,长堤街与新火路交叉口西南20米,商务写字楼,,120201,商务住宅,楼宇,商务写字楼
金马大厦1栋,114.268875,30.571775,荣华街与武胜路辅路交叉口东40米,商务写字楼,,120201,商务住宅,楼宇,商务写字楼
精品靓仔男装写字楼,114.277487,30.562476,沿河大道178号汉正街第一大道·钻石座,商务写字楼,,120201,商务住宅,楼宇,商务写字楼
金昌大厦D栋,114.278075,30.566525,汉正街第一大道与汉正街交叉口东南60米,商务写字楼,,120201,商务住宅,楼宇,商务写字楼
金昌大厦C栋,114.278225,30.56574,汉正街728号附18号金昌大厦,商务写字楼,,120201,商务住宅,楼宇,商务写字楼
复星外滩中心1栋,114.278675,30.564175,BFC复星外滩中心,商务写字楼,,120201,商务住宅,楼宇,商务写字楼
复星外滩中心C2地块,114.278775,30.564075,沿河大道汉正街东片B包,商务写字楼,,120201,商务住宅,楼宇,商务写字楼
同润大厦B栋,114.277935,30.568432,汉正街全新社区同润大厦,商务写字楼,,120201,商务住宅,楼宇,商务写字楼
云尚国际中心写字楼,114.277325,30.569525,多福路特58号汉正街品牌服饰批发广场,商务写字楼,,120201,商务住宅,楼宇,商务写字楼
同润大厦,114.278075,30.568675,汉正街全新社区,商务写字楼,,120201,商务住宅,楼宇,商务写字楼
同润大厦D栋,114.278045,30.569206,汉正街全新社区同润大厦,商务写字楼,,120201,商务住宅,楼宇,商务写字楼
多福家电大厦,114.279268,30.562539,沿河大道165号,商务写字楼,,120201,商务住宅,楼宇,商务写字楼
多福家电大厦12座,114.279362,30.562674,汉正街道沿河大道多福家电大厦12座,商务写字楼,,120201,商务住宅,楼宇,商务写字楼
云尚武汉国际时尚中心-C馆5C,114.277325,30.570775,中山大道388号云尚武汉国际时尚中心,商务写字楼,,120201,商务住宅,楼宇,商务写字楼
BFC复星外滩中心,114.280019,30.565618,沿河大道汉正街东片B包,商务写字楼,,120201,商务住宅,楼宇,商务写字楼
云尚武汉国际时尚中心3号楼,114.277791,30.570598,中山大道388号云尚武汉国际时尚中心,商务写字楼,,120201,商务住宅,楼宇,商务写字楼
武汉金正茂商务大楼,114.279757,30.567564,汉正街777号,商务写字楼,,120201,商务住宅,楼宇,商务写字楼
云尚武汉国际时尚中心B座T楼32号楼,114.27822,30.570247,中山大道388号云尚武汉国际时尚中心,商务写字楼,,120201,商务住宅,楼宇,商务写字楼
金正茂中国服装商贸城武汉金正茂商务大楼3号楼,114.279984,30.567355,汉正街777号武汉金正茂商务大楼,商务写字楼,,120201,商务住宅,楼宇,商务写字楼
武汉金正茂商务大楼4号楼,114.279925,30.567546,金正茂中国服装商贸城B区,商务写字楼,,120201,商务住宅,楼宇,商务写字楼
武汉金正茂商务大楼C区,114.27989,30.56765,大夹街与横堤上街交叉口西南120米,商务写字楼,,120201,商务住宅,楼宇,商务写字楼
云尚武汉国际时尚中心B区,114.277375,30.571525,云尚·武汉国际时尚中心-D馆,商务写字楼,,120201,商务住宅,楼宇,商务写字楼
不晚,114.277373,30.571528,中山大道多福路交汇处(汉正街地铁站B口步行100米),商务写字楼,,120201,商务住宅,楼宇,商务写字楼
金正茂中国服装商贸城B区,114.280297,30.567566,汉正街与横堤上街交叉口西北80米,商务写字楼,,120201|060700,商务住宅,楼宇,商务写字楼
泰合广场,114.26939,30.574314,武胜路134号(利济北路地铁站A口步行480米),商务写字楼,,120201,商务住宅,楼宇,商务写字楼
财源大厦西楼,114.270234,30.574366,利济北路80附4号附近,商务写字楼,,120201,商务住宅,楼宇,商务写字楼
云尚武汉国际时尚中心B馆2号楼,114.279325,30.570125,中山大道388号云尚武汉国际时尚中心,商务写字楼,,120201,商务住宅,楼宇,商务写字楼
金正茂1B区,114.280625,30.567775,大夹街与横堤上街交叉口西南60米,商务写字楼,,120201,商务住宅,楼宇,商务写字楼
BFC复星外滩中心2栋,114.281298,30.565197,友谊南路与晴川桥交叉口西120米,商务写字楼,,120201,商务住宅,楼宇,商务写字楼
财源大厦-主楼,114.270143,30.574811,顺道街2号财源大厦(利济北路地铁站A口步行340米),商务写字楼,,120201,商务住宅,楼宇,商务写字楼
民安大厦291号,114.276975,30.573075,中山大道291号民安大厦,商务写字楼,,120201,商务住宅,楼宇,商务写字楼
财源大厦北楼,114.27048,30.575102,蓝山城市中心(利济北路地铁站A口步行300米),商务写字楼,,120201,商务住宅,楼宇,商务写字楼
香港中心T1栋,114.268155,30.575158,武胜路121号香港中心,商务写字楼,,120201,商务住宅,楼宇,商务写字楼
六角亭街道航发大厦1栋,114.273775,30.574775,利济东街105号航发大厦,商务写字楼,,120201,商务住宅,楼宇,商务写字楼
云尚·武汉国际时尚中心4号楼,114.279503,30.571426,中山大道388号云尚武汉国际时尚中心,商务写字楼,,120201,商务住宅,楼宇,商务写字楼
香港中心15栋,114.26765,30.57525,武胜路121号香港中心,商务写字楼,,120201,商务住宅,楼宇,商务写字楼
香港中心T栋,114.267625,30.575275,武胜路121号香港中心,商务写字楼,,120201,商务住宅,楼宇,商务写字楼
香港中心,114.267607,30.575274,武胜路121号(利济北路地铁站A口步行240米),商务写字楼,,120201,商务住宅,楼宇,商务写字楼
云尚武汉国际时尚中心T1写字楼,114.279044,30.572015,中山大道与宝庆街交叉口西南80米,商务写字楼,,120201,商务住宅,楼宇,商务写字楼
云尚国际时尚中心A栋,114.278973,30.572083,中山大道388号云尚·武汉国际时尚中心-A馆,商务写字楼,,120201,商务住宅,楼宇,商务写字楼
宏狮控股大厦,114.266942,30.575241,武胜路与京汉大道交汇处(地铁利济北路站A出口步行250米;公交口步行30米),商务写字楼,,120201,商务住宅,楼宇,商务写字楼
顺天泰大楼,114.281932,30.568273,大夹街222号顺天泰,商务写字楼,,120201,商务住宅,楼宇,商务写字楼
六角亭新路128号船检大楼,114.277125,30.574025,游艺东巷与民意四路交叉口西南140米,商务写字楼,,120201,商务住宅,楼宇,商务写字楼
云尚广场写字楼,114.279775,30.572025,宝庆街与中山大道交叉口东南100米,商务写字楼,,120201,商务住宅,楼宇,商务写字楼
银邦大厦A座,114.27875,30.573164,民意四路与中山大道交叉口西北60米,商务写字楼,,120201,商务住宅,楼宇,商务写字楼
民乐大厦,114.278045,30.57371,民意四路民乐小区(汉正街地铁站B口步行450米),商务写字楼,,120201,商务住宅,楼宇,商务写字楼
武汉盛源服饰大厦,114.282879,30.566912,汉正街853号江汉大楼,商务写字楼,,120201,商务住宅,楼宇,商务写字楼
大通国际,114.26584,30.575876,京汉大道377祥和大厦(崇仁路地铁站C口步行490米),商务写字楼,,120201|120302,商务住宅,楼宇,商务写字楼
祥和大厦(京汉大道),114.26584,30.575876,京汉大道377(崇仁路地铁站C口步行470米),商务写字楼,,120201,商务住宅,楼宇,商务写字楼
祥和大厦A栋,114.265925,30.575925,京汉大道377祥和大厦(崇仁路地铁站C口步行480米),商务写字楼,,120201,商务住宅,楼宇,商务写字楼
华昌大厦1栋,114.265036,30.575687,京汉大道373号华昌大厦,商务写字楼,,120201,商务住宅,楼宇,商务写字楼
雅典居写字楼,114.278303,30.574351,民意四路19号,商务写字楼,,120201,商务住宅,楼宇,商务写字楼
武汉SOHO,114.269357,30.577299,五里墩街街道京汉大道479-481号,商务写字楼,,120201,商务住宅,楼宇,商务写字楼
东方茶港B座,114.28025,30.57375,天后社区东南门旁东方茶港,商务写字楼,,120201,商务住宅,楼宇,商务写字楼
东直大厦,114.277625,30.575625,民意四路与民意上街交叉口西南20米,商务写字楼,,120201,商务住宅,楼宇,商务写字楼
双龙服装城B座,114.282389,30.571809,长堤街与友谊南路交叉口西20米,商务写字楼,,120201,商务住宅,楼宇,商务写字楼
汉正国际中心B栋,114.280446,30.573938,中山大道307-309号汉正国际中心,商务写字楼,,120201,商务住宅,楼宇,商务写字楼
江汉大厦1栋,114.281575,30.573125,中山大道548-10号江汉大厦,商务写字楼,,120201,商务住宅,楼宇,商务写字楼
威凯大厦1栋,114.284525,30.568025,民族路7号威凯大厦,商务写字楼,,120201,商务住宅,楼宇,商务写字楼
中电广场尊荣国际A座,114.28094,30.57379,中山大道307-309号东方茶港国际茶城,商务写字楼,,120201,商务住宅,楼宇,商务写字楼
江汉大厦A栋,114.281525,30.573225,满春路与清芬一路交叉口北60米,商务写字楼,,120201,商务住宅,楼宇,商务写字楼
青年汇,114.281544,30.573207,满春街街道满春路14号(六渡桥地铁站A口步行270米),商务写字楼,,120201,商务住宅,楼宇,商务写字楼
江汉大厦,114.281544,30.573207,中山大道548-10号,商务写字楼,,120201,商务住宅,楼宇,商务写字楼
百乐大厦,114.273318,30.577617,游艺路与京汉大道交叉口东南100米,商务写字楼,,120201,商务住宅,楼宇,商务写字楼
汉正国际中心,114.280613,30.57416,中山大道307-309号,商务写字楼,,120201,商务住宅,楼宇,商务写字楼
凯瑞时代大厦,114.277668,30.576316,民意四路48号,商务写字楼,,120201,商务住宅,楼宇,商务写字楼
中电尊荣国际C座,114.280613,30.574441,中山大道307-309号汉正国际中心,商务写字楼,,120201,商务住宅,楼宇,商务写字楼
汉正国际中心A座,114.281075,30.574125,友谊路与中山大道交叉口西北60米,商务写字楼,,120201,商务住宅,楼宇,商务写字楼
汉正国际中心6号门A座,114.280928,30.574409,中山大道307-309号汉正国际中心,商务写字楼,,120201,商务住宅,楼宇,商务写字楼
万商白马,114.285436,30.567575,沿河大道68号,商务写字楼,,060101|120201,购物服务,商场,购物中心
银河大厦A区,114.287022,30.568188,大兴路与花楼街交叉口西60米,商务写字楼,,120201,商务住宅,楼宇,商务写字楼
水运大厦,114.286425,30.568425,大兴路与统一街交叉口东40米,商务写字楼,,120201,商务住宅,楼宇,商务写字楼
银河大厦(大兴路),114.286839,30.568408,民族街办事处大兴路37号,商务写字楼,,120201,商务住宅,楼宇,商务写字楼
武汉海联大厦,114.286375,30.568657,统一街8号,商务写字楼,,120201,商务住宅,楼宇,商务写字楼
银河大厦3栋,114.287225,30.568475,民族街办事处大兴路37号银河大厦,商务写字楼,,120201,商务住宅,楼宇,商务写字楼
银河大厦C区,114.287225,30.568475,大兴路与花楼街交叉口西北40米,商务写字楼,,120201,商务住宅,楼宇,商务写字楼
沿江1号写字楼B座,114.288876,30.567736,沿江一号写字楼,商务写字楼,,120201,商务住宅,楼宇,商务写字楼
银河B楼,114.288117,30.568443,大兴路与打扣巷交叉口北40米,商务写字楼,,120201,商务住宅,楼宇,商务写字楼
银河大厦2栋,114.287475,30.568825,民族街办事处大兴路37号银河大厦,商务写字楼,,120201,商务住宅,楼宇,商务写字楼
沿江一号写字楼,114.28902,30.567728,民族街办事处沿江大道1号沿江一号Mall,商务写字楼,,120201,商务住宅,楼宇,商务写字楼
沿江1号写字楼B座B1区,114.288925,30.567925,大兴路与二盛巷交叉口西南20米,商务写字楼,,120201,商务住宅,楼宇,商务写字楼
银河汇商业中心,114.289558,30.567952,民族街办事处沿江大道1号沿江一号Mall,商务写字楼,,120201,商务住宅,楼宇,商务写字楼
沿江1号写字楼A座,114.289888,30.567634,沿江一号写字楼,商务写字楼,,120201,商务住宅,楼宇,商务写字楼
沿江一号D5区,114.290974,30.567871,沿江一号写字楼,商务写字楼,,120201,商务住宅,楼宇,商务写字楼
武轮大厦,114.290896,30.568632,大兴路75号,商务写字楼,,120201,商务住宅,楼宇,商务写字楼
中山大厦1号楼,114.284875,30.571875,民族路129号中山大厦(六渡桥地铁站B口步行480米),商务写字楼,,120201,商务住宅,楼宇,商务写字楼
中山大厦,114.285151,30.571895,民族路129号(六渡桥地铁站B口步行410米),商务写字楼,,120201,商务住宅,楼宇,商务写字楼
嘉里中心,114.287972,30.571854,民权路189号武汉·江城府,商务写字楼,,120201,商务住宅,楼宇,商务写字楼
汇江大厦(民权路),114.293303,30.569978,民权路37号,商务写字楼,,120201,商务住宅,楼宇,商务写字楼
长江大厦附楼,114.293422,30.569888,民权路与沿江大道交叉口西100米,商务写字楼,,120201,商务住宅,楼宇,商务写字楼
长江大厦,114.293996,30.569656,民权路特1号,商务写字楼,,120201,商务住宅,楼宇,商务写字楼
汉来广场-贤良楼,114.291813,30.572044,民权路98号汉来广场,商务写字楼,,120201,商务住宅,楼宇,商务写字楼
武汉库玛·华中珠宝交易中心,114.284375,30.574175,中山大道600号(六渡桥地铁站B口步行270米),商务写字楼,,061202|120201,购物服务,,
库玛桥西楼,114.284344,30.574603,中山大道600号库玛商场,商务写字楼,,120201,商务住宅,楼宇,商务写字楼
汉来广场-信义楼,114.291829,30.572653,大兴路,商务写字楼,,120201,商务住宅,楼宇,商务写字楼
汉来广场-忠孝楼,114.29273,30.572034,民权路98号,商务写字楼,,120201,商务住宅,楼宇,商务写字楼
新丰大厦民宿(江汉路统一街打铜街店),114.288475,30.574275,广益·天下北区,商务写字楼,,120201,商务住宅,楼宇,商务写字楼
楚风阁,114.288631,30.574245,打铜街49号,商务写字楼,,120201,商务住宅,楼宇,商务写字楼
华航大厦AB座,114.294525,30.570325,民权路2号华航大厦,商务写字楼,,120201,商务住宅,楼宇,商务写字楼
华航大厦A栋,114.294523,30.570344,民权路2号华航大厦,商务写字楼,,120201,商务住宅,楼宇,商务写字楼
新金珠宝大厦,114.283011,30.57477,中山大道357-359号整栋,商务写字楼,,120201,商务住宅,楼宇,商务写字楼
湖北航务大厦,114.294626,30.570596,沿江大道68号,商务写字楼,,120201,商务住宅,楼宇,商务写字楼
新金珠宝大厦B栋,114.282973,30.574851,民意一路与中山大道交叉口北40米,商务写字楼,,120201,商务住宅,楼宇,商务写字楼
同益大厦B座,114.28336,30.574947,中山大道361-363号,商务写字楼,,120201,商务住宅,楼宇,商务写字楼
星火同益大厦,114.283555,30.575031,前进街办事处前进一路六渡桥路口,商务写字楼,,120201,商务住宅,楼宇,商务写字楼
同益大厦A座,114.28365,30.575064,星火同益大厦(六渡桥地铁站C1口步行150米),商务写字楼,,120201,商务住宅,楼宇,商务写字楼
星火文化用品大楼,114.284136,30.575212,星火同益大厦(六渡桥地铁站C2口旁),商务写字楼,,120201,商务住宅,楼宇,商务写字楼
汉正国际中心1号楼,114.280918,30.574666,中山大道307-309号汉正国际中心,商务写字楼,,120201,商务住宅,楼宇,商务写字楼
星火同益大厦C座,114.284016,30.575289,中山大道365-367号,商务写字楼,,120201,商务住宅,楼宇,商务写字楼
中电武汉电子广场,114.280925,30.574725,友谊路与民主二街交叉口东南120米,商务写字楼,,120201,商务住宅,楼宇,商务写字楼
长航大厦,114.294734,30.571083,沿江大道69号,商务写字楼,,120201,商务住宅,楼宇,商务写字楼
桥东商厦,114.284825,30.575475,中山大道与三民路交叉口东北40米,商务写字楼,,120201,商务住宅,楼宇,商务写字楼
温州城,114.28447,30.575692,中山大道779-805号,商务写字楼,,120201,商务住宅,楼宇,商务写字楼
武汉长江航运中心(建设中),114.294646,30.572415,沿江大道76-77号,商务写字楼,,120201,商务住宅,楼宇,商务写字楼
时代美博城B座,114.284115,30.576127,前进一路与民主三街交叉口东南40米,商务写字楼,,120201,商务住宅,楼宇,商务写字楼
时代美博城A座,114.283976,30.576338,前进一路与民主三街交叉口东20米,商务写字楼,,120201,商务住宅,楼宇,商务写字楼
友谊大厦A座,114.280075,30.576075,友谊路39-2号友谊大厦,商务写字楼,,120201,商务住宅,楼宇,商务写字楼
友谊大厦39号,114.279925,30.576125,友谊路与民主一街交叉口南60米,商务写字楼,,120201,商务住宅,楼宇,商务写字楼
武汉长江航运中心1号楼,114.2959,30.572598,沿江大道77号,商务写字楼,,120201,商务住宅,楼宇,商务写字楼
武汉工艺大楼,114.288686,30.576846,中山大道744号(江汉路地铁站G口步行210米),商务写字楼,,120201,商务住宅,楼宇,商务写字楼
宝利金国际广场4座,114.29203,30.57623,花楼街198号宝利金国际广场,商务写字楼,,120201,商务住宅,楼宇,商务写字楼
宝利金国际广场A座,114.292117,30.57628,花楼街198附1号(江汉路地铁站出入口步行340米),商务写字楼,,120201,商务住宅,楼宇,商务写字楼
宝利金国际广场B座,114.292544,30.576081,花楼街198附2号(江汉路地铁站D站出入口步行360米),商务写字楼,,120201,商务住宅,楼宇,商务写字楼
世纪中心双江景写字楼,114.296025,30.573725,花楼街街道沿江大道83号世纪中心,商务写字楼,,120201,商务住宅,楼宇,商务写字楼
宝利金国际公馆2座,114.292175,30.576325,花楼街198号宝利金国际广场,商务写字楼,,120201,商务住宅,楼宇,商务写字楼
宝利金国际广场7座,114.29224,30.576414,花楼街198号宝利金国际广场,商务写字楼,,120201,商务住宅,楼宇,商务写字楼
世纪江尚写字楼,114.296125,30.573825,黄陂街36号世纪·江尚,商务写字楼,,120201|120302,商务住宅,楼宇,商务写字楼
世纪中心,114.296148,30.573844,沿江大道83号,商务写字楼,,120201,商务住宅,楼宇,商务写字楼
金宝利国际广场D栋,114.292026,30.576673,花楼街与民生路交叉口东北100米,商务写字楼,,120201,商务住宅,楼宇,商务写字楼
宝丽金国际公馆3座,114.292275,30.576925,花楼街198号宝利金中央荣御,商务写字楼,,120201,商务住宅,楼宇,商务写字楼
武汉万达中心5a写字楼,114.307481,30.564433,临江大道与前进路交叉口南120米,商务写字楼,,120201,商务住宅,楼宇,商务写字楼
武汉万达中心,114.308434,30.564312,积玉桥街道积玉桥临江大道96号,商务写字楼,,120201,商务住宅,楼宇,商务写字楼
WANDA MANSION,114.309925,30.566825,和平大道209号万达公馆,商务写字楼,,120201,商务住宅,楼宇,商务写字楼
万达soho写字楼,114.310474,30.564828,和平大道(积玉桥地铁站D口步行400米),商务写字楼,,120201,商务住宅,楼宇,商务写字楼
咸宁大厦,114.310773,30.563441,和平大道336号(积玉桥地铁站D口步行190米),商务写字楼,,120201,商务住宅,楼宇,商务写字楼
万达SOHO写字楼8号楼,114.311254,30.565965,和平大道万达soho写字楼,商务写字楼,,120201,商务住宅,楼宇,商务写字楼
火凤国际中心,114.311404,30.564144,前进路与和平大道交叉口积玉万象9号楼,商务写字楼,,120201,商务住宅,楼宇,商务写字楼
积玉万象·万城空间,114.312219,30.565133,前进路与和平大道交叉口中国铁建·积玉万象11号楼,商务写字楼,,120201,商务住宅,楼宇,商务写字楼
武汉轮渡苗家码头调度中心大楼,114.297775,30.575625,沿江大道与临江巷交叉口东20米,商务写字楼,,120201,商务住宅,楼宇,商务写字楼
白云边大厦,114.312548,30.567803,健康路与和平大道交叉口北150米,商务写字楼,,120201,商务住宅,楼宇,商务写字楼
白云边大厦附楼1-6楼,114.312564,30.567864,白云边大厦(三层楼地铁站D口步行210米),商务写字楼,,120201,商务住宅,楼宇,商务写字楼
外滩1号,114.296371,30.57582,江汉路世纪江尚外滩1861,商务写字楼,,120201,商务住宅,楼宇,商务写字楼
世纪江尚中心办公楼,114.295225,30.575525,黄陂街36号世纪·江尚,商务写字楼,,120201,商务住宅,楼宇,商务写字楼
广源大厦A座,114.2979,30.576709,沿江大道88号广源大厦,商务写字楼,,120201,商务住宅,楼宇,商务写字楼
广源大厦(沿江大道),114.296945,30.577103,沿江大道88号,商务写字楼,,120201,商务住宅,楼宇,商务写字楼
联投中心B2栋,114.313525,30.569325,临江大道188号联投中心,商务写字楼,,120201,商务住宅,楼宇,商务写字楼
广源大厦133号,114.297125,30.577175,沿江大道88号广源大厦,商务写字楼,,120201,商务住宅,楼宇,商务写字楼
长江航务管理局通信楼,114.297475,30.577425,沿江大道与江汉路步行街交叉口北80米,商务写字楼,,120201,商务住宅,楼宇,商务写字楼
长航大楼,114.297543,30.577521,沿江大道134号,商务写字楼,,120201,商务住宅,楼宇,商务写字楼
联投中心B1栋,114.313875,30.569723,临江大道188号联投中心,商务写字楼,,120201,商务住宅,楼宇,商务写字楼
武汉工人文化宫职工之家大厦,114.314936,30.564335,和平大道458号武汉工人文化宫,商务写字楼,,120201,商务住宅,楼宇,商务写字楼
联投中心C栋,114.313575,30.570925,临江大道188号联投中心,商务写字楼,,120201,商务住宅,楼宇,商务写字楼
中国实业银行大楼旧址,114.295737,30.577784,江汉路22号(江汉路地铁站C口步行290米),商务写字楼,,120201,商务住宅,楼宇,商务写字楼
中环国际A栋,114.316175,30.567225,积玉桥街道新生路27号中环国际,商务写字楼,,120201,商务住宅,楼宇,商务写字楼
福星惠誉福莱中心写字楼,114.320541,30.567829,友谊大道308号,商务写字楼,,120201,商务住宅,楼宇,商务写字楼
联投中心2期A区,114.314825,30.571325,联投中心二期(三层楼地铁站C口步行180米),商务写字楼,,120201,商务住宅,楼宇,商务写字楼
绿洲公寓,114.315504,30.572065,积玉桥和平大道三层楼车站旁,商务写字楼,,120201,商务住宅,楼宇,商务写字楼
恒大世纪广场A栋,114.319398,30.573767,和平大道与平谊路交叉口东80米,商务写字楼,,120201,商务住宅,楼宇,商务写字楼
恒大世纪广场B栋,114.319393,30.573794,和平大道与平谊路交叉口东80米,商务写字楼,,120201,商务住宅,楼宇,商务写字楼
恒大世纪广场,114.319437,30.573809,和平大道与平谊路交叉口东80米,商务写字楼,,120201,商务住宅,楼宇,商务写字楼
水岸国际,114.321526,30.575549,和平大道720号,商务写字楼,,120201,商务住宅,楼宇,商务写字楼
水岸国际晶座写字楼K6-1栋,114.323275,30.575325,漫时区晶座写字楼,商务写字楼,,120201,商务住宅,楼宇,商务写字楼
漫时区晶座写字楼,114.323281,30.575332,武车路与长喻路红绿灯交叉口,商务写字楼,,120201,商务住宅,楼宇,商务写字楼
舒苑大厦,114.325701,30.573618,友谊大道336号,商务写字楼,,120201,商务住宅,楼宇,商务写字楼
水岸国际·SOHO公寓,114.322394,30.575923,三角路(三角路地铁站G口步行490米),商务写字楼,,120203|120201,商务住宅,楼宇,
梦湖商住楼,114.329225,30.571675,武车路与团结大道交叉口东南180米,商务写字楼,,120201,商务住宅,楼宇,商务写字楼
湖北大学(武昌主校区)双创大楼A座,114.329375,30.576725,友谊大道282号(湖北大学地铁站D口步行200米),商务写字楼,,120201,商务住宅,楼宇,商务写字楼
襄阳大厦,114.348488,30.563945,中北路青鱼嘴(青鱼嘴地铁站J口步行160米),商务写字楼,,120201,商务住宅,楼宇,商务写字楼
中碳登大厦,114.349353,30.564548,中北路青鱼嘴(青鱼嘴地铁站J口步行110米),商务写字楼,,120201,商务住宅,楼宇,商务写字楼
东沙大厦A座,114.35162,30.565023,中北路辅路与兴国北路交叉口东北100米,商务写字楼,,120201,商务住宅,楼宇,商务写字楼
东沙大厦,114.351761,30.564937,中北路122附2号(青鱼嘴地铁站E口步行60米),商务写字楼,,120201,商务住宅,楼宇,商务写字楼
东沙大厦B座,114.351823,30.564823,中北路122附9号(青鱼嘴地铁站E口步行110米),商务写字楼,,120201,商务住宅,楼宇,商务写字楼
天源城B座,114.351825,30.564575,中北路122号天源城(青鱼嘴地铁站E口步行120米),商务写字楼,,120201,商务住宅,楼宇,商务写字楼
东沙大厦C座,114.352,30.564984,中北路122附14号(青鱼嘴地铁站E口步行160米),商务写字楼,,120201,商务住宅,楼宇,商务写字楼
天府阁B座,114.352059,30.564436,兴国北路与安邦路交叉口北80米,商务写字楼,,120201,商务住宅,楼宇,商务写字楼
德成中心,114.352223,30.56534,水果湖街办事处中北路124-126号,商务写字楼,,120201,商务住宅,楼宇,商务写字楼
德成中心裙楼,114.352338,30.565579,建机侧路与建机西路交叉口西60米,商务写字楼,,120201,商务住宅,楼宇,商务写字楼
中油大厦B座,114.352028,30.568047,中北路237号(青鱼嘴地铁站F口步行340米),商务写字楼,,120201,商务住宅,楼宇,商务写字楼
中油大厦(中北路),114.352368,30.567778,中油小区(青鱼嘴地铁站F口步行250米),商务写字楼,,120201,商务住宅,楼宇,商务写字楼
中油大厦A座(中北路),114.352835,30.567677,中北路237号(青鱼嘴地铁站F口步行280米),商务写字楼,,120201,商务住宅,楼宇,商务写字楼
北大资源方正金融中心,114.35324,30.566558,中北路与车家岭街交叉口(青鱼嘴地铁站F口步行210米),商务写字楼,,120201,商务住宅,楼宇,商务写字楼
天星阁A座,114.353359,30.563571,中北路122号天源城(青鱼嘴地铁站D口步行300米),商务写字楼,,120201,商务住宅,楼宇,商务写字楼
东信资本大厦,114.353035,30.568186,中北路227号(东亭地铁站D口步行310米),商务写字楼,,120201,商务住宅,楼宇,商务写字楼
天源城文华楼,114.354672,30.563591,中北路122号天源城(青鱼嘴地铁站E口步行470米),商务写字楼,,120201,商务住宅,楼宇,商务写字楼
湖北工会大厦,114.353833,30.569468,水果湖街办事处中北路259号,商务写字楼,,120201,商务住宅,楼宇,商务写字楼
武汉控股大厦,114.354774,30.570173,中北路(东亭地铁站D口步行140米),商务写字楼,,120201,商务住宅,楼宇,商务写字楼
世纪大厦A座,114.35545,30.570817,中北路265号世纪大厦(秦园东路)(东亭地铁站C口旁),商务写字楼,,120201,商务住宅,楼宇,商务写字楼
世纪大厦(秦园东路),114.355486,30.570912,中北路265号(东亭地铁站C口旁),商务写字楼,,120201,商务住宅,楼宇,商务写字楼
桃源国际1栋写字楼,114.348225,30.575775,沙湖路11号桃源国际商业中心,商务写字楼,,120201,商务住宅,楼宇,商务写字楼
桃源国际商业中心4号楼,114.348781,30.576068,沙湖路11号桃源国际商业中心,商务写字楼,,120201,商务住宅,楼宇,商务写字楼
桃源国际商务中心办公楼,114.348525,30.576175,沙湖路11号桃源国际商业中心,商务写字楼,,120201,商务住宅,楼宇,商务写字楼
彩城大厦,114.356497,30.571963,中北路267号(东亭地铁站C口步行170米),商务写字楼,,120201,商务住宅,楼宇,商务写字楼
自由时刻办公楼,114.354275,30.574575,沙湖大道与董家路交叉口南140米,商务写字楼,,120201,商务住宅,楼宇,商务写字楼
研究生大楼,114.362967,30.56416,水果湖街办事处东湖路165号,商务写字楼,,120201,商务住宅,楼宇,商务写字楼
湖北社科院新办公大楼,114.36336,30.563848,东湖路367号湖北省社会科学院,商务写字楼,,120201,商务住宅,楼宇,商务写字楼
湖北日报传媒集团办公楼C区,114.364856,30.567991,省博湖北日报地铁站C口步行380米,商务写字楼,,120201|170200,商务住宅,楼宇,商务写字楼
东亭科技楼,114.366601,30.565909,湖北美术馆北200米,商务写字楼,,120201,商务住宅,楼宇,商务写字楼
楚天传媒大厦,114.366206,30.567216,东湖路181号(省博湖北日报地铁站C口步行200米),商务写字楼,,120201,商务住宅,楼宇,商务写字楼
楚天传媒大厦B座,114.36623,30.567301,东湖路181号楚天传媒大厦,商务写字楼,,120201,商务住宅,楼宇,商务写字楼
长江人才大厦,114.358971,30.572461,中北路216号(东亭地铁站B口步行340米),商务写字楼,,120201,商务住宅,楼宇,商务写字楼
今古传奇大楼,114.367075,30.570425,翠柳街1号省文联宿舍,商务写字楼,,120201,商务住宅,楼宇,商务写字楼
湖北铁路开发大厦,114.359095,30.57334,中北路236号帅府商通大厦,商务写字楼,,120201,商务住宅,楼宇,商务写字楼
湖北华中电力科技大厦,114.359417,30.573382,水果湖街办事处中北路236号,商务写字楼,,120201,商务住宅,楼宇,商务写字楼
湖北联投科技产业大厦,114.357528,30.573331,中北路275号(岳家嘴地铁站G口步行370米),商务写字楼,,120201,商务住宅,楼宇,商务写字楼
菩提金大厦,114.360571,30.574379,水果湖街徐东路50号普提金商务中心,商务写字楼,,120201,商务住宅,楼宇,商务写字楼
普提金商务中心B座,114.36058,30.574588,中北路252号(岳家嘴地铁站G口步行80米),商务写字楼,,120201,商务住宅,楼宇,商务写字楼
羿天设计大楼,114.368165,30.571695,东湖路169号羿天设计,商务写字楼,,120201,商务住宅,楼宇,商务写字楼
知音传媒大厦4号楼,114.367847,30.572018,东湖路与牡丹园路交叉口西北280米,商务写字楼,,120201,商务住宅,楼宇,商务写字楼
知音传媒大厦,114.368415,30.571579,东湖路179号,商务写字楼,,120201,商务住宅,楼宇,商务写字楼
普提金商务中心A座,114.360849,30.57476,水果湖街徐东路50号普提金商务中心,商务写字楼,,120201,商务住宅,楼宇,商务写字楼
普提金商务中心,114.36068,30.574774,水果湖街徐东路50号(武昌徐东大街与中北路交汇处),商务写字楼,,120201,商务住宅,楼宇,商务写字楼
普提金金融中心写字楼,114.36068,30.574883,中北路166号岳家嘴转盘旁,商务写字楼,,120201,商务住宅,楼宇,商务写字楼
缤纷1917,114.360675,30.574896,中北路普提金商务中心A座2层,商务写字楼,,120201,商务住宅,楼宇,商务写字楼
山河大厦,114.361911,30.575393,徐东路50号(岳家嘴地铁站2号口旁),商务写字楼,,120201,商务住宅,楼宇,商务写字楼
众环大厦,114.369345,30.571959,东湖路与牡丹园路交叉口西北160米,商务写字楼,,120201,商务住宅,楼宇,商务写字楼
湖北省武汉市武昌区水果湖街道岳家嘴中北路303号传输局大楼,114.359875,30.575675,中北路303号附4中国电信(武昌中北路专营店),商务写字楼,,120201,商务住宅,楼宇,商务写字楼
徐东大街338号纺织大厦,114.364975,30.575175,东亭路与徐东大街辅路交叉口西南80米,商务写字楼,,120201,商务住宅,楼宇,商务写字楼
普提金国际金融中心,114.364051,30.575557,徐东大街出口与徐东大街交叉口西120米,商务写字楼,,120201,商务住宅,楼宇,商务写字楼
咨询大厦,114.364752,30.575588,徐东大街与岳家嘴立交交叉口西南60米,商务写字楼,,120201,商务住宅,楼宇,商务写字楼
英特小区物业办公楼,114.357625,30.577075,徐东大街316号英特小区,商务写字楼,,120201,商务住宅,楼宇,商务写字楼
湖北省电力大厦,114.36519,30.576415,徐东大街197号(岳家嘴地铁站J口步行220米),商务写字楼,,120201,商务住宅,楼宇,商务写字楼
金禾中心,114.363979,30.577023,欢乐大道特1号,商务写字楼,,120201,商务住宅,楼宇,商务写字楼
金禾中心写字楼,114.363494,30.577147,欢乐大道特1号金禾中心(岳家嘴地铁站J口步行60米),商务写字楼,,120201,商务住宅,楼宇,商务写字楼
宏源电力商务中心,114.367991,30.575768,徐东大街351号(梨园地铁站A口步行210米),商务写字楼,,120201,商务住宅,楼宇,商务写字楼
宏源电力综合大楼,114.367801,30.576165,华电小路与徐东大街辅路交叉口西北100米,商务写字楼,,120201,商务住宅,楼宇,商务写字楼
空中花园C座,114.357075,30.577875,岳家嘴立交与武汉大道交叉口西南160米,商务写字楼,,120201,商务住宅,楼宇,商务写字楼
国家电网调度楼,114.368925,30.575725,梨园街徐东大街107号国家电网华中分部,商务写字楼,,120201,商务住宅,楼宇,商务写字楼
中冶南方大厦,114.360091,30.578268,徐东大街85号(岳家嘴地铁站D口步行320米),商务写字楼,,120201,商务住宅,楼宇,商务写字楼
宏泰大厦,114.361544,30.578222,欢乐大道1号(岳家嘴地铁站D口步行130米),商务写字楼,,120201,商务住宅,楼宇,商务写字楼
M环球中心B栋,114.357675,30.578175,环球中心(岳家嘴地铁站F2口步行490米),商务写字楼,,120201,商务住宅,楼宇,商务写字楼
国网湖北省电力公司电科院,114.369759,30.575416,梨园地铁站D口步行80米,商务写字楼,,120201|141300,商务住宅,楼宇,商务写字楼
湖北创投大厦,114.361505,30.578324,梨园街道欢乐大道一号(岳家嘴地铁站D口步行100米),商务写字楼,,120201,商务住宅,楼宇,商务写字楼
国网华中分部科技楼,114.370825,30.575325,徐东大街与东湖路交叉口西北180米,商务写字楼,,120201,商务住宅,楼宇,商务写字楼
古堤小舍,114.422791,30.574109,落雁路与东湖绿道交叉口东240米,商务写字楼,,120201,商务住宅,楼宇,商务写字楼
樾5号商业楼,114.188375,30.585875,江山樾,商务写字楼,,120201,商务住宅,楼宇,商务写字楼
江山樾商业楼,114.188575,30.586025,江山樾,商务写字楼,,120201,商务住宅,楼宇,商务写字楼
惠民苑社区科技楼,114.169844,30.586383,和泰路与惠民南路交叉口北40米,商务写字楼,,120201,商务住宅,楼宇,商务写字楼
汉阳区惠民楼,114.168025,30.584603,汉阳惠民苑1期,商务写字楼,,120201,商务住宅,楼宇,商务写字楼
福达坊研发楼,114.167675,30.573725,金色环路9号黄金口都市工业园福达坊批发城(黄金口店),商务写字楼,,120201,商务住宅,楼宇,商务写字楼
汉口1872·国樾,114.219689,30.582468,简易路50-2号(汉西一路地铁站A口步行330米),商务写字楼,,120201,商务住宅,楼宇,商务写字楼
香港映象15栋A座,114.213125,30.589175,古田四路辅路与解放大道交叉口东北60米,商务写字楼,,120201,商务住宅,楼宇,商务写字楼
汉口1872写字楼,114.220252,30.584026,解放大道182附2号(汉西一路地铁站C口步行280米),商务写字楼,,120201,商务住宅,楼宇,商务写字楼
君和商务中心,114.219396,30.585629,汉西一路轻轨地铁综合楼(汉西一路地铁站D口旁),商务写字楼,,120201,商务住宅,楼宇,商务写字楼
汉西一路轻轨地铁综合楼,114.219388,30.585682,解放大道351号轻轨大厦(汉西一路地铁站D口旁),商务写字楼,,120201,商务住宅,楼宇,商务写字楼
轻轨大厦,114.219389,30.585682,解放大道351号(汉西一路地铁站D口旁),商务写字楼,,120201,商务住宅,楼宇,商务写字楼
远景大厦,114.220701,30.58528,解放大道355号(汉西一路地铁站C口步行140米),商务写字楼,,120201,商务住宅,楼宇,商务写字楼
湖北赣商总部大厦,114.20999,30.590849,解放大道213号(古田四路地铁站B口步行370米),商务写字楼,,120201,商务住宅,楼宇,商务写字楼
九号地质科研大楼,114.217825,30.588925,古田五路与解放大道交叉口东北280米,商务写字楼,,120201,商务住宅,楼宇,商务写字楼
湖北地调大楼,114.217753,30.589135,古田五路9号,商务写字楼,,120201,商务住宅,楼宇,商务写字楼
大武汉家装广场G座,114.222675,30.584025,解放大道201号南国西汇城市广场1期,商务写字楼,,120201,商务住宅,楼宇,商务写字楼
泛悦南国广场H座,114.222006,30.58568,解放大道201号泛悦·南国广场,商务写字楼,,120201,商务住宅,楼宇,商务写字楼
泛悦南国广场R座,114.223188,30.58347,解放大道201号南国西汇城市广场1期,商务写字楼,,120201,商务住宅,楼宇,商务写字楼
南国大家装-2期V座,114.222361,30.585993,汉西一路与解放大道交叉口东200米,商务写字楼,,120201|170201,商务住宅,楼宇,商务写字楼
南国大家装汉西店R座1号楼,114.222893,30.586662,南国大武汉家装R座1号楼店,商务写字楼,,120201,商务住宅,楼宇,商务写字楼
匠心荟·宗关国际中心,114.225233,30.579702,建一路20号(宗关地铁站F出口),商务写字楼,,120201,商务住宅,楼宇,商务写字楼
南国大家装R座,114.223644,30.586554,汉西一路,商务写字楼,,120201,商务住宅,楼宇,商务写字楼
武汉水务集团大楼,114.226948,30.579783,解放大道与建一路交叉口东南160米,商务写字楼,,120201,商务住宅,楼宇,商务写字楼
解放大道240号A座,114.226948,30.579503,解放大道与水厂二路交叉口西160米,商务写字楼,,120201,商务住宅,楼宇,商务写字楼
天行大厦1栋,114.230725,30.578275,解放大道509号天行大厦,商务写字楼,,120201,商务住宅,楼宇,商务写字楼
天行大厦,114.230988,30.578072,解放大道509号,商务写字楼,,120201,商务住宅,楼宇,商务写字楼
南国大家装D座,114.224492,30.585803,解放大道367号2栋1单元南国·西汇B1,商务写字楼,,120201,商务住宅,楼宇,商务写字楼
南国·大武汉家装中心商务楼,114.226477,30.586181,汉西一路,商务写字楼,,120201,商务住宅,楼宇,商务写字楼
南国大家装B座,114.225006,30.58649,汉西一路与汉西三路交叉口南260米,商务写字楼,,120201|060600,商务住宅,楼宇,商务写字楼
南国大家装汉西店R座2号楼,114.223839,30.586686,南国大武汉家装R座1号楼店,商务写字楼,,120201,商务住宅,楼宇,商务写字楼
大武汉家装R2座,114.223975,30.586825,汉西一路与汉西三路交叉口南220米,商务写字楼,,120201,商务住宅,楼宇,商务写字楼
南国·大武汉家装A座,114.225348,30.587073,汉西一路西50米,商务写字楼,,060601|120201,购物服务,,
星街汇商业中心,114.232794,30.577294,解放大道533号解放大道太平洋公交站后面,商务写字楼,,120201,商务住宅,楼宇,商务写字楼
南国写字楼,114.224475,30.588075,汉西一路与汉西三路交叉口南80米,商务写字楼,,120201,商务住宅,楼宇,商务写字楼
南国大家装H座,114.224404,30.588221,汉西一路与汉西三路交叉口南60米,商务写字楼,,120201,商务住宅,楼宇,商务写字楼
湘商大厦,114.234535,30.586137,建设大道142号(双墩地铁站C口步行210米),商务写字楼,,120201,商务住宅,楼宇,商务写字楼
新东方商务大厦,114.235957,30.584349,汉西路与海清路交叉口东260米,商务写字楼,,120201,商务住宅,楼宇,商务写字楼
保利香槟国际金座,114.22246,30.590238,韩家墩街道古田五路18号保利香槟国际10栋1单元,商务写字楼,,120201,商务住宅,楼宇,商务写字楼
华中建材市场办公楼,114.223949,30.591075,汉西一路95号华中建材市场,商务写字楼,,120201,商务住宅,楼宇,商务写字楼
CBD崇章中心,114.237933,30.585176,建设大道177号楚世家11号楼,商务写字楼,,120201,商务住宅,楼宇,商务写字楼
工务楼,114.227825,30.592925,汉西路与梦泽湖西路交叉口西200米,商务写字楼,,120201,商务住宅,楼宇,商务写字楼
南国西汇V座,114.235853,30.583408,汉西路与海清路交叉口东240米,商务写字楼,,120201,商务住宅,楼宇,商务写字楼
凌云大厦,114.24452,30.586363,建设大道335号,商务写字楼,,120201,商务住宅,楼宇,商务写字楼
城发大厦,114.248668,30.583386,建设大道316号,商务写字楼,,120201,商务住宅,楼宇,商务写字楼
城发大厦1栋,114.248675,30.583375,建设大道316号城发大厦,商务写字楼,,120201,商务住宅,楼宇,商务写字楼
营房南村,114.249233,30.583372,建设大道318号,商务写字楼,,120201,商务住宅,楼宇,商务写字楼
建通大厦1号楼,114.249525,30.583475,建设大道318号中国建设银行(武汉硚口支行),商务写字楼,,120201,商务住宅,楼宇,商务写字楼
机场集资楼,114.249475,30.586275,建设大道与营房路交叉口东北260米,商务写字楼,,120201,商务住宅,楼宇,商务写字楼
湖北商业广场1栋,114.251025,30.584525,建设大道439号湖北商业广场,商务写字楼,,120201,商务住宅,楼宇,商务写字楼
湖北商业广场,114.25103,30.584524,建设大道439号,商务写字楼,,120201,商务住宅,楼宇,商务写字楼
天骄国际大厦,114.252352,30.578291,宝丰路23-12号,商务写字楼,,120201,商务住宅,楼宇,商务写字楼
湖北商业广场2栋,114.251225,30.585272,建设大道439号湖北商业广场,商务写字楼,,120201,商务住宅,楼宇,商务写字楼
湖北商务大楼,114.252675,30.578395,宝丰路1号,商务写字楼,,120201,商务住宅,楼宇,商务写字楼
武汉一轻科研大厦,114.252753,30.582324,宝丰路95号,商务写字楼,,120201,商务住宅,楼宇,商务写字楼
业务楼,114.253414,30.580262,宝丰一路8号武汉血液中心,商务写字楼,,120201,商务住宅,楼宇,商务写字楼
武汉信息港,114.253063,30.585887,建设大道457号,商务写字楼,,120201,商务住宅,楼宇,商务写字楼
武汉信息港1号楼,114.253285,30.585817,建设大道457号武汉信息港,商务写字楼,,120201,商务住宅,楼宇,商务写字楼
科研大楼,114.253764,30.584947,建设大道384号,商务写字楼,,120201,商务住宅,楼宇,商务写字楼
武汉电信二枢纽裙楼,114.25382,30.586269,中国电信,商务写字楼,,120201,商务住宅,楼宇,商务写字楼
蓝天大厦,114.256392,30.578459,解放大道1049号,商务写字楼,,120201,商务住宅,楼宇,商务写字楼
湖北省公路局大楼,114.255035,30.584944,公路社区,商务写字楼,,120201,商务住宅,楼宇,商务写字楼
新世界中心写字楼2期,114.263021,30.578395,K11购物艺术中心I馆,商务写字楼,,120201,商务住宅,楼宇,商务写字楼
K11 ATELIER办公楼,114.263283,30.578432,宝丰街道解放大道628号武汉K11购物艺术中心,商务写字楼,,120201,商务住宅,楼宇,商务写字楼
明珠大厦(建设大道),114.255554,30.587298,航空路15号附69号,商务写字楼,,120201,商务住宅,楼宇,商务写字楼
MFG写字楼(k11),114.263374,30.57844,解放大道626号,商务写字楼,,120201,商务住宅,楼宇,商务写字楼
汉口新界广场A栋,114.261075,30.585525,汉口新界悦街(青年路地铁站B口步行410米),商务写字楼,,120201,商务住宅,楼宇,商务写字楼
绿叶广场B栋,114.260325,30.586225,航空路与宝丰二路交叉口东60米,商务写字楼,,120201,商务住宅,楼宇,商务写字楼
中保大楼,114.256718,30.588315,建设大道426号,商务写字楼,,120201,商务住宅,楼宇,商务写字楼
富商大厦,114.26504,30.580054,解放大道1127-附2号附近,商务写字楼,,120201,商务住宅,楼宇,商务写字楼
电业村AB电业大厦,114.263875,30.584425,电业新村(青年路地铁站B口步行90米),商务写字楼,,120201,商务住宅,楼宇,商务写字楼
新世界中心·写字楼,114.26517,30.578784,解放大道634号,商务写字楼,,120201,商务住宅,楼宇,商务写字楼
新世界中心写字楼C座,114.265715,30.579107,解放大道634号新世界中心·写字楼,商务写字楼,,120201,商务住宅,楼宇,商务写字楼
MSPACE集合空间(武汉K11购物艺术中心店),114.266075,30.579075,宝丰街道解放大道628号武汉K11购物艺术中心,商务写字楼,,120201,商务住宅,楼宇,商务写字楼
中国人寿保险3号楼,114.257365,30.589552,万松街办事处建设大道426号中国人民财产保险股份有限公司,商务写字楼,,120201,商务住宅,楼宇,商务写字楼
新世界中心·写字楼B座,114.266351,30.579092,解放大道630号,商务写字楼,,120201,商务住宅,楼宇,商务写字楼
新世界中心·写字楼A座,114.266656,30.578671,解放大道634号新世界中心·写字楼,商务写字楼,,120201,商务住宅,楼宇,商务写字楼
新世界中心写字楼B座18号楼,114.267011,30.578999,解放大道630号新世界中心·写字楼B座,商务写字楼,,120201,商务住宅,楼宇,商务写字楼
外运大厦2栋,114.257225,30.590375,建设大道605号附3号外运大厦,商务写字楼,,120201,商务住宅,楼宇,商务写字楼
外运大厦1栋,114.257225,30.590375,建设大道605号附3号外运大厦,商务写字楼,,120201,商务住宅,楼宇,商务写字楼
外运大厦,114.257208,30.590386,建设大道605号附3号,商务写字楼,,120201,商务住宅,楼宇,商务写字楼
创世纪广场A区,114.267631,30.581056,汉口万松园路1号(中山公园地铁站E口步行450米),商务写字楼,,120201,商务住宅,楼宇,商务写字楼
创世纪大厦A座,114.267709,30.581093,青年路辅路与解放大道辅路交叉口东北120米,商务写字楼,,120201,商务住宅,楼宇,商务写字楼
创世纪广场2号楼,114.267733,30.581122,汉口万松园路1号创世纪广场A区,商务写字楼,,120201,商务住宅,楼宇,商务写字楼
粮油大厦,114.257767,30.590829,妙墩横路与妙墩路交叉口西340米,商务写字楼,,120201,商务住宅,楼宇,商务写字楼
湖北省地质局机关办公楼,114.268075,30.579775,万松街办事处解放大道684号,商务写字楼,,120201,商务住宅,楼宇,商务写字楼
福星科技大厦B座,114.25799,30.591019,万松街街道万松街办事处建设大道623号,商务写字楼,,120201,商务住宅,楼宇,商务写字楼
ICC武汉环贸中心C塔,114.26169,30.58978,青年路161号ICC武汉环贸中心,商务写字楼,,120201,商务住宅,楼宇,商务写字楼
创世纪广场B座,114.268145,30.581095,汉口万松园路1号(中山公园地铁站E口步行370米),商务写字楼,,120201,商务住宅,楼宇,商务写字楼
创世纪广场,114.268156,30.581189,解放大道549号(中山公园地铁站E口步行330米),商务写字楼,,120201,商务住宅,楼宇,商务写字楼
福星科技大厦A座,114.258088,30.591145,万松街街道建设大道623号福星科技大厦,商务写字楼,,120201,商务住宅,楼宇,商务写字楼
嘉鑫大厦1栋,114.262975,30.589175,青年路辅路与云松路交叉口西南100米,商务写字楼,,120201,商务住宅,楼宇,商务写字楼
福星科技大厦,114.258017,30.591335,建设大道623号,商务写字楼,,120201,商务住宅,楼宇,商务写字楼
湖北省地质局-综合楼,114.268525,30.579525,利济北路246号湖北省地质局,商务写字楼,,120201,商务住宅,楼宇,商务写字楼
瑞众金融中心,114.262504,30.589724,青年路59号(王家墩东地铁站B口步行500米),商务写字楼,,120201,商务住宅,楼宇,商务写字楼
武汉市民主党派大楼,114.268374,30.581937,万松园路3号(中山公园地铁站E口步行370米),商务写字楼,,120201|130100,商务住宅,楼宇,商务写字楼
ICC武汉环贸中心B座,114.262506,30.589726,青年路辅路与云松路交叉口西100米,商务写字楼,,120201,商务住宅,楼宇,商务写字楼
江北大楼,114.267575,30.584625,万松园路81号,商务写字楼,,120201,商务住宅,楼宇,商务写字楼
武汉世界贸易大厦B号楼,114.268712,30.580119,解放大道辅路与武商路交叉口西南80米,商务写字楼,,120201,商务住宅,楼宇,商务写字楼
ICC武汉环贸中心,114.262222,30.590167,青年路161号(王家墩东地铁站C1口步行410米),商务写字楼,,120201,商务住宅,楼宇,商务写字楼
楚天星座CD座,114.264325,30.588875,万松园横路与青年路辅路交叉口东北40米,商务写字楼,,120201,商务住宅,楼宇,商务写字楼
武汉世界贸易大厦,114.268945,30.579949,解放大道686号(中山公园地铁站A口步行300米),商务写字楼,,120201,商务住宅,楼宇,商务写字楼
开丰电子大厦,114.266869,30.586412,万松园路与公园中路交叉口西80米,商务写字楼,,120201,商务住宅,楼宇,商务写字楼
ICC武汉环贸中心A座,114.262256,30.590562,青年路161号ICC武汉环贸中心,商务写字楼,,120201,商务住宅,楼宇,商务写字楼
金华大厦(建设大道),114.258776,30.591839,建设大道625号,商务写字楼,,120201,商务住宅,楼宇,商务写字楼
中山广场(解放大道),114.269324,30.581837,解放大道557号(中山公园地铁站E口步行370米),商务写字楼,,120201,商务住宅,楼宇,商务写字楼
虹能大厦,114.260204,30.591691,建设大道478号(王家墩东地铁站B口步行300米),商务写字楼,,120201,商务住宅,楼宇,商务写字楼
中山广场1栋,114.269375,30.581925,解放大道557号中山广场,商务写字楼,,120201,商务住宅,楼宇,商务写字楼
武汉广场公寓楼第2座,114.269756,30.580006,武商路与解放大道辅路交叉口东南100米,商务写字楼,,120201,商务住宅,楼宇,商务写字楼
武广写字楼,114.269906,30.580606,万松街办事处(中山公园地铁站A口步行190米),商务写字楼,,120201,商务住宅,楼宇,商务写字楼
武广公寓B座,114.270016,30.580005,汉口解放大道688号(中山公园地铁站A口步行300米),商务写字楼,,120201,商务住宅,楼宇,商务写字楼
湖北省委党校写字楼,114.268141,30.58638,万松园路142号中共湖北省委党校老校区,商务写字楼,,120201,商务住宅,楼宇,商务写字楼
宇济天仙大厦4栋,114.260825,30.592025,建设大道498号宇济天仙大厦,商务写字楼,,120201,商务住宅,楼宇,商务写字楼
武商MALLA1座北区,114.270175,30.579875,武商路与解放大道辅路交叉口东南140米,商务写字楼,,120201,商务住宅,楼宇,商务写字楼
武商摩尔城商业综合体,114.270175,30.579775,解放大道688号武商MALLA1座,商务写字楼,,120201,商务住宅,楼宇,商务写字楼
寐MINE武商广场8号楼,114.270194,30.580156,解放大道690号武商MALL,商务写字楼,,120201,商务住宅,楼宇,商务写字楼
中海中心23-24楼,114.263983,30.590583,青年路278号中海中心,商务写字楼,,120201,商务住宅,楼宇,商务写字楼
中海中心,114.263967,30.590717,青年路278号(王家墩东地铁站C1口步行220米),商务写字楼,,120201,商务住宅,楼宇,商务写字楼
中海中心15A,114.263975,30.590725,青年路278号中海中心,商务写字楼,,120201,商务住宅,楼宇,商务写字楼
圣淘沙大厦,114.265942,30.589301,万松园路43号(青年路地铁站D口步行490米),商务写字楼,,120201,商务住宅,楼宇,商务写字楼
西园商业街A座,114.268925,30.585625,万松园路100号西园,商务写字楼,,120201,商务住宅,楼宇,商务写字楼
武汉国际广场购物中心,114.270356,30.580823,解放大道690号(近中山公园地铁站),商务写字楼,,060101|120201|060102,购物服务,商场,购物中心
690国际广场,114.270375,30.580825,解放大道690号武商MALL,商务写字楼,,120201,商务住宅,楼宇,商务写字楼
武汉广场公寓楼A1座,114.270443,30.580127,汉口解放大道688号武汉广场公寓楼,商务写字楼,,120201,商务住宅,楼宇,商务写字楼
西园商业街B座,114.268975,30.585675,西园B栋,商务写字楼,,120201,商务住宅,楼宇,商务写字楼
西园商业街D座,114.268975,30.585675,万松园路100号西园,商务写字楼,,120201,商务住宅,楼宇,商务写字楼
西园商业街C座,114.268975,30.585675,万松园路100号西园,商务写字楼,,120201,商务住宅,楼宇,商务写字楼
武汉国际广场-办公区,114.27056,30.580324,解放大道690号武商MALL·国广F3,商务写字楼,,120201,商务住宅,楼宇,商务写字楼
中海中心商业B栋,114.264563,30.590638,青年路278号中海中心,商务写字楼,,120201,商务住宅,楼宇,商务写字楼
武汉国际广场购物中心A座,114.270833,30.579596,解放大道690号武商MALL,商务写字楼,,120201,商务住宅,楼宇,商务写字楼
武商mal楼UOOYAA店,114.270766,30.581031,武商MALL·超级生活馆,商务写字楼,,120201,商务住宅,楼宇,商务写字楼
武汉国际广场购物中心-C座国广C区,114.271225,30.579325,解放大道690号武商MALLC座,商务写字楼,,120201,商务住宅,楼宇,商务写字楼
Babour武汉国际广场,114.271275,30.579125,解放大道690号武商MALL,商务写字楼,,120201,商务住宅,楼宇,商务写字楼
EHE武汉国际广场,114.271618,30.579562,解放大道690号武汉国际广场5楼B座EHE,商务写字楼,,120201,商务住宅,楼宇,商务写字楼
Barbour武汉国际广场B区24号,114.271695,30.579689,解放大道武汉国际广场690号,商务写字楼,,120201,商务住宅,楼宇,商务写字楼
Crocs国际广场,114.271425,30.579025,京汉大道与武商路交叉口北100米,商务写字楼,,120201,商务住宅,楼宇,商务写字楼
湖北省武汉市江汉区解放大道696号武汉国际会展中心主楼,114.273025,30.579925,解放大道696号武汉国际会展中心,商务写字楼,,120201,商务住宅,楼宇,商务写字楼
游子乡大厦A座,114.27423,30.581608,游子乡大厦(中山公园地铁站B2口步行70米),商务写字楼,,120201,商务住宅,楼宇,商务写字楼
天瑞国际A座,114.274259,30.581576,武展东路与解放大道辅路交叉口东南80米,商务写字楼,,120201,商务住宅,楼宇,商务写字楼
SOGO大楼,114.274181,30.581973,武广中山公园地铁站B2出口,商务写字楼,,120201,商务住宅,楼宇,商务写字楼
天瑞国际B座1栋,114.274475,30.581625,武展东路与解放大道辅路交叉口东南80米,商务写字楼,,120201,商务住宅,楼宇,商务写字楼
游子乡大厦,114.274484,30.581675,武展东路与解放大道辅路交叉口东南80米,商务写字楼,,120201,商务住宅,楼宇,商务写字楼
跨楼空间,114.274431,30.578083,恒隆广场东区,商务写字楼,,120201,商务住宅,楼宇,商务写字楼
天瑞国际B座,114.274701,30.581476,天瑞国际(中山公园地铁站B2口步行170米),商务写字楼,,120201,商务住宅,楼宇,商务写字楼
恒隆广场-东中庭,114.27484,30.578664,恒隆广场东区(友谊路地铁站A口步行410米),商务写字楼,,120201|120302,商务住宅,楼宇,商务写字楼
SOGO写字楼B座,114.274798,30.581495,SOGO大楼(中山公园地铁站B2口步行180米),商务写字楼,,120201,商务住宅,楼宇,商务写字楼
游子乡大厦B座,114.274867,30.581409,SOGO写字楼B座(中山公园地铁站B2口步行100米),商务写字楼,,120201,商务住宅,楼宇,商务写字楼
武汉恒隆广场办公楼1号楼,114.275394,30.578145,京汉大道688号武汉恒隆广场办公楼,商务写字楼,,120201,商务住宅,楼宇,商务写字楼
武汉恒隆广场办公楼,114.275421,30.578045,京汉大道688号,商务写字楼,,120201,商务住宅,楼宇,商务写字楼
西园商业街E座,114.269525,30.585425,万松园路100号西园,商务写字楼,,120201,商务住宅,楼宇,商务写字楼
ifc大厦,114.27613,30.581922,新华街街道新华街办事处新华路江汉北路口ifc大厦,商务写字楼,,120201,商务住宅,楼宇,商务写字楼
邮电大楼,114.27681,30.579703,民意街仁厚社区(友谊路地铁站A口步行190米),商务写字楼,,120201,商务住宅,楼宇,商务写字楼
万松园路100号西园商业街E座一层1314号,114.269225,30.585875,万松园路100号西园,商务写字楼,,120201,商务住宅,楼宇,商务写字楼
冬至大厦,114.277075,30.578475,民意街仁厚社区(友谊路地铁站A口步行440米),商务写字楼,,120201,商务住宅,楼宇,商务写字楼
勤建大楼,114.277625,30.580475,京汉大道与友谊路交叉口西南20米,商务写字楼,,120201,商务住宅,楼宇,商务写字楼
中国通信建设,114.277493,30.582843,解放大道784-788号,商务写字楼,,120201|170200,商务住宅,楼宇,商务写字楼
庭瑞中心B座,114.278377,30.58002,庭瑞中心(友谊路地铁站A口步行180米),商务写字楼,,120201,商务住宅,楼宇,商务写字楼
庭瑞中心A1大厅,114.27855,30.58075,庭瑞中心(友谊路地铁站A口步行70米),商务写字楼,,120201,商务住宅,楼宇,商务写字楼
武汉越秀IFC国金天地B楼,114.277217,30.584283,新华路与解放大道辅路交叉口东北120米,商务写字楼,,120201,商务住宅,楼宇,商务写字楼
武汉越秀国际金融中心T5栋,114.278066,30.58438,越秀国金金融中心(中山公园地铁站H口步行320米),商务写字楼,,120201,商务住宅,楼宇,商务写字楼
越秀国际金融汇-T2写字楼,114.276575,30.585975,新华路与精武三路交叉口东南100米,商务写字楼,,120201,商务住宅,楼宇,商务写字楼
越秀·国际金融汇5期,114.277305,30.585315,解放大道1337号(中山公园地铁站G口步行210米),商务写字楼,,120201|120302,商务住宅,楼宇,商务写字楼
越秀国金金融中心,114.278125,30.584425,解放大道与单洞三路交叉口西北140米,商务写字楼,,120201,商务住宅,楼宇,商务写字楼
越秀国际金融汇T3写字楼,114.277627,30.585632,精武路161号,商务写字楼,,120201,商务住宅,楼宇,商务写字楼
越秀国际金融中心1期1栋,114.278675,30.584452,解放大道与单洞三路交叉口西北100米,商务写字楼,,120201,商务住宅,楼宇,商务写字楼
越秀·国际金融汇T1栋,114.276358,30.586913,精武路9号越秀·国际金融汇,商务写字楼,,120201,商务住宅,楼宇,商务写字楼
越秀,114.276056,30.587254,解放大道1337号越秀·国际金融汇5期,商务写字楼,,120201,商务住宅,楼宇,商务写字楼
越秀国际金融汇P4栋,114.277625,30.586275,精武路与精武三路交叉口东南100米,商务写字楼,,120201,商务住宅,楼宇,商务写字楼
精武路华中国石化大厦,114.279515,30.584659,精武路与精武一路交叉口东南80米,商务写字楼,,120201,商务住宅,楼宇,商务写字楼
振华大厦,114.2673,30.589225,万松园路144号,商务写字楼,,120201,商务住宅,楼宇,商务写字楼
越秀国际金融汇4期7栋A座,114.2781,30.586586,越秀·国际金融汇四期7栋,商务写字楼,,120201,商务住宅,楼宇,商务写字楼
越秀·国际金融汇4期7B号楼,114.27813,30.5866,越秀·国际金融汇四期,商务写字楼,,120201,商务住宅,楼宇,商务写字楼
福星国际商会大厦,114.275581,30.588618,新华路186号,商务写字楼,,120201,商务住宅,楼宇,商务写字楼
科技大楼(民主街),114.281426,30.578848,民主街49号,商务写字楼,,120201,商务住宅,楼宇,商务写字楼
福星国际商会大厦1栋,114.275603,30.588661,新华路186号福星国际商会大厦,商务写字楼,,120201,商务住宅,楼宇,商务写字楼
越秀国际广场,114.278475,30.586875,精武中路与精武三路交叉口东南100米,商务写字楼,,120201,商务住宅,楼宇,商务写字楼
明渠综合楼,114.268825,30.590175,银松路与劲松小路交叉口西140米,商务写字楼,,120201,商务住宅,楼宇,商务写字楼
万松芙蓉,114.268299,30.590326,青松社区,商务写字楼,,120201,商务住宅,楼宇,商务写字楼
京汉大厦(京汉大道),114.281771,30.582584,京汉大道747号(友谊路地铁站B口步行430米),商务写字楼,,120201,商务住宅,楼宇,商务写字楼
中电尊容国际大厦,114.281427,30.583731,单洞路特1号武汉国际大厦,商务写字楼,,120201,商务住宅,楼宇,商务写字楼
威宝大厦,114.281938,30.582746,京汉大道747号(友谊路地铁站B口步行430米),商务写字楼,,120201,商务住宅,楼宇,商务写字楼
伟业大厦,114.273922,30.59011,新华路25号,商务写字楼,,120201,商务住宅,楼宇,商务写字楼
花样年华大厦3期,114.282287,30.581786,京汉大道与前进四路交叉口西南140米,商务写字楼,,120201,商务住宅,楼宇,商务写字楼
世诺国际大厦B区,114.281775,30.583575,单洞路与解放大道交叉口东南40米,商务写字楼,,120201,商务住宅,楼宇,商务写字楼
大洋中心A座,114.281275,30.584875,南国中心一期,商务写字楼,,120201,商务住宅,楼宇,商务写字楼
浦发银行大厦物业,114.275075,30.590175,新华路218号浦发银行大厦,商务写字楼,,120201,商务住宅,楼宇,商务写字楼
浦发银行大厦,114.275026,30.590242,新华路218号,商务写字楼,,120201,商务住宅,楼宇,商务写字楼
庭瑞大厦,114.273574,30.590861,新华路29号,商务写字楼,,120201,商务住宅,楼宇,商务写字楼
越秀国际金融汇A区,114.279105,30.588177,越秀·国际金融汇一期,商务写字楼,,120201,商务住宅,楼宇,商务写字楼
聚银大厦1号楼,114.282925,30.583325,单洞路18号聚银大厦(循礼门地铁站B口步行320米),商务写字楼,,120201,商务住宅,楼宇,商务写字楼
东方商道,114.276921,30.590163,江汉北路56-64号,商务写字楼,,120201,商务住宅,楼宇,商务写字楼
九运大厦855栋,114.279065,30.588928,江汉北路34号九运大厦,商务写字楼,,120201,商务住宅,楼宇,商务写字楼
凯盟大厦,114.273182,30.591567,新华路139号,商务写字楼,,120201,商务住宅,楼宇,商务写字楼
民航大厦,114.279731,30.588506,江汉北路109号,商务写字楼,,120201,商务住宅,楼宇,商务写字楼
云湖大厦,114.275109,30.591253,江汉北路164号,商务写字楼,,120201,商务住宅,楼宇,商务写字楼
汉江国际大厦1栋,114.274225,30.591675,新华路296号IFC国际金融中心,商务写字楼,,120201,商务住宅,楼宇,商务写字楼
九运大厦,114.278945,30.58951,江汉北路34号,商务写字楼,,120201,商务住宅,楼宇,商务写字楼
阳光新天地,114.272668,30.592028,新华路151号(取水楼地铁站A2口步行460米),商务写字楼,,120201,商务住宅,楼宇,商务写字楼
武汉世贸大厦,114.282923,30.585175,解放大道686号(循礼门地铁站A口步行350米),商务写字楼,,120201,商务住宅,楼宇,商务写字楼
IFC国际金融中心物业,114.274425,30.591675,江汉北路与新华路交叉口东北60米,商务写字楼,,120201,商务住宅,楼宇,商务写字楼
盛源大厦1栋,114.286125,30.579975,前进四路78号盛源大厦,商务写字楼,,120201,商务住宅,楼宇,商务写字楼
盛源大厦,114.28625,30.580012,前进四路78号,商务写字楼,,120201,商务住宅,楼宇,商务写字楼
盛源大厦0栋,114.28625,30.58005,前进四路78号盛源大厦,商务写字楼,,120201,商务住宅,楼宇,商务写字楼
互联网金融大厦,114.286207,30.579051,前进四路121号,商务写字楼,,120201,商务住宅,楼宇,商务写字楼
融金大楼,114.284663,30.581441,前进四路86号,商务写字楼,,120201,商务住宅,楼宇,商务写字楼
武汉前进电脑城写字楼,114.28694,30.581513,江汉三路1号(循礼门地铁站C口步行490米),商务写字楼,,120201,商务住宅,楼宇,商务写字楼
科技王广场4号楼,114.286025,30.582225,前进五路与江汉四路交叉口西北20米,商务写字楼,,120201,商务住宅,楼宇,商务写字楼
智慧安防大厦,114.287875,30.580575,武汉中心电脑广场(江汉路地铁站G口步行320米),商务写字楼,,120201,商务住宅,楼宇,商务写字楼
汉口科技王公寓,114.2862,30.58249,江汉四路1号(循礼门地铁站C口步行420米),商务写字楼,,120302|060306|120201|120203,商务住宅,住宅区,住宅小区
银海商务大厦,114.288125,30.580647,江汉二路2号(与前进五路交汇处),商务写字楼,,120201,商务住宅,楼宇,商务写字楼
银海商务大厦A栋,114.288125,30.580875,江汉二路2号银海商务大厦,商务写字楼,,120201,商务住宅,楼宇,商务写字楼
粮食大厦(江汉一路),114.288629,30.580242,江汉一路9号(江汉路地铁站G口步行270米),商务写字楼,,120201,商务住宅,楼宇,商务写字楼
循礼·星光坊B座,114.284125,30.583725,江汉路257号循礼·星光坊,商务写字楼,,120201,商务住宅,楼宇,商务写字楼
中百商厦,114.289671,30.581667,江汉路129号(江汉路地铁站E口步行430米),商务写字楼,,120201,商务住宅,楼宇,商务写字楼
中心百货17号楼,114.289504,30.581988,江汉二路与江汉路步行街交叉口南40米,商务写字楼,,120201,商务住宅,楼宇,商务写字楼
中心百货大楼,114.289945,30.581745,江汉路121号(江汉路地铁站E口步行280米),商务写字楼,,120201,商务住宅,楼宇,商务写字楼
江龙大厦,114.289775,30.582425,江汉路118号港澳中心(江汉路地铁站E口步行360米),商务写字楼,,120201,商务住宅,楼宇,商务写字楼
长盛大厦主楼,114.289225,30.583125,吉庆街与江汉路步行街交叉口东40米,商务写字楼,,120201,商务住宅,楼宇,商务写字楼
中央荣耀宝利金B1座,114.289064,30.583448,吉庆街与江汉路步行街交叉口东北约60米,商务写字楼,,120201,商务住宅,楼宇,商务写字楼
长盛大厦附楼,114.289037,30.583484,吉庆街与江汉路步行街交叉口东北60米,商务写字楼,,120201,商务住宅,楼宇,商务写字楼
港澳中心,114.290185,30.582446,江汉路118号(江汉路地铁站E口步行390米),商务写字楼,,120201,商务住宅,楼宇,商务写字楼
平安大厦A栋,114.290675,30.578225,中山大道与前进五路交叉口东南60米,商务写字楼,,120201,商务住宅,楼宇,商务写字楼
世纪大厦A座,114.286818,30.584978,京汉大道852号(循礼门地铁站J口步行70米),商务写字楼,,120201,商务住宅,楼宇,商务写字楼
世纪大厦(京汉大道)-9号楼,114.286798,30.585006,京汉大道852号世纪大厦(循礼门地铁站J口步行60米),商务写字楼,,120201,商务住宅,楼宇,商务写字楼
平安大厦35号楼,114.291125,30.578725,中山大道818号平安大厦,商务写字楼,,120201,商务住宅,楼宇,商务写字楼
香港大厦商务中心,114.29077,30.582184,江汉一路104号(江汉路地铁站E口步行290米),商务写字楼,,120201,商务住宅,楼宇,商务写字楼
平安大厦,114.291228,30.578788,中山大道818号(江汉路地铁站H口旁),商务写字楼,,120201,商务住宅,楼宇,商务写字楼
二轻大楼,114.290868,30.582337,江汉一路59号(江汉路地铁站E口步行300米),商务写字楼,,120201,商务住宅,楼宇,商务写字楼
京汉大道商住楼B栋,114.287225,30.585325,梧桐道-武汉马客茂Markmall,商务写字楼,,120201,商务住宅,楼宇,商务写字楼
京汉大道商住楼,114.287425,30.585475,保成路与京汉街交叉口西20米(循礼门地铁站H口旁),商务写字楼,,120201|120302,商务住宅,楼宇,商务写字楼
穗丰大厦B座,114.28825,30.58515,大智街办事处泰宁街21号穗丰大厦,商务写字楼,,120201,商务住宅,楼宇,商务写字楼
穗丰大厦,114.288229,30.585196,大智街办事处泰宁街21号,商务写字楼,,120201,商务住宅,楼宇,商务写字楼
穗丰大厦1座,114.288275,30.585175,大智街办事处泰宁街21号穗丰大厦,商务写字楼,,120201,商务住宅,楼宇,商务写字楼
船舶国际广场A栋,114.28627,30.58585,江汉路250号船舶国际广场,商务写字楼,,120201,商务住宅,楼宇,商务写字楼
金宝大厦1栋,114.290708,30.583853,江汉二路135号金宝大厦,商务写字楼,,120201,商务住宅,楼宇,商务写字楼
金宝大厦J座,114.290814,30.583805,江汉二路135号金宝大厦,商务写字楼,,120201,商务住宅,楼宇,商务写字楼
义成大厦2号楼,114.29163,30.582681,江汉一路义成大厦(江汉路地铁站E口步行380米),商务写字楼,,120201,商务住宅,楼宇,商务写字楼
义成大厦6号,114.29163,30.582681,江汉一路义成大厦(江汉路地铁站E口步行370米),商务写字楼,,120201,商务住宅,楼宇,商务写字楼
船舶国际广场写字楼,114.28695,30.586111,京汉大道与保成路交叉口西北约60米,商务写字楼,,120201,商务住宅,楼宇,商务写字楼
船舶国际广场,114.286948,30.586118,江汉路250号(循礼门地铁站G口旁),商务写字楼,,120201,商务住宅,楼宇,商务写字楼
金宝大厦G座,114.290909,30.583837,江汉二路135号,商务写字楼,,120201,商务住宅,楼宇,商务写字楼
建华大厦B座,114.290525,30.584275,吉庆街66号建华大厦(循礼门地铁站H口步行340米),商务写字楼,,120201,商务住宅,楼宇,商务写字楼
盘子摄影(江汉二路店),114.292208,30.581549,江汉二路金宝大厦13楼(江汉路地铁站A口步行180米),商务写字楼,,120201|071300,商务住宅,楼宇,商务写字楼
建华大厦,114.290524,30.584281,吉庆街66号(循礼门地铁站H口步行370米),商务写字楼,,120201,商务住宅,楼宇,商务写字楼
金宝大厦(江汉二路),114.290902,30.583892,江汉二路135号(循礼门地铁站H口步行460米),商务写字楼,,120201,商务住宅,楼宇,商务写字楼
金色大厦,114.290925,30.583875,江汉二路与南京路交叉口西20米,商务写字楼,,120201,商务住宅,楼宇,商务写字楼
金宝大厦A座,114.290951,30.583861,江汉二路135号(循礼门地铁站H口步行460米),商务写字楼,,120201,商务住宅,楼宇,商务写字楼
义成大厦1号楼,114.291925,30.582475,江汉一路义成大厦(江汉路地铁站E口步行410米),商务写字楼,,120201,商务住宅,楼宇,商务写字楼
大洋中心2期,114.282694,30.586184,泛悦南国中心(循礼门地铁站A口步行460米),商务写字楼,,120201,商务住宅,楼宇,商务写字楼
浙江大楼,114.292457,30.581467,中山大道910号(江汉路地铁站A口步行190米),商务写字楼,,120201,商务住宅,楼宇,商务写字楼
金路易大厦,114.291712,30.583199,大智街办事处南京路61号,商务写字楼,,120201,商务住宅,楼宇,商务写字楼
金丰大厦,114.291575,30.583475,先锋社区北区(江汉路地铁站E口步行490米),商务写字楼,,120201,商务住宅,楼宇,商务写字楼
金路易大厦B座,114.291825,30.583125,南京路61附6号金路智能影音酒店(江汉路步行街店),商务写字楼,,120201,商务住宅,楼宇,商务写字楼
世纪商厦3栋,114.28807,30.58615,京汉大道858号世纪商厦,商务写字楼,,120201,商务住宅,楼宇,商务写字楼
世纪商厦,114.288163,30.586154,京汉大道858号(循礼门地铁站H口步行110米),商务写字楼,,120201,商务住宅,楼宇,商务写字楼
鑫成俊杰大厦12栋,114.28932,30.585658,南京路178号鑫成俊杰(循礼门地铁站H口步行240米),商务写字楼,,120201,商务住宅,楼宇,商务写字楼
鑫成俊杰A座,114.289508,30.585602,南京路178号1栋(循礼门地铁站H口步行240米),商务写字楼,,120201,商务住宅,楼宇,商务写字楼
花楼街宝丽金国际广场1座,114.292875,30.578225,花楼街与交通路交叉口南60米,商务写字楼,,120201,商务住宅,楼宇,商务写字楼
武汉文创大楼,114.292762,30.582207,一元街街道中山大道912号,商务写字楼,,120201,商务住宅,楼宇,商务写字楼
扬子街婚庆大楼,114.293206,30.580785,胜利街11号(江汉路地铁站D口步行190米),商务写字楼,,120201,商务住宅,楼宇,商务写字楼
鑫成俊杰,114.289807,30.585785,南京路178号(循礼门地铁站H口步行240米),商务写字楼,,120201,商务住宅,楼宇,商务写字楼
宝利金国际广场C1座,114.29265,30.577217,花楼街与交通路交叉口南180米,商务写字楼,,120201,商务住宅,楼宇,商务写字楼
工商银行大楼,114.293334,30.57947,江汉路60号中国工商银行(汉口支行),商务写字楼,,120201,商务住宅,楼宇,商务写字楼
宝丽金国际公馆7座,114.292725,30.576975,花楼街198号宝利金中央荣御,商务写字楼,,120201,商务住宅,楼宇,商务写字楼
供销大厦T2栋,114.282425,30.586975,南国中心T1写字楼(循礼门地铁站A口步行450米),商务写字楼,,120201,商务住宅,楼宇,商务写字楼
鑫成俊杰B座,114.28995,30.585958,南京路178号2栋(循礼门地铁站H口步行410米),商务写字楼,,120201,商务住宅,楼宇,商务写字楼
宝丽金国际广场D栋,114.293275,30.578225,花楼街与交通路交叉口东南80米,商务写字楼,,120201,商务住宅,楼宇,商务写字楼
鑫成俊杰4座,114.289903,30.586092,南京路178号鑫成俊杰(循礼门地铁站H口步行320米),商务写字楼,,120201,商务住宅,楼宇,商务写字楼
金茂大楼,114.283637,30.587326,西马街办事处江汉北路8-4-701,商务写字楼,,120201,商务住宅,楼宇,商务写字楼
南国中心T1写字楼,114.282173,30.587123,江汉北路与渣家左路交叉口东南80米,商务写字楼,,120201,商务住宅,楼宇,商务写字楼
南国中心T2写字楼,114.281936,30.587319,解放大道循礼门1409号泛悦南国中心,商务写字楼,,120201,商务住宅,楼宇,商务写字楼
宝利金国际广场2期5座,114.293575,30.577425,江汉路步行街与鄱阳街交叉口西南140米,商务写字楼,,120201,商务住宅,楼宇,商务写字楼
泛悦南国中心二期写字楼,114.281832,30.587406,南国中心二期(循礼门地铁站A口步行430米),商务写字楼,,120201,商务住宅,楼宇,商务写字楼
鸿润楼,114.291301,30.585866,黄石路9号(循礼门地铁站H口步行470米),商务写字楼,,120201|120203,商务住宅,楼宇,商务写字楼
德润大厦4号楼,114.291322,30.585961,黄石路9号鸿润楼(循礼门地铁站H口步行480米),商务写字楼,,120201,商务住宅,楼宇,商务写字楼
德润大厦C座,114.291245,30.586138,黄石路9号德润大厦(循礼门地铁站H口步行480米),商务写字楼,,120201,商务住宅,楼宇,商务写字楼
志诚大厦1幢,114.284725,30.588175,渣家路132号志诚大厦(循礼门地铁站E口步行360米),商务写字楼,,120201,商务住宅,楼宇,商务写字楼
金茂大楼附楼,114.282128,30.587855,江汉北路8-4号(循礼门地铁站A口步行450米),商务写字楼,,120201,商务住宅,楼宇,商务写字楼
德润大厦外卖柜,114.291275,30.586225,黄石路9附4号德润楼(循礼门地铁站H口步行490米),商务写字楼,,070000|120201,生活服务,,
德润大厦2号楼,114.291221,30.586283,黄石路9号德润大厦(循礼门地铁站H口步行470米),商务写字楼,,120201,商务住宅,楼宇,商务写字楼
德润大厦鸿润楼A栋,114.291575,30.586025,吉庆街与崇善路交叉口北60米,商务写字楼,,120201,商务住宅,楼宇,商务写字楼
江岸区德润大厦吉润楼A1座,114.291254,30.58638,铭新街与黄石路交叉口南40米,商务写字楼,,120201,商务住宅,楼宇,商务写字楼
汉港大厦,114.29247,30.58548,黄石路1号,商务写字楼,,120201,商务住宅,楼宇,商务写字楼
汉港大厦1号,114.292525,30.585525,黄石路1号汉港大厦,商务写字楼,,120201,商务住宅,楼宇,商务写字楼
汉港大厦D座,114.292638,30.585467,江汉二路与崇善路交叉口北20米,商务写字楼,,120201,商务住宅,楼宇,商务写字楼
钻石大厦2期,114.294775,30.578475,鄱阳街8号钻石大厦(江汉路地铁站C口步行130米),商务写字楼,,120201,商务住宅,楼宇,商务写字楼
怡博公司写字楼,114.293004,30.585079,崇善路11号附5号,商务写字楼,,120201,商务住宅,楼宇,商务写字楼
广帝实业写字楼,114.281048,30.58835,江汉北路12号院,商务写字楼,,120201,商务住宅,楼宇,商务写字楼
正信大厦,114.295365,30.578104,江汉路26号(江汉路地铁站C口步行250米),商务写字楼,,120201,商务住宅,楼宇,商务写字楼
景明银行大楼,114.295925,30.580975,鄱阳街22号南京小区(江汉路地铁站C口步行480米),商务写字楼,,120201,商务住宅,楼宇,商务写字楼
亚洲证券大厦B座,114.293675,30.586225,江汉二路与交易街交叉口西40米,商务写字楼,,120201,商务住宅,楼宇,商务写字楼
亚洲证券大厦,114.293708,30.586288,江汉二路181号,商务写字楼,,120201,商务住宅,楼宇,商务写字楼
江岸商投,114.296632,30.579363,鄱阳街22号南京小区,商务写字楼,,120201,商务住宅,楼宇,商务写字楼
物资大厦,114.29225,30.587984,大智街办事处铭新街83号,商务写字楼,,120201,商务住宅,楼宇,商务写字楼
扬子大厦,114.29681,30.580968,南京路与洞庭街交叉口西北100米,商务写字楼,,120201,商务住宅,楼宇,商务写字楼
金色未来大厦B区,114.291175,30.588725,京汉大道952号金色未来,商务写字楼,,120201,商务住宅,楼宇,商务写字楼
火凤外滩中心,114.299109,30.580034,洞庭街32-3号,商务写字楼,,120201,商务住宅,楼宇,商务写字楼
世通物流大楼,114.299069,30.580235,大智街办事处沿江大道141号,商务写字楼,,120201,商务住宅,楼宇,商务写字楼
汉口汇丰银行大楼,114.29948,30.581206,一元街办事处沿江大道143号汉口,商务写字楼,,120201|110200,商务住宅,楼宇,商务写字楼
武汉港大楼,114.298322,30.578646,沿江大道136号(满旗楼旁),商务写字楼,,120201,商务住宅,楼宇,商务写字楼
国际青年大厦,114.298322,30.581387,青岛路7号银丰大厦,商务写字楼,,120201,商务住宅,楼宇,商务写字楼
银丰大厦,114.298313,30.581396,青岛路7号,商务写字楼,,120201,商务住宅,楼宇,商务写字楼
汉口麦加利银行大楼,114.29786,30.581757,洞庭街41号,商务写字楼,,120201,商务住宅,楼宇,商务写字楼
君安大厦,114.299368,30.58398,合作路13号,商务写字楼,,120201,商务住宅,楼宇,商务写字楼
武咨大厦,114.300953,30.584702,兰陵路1号,商务写字楼,,120201,商务住宅,楼宇,商务写字楼
武替大厦,114.301671,30.584679,兰陵路与沿江大道交叉口北20米,商务写字楼,,120201,商务住宅,楼宇,商务写字楼
报社大楼,114.297416,30.5849,天津路30号,商务写字楼,,120201,商务住宅,楼宇,商务写字楼
时代广场2座,114.301716,30.585227,兰陵路2号附5号时代广场,商务写字楼,,120201,商务住宅,楼宇,商务写字楼
时代一号写字楼,114.301983,30.585885,兰陵路2号附5号时代广场1座,商务写字楼,,120201|120203,商务住宅,楼宇,商务写字楼
君安大厦-写字楼,114.299325,30.586275,合作路13号君安大厦,商务写字楼,,120201,商务住宅,楼宇,商务写字楼
新丽大厦丰巢柜,114.297886,30.586388,胜利街88号新丽大厦,商务写字楼,,120201,商务住宅,楼宇,商务写字楼
楚天实业大厦,114.296688,30.586006,胜利街115号,商务写字楼,,120201,商务住宅,楼宇,商务写字楼
楚天实业大厦1栋,114.296675,30.586025,胜利街与合作路交叉口西40米,商务写字楼,,120201,商务住宅,楼宇,商务写字楼
华侨大厦,114.301881,30.586562,黎黄陂路8号黎黄陂路旅游休闲街区,商务写字楼,,120201,商务住宅,楼宇,商务写字楼
凯天大楼,114.301192,30.587325,洞庭街84号,商务写字楼,,120201,商务住宅,楼宇,商务写字楼
乐凯大厦,114.300749,30.58746,黎黄陂路8号黎黄陂路旅游休闲街区,商务写字楼,,120201|120203,商务住宅,楼宇,商务写字楼
武汉数码港,114.295313,30.587108,中山大道707号,商务写字楼,,120201,商务住宅,楼宇,商务写字楼
武汉数码港大厦,114.295325,30.587125,中山大道与合作路交叉口西40米,商务写字楼,,120201,商务住宅,楼宇,商务写字楼
新源大厦,114.29935,30.588195,胜利街128号新源公寓,商务写字楼,,120201,商务住宅,楼宇,商务写字楼
风和日丽,114.30181,30.588135,黎黄陂路8号黎黄陂路旅游休闲街区,商务写字楼,,120201,商务住宅,楼宇,商务写字楼
海源科技主楼,114.296251,30.587696,中山大道与兰陵路交叉口西南40米,商务写字楼,,120201,商务住宅,楼宇,商务写字楼
庭小麓商业空间,114.302447,30.588172,黎黄陂路8号黎黄陂路旅游休闲街区,商务写字楼,,120201,商务住宅,楼宇,商务写字楼
长河大厦,114.303257,30.588245,一元街办事处沿江大道169号,商务写字楼,,120201,商务住宅,楼宇,商务写字楼
大卫办公公寓,114.2983,30.588787,黎黄陂路8号黎黄陂路旅游休闲街区,商务写字楼,,120201|120302,商务住宅,楼宇,商务写字楼
融兴大厦,114.294021,30.587669,交易街26-附2号附近,商务写字楼,,120201,商务住宅,楼宇,商务写字楼
怡东大厦B座,114.302425,30.589425,洞庭街107号怡东大厦,商务写字楼,,120201,商务住宅,楼宇,商务写字楼
怡东大厦,114.302122,30.589523,洞庭街107号,商务写字楼,,120201,商务住宅,楼宇,商务写字楼
怡东大厦A座,114.302221,30.589513,洞庭街107号怡东大厦,商务写字楼,,120201,商务住宅,楼宇,商务写字楼
怡东大厦19A座,114.302225,30.589525,洞庭街107号怡东大厦,商务写字楼,,120201,商务住宅,楼宇,商务写字楼
江岸区开源大厦,114.30265,30.589768,洞庭街与车站路交叉口北60米,商务写字楼,,120201,商务住宅,楼宇,商务写字楼
江岸数码港,114.297569,30.589879,中山大道与黄兴路交叉口西南20米,商务写字楼,,120201|120100,商务住宅,楼宇,商务写字楼
江汉二路甲乙型综合楼,114.288075,30.580675,江汉二路2号银海商务大厦,商务写字楼,,120201,商务住宅,楼宇,商务写字楼
燃料大楼,114.292631,30.588238,铭新街93号,商务写字楼,,120201,商务住宅,楼宇,商务写字楼
武汉市妇联大楼,114.302882,30.590314,洞庭街127号,商务写字楼,,120201,商务住宅,楼宇,商务写字楼
艾卢克公馆,114.297718,30.590531,中山大道777号(大智路地铁站B口步行350米),商务写字楼,,120201,商务住宅,楼宇,商务写字楼
智创空间-1号楼规创传媒放监控室,114.30385,30.59025,一元街道蔡锷路1号智创空间,商务写字楼,,120201,商务住宅,楼宇,商务写字楼
金源世界中心B座,114.299736,30.590936,中山大道1166号,商务写字楼,,120201,商务住宅,楼宇,商务写字楼
金源世界中心A座,114.299546,30.591039,中山大道1166号金源世界中心,商务写字楼,,120201,商务住宅,楼宇,商务写字楼
金源世界中心,114.299747,30.591112,中山大道1166号,商务写字楼,,120201,商务住宅,楼宇,商务写字楼
金源世界中心20号楼,114.299858,30.591138,中山大道1166号金源世界中心,商务写字楼,,120201,商务住宅,楼宇,商务写字楼
金源世界中心CD座,114.299975,30.591175,中山大道1166号金源世界中心,商务写字楼,,120201,商务住宅,楼宇,商务写字楼
金源世界中心D座,114.299972,30.591177,岳飞街与车站路交叉口东北60米,商务写字楼,,120201,商务住宅,楼宇,商务写字楼
金源世界中心C座,114.299972,30.591185,岳飞街与车站路交叉口东北60米,商务写字楼,,120201,商务住宅,楼宇,商务写字楼
恒远商务中心,114.298825,30.591175,友益街28号长青广场,商务写字楼,,120201,商务住宅,楼宇,商务写字楼
长青广场商务中心A座,114.298712,30.591217,中山大道805号,商务写字楼,,120201,商务住宅,楼宇,商务写字楼
长江大厦13栋,114.293975,30.569625,民权路特1号长江大厦,商务写字楼,,120201,商务住宅,楼宇,商务写字楼
长青广场商务中心E座,114.297218,30.591472,长青广场商务中心(大智路地铁站B口步行300米),商务写字楼,,120201,商务住宅,楼宇,商务写字楼
长青广场商务中心,114.297755,30.59181,友益街与车站路交叉口西南80米,商务写字楼,,120201,商务住宅,楼宇,商务写字楼
长青广场D座,114.297782,30.591847,友益街30号(大智路地铁站A口步行420米),商务写字楼,,120201,商务住宅,楼宇,商务写字楼
友益大厦,114.298975,30.592475,三德里(大智路地铁站B口步行490米),商务写字楼,,120201,商务住宅,楼宇,商务写字楼
盈安大厦,114.292547,30.591027,京汉大道881-885号,商务写字楼,,120201,商务住宅,楼宇,商务写字楼
E品国际,114.298471,30.592717,江岸汉口车站路70号(老汉口火车站旁),商务写字楼,,120201,商务住宅,楼宇,商务写字楼
锋尚时代大厦1号楼,114.302675,30.592825,一元路7号锋尚时代大厦,商务写字楼,,120201,商务住宅,楼宇,商务写字楼
锋尚时代大厦,114.302675,30.592834,一元路7号,商务写字楼,,120201|120302,商务住宅,楼宇,商务写字楼
绿地·海珀御观3期,114.320425,30.579675,海珀·御观(三角路地铁站F口步行450米),商务写字楼,,120201,商务住宅,楼宇,商务写字楼
铂瑞公馆B座4809,114.320838,30.580616,徐家棚街道和平大道750号铂瑞公馆B座4809,商务写字楼,,120201,商务住宅,楼宇,商务写字楼
立城中心商务楼,114.321075,30.582125,徐家棚街道临江大道606号武汉绿地·新田360,商务写字楼,,120201,商务住宅,楼宇,商务写字楼
绿地国际金融城2期,114.321575,30.579177,和平大道840号,商务写字楼,,120201,商务住宅,楼宇,商务写字楼
绿地楚峰大厦,114.32146,30.582009,武车二路与武昌滨江地下环路交叉口东100米,商务写字楼,,120201,商务住宅,楼宇,商务写字楼
绿地铭创大厦C1座,114.321525,30.577525,和平大道513号绿地铭创大厦,商务写字楼,,120201,商务住宅,楼宇,商务写字楼
绿地铭创大厦,114.32181,30.577908,和平大道513号,商务写字楼,,120201,商务住宅,楼宇,商务写字楼
汉沪青年交流大厦,114.322225,30.578725,武车一路与和平大道交叉口西北80米,商务写字楼,,120201,商务住宅,楼宇,商务写字楼
绿地新田360-5F,114.322225,30.582775,徐家棚街道临江大道606号武汉绿地·新田360,商务写字楼,,120201,商务住宅,楼宇,商务写字楼
铂瑞公馆A座,114.322136,30.583072,绿地铂瑞公馆A座(三角路地铁站D口步行420米),商务写字楼,,120201,商务住宅,楼宇,商务写字楼
绿地蓝海写字楼B3座,114.323594,30.582704,和平大道750号绿地蓝海,商务写字楼,,120201,商务住宅,楼宇,商务写字楼
绿地蓝海A1座,114.324175,30.582025,和平大道750号绿地蓝海,商务写字楼,,120201,商务住宅,楼宇,商务写字楼
绿地国际金融城7座,114.324162,30.58207,和平大道840号绿地国际金融城蓝海写字楼,商务写字楼,,120201,商务住宅,楼宇,商务写字楼
绿地国际金融城A04地块,114.324175,30.582725,武车三路与武车中路交叉口东60米,商务写字楼,,120201,商务住宅,楼宇,商务写字楼
绿地国际金融城蓝海写字楼,114.324765,30.582579,和平大道840号(三角路地铁站D口步行110米),商务写字楼,,120201,商务住宅,楼宇,商务写字楼
绿地国际金融城B2座,114.324816,30.582446,和平大道840号绿地国际金融城蓝海写字楼,商务写字楼,,120201,商务住宅,楼宇,商务写字楼
绿地国际金融城,114.324815,30.582943,和平大道750号(三角路地铁站D口步行160米),商务写字楼,,120201,商务住宅,楼宇,商务写字楼
绿地国际金融城A栋,114.325022,30.582575,和平大道840号绿地国际金融城蓝海写字楼,商务写字楼,,120201,商务住宅,楼宇,商务写字楼
云玺写字楼,114.324913,30.583192,和平大道750号绿地国际金融城,商务写字楼,,120201,商务住宅,楼宇,商务写字楼
两江游览办公楼,114.322472,30.587443,临江大道与江流路交叉口西80米,商务写字楼,,120201,商务住宅,楼宇,商务写字楼
武昌万象城MRmaimai,114.326853,30.582514,武昌万象城三楼MRmaimai,商务写字楼,,120201,商务住宅,楼宇,商务写字楼
尚美楼,114.327293,30.583172,和平大道与和安街交叉口南60米,商务写字楼,,120201,商务住宅,楼宇,商务写字楼
V+合伙人大厦,114.329257,30.57854,友谊大道371号(湖北大学地铁站A口步行200米),商务写字楼,,120201,商务住宅,楼宇,商务写字楼
三角大厦,114.331432,30.57998,友谊大道辅路与沙湖路交叉口西南200米,商务写字楼,,120201,商务住宅,楼宇,商务写字楼
鹏程商务中心,114.329718,30.585759,和平大道284鹏程·帝景园,商务写字楼,,120201,商务住宅,楼宇,商务写字楼
社院大厦,114.330924,30.586732,徐家棚街办事处和平大道惠誉花园872号湖北省社会主义学院,商务写字楼,,120201,商务住宅,楼宇,商务写字楼
供电局综合楼,114.331575,30.587525,惠誉路与和平大道交叉口东80米,商务写字楼,,120201,商务住宅,楼宇,商务写字楼
油料所办公大楼,114.33919,30.577922,团结大道581号油料所社区北区,商务写字楼,,120201,商务住宅,楼宇,商务写字楼
前程中心,114.329505,30.588456,秦园路38号(徐家棚地铁站A口步行270米),商务写字楼,,120201,商务住宅,楼宇,商务写字楼
宸胜国际中心,114.329474,30.589377,秦园路38号(徐家棚地铁站A口步行260米),商务写字楼,,120201,商务住宅,楼宇,商务写字楼
东原时光道写字楼,114.339775,30.584675,东原·时光道,商务写字楼,,120201,商务住宅,楼宇,商务写字楼
徐家棚龙湖滨江天街A栋,114.331525,30.589675,和平大道587号徐家棚龙湖滨江天街,商务写字楼,,120201,商务住宅,楼宇,商务写字楼
武汉长江中心云玺,114.328139,30.589937,秦园路与临江大道交叉口东南180米,商务写字楼,,120201,商务住宅,楼宇,商务写字楼
东原时光广场,114.340268,30.585219,徐家棚街办事处友谊大道东东摩,商务写字楼,,060102|120201,购物服务,商场,普通商场
龙湖101B塔,114.334975,30.589525,团结路与惠安路交叉口西140米,商务写字楼,,120201,商务住宅,楼宇,商务写字楼
武汉长江中心·云玺T1写字楼,114.328175,30.590375,长江中心云玺(徐家棚地铁站A口步行340米),商务写字楼,,120201,商务住宅,楼宇,商务写字楼
滨江天街小米之家四楼,114.330986,30.590532,和平大道659号武汉滨江天街四层47号商铺小米之家,商务写字楼,,120201,商务住宅,楼宇,商务写字楼
龙湖清能武汉滨江国际,114.332425,30.591075,和平大道705号(徐家棚地铁站H口步行200米),商务写字楼,,120201|120302,商务住宅,楼宇,商务写字楼
龙湖清能武汉滨江国际A栋写字楼,114.332725,30.591175,和平大道705号龙湖清能武汉滨江国际,商务写字楼,,120201,商务住宅,楼宇,商务写字楼
鹏程天地汇2号楼,114.341725,30.585675,团结南路鹏程·添地汇(徐东地铁站出入口步行390米),商务写字楼,,120201,商务住宅,楼宇,商务写字楼
徐家棚龙湖滨江天街写字楼,114.335475,30.590975,和平大道587号徐家棚龙湖滨江天街,商务写字楼,,120201,商务住宅,楼宇,商务写字楼
中国农业科学院油料研究所新大楼,114.344575,30.581825,中国农业科学院油料研究所,商务写字楼,,120201,商务住宅,楼宇,商务写字楼
阿里中心39号楼,114.341275,30.589225,徐东大街66号阿里中心·武汉T2办公楼,商务写字楼,,120201,商务住宅,楼宇,商务写字楼
八一办公楼,114.326425,30.593075,临江大道与秦园路交叉口北120米,商务写字楼,,120201,商务住宅,楼宇,商务写字楼
鄂北局办公楼,114.344575,30.585075,宏茂巷与宏昌路交叉口东160米,商务写字楼,,120201,商务住宅,楼宇,商务写字楼
汇金中心,114.349141,30.584182,汪家墩地铁站N口直行90米,商务写字楼,,120201,商务住宅,楼宇,商务写字楼
群星城K3-2楼,114.349242,30.584785,徐东大街120号汇金中心K3,商务写字楼,,120201,商务住宅,楼宇,商务写字楼
汇金中心K3,114.349394,30.584868,徐东大街120号(汪家墩地铁站N口步行60米),商务写字楼,,120201,商务住宅,楼宇,商务写字楼
汇金国际众创商务中心,114.350171,30.585234,徐东大街与宏祥路交叉口东100米,商务写字楼,,120201,商务住宅,楼宇,商务写字楼
群星城K3-1写字楼,114.350171,30.585234,徐东大街120号群星城(汪家墩地铁站E口步行70米),商务写字楼,,120201,商务住宅,楼宇,商务写字楼
联发国际大厦,114.352832,30.582212,徐东大街110号(汪家墩地铁站C口步行220米),商务写字楼,,120201,商务住宅,楼宇,商务写字楼
联发国际大厦A座,114.352921,30.582061,徐东大街110号联发国际大厦,商务写字楼,,120201,商务住宅,楼宇,商务写字楼
中力企业大厦F座,114.346625,30.587025,中力企业大厦(徐东地铁站J口步行160米),商务写字楼,,120201,商务住宅,楼宇,商务写字楼
中力企业大厦,114.346527,30.587077,中力名居4栋3单元1楼(徐东地铁站J口步行120米),商务写字楼,,120201,商务住宅,楼宇,商务写字楼
龙潭SOMO,114.351875,30.584375,徐东大街147号龙潭大厦(汪家墩地铁站D口步行70米),商务写字楼,,120201,商务住宅,楼宇,商务写字楼
龙潭大厦,114.352069,30.5842,徐东大街147号(汪家墩地铁站D口步行90米),商务写字楼,,120201,商务住宅,楼宇,商务写字楼
广泽大厦,114.350824,30.585447,徐东大街与团结大道交汇处,商务写字楼,,120201,商务住宅,楼宇,商务写字楼
中铁科技大厦(徐东大街),114.349756,30.586177,徐东大街45号(汪家墩地铁站F口旁),商务写字楼,,120201,商务住宅,楼宇,商务写字楼
龙潭大厦A座,114.351956,30.584381,徐东大街147号龙潭大厦(汪家墩地铁站D口步行50米),商务写字楼,,120201,商务住宅,楼宇,商务写字楼
龙潭大厦B座,114.352237,30.584118,徐东大街97附4号(汪家墩地铁站D口旁),商务写字楼,,120201,商务住宅,楼宇,商务写字楼
席梦思徐东欧亚达3号楼,114.345125,30.587525,徐东大街徐东欧亚达家具3楼席梦思,商务写字楼,,120201,商务住宅,楼宇,商务写字楼
徐东嘉园B座,114.354428,30.582763,徐东大街131号佳园小区,商务写字楼,,120201,商务住宅,楼宇,商务写字楼
凯旋门广场1栋,114.347475,30.588325,徐东二路与徐东大街交叉口东北100米,商务写字楼,,120201,商务住宅,楼宇,商务写字楼
凯旋门广场10座,114.346725,30.588575,徐东二路与徐东大街交叉口北100米,商务写字楼,,120201,商务住宅,楼宇,商务写字楼
凯旋门广场B座,114.347468,30.588469,徐东大街7号(徐东地铁站H2口步行150米)或C1出口,商务写字楼,,120201,商务住宅,楼宇,商务写字楼
凯旋门广场8座,114.346925,30.588675,徐东二路与徐东大街交叉口北100米,商务写字楼,,120201,商务住宅,楼宇,商务写字楼
凯旋门广场,114.346812,30.588711,徐东路7号(徐东地铁站H2口旁),商务写字楼,,120201,商务住宅,楼宇,商务写字楼
福星惠誉国际城写字楼,114.34385,30.588828,徐东大街与友谊大道辅路交叉口南120米,商务写字楼,,120302|120201,商务住宅,住宅区,住宅小区
国家能源大厦,114.355023,30.582159,徐东大街113号(汪家墩地铁站D口步行390米),商务写字楼,,120201,商务住宅,楼宇,商务写字楼
徐东欧洲花园写字楼,114.34663,30.588984,徐东路7号新世界百货后(徐东地铁站C2口步行160米),商务写字楼,,120201,商务住宅,楼宇,商务写字楼
徐东办公大楼,114.346775,30.589075,徐东大街与徐东一路交叉口东140米,商务写字楼,,120201,商务住宅,楼宇,商务写字楼
华中电力金融大厦,114.355927,30.581459,徐东大街133号(汪家墩地铁站D口步行460米),商务写字楼,,120201,商务住宅,楼宇,商务写字楼
阿里中心·武汉T2办公楼,114.341438,30.58928,徐东大街66号,商务写字楼,,120201,商务住宅,楼宇,商务写字楼
能源大厦(徐东大街),114.356768,30.580904,武汉大道徐东大街137号,商务写字楼,,120201,商务住宅,楼宇,商务写字楼
环球中心,114.357093,30.578855,徐东大街与沙湖大道交汇处,商务写字楼,,120201,商务住宅,楼宇,商务写字楼
国云科技大厦,114.357063,30.578534,沙湖大道198号(岳家嘴地铁站F2口步行410米),商务写字楼,,120201,商务住宅,楼宇,商务写字楼
水果湖街道国云科技大厦1栋,114.357075,30.578525,沙湖大道198号国云科技大厦,商务写字楼,,120201,商务住宅,楼宇,商务写字楼
M环球中心4号楼,114.357204,30.5787,岳家嘴立交与武汉大道交叉口西南80米,商务写字楼,,120201,商务住宅,楼宇,商务写字楼
时尚欧洲五栋C座,114.34715,30.59065,友谊大道510号时尚欧洲5栋,商务写字楼,,120201,商务住宅,楼宇,商务写字楼
阿里中心·武汉,114.341486,30.590396,徐东大街66号武汉亲橙万象汇,商务写字楼,,120201,商务住宅,楼宇,商务写字楼
阿里中心·武汉T1办公楼,114.341439,30.590474,徐家棚街道友谊大道455号,商务写字楼,,120201,商务住宅,楼宇,商务写字楼
兆丰徐东综合楼,114.345226,30.591134,友谊大道502号(徐东地铁站D口步行350米),商务写字楼,,120201,商务住宅,楼宇,商务写字楼
中兴时代数贸港A座,114.358327,30.579841,徐东大街79号(岳家嘴地铁站E口向西步行300米),商务写字楼,,120201,商务住宅,楼宇,商务写字楼
武汉数创大厦,114.342896,30.591435,徐东大街5号(徐东地铁站出入口步行280米),商务写字楼,,120201,商务住宅,楼宇,商务写字楼
中兴时代数贸港8座,114.35865,30.58035,徐东大街79号中兴时代·数贸港,商务写字楼,,120201,商务住宅,楼宇,商务写字楼
君临国际A座,114.342575,30.591575,徐东大街5号武汉数创大厦,商务写字楼,,120201,商务住宅,楼宇,商务写字楼
中兴时代数贸港B座,114.358692,30.580312,徐东大街79号中兴时代·数贸港,商务写字楼,,120201,商务住宅,楼宇,商务写字楼
鸿源国际公馆写字楼,114.358526,30.582754,徐东大街129号鸿源国际公馆,商务写字楼,,120201,商务住宅,楼宇,商务写字楼
洪山区万利广场A1座,114.346149,30.592008,友谊大道与才华街交叉口南140米,商务写字楼,,120201,商务住宅,楼宇,商务写字楼
中兴时代·数贸港,114.359212,30.578912,徐东大街79号(岳家嘴地铁站F2口步行460米),商务写字楼,,120201,商务住宅,楼宇,商务写字楼
中兴时代数贸港C座,114.359283,30.579814,沙湖大道209号(岳家嘴地铁站D口步行370米),商务写字楼,,120201,商务住宅,楼宇,商务写字楼
万利广场写字楼,114.346525,30.592375,友谊大道508号万利生活广场,商务写字楼,,120201,商务住宅,楼宇,商务写字楼
万利广场B座,114.346625,30.592681,友谊大道辅路与才华街交叉口东南80米,商务写字楼,,120201,商务住宅,楼宇,商务写字楼
中冶南方大厦A幢,114.359881,30.57852,徐东大街85号中冶南方大厦,商务写字楼,,120201,商务住宅,楼宇,商务写字楼
徐家棚匠心城,114.339567,30.592075,徐东大街8号(徐家棚地铁站L口步行280米),商务写字楼,,120201,商务住宅,楼宇,商务写字楼
东湖国贸中心,114.361659,30.578449,水果湖街办事处徐东大街岳家嘴D出口,商务写字楼,,120201,商务住宅,楼宇,商务写字楼
德成国贸中心,114.361956,30.578482,欢乐大道1号(岳家嘴地铁站D口步行190米),商务写字楼,,120201,商务住宅,楼宇,商务写字楼
德成国贸中心(地铁4号线岳家嘴站D出口),114.362625,30.578925,欢乐大道1号德成国贸中心,商务写字楼,,120201,商务住宅,楼宇,商务写字楼
德成国贸中心D栋,114.362718,30.579052,欢乐大道1号德成国贸中心,商务写字楼,,120201,商务住宅,楼宇,商务写字楼
恒大科技旅游城B栋,114.362584,30.578672,欢乐大道1号德成国贸中心,商务写字楼,,120201,商务住宅,楼宇,商务写字楼
正堂山外山B栋,114.362663,30.578724,欢乐大道9号正堂山外山(岳家嘴地铁站D口步行240米),商务写字楼,,120201,商务住宅,楼宇,商务写字楼
正堂时代,114.364154,30.580973,欢乐大道与杨园小路交叉口西北120米,商务写字楼,,120201,商务住宅,楼宇,商务写字楼
骏业财富中心D座,114.364425,30.582275,欢乐大道75号骏业·财富中心,商务写字楼,,120201,商务住宅,楼宇,商务写字楼
骏业财富中心C座,114.365005,30.58184,欢乐大道75号骏业·财富中心,商务写字楼,,120201,商务住宅,楼宇,商务写字楼
骏业·财富中心B座,114.365324,30.581787,,商务写字楼,,120201,商务住宅,楼宇,商务写字楼
骏业·财富中心,114.365388,30.582332,欢乐大道75号(铁机路地铁站D口步行280米),商务写字楼,,120201,商务住宅,楼宇,商务写字楼
骏业财富中心F座,114.365357,30.582826,欢乐大道75号骏业·财富中心,商务写字楼,,120201,商务住宅,楼宇,商务写字楼
骏业财富中心A座,114.365905,30.582444,欢乐大道75号(铁机路地铁站A口步行470米),商务写字楼,,120201,商务住宅,楼宇,商务写字楼
骏业财富中心I座,114.365775,30.582975,欢乐大道75号骏业·财富中心,商务写字楼,,120201,商务住宅,楼宇,商务写字楼
骏业财富中心H座,114.365662,30.583226,欢乐大道75号骏业·财富中心,商务写字楼,,120201,商务住宅,楼宇,商务写字楼
伊顿国际中心写字楼,114.367815,30.584003,铁机路与欢乐大道交叉口西100米,商务写字楼,,120201,商务住宅,楼宇,商务写字楼
城投大楼,114.360657,30.589781,团结大道1020号,商务写字楼,,120201,商务住宅,楼宇,商务写字楼
康明大厦,114.371775,30.584675,欢乐大道与才汇巷交叉口西南140米,商务写字楼,,120201|120302,商务住宅,楼宇,商务写字楼
渔光秀办公楼,114.373576,30.58377,东湖景园C区,商务写字楼,,120201,商务住宅,楼宇,商务写字楼
光年OFFICE,114.360838,30.592816,铁机村保利城三期(团结大道地铁站D口步行330米),商务写字楼,,120201,商务住宅,楼宇,商务写字楼
保利城3期G2栋B座,114.360803,30.593268,铁机村保利城3期G2栋,商务写字楼,,120201,商务住宅,楼宇,商务写字楼
东亭新嘉源物业楼,114.373766,30.589206,欢乐大道267号东亭新嘉源小区,商务写字楼,,120201,商务住宅,楼宇,商务写字楼
国家管网大厦,114.382705,30.589894,欢乐大道辅路与银杏原路交叉口东20米,商务写字楼,,120201,商务住宅,楼宇,商务写字楼
东方里商业街S楼,114.385525,30.589475,欢乐大道辅路与银杏原路交叉口东300米,商务写字楼,,120201,商务住宅,楼宇,商务写字楼
双子座T栋,114.384775,30.590375,东湖生态旅游风景区欢乐大道166号纯水岸·东湖天屿一期,商务写字楼,,120201,商务住宅,楼宇,商务写字楼
招商·江湾国际-监控中心,114.189725,30.594125,古田二路招商·江湾国际,商务写字楼,,120201,商务住宅,楼宇,商务写字楼
汉江湾1号8号写字楼,114.183025,30.603525,工农路108号汉江湾1号,商务写字楼,,120201,商务住宅,楼宇,商务写字楼
招商·江湾国际A号楼,114.191533,30.596602,古田二路招商·江湾国际,商务写字楼,,120201,商务住宅,楼宇,商务写字楼
招商江湾国际B栋,114.192325,30.596125,古田二路招商·江湾国际,商务写字楼,,120201,商务住宅,楼宇,商务写字楼
凯德广场西城T2办公楼,114.192328,30.598016,解放大道18号凯德西城广场,商务写字楼,,120201,商务住宅,楼宇,商务写字楼
西城公馆,114.192704,30.59679,古田二路45号,商务写字楼,,120201,商务住宅,楼宇,商务写字楼
古田街道云彩大厦2单元,114.191812,30.599472,解放大道28号古田云彩,商务写字楼,,120201,商务住宅,楼宇,商务写字楼
高投创慧写字楼,114.19295,30.59575,古田二路招商·江湾国际,商务写字楼,,120201,商务住宅,楼宇,商务写字楼
汉江湾国际中心,114.193122,30.595708,田正街与古田二路辅路交叉口西80米,商务写字楼,,120201,商务住宅,楼宇,商务写字楼
招商江湾国际C栋写字楼,114.193125,30.595725,古田二路招商·江湾国际,商务写字楼,,120201,商务住宅,楼宇,商务写字楼
百度创新中心副楼,114.191875,30.600375,丰硕路与解放大道交叉口东220米,商务写字楼,,120201,商务住宅,楼宇,商务写字楼
凯德西城T1栋,114.192865,30.598507,解放大道18号凯德广场(西城),商务写字楼,,120201,商务住宅,楼宇,商务写字楼
古田项目购物中心T1号楼,114.192975,30.598475,凯德西城T1栋,商务写字楼,,120201,商务住宅,楼宇,商务写字楼
凯德广场(西城店)-海洋中庭,114.19334,30.597592,解放大道18号凯德广场(西城),商务写字楼,,120201,商务住宅,楼宇,商务写字楼
凯德广场(西城)苹果onezero店,114.193308,30.5979,解放大道18号凯德广场(西城),商务写字楼,,120201|060000,商务住宅,楼宇,商务写字楼
网商总部大厦,114.19709,30.598067,少先路与解放大道交叉口北50米,商务写字楼,,120201,商务住宅,楼宇,商务写字楼
网商总部大厦B座,114.197544,30.597858,解放大道与古田二路交叉口北约100米,商务写字楼,,120201,商务住宅,楼宇,商务写字楼
网商总部大厦A座,114.197008,30.598161,古田二路辅路与解放大道交叉口东100米,商务写字楼,,120201,商务住宅,楼宇,商务写字楼
海尔产城创国际广场,114.197196,30.599024,古田二路辅路与解放大道交叉口东北140米,商务写字楼,,120201|060300,商务住宅,楼宇,商务写字楼
环同济大厦,114.197652,30.599778,古田二路环(古田二路地铁站C口步行240米),商务写字楼,,120201,商务住宅,楼宇,商务写字楼
汉口春天写字楼,114.201306,30.596262,解放大道109附6号福星惠誉汉口春天,商务写字楼,,120201,商务住宅,楼宇,商务写字楼
武汉十建大楼,114.199925,30.599425,赛达国际,商务写字楼,,120201,商务住宅,楼宇,商务写字楼
海尔国际广场写字楼,114.200975,30.601075,海尔地产国际广场,商务写字楼,,120201,商务住宅,楼宇,商务写字楼
中百仓储B座,114.196407,30.603126,南泥湾大道71号汇丰·企业总部,商务写字楼,,120201,商务住宅,楼宇,商务写字楼
汇丰企业总部8号楼B座,114.196025,30.603325,汇丰·企业总部8号楼,商务写字楼,,120201,商务住宅,楼宇,商务写字楼
丰盛楼B座,114.19669,30.603291,南泥湾大道71号汇丰企业总部内丰盛楼,商务写字楼,,120201,商务住宅,楼宇,商务写字楼
丰杰楼B座,114.196321,30.603377,南泥湾大道71号汇丰·企业总部,商务写字楼,,120201,商务住宅,楼宇,商务写字楼
丰杰楼,114.196025,30.603475,南泥湾大道71号汇丰·企业总部,商务写字楼,,120201,商务住宅,楼宇,商务写字楼
丰盛楼A座,114.196977,30.603494,南泥湾大道71号汇丰企业总部内,商务写字楼,,120201,商务住宅,楼宇,商务写字楼
汇智楼B座,114.194926,30.603747,汇信楼,商务写字楼,,120201,商务住宅,楼宇,商务写字楼
汇信楼B座,114.195024,30.603762,南泥湾大道71号,商务写字楼,,120201,商务住宅,楼宇,商务写字楼
汇丰企业总部8号楼A座,114.196095,30.603721,汇丰·企业总部8号楼,商务写字楼,,120201,商务住宅,楼宇,商务写字楼
汇信楼,114.195209,30.603837,古田二路汇丰企业总部,商务写字楼,,120201,商务住宅,楼宇,商务写字楼
国际企业峰汇C1座,114.193692,30.604044,国际企业峰汇,商务写字楼,,120201,商务住宅,楼宇,商务写字楼
汇丰·企业总部6号楼A座,114.194255,30.604117,汇智楼,商务写字楼,,120201,商务住宅,楼宇,商务写字楼
汇丰企业总部6栋B座,114.194175,30.604175,汇丰企业总部6栋,商务写字楼,,120201,商务住宅,楼宇,商务写字楼
丰俊楼A座,114.197844,30.603941,南泥湾大道71号汇丰企业总部内,商务写字楼,,120201,商务住宅,楼宇,商务写字楼
丰才楼A座,114.197193,30.604079,南泥湾大道71号汇丰企业总部内,商务写字楼,,120201,商务住宅,楼宇,商务写字楼
丰贤楼A座,114.196379,30.604326,丰贤楼,商务写字楼,,120201,商务住宅,楼宇,商务写字楼
凯景国际大厦A座,114.198938,30.603817,古田二路103号凯景国际大厦,商务写字楼,,120201,商务住宅,楼宇,商务写字楼
丰才楼4号B座,114.196993,30.604327,南泥湾大道71号汇丰企业总部内,商务写字楼,,120201,商务住宅,楼宇,商务写字楼
国际企业峰汇C3座,114.193121,30.604357,南泥湾大道与丰盛路交叉口西北120米,商务写字楼,,120201,商务住宅,楼宇,商务写字楼
丰俊楼B座,114.197701,30.604257,南泥湾大道71号,商务写字楼,,120201,商务住宅,楼宇,商务写字楼
国际企业峰汇B2座,114.193584,30.604467,国际企业峰汇,商务写字楼,,120201,商务住宅,楼宇,商务写字楼
汇丰·企业总部3号楼B座,114.196551,30.604492,汇丰企业总部3栋,商务写字楼,,120201,商务住宅,楼宇,商务写字楼
丰贤楼B座,114.196718,30.604495,丰贤楼,商务写字楼,,120201,商务住宅,楼宇,商务写字楼
国际企业峰汇C座,114.193125,30.604525,国际企业峰汇,商务写字楼,,120201,商务住宅,楼宇,商务写字楼
凯景国际大厦,114.199082,30.60404,古田二路103号,商务写字楼,,120201,商务住宅,楼宇,商务写字楼
汇丰企业总部A座,114.19559,30.604736,南泥湾大道71号汇丰企业总部内,商务写字楼,,120201,商务住宅,楼宇,商务写字楼
汇仁楼A座,114.194704,30.604759,南泥湾大道71号汇丰企业总部内,商务写字楼,,120201,商务住宅,楼宇,商务写字楼
国际企业峰汇,114.193591,30.604699,丰逸路与长天路交叉口北五十米,商务写字楼,,120201,商务住宅,楼宇,商务写字楼
汇丰企业总部B座,114.195371,30.604801,南泥湾大道71号汇丰·企业总部,商务写字楼,,120201,商务住宅,楼宇,商务写字楼
汇仁楼B座,114.195017,30.604871,南泥湾大道71号汇丰·企业总部1栋,商务写字楼,,120201,商务住宅,楼宇,商务写字楼
国际企业峰汇A3座,114.194169,30.605049,丰盛路与长天路交叉口西南40米,商务写字楼,,120201,商务住宅,楼宇,商务写字楼
国际企业峰汇B1座,114.193907,30.605036,国际企业峰汇,商务写字楼,,120201,商务住宅,楼宇,商务写字楼
天宇万象国际A座,114.200293,30.604087,天宇万象国际,商务写字楼,,120201,商务住宅,楼宇,商务写字楼
国际企业峰汇A1座,114.193403,30.60525,长天路与丰盛路交叉口西100米,商务写字楼,,120201,商务住宅,楼宇,商务写字楼
古田公寓,114.196982,30.605922,长升路8号,商务写字楼,,120201,商务住宅,楼宇,商务写字楼
古田书刊科技大楼,114.208525,30.594225,长嘉路与古新路交叉口东南160米,商务写字楼,,120201,商务住宅,楼宇,商务写字楼
湖北长江出版印刷物资有限公司-办公大楼,114.209045,30.593623,解放大道211号湖北长江出版印刷物资有限公司,商务写字楼,,120201,商务住宅,楼宇,商务写字楼
金兰武汉金品珠宝有限公司综合楼,114.193277,30.607134,长升路2号武汉金品珠宝有限公司,商务写字楼,,120201,商务住宅,楼宇,商务写字楼
同心健康产业园写字楼,114.213175,30.597175,古田4路49号同心健康服务·产业园,商务写字楼,,120201,商务住宅,楼宇,商务写字楼
长青国际A座,114.21985,30.5982,长青国际,商务写字楼,,120201,商务住宅,楼宇,商务写字楼
中民长青里商业楼,114.219825,30.599225,长青国际,商务写字楼,,120201,商务住宅,楼宇,商务写字楼
万都国际智能生活家居中心,114.219874,30.601657,汉西三路99号,商务写字楼,,120201,商务住宅,楼宇,商务写字楼
广电财富中心,114.217172,30.604314,古田四路广电兰亭荣荟锦园,商务写字楼,,120201,商务住宅,楼宇,商务写字楼
广电财富中心3号楼,114.217175,30.604425,古田四路与长锦路交叉口北80米,商务写字楼,,120201,商务住宅,楼宇,商务写字楼
硚口天地,114.218827,30.605332,古田四路288号,商务写字楼,,120201,商务住宅,楼宇,商务写字楼
常码大厦,114.218766,30.605829,古田四路288号,商务写字楼,,120201,商务住宅,楼宇,商务写字楼
泛海国际中央商务区,114.235525,30.599075,泛海国际桂海园,商务写字楼,,120201,商务住宅,楼宇,商务写字楼
泛海国际A座,114.236931,30.595711,黄海南路9号泛海国际芸海园,商务写字楼,,120201,商务住宅,楼宇,商务写字楼
武汉农业科技综合服务大楼,114.222129,30.606803,长丰大道辅路与云鹤东路交叉口西北140米,商务写字楼,,120201,商务住宅,楼宇,商务写字楼
泛海生活广场项目1层,114.236875,30.602175,淮海南路401号泛海生活广场,商务写字楼,,120201,商务住宅,楼宇,商务写字楼
武汉农业集团科技大厦,114.220118,30.607431,长丰大道辅路与古田四路交叉口东80米,商务写字楼,,120201,商务住宅,楼宇,商务写字楼
武汉中心大厦,114.244908,30.594553,武汉商务区地铁站G口西南150米,商务写字楼,,120201,商务住宅,楼宇,商务写字楼
武汉世贸中心B,114.242961,30.598947,珠江路与云飞路交叉口东140米,商务写字楼,,120201,商务住宅,楼宇,商务写字楼
平安银行汉口大厦,114.244289,30.598444,商务西路181号(武汉商务区地铁站P口步行230米),商务写字楼,,120201,商务住宅,楼宇,商务写字楼
泛海国际8栋,114.245299,30.598992,珠江路68号(武汉商务区地铁站P口步行220米),商务写字楼,,120201,商务住宅,楼宇,商务写字楼
大厨作煮(泛海国际二店),114.246248,30.598826,泛海国际7栋1楼(武汉商务区地铁站P口步行130米),商务写字楼,,120201,商务住宅,楼宇,商务写字楼
泛海国际SOHO城A栋,114.245625,30.599725,淮海路与商务西路交叉口南80米,商务写字楼,,120201,商务住宅,楼宇,商务写字楼
泛海国际中心,114.246775,30.598775,泛海国际SOHO城(武汉商务区地铁站P口步行90米),商务写字楼,,120201,商务住宅,楼宇,商务写字楼
SOHO城1期,114.246125,30.599925,泛海国际SOHO城(武汉商务区地铁站N口步行150米),商务写字楼,,120201,商务住宅,楼宇,商务写字楼
名汇5号,114.247588,30.59837,淮海路南侧(武汉商务区地铁站K口步行80米),商务写字楼,,120201,商务住宅,楼宇,商务写字楼
泛海国际SOHO城C座,114.247523,30.598612,泛海国际SOHO城(武汉商务区地铁站L口旁),商务写字楼,,120201,商务住宅,楼宇,商务写字楼
泛海国际SOHO城,114.247262,30.599104,淮海路(武汉商务区地铁站N口旁),商务写字楼,,120201,商务住宅,楼宇,商务写字楼
金澳国际中心,114.247972,30.598409,泛海国际SOHO城(武汉商务区地铁站K口步行130米),商务写字楼,,120201,商务住宅,楼宇,商务写字楼
泛海国际SOHO城6栋,114.24802,30.598483,珠江路64号(武汉商务区地铁站K口旁),商务写字楼,,120201,商务住宅,楼宇,商务写字楼
泛海国际SOHO城满天星,114.248025,30.599325,泛海国际SOHO城(武汉商务区地铁站M口步行70米),商务写字楼,,120201,商务住宅,楼宇,商务写字楼
中央商务区,114.248489,30.599484,泛海国际SOHO城(武汉商务区地铁站M口步行120米),商务写字楼,,120201,商务住宅,楼宇,商务写字楼
泛海时代中心,114.250349,30.596573,万松街办事处淮海路与云霞路交汇处,商务写字楼,,120201,商务住宅,楼宇,商务写字楼
OCEAN WIDE SOHO,114.249741,30.599155,商务东路与淮海路交叉口南40米,商务写字楼,,120201|170200,商务住宅,楼宇,商务写字楼
中国移动通信集团湖北有限公司武汉分公司,114.250814,30.59605,商务东路中国移动业务大楼17-22楼,商务写字楼,,120201|170208,商务住宅,楼宇,商务写字楼
中国邮政储蓄银行股份有限公司湖北省分行营运大楼,114.250963,30.596886,云霞路183号(武汉商务区地铁站K口步行360米),商务写字楼,,120201,商务住宅,楼宇,商务写字楼
武汉招商银行大厦,114.251032,30.597931,珠江路辅路与云霞路交叉口西北80米,商务写字楼,,120201,商务住宅,楼宇,商务写字楼
民生金融中心,114.251312,30.598123,淮海路王家墩(武汉商务区地铁站K口步行410米),商务写字楼,,120201,商务住宅,楼宇,商务写字楼
鄂电总包大楼,114.243618,30.604999,常青街办事处常青街道振兴路复兴村小区常扬里63号,商务写字楼,,120201,商务住宅,楼宇,商务写字楼
泛海国际民生金融中心写字楼,114.251662,30.598364,云霞路与淮海路交叉口西南60米,商务写字楼,,120201,商务住宅,楼宇,商务写字楼
民生金融中心15号楼,114.251921,30.598493,淮海路王家墩民生金融中心,商务写字楼,,120201,商务住宅,楼宇,商务写字楼
东宏大厦(振兴路),114.243334,30.605562,振兴路25号,商务写字楼,,120201,商务住宅,楼宇,商务写字楼
泛海国际SOHO城2期,114.251044,30.600534,嫩江路与商务东路交叉口东80米,商务写字楼,,120201,商务住宅,楼宇,商务写字楼
京山大厦,114.238308,30.606123,发展大道34号,商务写字楼,,120201,商务住宅,楼宇,商务写字楼
长江证券大厦,114.251825,30.599893,淮海路88号(武汉商务区地铁站M口步行470米),商务写字楼,,120201,商务住宅,楼宇,商务写字楼
坚果码头创意空间A座,114.238075,30.606175,发展大道32号坚果码头创意空间,商务写字楼,,120201,商务住宅,楼宇,商务写字楼
东宏大楼写字楼,114.235201,30.606618,发展大道25号,商务写字楼,,120201,商务住宅,楼宇,商务写字楼
中城商汇,114.245962,30.606454,振兴路与振兴巷交叉口东北60米,商务写字楼,,120201,商务住宅,楼宇,商务写字楼
仁信大楼,114.237725,30.607425,丰雍路与发展大道交叉口北60米,商务写字楼,,120201|120302,商务住宅,楼宇,商务写字楼
常码城汇,114.234975,30.607675,常码一路与常码二路交叉口东80米,商务写字楼,,120201,商务住宅,楼宇,商务写字楼
华发西北湖中心A栋,114.257825,30.598475,淮海路9号B1-2楼华发中城荟西北湖中心,商务写字楼,,120201,商务住宅,楼宇,商务写字楼
武汉华发西北湖中心写字楼,114.257975,30.598475,淮海路9号B1-2楼华发中城荟西北湖中心,商务写字楼,,120201,商务住宅,楼宇,商务写字楼
华发西北湖中心一期A1号楼一单元,114.257979,30.598486,淮海路9号B1-2楼华发中城荟西北湖中心,商务写字楼,,120201,商务住宅,楼宇,商务写字楼
泛海城市广场,114.254627,30.601581,范湖路与云彩路交叉口东南60米,商务写字楼,,120201|060100,商务住宅,楼宇,商务写字楼
兴盛大厦,114.262554,30.593051,青年路187号(王家墩东地铁站B口旁),商务写字楼,,120201,商务住宅,楼宇,商务写字楼
新业大厦F座,114.262383,30.59245,青年路185号新业大厦,商务写字楼,,120201,商务住宅,楼宇,商务写字楼
新业大厦G座,114.262417,30.59245,青年路185号新业大厦,商务写字楼,,120201,商务住宅,楼宇,商务写字楼
新业大厦,114.262412,30.592419,青年路185号(王家墩东地铁站B口步行210米),商务写字楼,,120201,商务住宅,楼宇,商务写字楼
新业大厦C座,114.262517,30.592383,建设大道辅路与青年路辅路交叉口南120米,商务写字楼,,120201,商务住宅,楼宇,商务写字楼
泛海城市广场,114.25516,30.602115,范湖路与云彩路交叉口东80米,商务写字楼,,120201,商务住宅,楼宇,商务写字楼
华发中城国际中心7号楼,114.259828,30.601018,淮海路6号华发中城国际中心,商务写字楼,,120201,商务住宅,楼宇,商务写字楼
伊顿国际中心写字楼,114.259875,30.601025,淮海路与水利北路交叉口西北60米,商务写字楼,,120201,商务住宅,楼宇,商务写字楼
华发中城•国际中心,114.259864,30.601032,淮海路6号,商务写字楼,,120201,商务住宅,楼宇,商务写字楼
汉融商务,114.259825,30.601075,淮海路6号华发中城•国际中心,商务写字楼,,160000|120201,金融保险服务,,
华发·中城荟,114.259756,30.601637,青年路299号,商务写字楼,,120302|120201,商务住宅,住宅区,住宅小区
花园道写字楼,114.264049,30.595722,青年路(王家墩东地铁站D1口步行100米),商务写字楼,,120201,商务住宅,楼宇,商务写字楼
鄂教大厦北楼,114.262175,30.599875,常青街办事处鄂教大厦,商务写字楼,,120201,商务住宅,楼宇,商务写字楼
鄂教大厦,114.262198,30.599855,常青街办事处,商务写字楼,,120201,商务住宅,楼宇,商务写字楼
招银大厦,114.264016,30.593654,建设大道518号(王家墩东地铁站C1口步行50米),商务写字楼,,120201,商务住宅,楼宇,商务写字楼
招银大厦主楼,114.264025,30.593625,建设大道518号招银大厦,商务写字楼,,120201,商务住宅,楼宇,商务写字楼
联城停车办公大楼,114.264475,30.593575,建设大道与青年路辅路交叉口东南80米,商务写字楼,,120201,商务住宅,楼宇,商务写字楼
武汉市广播电视大楼-多媒体中心,114.264775,30.594955,建设大道677号新武汉广电大楼7楼,商务写字楼,,120201,商务住宅,楼宇,商务写字楼
西北湖路55号御玺湾商业1号楼,114.264075,30.598175,西北湖国金中心(王家墩东地铁站D口步行410米),商务写字楼,,120201,商务住宅,楼宇,商务写字楼
花园道B座,114.264846,30.595743,青年路38号花园道(王家墩东地铁站D口步行320米),商务写字楼,,120201,商务住宅,楼宇,商务写字楼
西北湖国金中心,114.264096,30.598355,青年路辅路与黄孝西路交叉口东北80米,商务写字楼,,120201,商务住宅,楼宇,商务写字楼
西北湖国金中心A座,114.264125,30.598325,北湖街街道王家墩商圈青年路340号,商务写字楼,,120201,商务住宅,楼宇,商务写字楼
泛海城市广场写字楼,114.255225,30.603633,云彩路198(云飞路地铁站C口步行330米),商务写字楼,,120201,商务住宅,楼宇,商务写字楼
武汉市江汉区中央商务区悦海园商业幢,114.256475,30.603575,云杉路泛海国际悦海园(云飞路地铁站C口步行460米),商务写字楼,,120201,商务住宅,楼宇,商务写字楼
武汉市广播电视大楼,114.265251,30.594867,建设大道677-679号,商务写字楼,,120201,商务住宅,楼宇,商务写字楼
柠檬中心B座,114.264929,30.597235,西北湖路,商务写字楼,,120201,商务住宅,楼宇,商务写字楼
柠檬中心A座,114.265143,30.597208,西北湖路,商务写字楼,,120201,商务住宅,楼宇,商务写字楼
同成广场A座4座,114.265375,30.59377,万松园路同成广场(王家墩东地铁站C2口步行150米),商务写字楼,,120201,商务住宅,楼宇,商务写字楼
同城广场写字楼,114.265401,30.593751,万松园路同成广场(王家墩东地铁站C2口步行150米),商务写字楼,,120201,商务住宅,楼宇,商务写字楼
统建大厦,114.264975,30.591825,雪松路与万松园路交叉口西120米,商务写字楼,,120201,商务住宅,楼宇,商务写字楼
武汉仲裁委员会富强国际大厦,114.259475,30.603325,范湖路与水利北路交叉口北80米,商务写字楼,,120201,商务住宅,楼宇,商务写字楼
AFTERNOON IN THE HOUSE,114.265759,30.595363,西北湖路8-附6号附近,商务写字楼,,120201,商务住宅,楼宇,商务写字楼
富强国际,114.259245,30.603555,范湖101号(范湖地铁站B口步行400米),商务写字楼,,120201,商务住宅,楼宇,商务写字楼
柠檬中心,114.265541,30.597363,西北湖路9号妙三社区(王家墩东地铁站D口步行490米),商务写字楼,,120201,商务住宅,楼宇,商务写字楼
御玺商业,114.265075,30.598925,北湖街街道西北湖路特1号西北湖·御玺湾,商务写字楼,,120201,商务住宅,楼宇,商务写字楼
同成广场C栋,114.265872,30.593218,万松园路同成广场(王家墩东地铁站C2口步行360米),商务写字楼,,120201,商务住宅,楼宇,商务写字楼
江宸世纪B座,114.258719,30.604048,水利北路与范湖广场路交叉口东南20米,商务写字楼,,120201,商务住宅,楼宇,商务写字楼
花园道项目1期C楼,114.266208,30.596031,西北湖路与建设大道辅路交叉口北180米,商务写字楼,,120201,商务住宅,楼宇,商务写字楼
CAAD财富中心T1栋,114.260123,30.60373,范湖路与青年路辅路交叉口西140米,商务写字楼,,120201,商务住宅,楼宇,商务写字楼
恒佑商务,114.263724,30.601449,双玺中心B座,商务写字楼,,120201,商务住宅,楼宇,商务写字楼
双玺中心A座,114.263724,30.601449,北湖西路与西北湖路交叉口西南150米,商务写字楼,,120201,商务住宅,楼宇,商务写字楼
火凤中心,114.263724,30.601449,双玺中心,商务写字楼,,120201,商务住宅,楼宇,商务写字楼
万豪国际阿波罗座,114.266123,30.597576,东方万豪(王家墩东地铁站D口步行480米),商务写字楼,,120201,商务住宅,楼宇,商务写字楼
CAAD财富中心TI栋,114.260225,30.603975,青年路369号CAAD财富中心,商务写字楼,,120201,商务住宅,楼宇,商务写字楼
万豪国际维纳斯,114.266229,30.597728,西北湖路,商务写字楼,,120201,商务住宅,楼宇,商务写字楼
CAAD财富中心,114.260252,30.60402,青年路369号(范湖地铁站B口步行70米),商务写字楼,,120201|160000,商务住宅,楼宇,商务写字楼
双玺中心B座外卖柜,114.263975,30.601575,双玺中心B座,商务写字楼,,120201,商务住宅,楼宇,商务写字楼
宏狮科技OPC,114.266734,30.593981,建设大道万松小区北侧约30米,商务写字楼,,120201|160000,商务住宅,楼宇,商务写字楼
双玺中心B座,114.264064,30.60159,西北湖路与北湖横路交叉口西北100米,商务写字楼,,120201,商务住宅,楼宇,商务写字楼
双玺中心,114.264047,30.601686,北湖西路与西北湖路交叉口西南150米,商务写字楼,,120201,商务住宅,楼宇,商务写字楼
浙商银行大厦,114.267042,30.593997,建设大道548、550、552、556号,商务写字楼,,120201,商务住宅,楼宇,商务写字楼
太平洋金融广场6栋,114.26705,30.59405,建设大道548、550、552、556号太平洋金融广场,商务写字楼,,120201,商务住宅,楼宇,商务写字楼
太平洋金融广场,114.267062,30.594031,建设大道548、550、552、556号,商务写字楼,,120201,商务住宅,楼宇,商务写字楼
武汉CBD,114.26052,30.604333,王家墩中央商务区(武汉商务区地铁站N口步行140米),商务写字楼,,120201,商务住宅,楼宇,商务写字楼
恒融商务中心2期,114.252375,30.605575,恒融商务中心3号楼(云飞路地铁站D口旁),商务写字楼,,120201,商务住宅,楼宇,商务写字楼
恒融商务中心3号楼,114.252388,30.605656,云飞路与云霞路交叉口西北60米(云飞路地铁站D口旁),商务写字楼,,120201,商务住宅,楼宇,商务写字楼
城建大厦,114.252673,30.605816,常青路9号(云飞路地铁站D口旁),商务写字楼,,120201,商务住宅,楼宇,商务写字楼
万景国际广场B座,114.26234,30.604352,青年路378号(范湖地铁站C口步行210米),商务写字楼,,120201,商务住宅,楼宇,商务写字楼
恒融商务中心,114.252793,30.606135,云飞路与云霞路交叉口北100米,商务写字楼,,120201,商务住宅,楼宇,商务写字楼
恒远商务中心A区,114.25275,30.60615,恒融商务中心(云飞路地铁站D口步行170米),商务写字楼,,120201,商务住宅,楼宇,商务写字楼
地产大厦,114.252664,30.606302,恒融商务中心(云飞路地铁站D口步行150米),商务写字楼,,120201,商务住宅,楼宇,商务写字楼
武汉可信致远商业管理有限公司,114.261908,30.604915,万景国际广场A座14楼(范湖地铁站C口步行150米),商务写字楼,,120201,商务住宅,楼宇,商务写字楼
新华大饭店商贸楼,114.268513,30.594483,建设大道558号(取水楼地铁站A2口步行310米),商务写字楼,,120201,商务住宅,楼宇,商务写字楼
中石化大厦,114.253075,30.606675,常青街办事处常青路39号华中大厦,商务写字楼,,120201,商务住宅,楼宇,商务写字楼
华中大厦,114.253056,30.606682,常青街办事处常青路39号,商务写字楼,,120201,商务住宅,楼宇,商务写字楼
武汉广电全媒体中心3号,114.258775,30.606625,青年路479号武汉广电全媒体中心,商务写字楼,,120201,商务住宅,楼宇,商务写字楼
汉口泛海CBD,114.262285,30.605386,青年路378号万景国际(范湖地铁站C口步行190米),商务写字楼,,120201,商务住宅,楼宇,商务写字楼
万景国际B座精装小户型办公楼出租,114.2636,30.604713,青年路378号万景国际广场B座,商务写字楼,,120201,商务住宅,楼宇,商务写字楼
国贸新都A座,114.269261,30.594211,建设大道562号(取水楼地铁站A2口步行340米),商务写字楼,,120201,商务住宅,楼宇,商务写字楼
新世界国贸大厦II座,114.269566,30.594792,建设大道568号(取水楼地铁站A2口步行320米),商务写字楼,,120201,商务住宅,楼宇,商务写字楼
国贸新都D座,114.26955,30.59425,建设大道562号国贸新都,商务写字楼,,120201,商务住宅,楼宇,商务写字楼
国贸新都AG座,114.269575,30.594325,建设大道562号国贸新都,商务写字楼,,120201,商务住宅,楼宇,商务写字楼
国贸新都,114.269606,30.594274,建设大道562号(取水楼地铁站A2口步行290米),商务写字楼,,120201,商务住宅,楼宇,商务写字楼
武商百盛大楼,114.252575,30.607425,常青路与云飞路交叉口西140米,商务写字楼,,120201,商务住宅,楼宇,商务写字楼
江宸天街B座,114.261618,30.606244,马场角路与青年路辅路交叉口北140米,商务写字楼,,120201,商务住宅,楼宇,商务写字楼
中超大厦(雪松路),114.269382,30.592579,雪松路89号,商务写字楼,,120201,商务住宅,楼宇,商务写字楼
国贸新都F座,114.26977,30.59445,建设大道562号国贸新都,商务写字楼,,120201,商务住宅,楼宇,商务写字楼
国贸新都B座,114.269877,30.594421,北湖街办事处建设大道564号,商务写字楼,,120201,商务住宅,楼宇,商务写字楼
新世界国贸大厦8栋,114.26995,30.59495,建设大道辅路与劲松巷交叉口东100米,商务写字楼,,120201,商务住宅,楼宇,商务写字楼
江宸天街写字楼,114.261425,30.606675,青年路与马场角小路交叉口东180米,商务写字楼,,120201,商务住宅,楼宇,商务写字楼
武汉江宸天街4号楼,114.261725,30.606625,青年路518号武汉江宸天街,商务写字楼,,120201,商务住宅,楼宇,商务写字楼
新世界国贸大厦1座,114.270226,30.594997,建设大道与西北湖东路交叉口南100米,商务写字楼,,120201,商务住宅,楼宇,商务写字楼
新世界国贸大厦1座L栋,114.27029,30.595019,建设大道与西北湖东路交叉口南100米,商务写字楼,,120201,商务住宅,楼宇,商务写字楼
卓尔国际中心,114.27135,30.595339,建设大道588号(新华路与建设大道交汇处),商务写字楼,,120201,商务住宅,楼宇,商务写字楼
中国银行湖北省分行新建办公楼,114.271625,30.594625,中国银行(湖北省分行营业部),商务写字楼,,120201,商务住宅,楼宇,商务写字楼
中银大厦,114.27164,30.594671,汉口新华路219号(取水楼地铁站A2口步行300米),商务写字楼,,120201,商务住宅,楼宇,商务写字楼
建银大厦,114.270968,30.596728,北湖街建设大道709号,商务写字楼,,120201,商务住宅,楼宇,商务写字楼
中国民生银行大厦,114.273179,30.594207,新华路398号(取水楼地铁站A1口步行260米),商务写字楼,,120201,商务住宅,楼宇,商务写字楼
MFG写字楼(民生银行大厦),114.273181,30.594199,新华路396号(取水楼地铁站A1口步行230米),商务写字楼,,120201,商务住宅,楼宇,商务写字楼
宏元商务大厦,114.271949,30.597905,新华路272号(取水楼地铁站D口步行120米),商务写字楼,,120201,商务住宅,楼宇,商务写字楼
怡美广场,114.273543,30.593465,新华路392号(取水楼地铁站A1口步行360米),商务写字楼,,120201,商务住宅,楼宇,商务写字楼
怡美广场A座,114.273766,30.593719,新华路392号(取水楼地铁站A1口步行390米),商务写字楼,,120201,商务住宅,楼宇,商务写字楼
怡美广场B座,114.273497,30.593228,新华路392号(取水楼地铁站A1口步行370米),商务写字楼,,120201,商务住宅,楼宇,商务写字楼
武银大厦,114.273599,30.596733,台北街道办事处建设大道618号,商务写字楼,,120201,商务住宅,楼宇,商务写字楼
发改委办公大楼,114.271824,30.598206,北湖街办事处新华路408号,商务写字楼,,120201,商务住宅,楼宇,商务写字楼
信合大厦,114.273595,30.596783,建设大道与新华路交叉口东120米,商务写字楼,,120201,商务住宅,楼宇,商务写字楼
新华大厦(新华路),114.271881,30.598197,新华路408号(取水楼地铁站D口步行100米),商务写字楼,,120201,商务住宅,楼宇,商务写字楼
良友大厦C座,114.273825,30.592925,新华路316号良友大厦,商务写字楼,,120201,商务住宅,楼宇,商务写字楼
良友大厦,114.273801,30.59283,新华路316号(取水楼地铁站A1口步行480米),商务写字楼,,120201,商务住宅,楼宇,商务写字楼
银泉大厦,114.273725,30.597632,建设大道715号(取水楼地铁站C1口步行60米),商务写字楼,,120201,商务住宅,楼宇,商务写字楼
登月大厦,114.273843,30.592394,新华路314号,商务写字楼,,120201,商务住宅,楼宇,商务写字楼
登月大厦A座,114.273758,30.592264,新华路与台北一路交叉口东南约80米,商务写字楼,,120201,商务住宅,楼宇,商务写字楼
登月大厦B座,114.274013,30.592389,新华路318号登月大厦,商务写字楼,,120201,商务住宅,楼宇,商务写字楼
良友大厦B座,114.274782,30.593259,台北一路与新华路交叉口东160米,商务写字楼,,120201,商务住宅,楼宇,商务写字楼
武汉广发银行大厦,114.2745,30.598129,北湖街道建设大道737号,商务写字楼,,120201,商务住宅,楼宇,商务写字楼
IFC国际金融中心,114.274384,30.591733,新华路296号,商务写字楼,,120201,商务住宅,楼宇,商务写字楼
汉江国际大厦,114.274474,30.591782,新华路296号,商务写字楼,,120201,商务住宅,楼宇,商务写字楼
华银城A1座,114.274925,30.598775,建设大道737号华银城小区,商务写字楼,,120201,商务住宅,楼宇,商务写字楼
碧波大厦1栋,114.276675,30.596275,云林街23号碧波大厦(取水楼地铁站E口步行230米),商务写字楼,,120201,商务住宅,楼宇,商务写字楼
长资大楼,114.276225,30.597935,建设大道626号(取水楼地铁站F口旁),商务写字楼,,120201,商务住宅,楼宇,商务写字楼
华银综合楼写字楼,114.277075,30.592575,台北一路26号中诚大厦,商务写字楼,,120201,商务住宅,楼宇,商务写字楼
江汉区政府大楼,114.270953,30.601519,北湖街办事处新华路255号,商务写字楼,,120201,商务住宅,楼宇,商务写字楼
中诚大厦(台北一路),114.277158,30.592578,台北一路26号,商务写字楼,,120201,商务住宅,楼宇,商务写字楼
长证大厦2号楼,114.270775,30.601875,新华路特8号长证大厦,商务写字楼,,120201,商务住宅,楼宇,商务写字楼
长证大厦,114.27076,30.601893,新华路特8号,商务写字楼,,120201,商务住宅,楼宇,商务写字楼
雷王金融中心,114.277929,30.598588,建设大道648号(取水楼地铁站G2口步行120米),商务写字楼,,120201,商务住宅,楼宇,商务写字楼
联合大厦,114.278025,30.598575,建设大道648号雷王金融中心,商务写字楼,,120201,商务住宅,楼宇,商务写字楼
燃气大楼,114.276586,30.600571,台北路221号(取水楼地铁站H口步行200米),商务写字楼,,120201,商务住宅,楼宇,商务写字楼
太子大厦(建设中),114.272476,30.597332,北湖街办事处新华路太子酒店(取水楼地铁站D口旁),商务写字楼,,120201,商务住宅,楼宇,商务写字楼
明珠商住楼,114.279052,30.596993,台北二路与台北路交叉口西100米,商务写字楼,,120302|120201,商务住宅,住宅区,住宅小区
妇联大厦,114.271083,30.603126,新华街办事处新华下路17号,商务写字楼,,120201,商务住宅,楼宇,商务写字楼
金融中心项目,114.277275,30.600325,黄孝北路48号黄孝北路商品房住宅区,商务写字楼,,120201,商务住宅,楼宇,商务写字楼
新华下路7号A座一层2号,114.271025,30.603475,新华路与兴文路交叉口西北60米,商务写字楼,,120201,商务住宅,楼宇,商务写字楼
华润置地大厦,114.279142,30.59856,建设大道168号武汉万象城,商务写字楼,,120201,商务住宅,楼宇,商务写字楼
华润置地大厦T2办公楼,114.279225,30.598475,华润置地大厦(取水楼地铁站出入口步行100米),商务写字楼,,120201,商务住宅,楼宇,商务写字楼
华润置地大厦T楼,114.279375,30.598525,华润置地大厦(取水楼地铁站出入口步行110米),商务写字楼,,120201,商务住宅,楼宇,商务写字楼
武汉影城写字楼,114.280028,30.596924,台北路153号(取水楼地铁站G2口步行430米),商务写字楼,,120201,商务住宅,楼宇,商务写字楼
天立大厦,114.270756,30.603901,新华路283号,商务写字楼,,120201,商务住宅,楼宇,商务写字楼
九运大厦12栋,114.278935,30.589732,江汉北路34号九运大厦,商务写字楼,,120201,商务住宅,楼宇,商务写字楼
海迪商务中心C栋,114.276125,30.602725,台北路217号海迪商务中心,商务写字楼,,120201,商务住宅,楼宇,商务写字楼
添地大厦,114.270376,30.604405,新华路287号,商务写字楼,,120201,商务住宅,楼宇,商务写字楼
九运大厦33栋,114.27905,30.58955,江汉北路34号九运大厦,商务写字楼,,120201,商务住宅,楼宇,商务写字楼
江汉规划大楼,114.280516,30.592017,台北一路82-84号,商务写字楼,,120201,商务住宅,楼宇,商务写字楼
海迪商务中心B栋,114.276275,30.602875,台北路217号海迪商务中心,商务写字楼,,120201,商务住宅,楼宇,商务写字楼
海迪商务中心,114.276493,30.602854,台北路217号(菱角湖地铁站C口步行150米),商务写字楼,,120201,商务住宅,楼宇,商务写字楼
江汉区石化机械厂写字楼,114.276456,30.602922,台北路219号(菱角湖地铁站C口步行250米),商务写字楼,,120201,商务住宅,楼宇,商务写字楼
钰龙金融广场,114.279298,30.600543,建设大道741号(取水楼地铁站H口步行200米),商务写字楼,,120201,商务住宅,楼宇,商务写字楼
武汉万象城B楼,114.280425,30.598875,建设大道168号武汉万象城,商务写字楼,,120201,商务住宅,楼宇,商务写字楼
职业卫生应急综合楼,114.27991,30.590164,江汉北路20号职业病防治院院内,商务写字楼,,120201,商务住宅,楼宇,商务写字楼
武汉市卫生应急业务大楼,114.279626,30.589359,江汉北路与精武三路交叉口东80米,商务写字楼,,120201,商务住宅,楼宇,商务写字楼
中国农业银行武汉分行机关大楼,114.281894,30.596063,台北路与台北二路交叉口东南220米,商务写字楼,,120201,商务住宅,楼宇,商务写字楼
CFD时代财富中心22-23楼,114.270603,30.605291,新华路468号CFD时代财富中心,商务写字楼,,120201,商务住宅,楼宇,商务写字楼
警卫营大厦,114.277048,30.603499,长江日报路(菱角湖地铁站C口步行130米),商务写字楼,,120201,商务住宅,楼宇,商务写字楼
CFD时代财富中心,114.271049,30.605404,新华路468号,商务写字楼,,120201,商务住宅,楼宇,商务写字楼
CFD时代财富中心2号楼,114.271025,30.605425,新华路468号CFD时代财富中心,商务写字楼,,120201,商务住宅,楼宇,商务写字楼
CFD时代财富中心35A栋,114.271,30.60545,新华路468号CFD时代财富中心,商务写字楼,,120201,商务住宅,楼宇,商务写字楼
CFD时代财富中心B2商业区,114.270762,30.605595,新华路468号CFD时代财富中心,商务写字楼,,120201,商务住宅,楼宇,商务写字楼
海由大厦,114.278722,30.602506,长江日报路55号(菱角湖地铁站C口步行360米),商务写字楼,,120201,商务住宅,楼宇,商务写字楼
中信银行大厦(建设大道),114.280305,30.601054,建设大道747号(取水楼地铁站H口步行400米),商务写字楼,,120201,商务住宅,楼宇,商务写字楼
投资大厦,114.27966,30.601806,长江日报路77号(菱角湖地铁站C口步行410米),商务写字楼,,120201,商务住宅,楼宇,商务写字楼
南达大楼,114.269466,30.605813,新华路383号,商务写字楼,,120201,商务住宅,楼宇,商务写字楼
红梅大厦(台北路),114.282584,30.594441,台北路91-93号,商务写字楼,,120201,商务住宅,楼宇,商务写字楼
资本楼,114.282925,30.594675,台北路与台北一路交叉口西北60米,商务写字楼,,120201,商务住宅,楼宇,商务写字楼
银行写字楼,114.280725,30.601225,长江日报路与建设大道交叉口西40米,商务写字楼,,120201,商务住宅,楼宇,商务写字楼
桥建大厦,114.275274,30.605216,天门墩路5号(菱角湖地铁站D口步行90米),商务写字楼,,120201,商务住宅,楼宇,商务写字楼
港信大厦,114.265782,30.605889,马场角横路与马场角路交叉口东南140米,商务写字楼,,120201,商务住宅,楼宇,商务写字楼
华润置地大厦总部基地,114.281785,30.600602,长江日报南路与建设大道交叉口东南80米,商务写字楼,,120201,商务住宅,楼宇,商务写字楼
瑞通广场A座,114.280886,30.601872,建设大道847号瑞通广场,商务写字楼,,120201,商务住宅,楼宇,商务写字楼
交通银行大楼A座,114.281043,30.602057,交通银行(湖北省分行营业部),商务写字楼,,120201,商务住宅,楼宇,商务写字楼
瑞通广场,114.280914,30.602322,建设大道847号(香港路地铁站A口步行360米),商务写字楼,,120201,商务住宅,楼宇,商务写字楼
建投大厦,114.287219,30.595115,苗栗路5号,商务写字楼,,120201,商务住宅,楼宇,商务写字楼
财苑大楼,114.286999,30.593622,高雄路特1号国信城,商务写字楼,,120201,商务住宅,楼宇,商务写字楼
新香港大厦2栋,114.289425,30.596275,苗栗路46-48号新香港大厦,商务写字楼,,120201,商务住宅,楼宇,商务写字楼
武汉慈善城,114.286104,30.599579,高雄路105号(苗栗路地铁站C口步行410米),商务写字楼,,120201,商务住宅,楼宇,商务写字楼
西马路联合大楼,114.289386,30.592004,西马街办事处解放大道1473号西马路,商务写字楼,,120201,商务住宅,楼宇,商务写字楼
开源大厦,114.290175,30.597075,苗栗路与香港路交叉口西40米,商务写字楼,,120201,商务住宅,楼宇,商务写字楼
开源阳光城A座A栋,114.289975,30.597425,苗栗路61号开源·阳光城,商务写字楼,,120201,商务住宅,楼宇,商务写字楼
西马路联合大楼1号楼,114.289825,30.591925,西马街办事处解放大道1473号西马路西马路联合大楼,商务写字楼,,120201,商务住宅,楼宇,商务写字楼
财富大厦(解放大道),114.291492,30.592422,解放大道1070号(大智路地铁站F口步行290米),商务写字楼,,120201,商务住宅,楼宇,商务写字楼
化工大厦,114.292153,30.594553,西马街办事处解放大道1511号,商务写字楼,,120201,商务住宅,楼宇,商务写字楼
武房大厦,114.291656,30.592643,解放大道辅路与义和巷交叉口东60米,商务写字楼,,120201,商务住宅,楼宇,商务写字楼
高雄88号,114.286909,30.601011,高雄路与花莲里交叉口东南60米,商务写字楼,,120201,商务住宅,楼宇,商务写字楼
武汉商务中心,114.291713,30.592603,解放大道1070号财富大厦,商务写字楼,,120201,商务住宅,楼宇,商务写字楼
君悦尚品A座,114.292165,30.596227,香港路18号君悦尚品(苗栗路地铁站D口步行400米),商务写字楼,,120201,商务住宅,楼宇,商务写字楼
金茂大厦,114.292807,30.593507,解放大道1080号同庆阁社区,商务写字楼,,120201,商务住宅,楼宇,商务写字楼
DRAGON PLAZA D座,114.287724,30.601543,香港路121号安和九龙阁,商务写字楼,,120201,商务住宅,楼宇,商务写字楼
佳联大厦,114.292975,30.593875,解放大道1092号世纪皇冠,商务写字楼,,120201,商务住宅,楼宇,商务写字楼
物产大厦,114.281979,30.601496,建设大道692号(香港路地铁站A口步行360米),商务写字楼,,120201,商务住宅,楼宇,商务写字楼
中国农业银行综合楼,114.289225,30.601025,香港路与嘉义路交叉口东60米,商务写字楼,,120201,商务住宅,楼宇,商务写字楼
农行大厦,114.289218,30.601031,西马街办事处香港路92号,商务写字楼,,120201,商务住宅,楼宇,商务写字楼
远洋大厦写字楼1栋,114.288675,30.601375,香港路145号远洋大厦(苗栗路地铁站C口步行260米),商务写字楼,,120201,商务住宅,楼宇,商务写字楼
武汉外贸服装大厦,114.2823,30.601739,建设大道698号(香港路地铁站A口步行320米),商务写字楼,,120201,商务住宅,楼宇,商务写字楼
青莲大厦,114.287322,30.601994,香港路151号(香港路地铁站B口步行340米),商务写字楼,,120201,商务住宅,楼宇,商务写字楼
远洋大厦(香港路),114.288851,30.60157,香港路145号(苗栗路地铁站C口步行270米),商务写字楼,,120201,商务住宅,楼宇,商务写字楼
京汉城市广场,114.293096,30.592427,大智路地铁G出口直行200米,商务写字楼,,120201,商务住宅,楼宇,商务写字楼
禾园儿童商业广场B栋,114.28705,30.602272,香港路与花莲里交叉口西北80米,商务写字楼,,120201,商务住宅,楼宇,商务写字楼
禾园儿童商业广场C栋,114.287075,30.602475,香港路与花莲里交叉口西北80米,商务写字楼,,120201,商务住宅,楼宇,商务写字楼
湖北外贸土产大楼,114.293006,30.59845,球场路与苗栗路交叉口西40米,商务写字楼,,120201,商务住宅,楼宇,商务写字楼
香江大厦,114.286974,30.602559,西马街办事处香港路153号,商务写字楼,,120201,商务住宅,楼宇,商务写字楼
武汉香格里拉中心,114.28305,30.602622,建设大道700号(香港路地铁站A口步行110米),商务写字楼,,120201,商务住宅,楼宇,商务写字楼
武汉供电公司综合楼,114.29399,30.596499,西马街办事处解放大道球场街1529号,商务写字楼,,120201,商务住宅,楼宇,商务写字楼
瑞通广场B座,114.281311,30.602319,建设大道847号瑞通广场,商务写字楼,,120201,商务住宅,楼宇,商务写字楼
华源商厦1栋,114.293075,30.599375,球场路32号华源商厦(苗栗路地铁站B口步行300米),商务写字楼,,120201,商务住宅,楼宇,商务写字楼
华源商厦3栋,114.293075,30.599375,球场路32号华源商厦(苗栗路地铁站B口步行320米),商务写字楼,,120201,商务住宅,楼宇,商务写字楼
人保大楼,114.286075,30.603475,香港路181号惠东花园(香港路地铁站B口步行70米),商务写字楼,,120201,商务住宅,楼宇,商务写字楼
保险大楼,114.294755,30.596971,西马街办事处解放大道1703号球场街路口,商务写字楼,,120201,商务住宅,楼宇,商务写字楼
武汉房地产市场,114.28406,30.603728,住房和城市更新局(香港路地铁站A口步行60米),商务写字楼,,120201,商务住宅,楼宇,商务写字楼
房地产交易大厦,114.28406,30.603729,武汉房地产市场(香港路地铁站A口步行60米),商务写字楼,,120201,商务住宅,楼宇,商务写字楼
武汉供电公司电力生产调度大楼,114.295135,30.597628,解放大道1701号(三阳路地铁站G口步行310米),商务写字楼,,120201,商务住宅,楼宇,商务写字楼
联通大楼,114.286369,30.604092,惠济路与香港路交叉口北80米,商务写字楼,,120201,商务住宅,楼宇,商务写字楼
步步高办公大楼,114.293046,30.601153,湖边坊路与球场路交叉口东北140米,商务写字楼,,120201,商务住宅,楼宇,商务写字楼
武汉央座18号楼,114.285019,30.605095,建设大道与香港路交叉口北20米,商务写字楼,,120201,商务住宅,楼宇,商务写字楼
武汉·央座,114.2839,30.605118,香港路地铁站出口,商务写字楼,,120201,商务住宅,楼宇,商务写字楼
浙商大厦,114.285646,30.605182,建设大道718号(香港路地铁站D口步行80米),商务写字楼,,120201,商务住宅,楼宇,商务写字楼
卓尔跨界中心,114.286737,30.605186,惠济路(香港路地铁站D口步行150米),商务写字楼,,120201,商务住宅,楼宇,商务写字楼
保利仓财富中心,114.286875,30.605175,花桥街办事处澳门路(卓尔书店旁),商务写字楼,,120201,商务住宅,楼宇,商务写字楼
武汉央座41A楼,114.283825,30.605275,武汉·央座(香港路地铁站G口步行100米),商务写字楼,,120201,商务住宅,楼宇,商务写字楼
阳光城央座A栋,114.283825,30.605275,武汉·央座(香港路地铁站G口旁),商务写字楼,,120201,商务住宅,楼宇,商务写字楼
融创融汇广场,114.296655,30.597671,解放大道1166号(三阳路地铁站H口步行230米),商务写字楼,,120201,商务住宅,楼宇,商务写字楼
融汇广场写字楼,114.297017,30.597518,三阳路融汇广场(三阳路地铁站H口步行220米),商务写字楼,,120201,商务住宅,楼宇,商务写字楼
融创融汇广场A1座,114.297048,30.597584,融汇广场写字楼(三阳路地铁站H口步行170米),商务写字楼,,120201,商务住宅,楼宇,商务写字楼
纽宾凯国际酒店写字楼,114.272965,30.592318,新华街办事处新华路151号,商务写字楼,,120201,商务住宅,楼宇,商务写字楼
浙商大厦A座,114.285798,30.605681,建设大道718号浙商大厦(香港路地铁站D口旁),商务写字楼,,120201,商务住宅,楼宇,商务写字楼
禧邦可广场(香港路),114.284594,30.606075,建设大道931号(香港路地铁站D口步行120米),商务写字楼,,120201,商务住宅,楼宇,商务写字楼
金冠大厦232号楼,114.290225,30.605475,建设大道澳门路232号金冠大厦,商务写字楼,,120201,商务住宅,楼宇,商务写字楼
金冠大厦(澳门路),114.290247,30.605486,建设大道澳门路232号,商务写字楼,,120201,商务住宅,楼宇,商务写字楼
香港路218号华氏花园综合楼,114.283225,30.606475,香港路218号华氏儒商花园,商务写字楼,,120201,商务住宅,楼宇,商务写字楼
花半里,114.298206,30.597345,球场街街道球场街办事处球场街融科天城三期,商务写字楼,,120201,商务住宅,楼宇,商务写字楼
团市委机关楼,114.278617,30.605269,香江西路1号(菱角湖地铁站C口步行320米),商务写字楼,,120201,商务住宅,楼宇,商务写字楼
华氏大厦,114.283244,30.606553,香港路218号华氏儒商花园,商务写字楼,,120201,商务住宅,楼宇,商务写字楼
民福金宝大厦A座,114.301575,30.595075,一元街办事处中山大道961号民福金堡大厦,商务写字楼,,120201,商务住宅,楼宇,商务写字楼
融科天城创意工坊B座,114.299952,30.597788,解放大道与三阳路交汇处融科·天城4期T21栋1-4层,商务写字楼,,120201,商务住宅,楼宇,商务写字楼
融科天城创意工坊C座,114.299158,30.597754,融科·天城4期T22栋1-4层,商务写字楼,,120201,商务住宅,楼宇,商务写字楼
融科天城创意工坊A座,114.300401,30.59809,融科·天城4期T20栋1-4层(三阳路地铁站K1口旁),商务写字楼,,120201,商务住宅,楼宇,商务写字楼
江花综合大楼,114.301669,30.597906,三阳路55号(三阳路地铁站K2口旁),商务写字楼,,120201,商务住宅,楼宇,商务写字楼
江花综合大楼A座,114.301973,30.597847,三阳路55号江花综合大楼,商务写字楼,,120201,商务住宅,楼宇,商务写字楼
包豪斯大厦,114.304517,30.595832,二曜小路与胜利街交叉口西40米,商务写字楼,,120201,商务住宅,楼宇,商务写字楼
包豪斯大厦B,114.304525,30.595825,包豪斯大厦(三阳路地铁站L4口步行440米),商务写字楼,,120201,商务住宅,楼宇,商务写字楼
包豪斯大厦A栋,114.304625,30.595825,二曜小路与胜利街交叉口西40米,商务写字楼,,120201,商务住宅,楼宇,商务写字楼
三阳广场A座,114.301171,30.599143,三阳路128号三阳广场(三阳路地铁站C2口步行80米),商务写字楼,,120201,商务住宅,楼宇,商务写字楼
三阳广场写字楼,114.300911,30.59921,三阳路128号三阳广场(三阳路地铁站D口步行70米),商务写字楼,,120201,商务住宅,楼宇,商务写字楼
永胜大厦A座,114.305025,30.595275,胜利街208号永胜大厦,商务写字楼,,120201,商务住宅,楼宇,商务写字楼
三阳广场B座,114.300708,30.599522,三阳路128号三阳广场(三阳路地铁站D口旁),商务写字楼,,120201,商务住宅,楼宇,商务写字楼
汇金广场,114.302661,30.599402,四唯街办事处三阳路麟趾社区门口,商务写字楼,,120201,商务住宅,楼宇,商务写字楼
匠心城·三阳中心,114.305002,30.597866,中山大道与三阳路交叉口东20米,商务写字楼,,120201,商务住宅,楼宇,商务写字楼
新长江国际B座,114.301297,30.600154,京汉大道与麟趾路交叉口西南约100米,商务写字楼,,120201,商务住宅,楼宇,商务写字楼
新长江国际大厦,114.301081,30.600263,解放大道1208号(三阳路地铁站C2口步行70米),商务写字楼,,120201,商务住宅,楼宇,商务写字楼
金益大厦,114.304622,30.598827,中山大道1358号(三阳路地铁站L3口步行130米),商务写字楼,,120201,商务住宅,楼宇,商务写字楼
世诺国际大厦A区101号,114.30085,30.600575,解放大道1208号新长江国际大厦A座,商务写字楼,,120201,商务住宅,楼宇,商务写字楼
新长江国际大厦A座,114.30064,30.600598,解放大道1208号(三阳路地铁站C1口步行130米),商务写字楼,,120201,商务住宅,楼宇,商务写字楼
新长江国际C座,114.301012,30.600576,解放大道1208号新长江国际大厦,商务写字楼,,120201,商务住宅,楼宇,商务写字楼
匠心城三阳中心B座,114.306025,30.598025,匠心城·三阳中心(三阳路地铁站L3口步行340米),商务写字楼,,120201,商务住宅,楼宇,商务写字楼
中信建筑设计研究总院科技大楼,114.305174,30.599206,四唯路8号(三阳路地铁站L3口步行280米),商务写字楼,,120201,商务住宅,楼宇,商务写字楼
天悦星晨,114.306825,30.596775,三阳路8号天悦外滩金融中心,商务写字楼,,120201,商务住宅,楼宇,商务写字楼
天悦星辰A栋写字楼,114.306925,30.596825,三阳路8号天悦外滩金融中心A栋,商务写字楼,,120201,商务住宅,楼宇,商务写字楼
木材大楼,114.307175,30.595925,三阳路与沿江大道交叉口西40米,商务写字楼,,120201,商务住宅,楼宇,商务写字楼
稷园大厦,114.304275,30.602075,解放公园路与京汉大道交叉口东南60米,商务写字楼,,120201,商务住宅,楼宇,商务写字楼
中国市政工程中南设计研究总院有限公司老大楼,114.30058,30.603299,解放公园路41号,商务写字楼,,120201,商务住宅,楼宇,商务写字楼
长江航道大厦,114.304216,30.602543,解放公园路20号(三阳路地铁站B口步行390米),商务写字楼,,120201,商务住宅,楼宇,商务写字楼
中国市政工程中南设计研究总院有限公司新大楼,114.305502,30.602215,解放公园路8号(三阳路地铁站B口步行460米),商务写字楼,,120201,商务住宅,楼宇,商务写字楼
合福大厦,114.308025,30.600225,胜利街与五福小路交叉口东南40米,商务写字楼,,120201|120302,商务住宅,楼宇,商务写字楼
金涛五福大厦,114.308045,30.600235,胜利街230号,商务写字楼,,120201,商务住宅,楼宇,商务写字楼
六合新界写字楼,114.307671,30.600996,胜利街315号六合新界,商务写字楼,,120201,商务住宅,楼宇,商务写字楼
三峡集团总部综合楼,114.309286,30.599127,六合路1号中国三峡,商务写字楼,,120201,商务住宅,楼宇,商务写字楼
中轻大楼,114.300669,30.604137,解放公园路30号附12号,商务写字楼,,120201,商务住宅,楼宇,商务写字楼
长江之门·武汉商会大厦(建设中),114.309068,30.598623,沿江大道与五福路交叉口西南40米,商务写字楼,,120201,商务住宅,楼宇,商务写字楼
都市产业大厦A栋,114.305925,30.602675,中山大道与纯阳街交叉口西60米,商务写字楼,,120201,商务住宅,楼宇,商务写字楼
都市产业大厦,114.305949,30.602695,中山大道与纯阳街交叉口西60米,商务写字楼,,120201,商务住宅,楼宇,商务写字楼
水务综合大楼,114.307328,30.601769,六合路28号,商务写字楼,,120201,商务住宅,楼宇,商务写字楼
司法大楼,114.307831,30.601518,六合路6号六合大厦,商务写字楼,,120201,商务住宅,楼宇,商务写字楼
六合大厦(六合路),114.307831,30.601518,六合路6号,商务写字楼,,120201,商务住宅,楼宇,商务写字楼
六合大厦六合路8号B栋,114.307825,30.601525,六合路6号六合大厦,商务写字楼,,120201,商务住宅,楼宇,商务写字楼
六合苑,114.308801,30.600992,六合路与胜利街交叉口东60米,商务写字楼,,120201,商务住宅,楼宇,商务写字楼
楚剧院文化大楼,114.301925,30.606025,劳动街道解放大道1811号艺苑社区,商务写字楼,,120201,商务住宅,楼宇,商务写字楼
华通大厦(解放公园路),114.295602,30.605634,解放公园路45号附5号,商务写字楼,,120201,商务住宅,楼宇,商务写字楼
融通中心,114.311037,30.602216,山海关路与沿江大道交叉口西北40米,商务写字楼,,120201,商务住宅,楼宇,商务写字楼
银浩大厦,114.304915,30.606297,解放大道1320号(黄浦路地铁站J口步行220米),商务写字楼,,120201,商务住宅,楼宇,商务写字楼
滨江苑大厦写字楼,114.309875,30.603775,胜利街300号滨江苑,商务写字楼,,120201,商务住宅,楼宇,商务写字楼
滨江苑(胜利街),114.309899,30.603777,江岸胜利街300号,商务写字楼,,120201,商务住宅,楼宇,商务写字楼
武汉市江岸区胜利街330号省气象局综合楼,114.309875,30.603875,胜利街300号滨江苑,商务写字楼,,120201,商务住宅,楼宇,商务写字楼
中原大厦C栋,114.305349,30.606944,汉口解放大道1328号中原大厦,商务写字楼,,120201,商务住宅,楼宇,商务写字楼
中原大厦,114.305324,30.606999,汉口解放大道1328号(黄浦路地铁站J口步行140米),商务写字楼,,120201,商务住宅,楼宇,商务写字楼
中邮大楼,114.31061,30.604054,永清街办事处张自忠路,商务写字楼,,120201,商务住宅,楼宇,商务写字楼
中原大厦A栋,114.305327,30.607022,汉口解放大道1328号中原大厦,商务写字楼,,120201,商务住宅,楼宇,商务写字楼
吟风阁E座,114.312925,30.605475,芦沟桥路1号怡景花园,商务写字楼,,120201,商务住宅,楼宇,商务写字楼
中石化长燃大厦,114.3099,30.60563,旅顺路1号(黄浦路地铁站A口步行480米),商务写字楼,,120201,商务住宅,楼宇,商务写字楼
武汉天地5号楼,114.310836,30.607105,芦沟桥路28号武汉新天地,商务写字楼,,120201,商务住宅,楼宇,商务写字楼
国铁城投中心裙楼,114.329749,30.595005,国铁城投中心,商务写字楼,,120201,商务住宅,楼宇,商务写字楼
国铁城投中心写字楼,114.329849,30.593774,国铁城投中心,商务写字楼,,120201,商务住宅,楼宇,商务写字楼
国铁城投中心(建设中),114.330105,30.594368,临江大道与规划道路交汇处,商务写字楼,,120201,商务住宅,楼宇,商务写字楼
悦江中心,114.336497,30.592517,徐家棚街道和平大道与徐东大街交汇处汇通新长江中心旁边,商务写字楼,,120201,商务住宅,楼宇,商务写字楼
汇通新长江中心A座,114.337235,30.59301,徐东大街6号汇通新长江中心,商务写字楼,,120201,商务住宅,楼宇,商务写字楼
汇通新长江中心,114.337472,30.593266,徐东大街6号(徐家棚地铁站R口步行340米),商务写字楼,,120201,商务住宅,楼宇,商务写字楼
汇通新长江中心B座,114.337702,30.593423,徐东大街与和平大道交叉口南100米,商务写字楼,,120201,商务住宅,楼宇,商务写字楼
和平大厦,114.343855,30.597551,和平大道729对面杨园街电力新村社区,商务写字楼,,120201,商务住宅,楼宇,商务写字楼
徐东城市广场C栋,114.344286,30.597283,林茂路与才林街交叉口西南140米,商务写字楼,,120201,商务住宅,楼宇,商务写字楼
徐东城市广场,114.344844,30.597567,林茂路与才林街交叉口西南100米,商务写字楼,,120201,商务住宅,楼宇,商务写字楼
徐东城市广场D栋,114.344995,30.597447,林茂路与才林街交叉口南100米,商务写字楼,,120201,商务住宅,楼宇,商务写字楼
劲牌大厦(建设中),114.331254,30.595802,临江大道726号,商务写字楼,,120201,商务住宅,楼宇,商务写字楼
保利滨江中心写字楼,114.34782,30.596002,友谊大道637号保利·铂樾公馆,商务写字楼,,120201,商务住宅,楼宇,商务写字楼
保利滨江中心1号楼,114.347925,30.595875,友谊大道637号保利·铂樾公馆,商务写字楼,,120201,商务住宅,楼宇,商务写字楼
光明大厦,114.346672,30.597624,光明馨城(杨园铁四院地铁站B口步行460米),商务写字楼,,120201,商务住宅,楼宇,商务写字楼
光明大厦B座,114.346926,30.597526,才林街万科润园东北侧,商务写字楼,,120201,商务住宅,楼宇,商务写字楼
千禧写字楼,114.34909,30.595697,友谊大道528号千禧名苑,商务写字楼,,120201,商务住宅,楼宇,商务写字楼
WYGJ(万盈国际店),114.351537,30.597541,万盈国际广场,商务写字楼,,120201,商务住宅,楼宇,商务写字楼
山河湖北大厦,114.35151,30.598173,友谊大道536号恒庆花园,商务写字楼,,120201,商务住宅,楼宇,商务写字楼
万盈国际广场,114.352272,30.597668,杨园街办事处友谊大道与才茂街交汇处江南花园1楼交通银行旁,商务写字楼,,120201,商务住宅,楼宇,商务写字楼
万盈国际广场1号楼,114.352275,30.597675,纺机路与友谊大道辅路交叉口东南120米,商务写字楼,,120201,商务住宅,楼宇,商务写字楼
中博大厦,114.351146,30.599333,杨园街办事处友谊大道才茂街口,商务写字楼,,120201,商务住宅,楼宇,商务写字楼
他她喜事广场A座,114.351282,30.599222,友谊大道辅路与才茂街交叉口东北80米,商务写字楼,,120201,商务住宅,楼宇,商务写字楼
万科金域华府写字楼,114.350832,30.599689,友谊大道纺机路29号金域华府商业中心,商务写字楼,,120201,商务住宅,楼宇,商务写字楼
金域华府商业中心B座,114.350957,30.59973,杨园街街道友谊大道纺机路29号金域华府商业中心,商务写字楼,,120201,商务住宅,楼宇,商务写字楼
纺机路B座,114.351525,30.599575,杨园街办事处友谊大道才茂街口中博大厦,商务写字楼,,120201,商务住宅,楼宇,商务写字楼
中铁第四勘察设计院集团有限公司2号楼,114.344002,30.602457,和平大道745号中铁第四勘察设计院集团有限公司,商务写字楼,,120201,商务住宅,楼宇,商务写字楼
铁四院新大楼,114.345351,30.602846,和平大道辅路与施家墩路交叉口西100米,商务写字楼,,120201,商务住宅,楼宇,商务写字楼
武钢集团有限公司大楼,114.353857,30.599015,友谊大道999号,商务写字楼,,120201,商务住宅,楼宇,商务写字楼
武汉钢铁(集团)公司(友谊大道),114.353976,30.599043,友谊大道999号武钢集团有限公司大楼F1层,商务写字楼,,120201|170200,商务住宅,楼宇,商务写字楼
柴林头写字楼,114.348059,30.603454,武汉春风里,商务写字楼,,120201,商务住宅,楼宇,商务写字楼
龙凯大厦1幢,114.347158,30.604001,和平大道749-1号龙凯大厦,商务写字楼,,120201,商务住宅,楼宇,商务写字楼
融侨城A座,114.345613,30.606341,融侨城1期,商务写字楼,,120201,商务住宅,楼宇,商务写字楼
武汉中交大厦B栋,114.355475,30.602725,中交大厦,商务写字楼,,120201,商务住宅,楼宇,商务写字楼
保利城2期A座,114.358849,30.596671,保利城2期,商务写字楼,,120201,商务住宅,楼宇,商务写字楼
保利城二期B座,114.359431,30.595132,铁机路与铁园路交叉口西北160米,商务写字楼,,120201,商务住宅,楼宇,商务写字楼
汉力文体办公楼,114.364677,30.598357,铁机集团才汇巷33号武汉铁机集团都市制造园,商务写字楼,,120201,商务住宅,楼宇,商务写字楼
汉力综合楼,114.365594,30.598652,铁机集团才汇巷33号武汉铁机集团都市制造园,商务写字楼,,120201,商务住宅,楼宇,商务写字楼
招商中心,114.366625,30.600425,才汇巷特1号诺展星座,商务写字楼,,120201,商务住宅,楼宇,商务写字楼
华城广场写字楼,114.361491,30.603283,徐东友谊大道676号华城广场,商务写字楼,,120201,商务住宅,楼宇,商务写字楼
瑞丰国际大厦,114.376809,30.598353,园林路与团结大道交叉口南120米,商务写字楼,,120201,商务住宅,楼宇,商务写字楼
瑞丰国际大厦20栋,114.377001,30.598361,园林路与团结大道交叉口南120米,商务写字楼,,120201,商务住宅,楼宇,商务写字楼
欢乐大厦1号,114.38305,30.59235,欢乐大道欢乐星城,商务写字楼,,120201,商务住宅,楼宇,商务写字楼
金地自在城K2三期4号商业楼,114.381875,30.602425,团结大道与三弓路交叉口东北100米,商务写字楼,,120201,商务住宅,楼宇,商务写字楼
金地自在城K2A座,114.380691,30.603464,金地自在城K2区(园林路地铁站F口步行400米),商务写字楼,,120201,商务住宅,楼宇,商务写字楼
金地广场写字楼A座,114.383275,30.603774,金地广场-西区,商务写字楼,,120201,商务住宅,楼宇,商务写字楼
金地企业中心,114.383163,30.604042,团结大道金地广场A座,商务写字楼,,120201,商务住宅,楼宇,商务写字楼
金地广场浩酷,114.383625,30.603975,和平街道团结大道1335号金地广场B1层,商务写字楼,,060306|120201,购物服务,,
金地自在城K2K2-B座商业楼,114.383875,30.604175,丰园路与团结大道交叉口西160米,商务写字楼,,120201,商务住宅,楼宇,商务写字楼
K3商业体,114.385475,30.604225,金地广场东区(仁和路地铁站A口步行400米),商务写字楼,,120201,商务住宅,楼宇,商务写字楼
华侨城行政办公大楼,114.39182,30.593915,欢乐大道186号OCT华侨城,商务写字楼,,120201,商务住宅,楼宇,商务写字楼
OCT华侨城,114.391656,30.593615,欢乐大道186号,商务写字楼,,120201,商务住宅,楼宇,商务写字楼
OCT办公楼,114.391675,30.593625,欢乐大道186号OCT华侨城,商务写字楼,,120201,商务住宅,楼宇,商务写字楼
东湖和平汽车园D座,114.392116,30.598342,仁和路与沙湖大道交叉口北180米,商务写字楼,,120201,商务住宅,楼宇,商务写字楼
东湖和平汽车园C座,114.392065,30.598573,和平汽车工业园,商务写字楼,,120201,商务住宅,楼宇,商务写字楼
华侨城办公楼,114.395275,30.594425,欢乐大道186号OCT华侨城,商务写字楼,,120201,商务住宅,楼宇,商务写字楼
东湖和平汽车园A座,114.391515,30.599463,和平汽车工业园,商务写字楼,,120201,商务住宅,楼宇,商务写字楼
金地广场东区-3栋三号商业楼,114.386225,30.604525,金地广场东区3栋(仁和路地铁站D口步行350米),商务写字楼,,120201,商务住宅,楼宇,商务写字楼
金地广场写字楼,114.386178,30.604574,金地广场东区(仁和路地铁站D口步行350米),商务写字楼,,120201,商务住宅,楼宇,商务写字楼
匠心城·仁和路,114.387667,30.605066,仁和路d出口(仁和路地铁站A口步行250米),商务写字楼,,120201,商务住宅,楼宇,商务写字楼
匠心城写字楼B栋,114.38585,30.604785,丰园路与团结大道交叉口北140米,商务写字楼,,120201,商务住宅,楼宇,商务写字楼
匠心城写字楼,114.388525,30.605575,仁和路与团结大道交叉口西北60米(仁和路地铁站D口旁),商务写字楼,,120201,商务住宅,楼宇,商务写字楼
铁狮仁和中心,114.388342,30.605614,仁和路166号,商务写字楼,,120201,商务住宅,楼宇,商务写字楼
仁和中心B座,114.388025,30.605825,仁和路与团结大道交叉口西北120米,商务写字楼,,120201,商务住宅,楼宇,商务写字楼
金地自在城K3K3-3栋商业楼,114.385725,30.605625,金地自在城K3区,商务写字楼,,120201,商务住宅,楼宇,商务写字楼
金地自在城K2B座,114.386075,30.606025,金地自在城K3区,商务写字楼,,120201,商务住宅,楼宇,商务写字楼
爱谷国际,114.386772,30.607234,丰福路与仁和路交叉口西南140米,商务写字楼,,120201,商务住宅,楼宇,商务写字楼
花样年幸福万象A2座公寓,114.387427,30.608201,仁和路138号花样年幸福万象,商务写字楼,,120201,商务住宅,楼宇,商务写字楼
东湖时代中心,114.421405,30.602565,和谐路首开华侨城金茂东湖金茂府B03栋,商务写字楼,,120201,商务住宅,楼宇,商务写字楼
沙湖果品批发市场办公楼,114.430753,30.593414,沙湖果品市场,商务写字楼,,120201,商务住宅,楼宇,商务写字楼
武汉站杨春湖客运换乘中心大楼,114.427223,30.605578,和平街道白云路武汉站,商务写字楼,,120201,商务住宅,楼宇,商务写字楼
丰汇国际,114.172885,30.613906,长丰大道17号微加空间数智文创产业园1号楼2-10,商务写字楼,,120201,商务住宅,楼宇,商务写字楼
轻轨交通舵落口站综合楼,114.168325,30.610475,工农路与长丰大道交叉口东80米,商务写字楼,,120201,商务住宅,楼宇,商务写字楼
华生汉口城市广场D13栋,114.175724,30.622053,华生·汉口城市广场三期,商务写字楼,,120201,商务住宅,楼宇,商务写字楼
硚口区公共卫生服务大楼,114.164725,30.612675,工农路与园博大道交叉口西80米,商务写字楼,,120201,商务住宅,楼宇,商务写字楼
是方大厦,114.198866,30.608795,长丰大道辅路与丰逸路交叉口西南100米,商务写字楼,,120201,商务住宅,楼宇,商务写字楼
是方大厦1栋,114.19885,30.60875,长丰大道辅路与丰逸路交叉口西南100米,商务写字楼,,120201,商务住宅,楼宇,商务写字楼
汇丰企业天地-名企SOHO,114.198348,30.613788,汇丰·企业天地,商务写字楼,,120201,商务住宅,楼宇,商务写字楼
汇丰·企业天地丰荣楼,114.199347,30.613612,长风路1号附近,商务写字楼,,120201,商务住宅,楼宇,商务写字楼
汇丰·企业天地丰雍楼,114.20018,30.61355,长丰街道长丰村附近,商务写字楼,,120201,商务住宅,楼宇,商务写字楼
汇丰·企业天地汇德楼,114.199657,30.614161,丰盛路与长风路交叉口东北200米,商务写字楼,,120201,商务住宅,楼宇,商务写字楼
汇丰·企业天地丰隆楼,114.200937,30.613462,汇丰·企业天地,商务写字楼,,120201,商务住宅,楼宇,商务写字楼
硚口国家电子商务示范基地电子商务大楼,114.200942,30.613705,汇丰·企业天地19栋,商务写字楼,,120201,商务住宅,楼宇,商务写字楼
汇丰·企业天地铂金座,114.200702,30.614267,古田二路辅路与长久路交叉口西180米,商务写字楼,,120201,商务住宅,楼宇,商务写字楼
汇丰·企业天地,114.200224,30.614877,古田二路与长风路交汇处,商务写字楼,,120201,商务住宅,楼宇,商务写字楼
汇丰·企业天地汇贤楼,114.200608,30.615267,汇丰·企业天地,商务写字楼,,120201,商务住宅,楼宇,商务写字楼
常发科技大厦,114.20332,30.610614,长丰大道与古田二路交汇东北处,商务写字楼,,120201,商务住宅,楼宇,商务写字楼
翡翠中心B栋,114.205525,30.609475,长丰大道辅路与丰美路交叉口西北100米,商务写字楼,,120201,商务住宅,楼宇,商务写字楼
蓝焰电商中心,114.199693,30.620895,古田二路223号蓝焰物流园东309,商务写字楼,,120201|170200,商务住宅,楼宇,商务写字楼
爱之家长丰二手车市场综合服务大楼,114.226485,30.609045,长丰大道常码头888号武汉市爱之家长丰二手车市场,商务写字楼,,120201,商务住宅,楼宇,商务写字楼
交易大楼,114.226625,30.608825,常码头路与长丰大道辅路交叉口北300米,商务写字楼,,120201,商务住宅,楼宇,商务写字楼
吉和昌大厦,114.232866,30.618196,江达路特8号汉兴都市工业园,商务写字楼,,120201,商务住宅,楼宇,商务写字楼
邮政通信大楼,114.230628,30.620922,江旺路与发展四路交叉口东80米,商务写字楼,,120201,商务住宅,楼宇,商务写字楼
中贝通信大厦1号楼,114.226425,30.622225,江兴路1号中贝通信大厦(园博园地铁站F口步行310米),商务写字楼,,120201,商务住宅,楼宇,商务写字楼
乔万尼时尚创意中心,114.230369,30.621599,江汉经济开发区江旺路发展四路,商务写字楼,,120201,商务住宅,楼宇,商务写字楼
轻机大厦,114.229075,30.622225,轻机智能产业园,商务写字楼,,120201,商务住宅,楼宇,商务写字楼
影狐科技2号楼,114.229975,30.622125,江汉经济开发区江兴路18号影狐科技,商务写字楼,,120201,商务住宅,楼宇,商务写字楼
思维同创大厦,114.233754,30.620473,发展三路与江发路交叉口东南60米,商务写字楼,,120201,商务住宅,楼宇,商务写字楼
新金科技企业孵化器管理有限公司B栋,114.229075,30.622425,江汉经济开发区江汉经济开发区发展四路1号新金科技企业孵化器管理有限公司,商务写字楼,,120100|120201,商务住宅,,
思维同创B座,114.233913,30.620385,思维同创大厦,商务写字楼,,120201,商务住宅,楼宇,商务写字楼
影狐科技B栋,114.230075,30.622225,江汉经济开发区江兴路18号影狐科技,商务写字楼,,120201,商务住宅,楼宇,商务写字楼
柚米国际社区(常青公园店)-A座,114.233656,30.620652,柚米国际社区(常青公园店),商务写字楼,,120201,商务住宅,楼宇,商务写字楼
思维同创A座,114.233884,30.620519,江发路与发展三路交叉口东60米,商务写字楼,,120201,商务住宅,楼宇,商务写字楼
贺家墩高新技术中心大楼,114.233919,30.620843,江发路与发展三路交叉口东60米,商务写字楼,,120201,商务住宅,楼宇,商务写字楼
动画制作大楼,114.231875,30.622075,江汉经济开发区江旺路9号,商务写字楼,,120201,商务住宅,楼宇,商务写字楼
远洋汉口中心K6写字楼,114.24687,30.61373,常青路79号远洋汉口中心,商务写字楼,,120201,商务住宅,楼宇,商务写字楼
泛海CBD生活广场,114.249425,30.611025,常青路296号天时大厦,商务写字楼,,120201,商务住宅,楼宇,商务写字楼
天时大厦,114.249445,30.611024,常青路296号,商务写字楼,,120201,商务住宅,楼宇,商务写字楼
丰梨苑中心阁,114.248642,30.61352,复兴立交与常青路辅路交叉口北60米,商务写字楼,,120201,商务住宅,楼宇,商务写字楼
恒智中心,114.248246,30.614425,常青路66号,商务写字楼,,120201,商务住宅,楼宇,商务写字楼
医养大楼,114.243625,30.618175,常青路与常青一路交叉口西南100米,商务写字楼,,120201|090000,商务住宅,楼宇,商务写字楼
武汉恒大中心,114.250465,30.609541,恒大中心写字楼负一,商务写字楼,,120201,商务住宅,楼宇,商务写字楼
宜企空间汉口恒大中心社区,114.25048,30.609716,恒大中心,商务写字楼,,120201,商务住宅,楼宇,商务写字楼
武汉科技大厦,114.250392,30.611879,发展大道164号,商务写字楼,,120201,商务住宅,楼宇,商务写字楼
海港人寿大厦,114.250679,30.609509,恒大中心,商务写字楼,,120201,商务住宅,楼宇,商务写字楼
王家墩广场B栋,114.252175,30.609625,新长江CBD中心,商务写字楼,,120201,商务住宅,楼宇,商务写字楼
风向大厦,114.252335,30.609948,新长江CBD中心,商务写字楼,,120201,商务住宅,楼宇,商务写字楼
新长江CBD中心A1写字楼,114.252497,30.610203,新长江CBD中心,商务写字楼,,120201,商务住宅,楼宇,商务写字楼
新长江CBD中心,114.252512,30.610184,后襄河北路与后襄河一路交叉口西100米,商务写字楼,,120201,商务住宅,楼宇,商务写字楼
新长江CBD中心C栋,114.252505,30.610757,后襄河一路与后襄河北路交叉口西北120米,商务写字楼,,120201,商务住宅,楼宇,商务写字楼
新长江CBDA栋,114.252544,30.61015,新长江CBD中心,商务写字楼,,120201,商务住宅,楼宇,商务写字楼
旅游大楼,114.252227,30.613036,发展大道与后襄河一路交叉口东80米,商务写字楼,,120201,商务住宅,楼宇,商务写字楼
新港投大楼,114.252315,30.61307,发展大道与后襄河一路交叉口东100米,商务写字楼,,120201,商务住宅,楼宇,商务写字楼
王家墩广场C栋,114.252825,30.610825,后襄河一路与后襄河北路交叉口西北100米,商务写字楼,,120201,商务住宅,楼宇,商务写字楼
合亿达瑞秋中心B区,114.236765,30.620865,江达路与发展二路交叉口东北80米,商务写字楼,,120201,商务住宅,楼宇,商务写字楼
小中大厦,114.252325,30.613683,发展大道181号距汉口火车站地铁站328米,商务写字楼,,120201,商务住宅,楼宇,商务写字楼
武汉邮政分公司西院办公楼,114.251275,30.615775,银墩街辅路与银墩路交叉口南100米,商务写字楼,,120201,商务住宅,楼宇,商务写字楼
微立方新创办公空间76号楼,114.23525,30.62115,江发路12号微立方新创办公空间(微立方一期),商务写字楼,,120100|120201,商务住宅,,
爱帝研发楼,114.23602,30.621938,汉口创业中心爱帝楼(发展一路),商务写字楼,,120201,商务住宅,楼宇,商务写字楼
怡景商务大厦A座,114.253957,30.613241,琼楼里588(汉口火车站地铁站B口步行480米),商务写字楼,,120201,商务住宅,楼宇,商务写字楼
怡景商务大厦,114.254037,30.613022,琼楼里588号(汉口火车站地铁站D1口步行160米),商务写字楼,,120201,商务住宅,楼宇,商务写字楼
怡景商务大厦B座,114.254137,30.612836,琼楼里588,商务写字楼,,120201,商务住宅,楼宇,商务写字楼
汉口创业中心爱帝楼(发展一路),114.236998,30.622472,汉口创业中心,商务写字楼,,120201,商务住宅,楼宇,商务写字楼
海马公园写字楼,114.254925,30.611825,后襄河北路59号海马公园,商务写字楼,,120201,商务住宅,楼宇,商务写字楼
兴城大厦A座,114.254593,30.613369,发展大道176号(汉口火车站地铁站C口步行450米),商务写字楼,,120201,商务住宅,楼宇,商务写字楼
兴城大厦,114.254686,30.613493,发展大道176号(汉口火车站地铁站C口步行390米),商务写字楼,,120201,商务住宅,楼宇,商务写字楼
兴城大厦B座,114.254707,30.613485,发展大道176号(汉口火车站地铁站D2口步行480米),商务写字楼,,120201,商务住宅,楼宇,商务写字楼
武汉博物馆办公楼,114.255989,30.611106,青年路373号武汉博物馆,商务写字楼,,120201,商务住宅,楼宇,商务写字楼
海马公园营销中心写字楼,114.255616,30.612105,后襄河北路59号海马公园,商务写字楼,,120201,商务住宅,楼宇,商务写字楼
运管大厦,114.256775,30.612625,青年路辅路与后襄河北路交叉口西40米,商务写字楼,,120201,商务住宅,楼宇,商务写字楼
金涛鸿公馆A座,114.255275,30.613046,发展大道176号金涛鸿公馆,商务写字楼,,120201,商务住宅,楼宇,商务写字楼
湖北捷龙大厦,114.255538,30.613437,发展大道与青年路交叉口西南140米,商务写字楼,,120201,商务住宅,楼宇,商务写字楼
捷龙大厦外卖柜,114.255625,30.613475,捷龙大厦(汉口火车站地铁站B口步行400米),商务写字楼,,120201|070000,商务住宅,楼宇,商务写字楼
房开大厦,114.258869,30.611199,牯牛洲街与青年路交汇处(范湖地铁站J口步行430米),商务写字楼,,120201,商务住宅,楼宇,商务写字楼
武汉天街写字楼5栋,114.258354,30.612214,青年路辅路与马场路交叉口东南80米,商务写字楼,,120201,商务住宅,楼宇,商务写字楼
捷龙大厦1栋,114.255475,30.613625,发展大道与汉口站西路交叉口东南80米,商务写字楼,,120201,商务住宅,楼宇,商务写字楼
武汉江汉区湖北交投捷龙大厦物业,114.255383,30.61379,捷龙大厦(汉口火车站地铁站B口步行380米),商务写字楼,,120201,商务住宅,楼宇,商务写字楼
葛洲坝国际广场写字楼,114.259312,30.609045,葛洲坝国际广场北区(范湖地铁站J口步行180米),商务写字楼,,120201,商务住宅,楼宇,商务写字楼
湖北移动综合大楼,114.25629,30.613748,发展大道180号(汉口火车站地铁站D1口步行240米),商务写字楼,,120201,商务住宅,楼宇,商务写字楼
企业服务大楼,114.257752,30.613398,青年路560号(汉口火车站地铁站D2口步行360米),商务写字楼,,120201,商务住宅,楼宇,商务写字楼
武汉市江汉区金家墩特1号武汉天街第一号办公楼,114.259225,30.612075,金家墩特1号天街公园里,商务写字楼,,120201,商务住宅,楼宇,商务写字楼
方块金贸中心,114.258625,30.612925,邬家墩159号金贸大厦(马场路),商务写字楼,,120201,商务住宅,楼宇,商务写字楼
金贸大厦D座(马场路),114.258486,30.613067,邬家墩159号,商务写字楼,,120201,商务住宅,楼宇,商务写字楼
搜房控股大厦,114.259294,30.612222,青年路金家墩特1号武汉天街,商务写字楼,,120201,商务住宅,楼宇,商务写字楼
金贸大厦(马场路),114.258632,30.613135,邬家墩159号(汉口火车站地铁站D1口步行480米),商务写字楼,,120201,商务住宅,楼宇,商务写字楼
房天下大厦,114.259526,30.612209,武汉天街6栋,商务写字楼,,120201,商务住宅,楼宇,商务写字楼
中金寰华大厦,114.259912,30.608367,青年路528号葛洲坝国际广场,商务写字楼,,120201,商务住宅,楼宇,商务写字楼
天街公园里,114.259549,30.61256,金家墩特1号(青年路市博物馆正对面),商务写字楼,,120201,商务住宅,楼宇,商务写字楼
创富广场,114.259577,30.612531,金家墩特1号天街公园里,商务写字楼,,120201,商务住宅,楼宇,商务写字楼
天丰综合楼,114.254625,30.614825,欧亚达汉口生活MALL,商务写字楼,,120201,商务住宅,楼宇,商务写字楼
武汉天街-写字楼,114.260115,30.612372,金家墩特1号天街公园里,商务写字楼,,120201,商务住宅,楼宇,商务写字楼
东方商都A座,114.258377,30.615566,发展大道185号东方商都,商务写字楼,,120201,商务住宅,楼宇,商务写字楼
东方商都,114.259124,30.615762,发展大道185号(汉口火车站地铁站D2口步行450米),商务写字楼,,120201,商务住宅,楼宇,商务写字楼
创业大厦,114.254165,30.616936,武汉石油大厦(汉口火车站地铁站A口步行110米),商务写字楼,,120201,商务住宅,楼宇,商务写字楼
武汉台湾风情广场,114.254306,30.617027,金家墩特1号(汉口火车站地铁站A口步行120米),商务写字楼,,120201,商务住宅,楼宇,商务写字楼
葛洲坝国际广场南区A栋写字楼,114.262475,30.607075,葛洲坝国际广场南区A座(范湖地铁站F口步行80米),商务写字楼,,120201,商务住宅,楼宇,商务写字楼
武汉市社会福利综合大楼,114.260958,30.6151,发展大道198号武汉市社会福利院,商务写字楼,,120201,商务住宅,楼宇,商务写字楼
奥里商务大厦,114.25409,30.617342,常青街办事处汉口火车站广场西侧(出站口),商务写字楼,,120201,商务住宅,楼宇,商务写字楼
武汉石油大厦,114.25415,30.617357,常青街办事处汉口火车站西广场,商务写字楼,,120201,商务住宅,楼宇,商务写字楼
军安大楼,114.259432,30.616455,金墩街与汉口站横路交叉口东南40米,商务写字楼,,120201,商务住宅,楼宇,商务写字楼
大武汉1911小区591-B座,114.262542,30.613982,马场路与新华路交叉口西120米,商务写字楼,,120201,商务住宅,楼宇,商务写字楼
财神商业广场,114.257963,30.617265,金墩街15号,商务写字楼,,120201,商务住宅,楼宇,商务写字楼
大武汉1911商业圈B栋,114.262369,30.614371,常青街道新华路1911添雅·1911·酒店,商务写字楼,,120201,商务住宅,楼宇,商务写字楼
大武汉1911写字楼A座,114.26268,30.613964,新华路589号大武汉1911,商务写字楼,,120201,商务住宅,楼宇,商务写字楼
财神广场楼c,114.258743,30.61708,金墩街15号财神商业广场,商务写字楼,,120201,商务住宅,楼宇,商务写字楼
大武汉1911商业圈F栋,114.262334,30.61478,新华路589号大武汉1911,商务写字楼,,120201,商务住宅,楼宇,商务写字楼
大武汉1911商业圈E栋,114.262145,30.61508,发展大道大武汉1911写字楼,商务写字楼,,120201,商务住宅,楼宇,商务写字楼
陕西大厦(金墩街),114.259371,30.617113,金墩街6号(汉口火车站地铁站D2口步行480米),商务写字楼,,120201,商务住宅,楼宇,商务写字楼
大武汉1911,114.262561,30.614804,新华路589号,商务写字楼,,120201,商务住宅,楼宇,商务写字楼
大武汉1911商业圈C栋,114.262932,30.614467,新华路589号大武汉1911,商务写字楼,,120201,商务住宅,楼宇,商务写字楼
武汉林业大厦,114.25922,30.617412,金墩街8号,商务写字楼,,120201,商务住宅,楼宇,商务写字楼
龙湖江宸国际写字楼,114.265125,30.606622,葛洲坝龙湖江宸(范湖地铁站F口步行340米),商务写字楼,,120201,商务住宅,楼宇,商务写字楼
华南国际广场8座,114.263832,30.615942,发展大道222号华南国际广场,商务写字楼,,120201,商务住宅,楼宇,商务写字楼
华南国际广场B1座,114.263874,30.615962,发展大道222号华南国际广场,商务写字楼,,120201,商务住宅,楼宇,商务写字楼
华南国际广场A座,114.263984,30.616029,发展大道222号,商务写字楼,,120201,商务住宅,楼宇,商务写字楼
万达广场6A座,114.267375,30.609925,新华路与马场角小路交叉口东北100米,商务写字楼,,120201,商务住宅,楼宇,商务写字楼
武汉菱角湖万达广场S1幢,114.267375,30.610675,唐家墩路5号万达广场(武汉菱角湖店),商务写字楼,,120201,商务住宅,楼宇,商务写字楼
江汉工会大楼,114.265837,30.616404,马场二路与发展大道交叉口西南60米,商务写字楼,,120201,商务住宅,楼宇,商务写字楼
万科圆方A1座,114.267375,30.614225,马场路136号万科·圆方,商务写字楼,,120201,商务住宅,楼宇,商务写字楼
铁狮控股大厦,114.26812,30.60733,新华路471号庭瑞时代,商务写字楼,,120201,商务住宅,楼宇,商务写字楼
菱角湖万达广场-A2座写字楼,114.268602,30.60987,唐家墩路5号万达广场(菱角湖店)1F层,商务写字楼,,120201,商务住宅,楼宇,商务写字楼
都市骊园,114.266452,30.616428,唐家墩街办事处发展大道236号,商务写字楼,,120201,商务住宅,楼宇,商务写字楼
武汉菱角湖万达广场BC区S4栋,114.269175,30.612259,马场路与马场一路交叉口东南200米,商务写字楼,,120201,商务住宅,楼宇,商务写字楼
万达广场A3座写字楼,114.269605,30.610187,唐家墩路5号万达广场(武汉菱角湖店)1F层,商务写字楼,,120201,商务住宅,楼宇,商务写字楼
美画轻奢菱角湖万达A3写字楼,114.269608,30.610185,唐家墩街道唐家墩路万达写字11楼1106,商务写字楼,,120201,商务住宅,楼宇,商务写字楼
江名书苑,114.260749,30.62251,常青一路210号学林华府,商务写字楼,,120201,商务住宅,楼宇,商务写字楼
菱湖上品B座,114.270804,30.611171,新华下路169号菱湖上品,商务写字楼,,120201,商务住宅,楼宇,商务写字楼
国创大厦A座,114.271846,30.61111,唐家墩路32号国创大厦,商务写字楼,,120201,商务住宅,楼宇,商务写字楼
国资大厦,114.271917,30.611052,唐家墩路32号,商务写字楼,,120201,商务住宅,楼宇,商务写字楼
菱角湖国创大厦医保中心,114.271775,30.611225,唐家墩路32号国创大厦,商务写字楼,,120201|130100,商务住宅,楼宇,商务写字楼
国创大厦C座,114.272075,30.610925,唐家墩路32号国创大厦,商务写字楼,,120201,商务住宅,楼宇,商务写字楼
国创大厦,114.27209,30.6109,唐家墩路32号,商务写字楼,,120201,商务住宅,楼宇,商务写字楼
国创大厦B座,114.272348,30.610778,唐家墩路32号国创大厦,商务写字楼,,120201,商务住宅,楼宇,商务写字楼
阳光大厦(唐家墩路),114.272115,30.612452,唐家墩路50号(三眼桥地铁站B口步行490米),商务写字楼,,120201,商务住宅,楼宇,商务写字楼
润为办公楼,114.273575,30.611475,香港路与马场路交叉口南180米,商务写字楼,,120201,商务住宅,楼宇,商务写字楼
鹏飞湖庭C座,114.275514,30.60937,菱角湖路与香港路交叉口南120米,商务写字楼,,120201,商务住宅,楼宇,商务写字楼
鹏飞湖庭A座,114.275514,30.60937,菱角湖路与香港路交叉口南120米,商务写字楼,,120201,商务住宅,楼宇,商务写字楼
鹏飞湖庭3F座,114.275514,30.60937,香港路267号鹏飞湖庭(三眼桥地铁站D口步行340米),商务写字楼,,120201,商务住宅,楼宇,商务写字楼
万科金域时代西区A座,114.27498,30.606955,万科金域时代西区(菱角湖地铁站D口步行440米),商务写字楼,,120201,商务住宅,楼宇,商务写字楼
万科金域时代8B座,114.275025,30.606825,台北路291号万科金域时代,商务写字楼,,120201,商务住宅,楼宇,商务写字楼
机械大厦(唐家墩路),114.271367,30.615676,唐家墩路129号(唐家墩地铁站C口步行180米),商务写字楼,,120201,商务住宅,楼宇,商务写字楼
工贸写字楼,114.270639,30.616267,新华下路285号(唐家墩地铁站C口步行90米),商务写字楼,,120201,商务住宅,楼宇,商务写字楼
万科金域时代7栋A座,114.276475,30.606175,台北路291号万科金域时代7栋,商务写字楼,,120201,商务住宅,楼宇,商务写字楼
万科金域时代7栋B座,114.276525,30.606175,台北路291号万科金域时代7栋,商务写字楼,,120201,商务住宅,楼宇,商务写字楼
MMC中心,114.277875,30.606975,台北路与香江西路交叉口北100米,商务写字楼,,120201,商务住宅,楼宇,商务写字楼
泛海国际SOHO城,114.270064,30.618257,发展大道与唐家墩路交叉口西80米,商务写字楼,,120201,商务住宅,楼宇,商务写字楼
人防大楼,114.269275,30.618475,八古墩西二巷与唐家墩路交叉口西南140米,商务写字楼,,120201,商务住宅,楼宇,商务写字楼
发展大厦写字楼,114.270283,30.618658,唐家墩街办事处发展大道271号,商务写字楼,,120201,商务住宅,楼宇,商务写字楼
顶国际城写字楼,114.268256,30.618552,马场二路129号顶琇国际城,商务写字楼,,120201,商务住宅,楼宇,商务写字楼
唐菜路,114.274187,30.618027,唐蔡路与三眼桥路交叉口西160米,商务写字楼,,120201,商务住宅,楼宇,商务写字楼
创意SOHO写字楼,114.274475,30.618375,唐蔡路与三眼桥路交叉口西120米,商务写字楼,,120201,商务住宅,楼宇,商务写字楼
顶琇国际城青年家写字楼,114.270025,30.619475,马场二路129号顶琇国际城,商务写字楼,,120201,商务住宅,楼宇,商务写字楼
顶琇头条中心,114.270026,30.61965,唐家墩路(唐家墩地铁站B口步行250米),商务写字楼,,120201,商务住宅,楼宇,商务写字楼
亚振国际,114.275042,30.619274,三眼桥路289号元辰世纪,商务写字楼,,120201,商务住宅,楼宇,商务写字楼
顶秀国际C座,114.26655,30.62045,马场二路与八古墩北路交叉口东南140米,商务写字楼,,120201,商务住宅,楼宇,商务写字楼
田园商务大厦,114.275391,30.620292,发展大道357号,商务写字楼,,120201,商务住宅,楼宇,商务写字楼
武汉市无线电厂科技楼,114.279038,30.618246,江大路163附2号附近,商务写字楼,,120201,商务住宅,楼宇,商务写字楼
红桥文化广场,114.284982,30.613465,育欣路177号,商务写字楼,,060102|120201,购物服务,商场,普通商场
永成大厦,114.286502,30.610813,解放公园路50号-6号,商务写字楼,,120201,商务住宅,楼宇,商务写字楼
天晖大厦D座,114.286325,30.611025,黄孝河路30号天晖大厦,商务写字楼,,120201,商务住宅,楼宇,商务写字楼
永成大厦1座,114.286611,30.610977,解放公园路50号-6号永成大厦,商务写字楼,,120201,商务住宅,楼宇,商务写字楼
天晖大厦A座,114.286662,30.611492,黄孝河路30号天晖大厦,商务写字楼,,120201,商务住宅,楼宇,商务写字楼
天晖大厦,114.286596,30.611554,黄孝河路30号,商务写字楼,,120201,商务住宅,楼宇,商务写字楼
武汉文联大楼,114.288081,30.609927,建设大道951号(惠济二路地铁站J口步行250米),商务写字楼,,120201,商务住宅,楼宇,商务写字楼
邮电综合大楼,114.288025,30.608125,黄孝河路与建设大道交叉口东120米,商务写字楼,,120201,商务住宅,楼宇,商务写字楼
恵园·大公馆,114.288699,30.611103,建设大道959号(惠济二路地铁站J口步行100米),商务写字楼,,120201|120302,商务住宅,楼宇,商务写字楼
汉口商业大楼,114.286575,30.613575,惠济一路与黄孝河路交叉口东40米,商务写字楼,,120201,商务住宅,楼宇,商务写字楼
高富生活广场B栋,114.288525,30.607275,惠济路7号高富生活广场(香港路地铁站D口步行440米),商务写字楼,,120201,商务住宅,楼宇,商务写字楼
武汉市水务集团惠济路综合楼,114.290007,30.612337,建设大道967号(惠济二路地铁站H口步行100米),商务写字楼,,120201,商务住宅,楼宇,商务写字楼
建设大厦,114.290578,30.612716,惠济二路与建设大道辅路交叉口北40米,商务写字楼,,120201,商务住宅,楼宇,商务写字楼
康乐大厦(惠济二路),114.286295,30.61551,花桥一村43号,商务写字楼,,120201,商务住宅,楼宇,商务写字楼
康乐大厦1号楼,114.286275,30.615575,花桥一村43号康乐大厦(惠济二路),商务写字楼,,120201,商务住宅,楼宇,商务写字楼
新光大厦,114.291037,30.61329,建设大道971(惠济二路地铁站H口步行150米),商务写字楼,,120201,商务住宅,楼宇,商务写字楼
武汉交通信息中心大楼,114.285663,30.616559,黄孝河路与惠济二路交叉口北100米,商务写字楼,,120201,商务住宅,楼宇,商务写字楼
中共武汉市委机关综合楼,114.292653,30.610511,惠济路与惠济二路交叉口东南100米,商务写字楼,,120201,商务住宅,楼宇,商务写字楼
江大劳动服务公司综合办公楼,114.289398,30.616166,九万方路与惠济二路交叉口东北120米,商务写字楼,,120201,商务住宅,楼宇,商务写字楼
同安大厦(江大路),114.286526,30.618216,黄孝河路与江大路交汇处,商务写字楼,,120201,商务住宅,楼宇,商务写字楼
竹叶山创业大厦,114.286531,30.618216,江大路38号,商务写字楼,,120201,商务住宅,楼宇,商务写字楼
北斗大厦1幢,114.282725,30.618275,江大路111号北斗大厦,商务写字楼,,120201,商务住宅,楼宇,商务写字楼
新苑商务中心,114.292987,30.615016,花桥街办事处建设大道1005号附近,商务写字楼,,120201,商务住宅,楼宇,商务写字楼
融玺1001大厦,114.292997,30.615029,建设大道与惠济四路交叉口西南180米,商务写字楼,,120201,商务住宅,楼宇,商务写字楼
北斗大厦(江大路),114.282695,30.618309,江大路111号,商务写字楼,,120201,商务住宅,楼宇,商务写字楼
北斗大厦111号楼,114.282675,30.618325,江大路111号北斗大厦,商务写字楼,,120201,商务住宅,楼宇,商务写字楼
凯旋大厦(黄孝河路),114.285332,30.618574,黄孝河路71号,商务写字楼,,120201,商务住宅,楼宇,商务写字楼
长江医院B座,114.286425,30.618525,黄孝河路146号长江医院,商务写字楼,,120201,商务住宅,楼宇,商务写字楼
新宇大厦(黄孝河路),114.286154,30.620366,黄孝河路158号(竹叶山地铁站C1口步行430米),商务写字楼,,120201,商务住宅,楼宇,商务写字楼
黄浦国际中心B座,114.296024,30.616734,黄浦国际中心(赵家条地铁站D口步行100米),商务写字楼,,120201,商务住宅,楼宇,商务写字楼
永成精英汇-A栋A座,114.297575,30.615225,惠济路63号永成·精英汇,商务写字楼,,120201,商务住宅,楼宇,商务写字楼
武汉竹叶山华中国际广场1期A座,114.287675,30.622025,竹叶山华中国际广场1期,商务写字楼,,120201,商务住宅,楼宇,商务写字楼
黄埔国际大厦,114.297175,30.616825,建设大道与江大路交叉口东100米(赵家条地铁站E口旁),商务写字楼,,120201,商务住宅,楼宇,商务写字楼
黄浦国际中心,114.297386,30.61655,江大路与建设大道交叉口东140米(赵家条地铁站E口旁),商务写字楼,,120201,商务住宅,楼宇,商务写字楼
华电大厦B座,114.279736,30.621726,华电大厦,商务写字楼,,120201,商务住宅,楼宇,商务写字楼
华电大厦,114.279736,30.621737,发展大道405号政府华电小区,商务写字楼,,120201,商务住宅,楼宇,商务写字楼
华电大厦A座,114.280149,30.621874,华电大厦,商务写字楼,,120201,商务住宅,楼宇,商务写字楼
五洲大厦B座,114.281113,30.622331,文博路与发展大道交叉口东北80米,商务写字楼,,120201,商务住宅,楼宇,商务写字楼
五洲大厦A座,114.280805,30.622351,发展大道409号,商务写字楼,,120201,商务住宅,楼宇,商务写字楼
五洲大厦1栋,114.280825,30.622375,发展大道409号五洲大厦(文博路),商务写字楼,,120201,商务住宅,楼宇,商务写字楼
司法行政大楼,114.281604,30.622612,发展大道415号,商务写字楼,,120201,商务住宅,楼宇,商务写字楼
金牛大厦,114.294669,30.620075,金融街壹号(赵家条地铁站B口步行370米),商务写字楼,,120201,商务住宅,楼宇,商务写字楼
武汉竹叶山华中国际广场1期,114.287375,30.622975,黄孝河路与发展大道交叉口东南160米,商务写字楼,,120201,商务住宅,楼宇,商务写字楼
武汉市司法局办公楼B座,114.281815,30.622884,武汉市司法局,商务写字楼,,120201,商务住宅,楼宇,商务写字楼
互联网大厦(发展大道),114.285597,30.623255,发展大道614号(竹叶山地铁站C1口步行130米),商务写字楼,,120201,商务住宅,楼宇,商务写字楼
枫丹白鹭大厦A座,114.302675,30.610025,枫丹白鹭(永清路)(黄浦路地铁站H口步行470米),商务写字楼,,120201,商务住宅,楼宇,商务写字楼
枫丹白鹭(永清路),114.30301,30.609951,永清路21附3号附近(黄浦路地铁站H口步行470米),商务写字楼,,120201|120300,商务住宅,楼宇,商务写字楼
枫丹白鹭大厦B座,114.30308,30.60997,枫丹白鹭(永清路)(黄浦路地铁站G口步行320米),商务写字楼,,120201,商务住宅,楼宇,商务写字楼
长江水利水电科技楼,114.30381,30.60969,永清路19号(黄浦路地铁站G口步行320米),商务写字楼,,120201,商务住宅,楼宇,商务写字楼
永青汇大厦B座,114.300325,30.614075,永清小路20号永青汇大厦,商务写字楼,,120201,商务住宅,楼宇,商务写字楼
永青汇大厦,114.300536,30.614151,永清小路20号,商务写字楼,,120201,商务住宅,楼宇,商务写字楼
水文楼,114.305347,30.609421,解放大道1863号(黄浦路地铁站G口步行150米),商务写字楼,,120201,商务住宅,楼宇,商务写字楼
长江设计大楼,114.30589,30.609802,解放大道1863号(黄浦路地铁站G口步行150米),商务写字楼,,120201,商务住宅,楼宇,商务写字楼
长江防汛科技大楼,114.306834,30.610476,解放大道1863号(黄浦路地铁站G口步行210米),商务写字楼,,120201,商务住宅,楼宇,商务写字楼
长江综合服务楼,114.306844,30.611646,解放大道与黄浦路立交交叉口西220米,商务写字楼,,120201,商务住宅,楼宇,商务写字楼
黄浦中心,114.307094,30.607723,京汉大道1183号(黄浦路地铁站K口旁),商务写字楼,,120201,商务住宅,楼宇,商务写字楼
美基元无创楼,114.307825,30.609975,解放大道1340号常阳·永清城,商务写字楼,,120201,商务住宅,楼宇,商务写字楼
黄浦大厦,114.306325,30.613975,黄浦大街辅路与新建后街交叉口西80米,商务写字楼,,120201,商务住宅,楼宇,商务写字楼
长江水利委员会水文大楼,114.307725,30.611175,劳动街街道解放大道1863号水利部长江水利委员会,商务写字楼,,120201,商务住宅,楼宇,商务写字楼
常阳永清城-商业楼,114.308125,30.609175,解放大道1340号常阳·永清城,商务写字楼,,120201,商务住宅,楼宇,商务写字楼
岩土大楼,114.307475,30.613075,黄浦大街辅路与解放大道辅路交叉口西100米,商务写字楼,,120201,商务住宅,楼宇,商务写字楼
武汉天地壹方南馆,114.308103,30.60839,壹方天地(黄浦路地铁站D口旁),商务写字楼,,120201,商务住宅,楼宇,商务写字楼
黄浦景观大厦,114.300193,30.617283,黄浦大街27号(赵家条地铁站A口步行230米),商务写字楼,,120201,商务住宅,楼宇,商务写字楼
黄埔东宫A座,114.306145,30.615233,黄浦大街86号黄埔东宫,商务写字楼,,120201,商务住宅,楼宇,商务写字楼
黄浦景观大厦A座,114.299935,30.617486,黄浦大街27号黄浦景观大厦,商务写字楼,,120201,商务住宅,楼宇,商务写字楼
黄埔东宫,114.306459,30.61505,江岸黄浦大街88号,商务写字楼,,120201,商务住宅,楼宇,商务写字楼
天地企业天地,114.308875,30.608375,中山大道1515号武汉新天地南馆,商务写字楼,,120201,商务住宅,楼宇,商务写字楼
企业天地1号A座,114.308875,30.608375,中山大道1505号企业天地1号,商务写字楼,,120201,商务住宅,楼宇,商务写字楼
企业天地1号,114.30892,30.608356,中山大道1505号(黄浦路地铁站A口旁),商务写字楼,,120201,商务住宅,楼宇,商务写字楼
黄埔嘉苑,114.304024,30.617413,黄浦路182号,商务写字楼,,120203|120201,商务住宅,楼宇,
江岸区东亚大厦2座,114.304029,30.617451,工农兵路与黄浦大街交叉口东北140米,商务写字楼,,120201,商务住宅,楼宇,商务写字楼
环球智慧中心(武汉新天地南馆东座),114.309892,30.609519,中山大道1515号(黄浦路地铁站C口步行230米),商务写字楼,,120201|120100,商务住宅,楼宇,商务写字楼
武汉新天地壹方环球智慧中心a2写字楼,114.310117,30.609861,刘家麒路与中山大道交叉口北80米,商务写字楼,,120201,商务住宅,楼宇,商务写字楼
中信泰富大厦32号楼,114.310875,30.611125,中信泰富(上海)物业管理有限公司武汉分公司,商务写字楼,,120201,商务住宅,楼宇,商务写字楼
中信泰富大厦,114.310914,30.611109,中山大道1627号,商务写字楼,,120201,商务住宅,楼宇,商务写字楼
雷格斯(天地企业中心) - IWG旗下品牌,114.311145,30.609538,中山大道1628号天地企业中心5号8层,商务写字楼,,120201|170000,商务住宅,楼宇,商务写字楼
武汉企业中心,114.311275,30.609425,中山大道1628号平安金融中心,商务写字楼,,120201,商务住宅,楼宇,商务写字楼
企业中心5,114.311288,30.609419,中山大道1628号(黄浦路地铁站C口步行470米),商务写字楼,,120201,商务住宅,楼宇,商务写字楼
平安金融中心,114.311312,30.609441,中山大道1628号(黄浦路地铁站C口步行440米),商务写字楼,,120201|160000,商务住宅,楼宇,商务写字楼
长江金岸·武汉人工智能大厦,114.299604,30.620807,建设大道1075号(罗家庄地铁站D口步行340米),商务写字楼,,120201,商务住宅,楼宇,商务写字楼
长江金岸武汉人工智能大厦B栋,114.299375,30.620825,建设大道1075号长江金岸·武汉人工智能大厦,商务写字楼,,120201,商务住宅,楼宇,商务写字楼
汇友大楼,114.306028,30.619787,工农兵路15-1号附近,商务写字楼,,120201,商务住宅,楼宇,商务写字楼
中金时代广场A座,114.299871,30.621322,二七侧路与科技馆路交叉口东南120米,商务写字楼,,120201,商务住宅,楼宇,商务写字楼
联通大厦(建设大道),114.300817,30.621555,科技馆路9号(罗家庄地铁站D口步行340米),商务写字楼,,120201,商务住宅,楼宇,商务写字楼
中胜大楼1号楼,114.299735,30.62185,二七侧路与科技馆路交叉口东南60米,商务写字楼,,120201,商务住宅,楼宇,商务写字楼
中胜大楼,114.299703,30.621869,二七侧路与科技馆路交叉口东南60米,商务写字楼,,120201,商务住宅,楼宇,商务写字楼
武汉天地B9-1号,114.313996,30.61376,武汉天地御江璟城B9小区,商务写字楼,,120201,商务住宅,楼宇,商务写字楼
龙韵大厦(工农兵路),114.307192,30.621514,二七街办事处工农兵路65号,商务写字楼,,120201,商务住宅,楼宇,商务写字楼
天梨大厦,114.293175,30.622125,黄浦大街258-47号,商务写字楼,,120201,商务住宅,楼宇,商务写字楼
武汉天地云廷1期大堂,114.317175,30.614875,永泰路2号武汉天地云廷1期,商务写字楼,,120201,商务住宅,楼宇,商务写字楼
绿城·黄浦湾C区大堂,114.319625,30.619925,分金路与中山大道交叉口东南80米,商务写字楼,,120201,商务住宅,楼宇,商务写字楼
联通大厦,114.315354,30.620991,头道街黄家墩临解放大道(头道街地铁站C口步行410米),商务写字楼,,120201,商务住宅,楼宇,商务写字楼
新八大厦,114.315339,30.621051,解放大道2039(头道街地铁站C口步行370米),商务写字楼,,120201,商务住宅,楼宇,商务写字楼
聚龙大厦,114.315448,30.621266,解放大道2039号(头道街地铁站C口步行450米),商务写字楼,,120201,商务住宅,楼宇,商务写字楼
航天双城写字楼C座,114.316125,30.621875,解放大道辅路与头道小路交叉口北40米,商务写字楼,,120201,商务住宅,楼宇,商务写字楼
航天双城写字楼,114.314863,30.6231,东立街18号恒大双城,商务写字楼,,120201,商务住宅,楼宇,商务写字楼
华夏金融中心,114.321725,30.621775,宸嘉100嘉佰道,商务写字楼,,120201,商务住宅,楼宇,商务写字楼
融侨星域写字楼A塔,114.345475,30.609125,桥梁村路与铁机路交叉口南60米,商务写字楼,,120201,商务住宅,楼宇,商务写字楼
融侨星域B座,114.345783,30.608864,铁机路与桥梁村东路交叉口南80米,商务写字楼,,120201,商务住宅,楼宇,商务写字楼
嘉顺国际大厦项目,114.349122,30.615306,临江大道(怡景苑西侧约110米),商务写字楼,,120201,商务住宅,楼宇,商务写字楼
和平大世界实业有限公司综合办公楼,114.355402,30.612261,和平大道789号(余家头地铁站C口步行480米),商务写字楼,,120201,商务住宅,楼宇,商务写字楼
中国移动武汉分公司罗家路通信大楼,114.363444,30.615489,园林巷与和平大道辅路交叉口东南80米,商务写字楼,,120201,商务住宅,楼宇,商务写字楼
天星大厦,114.363315,30.616014,和平大道1216号(科普公园地铁站A口步行160米),商务写字楼,,120201,商务住宅,楼宇,商务写字楼
奥山世纪广场1号楼,114.361675,30.617725,园林北巷与罗家港二街交叉口东南160米,商务写字楼,,120201,商务住宅,楼宇,商务写字楼
CC尚品E幢,114.359625,30.617925,奥山世纪广场,商务写字楼,,120201,商务住宅,楼宇,商务写字楼
武汉市园林科学研究院综合楼,114.36824,30.616597,园林路67附4号(科普公园地铁站B口步行370米),商务写字楼,,120201,商务住宅,楼宇,商务写字楼
武汉市排水泵站管理处罗家路排水站办公楼,114.355857,30.621205,二环线入口与临江大道交叉口南60米,商务写字楼,,120201,商务住宅,楼宇,商务写字楼
鑫园大厦2栋,114.379675,30.612825,祥丰路122号鑫园大厦,商务写字楼,,120201,商务住宅,楼宇,商务写字楼
中楷大厦,114.377096,30.614703,友谊大道890号,商务写字楼,,120201,商务住宅,楼宇,商务写字楼
中楷大厦1栋,114.377075,30.614725,友谊大道890号中楷大厦,商务写字楼,,120201,商务住宅,楼宇,商务写字楼
开来·九洲国际B座,114.377813,30.614818,友谊大道898号,商务写字楼,,120201,商务住宅,楼宇,商务写字楼
开来·九洲国际A座,114.378301,30.614922,友谊大道898号,商务写字楼,,120201,商务住宅,楼宇,商务写字楼
宏昌·玲珑汇,114.381794,30.616429,友谊大道948号,商务写字楼,,120302|120201,商务住宅,住宅区,住宅小区
武汉宝业中心B座,114.375329,30.620103,建设一路31号附21号,商务写字楼,,120201,商务住宅,楼宇,商务写字楼
宝业中心,114.375588,30.620238,建设一路与建港南街交叉口北140米,商务写字楼,,120201,商务住宅,楼宇,商务写字楼
宝业中心A座,114.376032,30.620246,宝业中心,商务写字楼,,120201,商务住宅,楼宇,商务写字楼
青鹏大厦,114.383511,30.617739,友谊大道(武青三干道和平人民法院附近),商务写字楼,,120201,商务住宅,楼宇,商务写字楼
环保大楼,114.371575,30.620575,和平大道辅路与建设一路交叉口西南220米,商务写字楼,,120201,商务住宅,楼宇,商务写字楼
钢信大楼,114.371287,30.620583,和平大道辅路与建设一路交叉口西南240米,商务写字楼,,120201,商务住宅,楼宇,商务写字楼
天际丽豪行政办公楼,114.386901,30.61475,仁和路98号武汉天际丽豪酒店(武汉高铁站欢乐谷店),商务写字楼,,120201,商务住宅,楼宇,商务写字楼
一冶商业大楼,114.380584,30.620218,117街坊42幢1层,商务写字楼,,120201,商务住宅,楼宇,商务写字楼
福星惠誉·星光大厦,114.388154,30.614743,仁和路99号,商务写字楼,,120201,商务住宅,楼宇,商务写字楼
政务服务大楼,114.391277,30.618957,友谊大道1098号(近青翠苑二期北门),商务写字楼,,120201,商务住宅,楼宇,商务写字楼
民福大厦,114.393416,30.619134,友谊大道1132号,商务写字楼,,120201,商务住宅,楼宇,商务写字楼
食品大厦,114.397703,30.618954,友谊大道青山客运站旁,商务写字楼,,120201,商务住宅,楼宇,商务写字楼
国家电网综合楼,114.395925,30.621775,工业二路与恩施街交叉口北60米,商务写字楼,,120201,商务住宅,楼宇,商务写字楼
舜安大厦,114.41126,30.609463,团结大道1919号,商务写字楼,,120201,商务住宅,楼宇,商务写字楼
舜安大厦A座,114.411475,30.609725,团结大道1919号舜安大厦,商务写字楼,,120201,商务住宅,楼宇,商务写字楼
湖北西藏大厦,114.413929,30.611001,红钢城大街(建设十路)与北洋桥路交叉口南120米,商务写字楼,,120201,商务住宅,楼宇,商务写字楼
中海国际大厦,114.402877,30.61859,友谊大道工业三路与工业四路之间东方红村东方花园旁,商务写字楼,,120201,商务住宅,楼宇,商务写字楼
中铁四院杨春湖畔大厦,114.414505,30.618067,武汉高铁站杨春湖亚朵酒店(友谊大道店)附近,商务写字楼,,120201,商务住宅,楼宇,商务写字楼
杨春湖畔二期5号商业楼,114.414625,30.618625,友谊大道与杨春湖路交叉口东南100米,商务写字楼,,120201,商务住宅,楼宇,商务写字楼
武汉火车站西广场综合服务楼,114.420775,30.609425,武汉站西一路与黄鹤路交叉口东北100米,商务写字楼,,120201,商务住宅,楼宇,商务写字楼
武汉车站办公楼,114.425209,30.610635,团结大道与高铁北一路交叉口西南60米,商务写字楼,,120201,商务住宅,楼宇,商务写字楼
武汉火车站综合管理办公楼,114.426377,30.610427,白云路1号(武汉站东广场地铁站C口步行420米),商务写字楼,,130100|120201,商务住宅,楼宇,商务写字楼
武汉工业广场,114.428246,30.607761,黄鹤路北1号(武汉站东广场地铁站C口步行130米),商务写字楼,,120201,商务住宅,楼宇,商务写字楼
国通能源大厦,114.430926,30.609757,白云路1号,商务写字楼,,120201,商务住宅,楼宇,商务写字楼
武汉火车站综合管理办公楼,114.422202,30.620954,友谊大道立交桥与三环线辅路交叉口北200米,商务写字楼,,120201,商务住宅,楼宇,商务写字楼
园区商务中心,114.433675,30.608075,云和路与武和路交叉口西80米,商务写字楼,,120201,商务住宅,楼宇,商务写字楼
开力经贸楼,114.168757,30.629772,临空经济管理处金山大道南光明乳品以东,商务写字楼,,120201,商务住宅,楼宇,商务写字楼
湖北盐业集团有限公司武汉分公司盐业公司大楼,114.170935,30.633319,临空经济管理处临空经济管理处临空经济管理处金山大道1286号湖北盐业集团有限公司武汉分公司,商务写字楼,,120201,商务住宅,楼宇,商务写字楼
海口税务大楼,114.169975,30.633125,金海工业园路1号国家税务总局武汉市东西湖区税务局将军路税务所,商务写字楼,,120201,商务住宅,楼宇,商务写字楼
金银湖CBD,114.174675,30.636875,"新桥一路以北,海口六路以西,新桥二路以南",商务写字楼,,120201,商务住宅,楼宇,商务写字楼
金地格林春岸S2商业楼,114.194425,30.628675,金银湖南街北50米金地格林春岸,商务写字楼,,120201,商务住宅,楼宇,商务写字楼
创新楼,114.201203,30.622742,古田二路长丰北院特1号蓝焰物流园,商务写字楼,,120201,商务住宅,楼宇,商务写字楼
华润置地翡翠中心,114.203125,30.622175,古田二路与园博园南路交叉口东60米,商务写字楼,,120201,商务住宅,楼宇,商务写字楼
十方商业项目,114.204043,30.631182,金银湖路6号裕亚·金湖御品,商务写字楼,,120201,商务住宅,楼宇,商务写字楼
荣刚大厦(金汇中心),114.204777,30.632095,金银湖南三街6号金汇中心,商务写字楼,,120201,商务住宅,楼宇,商务写字楼
金汇中心,114.204851,30.6321,金银湖南三街6号,商务写字楼,,120201,商务住宅,楼宇,商务写字楼
金银湖大厦地下停车场,114.205037,30.632462,金银湖路8号,商务写字楼,,150904|120201,交通设施服务,,
金银湖199购物中心写字楼,114.205483,30.63272,金银湖路8号泛悦199,商务写字楼,,120201,商务住宅,楼宇,商务写字楼
金银湖大厦(建设中),114.205156,30.632997,金银湖东一路与金银湖南二街交叉口西南80米,商务写字楼,,120201,商务住宅,楼宇,商务写字楼
金桥国际商务中心,114.21457,30.63556,金山大道88号银湖翡翠揽湖轩,商务写字楼,,120201,商务住宅,楼宇,商务写字楼
常安置业广厦,114.223262,30.628784,金南一路9号常安马城壹号,商务写字楼,,120201,商务住宅,楼宇,商务写字楼
财富大厦,114.205825,30.636973,金银湖路18号(金银湖地铁站B口步行330米),商务写字楼,,120201,商务住宅,楼宇,商务写字楼
海关大厦,114.204252,30.6373,金银湖路15号(金银湖地铁站A口步行340米),商务写字楼,,120201,商务住宅,楼宇,商务写字楼
圈外创智中心A座,114.230825,30.623125,江兴路11号圈外数字创意产业园A栋,商务写字楼,,120201,商务住宅,楼宇,商务写字楼
中信大楼,114.233031,30.624214,江兴路17号,商务写字楼,,120201,商务住宅,楼宇,商务写字楼
中信大楼C栋,114.233199,30.6243,中信大楼(江兴路北),商务写字楼,,120201,商务住宅,楼宇,商务写字楼
中信大楼A栋,114.233207,30.62396,江兴路17号,商务写字楼,,120201,商务住宅,楼宇,商务写字楼
新鸿鹄大楼,114.233925,30.624525,江兴路19号鸿鹄科技园,商务写字楼,,120201,商务住宅,楼宇,商务写字楼
龙娣大楼,114.234725,30.624725,发展二路与江兴路交叉口东北80米,商务写字楼,,120201,商务住宅,楼宇,商务写字楼
武汉保安集团大楼,114.235575,30.624625,江兴路与发展一路交叉口西80米,商务写字楼,,120201,商务住宅,楼宇,商务写字楼
天策楼,114.235609,30.623803,江汉经济开发区江旺路8号,商务写字楼,,120201,商务住宅,楼宇,商务写字楼
GT·PARK汉口科创中心,114.235925,30.624466,江兴路与发展一路交叉口西60米,商务写字楼,,120201,商务住宅,楼宇,商务写字楼
武汉江汉经济开发区2号楼,114.236176,30.624846,江兴路7号汉口创业中心2号楼,商务写字楼,,120201|170300,商务住宅,楼宇,商务写字楼
管委会大楼,114.236363,30.624764,江兴路与发展一路交叉口西20米,商务写字楼,,120201,商务住宅,楼宇,商务写字楼
台银大厦,114.238677,30.624852,常青路民航小区常宁里湖北电信对面,商务写字楼,,120201,商务住宅,楼宇,商务写字楼
南方航空大厦,114.238568,30.626899,常青路民航里2号,商务写字楼,,120201,商务住宅,楼宇,商务写字楼
中国石油武汉大厦,114.239245,30.624086,常青路149号,商务写字楼,,120201,商务住宅,楼宇,商务写字楼
武汉中咨大厦,114.231168,30.637368,常青北路240-1号,商务写字楼,,120201,商务住宅,楼宇,商务写字楼
电信大楼(常青三路),114.241681,30.624676,中国电信集团湖北省电信公司,商务写字楼,,120201,商务住宅,楼宇,商务写字楼
金雅大厦物业,114.243855,30.623797,汉兴街办事处常青三路新湾一路十字口金雅大厦,商务写字楼,,120201,商务住宅,楼宇,商务写字楼
金雅大厦,114.244135,30.623737,汉兴街办事处常青三路新湾一路十字口,商务写字楼,,120201,商务住宅,楼宇,商务写字楼
金色雅园地铁站综合楼,114.247128,30.62506,杨汊湖常青五路金色雅园金涛苑(长港路地铁站E口旁),商务写字楼,,120201,商务住宅,楼宇,商务写字楼
红旗渠路莱特花园办公楼A.B栋,114.248375,30.622675,莱特花园(长港路地铁站E口步行370米),商务写字楼,,120201,商务住宅,楼宇,商务写字楼
中国水电盛世江城项目一期B栋商业,114.246325,30.631925,新湾路9号盛世江城(长港路地铁站J口步行430米),商务写字楼,,120201,商务住宅,楼宇,商务写字楼
巾帼园,114.250275,30.628076,常青五路25号1号楼(长港路地铁站G口步行400米),商务写字楼,,120201|120302,商务住宅,楼宇,商务写字楼
邮政局生产服务楼,114.259898,30.623089,常青一路与新华路交叉口西南80米,商务写字楼,,120201,商务住宅,楼宇,商务写字楼
万科广场L楼,114.26145,30.62285,常青一路191号新唐万芊荟,商务写字楼,,120201,商务住宅,楼宇,商务写字楼
风米大厦,114.257775,30.634425,姑嫂树路与夏鹃街交叉口南80米,商务写字楼,,120201,商务住宅,楼宇,商务写字楼
南国北都城市广场SOHO,114.266417,30.627132,姑嫂树路12号泛悦Mall(北都店),商务写字楼,,120201,商务住宅,楼宇,商务写字楼
京华国际A座,114.267049,30.625717,兴业路与姑嫂树路交叉口东80米,商务写字楼,,120201,商务住宅,楼宇,商务写字楼
亘星鼎立,114.262251,30.633436,中国铁塔湖北分公司综合生产办公大楼,商务写字楼,,120201,商务住宅,楼宇,商务写字楼
中国铁塔湖北分公司综合生产办公大楼,114.262243,30.633511,绿柳路与和谐大道交叉口东南180米,商务写字楼,,120201,商务住宅,楼宇,商务写字楼
京华国际B座,114.267361,30.625398,姑嫂树路10号,商务写字楼,,120201,商务住宅,楼宇,商务写字楼
中盈大厦,114.261934,30.633827,汉兴街和祥里社区绿柳路37号1栋,商务写字楼,,120201,商务住宅,楼宇,商务写字楼
同为大厦,114.261125,30.634325,武汉公共交通集团公司(杨汊湖地铁站D2口步行180米),商务写字楼,,120201,商务住宅,楼宇,商务写字楼
武汉市公共交通集团有限责任公司罗家嘴公交调度楼,114.261025,30.634375,武汉公共交通集团公司(杨汊湖地铁站D2口步行120米),商务写字楼,,120201,商务住宅,楼宇,商务写字楼
南国北都城市广场裙楼幢,114.26718,30.627547,S19机场二高速出口与兴业路交叉口西北120米,商务写字楼,,120201,商务住宅,楼宇,商务写字楼
天猫CXB,114.267608,30.62513,S19机场二高速出口与S19机场二高速交叉口东北60米,商务写字楼,,120201,商务住宅,楼宇,商务写字楼
南国北都B座,114.267628,30.627005,S19机场二高速出口与兴业路交叉口西北40米,商务写字楼,,120201,商务住宅,楼宇,商务写字楼
武汉金融街大厦裙楼,114.270075,30.626825,兴业路22号武汉金融街大厦,商务写字楼,,120201,商务住宅,楼宇,商务写字楼
H3商业体东部,114.271475,30.627075,石桥墩189号石桥花园C区,商务写字楼,,120201,商务住宅,楼宇,商务写字楼
正华大厦,114.275704,30.625225,石桥一路附近,商务写字楼,,120201,商务住宅,楼宇,商务写字楼
黄浦科技大厦B座,114.275911,30.626319,黄浦科技大厦,商务写字楼,,120201,商务住宅,楼宇,商务写字楼
黄浦科技大厦,114.27622,30.626636,文清路与石桥一路交叉口西100米,商务写字楼,,120201,商务住宅,楼宇,商务写字楼
江岸区经济开发区标准厂房六号楼A座,114.276623,30.626444,黄埔科技园工业厂房二期2栋1层车间1号正南方向170米,商务写字楼,,120201,商务住宅,楼宇,商务写字楼
黄浦科技大厦AA座,114.276675,30.626475,文清路与石桥一路交叉口西北60米,商务写字楼,,120201,商务住宅,楼宇,商务写字楼
汉口校地合作科产融合大楼A栋,114.276825,30.625825,石桥一路与文清路交叉口西南60米,商务写字楼,,120201,商务住宅,楼宇,商务写字楼
黄浦科技大厦A座,114.276685,30.62645,黄浦科技大厦,商务写字楼,,120201,商务住宅,楼宇,商务写字楼
汉口校地合作科产融合大楼,114.277171,30.625773,石桥一路6号,商务写字楼,,120201|120100,商务住宅,楼宇,商务写字楼
金运大厦,114.277325,30.626225,石桥一路与文清路交叉口东20米,商务写字楼,,120201,商务住宅,楼宇,商务写字楼
石桥投资大厦108号楼,114.276225,30.628975,兴业路108号石桥投资大厦,商务写字楼,,120201,商务住宅,楼宇,商务写字楼
石桥投资大厦,114.276235,30.629029,兴业路108号,商务写字楼,,120201,商务住宅,楼宇,商务写字楼
名创梦工场B栋,114.278375,30.626075,石桥一路与文博路交叉口西南100米,商务写字楼,,120201,商务住宅,楼宇,商务写字楼
众联·天美国际B区,114.27486,30.633668,后湖大道58号众联·天美国际,商务写字楼,,120201|120203,商务住宅,楼宇,商务写字楼
创立方2号楼,114.281406,30.627166,石桥一路18号武汉创立方产业园,商务写字楼,,120201,商务住宅,楼宇,商务写字楼
众联天美国际1座,114.274044,30.63483,后湖大道58号众联·天美国际,商务写字楼,,120201,商务住宅,楼宇,商务写字楼
创立方3号楼,114.282375,30.627375,塔子湖街街道石桥一路石桥工业园7栋武汉德必创立方产业园,商务写字楼,,120201,商务住宅,楼宇,商务写字楼
黄浦创立方写字楼,114.282375,30.627375,石桥一路18号武汉创立方产业园,商务写字楼,,120201,商务住宅,楼宇,商务写字楼
美联·中心,114.284207,30.629392,金桥大道15号,商务写字楼,,120201|120302|170200,商务住宅,楼宇,商务写字楼
武汉社会科学大楼,114.285264,30.623886,发展大道495号(竹叶山地铁站C1口步行160米),商务写字楼,,120201,商务住宅,楼宇,商务写字楼
承田国际大厦,114.282349,30.632954,中一路与兴业路交叉口北60米,商务写字楼,,120201,商务住宅,楼宇,商务写字楼
科创大厦(黄浦大街),114.28892,30.623424,花桥街办事处后九万方长江科学院,商务写字楼,,120201,商务住宅,楼宇,商务写字楼
丝宝国际大厦,114.292766,30.622423,黄浦大街258-260号,商务写字楼,,120201,商务住宅,楼宇,商务写字楼
中胜国际,114.294307,30.626887,发展大道527号,商务写字楼,,120201|170200,商务住宅,楼宇,商务写字楼
日月星城写字楼,114.284341,30.633488,中一路26号日月星城,商务写字楼,,120201,商务住宅,楼宇,商务写字楼
恒远商务,114.286625,30.633825,兴业路与金桥大道辅路交叉口东40米,商务写字楼,,120201,商务住宅,楼宇,商务写字楼
东方恒星园写字楼,114.287025,30.633925,金桥大道18号东方恒星园,商务写字楼,,120201,商务住宅,楼宇,商务写字楼
武汉市园林科研大楼,114.293825,30.630675,后湖二路1号武汉市生态园林集团有限公司,商务写字楼,,120201,商务住宅,楼宇,商务写字楼
金桥壹号写字楼,114.286717,30.634797,兴业路与金桥大道辅路交叉口东北100米,商务写字楼,,120201,商务住宅,楼宇,商务写字楼
华宇旭辉广场,114.281801,30.637467,华宇旭辉星空营销中心(中一路地铁站C口旁),商务写字楼,,120201,商务住宅,楼宇,商务写字楼
武铁公安江岸综合楼,114.299321,30.628683,新江岸一村2号,商务写字楼,,120201,商务住宅,楼宇,商务写字楼
汇龙花园写字楼,114.295825,30.633975,汇龙花园,商务写字楼,,120201,商务住宅,楼宇,商务写字楼
瑞华中心,114.306426,30.626362,建设大道1097号(二七小路地铁站D口步行290米),商务写字楼,,120201,商务住宅,楼宇,商务写字楼
润禾大厦,114.305486,30.629621,发展大道821号(二七小路地铁站C口步行210米),商务写字楼,,120201,商务住宅,楼宇,商务写字楼
新田国际,114.311461,30.624884,工农兵路116号昌盛小区,商务写字楼,,120201,商务住宅,楼宇,商务写字楼
新江岸生活广场H栋,114.303025,30.635225,二七新江岸生活广场,商务写字楼,,120201,商务住宅,楼宇,商务写字楼
能建·滨江金融中心,114.311918,30.628003,二七路106号(二七小路地铁站A口步行450米),商务写字楼,,120201,商务住宅,楼宇,商务写字楼
航天双城C1栋B座,114.315225,30.624725,东立街18号恒大双城(二七路地铁站B口步行490米),商务写字楼,,120201,商务住宅,楼宇,商务写字楼
航天商务广场B座,114.315609,30.625153,东立街(二七路地铁站B口步行380米),商务写字楼,,120201,商务住宅,楼宇,商务写字楼
航天商务广场,114.315961,30.625254,二七路地铁站B口步行460米,商务写字楼,,120201,商务住宅,楼宇,商务写字楼
航天双城店40座,114.316008,30.62488,航天商务广场(二七路地铁站C口步行310米),商务写字楼,,120201,商务住宅,楼宇,商务写字楼
东立国际A座,114.315925,30.625725,航天商务广场A座(二七路地铁站B口步行310米),商务写字楼,,120201,商务住宅,楼宇,商务写字楼
航天商务广场写字楼,114.319025,30.626568,航天商务广场(二七路地铁站B口步行190米),商务写字楼,,120201,商务住宅,楼宇,商务写字楼
金鑫大厦(解放大道),114.319397,30.626832,解放大道2237号(二七路地铁站B口步行180米),商务写字楼,,120201,商务住宅,楼宇,商务写字楼
力腾乐荟,114.313599,30.632239,发展大道810号,商务写字楼,,120201,商务住宅,楼宇,商务写字楼
武汉中信泰富广场E座,114.324901,30.629415,解放大道2029号,商务写字楼,,120201,商务住宅,楼宇,商务写字楼
中信泰富信泰中心,114.324925,30.629425,中信泰富滨江金融城,商务写字楼,,120201,商务住宅,楼宇,商务写字楼
恒越大厦,114.323024,30.632149,解放大道2423号(近长湖路),商务写字楼,,120201,商务住宅,楼宇,商务写字楼
中信泰富滨江金融城,114.325614,30.629566,"二七沿江商务核心区北片,东至沿江大道,南至规划206号路,西至解放大道,北至规划201号路",商务写字楼,,120201,商务住宅,楼宇,商务写字楼
连城大厦,114.32333,30.632588,新村街街道连城小区(徐州新村地铁站B口步行150米),商务写字楼,,120201,商务住宅,楼宇,商务写字楼
中信泰富滨江金融城阅江荟T2,114.324274,30.632082,解放大道(徐州新村地铁站A口步行250米),商务写字楼,,120201,商务住宅,楼宇,商务写字楼
中信泰富滨江金融城26地块,114.326575,30.630225,重庆路与中山大道交叉口东40米,商务写字楼,,120201,商务住宅,楼宇,商务写字楼
中信泰富滨江金融城九庐2栋,114.327632,30.630784,中山大道2366号九庐一期,商务写字楼,,120201,商务住宅,楼宇,商务写字楼
新希望·D10 CASA,114.325727,30.634139,解放大道1862号(徐州新村地铁站B口步行390米),商务写字楼,,120201,商务住宅,楼宇,商务写字楼
优嘉中心,114.31061,30.637551,新江岸五村328号银泰御华园一期A1栋1层5室,商务写字楼,,120201,商务住宅,楼宇,商务写字楼
武汉周大福金融中心(建设中),114.321724,30.626686,解放大道1567号(二七路地铁站A口步行220米),商务写字楼,,120201,商务住宅,楼宇,商务写字楼
泰康金融中心(建设中),114.324111,30.62748,中信泰富滨江金融城,商务写字楼,,120201,商务住宅,楼宇,商务写字楼
中建三局泰康金融中心项目部P6地块,114.329175,30.632875,昌瑞街与南昌路交叉口北40米,商务写字楼,,120201,商务住宅,楼宇,商务写字楼
汉口滨江商务区5期,114.330225,30.634125,昌瑞街与徐州路交叉口西南60米,商务写字楼,,120201|120100,商务住宅,楼宇,商务写字楼
武汉城建光彩国际,114.326801,30.63454,汉口滨江国际商务区五期P2地块,商务写字楼,,120201|070000,商务住宅,楼宇,商务写字楼
二七滨江国际商务区,114.326775,30.634575,新村街道徐新路269号,商务写字楼,,120201,商务住宅,楼宇,商务写字楼
青山数谷,114.372851,30.629788,建设二路与抚顺街交汇处,商务写字楼,,120201,商务住宅,楼宇,商务写字楼
建二大厦,114.375182,30.625232,和平大道955号建二商场,商务写字楼,,120201,商务住宅,楼宇,商务写字楼
江城商业广场写字楼,114.375464,30.625021,老建二商场(建设二路地铁站D口步行90米),商务写字楼,,120201,商务住宅,楼宇,商务写字楼
众圆广场C馆,114.376875,30.625625,建设三路959号武商MALL·众圆,商务写字楼,,120201,商务住宅,楼宇,商务写字楼
光大科技楼,114.378277,30.625503,和平大道1256(建设二路地铁站B口步行110米),商务写字楼,,120201,商务住宅,楼宇,商务写字楼
国家税务总局武汉市青山区税务局办公大楼,114.379125,30.627075,和平大道963号武汉市青山区税务局,商务写字楼,,120201,商务住宅,楼宇,商务写字楼
南洋金谷D栋,114.379125,30.631975,建设四路6号南洋金谷,商务写字楼,,120201,商务住宅,楼宇,商务写字楼
青山政务服务大楼,114.385916,30.626467,金域巷与工业路交叉口西120米,商务写字楼,,120201,商务住宅,楼宇,商务写字楼
八大家花园38街坊区政务中心大楼,114.38585,30.628712,鄂州街与工业路交叉口西120米,商务写字楼,,120201,商务住宅,楼宇,商务写字楼
联泰营销中心,114.379153,30.635358,联泰香域水岸,商务写字楼,,120201|070000,商务住宅,楼宇,商务写字楼
锐创中心,114.386558,30.629674,工业路与鄂州街交叉口西北120米,商务写字楼,,120201,商务住宅,楼宇,商务写字楼
利楚商服总部C栋,114.387555,30.627906,工业路12号利楚商服总部,商务写字楼,,120201,商务住宅,楼宇,商务写字楼
一冶综合科技大楼,114.388126,30.626381,工业路3号,商务写字楼,,120201,商务住宅,楼宇,商务写字楼
利楚商服总部B栋,114.387725,30.628375,工业路12号利楚商服总部,商务写字楼,,120201,商务住宅,楼宇,商务写字楼
利楚商服总部A栋,114.387725,30.628375,工业路12号利楚商服总部,商务写字楼,,120201,商务住宅,楼宇,商务写字楼
武汉香域水岸商业综合体,114.379017,30.636709,建设四路临江大道,商务写字楼,,120201,商务住宅,楼宇,商务写字楼
冶金大道2号主楼,114.387825,30.630575,工业路与鄂州街交叉口北200米,商务写字楼,,120201,商务住宅,楼宇,商务写字楼
武汉印力中心写字楼,114.388492,30.631496,印力中心(和平公园地铁站B口步行100米),商务写字楼,,120201,商务住宅,楼宇,商务写字楼
铁投邻里荟芝士天地A座,114.39105,30.63045,冶金大道与工业一路交叉口西南80米,商务写字楼,,120201,商务住宅,楼宇,商务写字楼
武钢设计院环保楼,114.393571,30.630557,冶金大道与工业一路交叉口东180米,商务写字楼,,120201,商务住宅,楼宇,商务写字楼
健吾SOHO,114.392231,30.631464,青山健吾公馆3期,商务写字楼,,120201,商务住宅,楼宇,商务写字楼
经营楼,114.394676,30.630612,冶金大道与工业二路交叉口西140米,商务写字楼,,120201,商务住宅,楼宇,商务写字楼
深国投商业中心,114.388506,30.631867,和平大道1278号武汉青山印象城,商务写字楼,,120201,商务住宅,楼宇,商务写字楼
中银大厦(工业一路),114.391793,30.633916,和平大道1284号,商务写字楼,,120201,商务住宅,楼宇,商务写字楼
康盛大厦,114.396653,30.632931,和平大道1238号25街坊,商务写字楼,,120201|120302,商务住宅,楼宇,商务写字楼
钢城大厦,114.400994,30.628977,冶金大道18号附1号松阅,商务写字楼,,120201,商务住宅,楼宇,商务写字楼
鑫发大厦(冶金街道),114.402035,30.62908,鄂州街与工业三路交叉口东140米,商务写字楼,,120201,商务住宅,楼宇,商务写字楼
武钢云谷21创意坊康园综合楼,114.401475,30.632425,武钢云谷·21创意坊,商务写字楼,,120201,商务住宅,楼宇,商务写字楼
康园行政楼,114.401775,30.632975,冶金一街与工业三路交叉口东120米,商务写字楼,,120201,商务住宅,楼宇,商务写字楼
火炬大厦(北洋桥路),114.409682,30.629689,冶金大道54号,商务写字楼,,120201,商务住宅,楼宇,商务写字楼
青城荟1座,114.406925,30.631075,青城荟,商务写字楼,,120201,商务住宅,楼宇,商务写字楼
青扬港厦A栋,114.402775,30.635725,沿港路7-12号青扬港厦,商务写字楼,,120201,商务住宅,楼宇,商务写字楼
青扬港厦,114.403767,30.637003,沿港路7-12号,商务写字楼,,120201,商务住宅,楼宇,商务写字楼
钢城商务大厦B座,114.401375,30.636875,红钢四街2附4号钢城商务大厦,商务写字楼,,120201,商务住宅,楼宇,商务写字楼
钢城商务大厦,114.400638,30.636698,红钢四街2附4号(红钢城地铁站A口步行270米),商务写字楼,,120201,商务住宅,楼宇,商务写字楼
鑫发大厦,114.400093,30.636724,工业三路与红钢四街交叉口西南40米,商务写字楼,,120201,商务住宅,楼宇,商务写字楼
楠姆庙火车站综合楼,114.418375,30.629875,,商务写字楼,,120201,商务住宅,楼宇,商务写字楼
青山区冶金街道三环线-普惠楼,114.424025,30.625475,冶金大道与工人村路交叉口西南220米,商务写字楼,,120201,商务住宅,楼宇,商务写字楼
武钢兴达综合楼,114.429575,30.631875,保华路与兴达路交叉口东南80米,商务写字楼,,120201,商务住宅,楼宇,商务写字楼
武汉兴达钢铁经济发展有限公司综合楼B座,114.429661,30.631812,武钢兴达综合楼,商务写字楼,,120201,商务住宅,楼宇,商务写字楼
正源大厦,114.177425,30.639125,一邦澜廷(金银湖公园地铁站E口步行470米),商务写字楼,,120201,商务住宅,楼宇,商务写字楼
长青大厦,114.16506,30.639963,海口三路5号海口电力工业园,商务写字楼,,120201,商务住宅,楼宇,商务写字楼
傅友大厦A座,114.164676,30.641863,傅友大厦,商务写字楼,,120201,商务住宅,楼宇,商务写字楼
良品大厦,114.196144,30.645592,金银湖侧路与金银湖北街交叉口东南100米,商务写字楼,,120201,商务住宅,楼宇,商务写字楼
航天大厦,114.202025,30.642525,金山大道9号中国航天三江集团有限公司,商务写字楼,,120201,商务住宅,楼宇,商务写字楼
融汇大厦,114.197824,30.646118,金银湖北街与金银湖中路交叉口西南120米,商务写字楼,,120201,商务住宅,楼宇,商务写字楼
金银湖创新中心A栋,114.198659,30.646334,金银湖创新中心,商务写字楼,,120201,商务住宅,楼宇,商务写字楼
汉江大厦,114.19957,30.645958,航天路附近,商务写字楼,,120201,商务住宅,楼宇,商务写字楼
金银湖创新中心,114.199007,30.646918,金银湖中路与金银湖北街交叉口东南100米,商务写字楼,,120201,商务住宅,楼宇,商务写字楼
金银湖街道金银湖北街8号金福祥大厦/栋,114.199425,30.647125,金银湖创新中心,商务写字楼,,120201,商务住宅,楼宇,商务写字楼
欧亚广场,114.206405,30.640288,金山大道185号(金银湖地铁站C口步行140米),商务写字楼,,120201,商务住宅,楼宇,商务写字楼
武汉华尔登国际酒店二期写字楼,114.206621,30.639865,金山大道与金银湖路交叉口东160米,商务写字楼,,120201,商务住宅,楼宇,商务写字楼
欧亚广场写字楼,114.207025,30.640025,金山大道185号欧亚广场,商务写字楼,,120201,商务住宅,楼宇,商务写字楼
贝斯特写字楼,114.207025,30.639975,金山大道185号欧亚广场,商务写字楼,,120201,商务住宅,楼宇,商务写字楼
欧亚广场写字楼A座,114.207125,30.640075,金山大道185号欧亚广场,商务写字楼,,120201,商务住宅,楼宇,商务写字楼
联通大厦,114.205091,30.648068,联通路9号中国联通(湖北省分公司),商务写字楼,,120201,商务住宅,楼宇,商务写字楼
佳园商服中心,114.225875,30.650325,沿海丽水佳园(马池地铁站B口步行490米),商务写字楼,,120201,商务住宅,楼宇,商务写字楼
常青花园四小区综合服务楼,114.236233,30.644728,学府北路65号常青花园四小区,商务写字楼,,120201,商务住宅,楼宇,商务写字楼
武商量贩写字楼,114.239014,30.639532,公园环路与常青花园中路交叉口东北80米,商务写字楼,,120201,商务住宅,楼宇,商务写字楼
中科国贸,114.239128,30.639496,常青花园中路115号附7号,商务写字楼,,120201,商务住宅,楼宇,商务写字楼
常青花园写字楼,114.239129,30.63948,常青花园中路与公园环路交叉口东北100米,商务写字楼,,120201,商务住宅,楼宇,商务写字楼
中央商业街写字楼,114.239275,30.639375,常青中央商业街(常青花园地铁站B1口步行320米),商务写字楼,,120201,商务住宅,楼宇,商务写字楼
武汉教育电视台演播大楼,114.242739,30.65307,金银潭大道5号(金银潭地铁站A2口步行330米),商务写字楼,,120201,商务住宅,楼宇,商务写字楼
跃进大厦,114.262806,30.642615,春兰街与振跃路交叉口北60米,商务写字楼,,120201,商务住宅,楼宇,商务写字楼
武汉老干部办公楼,114.254884,30.649256,将军路与将军一路交叉口东北40米,商务写字楼,,120201,商务住宅,楼宇,商务写字楼
华岩大厦,114.263175,30.650225,将军三路与将军四路交叉口北120米,商务写字楼,,120201,商务住宅,楼宇,商务写字楼
奶油田科创大厦,114.275242,30.642453,塔子湖天地汇15号楼,商务写字楼,,120201,商务住宅,楼宇,商务写字楼
天地汇写字楼,114.275242,30.642488,塔子湖·天地汇,商务写字楼,,120201,商务住宅,楼宇,商务写字楼
武汉市民热线办公楼,114.282303,30.639817,后湖大道95号武汉市民热线,商务写字楼,,120201,商务住宅,楼宇,商务写字楼
塔子湖体育中心体育局大楼,114.282425,30.639475,武汉市体育局,商务写字楼,,120201,商务住宅,楼宇,商务写字楼
军运会执委会大楼,114.282425,30.639475,后湖大道与塔子湖东路交叉口东北120米,商务写字楼,,120201,商务住宅,楼宇,商务写字楼
武汉全民健身中心综合楼东区,114.284975,30.641275,塔子湖东路1号塔子湖体育消费中心,商务写字楼,,120201,商务住宅,楼宇,商务写字楼
双福大楼,114.264903,30.652713,将军四路与将军路交叉口东南100米,商务写字楼,,120201,商务住宅,楼宇,商务写字楼
武汉市托育综合服务大楼(建设中),114.280379,30.645466,和谐大道和塔子湖东路交汇处,商务写字楼,,120201,商务住宅,楼宇,商务写字楼
越秀星汇君泊公寓B2座,114.282007,30.64945,塔子湖东路18号越秀星汇君泊一二期,商务写字楼,,120201,商务住宅,楼宇,商务写字楼
越秀·星汇君泊大厦A座,114.281482,30.650666,健美街1号,商务写字楼,,120201,商务住宅,楼宇,商务写字楼
立城中心,114.287205,30.651866,华岭路与健美街交汇处(长投海德公园旁),商务写字楼,,120201,商务住宅,楼宇,商务写字楼
光明地产大厦,114.286985,30.652715,塔子湖街街道华岭路与健美街交口,商务写字楼,,120201,商务住宅,楼宇,商务写字楼
新地东方广场B-A栋,114.30211,30.640421,兴业路186号东方广场(兴业路地铁站J口步行360米),商务写字楼,,120201,商务住宅,楼宇,商务写字楼
三知数字大厦,114.306641,30.649899,后湖大道182号(二七星城1号楼亚朵酒店旁),商务写字楼,,120201,商务住宅,楼宇,商务写字楼
汉口城市广场2期商业,114.305962,30.651416,汉口城市广场A区(后湖大道地铁站G口旁),商务写字楼,,120201,商务住宅,楼宇,商务写字楼
汉口城市广场4号楼,114.306375,30.651375,后湖大道汉口城市广场C区(后湖大道地铁站G口旁),商务写字楼,,120201,商务住宅,楼宇,商务写字楼
城建坤璟大厦A栋,114.308034,30.650737,后湖大道190号城建坤璟大厦,商务写字楼,,120201,商务住宅,楼宇,商务写字楼
坤璟大厦K2座,114.308051,30.650744,后湖大道190号城建坤璟大厦,商务写字楼,,120201,商务住宅,楼宇,商务写字楼
汉口城市广场2期1号楼,114.305875,30.651825,后湖大道111号汉口城市广场,商务写字楼,,120201,商务住宅,楼宇,商务写字楼
LOFT1号楼,114.305344,30.65208,后湖大道111号汉口城市广场,商务写字楼,,120201,商务住宅,楼宇,商务写字楼
城建坤璟大厦13A楼,114.30815,30.65095,后湖大道190号城建坤璟大厦,商务写字楼,,120201,商务住宅,楼宇,商务写字楼
城建坤璟大厦,114.308194,30.650965,后湖大道190号(后湖大道地铁站J口步行50米),商务写字楼,,120201,商务住宅,楼宇,商务写字楼
铁狮科创中心,114.305425,30.652525,建设大道1298号(幸福万象1号楼),商务写字楼,,120201,商务住宅,楼宇,商务写字楼
武汉源生铁路配件制造有限公司办公楼,114.316825,30.640025,后湖乡建设新村885号武汉源生铁路配件制造有限公司,商务写字楼,,120201,商务住宅,楼宇,商务写字楼
百步亭花园社区服务综合楼B栋,114.320575,30.644175,百步亭花园路与百花路交叉口西北60米,商务写字楼,,120201,商务住宅,楼宇,商务写字楼
LOFT1号楼A区,114.326382,30.641921,百步亭花园路18号百步亭花园现代城,商务写字楼,,120201,商务住宅,楼宇,商务写字楼
百步亭大厦,114.328044,30.640725,解放大道2613号(丹水池地铁站D口步行380米),商务写字楼,,120201,商务住宅,楼宇,商务写字楼
LOFT1号楼,114.327875,30.642275,百步亭花园里(丹水池地铁站D口步行380米),商务写字楼,,120201,商务住宅,楼宇,商务写字楼
酒到佳大厦,114.309411,30.651404,后湖大道188号(后湖大道地铁站K口旁),商务写字楼,,120201,商务住宅,楼宇,商务写字楼
丹亭懿府物业办公楼,114.326425,30.647875,丹水池街道丹亭懿府,商务写字楼,,120201,商务住宅,楼宇,商务写字楼
loft-3号楼,114.328575,30.641725,百步亭花园里(丹水池地铁站D口步行280米),商务写字楼,,120201,商务住宅,楼宇,商务写字楼
中储661钢材市场中心大楼,114.331875,30.647375,解放大道辅路与丹西路交叉口东南60米,商务写字楼,,120201,商务住宅,楼宇,商务写字楼
中储股份汉口分公司中储大楼661号楼,114.332725,30.647325,解放大道辅路与丹西路交叉口东140米,商务写字楼,,120201,商务住宅,楼宇,商务写字楼
中储股份汉口分公司-中储大楼,114.33274,30.647432,解放大道2002附2东北方向130米,商务写字楼,,120201,商务住宅,楼宇,商务写字楼
商务三厅,114.335353,30.647819,解放大道辅路与丹西路交叉口东380米,商务写字楼,,120201,商务住宅,楼宇,商务写字楼
武汉再生资源商务大厦(建设中),114.331369,30.648859,解放大道1675号,商务写字楼,,120201,商务住宅,楼宇,商务写字楼
云仓新办公楼,114.343765,30.651421,江岸路8号,商务写字楼,,120201,商务住宅,楼宇,商务写字楼
武汉铁塔厂综合楼,114.339927,30.652345,新湖街与新北路交叉口南260米,商务写字楼,,120201,商务住宅,楼宇,商务写字楼
青山新政府大楼,114.385323,30.639747,临江大道868号武汉市青山区人民政府,商务写字楼,,120201,商务住宅,楼宇,商务写字楼
一江璟城D栋写字楼,114.395975,30.638975,红钢二街与馨园北巷交叉口东南200米,商务写字楼,,120201,商务住宅,楼宇,商务写字楼
招商一江璟城南区B栋,114.396669,30.63749,和平大道977号(红钢城地铁站C口步行440米),商务写字楼,,120201,商务住宅,楼宇,商务写字楼
招商时代总部,114.397031,30.637662,和平大道983附3号(红钢城地铁站C口步行370米),商务写字楼,,120201,商务住宅,楼宇,商务写字楼
招商·时代总部C栋,114.397379,30.637831,和平大道辅路与悦宾巷交叉口北80米,商务写字楼,,120201,商务住宅,楼宇,商务写字楼
青扬十街写字楼,114.400123,30.639316,青扬十街西区(红钢城地铁站C口步行250米),商务写字楼,,120201,商务住宅,楼宇,商务写字楼
钰龙时代中心1栋,114.401504,30.638609,沿港一巷与红钢四街交叉口北180米,商务写字楼,,120201,商务住宅,楼宇,商务写字楼
钰龙时代中心,114.401701,30.638458,和平大道1146号(红钢城地铁站A口旁),商务写字楼,,120201,商务住宅,楼宇,商务写字楼
青杨岗厦A座,114.40185,30.64065,建设八路与红钢三街交叉口南120米,商务写字楼,,120201,商务住宅,楼宇,商务写字楼
杜鹃苑,114.401129,30.644354,建设八路红钢二街路口武钢科技人才园,商务写字楼,,120201,商务住宅,楼宇,商务写字楼
青杨岗厦,114.402405,30.639201,和平大道1544号青山商场,商务写字楼,,120201,商务住宅,楼宇,商务写字楼
中兴大厦,114.40409,30.638612,红钢城沿港路3号(红钢城地铁站D口步行200米),商务写字楼,,120201,商务住宅,楼宇,商务写字楼
中兴大厦B座,114.404275,30.638525,沿港路3号中兴大厦(红钢城地铁站D口步行240米),商务写字楼,,120201,商务住宅,楼宇,商务写字楼
中交锦立方,114.404254,30.645259,建设九路与红钢二街交汇处,商务写字楼,,120201,商务住宅,楼宇,商务写字楼
中交锦立方A座,114.404275,30.645275,中交锦立方,商务写字楼,,120201,商务住宅,楼宇,商务写字楼
中交江锦湾10栋B座,114.405175,30.645325,红钢二街13号中交·江锦湾,商务写字楼,,120201,商务住宅,楼宇,商务写字楼
绿地·印公馆T楼,114.421875,30.641275,绿地·印公馆(青宜居地铁站B口步行250米),商务写字楼,,120201,商务住宅,楼宇,商务写字楼
宝武环科华中大区办公楼,114.430875,30.639825,环厂北路与保华路交叉口东北460米,商务写字楼,,120201,商务住宅,楼宇,商务写字楼
武汉恒大城市广场2栋,114.171983,30.66118,环湖中路43号恒大城市广场,商务写字楼,,120201,商务住宅,楼宇,商务写字楼
沣禾大厦,114.262784,30.653159,将军路251号,商务写字楼,,120201,商务住宅,楼宇,商务写字楼
金银潭文化广场楚商大厦1栋,114.263375,30.659225,将军五路与金银潭大道交叉口东80米,商务写字楼,,120201,商务住宅,楼宇,商务写字楼
金银潭文化广场·楚商大厦,114.263459,30.659172,金银潭大道68号,商务写字楼,,120201,商务住宅,楼宇,商务写字楼
武汉极地海洋度假区行政楼,114.276775,30.664025,金银潭大道与宏图一路交叉口南280米,商务写字楼,,120201,商务住宅,楼宇,商务写字楼
绿地汉口中心广场S9-B栋,114.291225,30.654925,华隆路66号绿地汉口中心,商务写字楼,,120201,商务住宅,楼宇,商务写字楼
绿地汉口中心1栋,114.292075,30.655025,健美街与健身街交叉口西120米,商务写字楼,,120201,商务住宅,楼宇,商务写字楼
绿地汉口中心A栋,114.292075,30.655975,华隆路66号绿地汉口中心,商务写字楼,,120201,商务住宅,楼宇,商务写字楼
绿地汉口中心6,114.292265,30.655272,华隆路66号绿地汉口中心,商务写字楼,,120201,商务住宅,楼宇,商务写字楼
绿地·汉口中心2期,114.292147,30.65711,华隆路66号绿地汉口中心,商务写字楼,,120201,商务住宅,楼宇,商务写字楼
绿地汉口中心2期S4B栋,114.292125,30.657225,绿地·汉口中心2期,商务写字楼,,120201,商务住宅,楼宇,商务写字楼
汉口绿地中心商业体,114.292549,30.656664,华隆路66号绿地汉口中心,商务写字楼,,120201,商务住宅,楼宇,商务写字楼
碧桂园蜜柚商业B幢,114.292875,30.654025,碧桂园·蜜柚,商务写字楼,,120201,商务住宅,楼宇,商务写字楼
绿地汉口中心写字楼,114.292781,30.657365,健身街绿地汉口中心,商务写字楼,,120201,商务住宅,楼宇,商务写字楼
银河商务,114.292775,30.657425,华隆路66号绿地汉口中心,商务写字楼,,120201,商务住宅,楼宇,商务写字楼
凯信大厦1号楼,114.29367,30.654067,金桥大道107号凯信大厦,商务写字楼,,120201,商务住宅,楼宇,商务写字楼
凯信大厦2号楼,114.293761,30.654864,凯信大厦2栋,商务写字楼,,120201,商务住宅,楼宇,商务写字楼
凯信大厦,114.294186,30.654545,金桥大道107号,商务写字楼,,120201,商务住宅,楼宇,商务写字楼
凯信大厦3号楼,114.294393,30.655353,凯信大厦3栋,商务写字楼,,120201,商务住宅,楼宇,商务写字楼
人力资源和社会保障局大楼,114.294658,30.65576,金桥大道111号武汉市人力资源和社会保障局,商务写字楼,,120201,商务住宅,楼宇,商务写字楼
新长江传媒大厦5号楼,114.294447,30.657144,金桥大道特115号长江传媒大厦,商务写字楼,,120201,商务住宅,楼宇,商务写字楼
长江传媒大厦,114.294794,30.657356,金桥大道特115号,商务写字楼,,120201,商务住宅,楼宇,商务写字楼
临空1号企业总部3栋,114.288093,30.668052,银潭路与金银潭大道交叉口东南280米,商务写字楼,,120201,商务住宅,楼宇,商务写字楼
汉口城市广场B区2号写字楼,114.307039,30.652283,后湖大道与怡康路交叉口西180米,商务写字楼,,120201,商务住宅,楼宇,商务写字楼
LOFT2号楼,114.307079,30.652294,后湖大道汉口城市广场C区,商务写字楼,,120201,商务住宅,楼宇,商务写字楼
中环商贸城商务楼,114.304791,30.660992,井南大道,商务写字楼,,120201,商务住宅,楼宇,商务写字楼
汉口城市广场商业公寓楼,114.308125,30.652825,后湖大道汉口城市广场C区,商务写字楼,,120201,商务住宅,楼宇,商务写字楼
汉口城市广场LOFT3号楼,114.30825,30.65245,后湖大道汉口城市广场C区,商务写字楼,,120201,商务住宅,楼宇,商务写字楼
竹叶山商贸城中心大楼,114.303629,30.662161,金桥大道特1号,商务写字楼,,120201,商务住宅,楼宇,商务写字楼
汉口城市广场商业A区一号楼,114.309275,30.653225,怡康路与后湖大道交叉口北140米,商务写字楼,,120201,商务住宅,楼宇,商务写字楼
汉口城市广场-5号办公楼,114.310746,30.65339,汉口城市广场E区(后湖大道地铁站L口步行300米),商务写字楼,,120201,商务住宅,楼宇,商务写字楼
统百中心B座,114.311325,30.655925,统百中心,商务写字楼,,120201,商务住宅,楼宇,商务写字楼
5+mg五恒系统空调,114.311311,30.656096,后湖街街道后湖大道幸福时代四期办公楼B栋,商务写字楼,,120201,商务住宅,楼宇,商务写字楼
统百中心,114.311311,30.656096,温馨路与新益街交叉口西北60米,商务写字楼,,120201,商务住宅,楼宇,商务写字楼
钢材市场电子交易大楼,114.30418,30.664568,后湖街办事处竹叶山中环商贸城,商务写字楼,,120201,商务住宅,楼宇,商务写字楼
泓博·悦府写字楼,114.303319,30.665404,泓博·悦府,商务写字楼,,120201,商务住宅,楼宇,商务写字楼
爱迪尔商业中心E区,114.31495,30.65545,百步亭花园路与后湖大道交叉口西北120米,商务写字楼,,120201,商务住宅,楼宇,商务写字楼
武汉城建·汉悦公寓旗舰店A10商业2号楼,114.313953,30.660198,百步亭花园路190-10号汉悦公寓旗舰店,商务写字楼,,120201,商务住宅,楼宇,商务写字楼
百步亭商业中心,114.321725,30.655875,新生活摩尔城柠檬墅,商务写字楼,,120201,商务住宅,楼宇,商务写字楼
华林广场,114.323945,30.655868,后湖大道264号季佳·里华林,商务写字楼,,120201,商务住宅,楼宇,商务写字楼
龙湖清能天曜-B区西区,114.329504,30.658554,汉黄路特5号龙湖清能天曜(新荣地铁站F口步行400米),商务写字楼,,120201,商务住宅,楼宇,商务写字楼
江城科创大厦,114.330054,30.657292,后湖大道356号(新荣地铁站F口步行230米),商务写字楼,,120201,商务住宅,楼宇,商务写字楼
城开云悦邸商务中心A栋,114.330975,30.655709,后湖大道366号城开云悦邸,商务写字楼,,120201,商务住宅,楼宇,商务写字楼
宏狮后湖中心,114.330592,30.656429,后湖大道366号城开云悦邸,商务写字楼,,120201,商务住宅,楼宇,商务写字楼
江城科创大厦B9栋,114.330075,30.657275,后湖大道356号江城科创大厦,商务写字楼,,120201,商务住宅,楼宇,商务写字楼
龙湖清能天曜B9栋写字楼,114.330475,30.657775,龙湖清能天曜B区(新荣地铁站F口步行220米),商务写字楼,,120201,商务住宅,楼宇,商务写字楼
新荣天街A座,114.33165,30.65815,后湖街道后湖大道355号武汉新荣天街,商务写字楼,,120201,商务住宅,楼宇,商务写字楼
新荣天街5号楼,114.332325,30.658425,汉黄路与后湖大道交叉口西180米,商务写字楼,,120201,商务住宅,楼宇,商务写字楼
武汉新荣TOD天街综合体项目B地块,114.333079,30.65833,后湖街道后湖大道355号武汉新荣天街,商务写字楼,,120201,商务住宅,楼宇,商务写字楼
龙湖清能新荣天街TOD综合体,114.332558,30.658751,后湖街道后湖大道355号武汉新荣天街,商务写字楼,,120201,商务住宅,楼宇,商务写字楼
江城商务大楼,114.335582,30.654783,新湖街与解放大道辅路交叉口东120米,商务写字楼,,120201,商务住宅,楼宇,商务写字楼
江城商务大楼A座,114.335675,30.654825,江城商务大楼(新荣地铁站B口步行230米),商务写字楼,,120201,商务住宅,楼宇,商务写字楼
江城商务大楼B座,114.33587,30.654827,江城商务大楼(新荣地铁站B口步行250米),商务写字楼,,120201,商务住宅,楼宇,商务写字楼
江城商务大楼604A座,114.335879,30.654716,江城商务大楼(新荣地铁站B口步行380米),商务写字楼,,120201,商务住宅,楼宇,商务写字楼
福星惠誉虹桥城办公楼,114.332989,30.660635,解放大道2727号美联·公园前,商务写字楼,,120201,商务住宅,楼宇,商务写字楼
武汉市江岸区红桥村城中村改造K1地块建设项目第办公楼,114.332725,30.661725,汉黄路6号福星惠誉·红桥城,商务写字楼,,120201,商务住宅,楼宇,商务写字楼
红桥城办公楼,114.332056,30.663512,汉黄路6号福星惠誉·红桥城,商务写字楼,,120201,商务住宅,楼宇,商务写字楼
金翊2035,114.331751,30.665149,丹水池街道汉黄路8号,商务写字楼,,120201,商务住宅,楼宇,商务写字楼
金翊2035产业园5栋,114.332548,30.665701,,商务写字楼,,120201,商务住宅,楼宇,商务写字楼
泊寓,114.332547,30.665704,机电园路与青芷路交叉口西280米,商务写字楼,,120201|100100,商务住宅,楼宇,商务写字楼
公交集团大楼,114.347125,30.662025,江岸路与江岸路辅道交叉口西南280米,商务写字楼,,120201,商务住宅,楼宇,商务写字楼
武汉肉联食品有限公司办公楼,114.351957,30.663262,江岸路12号武汉肉联食品有限公司,商务写字楼,,120201,商务住宅,楼宇,商务写字楼
统建正江瓴,114.339282,30.666668,解放大道辅路与谌家矶大道交叉口东南80米,商务写字楼,,120201,商务住宅,楼宇,商务写字楼
联宇软件研发办公楼,114.441775,30.461925,流芳园北路与流芳园中路交叉口西100米,商务写字楼,,120201,商务住宅,楼宇,商务写字楼
汇成大厦,114.438359,30.458261,流芳园横路与光谷一路交叉口东80米,商务写字楼,,120201,商务住宅,楼宇,商务写字楼
凌云光电产业园办公楼,114.446675,30.460875,流芳园东路与流芳园横路交叉口东北100米,商务写字楼,,120201,商务住宅,楼宇,商务写字楼
武汉凌云光电科技企业孵化器L5栋,114.446835,30.460831,东湖开发区流芳园横路3号凌云产业园,商务写字楼,,120201,商务住宅,楼宇,商务写字楼
汇成中心·C+Work,114.438457,30.457669,光谷一路与流芳园横路交汇处东南,商务写字楼,,120201,商务住宅,楼宇,商务写字楼
武汉光谷电子工业园福保楼,114.451125,30.460025,流芳园南路1号武汉光谷电子工业园,商务写字楼,,120201|120100,商务住宅,楼宇,商务写字楼
成真楼,114.449633,30.474942,高新二路与身正大道交叉口南180米,商务写字楼,,120201,商务住宅,楼宇,商务写字楼
优斯特大楼,114.460025,30.456825,高新四路辅路与佛祖岭一路交叉口西400米,商务写字楼,,120201,商务住宅,楼宇,商务写字楼
光谷国际,114.463707,30.474179,佛祖岭一路与高新二路交叉口南160米,商务写字楼,,120201,商务住宅,楼宇,商务写字楼
合康变频行政主楼,114.472995,30.466461,佛祖岭三路与流芳园横路交叉口北380米,商务写字楼,,120201,商务住宅,楼宇,商务写字楼
武汉首创奥特莱斯1号楼,114.460475,30.477525,东湖高新区高新二路139号首创奥特莱斯,商务写字楼,,120201,商务住宅,楼宇,商务写字楼
湖北省奥林匹克体育中心办公楼,114.469461,30.475516,东湖新技术开发区光谷三路特1号湖北省奥林匹克体育中心,商务写字楼,,120201,商务住宅,楼宇,商务写字楼
湖北省天然气大厦,114.480125,30.456525,光谷三路与高新四路辅路交叉口西100米,商务写字楼,,120201,商务住宅,楼宇,商务写字楼
金山集团武汉总部7号楼,114.484805,30.454205,港边田路9号金山集团武汉总部,商务写字楼,,120201,商务住宅,楼宇,商务写字楼
金山集团武汉总部8号楼,114.484775,30.454175,港边田路9号金山集团武汉总部,商务写字楼,,120201,商务住宅,楼宇,商务写字楼
金山集团总部A楼,114.485325,30.452475,金培路与港边田路交叉口东南180米,商务写字楼,,120201,商务住宅,楼宇,商务写字楼
软通动力武汉总部A座,114.503926,30.46864,高新三路198号,商务写字楼,,120201,商务住宅,楼宇,商务写字楼
光谷创新天地北里,114.51465,30.476453,光谷创新天地1期,商务写字楼,,120201,商务住宅,楼宇,商务写字楼
武汉光谷国际,114.542025,30.473125,生物园路与神墩五路交叉口西北120米,商务写字楼,,120201,商务住宅,楼宇,商务写字楼
生物医药园3期13号楼,114.53919,30.475354,光谷生物医药加速器,商务写字楼,,120201,商务住宅,楼宇,商务写字楼
湖北天勤生物科技集团股份有限公司武汉分公司办公楼,114.539174,30.475438,高新二路388号光谷国际医药企业加速器C13栋,商务写字楼,,120201,商务住宅,楼宇,商务写字楼
高农国际6号楼,114.54764,30.476377,高新二路与生物园东路交叉口东180米,商务写字楼,,120201,商务住宅,楼宇,商务写字楼
融智空间,114.547725,30.476375,高农国际6号楼,商务写字楼,,120201,商务住宅,楼宇,商务写字楼
高农国际28号楼,114.546737,30.476974,生物园东路与神墩四路交叉口东南200米,商务写字楼,,120201,商务住宅,楼宇,商务写字楼
高农国际5号楼,114.548299,30.476296,高新二路与光谷八路交叉口西140米,商务写字楼,,120201,商务住宅,楼宇,商务写字楼
高农国际17号楼,114.547625,30.476738,高新二路与光谷八路交叉口西220米,商务写字楼,,120201,商务住宅,楼宇,商务写字楼
神墩四路666号种子生产仓储及销售项目研发楼B区,114.554425,30.476325,国英生物,商务写字楼,,120201,商务住宅,楼宇,商务写字楼
国英大厦,114.554325,30.477125,国英生物,商务写字楼,,120201,商务住宅,楼宇,商务写字楼
武汉东湖新技术开发区关山一路1号软件园4.1期B区B3B4裙楼,114.409222,30.478995,关山大道特1号光谷软件园内软件园广场,商务写字楼,,120201|120100,商务住宅,楼宇,商务写字楼
美景商业楼,114.435225,30.484675,统建·天成美景(武汉东站地铁站B口步行380米),商务写字楼,,120201,商务住宅,楼宇,商务写字楼
智能经济产业大厦,114.442449,30.483983,高新二路51号,商务写字楼,,120201,商务住宅,楼宇,商务写字楼
武汉万品汇中心(二师工程实训中心),114.442425,30.483925,湖口幼儿园附近,商务写字楼,,120201,商务住宅,楼宇,商务写字楼
湖北第二师范学院学生创业孵化基地,114.442661,30.483958,湖新路与湖口一路交叉口湖北第二师范学院内,商务写字楼,,120201|120100|141400,商务住宅,楼宇,商务写字楼
华翔中心B1栋,114.440625,30.488475,东湖高新区高新大道438号宜科中心,商务写字楼,,120201,商务住宅,楼宇,商务写字楼
宜科中心,114.440651,30.488488,东湖高新区高新大道438号,商务写字楼,,120201,商务住宅,楼宇,商务写字楼
隆越大厦B座,114.437078,30.482252,光谷一路42号隆越大厦,商务写字楼,,120201,商务住宅,楼宇,商务写字楼
武汉海关综合实验楼,114.438816,30.488755,东湖新技术开发区高新大道430号,商务写字楼,,120201,商务住宅,楼宇,商务写字楼
天风证券大厦,114.442731,30.488163,中兴通讯武汉研发中心(湖口地铁站A口步行370米),商务写字楼,,120201,商务住宅,楼宇,商务写字楼
隆越大厦,114.436764,30.482156,光谷一路42号,商务写字楼,,120201,商务住宅,楼宇,商务写字楼
华新大厦B幢,114.437922,30.488746,高新大道辅路南50米华新大厦,商务写字楼,,120201,商务住宅,楼宇,商务写字楼
华新大厦,114.43769,30.488913,高新大道辅路南50米,商务写字楼,,120201,商务住宅,楼宇,商务写字楼
华新大厦A幢,114.437382,30.48889,高新大道辅路南50米华新大厦,商务写字楼,,120201,商务住宅,楼宇,商务写字楼
华新大厦1栋,114.437425,30.488925,高新大道辅路南50米华新大厦,商务写字楼,,120201,商务住宅,楼宇,商务写字楼
隆越大厦A座,114.436273,30.481816,光谷一路42号,商务写字楼,,120201,商务住宅,楼宇,商务写字楼
华新总部基地办公楼,114.437896,30.489404,雄楚大道高架入口与高新大道辅路交叉口西南80米,商务写字楼,,120201,商务住宅,楼宇,商务写字楼
金谷明珠园写字楼,114.443879,30.479103,高新二路127号金谷明珠园小区东区,商务写字楼,,120201,商务住宅,楼宇,商务写字楼
光谷建设大厦,114.436069,30.47895,东湖高新区高新二路与光谷一路交口西北角关南工业园,商务写字楼,,120201,商务住宅,楼宇,商务写字楼
光谷建设大厦A栋,114.435875,30.478975,东湖高新区高新二路与光谷一路交口西北角关南工业园光谷建设大厦,商务写字楼,,120201,商务住宅,楼宇,商务写字楼
人福医药集团新大楼,114.470025,30.484825,人福医药研究院(光谷同济医院地铁站B口步行320米),商务写字楼,,120201,商务住宅,楼宇,商务写字楼
武汉产业创新发展研究院B座,114.469725,30.487325,武汉产业创新发展研究院,商务写字楼,,120201,商务住宅,楼宇,商务写字楼
武创院本部大楼,114.470138,30.487449,高新大道药监二路(光谷同济医院地铁站C口步行450米),商务写字楼,,120201,商务住宅,楼宇,商务写字楼
楚源国际大厦A栋,114.469975,30.489125,药监路楚源国际大厦,商务写字楼,,120201,商务住宅,楼宇,商务写字楼
武汉国家产业基地BCD区研发楼,114.472475,30.483941,科创南路与科创中路交叉口西北100米,商务写字楼,,120201,商务住宅,楼宇,商务写字楼
3551大楼,114.473654,30.483663,东湖新技术开发区高新大道666号光谷生物城B3栋,商务写字楼,,120201,商务住宅,楼宇,商务写字楼
医工交叉研究大楼,114.469775,30.494925,群英路66号华中科技大学国际医学创新中心,商务写字楼,,120201,商务住宅,楼宇,商务写字楼
国药器械楼,114.479675,30.484725,光谷三路辅路与豹中街交叉口西180米,商务写字楼,,090000|120201,商务住宅,楼宇,商务写字楼
国控湖北公司商务中心,114.479648,30.484748,高新大道666号正东方向140米国药大厦,商务写字楼,,120201,商务住宅,楼宇,商务写字楼
国药大厦,114.479843,30.484339,高新大道666号正东方向140米,商务写字楼,,120201,商务住宅,楼宇,商务写字楼
光谷金融中心1号楼,114.479875,30.485675,创新东路与李时珍路交叉口东160米,商务写字楼,,120201,商务住宅,楼宇,商务写字楼
光谷金融中心A座,114.479864,30.485844,光谷三路辅路(光谷生物园地铁站A口步行190米),商务写字楼,,120201,商务住宅,楼宇,商务写字楼
光谷金融中心C座,114.478946,30.485649,光谷金融中心(光谷生物园地铁站A口步行360米),商务写字楼,,120201,商务住宅,楼宇,商务写字楼
光谷金融中心,114.479495,30.486274,光谷生物园地铁站A口步行340米,商务写字楼,,120201,商务住宅,楼宇,商务写字楼
湖北广电传媒大厦裙楼,114.483475,30.485675,东湖高新高新大道678号湖北广电传媒大厦,商务写字楼,,120201,商务住宅,楼宇,商务写字楼
湖北广电传媒大厦,114.483477,30.485677,东湖高新高新大道678号,商务写字楼,,120201,商务住宅,楼宇,商务写字楼
辉瑞大楼,114.476587,30.486326,光谷生物城B区(光谷生物园地铁站A口步行390米),商务写字楼,,120201,商务住宅,楼宇,商务写字楼
光谷文化中心1号楼,114.480658,30.489232,高新大道567号光谷文化中心,商务写字楼,,120201,商务住宅,楼宇,商务写字楼
光谷文化中心A栋,114.48255,30.49025,高新大道567号光谷文化中心,商务写字楼,,120201,商务住宅,楼宇,商务写字楼
武汉三鹰生物技术有限公司-A3研发大楼,114.483025,30.492475,三星巷与王家店小路交叉口东南280米,商务写字楼,,120201,商务住宅,楼宇,商务写字楼
生物创新园二期A8栋翰思生物,114.484375,30.493175,孟新路与九峰一路交叉口西北160米,商务写字楼,,120201,商务住宅,楼宇,商务写字楼
人福国际健康城B座,114.47495,30.49385,光谷三路66号人福国际健康城,商务写字楼,,120201,商务住宅,楼宇,商务写字楼
德富光谷创新中心A栋,114.475225,30.494825,德富光谷创新中心,商务写字楼,,120201,商务住宅,楼宇,商务写字楼
湖北广电网络大厦,114.492795,30.482773,光谷四路62号,商务写字楼,,120201,商务住宅,楼宇,商务写字楼
光谷交通大厦,114.501512,30.485664,神墩一路与望月路交叉口东北80米,商务写字楼,,120201,商务住宅,楼宇,商务写字楼
光谷交通大厦B座,114.501925,30.485525,光谷交通大厦(光谷五路地铁站G口步行150米),商务写字楼,,120201,商务住宅,楼宇,商务写字楼
光谷交通大厦A塔,114.502025,30.485475,光谷交通大厦(光谷五路地铁站G口步行140米),商务写字楼,,120201,商务住宅,楼宇,商务写字楼
大悦城商务项目1期5号商业,114.497875,30.485375,豹溪路辅路与神墩一路交叉口东北40米,商务写字楼,,120201,商务住宅,楼宇,商务写字楼
合一·中心荟,114.502272,30.48544,光谷交通大厦(光谷五路地铁站G口步行90米),商务写字楼,,120201,商务住宅,楼宇,商务写字楼
华康洁净大悦城-T2写字楼,114.498614,30.487396,高新大道718号武汉大悦城T2写字楼,商务写字楼,,120201,商务住宅,楼宇,商务写字楼
光谷和昌中心,114.502325,30.487075,二泉街与光谷五路交叉口西40米,商务写字楼,,120201,商务住宅,楼宇,商务写字楼
武汉大悦城写字楼,114.497917,30.487392,高新大道718号武汉大悦城,商务写字楼,,120201,商务住宅,楼宇,商务写字楼
武汉大悦城B1号楼,114.498225,30.487675,高新大道718号武汉大悦城,商务写字楼,,120201,商务住宅,楼宇,商务写字楼
武汉东湖新技术开发区高新大道766号商务项目,114.502325,30.487525,榫卯数字消费产业基地(光谷五路地铁站G口步行220米),商务写字楼,,120201,商务住宅,楼宇,商务写字楼
光谷大悦城商务项目,114.497575,30.487475,高新大道718号武汉大悦城,商务写字楼,,120201,商务住宅,楼宇,商务写字楼
湖北文旅光谷总部中心T栋,114.502725,30.487575,高新大道766号文旅光谷总部中心,商务写字楼,,120201,商务住宅,楼宇,商务写字楼
微派大悦中心,114.499675,30.488525,高新大道718号武汉大悦城,商务写字楼,,120201,商务住宅,楼宇,商务写字楼
光谷大悦城T1写字楼,114.499625,30.488575,高新大道758号,商务写字楼,,120201,商务住宅,楼宇,商务写字楼
华康洁净大厦,114.498368,30.488316,高新大道718号武汉大悦城,商务写字楼,,120201,商务住宅,楼宇,商务写字楼
慧谷大厦,114.503656,30.487937,高新大道768号(光谷五路地铁站F口步行320米),商务写字楼,,120201,商务住宅,楼宇,商务写字楼
慧谷大厦A栋,114.503637,30.488396,高新大道768号慧谷大厦,商务写字楼,,120201,商务住宅,楼宇,商务写字楼
光谷科技大厦B栋,114.50509,30.487698,高新大道770号光谷科技大厦,商务写字楼,,120201,商务住宅,楼宇,商务写字楼
龙湖光谷天街综合体3期,114.500825,30.479825,雨华路与神墩三路交叉口东南120米,商务写字楼,,120201,商务住宅,楼宇,商务写字楼
高新绿地光谷中心城C-3号楼,114.50445,30.488717,棠浦路与高新大道辅路交叉口东南40米,商务写字楼,,120201,商务住宅,楼宇,商务写字楼
光谷科技大厦,114.504857,30.488454,高新大道770号(光谷五路地铁站F口步行470米),商务写字楼,,120201,商务住宅,楼宇,商务写字楼
光谷·中心城,114.504789,30.488791,高新大道770号光谷科技大厦,商务写字楼,,120201,商务住宅,楼宇,商务写字楼
华翔中心B1栋办公楼,114.505925,30.487325,高新大道776号华翔中心,商务写字楼,,120201,商务住宅,楼宇,商务写字楼
中国光谷1号楼,114.496891,30.490314,高新大道辅路与豹溪路交叉口北120米,商务写字楼,,120201,商务住宅,楼宇,商务写字楼
港创汇,114.506175,30.488525,高新大道776号华翔中心,商务写字楼,,120201,商务住宅,楼宇,商务写字楼
华翔中心A区,114.5064,30.488284,高新大道776号华翔中心,商务写字楼,,120201,商务住宅,楼宇,商务写字楼
武汉洪山区小米武汉总部大楼3号楼,114.502522,30.491051,光谷五路与九峰一路交叉口南180米,商务写字楼,,120201,商务住宅,楼宇,商务写字楼
小米武汉总部大楼A栋,114.502522,30.491051,光谷五路与九峰一路交叉口南180米,商务写字楼,,120201,商务住宅,楼宇,商务写字楼
华翔中心A2写字楼,114.506346,30.488511,高新大道776号华翔中心,商务写字楼,,120201,商务住宅,楼宇,商务写字楼
高新大道776号商务项目,114.507075,30.487625,高新大道776号华翔中心,商务写字楼,,120201,商务住宅,楼宇,商务写字楼
光谷公共服务中心5号楼,114.498594,30.491736,高新大道辅路与豹溪路辅路交叉口东北300米,商务写字楼,,120201,商务住宅,楼宇,商务写字楼
小米武汉总部大楼,114.501978,30.491728,光谷五路与九峰一路交叉口西南140米,商务写字楼,,120201,商务住宅,楼宇,商务写字楼
华翔中心A3栋,114.507125,30.488675,高新大道776号华翔中心,商务写字楼,,120201,商务住宅,楼宇,商务写字楼
光谷新汇2号地块,114.508025,30.487425,九峰光谷新汇,商务写字楼,,120201,商务住宅,楼宇,商务写字楼
奥山中心,114.508371,30.488302,松涛路与一心街交叉口东北60米,商务写字楼,,120201,商务住宅,楼宇,商务写字楼
京文大厦一期A地块,114.509225,30.485537,龙湖新壹城(光谷六路地铁站D口步行170米),商务写字楼,,120201,商务住宅,楼宇,商务写字楼
沃德中心4栋,114.508875,30.487475,高新大道780号沃德中心,商务写字楼,,120201,商务住宅,楼宇,商务写字楼
九峰光谷新汇,114.509325,30.487275,飞霞路与二泉街交叉口东北40米,商务写字楼,,120201,商务住宅,楼宇,商务写字楼
武汉东湖新技术开发区神墩一路77号商业商务项目,114.510025,30.485325,龙湖新壹城(光谷六路地铁站D口步行90米),商务写字楼,,120201,商务住宅,楼宇,商务写字楼
沃德中心南区2号楼,114.50971,30.487419,二泉街与飞霞路交叉口东北60米,商务写字楼,,120201,商务住宅,楼宇,商务写字楼
沃德中心南区,114.509903,30.487782,高新大道780号沃德中心,商务写字楼,,120201,商务住宅,楼宇,商务写字楼
沃德中心北区,114.50991,30.488407,高新大道780号沃德中心,商务写字楼,,120201,商务住宅,楼宇,商务写字楼
武汉创新天地商业公园店,114.51128,30.484399,光谷六路88号KIC PARK创新天地,商务写字楼,,120201,商务住宅,楼宇,商务写字楼
光谷创新天地A2栋,114.511275,30.482675,光谷六路88号KIC PARK创新天地,商务写字楼,,120201,商务住宅,楼宇,商务写字楼
世界城创世界C栋,114.509175,30.47875,世界城·创世界,商务写字楼,,120201,商务住宅,楼宇,商务写字楼
光谷创新天地B楼,114.51185,30.48455,光谷六路88号KIC PARK创新天地,商务写字楼,,120201,商务住宅,楼宇,商务写字楼
格蓝若B座,114.511973,30.482248,云涛路与五彩东街交叉口东南80米,商务写字楼,,120201,商务住宅,楼宇,商务写字楼
光谷创新天地创业中心C3栋,114.512094,30.482598,光谷六路88号KIC PARK创新天地,商务写字楼,,120201,商务住宅,楼宇,商务写字楼
光谷创新天地商业公园A座,114.512525,30.484075,光谷六路88号KIC PARK创新天地,商务写字楼,,120201,商务住宅,楼宇,商务写字楼
朝曦荟办公大楼,114.512425,30.486725,朝曦荟(光谷六路地铁站C2口步行240米),商务写字楼,,120201,商务住宅,楼宇,商务写字楼
光谷创新天地L楼,114.51255,30.48315,光谷六路88号KIC PARK创新天地,商务写字楼,,120201,商务住宅,楼宇,商务写字楼
武汉数汇大厦,114.512774,30.486483,东湖新技术开发区光谷六路28号地铁C2出口,商务写字楼,,120201,商务住宅,楼宇,商务写字楼
格蓝若研发大楼,114.512575,30.481975,光谷六路辅路与五彩东街交叉口南100米,商务写字楼,,120201,商务住宅,楼宇,商务写字楼
联投光谷中心A座,114.513845,30.487258,东湖新技术开发区高新大道792号光谷崇文中心,商务写字楼,,120201,商务住宅,楼宇,商务写字楼
国采中心T4栋A座,114.512125,30.491275,国采中心T4栋,商务写字楼,,120201,商务住宅,楼宇,商务写字楼
中建科技产业园总部大楼,114.513425,30.491175,中建科技产业园,商务写字楼,,120201,商务住宅,楼宇,商务写字楼
武汉美桥富力广场(建设中),114.507119,30.481902,光谷五路,商务写字楼,,120201,商务住宅,楼宇,商务写字楼
湖北省武汉东湖新技术开发区高新大道792号商务项目,114.516575,30.487475,高科园西路与星宜街交叉口西北60米,商务写字楼,,120201,商务住宅,楼宇,商务写字楼
海伦斯大厦,114.516525,30.488075,高科园西路与高新大道辅路交叉口西南80米,商务写字楼,,120201,商务住宅,楼宇,商务写字楼
光谷崇文中心B2栋海伦司,114.516475,30.488125,东湖新技术开发区高新大道792号光谷崇文中心,商务写字楼,,120201,商务住宅,楼宇,商务写字楼
光谷崇文中心-东区,114.515802,30.487803,东湖新技术开发区高新大道792号光谷崇文中心,商务写字楼,,120201,商务住宅,楼宇,商务写字楼
中石化试油测试工程中心西楼,114.522575,30.489625,东湖新技术开发区高新大道807号(北门)中石化江汉石油工程有限公司,商务写字楼,,120201,商务住宅,楼宇,商务写字楼
中建光谷之星H座,114.518241,30.490186,高新大道801号中建光谷之星,商务写字楼,,120201,商务住宅,楼宇,商务写字楼
中建集团有限公司总部大楼,114.518275,30.490225,中建三局集团有限公司(豹澥地铁站D口步行490米),商务写字楼,,120201,商务住宅,楼宇,商务写字楼
光谷华创中心,114.520525,30.490675,晨晖街与高科园路交叉口东南20米,商务写字楼,,120201,商务住宅,楼宇,商务写字楼
中建三局集团有限公司H大楼,114.516775,30.489975,中建三局集团有限公司,商务写字楼,,120201,商务住宅,楼宇,商务写字楼
中建光谷之星G3座B座,114.516225,30.490325,高新大道801号中建光谷之星,商务写字楼,,120201,商务住宅,楼宇,商务写字楼
中建光谷之星G2A座,114.515425,30.489925,高新大道801号中建光谷之星,商务写字楼,,120201,商务住宅,楼宇,商务写字楼
中建光谷之星G2座B座,114.515475,30.490175,高新大道801号中建光谷之星,商务写字楼,,120201,商务住宅,楼宇,商务写字楼
中建光谷之星G3北座,114.515375,30.490275,高新大道801号中建光谷之星,商务写字楼,,120201,商务住宅,楼宇,商务写字楼
光谷之星商业街通讯大楼,114.519075,30.491775,高科园路18号中建·光谷之星商业街,商务写字楼,,120201,商务住宅,楼宇,商务写字楼
中建光谷之星G1栋A座,114.514675,30.490375,高新大道801号中建光谷之星,商务写字楼,,120201,商务住宅,楼宇,商务写字楼
荆州(武汉)离岸科创中心G1栋B座,114.514675,30.490425,晨晖街与光谷六路交叉口东140米,商务写字楼,,120201,商务住宅,楼宇,商务写字楼
中建光谷之星C座,114.51665,30.49195,高新大道801号中建光谷之星,商务写字楼,,120201,商务住宅,楼宇,商务写字楼
湖北煤炭地质局大楼,114.526475,30.490225,东湖新技术开发区开发区高科园二路50号中国煤炭地质总局湖北煤炭地质局,商务写字楼,,120201,商务住宅,楼宇,商务写字楼
创新国际,114.514575,30.478383,神墩四路与星辰路交叉口南20米,商务写字楼,,120201,商务住宅,楼宇,商务写字楼
中建光谷之星I座公寓,114.51575,30.49325,高新大道801号中建光谷之星,商务写字楼,,120201,商务住宅,楼宇,商务写字楼
迈瑞大厦,114.530975,30.487597,高新大道辅路与光谷七路交叉口西280米,商务写字楼,,120201,商务住宅,楼宇,商务写字楼
武汉高农生物大厦B座,114.541738,30.481542,生物园路与神墩三路交叉口东北100米,商务写字楼,,120201,商务住宅,楼宇,商务写字楼
武汉高农生物大厦A座,114.541921,30.481289,生物园路与神墩三路交叉口东北100米,商务写字楼,,120201,商务住宅,楼宇,商务写字楼
武汉高农生物大厦C座,114.542052,30.481331,高农大厦,商务写字楼,,120201,商务住宅,楼宇,商务写字楼
高农大厦,114.542104,30.481346,神墩三路与生物园路交叉口东北约160米,商务写字楼,,120201,商务住宅,楼宇,商务写字楼
武汉新能源研究院大楼,114.539341,30.48994,高新大道999号,商务写字楼,,120201,商务住宅,楼宇,商务写字楼
武汉未来科技城G区1栋,114.538403,30.490122,未来科技城G区,商务写字楼,,120201,商务住宅,楼宇,商务写字楼
武汉新能源研究院大楼G3号楼,114.539077,30.490325,高新大道999号武汉新能源研究院大楼,商务写字楼,,120201,商务住宅,楼宇,商务写字楼
武汉未来科技城F1座,114.542366,30.49011,高新大道999号F区1号楼武汉未来科技城内,商务写字楼,,120201,商务住宅,楼宇,商务写字楼
展想新思中心,114.543857,30.489779,高新大道999号未来科技城龙山南街6号,商务写字楼,,120201,商务住宅,楼宇,商务写字楼
华为武汉研究所B区B2座,114.534958,30.489427,华为武汉研究所B区(光谷七路地铁站出入口步行270米),商务写字楼,,120201,商务住宅,楼宇,商务写字楼
华为武汉研究所B1座,114.536243,30.490556,顶冠峰路与九峰三路交叉口西南140米,商务写字楼,,120201,商务住宅,楼宇,商务写字楼
未来科技大厦,114.540156,30.491925,九峰三路与龙山溪二路交叉口东北100米,商务写字楼,,120201,商务住宅,楼宇,商务写字楼
未来科技大厦C栋,114.540375,30.491975,未来科技城C区,商务写字楼,,120201,商务住宅,楼宇,商务写字楼
未来科技大厦C3栋,114.54038,30.492006,高新大道999号,商务写字楼,,120201,商务住宅,楼宇,商务写字楼
海外人才大楼,114.538365,30.491883,东湖开发区高新大道999号未来科技城,商务写字楼,,120201,商务住宅,楼宇,商务写字楼
未来科技城B3座,114.538755,30.491946,高新大道999号A9区3号楼武汉未来科技城内,商务写字楼,,120201,商务住宅,楼宇,商务写字楼
创业者港湾,114.540375,30.492025,九峰三路与龙山溪路交叉口西北120米,商务写字楼,,120100|120201,商务住宅,,
海外人才大楼B座,114.538738,30.492064,东湖开发区高新大道999号未来科技城海外人才大楼,商务写字楼,,120201,商务住宅,楼宇,商务写字楼
武汉未来科技城B4,114.537942,30.492016,顶冠峰路与九峰三路交叉口东北80米,商务写字楼,,120201,商务住宅,楼宇,商务写字楼
海外人才大楼99号楼,114.53855,30.49215,东湖开发区高新大道999号未来科技城海外人才大楼,商务写字楼,,120201,商务住宅,楼宇,商务写字楼
中国种都大厦,114.548183,30.48315,中国种都,商务写字楼,,120201,商务住宅,楼宇,商务写字楼
海外人才大楼C4座,114.539675,30.492575,龙山溪二路与九峰三路交叉口北120米,商务写字楼,,120201,商务住宅,楼宇,商务写字楼
未来科技城B5座,114.538175,30.492613,未来科技城B区,商务写字楼,,120201,商务住宅,楼宇,商务写字楼
武汉未来科技城B区B2栋C座,114.538174,30.4928,顶冠峰路与龙山街交叉口东南120米,商务写字楼,,120201,商务住宅,楼宇,商务写字楼
未来科技城C2座,114.540691,30.493136,高新大道999号A9区3号楼武汉未来科技城内,商务写字楼,,120201,商务住宅,楼宇,商务写字楼
武汉未来科技城B区B2栋A座,114.537884,30.49314,高新大道999号A9区3号楼武汉未来科技城内,商务写字楼,,120201,商务住宅,楼宇,商务写字楼
长江鲲鹏生态创新中心B1栋,114.537766,30.493117,顶冠峰路与龙山街交叉口东南80米,商务写字楼,,120201,商务住宅,楼宇,商务写字楼
种子科技大楼,114.548971,30.4812,东湖新技术开发区神墩三路277号,商务写字楼,,120201,商务住宅,楼宇,商务写字楼
亚美生物科研大楼,114.549625,30.482375,神墩二路188号武汉亚美生物科技有限公司,商务写字楼,,120201,商务住宅,楼宇,商务写字楼
高农国际33B号楼,114.54679,30.477504,神墩四路与生物园东路交叉口东南180米,商务写字楼,,120201,商务住宅,楼宇,商务写字楼
高农国际33A号楼,114.547357,30.477905,神墩四路与光谷八路交叉口西220米,商务写字楼,,120201,商务住宅,楼宇,商务写字楼
高农国际30号楼,114.546712,30.477221,生物园东路与高新二路交叉口东北160米,商务写字楼,,120201,商务住宅,楼宇,商务写字楼
高农国际19号楼,114.548065,30.478006,神墩四路与光谷八路交叉口西140米,商务写字楼,,120201,商务住宅,楼宇,商务写字楼
高农国际20号楼,114.548318,30.477993,高新二路与光谷八路交叉口西约160米,商务写字楼,,120201,商务住宅,楼宇,商务写字楼
高农国际21号楼,114.548592,30.47799,神墩四路与光谷八路交叉口西100米,商务写字楼,,120201,商务住宅,楼宇,商务写字楼
高农国际,114.547942,30.477154,神墩四路与光谷八路交叉口西南200米,商务写字楼,,120201|170200,商务住宅,楼宇,商务写字楼
华为武汉研究所A6,114.535785,30.494805,顶冠峰路与龙山街交叉口西北180米,商务写字楼,,120201,商务住宅,楼宇,商务写字楼
高农国际11号楼,114.548395,30.477242,神墩四路与光谷八路交叉口西南160米,商务写字楼,,120201,商务住宅,楼宇,商务写字楼
高农国际16号楼,114.547877,30.476739,高新二路与光谷八路交叉口西北200米,商务写字楼,,120201,商务住宅,楼宇,商务写字楼
高农国际12A号楼,114.548788,30.477217,光谷八路与神墩四路交叉口西南140米,商务写字楼,,120201,商务住宅,楼宇,商务写字楼
高农国际1号楼,114.549199,30.477545,光谷八路与神墩四路交叉口西南80米,商务写字楼,,120201,商务住宅,楼宇,商务写字楼
高农国际2号楼,114.549216,30.477149,光谷八路与神墩四路交叉口南120米,商务写字楼,,120201,商务住宅,楼宇,商务写字楼
高农国际3B号楼,114.548846,30.476473,高新二路与光谷八路交叉口西北100米,商务写字楼,,120201,商务住宅,楼宇,商务写字楼
高农国际3A号楼,114.549237,30.476657,光谷八路与高新二路交叉口西北80米,商务写字楼,,120201,商务住宅,楼宇,商务写字楼
富邦办公大楼C座,114.554425,30.479925,富邦办公大楼,商务写字楼,,120201,商务住宅,楼宇,商务写字楼
武汉金控北斗大厦,114.562123,30.485514,高新大道980号(长岭山地铁站B口步行340米),商务写字楼,,120201,商务住宅,楼宇,商务写字楼
武汉国遥大厦,114.559472,30.482563,北斗路,商务写字楼,,120201,商务住宅,楼宇,商务写字楼
富邦办公大楼,114.554475,30.479825,神墩三路与神墩二路交叉口东160米,商务写字楼,,120201,商务住宅,楼宇,商务写字楼
中核武汉总部1号楼,114.568825,30.484575,,商务写字楼,,120201,商务住宅,楼宇,商务写字楼
海达创新广场B栋,114.438543,30.500897,关东街道创业街66号海达创新广场,商务写字楼,,120201,商务住宅,楼宇,商务写字楼
海达创新广场,114.438853,30.500351,关东街道创业街66号,商务写字楼,,120201,商务住宅,楼宇,商务写字楼
海达创新广场A座,114.438775,30.500275,光谷创业街与关东园路交叉口东200米,商务写字楼,,120201,商务住宅,楼宇,商务写字楼
当代国际总部基地,114.436375,30.500954,关东园路与光谷创业街交叉口西北80米,商务写字楼,,120201,商务住宅,楼宇,商务写字楼
环保楼,114.483259,30.498306,九峰街·明畅里社区,商务写字楼,,120201,商务住宅,楼宇,商务写字楼
友善楼,114.484912,30.499051,九峰街·明畅里社区,商务写字楼,,120201,商务住宅,楼宇,商务写字楼
峰源中心,114.490253,30.50924,东湖高新区九峰村王家店特一号20-1,商务写字楼,,120201,商务住宅,楼宇,商务写字楼
石门峰新大楼,114.477225,30.515425,石门峰路与青王路交叉口东420米,商务写字楼,,120201,商务住宅,楼宇,商务写字楼
驿山办公楼,114.508478,30.498782,东湖新技术开发区九峰一路111号,商务写字楼,,120201,商务住宅,楼宇,商务写字楼
光谷有轨电车九峰基地综合楼,114.538275,30.505125,九峰一路与光谷八路交叉口西220米,商务写字楼,,120201,商务住宅,楼宇,商务写字楼
八叠山生命公园新办公楼,114.556825,30.513275,,商务写字楼,,120201,商务住宅,楼宇,商务写字楼
武汉地铁花山车辆段综合楼,114.491109,30.530035,花山一路9号,商务写字楼,,120201,商务住宅,楼宇,商务写字楼
花山联发大厦,114.522458,30.522132,东湖新技术开发区花福路6号,商务写字楼,,120201,商务住宅,楼宇,商务写字楼
花山A1地块综合楼D区,114.522925,30.522225,花山A1地块综合楼,商务写字楼,,120201,商务住宅,楼宇,商务写字楼
花山A1地块综合楼,114.523024,30.522299,东湖新技术开发区花城家园,商务写字楼,,120201,商务住宅,楼宇,商务写字楼
联投新青年B栋,114.51271,30.53531,联合路西150米联投新青年·花山河社区,商务写字楼,,120201,商务住宅,楼宇,商务写字楼
剑桥郡综合楼,114.499653,30.5521,碧桂园·生态城剑桥郡,商务写字楼,,120201,商务住宅,楼宇,商务写字楼
软件新城2期C号楼,114.504525,30.552175,花城大道9号武汉软件新城2期,商务写字楼,,120201,商务住宅,楼宇,商务写字楼
天源迪科大厦,114.504525,30.552625,花城大道9号武汉软件新城2期,商务写字楼,,120201,商务住宅,楼宇,商务写字楼
武汉软件新城3期D7号楼,114.509514,30.548198,双谷路武汉软件新城,商务写字楼,,120201,商务住宅,楼宇,商务写字楼
赛意大厦,114.510025,30.548775,东湖高新区花城大道9号武汉软件新城3期,商务写字楼,,120201,商务住宅,楼宇,商务写字楼
武汉软件新城2期B6号楼,114.501439,30.554466,花城南路武汉软件新城2期,商务写字楼,,120201,商务住宅,楼宇,商务写字楼
武汉软件新城2期B2栋,114.500844,30.55522,双谷路武汉软件新城(花山新城地铁站A口步行360米),商务写字楼,,120201,商务住宅,楼宇,商务写字楼
软件新城F3栋,114.506987,30.554243,花城大道与山湖北路交叉口北220米,商务写字楼,,120201,商务住宅,楼宇,商务写字楼
武汉软件新城1栋,114.507675,30.554375,东湖高新区花城大道9号武汉软件新城,商务写字楼,,120201,商务住宅,楼宇,商务写字楼
武汉软件新城1.1期A8栋A座,114.504825,30.556525,双谷路与花城北路交叉口南180米,商务写字楼,,120201,商务住宅,楼宇,商务写字楼
花城汇,114.501061,30.557476,花城大道,商务写字楼,,120201,商务住宅,楼宇,商务写字楼
左岸商业,114.515525,30.544225,碧桂园生态城·左岸(花山河地铁站D口步行410米),商务写字楼,,120201,商务住宅,楼宇,商务写字楼
花山大厦,114.522706,30.545326,立琮路与松云路交叉口南120米,商务写字楼,,120201,商务住宅,楼宇,商务写字楼
