name,lon,lat,address,category,brand,typecode,type_l1,type_l2,type_l3
枫桦苇岸,114.179764,30.458463,万家湖路311号,住宅小区,,120302,商务住宅,住宅区,住宅小区
沌口馨苑B区,114.180905,30.46201,万家湖路305号,住宅小区,,120302,商务住宅,住宅区,住宅小区
后官湖生态宜居新城,114.178553,30.463081,万家湖路与沌口路交叉口西南220米,住宅小区,,120302,商务住宅,住宅区,住宅小区
沌口馨苑,114.175388,30.458163,万家湖路与东荆河路交叉口西北300米,住宅小区,,120302,商务住宅,住宅区,住宅小区
万家湖社区D区,114.175209,30.461492,,住宅小区,,120302,商务住宅,住宅区,住宅小区
万家湖社区,114.181211,30.464481,沌口经济开发区万家湖附近,住宅小区,,120302,商务住宅,住宅区,住宅小区
沌口馨苑A区,114.175273,30.457636,东荆河路93号,住宅小区,,120302,商务住宅,住宅区,住宅小区
汤湖域景,114.174572,30.459141,东荆河路166号,住宅小区,,120302,商务住宅,住宅区,住宅小区
万家湖社区C区,114.174447,30.46021,沌口街办事处武汉经济技术开发区沌口,住宅小区,,120302,商务住宅,住宅区,住宅小区
华茂品江,114.18591,30.461679,沌口路66号,住宅小区,,120302,商务住宅,住宅区,住宅小区
万家湖社区A区,114.181586,30.465324,万家湖路233号,住宅小区,,120302,商务住宅,住宅区,住宅小区
华茂品江1期,114.186125,30.461825,沌口路与沌口新街交叉口西240米,住宅小区,,120302,商务住宅,住宅区,住宅小区
车都外校城,114.174088,30.463396,经开区东荆北路(经开外校旁),住宅小区,,120302,商务住宅,住宅区,住宅小区
华茂盛景,114.187225,30.460925,沌口新街与两湖路交叉口西北180米,住宅小区,,120302,商务住宅,住宅区,住宅小区
武汉经开智创P(2023)050号地块,114.186908,30.457776,经开区40R2地块,住宅小区,,120302,商务住宅,住宅区,住宅小区
武汉城建悦享湖璟,114.177272,30.466728,沌口路650号,住宅小区,,120302,商务住宅,住宅区,住宅小区
万家湖社区B区,114.174395,30.465546,沌口路595号,住宅小区,,120302,商务住宅,住宅区,住宅小区
建华社区C区,114.189403,30.460531,沌口路277号,住宅小区,,120302,商务住宅,住宅区,住宅小区
君融天湖,114.172063,30.464401,沌口路599号,住宅小区,,120302,商务住宅,住宅区,住宅小区
建华社区A区,114.19074,30.460361,沌口路277号,住宅小区,,120302,商务住宅,住宅区,住宅小区
建华社区,114.190758,30.460434,沌口路277(武监高速入口侧边),住宅小区,,120302,商务住宅,住宅区,住宅小区
人才公寓,114.190475,30.456668,沌口正街与四五路交叉口东北60米,住宅小区,,120302,商务住宅,住宅区,住宅小区
建华社区B区,114.192848,30.460175,沌口路255号,住宅小区,,120302,商务住宅,住宅区,住宅小区
港湾江城一期西区,114.193836,30.460184,沌口路223号,住宅小区,,120302,商务住宅,住宅区,住宅小区
港湾江城一期,114.195124,30.45937,沌口路251号,住宅小区,,120302,商务住宅,住宅区,住宅小区
港湾江城一期东区,114.195114,30.458795,沌口路251号,住宅小区,,120302,商务住宅,住宅区,住宅小区
港湾江城,114.196445,30.458878,经济开发区沌口路221号,住宅小区,,120302,商务住宅,住宅区,住宅小区
港湾江城二期,114.197982,30.458767,沌口路221号,住宅小区,,120302,商务住宅,住宅区,住宅小区
纸晨苑小区,114.199024,30.461043,汉纸西路与沌口路交叉口北120米,住宅小区,,120302,商务住宅,住宅区,住宅小区
汉纸小区,114.199475,30.460125,汉纸西路与沌口路交叉口东北20米,住宅小区,,120302,商务住宅,住宅区,住宅小区
德信江宸,114.199921,30.458374,沌口路181号(原汉阳造纸厂),住宅小区,,120302,商务住宅,住宅区,住宅小区
德信江宸1期,114.200575,30.458925,沌口路与汉纸中路交叉口东南120米,住宅小区,,120302,商务住宅,住宅区,住宅小区
汉纸中路16号,114.2,30.462626,沌口街道,住宅小区,,120302,商务住宅,住宅区,住宅小区
汉纸中路25号,114.199672,30.463063,汉纸中路30号,住宅小区,,120302,商务住宅,住宅区,住宅小区
汉纸中路30号,114.199684,30.46319,沌口街道,住宅小区,,120302,商务住宅,住宅区,住宅小区
汉纸中路26号,114.199886,30.462969,汉纸东路83号,住宅小区,,120302,商务住宅,住宅区,住宅小区
纸城苑小区,114.199344,30.463618,开发区沌口街汉纸中路38号,住宅小区,,120302,商务住宅,住宅区,住宅小区
汉纸中路27号,114.200018,30.462944,沌口路与汉纸东路交叉口西北320米,住宅小区,,120302,商务住宅,住宅区,住宅小区
汉纸中路29号,114.19987,30.463179,沌口路与汉纸东路交叉口西北340米,住宅小区,,120302,商务住宅,住宅区,住宅小区
汉纸中路28号,114.200165,30.463005,沌口路与汉纸东路交叉口西北320米,住宅小区,,120302,商务住宅,住宅区,住宅小区
汉纸东路85号,114.200779,30.463011,汉纸东路265号,住宅小区,,120302,商务住宅,住宅区,住宅小区
电塔小区,114.201779,30.462047,汉纸东路32号,住宅小区,,120302,商务住宅,住宅区,住宅小区
东荆社区,114.201829,30.462418,汉纸东路与沌口路交叉口北240米,住宅小区,,120302,商务住宅,住宅区,住宅小区
汉纸东路7号,114.202301,30.461869,汉纸东路与沌口路交叉口东北200米,住宅小区,,120302,商务住宅,住宅区,住宅小区
周公4区,114.196155,30.470925,万家湖中路与周公南街交叉口南120米,住宅小区,,120302,商务住宅,住宅区,住宅小区
临江花园1期,114.215563,30.468466,港口一路与拦江堤路交叉口西北140米,住宅小区,,120302,商务住宅,住宅区,住宅小区
临江花园,114.215132,30.468795,港口一路与拦江堤路交叉口西北200米,住宅小区,,120302,商务住宅,住宅区,住宅小区
临江花园2期,114.214441,30.469327,沌口路与滨湖东路交叉口东南120米,住宅小区,,120302,商务住宅,住宅区,住宅小区
长江·楚韵,114.218207,30.471956,沌口路503号(南太子湖地铁站C口步行420米),住宅小区,,120302,商务住宅,住宅区,住宅小区
沃鼎·探索,114.241719,30.459444,武金堤大道与建群一路交叉口东北80米,住宅小区,,120302,商务住宅,住宅区,住宅小区
青江苑2期,114.243005,30.46104,武金堤大道与青菱湖北路交叉口南180米,住宅小区,,120302,商务住宅,住宅区,住宅小区
旭辉江山境,114.241693,30.457013,武金堤路与建群一路交叉口南240米,住宅小区,,120302,商务住宅,住宅区,住宅小区
青江苑,114.24478,30.461704,,住宅小区,,120302,商务住宅,住宅区,住宅小区
人才公寓,114.243525,30.455725,青菱大道与建群二路交叉口东北180米,住宅小区,,120302,商务住宅,住宅区,住宅小区
建和世家二期,114.244963,30.464057,武金堤路与建和路交叉口南180米,住宅小区,,120302,商务住宅,住宅区,住宅小区
青江苑A区,114.246625,30.462175,青菱大道与青菱湖北路交叉口北160米,住宅小区,,120302,商务住宅,住宅区,住宅小区
美好长江首玺K1,114.246221,30.463621,建和路和武金堤大道交汇处,住宅小区,,120302,商务住宅,住宅区,住宅小区
美好长江首玺2期,114.246731,30.46419,建和路与青菱大道交叉口西220米,住宅小区,,120302,商务住宅,住宅区,住宅小区
和喜园,114.246836,30.464228,建和路与青菱大道交叉口西北220米,住宅小区,,120302,商务住宅,住宅区,住宅小区
美好长江首玺k2三期,114.24959,30.461052,青菱街道青菱湖北路与青菱大道交汇处,住宅小区,,120302,商务住宅,住宅区,住宅小区
建和世家,114.247294,30.465525,南郊路,住宅小区,,120302,商务住宅,住宅区,住宅小区
建和世家一期,114.247539,30.465675,武金堤路与建和路交叉口东260米,住宅小区,,120302,商务住宅,住宅区,住宅小区
建和锦源江城还建小区,114.249775,30.465825,丽水路与青菱大道交叉口西100米,住宅小区,,120302,商务住宅,住宅区,住宅小区
美好长江首玺K3,114.252185,30.463342,建和路与南郊小路交叉口北200米,住宅小区,,120302,商务住宅,住宅区,住宅小区
美好长江首玺,114.252252,30.463389,建和路与南郊小路交叉口北200米,住宅小区,,120302,商务住宅,住宅区,住宅小区
干调C区,114.260025,30.458975,青菱寺西路与丽水路交叉口西南200米,住宅小区,,120302,商务住宅,住宅区,住宅小区
新城阅璟台,114.254418,30.466105,丽水路9号,住宅小区,,120302,商务住宅,住宅区,住宅小区
白沙洲冷链市场公寓楼,114.262725,30.459625,丽水路与青菱寺路交叉口西40米,住宅小区,,120302,商务住宅,住宅区,住宅小区
旭辉江悦府(28-31栋),114.255571,30.467209,袁家河路与南郊小路交叉口西200米,住宅小区,,120302,商务住宅,住宅区,住宅小区
杂粮6区,114.263,30.463,青菱寺西路与湖淌二路交叉口东北120米,住宅小区,,120302,商务住宅,住宅区,住宅小区
干调北区,114.262675,30.464275,青菱河路与袁家河路交叉口东140米,住宅小区,,120302,商务住宅,住宅区,住宅小区
云隐城.青,114.264572,30.45766,丽水路,住宅小区,,120302,商务住宅,住宅区,住宅小区
旭辉江悦府南区(1-12栋),114.256881,30.468497,南郊小路与袁家河路交叉口北200米,住宅小区,,120302,商务住宅,住宅区,住宅小区
青菱小区,114.262872,30.454091,青菱街(中医药大学地铁站D2口步行440米),住宅小区,,120302,商务住宅,住宅区,住宅小区
旭辉华宇江悦府1期,114.257027,30.468974,南郊小路与袁家河路交叉口北280米,住宅小区,,120302,商务住宅,住宅区,住宅小区
旭辉江悦府,114.25696,30.469052,袁家河路与青菱大道交叉口东,住宅小区,,120302,商务住宅,住宅区,住宅小区
旭辉都会山,114.266109,30.459307,青菱河东路与丽水路交叉口西北方向,住宅小区,,120302,商务住宅,住宅区,住宅小区
旭辉江悦府北区(13-27栋),114.257397,30.470098,湖淌一路与青菱大道交叉口南220米,住宅小区,,120302,商务住宅,住宅区,住宅小区
云隐城·菱,114.265229,30.453695,白沙洲大道,住宅小区,,120302,商务住宅,住宅区,住宅小区
云隐城·湖,114.262845,30.450535,青菱河东路,住宅小区,,120302,商务住宅,住宅区,住宅小区
香水湾-西区,114.258779,30.448677,园艺二路与青菱湖路交叉口东北220米,住宅小区,,120302,商务住宅,住宅区,住宅小区
青菱社区,114.265447,30.452383,白沙洲大道与青菱湖北路交叉口北180米,住宅小区,,120302,商务住宅,住宅区,住宅小区
新力城,114.260484,30.471714,湖淌一路,住宅小区,,120302,商务住宅,住宅区,住宅小区
融科花满庭4期,114.260918,30.448062,黄家湖大学城湖北中医药大学斜对面白沙洲大道旁,住宅小区,,120302,商务住宅,住宅区,住宅小区
融科花满庭,114.260916,30.448016,,住宅小区,,120302,商务住宅,住宅区,住宅小区
融科花满庭3期,114.261488,30.448023,青菱河东路与文枫路交叉口西南220米,住宅小区,,120302,商务住宅,住宅区,住宅小区
湖北中医药大学黄家湖校区学生公寓北区,114.271193,30.454105,丽水路与黄家湖西路交叉口东南200米,住宅小区,,120302,商务住宅,住宅区,住宅小区
金地·保利·褐石公馆,114.279176,30.468023,光霞西路1号,住宅小区,,120302,商务住宅,住宅区,住宅小区
城开·青菱城市花园2期,114.276181,30.469964,白沙路附近,住宅小区,,120302,商务住宅,住宅区,住宅小区
城开青菱城市花园-南区,114.276432,30.470174,白沙小路与白沙六路交叉口西220米,住宅小区,,120302,商务住宅,住宅区,住宅小区
和园(知行大道),114.267696,30.448162,知行大道与岐黄北路交叉口西南20米,住宅小区,,120302,商务住宅,住宅区,住宅小区
城开·青菱城市花园,114.276876,30.471017,白沙路,住宅小区,,120302,商务住宅,住宅区,住宅小区
水科所小区,114.267195,30.472419,青菱立交桥湘龙鑫城小区-南区南侧约70米,住宅小区,,120302,商务住宅,住宅区,住宅小区
湘龙鑫城南区东区,114.268378,30.473154,白沙洲大道与青菱立交桥交叉口西280米,住宅小区,,120302,商务住宅,住宅区,住宅小区
正北岸,114.287625,30.459475,,住宅小区,,120302,商务住宅,住宅区,住宅小区
楚天都市沁园西区,114.288625,30.458715,双沁二路与三环线出口交叉口西南460米,住宅小区,,120302,商务住宅,住宅区,住宅小区
楚天都市沁园,114.290633,30.456013,烽胜路黄家湖正北岸(三环线烽胜路出口),住宅小区,,120302,商务住宅,住宅区,住宅小区
东原启城三/四期,114.289163,30.465526,小黄家湖路与光霞路交叉口东北180米,住宅小区,,120302,商务住宅,住宅区,住宅小区
彩虹郡2期,114.292159,30.457251,洪山街道双李路57号,住宅小区,,120302,商务住宅,住宅区,住宅小区
楚天都市沁园东区,114.291399,30.454942,双沁二路与双李路交叉口西南400米,住宅小区,,120302,商务住宅,住宅区,住宅小区
胜利丰园,114.291949,30.464663,烽胜路88号(白沙六路地铁站D口步行360米),住宅小区,,120302,商务住宅,住宅区,住宅小区
富强楼,114.291115,30.466101,启胜路与启城路交叉口东南120米,住宅小区,,120302,商务住宅,住宅区,住宅小区
东原启城,114.289928,30.467078,烽胜路66号(白沙六路地铁站D口步行460米),住宅小区,,120302,商务住宅,住宅区,住宅小区
正商金域世家,114.282656,30.468089,光霞西路2号,住宅小区,,120302,商务住宅,住宅区,住宅小区
栖花里美容(东原启城店),114.290163,30.467111,洪山区东原启城一号商铺仟吉旁边,住宅小区,,120302,商务住宅,住宅区,住宅小区
彩虹郡,114.294014,30.456564,洪山街道双李路57号双建社区,住宅小区,,120302,商务住宅,住宅区,住宅小区
白沙洲新城,114.294075,30.456175,双李路与双沁二路交叉口南180米,住宅小区,,120302,商务住宅,住宅区,住宅小区
东原启城二期,114.289478,30.468224,白沙六路与启胜路交叉口西南200米,住宅小区,,120302,商务住宅,住宅区,住宅小区
东原启城一期南区,114.29179,30.467774,启城路与烽胜路交叉口西北160米,住宅小区,,120302,商务住宅,住宅区,住宅小区
彩虹郡1期,114.295384,30.456122,洪山街道双李路57号双建社区,住宅小区,,120302,商务住宅,住宅区,住宅小区
东原启城一期,114.291603,30.468226,烽胜路66号(白沙六路地铁站D口步行290米),住宅小区,,120302,商务住宅,住宅区,住宅小区
筑福江城,114.29515,30.46515,烽胜路与启城路交叉口东南280米,住宅小区,,120302,商务住宅,住宅区,住宅小区
东原启城一期北区,114.291197,30.46906,白沙六路与启胜路交叉口东南100米,住宅小区,,120302,商务住宅,住宅区,住宅小区
福临居3期,114.281383,30.470638,光霞西路与白沙六路交叉口北80米,住宅小区,,120302,商务住宅,住宅区,住宅小区
福临居,114.280897,30.470692,白沙五路,住宅小区,,120302,商务住宅,住宅区,住宅小区
人才公寓,114.280938,30.470919,光霞西路与白沙六路交叉口西北120米,住宅小区,,120302,商务住宅,住宅区,住宅小区
清江锦城3期,114.289433,30.471354,白沙四路62号,住宅小区,,120302,商务住宅,住宅区,住宅小区
东原湖光里,114.296731,30.453428,黄家湖大道501号,住宅小区,,120302,商务住宅,住宅区,住宅小区
毛坦港湾B区,114.291861,30.471113,烽胜路58号(白沙六路地铁站C口步行270米),住宅小区,,120302,商务住宅,住宅区,住宅小区
华润·紫云府2期,114.280285,30.472106,白沙四路50号,住宅小区,,120302,商务住宅,住宅区,住宅小区
东原乐见城三期,114.308401,30.462332,南李路109号,住宅小区,,120302,商务住宅,住宅区,住宅小区
康曼居,114.298775,30.469265,白沙洲五路毛坦花木市场E区515号,住宅小区,,120302,商务住宅,住宅区,住宅小区
李桥小区二区,114.307615,30.453072,李纸路,住宅小区,,120302,商务住宅,住宅区,住宅小区
东原乐见城一期,114.306914,30.467767,南李路108号,住宅小区,,120302,商务住宅,住宅区,住宅小区
东原乐见城,114.307188,30.467594,南李路47号,住宅小区,,120302,商务住宅,住宅区,住宅小区
都市花园,114.296606,30.469612,白沙六路毛坦花木市场114都市花园,住宅小区,,120302,商务住宅,住宅区,住宅小区
李桥小区一区,114.309819,30.454271,南李路与双李路交叉口东100米,住宅小区,,120302,商务住宅,住宅区,住宅小区
板桥新村南1区,114.307725,30.468975,途安路与南李路交叉口西北460米,住宅小区,,120302,商务住宅,住宅区,住宅小区
板桥新城南区,114.309251,30.469173,途安路与南李路交叉口西北380米,住宅小区,,120302,商务住宅,住宅区,住宅小区
毛坦还建楼H3地块,114.298975,30.472175,烽火路与白沙四路交叉口南140米,住宅小区,,120302,商务住宅,住宅区,住宅小区
毛坦港湾A区,114.294821,30.47157,烽胜路(白沙六路地铁站B口步行250米),住宅小区,,120302,商务住宅,住宅区,住宅小区
博雅园,114.307475,30.470625,,住宅小区,,120302,商务住宅,住宅区,住宅小区
誉城千里,114.299375,30.472425,烽火路与白沙四路交叉口南120米,住宅小区,,120302,商务住宅,住宅区,住宅小区
李桥小区三区,114.313919,30.456598,三环线辅路与野芷湖西路交叉口东南200米,住宅小区,,120302,商务住宅,住宅区,住宅小区
李桥小区,114.313984,30.456449,三环线辅路与野芷湖西路交叉口东南220米,住宅小区,,120302,商务住宅,住宅区,住宅小区
毛坦港湾,114.293587,30.471383,烽胜路58号(白沙六路地铁站B出口步行250米),住宅小区,,120302,商务住宅,住宅区,住宅小区
板桥新村,114.309776,30.469686,南李路湖北工业大学工程技术学院附近,住宅小区,,120302,商务住宅,住宅区,住宅小区
东原乐见城,114.312684,30.467008,南李路105号,住宅小区,,120302,商务住宅,住宅区,住宅小区
南九公寓,114.309875,30.469875,南李路与野芷湖南路交叉口西400米,住宅小区,,120302|100200,商务住宅,住宅区,住宅小区
聚福苑,114.31201,30.451744,李桥横路与南李路交叉口东北100米,住宅小区,,120302|050000,商务住宅,住宅区,住宅小区
虹桥家园E区,114.317375,30.453925,文化大道与渔港路交叉口北380米,住宅小区,,120302,商务住宅,住宅区,住宅小区
东原乐见城二期,114.314524,30.466675,南李路105号,住宅小区,,120302,商务住宅,住宅区,住宅小区
板桥小区E区,114.317442,30.46734,野芷湖南路与义北路交叉口西南220米,住宅小区,,120302,商务住宅,住宅区,住宅小区
桥富水岸,114.318854,30.453108,文化大道与渔港路交叉口北260米,住宅小区,,120302,商务住宅,住宅区,住宅小区
板桥小区D区,114.317861,30.468566,野芷湖南路与义北路交叉口西南100米,住宅小区,,120302,商务住宅,住宅区,住宅小区
保利心语十区B区,114.314613,30.468997,南李路与野芷湖南路交叉口东南100米,住宅小区,,120302,商务住宅,住宅区,住宅小区
保利心语十区,114.315024,30.469039,野芷湖西路,住宅小区,,120302,商务住宅,住宅区,住宅小区
明泽丰华苑下马湖,114.31988,30.468428,洪山街道野芷湖南路,住宅小区,,120302,商务住宅,住宅区,住宅小区
保利·心语十区A区,114.315847,30.470482,野芷湖南路与南李路交叉口东约180米,住宅小区,,120302,商务住宅,住宅区,住宅小区
马咀29号,114.3155,30.449422,文化大道8号,住宅小区,,120302,商务住宅,住宅区,住宅小区
保利·心语9区,114.317779,30.470521,李纸路3号,住宅小区,,120302,商务住宅,住宅区,住宅小区
侨心花园,114.322428,30.469211,野芷湖南路与仕雅路交叉口东北120米,住宅小区,,120302,商务住宅,住宅区,住宅小区
板桥新村北区,114.310832,30.470882,南李路与野芷湖南路交叉口西320米,住宅小区,,120302,商务住宅,住宅区,住宅小区
世茂林屿岸,114.319773,30.448557,文化大道332号,住宅小区,,120302,商务住宅,住宅区,住宅小区
保利·心语3期,114.326613,30.46845,马湖地铁站C口步行230米,住宅小区,,120302,商务住宅,住宅区,住宅小区
独山公寓,114.327906,30.466938,野芷湖西路保利心语三期旁,住宅小区,,120302|100200,商务住宅,住宅区,住宅小区
洪投·蓝城·桂悦宏章(建设中),114.316507,30.468653,野芷湖南路与义北路交叉口西100米,住宅小区,,120302,商务住宅,住宅区,住宅小区
红房子小区,114.338085,30.459354,,住宅小区,,120302,商务住宅,住宅区,住宅小区
新村2区,114.339416,30.458585,武汉运特嘉禾商贸有限公司东侧100米,住宅小区,,120302,商务住宅,住宅区,住宅小区
先建新村,114.340825,30.459025,,住宅小区,,120302,商务住宅,住宅区,住宅小区
紫岸5期别墅,114.328225,30.470675,野芷湖西路与风雅街交叉口东南340米,住宅小区,,120302|120301,商务住宅,住宅区,住宅小区
保利·心语1期,114.326319,30.470819,野芷湖西路(马湖地铁站D口步行180米),住宅小区,,120302,商务住宅,住宅区,住宅小区
野芷湖一号,114.344677,30.461269,梧桐路与野芷湖南路交叉口西南100米,住宅小区,,120302,商务住宅,住宅区,住宅小区
春天社区,114.325225,30.447575,渔港路北侧,住宅小区,,120302,商务住宅,住宅区,住宅小区
学海别墅,114.350232,30.459514,先建村,住宅小区,,120302,商务住宅,住宅区,住宅小区
枫香咀68号,114.35595,30.453744,摩点仓库西南50米,住宅小区,,120302,商务住宅,住宅区,住宅小区
华中农业大学孙家窑居民楼,114.350839,30.47223,狮子山大道与梧桐路交叉口东南180米,住宅小区,,120302,商务住宅,住宅区,住宅小区
锦绣良缘B区,114.370618,30.464906,周店一路与龙城二街交叉口北300米,住宅小区,,120302,商务住宅,住宅区,住宅小区
锦绣良缘,114.371117,30.465424,水蓝路1号,住宅小区,,120302,商务住宅,住宅区,住宅小区
关山街南湖校区社区行政服务站,114.37285,30.460855,周店南路与周店二路交叉口西北40米,住宅小区,,120304|120302,商务住宅,住宅区,
天祥尚府,114.373008,30.457101,华师园路3号,住宅小区,,120302,商务住宅,住宅区,住宅小区
湾郡北岸公馆,114.371762,30.453664,橡树南路与汤逊湖北路交叉口北180米,住宅小区,,120302,商务住宅,住宅区,住宅小区
东湖高新区关东街南湖社区,114.373885,30.462858,三环线,住宅小区,,120302,商务住宅,住宅区,住宅小区
湾郡,114.3733,30.453575,江夏区经济开发区庙山办事处东湖高新区汤逊湖北路与保利北路交汇处,住宅小区,,120302,商务住宅,住宅区,住宅小区
当代·安普顿小镇,114.376535,30.457592,东湖新技术开发区周店路15号,住宅小区,,120302,商务住宅,住宅区,住宅小区
南湖社区和谐园小区,114.377558,30.461681,周店南路与周店路辅路交叉口西北120米,住宅小区,,120302,商务住宅,住宅区,住宅小区
名湖豪庭2期,114.380033,30.458931,渔帆路与周店路辅路交叉口东南140米,住宅小区,,120302,商务住宅,住宅区,住宅小区
宝业光谷丽都12期,114.379541,30.463269,龙城路与周店路交叉口东120米,住宅小区,,120302,商务住宅,住宅区,住宅小区
光谷锦绣龙城南湖店,114.377738,30.464524,周店路与龙城一街交叉口西北100米,住宅小区,,120302|070000,商务住宅,住宅区,住宅小区
名湖豪庭,114.380569,30.457499,华师园路9号,住宅小区,,120302,商务住宅,住宅区,住宅小区
宝业·光谷丽都,114.380774,30.462383,东湖新技术开发区龙城路7号,住宅小区,,120302,商务住宅,住宅区,住宅小区
名湖豪庭1期,114.380788,30.456861,周店路与华师园路交叉口东220米,住宅小区,,120302,商务住宅,住宅区,住宅小区
南山樾府,114.381689,30.458709,周店四路与渔帆路交叉口西南140米,住宅小区,,120302,商务住宅,住宅区,住宅小区
南湖周店社区,114.377969,30.465556,周店路与龙城西路交叉口西20米,住宅小区,,120302,商务住宅,住宅区,住宅小区
南山锦宸,114.382046,30.45877,东湖高新区周店四路与渔帆路交叉口南140米,住宅小区,,120302,商务住宅,住宅区,住宅小区
光谷·梅花坞,114.379751,30.464747,龙城路8号,住宅小区,,120302,商务住宅,住宅区,住宅小区
湾郡A区,114.37545,30.453553,华师园路与周店三路交叉口东南180米,住宅小区,,120302,商务住宅,住宅区,住宅小区
水蓝郡百合园,114.376577,30.466377,关东街道民族大道水蓝路,住宅小区,,120302,商务住宅,住宅区,住宅小区
湾郡B区,114.374001,30.453421,华师园路与周店三路交叉口西南200米,住宅小区,,120302,商务住宅,住宅区,住宅小区
宝业·光谷丽都3期,114.382811,30.461844,渔帆路与周店四路交叉口北220米,住宅小区,,120302,商务住宅,住宅区,住宅小区
中谷苑南区,114.382797,30.463474,龙城西路与龙城路交叉口东南140米,住宅小区,,120302,商务住宅,住宅区,住宅小区
南波湾锦湖苑,114.378219,30.467136,龙城西路与周店路交叉口北180米,住宅小区,,120302,商务住宅,住宅区,住宅小区
中谷苑,114.38235,30.464776,龙城路,住宅小区,,120302,商务住宅,住宅区,住宅小区
汤逊湖周店小区,114.384329,30.458456,华师园路15号,住宅小区,,120302,商务住宅,住宅区,住宅小区
中谷苑北区,114.382027,30.465615,龙城路与龙城西路交叉口北160米,住宅小区,,120302,商务住宅,住宅区,住宅小区
周店职工住宅小区项目,114.383375,30.455875,华师园路与周店四路交叉口东北80米,住宅小区,,120302,商务住宅,住宅区,住宅小区
南波湾碧湖苑,114.378136,30.468101,龙城西路与周店路交叉口北280米,住宅小区,,120302,商务住宅,住宅区,住宅小区
韵湖首府北区,114.382345,30.45417,东湖高新区民族大道与汤逊湖北路交汇处以西200米(华师一附中旁),住宅小区,,120302,商务住宅,住宅区,住宅小区
锦绣龙城G区,114.384697,30.462247,光谷民族大道888号,住宅小区,,120302,商务住宅,住宅区,住宅小区
水蓝郡,114.375202,30.468952,水蓝路(南湖大道),住宅小区,,120302,商务住宅,住宅区,住宅小区
光谷自由城,114.379884,30.467958,水蓝路,住宅小区,,120302,商务住宅,住宅区,住宅小区
保利十二橡树庄园北门商业街,114.378275,30.451225,韵湖公园路与汤逊湖北路交叉口东南160米,住宅小区,,120302,商务住宅,住宅区,住宅小区
中冶南方韵湖首府,114.381975,30.452725,汤逊湖北路与橡树路交叉口西北120米,住宅小区,,120302,商务住宅,住宅区,住宅小区
南波湾月湖苑,114.377936,30.469268,龙城西路与周店路交叉口北420米,住宅小区,,120302,商务住宅,住宅区,住宅小区
中冶南方国际社区2期,114.382125,30.452475,汤逊湖北路与橡树路交叉口西100米,住宅小区,,120302,商务住宅,住宅区,住宅小区
韵湖星光,114.383028,30.452798,民族大道华师一附中旁,住宅小区,,120302,商务住宅,住宅区,住宅小区
武汉金桥科技创业社区,114.385779,30.456316,渔帆路与华师园路交叉口西北80米,住宅小区,,120302,商务住宅,住宅区,住宅小区
锦绣龙城二期小区,114.3864,30.462553,三环线与庙山立交桥交叉口北180米,住宅小区,,120302,商务住宅,住宅区,住宅小区
南波湾南湖苑,114.379768,30.469298,济世路与中原大道交叉口西南380米,住宅小区,,120302,商务住宅,住宅区,住宅小区
锦绣龙城I区,114.38446,30.466203,民族大道888号,住宅小区,,120302,商务住宅,住宅区,住宅小区
中国铁建·梧桐苑2期,114.385537,30.455191,华师园路与渔帆路交叉口西南100米,住宅小区,,120302,商务住宅,住宅区,住宅小区
中冶南方国际社区,114.382925,30.452015,汤逊湖北路与橡树路交叉口西20米,住宅小区,,120302,商务住宅,住宅区,住宅小区
韵湖首府,114.38144,30.450792,汤逊湖北路与橡树路交叉口西南220米,住宅小区,,120302,商务住宅,住宅区,住宅小区
中国铁建·梧桐苑1期,114.385175,30.453548,汤逊湖北路与江夏大道交叉口西北240米,住宅小区,,120302,商务住宅,住宅区,住宅小区
锦绣龙城E区,114.387247,30.462865,锦绣龙城附近,住宅小区,,120302,商务住宅,住宅区,住宅小区
中国铁建·梧桐苑,114.385524,30.453758,民族大道与汤逊湖北路交汇处,住宅小区,,120302,商务住宅,住宅区,住宅小区
丽岛·美生,114.387813,30.458545,东湖高新开发区民族大道318号,住宅小区,,120302,商务住宅,住宅区,住宅小区
津发小区,114.381814,30.469468,济世路与中原大道交叉口南300米,住宅小区,,120302,商务住宅,住宅区,住宅小区
津发小区西区,114.381606,30.469577,济世路与中原大道交叉口南280米,住宅小区,,120302,商务住宅,住宅区,住宅小区
津发小区东区,114.383204,30.469065,济世路与中原大道交叉口南360米,住宅小区,,120302,商务住宅,住宅区,住宅小区
锦绣龙城,114.387152,30.464942,民族大道888号,住宅小区,,120302,商务住宅,住宅区,住宅小区
锦绣龙城5期,114.387175,30.464925,三环线与庙山立交桥交叉口北440米,住宅小区,,120302,商务住宅,住宅区,住宅小区
锦绣龙城A区,114.386485,30.466483,民族大道888号,住宅小区,,120302,商务住宅,住宅区,住宅小区
锦绣龙城F区,114.387656,30.464709,民族大道888号,住宅小区,,120302,商务住宅,住宅区,住宅小区
长城别苑,114.384508,30.468867,东湖新技术开发区民族大道中南政法大学(南湖校区)内,住宅小区,,120302,商务住宅,住宅区,住宅小区
梧桐苑·阅立方,114.387176,30.453893,民族大道324号中国铁建梧桐苑三期B3栋1层17-19号商铺,住宅小区,,120302,商务住宅,住宅区,住宅小区
华壹公馆,114.388583,30.456759,民族大道318号,住宅小区,,120302,商务住宅,住宅区,住宅小区
城投光谷香恋,114.381222,30.449078,橡树路与橡树南路交叉口北360米,住宅小区,,120302,商务住宅,住宅区,住宅小区
锦绣龙城店,114.388563,30.465642,茅店山西路与民族大道交叉口西300米,住宅小区,,120302,商务住宅,住宅区,住宅小区
锦绣龙城B区,114.388363,30.466953,新技术开发区龙城路4号,住宅小区,,120302,商务住宅,住宅区,住宅小区
光谷建投民族新城028号地块(建设中),114.387793,30.456541,东湖高新区江夏大道以西、华师园路以北,住宅小区,,120302,商务住宅,住宅区,住宅小区
华师科技园创新大楼,114.391223,30.458442,民族大道与庙山立交桥交叉口东180米,住宅小区,,120302,商务住宅,住宅区,住宅小区
华育公寓,114.393914,30.456973,华师园北路8号华丽环保工业园内部,住宅小区,,120302,商务住宅,住宅区,住宅小区
锦绣龙城D区,114.390152,30.464941,民族大道888号,住宅小区,,120302,商务住宅,住宅区,住宅小区
茅店七期小区,114.395596,30.457544,华师园北路,住宅小区,,120302,商务住宅,住宅区,住宅小区
华师一附中教师公寓,114.394809,30.456372,华师园路69号,住宅小区,,120302,商务住宅,住宅区,住宅小区
中铁七局公寓,114.393941,30.465514,茅店山西路2号,住宅小区,,120302,商务住宅,住宅区,住宅小区
传奇悦荟城,114.397125,30.457875,华师园路与华师园二路交叉口北300米,住宅小区,,120302,商务住宅,住宅区,住宅小区
中铁七局公寓物业,114.394336,30.46545,茅店山西路与民族大道交叉口南160米,住宅小区,,120302,商务住宅,住宅区,住宅小区
中兴楼,114.396025,30.455175,华师园路与华师园二路交叉口西120米,住宅小区,,120302|120200,商务住宅,住宅区,住宅小区
天泽园,114.396725,30.455525,华师园路与华师园二路交叉口西北60米,住宅小区,,120302,商务住宅,住宅区,住宅小区
庙山小区,114.398675,30.458975,华师园路与华师园二路交叉口北440米,住宅小区,,120302,商务住宅,住宅区,住宅小区
汤逊湖社区,114.399446,30.460001,华师园北路附近,住宅小区,,120302,商务住宅,住宅区,住宅小区
新疆烤肉餐厅店,114.399132,30.457033,华师园北路靠近汤逊湖社区,住宅小区,,120302,商务住宅,住宅区,住宅小区
加州·香山美树,114.399563,30.46311,茅店山路特1号,住宅小区,,120302,商务住宅,住宅区,住宅小区
耐英小区,114.387575,30.469069,中原大道与明理路交叉口东南400米,住宅小区,,120302,商务住宅,住宅区,住宅小区
矿山小区,114.389921,30.469316,民族大道水蓝路3号,住宅小区,,120302,商务住宅,住宅区,住宅小区
佳明职工住宅,114.390825,30.469525,水蓝路与民族大道交叉口西180米,住宅小区,,120302,商务住宅,住宅区,住宅小区
创业公寓,114.391025,30.450425,长城园四路与汤逊湖北路交叉口西南160米,住宅小区,,120302,商务住宅,住宅区,住宅小区
东山公寓,114.39729,30.467682,江夏区经济开发区庙山办事处庙山开发区,住宅小区,,120302,商务住宅,住宅区,住宅小区
茅店小区,114.402575,30.460025,大学园路辅路与武大园五路交叉口西320米,住宅小区,,120302,商务住宅,住宅区,住宅小区
光谷·麒麟社,114.404192,30.460573,东湖高新区大学园路4号,住宅小区,,120302,商务住宅,住宅区,住宅小区
清江山水2.2期,114.398217,30.470082,软件园中路15号,住宅小区,,120302,商务住宅,住宅区,住宅小区
梅花坞小区A,114.402507,30.46693,茅店山东路与茅店山路交叉口东南60米,住宅小区,,120302,商务住宅,住宅区,住宅小区
科技园公寓,114.403043,30.453743,华工园一路与华工园三路交叉口东北100米,住宅小区,,120302,商务住宅,住宅区,住宅小区
万科城市花园上西3区,114.406119,30.459938,万科城市花园,住宅小区,,120302,商务住宅,住宅区,住宅小区
万科城市花园上西5区,114.405626,30.458806,光谷大学园路万科城市花园,住宅小区,,120302,商务住宅,住宅区,住宅小区
万科城市花园上西7区,114.407275,30.459439,东湖高新开发区,住宅小区,,120302,商务住宅,住宅区,住宅小区
万科城市花园上西2区,114.407017,30.461127,东湖风景区街道大学园路万科城市花园,住宅小区,,120302,商务住宅,住宅区,住宅小区
万科城市花园上西1区,114.407797,30.460611,武大园一路附近,住宅小区,,120302,商务住宅,住宅区,住宅小区
万科城市花园上西6区,114.406874,30.45805,武大园一路与武大园四路交叉口北200米,住宅小区,,120302,商务住宅,住宅区,住宅小区
万科城市花园上西8区,114.407626,30.458601,武大园东路1号,住宅小区,,120302,商务住宅,住宅区,住宅小区
万科城市花园特1区,114.408667,30.460051,武大园五路与大学园路辅路交叉口东260米,住宅小区,,120302,商务住宅,住宅区,住宅小区
万科城市花园上东1区,114.408147,30.461757,大学园路辅路与武大园五路交叉口东北220米,住宅小区,,120302,商务住宅,住宅区,住宅小区
万科城市花园,114.409062,30.459952,东湖高新技术开发区关山一路南端大学园路1号,住宅小区,,120302,商务住宅,住宅区,住宅小区
万科城市花园上西9区,114.408228,30.457663,武大园一路与武大园东路交汇处西北150米,住宅小区,,120302,商务住宅,住宅区,住宅小区
万科城市花园上西11区,114.407038,30.456749,大学园路1号,住宅小区,,120302,商务住宅,住宅区,住宅小区
万科城市花园上东8区,114.409204,30.461111,东湖风景区街道东湖新技术开发区大学园路1号,住宅小区,,120302,商务住宅,住宅区,住宅小区
万科城市花园上东7区,114.409386,30.461932,大学园路1号,住宅小区,,120302,商务住宅,住宅区,住宅小区
万科城市花园上西10区,114.409779,30.458577,关山大道,住宅小区,,120302,商务住宅,住宅区,住宅小区
万科城市花园上东9区,114.410358,30.460482,第五大道万科城市花园,住宅小区,,120302,商务住宅,住宅区,住宅小区
万科城市花园上东2区,114.41055,30.462153,关山大道立交桥与郑桥小路交叉口西南180米,住宅小区,,120302,商务住宅,住宅区,住宅小区
万科城市花园上东6区,114.411169,30.459585,武大园一路与武大园五路交叉口北80米,住宅小区,,120302,商务住宅,住宅区,住宅小区
万科城市花园上东10区,114.411127,30.461042,武大园五路与武大园一路交叉口北240米,住宅小区,,120302,商务住宅,住宅区,住宅小区
万科城市花园上东5区,114.412096,30.460241,武大园一路与郑桥小路交叉口西160米,住宅小区,,120302,商务住宅,住宅区,住宅小区
万科城市花园上东3区,114.41184,30.462115,万科城市花园,住宅小区,,120302,商务住宅,住宅区,住宅小区
万科城市花园上东4区,114.412767,30.461007,郑桥小路与武大园一路交叉口西北100米,住宅小区,,120302,商务住宅,住宅区,住宅小区
当代花园绿地,114.412266,30.463012,郑桥小路与关山大道立交桥交叉口东南60米,住宅小区,,120302|120201,商务住宅,住宅区,住宅小区
万科公寓,114.413125,30.460175,武大园一路与郑桥小路交叉口西南60米,住宅小区,,120302,商务住宅,住宅区,住宅小区
文藏楼,114.408693,30.453723,武大园二路与武大园路交叉口东120米,住宅小区,,120302,商务住宅,住宅区,住宅小区
关山街铁基山小区,114.411294,30.465561,东湖高新区关山大道591号,住宅小区,,120302,商务住宅,住宅区,住宅小区
当代国际花园四区,114.413796,30.462305,光谷大道106号,住宅小区,,120302,商务住宅,住宅区,住宅小区
当代国际花园十区,114.414286,30.461103,郑桥小路与武大园一路交叉口东北80米,住宅小区,,120302,商务住宅,住宅区,住宅小区
高企达集团高企达公寓,114.405625,30.451775,华工园二路与华工园三路交叉口东北180米,住宅小区,,120302,商务住宅,住宅区,住宅小区
当代国际花园十一区,114.414899,30.460577,郑桥小路与武大园一路交叉口东120米,住宅小区,,120302,商务住宅,住宅区,住宅小区
万科红郡,114.413154,30.454367,关山大道武大园路,住宅小区,,120302,商务住宅,住宅区,住宅小区
当代国际花园十二区,114.41543,30.459354,郑桥小路与武大园一路交叉口东南220米,住宅小区,,120302,商务住宅,住宅区,住宅小区
当代国际花园五区,114.415464,30.461332,光谷大道当代国际花园国际,住宅小区,,120302,商务住宅,住宅区,住宅小区
当代国际花园中心寓,114.415906,30.46034,郑桥小路与武大园一路交叉口东220米,住宅小区,,120302,商务住宅,住宅区,住宅小区
当代国际花园三区,114.41556,30.462816,公园大道与国际三街交叉口西南100米,住宅小区,,120302,商务住宅,住宅区,住宅小区
当代国际花园十三区,114.415976,30.458542,国际二街附近,住宅小区,,120302,商务住宅,住宅区,住宅小区
万科红郡南区,114.413539,30.453284,大学园路1号,住宅小区,,120302,商务住宅,住宅区,住宅小区
当代国际花园六区,114.416769,30.460659,郑桥小路与武大园一路交叉口东300米,住宅小区,,120302,商务住宅,住宅区,住宅小区
当代国际花园七区,114.416827,30.459792,光谷大道当代国际花园国际,住宅小区,,120302,商务住宅,住宅区,住宅小区
芭比伦堡,114.403191,30.470207,东湖高新区曙光软件园三路(529终点站),住宅小区,,120302,商务住宅,住宅区,住宅小区
当代国际花园八区,114.417177,30.458889,当代国际花园国际,住宅小区,,120302,商务住宅,住宅区,住宅小区
当代国际花园十五区,114.417051,30.457919,郑桥小路东150米,住宅小区,,120302,商务住宅,住宅区,住宅小区
当代国际花园2期,114.41718,30.461805,国际三街与国际二街交汇处东150米,住宅小区,,120302,商务住宅,住宅区,住宅小区
当代国际花园一区,114.417173,30.463074,国际三街与公园大道交叉口东南100米,住宅小区,,120302,商务住宅,住宅区,住宅小区
清江山水2.1期,114.400825,30.470457,茅店山路与茅店山东路交叉口北360米,住宅小区,,120302,商务住宅,住宅区,住宅小区
中建康城西区南区,114.408275,30.470975,关山大道与软件园路交叉口南320米,住宅小区,,120302,商务住宅,住宅区,住宅小区
中建康城西区,114.407452,30.471263,关山大道590号,住宅小区,,120302,商务住宅,住宅区,住宅小区
中建康城,114.408778,30.47103,关山大道与软件园路交叉口南320米,住宅小区,,120302,商务住宅,住宅区,住宅小区
现代·森林小镇,114.417193,30.455274,东湖高新区光谷大道120号(紧邻光谷金融港),住宅小区,,120302,商务住宅,住宅区,住宅小区
中建康城东区,114.410562,30.470809,关山大道589号,住宅小区,,120302,商务住宅,住宅区,住宅小区
现代·森林小镇3期,114.417314,30.45477,天虹路与武大园三路交叉口北280米,住宅小区,,120302,商务住宅,住宅区,住宅小区
建发小区,114.406671,30.471799,软件园路与关山大道交汇处,住宅小区,,120302,商务住宅,住宅区,住宅小区
当代国际花园未来域,114.418656,30.457473,光谷大道118号(金融港北地铁站B口步行420米),住宅小区,,120302,商务住宅,住宅区,住宅小区
曙光新二村,114.411703,30.470657,关山大道东50米,住宅小区,,120302,商务住宅,住宅区,住宅小区
当代社区,114.418475,30.463675,关山大道立交桥与光谷大道立交桥交叉口西南100米,住宅小区,,120302,商务住宅,住宅区,住宅小区
当代国际花园青年郡,114.419071,30.458455,当代国际花园(金融港北地铁站B口步行450米),住宅小区,,120302,商务住宅,住宅区,住宅小区
当代国际花园铂公馆,114.419554,30.459849,光谷大道112号(金融港北地铁站B口步行200米),住宅小区,,120302,商务住宅,住宅区,住宅小区
中建三局三公司大院,114.407521,30.472465,软件园东路与软件园路交叉口东南220米,住宅小区,,120302,商务住宅,住宅区,住宅小区
清江山水1.3期,114.401157,30.472409,软件园中路与软件园路交叉口西南180米,住宅小区,,120302,商务住宅,住宅区,住宅小区
蓝域·拿铁公寓,114.406438,30.472863,关山一路1号,住宅小区,,120302,商务住宅,住宅区,住宅小区
关南小区东区,114.410475,30.472175,关山大道辅路与关南园路交叉口东南220米,住宅小区,,120302,商务住宅,住宅区,住宅小区
清江山水3.1期,114.397995,30.471814,软件园中路10号清江山水,住宅小区,,120302,商务住宅,住宅区,住宅小区
关南小区,114.410615,30.472443,关山一路552号,住宅小区,,120302,商务住宅,住宅区,住宅小区
光谷润府,114.423558,30.460491,金融港中路与金融港一路交叉口南160米,住宅小区,,120302,商务住宅,住宅区,住宅小区
德胜山小区,114.422625,30.456214,金融港三路与光谷大道交叉口东180米,住宅小区,,120302,商务住宅,住宅区,住宅小区
中建五局生活区,114.427475,30.461475,金融港二路与金融港路交叉口北260米,住宅小区,,120302,商务住宅,住宅区,住宅小区
富强科技公寓,114.428275,30.461475,金融港二路与金融港路交叉口北240米,住宅小区,,120302,商务住宅,住宅区,住宅小区
光谷金融港青年公寓1期,114.429935,30.458634,金融港二路与金融港一路交叉口西南160米,住宅小区,,120302,商务住宅,住宅区,住宅小区
光谷金融港青年公寓,114.430077,30.458671,东湖高新区光谷大道77号,住宅小区,,120302,商务住宅,住宅区,住宅小区
金地艺境店,114.42749,30.453959,金融港四路与金融港中路交叉口东260米,住宅小区,,120302|070000,商务住宅,住宅区,住宅小区
佛奥·俊贤雅居,114.430356,30.455862,金融港四路19号,住宅小区,,120302,商务住宅,住宅区,住宅小区
鹏翔花园,114.431248,30.457441,流芳大道18号,住宅小区,,120302,商务住宅,住宅区,住宅小区
现代·国际设计城,114.42138,30.470846,光谷大道与关南园四路交叉口东北140米,住宅小区,,120302,商务住宅,住宅区,住宅小区
现代·国际设计城3期,114.421333,30.470948,光谷大道与关南园四路交叉口东北140米,住宅小区,,120302,商务住宅,住宅区,住宅小区
光谷理想城,114.416755,30.471822,光谷大道与关南园路交叉口,住宅小区,,120302,商务住宅,住宅区,住宅小区
佛奥小区,114.431975,30.453225,金融港四路与金融港路交叉口东南160米,住宅小区,,120302,商务住宅,住宅区,住宅小区
万科·城花璟苑,114.414676,30.471928,光谷关山大道与关南园路交汇处东行200米,住宅小区,,120302,商务住宅,住宅区,住宅小区
中建一局生活区,114.187175,30.477475,沌阳大道与江城大道交叉口西360米,住宅小区,,120302,商务住宅,住宅区,住宅小区
武汉建工生活区,114.172604,30.484877,汉月路与体育路交叉口东100米,住宅小区,,120302,商务住宅,住宅区,住宅小区
招商蛇口武汉城建未来中心·峯境,114.172708,30.485167,汉月路22号,住宅小区,,120302,商务住宅,住宅区,住宅小区
中营寺社区,114.195221,30.476897,沌阳大道与万家湖中路交叉口西80米,住宅小区,,120302,商务住宅,住宅区,住宅小区
华立苑小区,114.224298,30.482222,沌口路407号附近,住宅小区,,120302,商务住宅,住宅区,住宅小区
武昌监狱家属楼,114.254175,30.477625,三环线入口与武金堤大道交叉口东南40米,住宅小区,,120302,商务住宅,住宅区,住宅小区
职工小区,114.256283,30.476617,三环线出口与三环线入口交叉口南280米,住宅小区,,120302,商务住宅,住宅区,住宅小区
蔷薇金区,114.258825,30.479525,长征三路与滨河路交叉口东120米,住宅小区,,120302,商务住宅,住宅区,住宅小区
万科金色城市23地块,114.259591,30.479472,长征三路与滨河路交叉口东200米,住宅小区,,120302,商务住宅,住宅区,住宅小区
万科金色城市20地块,114.257802,30.481547,白沙五路2号,住宅小区,,120302,商务住宅,住宅区,住宅小区
观庭·金色世家A区,114.262483,30.478683,白沙五路与夹套河路交叉口南140米,住宅小区,,120302,商务住宅,住宅区,住宅小区
万科金色城市,114.25999,30.48146,白沙五路2号,住宅小区,,120302,商务住宅,住宅区,住宅小区
观庭·金色世家,114.26345,30.478052,白沙五路2号,住宅小区,,120302,商务住宅,住宅区,住宅小区
琳琅金区,114.260175,30.482125,长征三路与白沙五路交叉口东北80米,住宅小区,,120302,商务住宅,住宅区,住宅小区
观庭·金色世家B区,114.264403,30.477505,白沙五路6号,住宅小区,,120302,商务住宅,住宅区,住宅小区
万科金色城市17地块,114.259498,30.482846,江州路东100米,住宅小区,,120302,商务住宅,住宅区,住宅小区
万科金色城市18地块,114.262037,30.481572,白沙五路1号,住宅小区,,120302,商务住宅,住宅区,住宅小区
世茂云锦玉海园,114.26407,30.480165,长征二路与白沙五路交叉口北160米,住宅小区,,120302,商务住宅,住宅区,住宅小区
万科金色城市5期,114.261408,30.483133,长征三路与白沙四路交叉口西南80米,住宅小区,,120302,商务住宅,住宅区,住宅小区
万科金色城市3期,114.260446,30.483808,白沙五路特1号,住宅小区,,120302,商务住宅,住宅区,住宅小区
湘龙鑫城,114.266878,30.475012,白沙五路,住宅小区,,120302|070000,商务住宅,住宅区,住宅小区
湘龙鑫城南区西区,114.267082,30.47531,长征一路与白沙五路交叉口西200米,住宅小区,,120302,商务住宅,住宅区,住宅小区
湘龙鑫城南区,114.267452,30.474691,长征一路与白沙五路交叉口西南200米,住宅小区,,120302,商务住宅,住宅区,住宅小区
湘龙鑫城北区,114.267239,30.47713,白沙五路与南市路交叉口东80米,住宅小区,,120302,商务住宅,住宅区,住宅小区
万科金色城市锦绣苑,114.26678,30.478998,白沙五路7号,住宅小区,,120302,商务住宅,住宅区,住宅小区
万科金色城市13地块,114.26317,30.483758,白沙洲,住宅小区,,120302,商务住宅,住宅区,住宅小区
城投联投江南岸D区,114.263476,30.484217,"武金堤路以东,白沙四路以北,夹套河路以西",住宅小区,,120302,商务住宅,住宅区,住宅小区
瑞鑫花园,114.268492,30.477112,白沙洲街办事处,住宅小区,,120302,商务住宅,住宅区,住宅小区
瑞鑫花园1期,114.268502,30.47711,白沙五路白沙洲建筑机电大市场西北侧约100米,住宅小区,,120302,商务住宅,住宅区,住宅小区
城投联投江南岸C区,114.26124,30.485558,"武金堤路以东,白沙四路以北,夹套河路以西",住宅小区,,120302,商务住宅,住宅区,住宅小区
汉悦公寓江南岸,114.264643,30.483632,夹套河路与永业路交叉口西80米,住宅小区,,120302,商务住宅,住宅区,住宅小区
长征公寓楼,114.266051,30.482361,白沙四路5号,住宅小区,,120302,商务住宅,住宅区,住宅小区
城投联投江南岸,114.26241,30.485743,永业路与长征三路交叉口西北120米,住宅小区,,120302,商务住宅,住宅区,住宅小区
中建壹品宏泰阅江府·西区,114.269649,30.477714,白沙四路26号,住宅小区,,120302,商务住宅,住宅区,住宅小区
城投联投江南岸A区,114.262943,30.486234,"武金堤路以东,白沙四路以北,夹套河路以西",住宅小区,,120302,商务住宅,住宅区,住宅小区
老B区,114.270325,30.474025,白沙洲大道出口与白沙洲大道交叉口西140米,住宅小区,,120302,商务住宅,住宅区,住宅小区
城投联投江南岸B区,114.265492,30.484749,"武金堤路以东,白沙四路以北,夹套河路以西",住宅小区,,120302,商务住宅,住宅区,住宅小区
中建壹品宏泰·阅江府,114.270631,30.476873,白沙洲大道与白沙四路交汇处,住宅小区,,120302,商务住宅,住宅区,住宅小区
城际花园西区,114.272305,30.478568,白沙洲大道169号,住宅小区,,120302,商务住宅,住宅区,住宅小区
城际花园,114.273025,30.478815,江汉大学武昌校区斜对面,住宅小区,,120302,商务住宅,住宅区,住宅小区
城际花园东区,114.27381,30.479116,白沙洲大道与菱霞路交叉口北180米,住宅小区,,120302,商务住宅,住宅区,住宅小区
农科院社区,114.270951,30.480271,张家湾街1号,住宅小区,,120302,商务住宅,住宅区,住宅小区
天地源荷景苑,114.275816,30.477675,白沙洲大道56号(市农科院对面),住宅小区,,120302,商务住宅,住宅区,住宅小区
武汉市青菱渔场小区,114.276738,30.472311,白沙六路7号,住宅小区,,120302,商务住宅,住宅区,住宅小区
壹号公馆(洪山区),114.277234,30.478433,白沙洲大道58号居然之家五楼,住宅小区,,120302,商务住宅,住宅区,住宅小区
城开·青菱城市花园1期,114.278063,30.472822,白沙四路与白沙小路交叉口西南180米,住宅小区,,120302,商务住宅,住宅区,住宅小区
华润·紫云府1期,114.279287,30.475204,白沙四路51号,住宅小区,,120302,商务住宅,住宅区,住宅小区
朗居,114.279375,30.473675,白沙四路与白沙小路交叉口西20米,住宅小区,,120302,商务住宅,住宅区,住宅小区
万科·城市之光,114.274453,30.482496,白沙二路与白沙洲大道交汇处,住宅小区,,120302,商务住宅,住宅区,住宅小区
华润·紫云府,114.279934,30.473143,白沙四路50-51号,住宅小区,,120302,商务住宅,住宅区,住宅小区
南国都市1期西区,114.279342,30.479543,南国都市小路与南国都市北路交叉口东南100米,住宅小区,,120302,商务住宅,住宅区,住宅小区
万科光澜道,114.272058,30.484135,南市路与永靖路交叉口北240米,住宅小区,,120302,商务住宅,住宅区,住宅小区
南国都市2期西区,114.278599,30.481299,南国都市北路与南国都市小路交叉口北100米,住宅小区,,120302,商务住宅,住宅区,住宅小区
南国都市2期,114.27929,30.481045,南国都市北路与南国都市小路交叉口东北80米,住宅小区,,120302,商务住宅,住宅区,住宅小区
万象公裕A区,114.269245,30.48504,夹套河路与永靖路交叉口东南160米,住宅小区,,120302,商务住宅,住宅区,住宅小区
南国都市,114.280354,30.479677,白沙洲大道72号,住宅小区,,120302,商务住宅,住宅区,住宅小区
世茂云锦,114.281812,30.476778,白沙三路36号,住宅小区,,120302,商务住宅,住宅区,住宅小区
万科光澜道2期,114.273025,30.485025,南市路与白沙二路交叉口西140米,住宅小区,,120302,商务住宅,住宅区,住宅小区
万象公裕,114.268713,30.485326,夹套河路与永胜路交汇处,住宅小区,,120302,商务住宅,住宅区,住宅小区
世茂云锦樱海园,114.281927,30.476511,白沙三路36号,住宅小区,,120302,商务住宅,住宅区,住宅小区
南国都市2期东区,114.280009,30.480793,南国都市小路与南国都市北路交叉口东100米,住宅小区,,120302,商务住宅,住宅区,住宅小区
南国都市1期东区,114.281982,30.47869,白沙洲大道72号南国都市附近,住宅小区,,120302,商务住宅,住宅区,住宅小区
南国都市1期,114.282397,30.478556,白沙三路与白沙小路交叉口东北120米,住宅小区,,120302,商务住宅,住宅区,住宅小区
万象公裕B区,114.267358,30.486036,夹套河路与永靖路交叉口西120米,住宅小区,,120302,商务住宅,住宅区,住宅小区
青青花园小区清馨楼,114.276275,30.485075,白沙二路与南市路交叉口东140米,住宅小区,,120302,商务住宅,住宅区,住宅小区
青青花园,114.276256,30.48509,武太闸张家湾,住宅小区,,120302,商务住宅,住宅区,住宅小区
龙湖·天璞,114.277489,30.48446,白沙洲大道与白沙二路交叉口西北60米,住宅小区,,120302,商务住宅,住宅区,住宅小区
大丽上品,114.281925,30.480175,南国都市小路与南国都市南路交叉口东100米,住宅小区,,120302,商务住宅,住宅区,住宅小区
长江鑫都C区,114.2663,30.48667,长征三路22号,住宅小区,,120302,商务住宅,住宅区,住宅小区
长江鑫都,114.266934,30.487696,白沙二路8号,住宅小区,,120302,商务住宅,住宅区,住宅小区
长江鑫都A区,114.268229,30.487937,白沙二路8号,住宅小区,,120302,商务住宅,住宅区,住宅小区
长江鑫都B区,114.265018,30.487529,长征三路21号,住宅小区,,120302,商务住宅,住宅区,住宅小区
三桥社区玻璃钢小区,114.266579,30.487925,永靖路与长征三路交叉口东北20米,住宅小区,,120302,商务住宅,住宅区,住宅小区
武汉城建·白沙嘉序(建设中),114.277757,30.477676,白沙三路与白沙西路交汇处,住宅小区,,120302|070000,商务住宅,住宅区,住宅小区
喜瑞都,114.285938,30.476599,张家湾街白沙三路42号,住宅小区,,120302,商务住宅,住宅区,住宅小区
龙湖天街A管公寓,114.287775,30.478775,光霞路与菱月路交叉口东南100米,住宅小区,,120200|120302,商务住宅,楼宇,
龙湖·三千城,114.289668,30.478614,白沙三路45号,住宅小区,,120302,商务住宅,住宅区,住宅小区
龙湖三千城光曜,114.291719,30.476572,烽清路与光霞东路交叉口东北160米,住宅小区,,120302,商务住宅,住宅区,住宅小区
清江锦城玥园,114.291797,30.472856,烽胜路和白沙四路相交十字路口的西南角位置,住宅小区,,120302,商务住宅,住宅区,住宅小区
佳兆业·金域天下二期,114.288856,30.480872,烽胜路36号,住宅小区,,120302,商务住宅,住宅区,住宅小区
原启城4期,114.292625,30.477275,烽胜路与白沙三路交叉口西南60米,住宅小区,,120302,商务住宅,住宅区,住宅小区
清江锦城,114.293375,30.47674,烽胜路与白沙三路交叉口南100米,住宅小区,,120302,商务住宅,住宅区,住宅小区
佳兆业·金域天下一期,114.291575,30.480886,烽胜路36号(光霞地铁站C口步行170米),住宅小区,,120302,商务住宅,住宅区,住宅小区
佳兆业·金域天下,114.291715,30.480874,烽胜路36号(光霞地铁站C口步行170米),住宅小区,,120302,商务住宅,住宅区,住宅小区
清能清江锦城·玺园,114.294786,30.474539,白沙洲烽胜路清江锦城55号,住宅小区,,120302,商务住宅,住宅区,住宅小区
烽胜路地铁光霞,114.293637,30.47924,烽胜路与菱月路交叉口东南80米,住宅小区,,120302,商务住宅,住宅区,住宅小区
清江1期,114.295225,30.475275,烽清路与烽胜东路交叉口西100米,住宅小区,,120302,商务住宅,住宅区,住宅小区
高邦-顺风安家,114.292075,30.482025,白沙二路与烽胜路交叉口西80米,住宅小区,,120302,商务住宅,住宅区,住宅小区
尚云楚府,114.293709,30.480596,张家湾街道烽胜路45号佳兆业·金域天下三期,住宅小区,,120302,商务住宅,住宅区,住宅小区
鑫宇花园,114.282538,30.484707,白沙洲大道106号,住宅小区,,120302,商务住宅,住宅区,住宅小区
佳兆业·金域天下三期,114.294794,30.480897,烽胜路5号(光霞地铁站B口步行250米),住宅小区,,120302,商务住宅,住宅区,住宅小区
波光霞影B区,114.291501,30.483957,烽胜路32号,住宅小区,,120302,商务住宅,住宅区,住宅小区
清江锦城·沁园,114.297648,30.474537,烽火路与烽清路交叉口西南160米,住宅小区,,120302,商务住宅,住宅区,住宅小区
清能锦城·缦云观樾,114.297605,30.476671,烽火路与烽清路交叉口西北160米,住宅小区,,120302,商务住宅,住宅区,住宅小区
建材新村,114.283442,30.486096,白沙洲大道武昌工学院旁,住宅小区,,120302,商务住宅,住宅区,住宅小区
城中村改造H3地块,114.297225,30.479525,菱月路与烽胜东路交叉口东100米,住宅小区,,120302,商务住宅,住宅区,住宅小区
万象新城三区,114.294673,30.482912,白沙二路与烽胜东路交叉口西140米,住宅小区,,120302,商务住宅,住宅区,住宅小区
车队小区,114.281307,30.48605,白沙洲大道与草市路交叉口东南120米,住宅小区,,120302,商务住宅,住宅区,住宅小区
湖北第二师范学院职工住宅小区,114.285725,30.486625,光霞路与白沙一路交叉口西北180米,住宅小区,,120302,商务住宅,住宅区,住宅小区
青润家园南区,114.282129,30.487374,白沙洲大道108号,住宅小区,,120302,商务住宅,住宅区,住宅小区
万象新城四区,114.295791,30.483855,白沙二路与烽胜东路交叉口北160米,住宅小区,,120302,商务住宅,住宅区,住宅小区
万象新城,114.296078,30.484006,烽胜路41号,住宅小区,,120302,商务住宅,住宅区,住宅小区
青润家园,114.282735,30.487991,白沙洲大道108号(武昌工学院旁),住宅小区,,120302,商务住宅,住宅区,住宅小区
中建铂公馆,114.278453,30.487127,白沙洲大道205号,住宅小区,,120302,商务住宅,住宅区,住宅小区
武南铁路和谐佳苑,114.305485,30.474339,武南路7号,住宅小区,,120302,商务住宅,住宅区,住宅小区
武汉铁路新村,114.305825,30.475325,武南路与南机路交叉口东220米,住宅小区,,120302,商务住宅,住宅区,住宅小区
学府家园小区,114.305903,30.475041,武南路与南机路交叉口东220米,住宅小区,,120302,商务住宅,住宅区,住宅小区
武南新村,114.306224,30.474341,武汉铁路司机学校,住宅小区,,120302,商务住宅,住宅区,住宅小区
洪山南湖P (2023) 044号地块,114.306794,30.475978,洪山区途安路与武南路交汇处,住宅小区,,120302,商务住宅,住宅区,住宅小区
武南李家墩经济适用房,114.306825,30.476543,武南路与南机路交叉口东北360米,住宅小区,,120302,商务住宅,住宅区,住宅小区
湖工南区教师公寓,114.307125,30.474925,武南路与南机路交叉口东340米,住宅小区,,120303|120302,商务住宅,住宅区,
湖北工业大学教师公寓,114.309309,30.474729,武南路附近,住宅小区,,120302,商务住宅,住宅区,住宅小区
教工住宅区,114.30938,30.47402,南李路与马湖一路交叉口西400米,住宅小区,,120302,商务住宅,住宅区,住宅小区
湖北工业大学农机院宿舍楼,114.306666,30.482589,军威路与怡园路交叉口南200米,住宅小区,,120302,商务住宅,住宅区,住宅小区
万象新城五区,114.298178,30.484785,烽火路与白沙一路交叉口西南120米,住宅小区,,120302,商务住宅,住宅区,住宅小区
万象新城二区,114.296809,30.484944,白沙一路与烽火路交叉口西220米,住宅小区,,120302,商务住宅,住宅区,住宅小区
武汉广成智程4S店中铁十一局生活区,114.296425,30.487275,白沙一路与烽火路交叉口西北300米,住宅小区,,120303|120302,商务住宅,住宅区,
马湖新村C区,114.317658,30.474498,马湖一路与义北路交叉口西140米,住宅小区,,120302,商务住宅,住宅区,住宅小区
佰港城,114.317775,30.475425,马湖一路与义北路交叉口西北180米,住宅小区,,120302,商务住宅,住宅区,住宅小区
马湖新村C区南区,114.317841,30.473823,义北路与马湖一路交叉口西南160米,住宅小区,,120302,商务住宅,住宅区,住宅小区
马湖新村C区北区,114.31816,30.475181,马湖一路与义北路交叉口西北120米,住宅小区,,120302,商务住宅,住宅区,住宅小区
中国电建生活区,114.315665,30.478536,文康路与狮子山西街交叉口西140米,住宅小区,,120302|120303,商务住宅,住宅区,住宅小区
马湖新村,114.320499,30.473726,野芷湖西路(马湖地铁站A口步行220米),住宅小区,,120302,商务住宅,住宅区,住宅小区
马湖新村B区,114.320915,30.473497,野芷湖西路(马湖地铁站A口步行240米),住宅小区,,120302,商务住宅,住宅区,住宅小区
明泽·第6区,114.319655,30.481103,南湖大道12号,住宅小区,,120302,商务住宅,住宅区,住宅小区
马湖新村A区,114.323677,30.473465,马湖路1号(马湖地铁站A口步行70米),住宅小区,,120302,商务住宅,住宅区,住宅小区
保利·心语,114.323301,30.479692,南湖大道与野芷湖西路交汇处(江汉大学实验师范学院旁),住宅小区,,120302,商务住宅,住宅区,住宅小区
保利·心语南区,114.323961,30.479049,狮子山西街与野芷湖西路交叉口西北200米,住宅小区,,120302,商务住宅,住宅区,住宅小区
保利·心语6期,114.324008,30.479061,南湖大道(省农科院地铁站B口步行200米),住宅小区,,120302,商务住宅,住宅区,住宅小区
万青公寓,114.325225,30.473875,野芷湖西路与马湖一路交叉口西南80米,住宅小区,,120302|100200,商务住宅,住宅区,住宅小区
保利心语2期彼岸,114.325977,30.475148,野芷湖西路与马湖一路交叉口东北80米,住宅小区,,120302,商务住宅,住宅区,住宅小区
保利·心语北区,114.323667,30.480816,南湖大道229号(省农科院地铁站B口步行290米),住宅小区,,120302,商务住宅,住宅区,住宅小区
彼岸别墅,114.326025,30.476475,野芷湖西路与狮子山西街交叉口南180米,住宅小区,,120301|120302,商务住宅,住宅区,
保利·心语2期,114.326704,30.47527,野芷湖西路与马湖一路交叉口东北140米,住宅小区,,120302,商务住宅,住宅区,住宅小区
南湖明泽丰苑,114.325025,30.481025,南湖大道与野芷湖西路交叉口西南100米,住宅小区,,120302,商务住宅,住宅区,住宅小区
保利·心语4期,114.326763,30.478835,野芷湖西路(省农科院地铁站C口步行190米),住宅小区,,120302,商务住宅,住宅区,住宅小区
明泽丰华苑5区,114.32491,30.482554,南湖大道与丁字桥南路交叉口西北140米,住宅小区,,120302,商务住宅,住宅区,住宅小区
南湖瑶苑,114.321505,30.485732,狮子山街,住宅小区,,120302,商务住宅,住宅区,住宅小区
明泽丰华苑,114.326271,30.482502,南湖大道与丁字桥南路交叉口,住宅小区,,120302,商务住宅,住宅区,住宅小区
拉德芳斯,114.314172,30.488343,南李路东150米,住宅小区,,120302,商务住宅,住宅区,住宅小区
芷岸龙庭,114.332486,30.479117,南湖大道48号,住宅小区,,120302,商务住宅,住宅区,住宅小区
城市大厦计生委小区,114.337477,30.478897,壕沟路与南湖大道交叉口西南120米,住宅小区,,120302,商务住宅,住宅区,住宅小区
南湖·狮山美庐,114.338455,30.477711,珞狮南路6号,住宅小区,,120302,商务住宅,住宅区,住宅小区
卫计委公寓,114.337619,30.479671,壕沟路与南湖大道交叉口西南40米,住宅小区,,120302,商务住宅,住宅区,住宅小区
珞南雅居,114.339495,30.477428,珞狮南路狮子山街,住宅小区,,120302,商务住宅,住宅区,住宅小区
锦华小区,114.337649,30.480627,南湖大道61号,住宅小区,,120302,商务住宅,住宅区,住宅小区
丰华苑东区,114.330586,30.484083,丰华苑路5号,住宅小区,,120302,商务住宅,住宅区,住宅小区
丰华苑西区,114.329197,30.4843,丰华苑路与文昌路交叉口西南120米,住宅小区,,120302,商务住宅,住宅区,住宅小区
丰华苑,114.330206,30.48473,洪山南湖大道与书城路交汇处,住宅小区,,120302,商务住宅,住宅区,住宅小区
天下南湖湾,114.338208,30.481806,珞狮路辅路与南湖大道交叉口西北200米,住宅小区,,120302,商务住宅,住宅区,住宅小区
金地·西岸故事,114.336975,30.483702,珞狮路354号,住宅小区,,120302,商务住宅,住宅区,住宅小区
华大家园,114.334134,30.484962,书城路,住宅小区,,120302,商务住宅,住宅区,住宅小区
健康楼,114.336206,30.484324,金华小路与珞狮路辅路交叉口西260米,住宅小区,,120302,商务住宅,住宅区,住宅小区
碧乐城,114.341492,30.479234,珞狮路与南湖大道交界处(华中农业大学旁),住宅小区,,120302,商务住宅,住宅区,住宅小区
丰华苑北区,114.330795,30.48616,丰华苑路6号,住宅小区,,120302,商务住宅,住宅区,住宅小区
科普楼,114.337384,30.484244,金华小路与珞狮路辅路交叉口西160米,住宅小区,,120302,商务住宅,住宅区,住宅小区
马应龙小区南区,114.326438,30.486456,南湖大道马应龙小区,住宅小区,,120302,商务住宅,住宅区,住宅小区
马应龙小区,114.326599,30.486743,南湖大道,住宅小区,,120302,商务住宅,住宅区,住宅小区
华大家园A区,114.333275,30.486925,书城路与楚祥大道交叉口东南80米,住宅小区,,120302,商务住宅,住宅区,住宅小区
澜花语岸,114.342689,30.481007,王家湾118,住宅小区,,120302,商务住宅,住宅区,住宅小区
马应龙小区北区,114.326866,30.487182,楚祥大道与丁字桥南路交叉口东100米,住宅小区,,120302,商务住宅,住宅区,住宅小区
瑞湖天地2期,114.342151,30.482041,芦苇路与狮子山北路交叉口西200米,住宅小区,,120302,商务住宅,住宅区,住宅小区
植物保护站小区,114.340091,30.48447,珞狮路辅路与金华小路交叉口东120米,住宅小区,,120302,商务住宅,住宅区,住宅小区
瑞湖天地,114.342505,30.482596,狮子山北路66号,住宅小区,,120302,商务住宅,住宅区,住宅小区
华中农业大学西苑小区,114.34581,30.476106,狮子山街1号华中农业大学,住宅小区,,120302,商务住宅,住宅区,住宅小区
华中农业大学南苑小区,114.351505,30.476551,学院路与梧桐路交叉口东北100米,住宅小区,,120302,商务住宅,住宅区,住宅小区
揽胜公园,114.34547,30.481874,南湖大道与狮子山北路交汇处东北,住宅小区,,120302,商务住宅,住宅区,住宅小区
瑞湖天地1期,114.343633,30.482789,狮子山北路66号附14号,住宅小区,,120302,商务住宅,住宅区,住宅小区
泰然南湖玫瑰湾3期,114.346448,30.484265,珞狮南路芷风咀1号,住宅小区,,120302,商务住宅,住宅区,住宅小区
深业泰雲府,114.342493,30.484368,狮子山北路10号(洪山三小旁),住宅小区,,120302,商务住宅,住宅区,住宅小区
泰然南湖玫瑰湾三期蓝玫苑,114.34575,30.485117,狮子山北路与楚祥大道交叉口东160米,住宅小区,,120302,商务住宅,住宅区,住宅小区
紫玫苑,114.346538,30.48531,南湖花园城内,住宅小区,,120302,商务住宅,住宅区,住宅小区
泰然南湖玫瑰湾,114.345983,30.485424,狮子山街苫风咀8号(中百仓储旁),住宅小区,,120302,商务住宅,住宅区,住宅小区
锦南村小区,114.34122,30.485165,珞狮南路523号,住宅小区,,120302,商务住宅,住宅区,住宅小区
泰然南湖玫瑰湾1期,114.347251,30.486101,狮子山街苫风咀8号,住宅小区,,120302,商务住宅,住宅区,住宅小区
泰然南湖玫瑰湾2期,114.343208,30.48673,杨泗港快速路与芦湾湖立交桥交叉口东160米,住宅小区,,120302,商务住宅,住宅区,住宅小区
武警南湖小区,114.348225,30.486976,狮子山街道南湖西路8号,住宅小区,,120302,商务住宅,住宅区,住宅小区
清水源三期,114.382277,30.476946,南湖大道和民族大道交汇卡地亚公馆,住宅小区,,120302,商务住宅,住宅区,住宅小区
清水源,114.382756,30.475547,中南大道与济世路交叉口东北150米,住宅小区,,120302,商务住宅,住宅区,住宅小区
清水源二期,114.383153,30.475538,中南财经政法大学旁,住宅小区,,120302,商务住宅,住宅区,住宅小区
Y派花园,114.383178,30.478192,政院小区258栋2号门面,住宅小区,,120302,商务住宅,住宅区,住宅小区
绣球山庄,114.382662,30.479035,亲民路与明德路交叉口东300米,住宅小区,,120302,商务住宅,住宅区,住宅小区
清水源1期,114.383245,30.478398,南湖大道48号,住宅小区,,120302,商务住宅,住宅区,住宅小区
政院小区,114.384229,30.476877,南湖大道136号,住宅小区,,120302,商务住宅,住宅区,住宅小区
政苑社区,114.384871,30.47846,治国路与格物街交叉口西360米,住宅小区,,120302,商务住宅,住宅区,住宅小区
东林外庐西畴园,114.394823,30.474101,修身路与中南大道交叉口东200米,住宅小区,,120302,商务住宅,住宅区,住宅小区
东林外庐东篱园,114.395158,30.475331,东临外庐小区,住宅小区,,120302,商务住宅,住宅区,住宅小区
东林外庐桑竹园,114.394874,30.473135,修身路与中南大道交叉口东南260米,住宅小区,,120302|110000,商务住宅,住宅区,住宅小区
东林外庐,114.395707,30.474589,民族大道305号,住宅小区,,120302,商务住宅,住宅区,住宅小区
东林外庐南山园,114.395637,30.476117,民族大道东林外庐,住宅小区,,120302,商务住宅,住宅区,住宅小区
广发乌托邦,114.395325,30.477725,民族大道与南湖大道交叉口南200米,住宅小区,,080300|120302,商务住宅,住宅区,住宅小区
东林外庐池渊庭,114.396181,30.47459,修身路与中南大道交叉口东300米,住宅小区,,120302,商务住宅,住宅区,住宅小区
东林外庐芳华园,114.396023,30.47303,修身路与中南大道交叉口东南360米,住宅小区,,120302,商务住宅,住宅区,住宅小区
东林外庐爱庐园,114.396768,30.475976,修身路与中南大道交叉口东380米,住宅小区,,120302,商务住宅,住宅区,住宅小区
云顶居,114.396736,30.477492,民族大道303号,住宅小区,,120302,商务住宅,住宅区,住宅小区
山水华庭,114.396351,30.478649,南湖大道与民族大道交口东南侧山水华庭10栋附近,住宅小区,,120302,商务住宅,住宅区,住宅小区
云顶居3期,114.397525,30.477575,南湖大道与民族大道交叉口东南280米,住宅小区,,120302,商务住宅,住宅区,住宅小区
正荣紫阙台1期,114.398725,30.476625,南湖大道与民族大道交叉口东南420米,住宅小区,,120302,商务住宅,住宅区,住宅小区
海居地产(清江山水西店),114.398564,30.472616,软件园路10号清江山水3.2期,住宅小区,,120302|070000,商务住宅,住宅区,住宅小区
清江山水3.3期,114.399094,30.474807,软件园路与软件园中路交叉口西340米,住宅小区,,120302,商务住宅,住宅区,住宅小区
江南家园三期,114.397863,30.479329,南湖大道206号,住宅小区,,120302,商务住宅,住宅区,住宅小区
清江山水3.2期,114.39905,30.472498,软件园路10号,住宅小区,,120302,商务住宅,住宅区,住宅小区
清江山水,114.399927,30.473336,软件园中路10号,住宅小区,,120302,商务住宅,住宅区,住宅小区
江南家园一期,114.397668,30.481063,南湖大道与民族大道交叉口东北200米,住宅小区,,120302,商务住宅,住宅区,住宅小区
清江山水九程,114.400349,30.477703,软件园中路97号,住宅小区,,120302,商务住宅,住宅区,住宅小区
清江山水1.2期,114.400856,30.474897,软件园路与软件园中路交叉口西北200米,住宅小区,,120302,商务住宅,住宅区,住宅小区
正荣光谷紫阙台,114.399718,30.479667,南湖大道208号,住宅小区,,120302,商务住宅,住宅区,住宅小区
江南家园,114.398491,30.481223,南湖大道101号,住宅小区,,120302,商务住宅,住宅区,住宅小区
清江山水1.1期,114.401977,30.474677,软件园中路与软件园路交叉口西北120米,住宅小区,,120302,商务住宅,住宅区,住宅小区
E城6期,114.402025,30.477275,软件园中路与南湖大道交叉口西南300米,住宅小区,,120302,商务住宅,住宅区,住宅小区
江南家园二期,114.399866,30.482286,纺织路与经纬三路交叉口南220米,住宅小区,,120302,商务住宅,住宅区,住宅小区
曙光星城D区,114.400956,30.481081,雄庄路与凌光巷交叉口西240米,住宅小区,,120302,商务住宅,住宅区,住宅小区
曙光星城C区,114.402469,30.482813,纺织路8号,住宅小区,,120302,商务住宅,住宅区,住宅小区
星寰视界,114.405775,30.475925,软件园东路与软件园路交叉口北240米,住宅小区,,120302,商务住宅,住宅区,住宅小区
长城坐标城G区,114.410356,30.474399,洪山关山大道519号,住宅小区,,120302,商务住宅,住宅区,住宅小区
光谷软件园4期,114.408971,30.478724,南湖大道和关山大道的交叉口附近,住宅小区,,120302|120100,商务住宅,住宅区,住宅小区
中建大公馆二期,114.404676,30.480419,凌光巷与雄庄路交叉口东南140米,住宅小区,,120302,商务住宅,住宅区,住宅小区
中建大公馆三期,114.407234,30.480491,南湖大道北50米,住宅小区,,120302,商务住宅,住宅区,住宅小区
长城坐标城三期尚馆,114.411122,30.477984,洪山东湖高新开发区关山大道519号,住宅小区,,120302,商务住宅,住宅区,住宅小区
中建大公馆,114.40914,30.480521,关山大道396号,住宅小区,,120302,商务住宅,住宅区,住宅小区
长城坐标城D区,114.412794,30.474277,关南园路与关南园一路交叉口东北80米,住宅小区,,120302,商务住宅,住宅区,住宅小区
童馨楼,114.412512,30.473035,关南园一路与关南园路交叉口南40米,住宅小区,,120302,商务住宅,住宅区,住宅小区
中建大公馆四期,114.407237,30.482511,凌光巷与凌霄路交叉口西北160米,住宅小区,,120302,商务住宅,住宅区,住宅小区
中建大公馆一期,114.405264,30.482867,纺织路与雄庄路交叉口东约140米,住宅小区,,120302,商务住宅,住宅区,住宅小区
长城坐标城A区,114.413295,30.478345,高新二路与凌兰路交叉口西南120米,住宅小区,,120302,商务住宅,住宅区,住宅小区
长城坐标城C区,114.414356,30.476186,高新二路与凌兰路交叉口南300米,住宅小区,,120302,商务住宅,住宅区,住宅小区
江城雅居1期,114.413007,30.479718,南湖大道与坐标西路交叉口东北160米,住宅小区,,120302,商务住宅,住宅区,住宅小区
江城雅居,114.412834,30.480158,南湖大道大彭村,住宅小区,,120302,商务住宅,住宅区,住宅小区
融科天域1期,114.411675,30.481925,凌华路与关山大道辅路交叉口东120米,住宅小区,,120302,商务住宅,住宅区,住宅小区
长城坐标城I区,114.415531,30.476029,高新二路与关南园二路交汇处(光谷天地旁),住宅小区,,120302,商务住宅,住宅区,住宅小区
光谷坐标城9期,114.415575,30.476125,关山大道,住宅小区,,120302,商务住宅,住宅区,住宅小区
融科天域,114.413311,30.481353,关山大道471号,住宅小区,,120302,商务住宅,住宅区,住宅小区
万科城花璟苑5期,114.415975,30.473225,关南园二路与关南园路交叉口南60米,住宅小区,,120302,商务住宅,住宅区,住宅小区
长城坐标城H区,114.415731,30.478084,高新二路与凌兰路交叉口东南140米,住宅小区,,120302,商务住宅,住宅区,住宅小区
北辰光谷里2期,114.414925,30.480025,凌兰路与高新二路交叉口北140米,住宅小区,,120302,商务住宅,住宅区,住宅小区
长城社区,114.416245,30.477345,高新二路与凌兰路交叉口东南240米,住宅小区,,120302,商务住宅,住宅区,住宅小区
金地·格林东郡,114.405746,30.485425,关山大道与纺织路交汇处,住宅小区,,120302,商务住宅,住宅区,住宅小区
北辰光谷里-南区,114.415821,30.480082,凌兰路与高新二路交叉口东北180米,住宅小区,,120302,商务住宅,住宅区,住宅小区
曙光星城,114.402736,30.485591,雄庄路与纺织路交叉口西北180米,住宅小区,,120302,商务住宅,住宅区,住宅小区
旭辉千山凌云1期,114.417489,30.477579,关中路与高新二路交叉口西南140米,住宅小区,,120302,商务住宅,住宅区,住宅小区
曙光星城B区,114.403007,30.485996,雄庄路4-27号,住宅小区,,120302,商务住宅,住宅区,住宅小区
旭辉千山岭云,114.417925,30.475275,关中路与关南园路交叉口北160米,住宅小区,,120302,商务住宅,住宅区,住宅小区
北辰光谷里-北区,114.416058,30.480885,凌兰路与凌华路交叉口东南160米,住宅小区,,120302,商务住宅,住宅区,住宅小区
北辰光谷里C区,114.416625,30.480325,凌兰路与凌华路交叉口东南240米,住宅小区,,120302,商务住宅,住宅区,住宅小区
旭辉千山凌云2期,114.419266,30.476972,光谷大道,住宅小区,,120302,商务住宅,住宅区,住宅小区
侨德·公寓,114.401457,30.487151,科技路与经纬四路交叉口东北180米,住宅小区,,120302,商务住宅,住宅区,住宅小区
旭辉千山凌云,114.419724,30.477767,高新二路与关南园二路交叉口,住宅小区,,120302,商务住宅,住宅区,住宅小区
旭辉千山凌云3期,114.422156,30.478955,高新二路与关南园三路交叉口西北140米,住宅小区,,120302,商务住宅,住宅区,住宅小区
Free阁调,114.41912,30.487276,凌家山北路7号,住宅小区,,120302,商务住宅,住宅区,住宅小区
阁调小区,114.418325,30.487575,明玉路与凌家山北路交叉口东北100米,住宅小区,,120302,商务住宅,住宅区,住宅小区
关山春晓翠竹苑,114.416739,30.487597,凌家山北路与明玉路交叉口西北100米,住宅小区,,120302,商务住宅,住宅区,住宅小区
东湖高新区关东街关南社区,114.433239,30.481369,黄龙山地铁口(黄龙山路地铁站C口步行320米),住宅小区,,120302,商务住宅,住宅区,住宅小区
关山春晓瑞庭苑,114.414467,30.487585,凌家山北路与明玉路交叉口西300米,住宅小区,,120302,商务住宅,住宅区,住宅小区
招商蛇口武汉城建未来中心·雅筑,114.174438,30.488379,武汉经济技术开发区1MA地块,住宅小区,,120302,商务住宅,住宅区,住宅小区
神龙国际青年公寓,114.175029,30.494494,体育路145号,住宅小区,,120302,商务住宅,住宅区,住宅小区
香槟城,114.179445,30.497018,车城东路与科技园三路交叉口西180米,住宅小区,,120302,商务住宅,住宅区,住宅小区
经开绿城·柳岸春晓,114.17504,30.495745,车城北路29号(车城东路地铁站A口步行370米),住宅小区,,120302,商务住宅,住宅区,住宅小区
万科翡翠玖玺1期,114.181735,30.498637,车城东路与太子湖路交叉口西南40米,住宅小区,,120302,商务住宅,住宅区,住宅小区
蔚然B地块,114.170075,30.492075,神龙大道与神龙三路交叉口西80米,住宅小区,,120302,商务住宅,住宅区,住宅小区
宁康园,114.170537,30.494887,宁康路69号,住宅小区,,120302,商务住宅,住宅区,住宅小区
万科翡翠玖玺,114.179553,30.499507,太子湖路108号(车城东路地铁站C口步行210米),住宅小区,,120302,商务住宅,住宅区,住宅小区
招商未来中心1期,114.168925,30.490625,神龙大道23号,住宅小区,,120302,商务住宅,住宅区,住宅小区
武汉城建招商蛇口未来中心·蔚然,114.168852,30.49147,武汉经济技术开发区1MA地块,住宅小区,,120302,商务住宅,住宅区,住宅小区
万科翡翠玖玺2期,114.178848,30.501257,太子湖路与体育东路交叉口东南120米,住宅小区,,120302,商务住宅,住宅区,住宅小区
湘隆时代A区,114.16831,30.496502,宁康路与安康路交叉口北60米,住宅小区,,120302,商务住宅,住宅区,住宅小区
神龙金湖单身公寓,114.166672,30.494217,宁康路98号,住宅小区,,120302,商务住宅,住宅区,住宅小区
安康园,114.166846,30.49582,安康路9号(东风公司地铁站E2口步行430米),住宅小区,,120302,商务住宅,住宅区,住宅小区
神龙金湖单身公寓北楼,114.166225,30.494675,安康路与神龙大道交叉口北140米,住宅小区,,120302,商务住宅,住宅区,住宅小区
招商蛇口城建未来中心·樾府,114.165132,30.49097,武汉经济技术开发区1MA地块,住宅小区,,120302,商务住宅,住宅区,住宅小区
禹洲·朗廷元著K1区,114.201833,30.499046,蔷薇路与海棠路交叉口东160米,住宅小区,,120302,商务住宅,住宅区,住宅小区
禹洲·朗廷元著,114.201025,30.500297,太子湖北路288号(江城大道地铁站D口步行180米),住宅小区,,120302,商务住宅,住宅区,住宅小区
禹洲·朗廷元著K2区,114.200423,30.501307,蔷薇路与蔷薇小路交叉口西140米,住宅小区,,120302,商务住宅,住宅区,住宅小区
永合社区,114.199721,30.501867,蔷薇路与蔷薇小路交叉口西北220米,住宅小区,,120302,商务住宅,住宅区,住宅小区
美力城,114.213275,30.492475,花林路与紫藤路交叉口东北260米,住宅小区,,120302,商务住宅,住宅区,住宅小区
汉阳区洲头街道合作新村,114.216644,30.492987,芳林路与青枫路交叉口东南40米,住宅小区,,120302,商务住宅,住宅区,住宅小区
葛洲坝紫郡蘭园,114.223914,30.495876,沌口经济开发区(老关村地铁站C口步行270米),住宅小区,,120302,商务住宅,住宅区,住宅小区
沌口街道永和社区,114.22459,30.494674,长江路1997号紫郡兰园1栋,住宅小区,,120302,商务住宅,住宅区,住宅小区
江韵社区,114.227298,30.491201,老关中路与老关西路交叉口东140米,住宅小区,,120302,商务住宅,住宅区,住宅小区
金地兰亭大境K2地块,114.228395,30.489203,沌口路与芳林路交叉口东260米,住宅小区,,120302,商务住宅,住宅区,住宅小区
金地兰亭大境K1地块,114.228861,30.49172,老关中路与沌口路交叉口东360米,住宅小区,,120302,商务住宅,住宅区,住宅小区
金地兰亭长江序,114.230724,30.489733,沌口路1997号,住宅小区,,120302,商务住宅,住宅区,住宅小区
汉阳·即刻里,114.230132,30.493087,老关东路与老关中路交叉口北260米,住宅小区,,120302,商务住宅,住宅区,住宅小区
金地长江峯范,114.23144,30.491874,老关东路与老关中路交叉口东北160米,住宅小区,,120302,商务住宅,住宅区,住宅小区
老关社区,114.234129,30.495186,江堤街,住宅小区,,120302,商务住宅,住宅区,住宅小区
中国电建地产·洺悦江湾,114.233427,30.496442,老关路老关社区西北240米,住宅小区,,120302,商务住宅,住宅区,住宅小区
武汉国博新城融江府,114.229445,30.499374,鹦鹉立交桥与国博大道交叉口西北140米,住宅小区,,120302,商务住宅,住宅区,住宅小区
武汉国博新城和江府,114.227886,30.500884,鄂渚路15号,住宅小区,,120302,商务住宅,住宅区,住宅小区
武汉国博新城国博诚寓,114.231101,30.500314,国博大道218号官堤路与冬书街交叉口东南120米,住宅小区,,120302,商务住宅,住宅区,住宅小区
国博城·盛江府,114.225154,30.502083,鄂渚路与冬书街交叉口西220米,住宅小区,,120302,商务住宅,住宅区,住宅小区
飞龙居,114.234875,30.498875,晴川大道与谢庭街交叉口西南100米,住宅小区,,120302,商务住宅,住宅区,住宅小区
绿城金地凤起听澜E5,114.237435,30.500393,江浔路与晴川大道交叉口东北80米,住宅小区,,120302,商务住宅,住宅区,住宅小区
绿城金地凤起听澜,114.237224,30.50071,新五里三路、汉阳区江堤乡,住宅小区,,120302,商务住宅,住宅区,住宅小区
绿城金地凤起听澜E4,114.236167,30.500995,江浔路与晴川大道交叉口西北140米,住宅小区,,120302,商务住宅,住宅区,住宅小区
长江鑫都D区,114.266745,30.489601,永靖路与长征三路交叉口北200米,住宅小区,,120302,商务住宅,住宅区,住宅小区
三桥社区林机小区,114.267094,30.492266,四坦路7号,住宅小区,,120302,商务住宅,住宅区,住宅小区
花样年锦绣城A区,114.269526,30.49296,草市路与武金堤大道交叉口南220米,住宅小区,,120302,商务住宅,住宅区,住宅小区
城建天惠园,114.270292,30.488892,四坦路与白沙二路交叉口东北80米,住宅小区,,120302,商务住宅,住宅区,住宅小区
花样年锦绣城,114.270265,30.492439,新武金堤路三桥社区东北侧约140米,住宅小区,,120302,商务住宅,住宅区,住宅小区
外教公寓,114.270925,30.490025,永佳路与夹套河路交叉口西北140米,住宅小区,,120303|120302,商务住宅,住宅区,
富强天惠园-东区,114.270961,30.489215,夹套河路富强·天惠园,住宅小区,,120302,商务住宅,住宅区,住宅小区
花样年锦绣城B区,114.271392,30.491687,永佳路与夹套河路交叉口西北260米,住宅小区,,120302,商务住宅,住宅区,住宅小区
白沙洲花园1期,114.270775,30.492775,草市路与武金堤大道交叉口东南300米,住宅小区,,120302,商务住宅,住宅区,住宅小区
菁英城2期,114.275278,30.488731,草市路18号,住宅小区,,120302,商务住宅,住宅区,住宅小区
菁英城,114.276366,30.490526,八坦路中南管道公司边,住宅小区,,120302,商务住宅,住宅区,住宅小区
城投联投誉江南B区,114.27296,30.494934,武金堤路与堤前街交叉口东南340米,住宅小区,,120302,商务住宅,住宅区,住宅小区
菁英城1期,114.276406,30.490736,草市路与夹套河路交叉口东200米,住宅小区,,120302,商务住宅,住宅区,住宅小区
城投联投誉江南,114.273255,30.495255,洪山新武金堤路与八坦路交叉口,住宅小区,,120302,商务住宅,住宅区,住宅小区
城投联投誉江南A区,114.274031,30.495785,武金堤路与堤前街交叉口东南340米,住宅小区,,120302,商务住宅,住宅区,住宅小区
城联投·樾江府,114.272724,30.496863,武金堤路与堤前街交叉口东南160米,住宅小区,,120302,商务住宅,住宅区,住宅小区
中建铂公馆一期,114.27785,30.48703,白沙洲大道与八坦路交汇处,住宅小区,,120302,商务住宅,住宅区,住宅小区
中建铂公馆二期,114.27964,30.489647,白沙洲大道与八坦路交汇处,住宅小区,,120302,商务住宅,住宅区,住宅小区
中南管道小区,114.280457,30.492716,南市路与八坦路辅路交叉口西南100米,住宅小区,,120302,商务住宅,住宅区,住宅小区
长利小区,114.281635,30.490685,洲大道张家湾街,住宅小区,,120302,商务住宅,住宅区,住宅小区
紫电星空,114.280954,30.493558,八坦路辅路与南市路交叉口西20米,住宅小区,,120302,商务住宅,住宅区,住宅小区
青润家园西区,114.281675,30.488225,工学院路与白沙洲大道交叉口东20米,住宅小区,,120302,商务住宅,住宅区,住宅小区
武焦和谐小区,114.28176,30.492794,八坦路辅路与南市路交叉口东南100米,住宅小区,,120302,商务住宅,住宅区,住宅小区
青菱小学教工楼,114.283125,30.489225,百福路与白沙洲大道交叉口东南80米,住宅小区,,120302,商务住宅,住宅区,住宅小区
青润家园北区,114.283096,30.488375,白沙洲大道108号,住宅小区,,120302,商务住宅,住宅区,住宅小区
武焦小区,114.283209,30.489164,百福路3号,住宅小区,,120302,商务住宅,住宅区,住宅小区
堤后街社区(八坦北巷),114.275717,30.500557,洲街道,住宅小区,,120302,商务住宅,住宅区,住宅小区
万科云城,114.283207,30.495031,白沙洲大道与八坦路交汇处西北角,住宅小区,,120302,商务住宅,住宅区,住宅小区
建材社区新材小区,114.284704,30.489827,杨泗港快速路出口与杨泗港快速路交叉口南200米,住宅小区,,120302,商务住宅,住宅区,住宅小区
保利新武昌·锦园,114.288564,30.491663,白沙洲大道131号,住宅小区,,120302,商务住宅,住宅区,住宅小区
白沙洲大道138号小区,114.286043,30.493797,张家湾中学路与白沙洲大道交叉口东南40米,住宅小区,,120302,商务住宅,住宅区,住宅小区
烽火·祺福青塆,114.288146,30.493124,张家湾路6号,住宅小区,,120302,商务住宅,住宅区,住宅小区
复地悦城一期,114.290093,30.490649,烽胜路26号附15号,住宅小区,,120302,商务住宅,住宅区,住宅小区
保利新武昌K6地块,114.289499,30.492468,张家湾路(张家湾地铁站D口步行480米),住宅小区,,120302,商务住宅,住宅区,住宅小区
祈福青湾,114.286975,30.494425,张家湾路与白沙洲大道交叉口东南80米,住宅小区,,120302,商务住宅,住宅区,住宅小区
波光霞影,114.290619,30.48876,烽胜路,住宅小区,,120302,商务住宅,住宅区,住宅小区
物管小区,114.286975,30.495175,张家湾路与白沙洲大道交叉口东40米,住宅小区,,120302,商务住宅,住宅区,住宅小区
保利·锦上,114.285077,30.49627,夹套河与江国路交汇处,住宅小区,,120302,商务住宅,住宅区,住宅小区
保利上城西区,114.289017,30.495235,张家湾(张家湾地铁站C口步行440米),住宅小区,,120302,商务住宅,住宅区,住宅小区
保利·星奕,114.291646,30.493127,烽胜路与张家湾路交汇处,住宅小区,,120302,商务住宅,住宅区,住宅小区
天工小区,114.288032,30.496049,白沙洲大道与江国路交叉口南140米,住宅小区,,120302,商务住宅,住宅区,住宅小区
复地悦城,114.293056,30.490679,烽胜路26号(张家湾地铁站A口步行480米),住宅小区,,120302,商务住宅,住宅区,住宅小区
复地悦城K2地块,114.293025,30.49131,烽胜路与楚祥大道交叉口北140米,住宅小区,,120302,商务住宅,住宅区,住宅小区
保利上城,114.290183,30.49561,白沙洲大道与江国路交汇处,住宅小区,,120302,商务住宅,住宅区,住宅小区
星屿,114.293775,30.488525,烽胜路与楚祥大道交叉口东南100米,住宅小区,,120302,商务住宅,住宅区,住宅小区
白沙雅舍,114.285658,30.497841,江国南巷与夹套河路交叉口东180米,住宅小区,,120302,商务住宅,住宅区,住宅小区
汉悦公寓江国路店,114.28567,30.497845,白沙洲大道245号,住宅小区,,120302,商务住宅,住宅区,住宅小区
保利上城东区,114.291555,30.49559,白沙洲大道77号(张家湾地铁站C口步行60米),住宅小区,,120302,商务住宅,住宅区,住宅小区
保利新武昌5期,114.292525,30.494825,烽胜路与张家湾路交叉口北160米,住宅小区,,120302,商务住宅,住宅区,住宅小区
保利上城·首座,114.289908,30.497018,江国路与白沙洲大道交汇处东侧,住宅小区,,120302,商务住宅,住宅区,住宅小区
保利新武昌1区,114.293575,30.493575,张家湾路与烽胜路交叉口东60米,住宅小区,,120302,商务住宅,住宅区,住宅小区
烽胜路崇文兰庭H11地块,114.293037,30.495021,烽胜路与张家湾路交叉口北180米(张家湾地铁站D口旁),住宅小区,,120302,商务住宅,住宅区,住宅小区
楚天·雅苑,114.295109,30.49237,保利新武昌13栋商铺(张家湾地铁站A口步行490米),住宅小区,,120302,商务住宅,住宅区,住宅小区
复地悦城二期,114.295757,30.490667,烽胜路27号,住宅小区,,120302,商务住宅,住宅区,住宅小区
保利上城三期商场,114.292025,30.497275,保利上城(张家湾地铁站C口步行350米),住宅小区,,120302,商务住宅,住宅区,住宅小区
新江南花木城A区,114.28491,30.499774,江国路与夹套河路交叉口西60米,住宅小区,,120302,商务住宅,住宅区,住宅小区
烽火崇文兰庭西区,114.293073,30.497227,烽胜路与武梁路交叉口西南100米,住宅小区,,120302,商务住宅,住宅区,住宅小区
烽火·崇文兰庭,114.294928,30.496888,烽胜路17号,住宅小区,,120302,商务住宅,住宅区,住宅小区
保利新武昌K4地块,114.296423,30.494997,白沙洲烽胜路与八坦北路交汇处(张家湾地铁站A口旁),住宅小区,,120302,商务住宅,住宅区,住宅小区
烽火崇文兰庭-东区,114.294957,30.496985,武梁路与烽胜路交叉口东南140米,住宅小区,,120302,商务住宅,住宅区,住宅小区
锦绣江城2期,114.292847,30.498908,烽胜路2号,住宅小区,,120302,商务住宅,住宅区,住宅小区
新A区,114.289925,30.501825,武梁路与上城中路交叉口北480米,住宅小区,,120302,商务住宅,住宅区,住宅小区
五金新区,114.293575,30.500325,武梁路与烽胜路交叉口北260米,住宅小区,,120302,商务住宅,住宅区,住宅小区
烽火社区,114.29713,30.497681,武梁路与烽火路交叉口西160米,住宅小区,,120302,商务住宅,住宅区,住宅小区
红旗欣居C区南区,114.304988,30.493179,,住宅小区,,120302,商务住宅,住宅区,住宅小区
红旗欣居C区,114.304702,30.494551,巡司河西路与武梁路辅路交叉口南380米,住宅小区,,120302,商务住宅,住宅区,住宅小区
南湖红旗新居,114.305025,30.495025,武梁路与巡司河西路交叉口南340米,住宅小区,,120302,商务住宅,住宅区,住宅小区
红旗欣居,114.304536,30.497512,,住宅小区,,120302,商务住宅,住宅区,住宅小区
七一二所社区,114.309323,30.493406,沿河路与精松路交叉口西北280米,住宅小区,,120302,商务住宅,住宅区,住宅小区
世茂云锦,114.300079,30.498805,武梁路与烽火路交叉口东北120米,住宅小区,,120302,商务住宅,住宅区,住宅小区
世茂云锦瑰海园,114.300079,30.498805,青菱中路,住宅小区,,120302,商务住宅,住宅区,住宅小区
红旗社区,114.304651,30.49864,巡司河西路与武梁路辅路交叉口北60米,住宅小区,,120302,商务住宅,住宅区,住宅小区
南湖军威院,114.311731,30.493044,沿河路与精松路交叉口北80米,住宅小区,,120302,商务住宅,住宅区,住宅小区
东原晴天见,114.307279,30.498659,南湖小路28号,住宅小区,,120302,商务住宅,住宅区,住宅小区
军威苑小区,114.312229,30.493746,新千家街(华中科技大学武昌分校旁),住宅小区,,120302,商务住宅,住宅区,住宅小区
南湖东园,114.307975,30.498825,巡司河东路与武梁路交叉口北100米,住宅小区,,120302,商务住宅,住宅区,住宅小区
军威苑A区,114.312825,30.493225,沿河路与黄埔路交叉口东南140米,住宅小区,,120302,商务住宅,住宅区,住宅小区
汽校一村,114.311063,30.4965,中石油昆仑燃气南湖CNG加气站西南侧190米,住宅小区,,120302,商务住宅,住宅区,住宅小区
武汉拉德芳斯影院公寓,114.313325,30.488825,南李路与楚祥大道交叉口东北140米,住宅小区,,120302,商务住宅,住宅区,住宅小区
汇东·南湖新村西区,114.309319,30.499268,新千家街129号,住宅小区,,120302,商务住宅,住宅区,住宅小区
诚信楼,114.314141,30.491629,精松路与沿河路交叉口东220米,住宅小区,,120302,商务住宅,住宅区,住宅小区
金地圣爱米伦2期,114.314087,30.492738,文祥西街与南李路交叉口西南160米,住宅小区,,120302,商务住宅,住宅区,住宅小区
汇东·南湖新村,114.309712,30.499302,新千家街129号,住宅小区,,120302,商务住宅,住宅区,住宅小区
金地圣爱米伦,114.315041,30.490478,南李路27号,住宅小区,,120302,商务住宅,住宅区,住宅小区
天地雅园,114.311604,30.498307,洪山街道武梁路新千家街127号,住宅小区,,120302,商务住宅,住宅区,住宅小区
阳光上城,114.309453,30.500283,新千家街130附近西北方向80米,住宅小区,,120302,商务住宅,住宅区,住宅小区
红旗欣居B区,114.306759,30.501885,巡司河西路,住宅小区,,120302,商务住宅,住宅区,住宅小区
汇东·南湖新村东区,114.310914,30.49936,新千家街129号,住宅小区,,120302,商务住宅,住宅区,住宅小区
文明楼,114.315058,30.493251,文祥西街与南李路交叉口南100米,住宅小区,,120302,商务住宅,住宅区,住宅小区
保利·中央公馆四期,114.319406,30.4943,平安路5号,住宅小区,,120302,商务住宅,住宅区,住宅小区
南湖成功花园B区,114.314338,30.49636,洪山街道成宝社区南李路1号,住宅小区,,120302,商务住宅,住宅区,住宅小区
武汉保利中央公馆城市服务站,114.32085,30.49495,平安路与文祥西街交叉口北220米,住宅小区,,120302,商务住宅,住宅区,住宅小区
南湖成功花园,114.315132,30.497666,南李路与南湖路交叉口北100米南湖成功花园A区,住宅小区,,120302,商务住宅,住宅区,住宅小区
宝安·美约河,114.314379,30.497894,恒安路,住宅小区,,120302,商务住宅,住宅区,住宅小区
南湖成功花园A区,114.315617,30.498457,新千家街62号,住宅小区,,120302,商务住宅,住宅区,住宅小区
采荷居,114.319397,30.497626,南湖路,住宅小区,,120302,商务住宅,住宅区,住宅小区
南国花郡,114.313335,30.498711,南李路2号(建安街地铁站C口步行440米),住宅小区,,120302,商务住宅,住宅区,住宅小区
海逸新居,114.314593,30.499705,南湖花园恒安路南湖驾校对面,住宅小区,,120302,商务住宅,住宅区,住宅小区
如院,114.326055,30.493529,丁字桥南路545号(文昌路地铁站B口步行450米),住宅小区,,120302,商务住宅,住宅区,住宅小区
南湖名都B区,114.318038,30.499867,丁字桥南路富安街(富安街地铁站B口步行210米),住宅小区,,120302,商务住宅,住宅区,住宅小区
招商·雍华府,114.322006,30.498307,珞梁路与南湖路交叉口,住宅小区,,120302,商务住宅,住宅区,住宅小区
缤购城小区,114.3118,30.500257,新千家街与长海路交叉口东160米,住宅小区,,120302,商务住宅,住宅区,住宅小区
德华楼(南湖名都店),114.317979,30.500677,富安街28号(富安街地铁站A口步行220米),住宅小区,,120302|050100,商务住宅,住宅区,住宅小区
汀香美域,114.310837,30.500427,南湖路与长海路交叉口东北150米,住宅小区,,120302,商务住宅,住宅区,住宅小区
南湖新城家园,114.327858,30.490683,丁字桥南路555号(文昌路地铁站C口步行130米),住宅小区,,120302,商务住宅,住宅区,住宅小区
恺德·熹园,114.321653,30.499884,富安街22号,住宅小区,,120302,商务住宅,住宅区,住宅小区
华锦花园2期,114.314964,30.501692,南湖街办事处南湖街道办事处,住宅小区,,120302,商务住宅,住宅区,住宅小区
大华南湖公园世家3期,114.327657,30.49454,文馨街252号(文昌路地铁站A口步行190米),住宅小区,,120302,商务住宅,住宅区,住宅小区
南湖名都A区,114.324089,30.498855,富安街32号,住宅小区,,120302,商务住宅,住宅区,住宅小区
君悦阁,114.321038,30.500801,富安街与平安路交叉口东60米,住宅小区,,120302,商务住宅,住宅区,住宅小区
华锦花园4期,114.318598,30.501599,南湖街恒安路2号,住宅小区,,120302,商务住宅,住宅区,住宅小区
亿诚世家,114.310225,30.501325,新千家街与富安街交叉口西北20米,住宅小区,,120302,商务住宅,住宅区,住宅小区
旭缘安居,114.322475,30.500525,富安街与平安路交叉口东200米,住宅小区,,120302,商务住宅,住宅区,住宅小区
华锦花园物业,114.315475,30.502575,恒安路与建安街交叉口东南240米,住宅小区,,170200|120302,公司企业,公司,
虹顶家园,114.312053,30.50235,恒安路49号(南湖花园华锦花园正对面),住宅小区,,120302,商务住宅,住宅区,住宅小区
华锦花园,114.317037,30.502573,恒安路2号(建安街地铁站D口步行340米),住宅小区,,120302,商务住宅,住宅区,住宅小区
大华三期西区,114.327675,30.496575,文馨街与丁字桥南路交叉口东220米,住宅小区,,120302,商务住宅,住宅区,住宅小区
金地·格林小城梦茵区五区,114.326286,30.498326,丁字桥南路与文馨街交叉口东北140米,住宅小区,,120302,商务住宅,住宅区,住宅小区
保利·公园九里5期,114.309668,30.502517,建安街(建安街地铁站A口步行350米),住宅小区,,120302,商务住宅,住宅区,住宅小区
鸿城家园,114.331118,30.490155,书城路170号(文昌路地铁站C口步行290米),住宅小区,,120302,商务住宅,住宅区,住宅小区
鸿城家园南区,114.331148,30.489322,新城家园路与文昌路交叉口东南120米,住宅小区,,120302,商务住宅,住宅区,住宅小区
鸿城家园北区,114.331122,30.490723,文昌路121号(文昌路地铁站C口步行120米),住宅小区,,120302,商务住宅,住宅区,住宅小区
大华南湖公园世家,114.331872,30.493895,珞狮南路517号明泽大厦西侧,住宅小区,,120302,商务住宅,住宅区,住宅小区
大华南湖公园世家2期,114.332467,30.493659,文馨街252号(文昌路地铁站A口步行180米),住宅小区,,120302,商务住宅,住宅区,住宅小区
珞珈雅苑,114.335797,30.488813,书城路附近,住宅小区,,120302,商务住宅,住宅区,住宅小区
福德楼,114.331145,30.496188,文馨街与文昌路交叉口东80米,住宅小区,,120302,商务住宅,住宅区,住宅小区
大华南湖公园世家1期,114.336767,30.493412,珞狮南路517号,住宅小区,,120302,商务住宅,住宅区,住宅小区
紫菘珞狮花园,114.33803,30.489949,国土资源和规划局洪山分局旁,住宅小区,,120302,商务住宅,住宅区,住宅小区
邻莱江南阁,114.329,30.497,文馨街与文昌路交叉口西北140米,住宅小区,,120302,商务住宅,住宅区,住宅小区
金地·格林小城莱茵区五区,114.332256,30.496788,文馨街与文昌路交叉口东200米,住宅小区,,120302,商务住宅,住宅区,住宅小区
金地·格林小城梦茵区一区,114.328876,30.497098,文馨街与文昌路交叉口西北160米,住宅小区,,120302,商务住宅,住宅区,住宅小区
金地·格林小城莱茵区二区,114.334266,30.496302,文馨街与书城路交叉口西北160米,住宅小区,,120302,商务住宅,住宅区,住宅小区
珞珈雅苑二期,114.338624,30.489003,傅家咀,住宅小区,,120302,商务住宅,住宅区,住宅小区
金地·格林小城莱茵区,114.333309,30.497259,南湖花园文馨街115号,住宅小区,,120302,商务住宅,住宅区,住宅小区
金地·格林小城梦茵区二区,114.329661,30.498329,文昌路与文盛街交叉口西南140米,住宅小区,,120302,商务住宅,住宅区,住宅小区
金地·格林小城梦茵区,114.327983,30.498352,文昌路90号,住宅小区,,120302,商务住宅,住宅区,住宅小区
金地·格林小城莱茵区三区,114.332379,30.498284,文昌路与文盛街交叉口东南160米,住宅小区,,120302,商务住宅,住宅区,住宅小区
金地·格林小城梦茵区特一区,114.327867,30.498404,文盛街与文昌西路交叉口东南240米,住宅小区,,120302,商务住宅,住宅区,住宅小区
金地·格林小城莱茵区一区,114.334718,30.497621,书城路与文馨街交叉口北280米,住宅小区,,120302,商务住宅,住宅区,住宅小区
金地·格林小城,114.331778,30.498802,书城路81号,住宅小区,,120302,商务住宅,住宅区,住宅小区
明泽丽湾,114.340376,30.489653,南湖滨珞狮南路519号,住宅小区,,120302,商务住宅,住宅区,住宅小区
金地·格林小城梦茵区三区,114.327169,30.499554,文昌路金地格林小城梦茵,住宅小区,,120302,商务住宅,住宅区,住宅小区
金地·格林小城美茵区7区,114.333402,30.499622,文昌路与文盛街交叉口东260米,住宅小区,,120302,商务住宅,住宅区,住宅小区
金地格林区,114.336025,30.499075,书城路与文治街交叉口西南260米,住宅小区,,120302,商务住宅,住宅区,住宅小区
明泽·半岛尊邸,114.341669,30.4931,珞狮南路501号,住宅小区,,120302,商务住宅,住宅区,住宅小区
金地·格林小城美茵区9区,114.331799,30.500522,书城路81号,住宅小区,,120302,商务住宅,住宅区,住宅小区
武昌府一期,114.328845,30.500593,文盛街与文昌西路交叉口东220米,住宅小区,,120302,商务住宅,住宅区,住宅小区
金地·格林小城美茵区特1区,114.335455,30.49961,书城路与文治街交叉口西南240米,住宅小区,,120302,商务住宅,住宅区,住宅小区
金地·格林小城美茵区6区,114.333125,30.500519,书城路81号,住宅小区,,120302,商务住宅,住宅区,住宅小区
金地·格林小城美茵区5区,114.334329,30.500198,文治街与柳园路交叉口西南200米,住宅小区,,120302,商务住宅,住宅区,住宅小区
金地·格林小城美茵区,114.333816,30.500676,书城路81号,住宅小区,,120302,商务住宅,住宅区,住宅小区
佳和龙苑,114.327489,30.501124,文楚街与文昌西路交叉口南140米,住宅小区,,120302,商务住宅,住宅区,住宅小区
金地·格林小城美茵区1区,114.335971,30.500339,书城路与文治街交叉口西南140米,住宅小区,,120302,商务住宅,住宅区,住宅小区
金地·格林小城美茵区2区,114.334945,30.501077,文治街与柳园路交叉口南80米,住宅小区,,120302,商务住宅,住宅区,住宅小区
武昌府三期,114.326207,30.501485,文楚街与文昌西路交叉口西南120米,住宅小区,,120302,商务住宅,住宅区,住宅小区
金地·格林小城美茵区3区,114.333352,30.501606,文治街与柳园路交叉口西160米,住宅小区,,120302,商务住宅,住宅区,住宅小区
金地·格林小城美茵区8区,114.332118,30.501954,文昌路与文治街交叉口东南100米,住宅小区,,120302,商务住宅,住宅区,住宅小区
佳和龙苑A区,114.327223,30.501971,文楚街与文昌西路交叉口东南40米,住宅小区,,120302,商务住宅,住宅区,住宅小区
梅荷苑,114.344208,30.488468,珞狮路,住宅小区,,120302,商务住宅,住宅区,住宅小区
武昌府二期,114.328679,30.502487,文楚街与文昌西路交叉口东160米,住宅小区,,120302,商务住宅,住宅区,住宅小区
武昌府,114.327982,30.502872,文治街与文昌路的交汇处(武汉理工大学新校区南大门正对面),住宅小区,,120302,商务住宅,住宅区,住宅小区
南湖雅园,114.341083,30.499233,珞狮南路特2号(文治街地铁站C口步行250米),住宅小区,,120302,商务住宅,住宅区,住宅小区
南湖山庄2期,114.346475,30.488525,南湖西路与狮子山北路交叉口东北180米,住宅小区,,120302,商务住宅,住宅区,住宅小区
南湖山庄·半岛花园,114.34735,30.489791,珞狮南路507号,住宅小区,,120302,商务住宅,住宅区,住宅小区
丽湖花园,114.342444,30.499309,珞狮南路文治街(文治街地铁站C口步行130米),住宅小区,,120302,商务住宅,住宅区,住宅小区
桂园一号,114.344635,30.500293,珞狮路与珞狮路入口交叉口南120米,住宅小区,,120302,商务住宅,住宅区,住宅小区
兰园A座,114.345025,30.501025,丽岛花园兰园(文治街地铁站A口步行310米),住宅小区,,120302,商务住宅,住宅区,住宅小区
丽岛花园兰园,114.345647,30.501035,珞狮路入口与珞狮路交叉口东南80米,住宅小区,,120302,商务住宅,住宅区,住宅小区
兰园C座,114.346175,30.501425,丽岛花园兰园(文治街地铁站A口步行230米),住宅小区,,120302,商务住宅,住宅区,住宅小区
丽岛花园橘园,114.348393,30.501308,珞狮南路497号丽岛花园(珞狮路辅路),住宅小区,,120302,商务住宅,住宅区,住宅小区
丽岛紫园,114.343691,30.501731,文秀街18号(文治街地铁站B口步行80米),住宅小区,,120302,商务住宅,住宅区,住宅小区
紫檀苑,114.343175,30.501925,文佳巷与文秀街交叉口西南140米,住宅小区,,120302,商务住宅,住宅区,住宅小区
鸿湖景天,114.339729,30.501144,文治街61号(文治街地铁站C口步行490米),住宅小区,,120302,商务住宅,住宅区,住宅小区
丽岛花园樱园,114.346301,30.502127,珞狮路出口与珞狮路辅路交叉口东南80米,住宅小区,,120302,商务住宅,住宅区,住宅小区
丽岛花园枫园,114.347679,30.502174,珞狮南路497号丽岛花园(洪山区政府斜对面),住宅小区,,120302,商务住宅,住宅区,住宅小区
文佳巷15号,114.340097,30.501722,文秀街,住宅小区,,120302,商务住宅,住宅区,住宅小区
龙威小区,114.342646,30.502563,文佳巷与文秀街交叉口西140米,住宅小区,,120302,商务住宅,住宅区,住宅小区
文佳巷1号公寓,114.343459,30.502682,文秀街文佳巷1号(文治街地铁站B口步行360米),住宅小区,,120302,商务住宅,住宅区,住宅小区
狮龙花苑,114.344725,30.502788,珞狮路296号(文治街地铁站B口步行280米),住宅小区,,120302,商务住宅,住宅区,住宅小区
中建·南湖壹号,114.349563,30.502498,星光时代东侧文荟街,住宅小区,,120302,商务住宅,住宅区,住宅小区
丽岛花园竹园,114.347207,30.503099,珞狮路辅路与珞狮路出口交叉口东120米,住宅小区,,120302,商务住宅,住宅区,住宅小区
北港教师小区,114.338595,30.502124,书城路39号,住宅小区,,120302,商务住宅,住宅区,住宅小区
南湖半岛,114.36367,30.496984,南湖北岸特1号,住宅小区,,120302,商务住宅,住宅区,住宅小区
城投·瀚城南2区,114.368158,30.495856,雄楚大道450号(名都花园旁),住宅小区,,120302,商务住宅,住宅区,住宅小区
珞桂社区,114.357748,30.499559,桂湖路与桂湖东路交叉口西500米,住宅小区,,120302,商务住宅,住宅区,住宅小区
绿城桂湖雲翠,114.360879,30.499881,桂湖路9号,住宅小区,,120302,商务住宅,住宅区,住宅小区
保利大都会·尚湖,114.366308,30.498332,卓刀泉南路128号(洪山区实验外国语学校对面),住宅小区,,120302,商务住宅,住宅区,住宅小区
城投瀚城,114.369859,30.496835,雄楚大道450号,住宅小区,,120302,商务住宅,住宅区,住宅小区
保利蓝海郡洋房,114.37276,30.49259,武汉南湖绿道与南湖北路交叉口南200米,住宅小区,,120302,商务住宅,住宅区,住宅小区
护工邻坊,114.362825,30.501275,浅水湾路与桂湖东路交叉口南300米,住宅小区,,120302,商务住宅,住宅区,住宅小区
城投·瀚城璞岸,114.372255,30.495957,楚康路与南湖北路交叉口东北240米,住宅小区,,120302,商务住宅,住宅区,住宅小区
安康公寓(省肿瘤医院店),114.364913,30.501366,卓刀泉南路与康福路交叉口西180米,住宅小区,,120302|100200,商务住宅,住宅区,住宅小区
万科翡翠云台,114.360572,30.502143,桂湖路8号,住宅小区,,120302,商务住宅,住宅区,住宅小区
保利蓝海郡,114.37405,30.49313,,住宅小区,,120302,商务住宅,住宅区,住宅小区
湖北省肿瘤医院家属区,114.363775,30.502475,桂湖东路与浅水湾路交叉口南160米,住宅小区,,120302,商务住宅,住宅区,住宅小区
泉盛花园,114.363162,30.502761,浅水湾路与桂湖东路交叉口南120米,住宅小区,,120302,商务住宅,住宅区,住宅小区
城投瀚城摩卡公馆,114.370796,30.499541,楚康路299附19东北方向20米,住宅小区,,120302,商务住宅,住宅区,住宅小区
瀚城汇,114.370299,30.500138,楚康路与康福路交叉口南80米,住宅小区,,120302,商务住宅,住宅区,住宅小区
牛奶厂宿舍,114.375547,30.492093,关东街道楚平路95号,住宅小区,,120302,商务住宅,住宅区,住宅小区
中博南湖康城,114.376427,30.49204,雄楚大道楚平路28号,住宅小区,,120302,商务住宅,住宅区,住宅小区
南湖·锦园,114.375692,30.494345,南湖北路,住宅小区,,120302,商务住宅,住宅区,住宅小区
南湖锦城-南区,114.378033,30.494132,楚平路与南湖北路交叉口东南100米,住宅小区,,120302,商务住宅,住宅区,住宅小区
华中科学生态城·嘉悦府,114.374886,30.495563,南湖北路与楚平路交叉口西240米,住宅小区,,120302,商务住宅,住宅区,住宅小区
华中科学生态城·嘉园里,114.376804,30.495364,雄楚大道666号,住宅小区,,120302,商务住宅,住宅区,住宅小区
南湖锦城,114.379123,30.496032,-楚平路南150米,住宅小区,,120302,商务住宅,住宅区,住宅小区
南湖锦城-北区,114.379193,30.496002,楚平路与南湖北路交叉口东北220米,住宅小区,,120302,商务住宅,住宅区,住宅小区
南湖康泰花园海棠苑,114.381495,30.495228,康福路,住宅小区,,120302,商务住宅,住宅区,住宅小区
南湖康泰花园新竹苑,114.383276,30.496824,南湖康泰花园,住宅小区,,120302,商务住宅,住宅区,住宅小区
南湖康泰花园,114.383254,30.496876,康福路与龙王咀中路交叉口西北140米,住宅小区,,120302,商务住宅,住宅区,住宅小区
礼合雅居,114.374263,30.499896,康福路与楚康路交叉口东380米,住宅小区,,120302,商务住宅,住宅区,住宅小区
八一花园玫瑰苑,114.387111,30.492314,荣院路八一花园,住宅小区,,120302,商务住宅,住宅区,住宅小区
立城福第,114.371745,30.500434,卓刀泉街康福路17号,住宅小区,,120302,商务住宅,住宅区,住宅小区
南湖康泰花园紫荆苑,114.385311,30.496441,康福路与龙王咀中路交叉口东100米,住宅小区,,120302,商务住宅,住宅区,住宅小区
柳林雅居,114.387219,30.493606,熊家咀298号,住宅小区,,120302,商务住宅,住宅区,住宅小区
八一花园金樱苑,114.387464,30.493058,荣院路附近,住宅小区,,120302,商务住宅,住宅区,住宅小区
金地天悦睿府,114.387067,30.494582,康福路24号,住宅小区,,120302,商务住宅,住宅区,住宅小区
紫荆苑B2区,114.385875,30.496875,康福路与龙王咀中路交叉口东北180米,住宅小区,,120302,商务住宅,住宅区,住宅小区
八一花园,114.38846,30.49207,雄楚大街雄楚一号后,住宅小区,,120302,商务住宅,住宅区,住宅小区
德信楼,114.382065,30.500127,楚平路与康福路交叉口东北340米,住宅小区,,120302,商务住宅,住宅区,住宅小区
德荣楼,114.382669,30.499864,雄楚大道688号,住宅小区,,120302,商务住宅,住宅区,住宅小区
关西小区康富苑,114.385037,30.498234,雄楚大街化工学院斜对面关西康富苑,住宅小区,,120302,商务住宅,住宅区,住宅小区
绿汀雅境,114.371969,30.501941,雄楚大道456号,住宅小区,,120302,商务住宅,住宅区,住宅小区
关西小区康泰苑,114.387072,30.496473,康福路与熊家嘴路交叉口西北220米,住宅小区,,120302,商务住宅,住宅区,住宅小区
桃苑,114.377275,30.502175,商学路与雄楚大道辅路交叉口南320米,住宅小区,,120302,商务住宅,住宅区,住宅小区
仁合天下,114.375318,30.502338,卓刀泉南路276号,住宅小区,,120302,商务住宅,住宅区,住宅小区
信合家苑,114.374619,30.502452,卓刀泉南路270号,住宅小区,,120302,商务住宅,住宅区,住宅小区
金地·雄楚1号D区,114.387882,30.495684,一家人(南湖北路),住宅小区,,120302,商务住宅,住宅区,住宅小区
八一花园梅花苑,114.389327,30.491784,熊家咀路8号,住宅小区,,120302,商务住宅,住宅区,住宅小区
杨家湾移动公司大院,114.38057,30.501542,雄楚大道杨家湾杨家湾楚平路,住宅小区,,120302,商务住宅,住宅区,住宅小区
新苑小区,114.376132,30.503009,卓刀泉东一路与雄楚大街高架桥交叉口东南200米,住宅小区,,120302,商务住宅,住宅区,住宅小区
关西小区,114.386976,30.498263,雄楚大道746号,住宅小区,,120302,商务住宅,住宅区,住宅小区
汉电·青年里,114.37145,30.50295,楚康路与康福路交叉口东北240米,住宅小区,,120302,商务住宅,住宅区,住宅小区
金地天悦,114.390424,30.493529,康福路126号,住宅小区,,120302,商务住宅,住宅区,住宅小区
柒零社区,114.393037,30.492618,民族大道180号,住宅小区,,120302,商务住宅,住宅区,住宅小区
印象长沙,114.393475,30.494075,天龙路与康福路交叉口西北20米,住宅小区,,120302,商务住宅,住宅区,住宅小区
金地·雄楚1号,114.389672,30.495126,康福路与熊家嘴路交叉口东100米,住宅小区,,120302,商务住宅,住宅区,住宅小区
惠安新苑,114.392516,30.494948,鲁巷民院路湖北经济管理大学旁,住宅小区,,120302,商务住宅,住宅区,住宅小区
金地雄楚民宿(光谷/鲁巷店),114.390375,30.496025,熊家嘴路与康福路交叉口东北200米,住宅小区,,120302,商务住宅,住宅区,住宅小区
美庐郡园社区,114.397444,30.487799,民族大道中南民族大学对面,住宅小区,,120302,商务住宅,住宅区,住宅小区
金地·中心城西区,114.392511,30.496791,雄楚大道908号,住宅小区,,120302,商务住宅,住宅区,住宅小区
当代曙光嘉园门市,114.397025,30.493925,民族大道与康福路交叉口北40米,住宅小区,,120302,商务住宅,住宅区,住宅小区
金地·阳光城北苑,114.39826,30.491711,新竹路3号,住宅小区,,120302,商务住宅,住宅区,住宅小区
金地·中心城东区,114.393888,30.496678,雄楚大道910号,住宅小区,,120302,商务住宅,住宅区,住宅小区
金地·阳光城,114.399004,30.490433,新竹路6号,住宅小区,,120302,商务住宅,住宅区,住宅小区
当代曙光嘉园,114.398803,30.492495,民院路555号,住宅小区,,120302,商务住宅,住宅区,住宅小区
金地·阳光城南苑,114.399286,30.489933,新竹路835号,住宅小区,,120302,商务住宅,住宅区,住宅小区
金地阳光城B区,114.399375,30.490925,新竹路与民族大道交叉口东280米,住宅小区,,120302,商务住宅,住宅区,住宅小区
关西小区康居苑,114.388526,30.498987,雄楚大道808号,住宅小区,,120302,商务住宅,住宅区,住宅小区
关西小区阳光公寓,114.389211,30.499064,熊家咀路与雄楚大道交叉口西100米,住宅小区,,120302,商务住宅,住宅区,住宅小区
紫菘枫林上城2期,114.398075,30.495925,民光路与民族大道交叉口东北100米,住宅小区,,120302,商务住宅,住宅区,住宅小区
文豪苑,114.39228,30.499034,雄楚大道699号,住宅小区,,120302,商务住宅,住宅区,住宅小区
中南民大教师周转房1期,114.400878,30.489761,民族社区路与凌家山北路交叉口东北380米,住宅小区,,120302,商务住宅,住宅区,住宅小区
绿之苑,114.394616,30.498913,雄楚大道937号,住宅小区,,120302,商务住宅,住宅区,住宅小区
紫菘·枫林上城3期,114.399725,30.495125,民光路与民族大道交叉口东200米,住宅小区,,120302,商务住宅,住宅区,住宅小区
中南民大教师周转房,114.401673,30.489706,民族社区路与凌家山北路交叉口东北380米,住宅小区,,120302,商务住宅,住宅区,住宅小区
洪福添美,114.399035,30.496917,民族大道与雄楚大道交汇处南150米,住宅小区,,120302,商务住宅,住宅区,住宅小区
关西小区康乐苑,114.386832,30.500478,雄楚大道746号,住宅小区,,120302,商务住宅,住宅区,住宅小区
光谷青年城1期,114.402322,30.492303,新竹路5号,住宅小区,,120302,商务住宅,住宅区,住宅小区
光谷青年城,114.402474,30.491979,东湖高新区关山街道关山社区新竹路5号,住宅小区,,120302,商务住宅,住宅区,住宅小区
曙光星城A区,114.402708,30.488376,,住宅小区,,120302,商务住宅,住宅区,住宅小区
华城新都,114.394952,30.500263,雄楚大道709号(武汉工程大学),住宅小区,,120302,商务住宅,住宅区,住宅小区
紫菘·枫林上城,114.401189,30.495993,雄楚大道968号,住宅小区,,120302,商务住宅,住宅区,住宅小区
洪福家园(雄楚大道),114.400631,30.496884,雄楚大街938号,住宅小区,,120302,商务住宅,住宅区,住宅小区
武汉工程大学教工小区,114.39377,30.50147,春晖路与尚贤路交叉口东北140米,住宅小区,,120302,商务住宅,住宅区,住宅小区
阳光在线小区(二区),114.402952,30.494482,雄楚大道998号,住宅小区,,120302,商务住宅,住宅区,住宅小区
悦斓庭,114.400175,30.498325,雄楚大道辅路与金田西路交叉口东北40米,住宅小区,,120302,商务住宅,住宅区,住宅小区
中石油华中输气小区,114.399213,30.49928,雄楚大道977号,住宅小区,,120302,商务住宅,住宅区,住宅小区
蓝箭小区,114.386638,30.501958,雄楚大街689号喆非酒店旁边门洞进入,住宅小区,,120302,商务住宅,住宅区,住宅小区
民族大道上钱村,114.398841,30.499851,民族大道与永福巷交叉口南80米,住宅小区,,120302,商务住宅,住宅区,住宅小区
健龙小区,114.400225,30.498825,金田西路与雄楚大道辅路交叉口东北100米,住宅小区,,120302,商务住宅,住宅区,住宅小区
阳光在线小区,114.403342,30.495155,雄楚大道998号1期9栋2单元101室,住宅小区,,120302,商务住宅,住宅区,住宅小区
研究所家属院,114.400493,30.49887,雄楚大道辅路与金田西路交叉口东北120米,住宅小区,,120302,商务住宅,住宅区,住宅小区
健龙·尚谷杰座1期,114.399348,30.499935,民族大道,住宅小区,,120302,商务住宅,住宅区,住宅小区
省建五公司经济适用房,114.39549,30.502388,光谷广场地铁站F口步行430米,住宅小区,,120302,商务住宅,住宅区,住宅小区
保利时代,114.407095,30.49029,关山大道332号,住宅小区,,120302,商务住宅,住宅区,住宅小区
保利时代天悦,114.406768,30.48896,新竹路18号,住宅小区,,120302,商务住宅,住宅区,住宅小区
保利时代北区,114.407324,30.491222,关山大道332号,住宅小区,,120302,商务住宅,住宅区,住宅小区
保利国际公寓,114.409689,30.489922,新竹路与关山大道交叉口西140米,住宅小区,,120302,商务住宅,住宅区,住宅小区
光谷汇景,114.40553,30.49409,珞新路5号,住宅小区,,120302,商务住宅,住宅区,住宅小区
修罗雀庄,114.409936,30.490255,关山大道保利国际公寓B座1130号,住宅小区,,120302,商务住宅,住宅区,住宅小区
宏祥花园,114.409665,30.488339,关山大道336号,住宅小区,,120302,商务住宅,住宅区,住宅小区
曙光社区宏祥花园幸福楼小区,114.409903,30.488758,关山大道与新竹路交叉口西南140米,住宅小区,,120302,商务住宅,住宅区,住宅小区
鲁广花园,114.406999,30.494235,新玉路1号,住宅小区,,120302,商务住宅,住宅区,住宅小区
汉韵公馆,114.410274,30.491056,新玉路与关山大道辅路交叉口西南160米,住宅小区,,120302,商务住宅,住宅区,住宅小区
保利广场外广场B区,114.410625,30.490025,关山大道与新竹路交叉口西北60米,住宅小区,,120302|120200,商务住宅,住宅区,住宅小区
阳光尚东-南区,114.405082,30.495026,雄庄路与民光路交叉口南40米,住宅小区,,120302,商务住宅,住宅区,住宅小区
万科锦程2期,114.406625,30.495025,雄庄路与民光路交叉口东160米,住宅小区,,120302,商务住宅,住宅区,住宅小区
中杰阳光,114.410076,30.492844,,住宅小区,,120302,商务住宅,住宅区,住宅小区
关山街汽标社区,114.409386,30.49364,关山大道326号,住宅小区,,120302,商务住宅,住宅区,住宅小区
阳光·尚东,114.405354,30.495347,后象鼻山路5号,住宅小区,,120302,商务住宅,住宅区,住宅小区
金地·太阳城2期,114.411598,30.490572,新竹路与关山大道辅路交叉口北120米,住宅小区,,120302,商务住宅,住宅区,住宅小区
阳光尚东-北区,114.405353,30.495745,雄庄路与民光路交叉口东北60米,住宅小区,,120302,商务住宅,住宅区,住宅小区
金地·太阳城3期,114.411839,30.491405,关山大道与新玉路交叉口南100米,住宅小区,,120302,商务住宅,住宅区,住宅小区
万科锦程,114.406365,30.495954,雄楚大道1008号(关山中学旁),住宅小区,,120302,商务住宅,住宅区,住宅小区
阳光在线小区(一区),114.404083,30.496416,雄楚大道998号,住宅小区,,120302,商务住宅,住宅区,住宅小区
关山春晓雅乐苑,114.412393,30.488902,新竹路与关山大道辅路交叉口东南120米,住宅小区,,120302,商务住宅,住宅区,住宅小区
关山春晓书香苑,114.412204,30.487909,凌家山北路与关山大道辅路交叉口东100米,住宅小区,,120302,商务住宅,住宅区,住宅小区
星河苑,114.406875,30.496875,雄楚大道与雄庄路交叉口东180米,住宅小区,,120302,商务住宅,住宅区,住宅小区
维佳·关山郡,114.410551,30.495643,关山大道270号(关山大道地铁站D2口步行260米),住宅小区,,120302,商务住宅,住宅区,住宅小区
金地·太阳城,114.414292,30.490748,关山大道369号,住宅小区,,120302,商务住宅,住宅区,住宅小区
当代光谷智慧城香颂公馆,114.405502,30.498161,光谷智慧城,住宅小区,,120302,商务住宅,住宅区,住宅小区
关山春晓香榭苑,114.414538,30.488913,关山大道369附71号附近,住宅小区,,120302,商务住宅,住宅区,住宅小区
关山春晓,114.41454,30.488292,关山一路特1号,住宅小区,,120302,商务住宅,住宅区,住宅小区
紫菘逸景华庭2期,114.413175,30.494675,新景路与新中路交叉口西80米,住宅小区,,120302,商务住宅,住宅区,住宅小区
关山春晓明溪苑,114.414765,30.488141,关山街道关山春晓,住宅小区,,120302,商务住宅,住宅区,住宅小区
明珠花园,114.409088,30.497925,雄楚大道1021号,住宅小区,,120302,商务住宅,住宅区,住宅小区
逸景华庭,114.408575,30.498625,鲁光街与梳子桥路交叉口西南180米,住宅小区,,120302,商务住宅,住宅区,住宅小区
当代光谷智慧城,114.406531,30.499168,开发区雄楚大街1019号,住宅小区,,120302,商务住宅,住宅区,住宅小区
风度柏林2期,114.407829,30.498975,光谷步行街枫度柏林,住宅小区,,120302,商务住宅,住宅区,住宅小区
紫菘逸景华庭西区,114.413993,30.495322,新景路与新中路交叉口北100米,住宅小区,,120302,商务住宅,住宅区,住宅小区
礼尚人家,114.402802,30.499227,雄楚大道991号,住宅小区,,120302,商务住宅,住宅区,住宅小区
紫菘逸景华庭,114.414364,30.49516,关山大道289号(关山大道地铁站B口步行250米),住宅小区,,120302,商务住宅,住宅区,住宅小区
保利花园三期,114.411004,30.498065,关山大道218号,住宅小区,,120302,商务住宅,住宅区,住宅小区
象鼻山社区,114.409065,30.498973,鲁光街与梳子桥路交叉口西南120米,住宅小区,,120302,商务住宅,住宅区,住宅小区
七一七小区,114.401699,30.499225,雄楚大道981号,住宅小区,,120302,商务住宅,住宅区,住宅小区
长航小区,114.408778,30.499163,象鼻山31号,住宅小区,,120302,商务住宅,住宅区,住宅小区
光谷新世界汇贤邸,114.415912,30.492971,关山街道关山大道355号,住宅小区,,120302,商务住宅,住宅区,住宅小区
五〇四小区,114.413972,30.496298,关山路325号(关山大道地铁站A2口步行190米),住宅小区,,120302,商务住宅,住宅区,住宅小区
关山春晓紫竹苑,114.416802,30.488662,新竹路与明玉路交叉口西南100米,住宅小区,,120302,商务住宅,住宅区,住宅小区
风度柏林,114.408278,30.499955,光谷步行街四期,住宅小区,,120302,商务住宅,住宅区,住宅小区
第三社区,114.400966,30.499974,金田西路与永福巷交叉口东100米,住宅小区,,120302,商务住宅,住宅区,住宅小区
风度柏林3期,114.409133,30.500018,步行街南路与梳子桥路交叉口西80米,住宅小区,,120302,商务住宅,住宅区,住宅小区
风度柏林1期,114.408069,30.500331,光谷街22号,住宅小区,,120302,商务住宅,住宅区,住宅小区
当代·香颂公馆,114.407132,30.500616,光谷德国风情街,住宅小区,,120302,商务住宅,住宅区,住宅小区
海核社区,114.402064,30.500595,雄楚大道,住宅小区,,120302,商务住宅,住宅区,住宅小区
蓝晶国际LOFT,114.415159,30.496509,高新大道辅路与逸景路交叉口西南20米,住宅小区,,120302,商务住宅,住宅区,住宅小区
保利花园2期,114.414275,30.497525,高新大道辅路与逸景路交叉口西北120米,住宅小区,,120302,商务住宅,住宅区,住宅小区
风度柏林小区1栋,114.407829,30.500766,光谷街22号风度柏林1期,住宅小区,,120302,商务住宅,住宅区,住宅小区
星泰里,114.410916,30.499948,鲁光街与梳子桥路交叉口东80米,住宅小区,,120302,商务住宅,住宅区,住宅小区
长航·蓝晶国际B区,114.416641,30.494939,新景路与明玉路交叉口西北160米,住宅小区,,120302,商务住宅,住宅区,住宅小区
世界城香榭丽舍,114.41109,30.500288,关山大道168号(关山大道地铁站D2口步行460米),住宅小区,,120302,商务住宅,住宅区,住宅小区
健龙·尚谷杰座,114.400439,30.501039,民族大道99号,住宅小区,,120302,商务住宅,住宅区,住宅小区
长航·蓝晶国际,114.417129,30.49541,东湖高新雄楚大街与关山大道交汇处向东200米处,住宅小区,,120302,商务住宅,住宅区,住宅小区
健龙·尚谷杰座2期,114.400581,30.501162,民族大道99号(光谷步行街旁),住宅小区,,120302,商务住宅,住宅区,住宅小区
康桥小区,114.404628,30.50196,光谷街,住宅小区,,120302,商务住宅,住宅区,住宅小区
湖北省化学研究院小区,114.403292,30.502133,光谷街30号(光谷广场地铁站L口步行350米),住宅小区,,120302,商务住宅,住宅区,住宅小区
龙安花苑,114.399459,30.50139,民院路124号,住宅小区,,120302,商务住宅,住宅区,住宅小区
新世界社区江城峰巢,114.418575,30.494021,新景路与明玉路交叉口东60米,住宅小区,,120302,商务住宅,住宅区,住宅小区
保利花园12期,114.414975,30.498925,高新大道辅路与逸景路交叉口北240米,住宅小区,,120302,商务住宅,住宅区,住宅小区
保利花园12期,114.413317,30.500118,关山大道145号,住宅小区,,120302,商务住宅,住宅区,住宅小区
德国风情街F地块东区,114.407357,30.502235,光谷街与珞雄路交叉口东南120米,住宅小区,,120302,商务住宅,住宅区,住宅小区
红旗造纸厂小区,114.400823,30.50189,雄楚大道1001号,住宅小区,,120302,商务住宅,住宅区,住宅小区
金盛花园,114.410907,30.501337,关山路27号,住宅小区,,120302,商务住宅,住宅区,住宅小区
金盛花园-博雅庭,114.411173,30.501346,金盛花园(常青藤路),住宅小区,,120302,商务住宅,住宅区,住宅小区
光谷香颂,114.408275,30.502275,光谷街与梳子桥路交叉口西160米,住宅小区,,120302,商务住宅,住宅区,住宅小区
长航·蓝晶国际A区,114.418619,30.49495,高新大道明玉路,住宅小区,,120302,商务住宅,住宅区,住宅小区
保利花园,114.41495,30.499504,关山大道219号,住宅小区,,120302,商务住宅,住宅区,住宅小区
西班牙风情街D268区,114.404975,30.502825,步行街南路与珞雄路交叉口西北120米,住宅小区,,120302,商务住宅,住宅区,住宅小区
保利花园东区,114.414975,30.499525,雄楚大道高架入口与关山大道交叉口东南280米,住宅小区,,120302,商务住宅,住宅区,住宅小区
丽岛漫城,114.419921,30.49279,光谷大道46号,住宅小区,,120302,商务住宅,住宅区,住宅小区
广厦华庭,114.409152,30.502718,关山梳子桥,住宅小区,,120302,商务住宅,住宅区,住宅小区
关山一路电信小区,114.413272,30.501174,光谷创业街与关山大道交叉口东40米,住宅小区,,120302,商务住宅,住宅区,住宅小区
世界城(光谷步行街通讯数码港),114.40391,30.503347,光谷街与利嘉西路交叉口东南120米,住宅小区,,120302,商务住宅,住宅区,住宅小区
蓝巢逸品,114.410243,30.502602,梳子桥路17号,住宅小区,,120302,商务住宅,住宅区,住宅小区
关山街葛光社区,114.423122,30.490048,光谷大道50号,住宅小区,,120302,商务住宅,住宅区,住宅小区
宇峰家园,114.423225,30.488479,光谷大道27号,住宅小区,,120302,商务住宅,住宅区,住宅小区
宇峰家园2期,114.424725,30.489675,海纳路与佳园路交叉口西北200米,住宅小区,,120302,商务住宅,住宅区,住宅小区
天慧小区,114.424584,30.488753,光谷大道,住宅小区,,120302,商务住宅,住宅区,住宅小区
光谷陆景苑,114.423786,30.493428,高新大道384-386号,住宅小区,,120302,商务住宅,住宅区,住宅小区
招商·光谷序,114.425725,30.490179,自主街与佳园路交叉口西160米,住宅小区,,120302,商务住宅,住宅区,住宅小区
泷悦华府二期,114.419893,30.497045,高新大道辅路与鲁林路交叉口东180米,住宅小区,,120302,商务住宅,住宅区,住宅小区
金鑫国际,114.424309,30.49601,东湖高新光谷大道19号(光谷大道与高新大道交汇处),住宅小区,,120302,商务住宅,住宅区,住宅小区
光谷ONE·39小区,114.420763,30.497157,光谷大道与高新大道交汇处,住宅小区,,120302,商务住宅,住宅区,住宅小区
凯瑞之光,114.428339,30.491628,佳园路与高新大道交叉口南120米,住宅小区,,120302,商务住宅,住宅区,住宅小区
五角塘小区,114.422294,30.497583,光谷大道五角塘邮科院社区,住宅小区,,120302,商务住宅,住宅区,住宅小区
保利茉莉公馆东区,114.418484,30.498171,鲁林路与高新大道辅路交叉口北160米,住宅小区,,120302,商务住宅,住宅区,住宅小区
长飞公寓,114.421736,30.498163,光谷大道18号,住宅小区,,120302,商务住宅,住宅区,住宅小区
恺德光谷瑜园,114.429797,30.490399,高新大道与海纳路交汇处,住宅小区,,120302,商务住宅,住宅区,住宅小区
泷悦华府,114.419683,30.498587,关山大道与高新大道交汇处,住宅小区,,120302,商务住宅,住宅区,住宅小区
梓洲花苑,114.430024,30.491194,高新大道412号,住宅小区,,120302,商务住宅,住宅区,住宅小区
保利·茉莉公馆,114.417703,30.498587,高新大道197号(关山大道地铁站C口步行430米),住宅小区,,120302,商务住宅,住宅区,住宅小区
东创仕佳,114.42016,30.500109,华中科技大学正前门,住宅小区,,120302,商务住宅,住宅区,住宅小区
亿德·光谷先锋,114.418879,30.500234,光谷创业街28号,住宅小区,,120302,商务住宅,住宅区,住宅小区
金梭花园,114.420913,30.50066,光谷创业街59号,住宅小区,,120302,商务住宅,住宅区,住宅小区
迎宾家园,114.433161,30.489886,高新大道418号(武汉东站地铁站C口步行430米),住宅小区,,120302,商务住宅,住宅区,住宅小区
光谷8号小区2期,114.422406,30.502147,光谷大道辅路与鲁阳东街交叉口西南180米,住宅小区,,120302,商务住宅,住宅区,住宅小区
琨瑜府,114.417272,30.502452,关山大道77号,住宅小区,,120302,商务住宅,住宅区,住宅小区
琨瑜府1期,114.419186,30.502693,关山大道29号,住宅小区,,120302,商务住宅,住宅区,住宅小区
金地光谷世家,114.420922,30.502813,喻家湖路光谷8号西邻(光谷大道地铁站A口步行420米),住宅小区,,120302,商务住宅,住宅区,住宅小区
金地光谷世家-南区,114.42097,30.50289,光谷大道辅路与鲁阳东街交叉口西240米,住宅小区,,120302,商务住宅,住宅区,住宅小区
琨瑜府三期,114.415608,30.502439,关山大道77号,住宅小区,,120302,商务住宅,住宅区,住宅小区
武汉东湖高新关南社区三期片区,114.433117,30.483269,创新街与才智路交叉口西南200米,住宅小区,,120302,商务住宅,住宅区,住宅小区
招商原颂(建设中),114.425488,30.490145,佳园路与海纳路交汇处,住宅小区,,120302,商务住宅,住宅区,住宅小区
骄阳元兴天下,114.422875,30.503125,光谷大道辅路与鲁阳东街交叉口西南60米,住宅小区,,120302,商务住宅,住宅区,住宅小区
人信·太子湾,114.181522,30.506938,新民南路220号,住宅小区,,120302,商务住宅,住宅区,住宅小区
品悦云庭,114.176325,30.506175,体育路与体育北路交叉口西北80米,住宅小区,,120302,商务住宅,住宅区,住宅小区
人信·奥林花园冠军苑,114.181015,30.508861,新民路西100米,住宅小区,,120302,商务住宅,住宅区,住宅小区
经开万达广场D区,114.175713,30.506456,体育路与体育北路交叉口西北140米,住宅小区,,120302|120200,商务住宅,住宅区,住宅小区
经开万达SOHO公寓,114.175614,30.506343,体育北路与体育路交叉口西北140米,住宅小区,,120302,商务住宅,住宅区,住宅小区
观澜御苑,114.184475,30.506801,沌口南太子湖畔,住宅小区,,120302,商务住宅,住宅区,住宅小区
经开万达广场F区,114.17505,30.50705,体育北路与体育路交叉口西北240米,住宅小区,,120302,商务住宅,住宅区,住宅小区
观澜御苑学苑,114.184646,30.508994,新民南路111号,住宅小区,,120302,商务住宅,住宅区,住宅小区
湖岸嘉苑,114.185797,30.508277,新民南路115号,住宅小区,,120302,商务住宅,住宅区,住宅小区
人信·奥林花园五环苑,114.179069,30.511785,富民路与东风大道交叉口东南240米,住宅小区,,120302,商务住宅,住宅区,住宅小区
新民社区,114.184275,30.51187,太子湖北路136号,住宅小区,,120302,商务住宅,住宅区,住宅小区
天鹅湖假日山庄翠湖园,114.170705,30.506896,天鹅湖假日山庄(体育中心地铁站C口步行180米),住宅小区,,120302,商务住宅,住宅区,住宅小区
天鹅湖假日山庄紫湖园,114.169799,30.506367,三角湖路与东风一路交叉口东北80米,住宅小区,,120302,商务住宅,住宅区,住宅小区
天鹅湖假日山庄枫湖园,114.1706,30.50869,三角湖路与东风一路交叉口东北340米,住宅小区,,120302,商务住宅,住宅区,住宅小区
山水豪都,114.178346,30.514038,富民路与富民小路交叉口东20米,住宅小区,,120302,商务住宅,住宅区,住宅小区
武汉城建·云栖湖岸,114.173691,30.512552,东风大道与体育路交叉口西北200米,住宅小区,,120302,商务住宅,住宅区,住宅小区
都灵苑,114.178393,30.514504,富民路与富民小路交叉口东北60米,住宅小区,,120302,商务住宅,住宅区,住宅小区
锦程公寓(新民路),114.182374,30.51455,芳草二路6号(三角湖地铁站A口步行390米),住宅小区,,120302,商务住宅,住宅区,住宅小区
人信·奥林花园圣火苑,114.180516,30.514791,太子湖北路与新民南路交叉口西160米,住宅小区,,120302,商务住宅,住宅区,住宅小区
金色港湾2期,114.17667,30.514465,东风大道与富民小路交叉口西120米,住宅小区,,120302,商务住宅,住宅区,住宅小区
金色港湾栖湖居,114.174816,30.514375,东风大道与富民路交叉口西北260米,住宅小区,,120302,商务住宅,住宅区,住宅小区
双湖林语,114.188302,30.512903,太子湖北路3号,住宅小区,,120302,商务住宅,住宅区,住宅小区
金色港湾1期,114.175297,30.514995,东风大道与富民小路交叉口西260米,住宅小区,,120302,商务住宅,住宅区,住宅小区
金色港湾5期,114.177627,30.516045,东风大道68号(三角湖地铁站D口步行180米),住宅小区,,120302,商务住宅,住宅区,住宅小区
武汉·外校城,114.189138,30.513833,芳草路312号,住宅小区,,120302,商务住宅,住宅区,住宅小区
金色港湾雅湖居,114.176719,30.516766,经济技术开发区龙阳大道236号金色港湾米兰苑,住宅小区,,120302,商务住宅,住宅区,住宅小区
水墨兰庭,114.166821,30.509239,经开三角湖路江汉大学旁,住宅小区,,120302,商务住宅,住宅区,住宅小区
红升社区,114.190557,30.513537,芳草路与太子湖北路交叉口东北300米,住宅小区,,120302,商务住宅,住宅区,住宅小区
金色港湾·双湖泊岸,114.189906,30.514681,芳草路310号,住宅小区,,120302,商务住宅,住宅区,住宅小区
观澜高尔夫公馆,114.194788,30.508382,太子湖北路,住宅小区,,120302,商务住宅,住宅区,住宅小区
金色港湾怡湖居,114.176924,30.518034,太子湖北路与东风大道交叉口西北300米,住宅小区,,120302,商务住宅,住宅区,住宅小区
金桥·太子湖1号,114.183012,30.518186,东风大道59号(三角湖地铁站B口步行280米),住宅小区,,120302,商务住宅,住宅区,住宅小区
庭瑞U-ME,114.198395,30.506064,太子湖北路65号,住宅小区,,120302,商务住宅,住宅区,住宅小区
新新社区,114.195489,30.509291,江堤街道,住宅小区,,120302,商务住宅,住宅区,住宅小区
新新人家,114.196511,30.510026,江堤街办事处,住宅小区,,120302,商务住宅,住宅区,住宅小区
华中·中交城,114.203368,30.505452,二航路与中交路交叉口西北40米,住宅小区,,120302,商务住宅,住宅区,住宅小区
太子湖畔·星苑,114.198017,30.512336,芙蓉路70号,住宅小区,,120302,商务住宅,住宅区,住宅小区
碧桂园泰富城,114.204778,30.50785,海棠路5号附4号,住宅小区,,120302,商务住宅,住宅区,住宅小区
碧桂园泰富城4期,114.204903,30.507859,蔷薇路(永旺10号门对面)碧桂园泰富城(建设中)附近,住宅小区,,120302,商务住宅,住宅区,住宅小区
老关新城,114.203077,30.515639,芳草五路西150米,住宅小区,,120302,商务住宅,住宅区,住宅小区
太子尚品,114.20005,30.517551,芳草路,住宅小区,,120302,商务住宅,住宅区,住宅小区
广电·兰亭时代一期,114.214841,30.509193,梅林七街与梅林六街交叉口西140米,住宅小区,,120302,商务住宅,住宅区,住宅小区
广电·兰亭时代二期,114.216997,30.506837,连通港西路,住宅小区,,120302,商务住宅,住宅区,住宅小区
金地澜菲溪岸J8区,114.212049,30.511541,龙湖春江彼岸,住宅小区,,120302,商务住宅,住宅区,住宅小区
金地澜菲溪岸3期,114.20992,30.51211,芳草五街与芳草六街交叉口西120米,住宅小区,,120302,商务住宅,住宅区,住宅小区
新力琥珀园,114.218769,30.506933,连通港西路,住宅小区,,120302,商务住宅,住宅区,住宅小区
恒大翡翠华庭南区,114.21977,30.505508,梅林六街与连通港西路交叉口南180米,住宅小区,,120302,商务住宅,住宅区,住宅小区
江城明珠,114.219039,30.509277,四新南路191号,住宅小区,,120302,商务住宅,住宅区,住宅小区
金地澜菲溪岸J6区,114.211119,30.513991,四新南路与芳草六街交叉口西180米,住宅小区,,120302,商务住宅,住宅区,住宅小区
和昌都会华府,114.215,30.513,江城大道辅路与四新南路辅路交叉口北20米,住宅小区,,120302,商务住宅,住宅区,住宅小区
恒大翡翠华庭,114.220571,30.506507,连通港西路48号,住宅小区,,120302,商务住宅,住宅区,住宅小区
广电南亭时代1期,114.218088,30.511198,四新南路与梅林七街交叉口东南60米,住宅小区,,120302,商务住宅,住宅区,住宅小区
四新国际都会新城,114.211575,30.514875,四新南路与总港路交叉口东南120米,住宅小区,,120302,商务住宅,住宅区,住宅小区
恒大翡翠华庭北区,114.221391,30.507528,连通港西路与梅林六街交叉口东160米,住宅小区,,120302,商务住宅,住宅区,住宅小区
和昌都汇华府,114.214336,30.514893,江城大道368号,住宅小区,,120302,商务住宅,住宅区,住宅小区
华发未来荟,114.2186,30.512635,江城大道四新南路交叉口,住宅小区,,120302,商务住宅,住宅区,住宅小区
绿地中央广场2期,114.213425,30.515325,绿地中央广场,住宅小区,,120302|120200,商务住宅,住宅区,住宅小区
和昌都汇华府二期商业,114.215375,30.514775,江城大道辅路与梅林五街交叉口西100米,住宅小区,,120302,商务住宅,住宅区,住宅小区
华发未来荟2期,114.218112,30.513267,梅林东路与梅林五街交叉口西100米,住宅小区,,120302,商务住宅,住宅区,住宅小区
华发未来荟1期,114.21941,30.512203,四新南路与梅林东路交叉口东140米,住宅小区,,120302,商务住宅,住宅区,住宅小区
绿地中央广场C区,114.213247,30.515635,四新地区管委会梅林西路,住宅小区,,120302,商务住宅,住宅区,住宅小区
国博城·悦江府,114.222889,30.503679,兰蕙路与冬书街交叉口西180米,住宅小区,,120302,商务住宅,住宅区,住宅小区
地块1期,114.215211,30.515651,梅林五街与梅林西路交叉口东南100米,住宅小区,,120302,商务住宅,住宅区,住宅小区
城投·四新之光悦府,114.221456,30.511269,梅林五街与子期路交叉口南160米,住宅小区,,120302,商务住宅,住宅区,住宅小区
绿地中央广场B区,114.215461,30.516137,梅林五街与梅林西路交叉口东100米,住宅小区,,120302,商务住宅,住宅区,住宅小区
中核时代广场B区,114.218938,30.514347,梅林东路与梅林五街交叉口北100米,住宅小区,,120302,商务住宅,住宅区,住宅小区
中核时代广场,114.219577,30.514759,江城大道229号,住宅小区,,120302,商务住宅,住宅区,住宅小区
城投·四新之光,114.222596,30.512175,梅林五街与连通港西路交叉口西北80米,住宅小区,,120302,商务住宅,住宅区,住宅小区
绿地中央广场A区,114.216281,30.517038,梅林西路与梅林四街交叉口南100米,住宅小区,,120302,商务住宅,住宅区,住宅小区
中核时代广场A区,114.221002,30.514234,子期路与梅林四街交叉口西南约120米,住宅小区,,120302,商务住宅,住宅区,住宅小区
新城·璟悦城,114.204743,30.517653,四新南路603号,住宅小区,,120302,商务住宅,住宅区,住宅小区
武汉国博新城锦江府,114.227145,30.504711,兰蕙路15号,住宅小区,,120302,商务住宅,住宅区,住宅小区
武汉国博新城,114.22819,30.504669,国博大道与四新南路交汇处,住宅小区,,120302,商务住宅,住宅区,住宅小区
武汉国博新城香涛居,114.226515,30.508561,国博新城,住宅小区,,120302,商务住宅,住宅区,住宅小区
武汉国博新城泊雅居,114.228839,30.507455,秋礼街与兰蕙路交叉口南180米,住宅小区,,120302,商务住宅,住宅区,住宅小区
武汉国博新城3期,114.228325,30.508625,国博新城(国博新城地铁站B口步行300米),住宅小区,,120302,商务住宅,住宅区,住宅小区
武汉国博新城华江府,114.230026,30.503299,四新南路,住宅小区,,120302,商务住宅,住宅区,住宅小区
武汉国博新城东麓居,114.227235,30.510033,秋礼街与连通港路交叉口东120米,住宅小区,,120302,商务住宅,住宅区,住宅小区
武汉国博新城碧园居,114.231607,30.50609,秋礼街5号(国博新城地铁站A口步行330米),住宅小区,,120302,商务住宅,住宅区,住宅小区
武汉国博新城翘楚居,114.230327,30.509252,秋礼街8号,住宅小区,,120302,商务住宅,住宅区,住宅小区
城投·四新之光珺台,114.22471,30.512147,连通港西路与梅林四街交叉口南140米,住宅小区,,120302,商务住宅,住宅区,住宅小区
国博城•凤栖居,114.232976,30.507563,官堤路1号(国博中心南地铁站C口步行400米),住宅小区,,120302,商务住宅,住宅区,住宅小区
武汉国博新城C区,114.233748,30.505129,四新南路立交与国博大道交叉口北120米,住宅小区,,120302,商务住宅,住宅区,住宅小区
城投四新之光3期,114.224825,30.513075,梅林四街与连通港西路交叉口东南40米,住宅小区,,120302,商务住宅,住宅区,住宅小区
城投·四新之光观廷,114.222734,30.513011,梅林五街与连通港西路交叉口北160米,住宅小区,,120302,商务住宅,住宅区,住宅小区
国博城清樾水岸,114.235603,30.51153,鄂渚路与正平街交汇处,住宅小区,,120302,商务住宅,住宅区,住宅小区
金桥公馆,114.225512,30.516314,四新大道233号,住宅小区,,120302,商务住宅,住宅区,住宅小区
中铁世纪金桥碧海园,114.225661,30.516829,梅林三街8号,住宅小区,,120302,商务住宅,住宅区,住宅小区
广电兰亭盛荟S1商业,114.235575,30.512675,广电·兰亭盛荟,住宅小区,,120201|120302,商务住宅,楼宇,商务写字楼
世纪金桥2期,114.225775,30.516975,梅林三街与连通港西路交叉口西120米,住宅小区,,120302,商务住宅,住宅区,住宅小区
武汉四新生态新城,114.224863,30.517068,子期路与梅林三街交叉口南100米,住宅小区,,120302,商务住宅,住宅区,住宅小区
广电·兰亭盛荟3期,114.234054,30.514817,夏弦街与江洲路交叉口东南160米,住宅小区,,120302,商务住宅,住宅区,住宅小区
中铁世纪金桥锦湖园,114.228876,30.517119,连通港西路与梅林三街交叉口东180米,住宅小区,,120302,商务住宅,住宅区,住宅小区
广电·兰亭盛荟4期,114.236498,30.513399,夏弦街与鄂渚路交叉口东南160米,住宅小区,,120302,商务住宅,住宅区,住宅小区
金地兰亭世家,114.232312,30.51644,,住宅小区,,120302,商务住宅,住宅区,住宅小区
广电·兰亭盛荟,114.235318,30.515003,江堤中路与四新北路交汇处,住宅小区,,120302,商务住宅,住宅区,住宅小区
中铁世纪金桥逸江园,114.226525,30.518408,梅林二街与子期路交叉口南160米,住宅小区,,120302,商务住宅,住宅区,住宅小区
环花园A3区,114.241125,30.506275,文举街与国博大道辅路交叉口东500米,住宅小区,,120302,商务住宅,住宅区,住宅小区
广电·兰亭盛荟5期,114.23846,30.512168,四新大道147号,住宅小区,,120302,商务住宅,住宅区,住宅小区
越秀星悦湾畔,114.239159,30.513198,江堤街道江堤中路99号,住宅小区,,120302,商务住宅,住宅区,住宅小区
越秀星悦湾畔-北区,114.239465,30.513314,四新北路立交桥与国博大道交叉口西南140米,住宅小区,,120302,商务住宅,住宅区,住宅小区
卓越大江,114.247655,30.512382,四新北路,住宅小区,,120302,商务住宅,住宅区,住宅小区
广电·兰亭盛荟1期,114.237514,30.515096,四新北路与江堤中路交汇处,住宅小区,,120302,商务住宅,住宅区,住宅小区
省金属居民小区,114.246291,30.513941,鹦鹉大道582号,住宅小区,,120302,商务住宅,住宅区,住宅小区
新五里社区,114.247375,30.513675,新五里一路与鹦鹉大道交叉口东20米,住宅小区,,120302,商务住宅,住宅区,住宅小区
汉阳市政生活区,114.239217,30.515805,江堤中路与四新北路辅路交叉口东北20米,住宅小区,,120302,商务住宅,住宅区,住宅小区
湖北路桥青年公寓,114.24823,30.513568,鹦鹉大道497号,住宅小区,,120302,商务住宅,住宅区,住宅小区
路桥小区,114.249325,30.513575,新五里横路与新五里一路交叉口北100米,住宅小区,,120302,商务住宅,住宅区,住宅小区
广电·兰亭盛荟2期,114.235088,30.516334,鄂渚路2号,住宅小区,,120302,商务住宅,住宅区,住宅小区
恒大御景湾1期,114.249319,30.514109,鹦鹉大道与新五里路交叉口南160米,住宅小区,,120302,商务住宅,住宅区,住宅小区
恒大御景湾,114.250339,30.513524,新五里路武汉恒大御景湾,住宅小区,,120302,商务住宅,住宅区,住宅小区
恒大御景湾2期,114.250912,30.513055,晴川大道与新五里一路交叉口北140米,住宅小区,,120302,商务住宅,住宅区,住宅小区
新城印象,114.237431,30.517311,江堤中路四新北路,住宅小区,,120302,商务住宅,住宅区,住宅小区
江城国际,114.235979,30.518008,四新北路与江堤中路交汇处向西100米,住宅小区,,120302,商务住宅,住宅区,住宅小区
新港·临江汇,114.252452,30.516752,晴川大道213号,住宅小区,,120302,商务住宅,住宅区,住宅小区
武汉佛罗拉花园,114.249112,30.51607,鹦鹉大道与汉新大道交叉口西40米,住宅小区,,120302,商务住宅,住宅区,住宅小区
越秀汉阳星汇云锦,114.257211,30.517032,杨泗港地区新港长江城启动片G地块,住宅小区,,120302,商务住宅,住宅区,住宅小区
绿城·晴川潮鸣(建设中),114.255192,30.51781,晴川大道与洲头南路交叉口北100米,住宅小区,,120302,商务住宅,住宅区,住宅小区
长江紫都六期,114.276995,30.503763,,住宅小区,,120302,商务住宅,住宅区,住宅小区
观澜天地·长江紫都5期,114.278875,30.506075,武金堤路与江国路交叉口西北140米,住宅小区,,120302,商务住宅,住宅区,住宅小区
武昌江国路P(2023)036号地块,114.278828,30.507374,武昌区江国路与临江大道交汇处,住宅小区,,120302,商务住宅,住宅区,住宅小区
长江紫都四期,114.281327,30.507615,武金堤路与江国北巷交汇处,住宅小区,,120302,商务住宅,住宅区,住宅小区
烽火·茗盛绿堓,114.284468,30.507149,堤后街704号,住宅小区,,120302,商务住宅,住宅区,住宅小区
长江紫都,114.283795,30.510527,武金堤东路与堤东街交汇处(南外滩),住宅小区,,120302,商务住宅,住宅区,住宅小区
国铁·印江澜(建设中),114.282485,30.511092,堤后街592号,住宅小区,,120302,商务住宅,住宅区,住宅小区
烽火·尚品虹城,114.288966,30.504968,江盛路8号,住宅小区,,120302,商务住宅,住宅区,住宅小区
世纪宸兴,114.291306,30.503119,白沙洲大道与烽火侧路交叉口西460米,住宅小区,,120302,商务住宅,住宅区,住宅小区
长江紫都三期紫桂苑,114.284546,30.510747,江盛路与武金堤路交叉口西200米,住宅小区,,120302,商务住宅,住宅区,住宅小区
烽火·江盛枫苑,114.28954,30.509583,江盛路西50米,住宅小区,,120302,商务住宅,住宅区,住宅小区
长江紫都三期,114.285666,30.51212,武金堤路与江盛路交叉口西北140米,住宅小区,,120302,商务住宅,住宅区,住宅小区
长江紫都三期紫竹苑,114.285666,30.51212,江盛西路,住宅小区,,120302,商务住宅,住宅区,住宅小区
堤后社区,114.288789,30.511605,洲堤后街,住宅小区,,120302,商务住宅,住宅区,住宅小区
列电社区,114.294324,30.505707,江盛路110号(烽火村地铁站D口步行420米),住宅小区,,120302,商务住宅,住宅区,住宅小区
紫兰苑,114.286117,30.51343,江盛西路与武金堤路交叉口西北220米,住宅小区,,120302,商务住宅,住宅区,住宅小区
列电新村,114.294051,30.508474,江盛路,住宅小区,,120302,商务住宅,住宅区,住宅小区
御江名苑,114.295112,30.508205,白沙洲街办事处江盛路37号,住宅小区,,120302,商务住宅,住宅区,住宅小区
长江紫都一期,114.287943,30.513992,武金堤路与江盛路交叉口西北140米,住宅小区,,120302,商务住宅,住宅区,住宅小区
中大小区,114.289388,30.51408,武金堤路与江盛路交叉口东北160米,住宅小区,,120302,商务住宅,住宅区,住宅小区
长江紫都二期,114.285653,30.514834,,住宅小区,,120302,商务住宅,住宅区,住宅小区
郁馨花园,114.296226,30.507864,白沙洲大道301附31号附近,住宅小区,,120302,商务住宅,住宅区,住宅小区
紫薇苑,114.289519,30.514783,武金堤路与江民西路交叉口西180米,住宅小区,,120302,商务住宅,住宅区,住宅小区
长江紫都七期,114.287514,30.515496,丁公庙前街与丁公庙交叉口南40米,住宅小区,,120302,商务住宅,住宅区,住宅小区
馨德紫园,114.297693,30.504227,白沙洲街办事处白沙洲大道合富金生旁,住宅小区,,120302,商务住宅,住宅区,住宅小区
馨德紫园还建房,114.297825,30.503475,烽火侧路与烽火路交叉口西100米,住宅小区,,120302,商务住宅,住宅区,住宅小区
汇东·佳韵,114.298548,30.506353,白沙州街丰收村特1号(烽火村地铁站A口步行130米),住宅小区,,120302,商务住宅,住宅区,住宅小区
鹏程·中泰花园,114.293679,30.514111,堤东街1号,住宅小区,,120302,商务住宅,住宅区,住宅小区
城南新居,114.299845,30.50689,白沙洲大道丰收村特1号(烽火村地铁站A口步行130米),住宅小区,,120302,商务住宅,住宅区,住宅小区
武泰闸城市花园小区,114.297226,30.512836,白沙洲大道特1号(烽火村地铁站C口步行350米),住宅小区,,120302,商务住宅,住宅区,住宅小区
城市花园小区-北区,114.297202,30.513054,江民路与万福林交叉口南160米,住宅小区,,120302,商务住宅,住宅区,住宅小区
红旗欣居D区,114.301223,30.504426,烽火村红旗新居D区附近,住宅小区,,120302,商务住宅,住宅区,住宅小区
新鑫佳苑,114.300895,30.508155,白沙洲大道288号(烽火村地铁站A口步行170米),住宅小区,,120302,商务住宅,住宅区,住宅小区
保利·公园九里4期,114.304737,30.505839,建安街辅路与途安路交叉口东100米,住宅小区,,120302,商务住宅,住宅区,住宅小区
城南社区,114.300495,30.509244,安鑫路与白沙洲大道交叉口东南180米,住宅小区,,120302,商务住宅,住宅区,住宅小区
梧桐花园,114.300168,30.509422,白沙洲大道270号(烽火村地铁站B口步行210米),住宅小区,,120302,商务住宅,住宅区,住宅小区
平安花园,114.300841,30.510132,白沙洲大道(武泰闸花园小区),住宅小区,,120302,商务住宅,住宅区,住宅小区
清雅苑,114.306495,30.504227,南湖街办事处南湖花园,住宅小区,,120302,商务住宅,住宅区,住宅小区
保利·公园九里北区,114.306384,30.508049,建安街1号,住宅小区,,120302,商务住宅,住宅区,住宅小区
武昌区检察院德福苑,114.301583,30.511327,烽火村地铁站C口步行420米,住宅小区,,120302,商务住宅,住宅区,住宅小区
保利·公园九里1期,114.307468,30.507332,巡司河西路与建安街交叉口北280米,住宅小区,,120302,商务住宅,住宅区,住宅小区
保利·公园九里,114.306887,30.508758,南湖路与雅安街交叉口西260米,住宅小区,,120302,商务住宅,住宅区,住宅小区
保利·公园九里西区,114.308055,30.507181,南湖路,住宅小区,,120302,商务住宅,住宅区,住宅小区
南湖新益州,114.307975,30.508275,南湖路与雅安街交叉口西南200米,住宅小区,,120302,商务住宅,住宅区,住宅小区
幸福湾小区,114.303758,30.511967,白沙洲大道394号,住宅小区,,120302,商务住宅,住宅区,住宅小区
汇丰家园,114.302889,30.512818,白沙洲街办事处白沙洲大道武泰闸(西南角),住宅小区,,120302,商务住宅,住宅区,住宅小区
东方莱茵,114.310041,30.506634,建安街39号(建安街地铁站A口步行300米),住宅小区,,120302,商务住宅,住宅区,住宅小区
东方莱茵1期,114.309945,30.508212,南湖路与雅安街交叉口南140米,住宅小区,,120302,商务住宅,住宅区,住宅小区
金洋花园,114.310753,30.504764,建安街39号(建安街地铁站A口步行280米),住宅小区,,120302,商务住宅,住宅区,住宅小区
东方莱茵2期,114.311025,30.506275,建安街与新千家街交叉口北220米,住宅小区,,120302,商务住宅,住宅区,住宅小区
春天里,114.31122,30.503498,建安街10号(建安街地铁站A口步行250米),住宅小区,,120302,商务住宅,住宅区,住宅小区
现代城市花园小区,114.297947,30.514627,万福林与江民路交叉口东南150米,住宅小区,,120302,商务住宅,住宅区,住宅小区
南湖机场老区,114.310481,30.509306,雅安街1号,住宅小区,,120303|120302,商务住宅,住宅区,
红旗欣居A区,114.307685,30.51253,,住宅小区,,120302,商务住宅,住宅区,住宅小区
南湖新村,114.309968,30.510586,长虹桥109号,住宅小区,,120302,商务住宅,住宅区,住宅小区
宝安花园3期,114.311283,30.508633,学雅路与雅安街交叉口东南120米,住宅小区,,120302,商务住宅,住宅区,住宅小区
丰收小区,114.302199,30.515385,武泰闸丰收村特1号,住宅小区,,120302,商务住宅,住宅区,住宅小区
南湖安六小区,114.312297,30.503924,南湖花园城(建安街地铁站A口步行200米),住宅小区,,120302,商务住宅,住宅区,住宅小区
宝安花园,114.312565,30.507366,恒安路75号(建安街地铁站D口步行350米),住宅小区,,120302,商务住宅,住宅区,住宅小区
合汇佳苑,114.295181,30.515303,堤东街59号,住宅小区,,120302,商务住宅,住宅区,住宅小区
七星雪乡小区,114.31318,30.503889,建安街与恒安路交叉口西南60米,住宅小区,,120302,商务住宅,住宅区,住宅小区
宝安阳光花园香樟里,114.310709,30.511788,雅安街1号,住宅小区,,120302,商务住宅,住宅区,住宅小区
轻院长虹小区,114.310072,30.513291,长虹桥97号,住宅小区,,120302,商务住宅,住宅区,住宅小区
邮政小区,114.301747,30.517209,陆家街294号(八铺街地铁站A口步行420米),住宅小区,,120302,商务住宅,住宅区,住宅小区
南湖花园城祥和苑,114.312666,30.511314,岗山路与平安路交叉口西南50米,住宅小区,,120302,商务住宅,住宅区,住宅小区
星火名苑,114.295843,30.517268,江民路202附13附近,住宅小区,,120302,商务住宅,住宅区,住宅小区
华锦花园1期,114.314829,30.50353,洪山南湖花园(建安街地铁站C口步行50米),住宅小区,,120302,商务住宅,住宅区,住宅小区
涂家沟社区,114.30564,30.517309,司校路与钢厂路交叉处附近,住宅小区,,120302,商务住宅,住宅区,住宅小区
新世纪宝安花园,114.315488,30.505207,南湖花园恒安路77号(建安街地铁站D口步行190米),住宅小区,,120302,商务住宅,住宅区,住宅小区
南湖·沁康园,114.315324,30.507002,恒安路78号(建安街地铁站D口步行270米),住宅小区,,120302,商务住宅,住宅区,住宅小区
南湖沁康园2期,114.3154,30.507096,恒安路与睦邻街交叉口东北180米,住宅小区,,120302,商务住宅,住宅区,住宅小区
堤东花园,114.294622,30.517631,堤东街191号,住宅小区,,120302,商务住宅,住宅区,住宅小区
伟业佳苑,114.311702,30.513928,花园城长虹桥27号,住宅小区,,120302,商务住宅,住宅区,住宅小区
武船武泰闸厂区A地块(建设中),114.303646,30.515424,建船路和纵一规划道路交叉口,住宅小区,,120302,商务住宅,住宅区,住宅小区
南湖都市桃源2期,114.318092,30.505038,建安街与平安路交叉口西200米,住宅小区,,120302,商务住宅,住宅区,住宅小区
华锦花园3期,114.317851,30.503416,南湖街办事处(建安街地铁站D口步行430米),住宅小区,,120302,商务住宅,住宅区,住宅小区
南湖都市桃源,114.318477,30.505227,建安街195号(建安街地铁站D口步行430米),住宅小区,,120302,商务住宅,住宅区,住宅小区
博雅苑,114.315136,30.50856,建安街地铁站D口步行480米,住宅小区,,120302,商务住宅,住宅区,住宅小区
七星·雪香花园,114.318368,30.507078,平安路137号,住宅小区,,120302,商务住宅,住宅区,住宅小区
尚林·家园,114.318623,30.507266,南湖街街道平安路137号七星雪香小区尚林家园,住宅小区,,120302,商务住宅,住宅区,住宅小区
武汉中环-家千秋,114.315675,30.509275,雅安街与恒安路交叉口东160米,住宅小区,,120302,商务住宅,住宅区,住宅小区
景江之星,114.319025,30.508075,学邻街与平安路交叉口西80米,住宅小区,,120302,商务住宅,住宅区,住宅小区
安康苑,114.319015,30.508223,平安路185号,住宅小区,,120302,商务住宅,住宅区,住宅小区
新大地家园,114.318503,30.508727,雅安街252号(瑞安街东地铁站C口步行390米),住宅小区,,120302,商务住宅,住宅区,住宅小区
丽水湾,114.319742,30.507586,平安路与学邻街交叉口南40米,住宅小区,,120302,商务住宅,住宅区,住宅小区
南湖都会B区,114.315275,30.509875,雅安街与恒安路交叉口东120米,住宅小区,,120302,商务住宅,住宅区,住宅小区
悦豪庭,114.316752,30.509747,雅安街与平安路交叉口西280米,住宅小区,,120302,商务住宅,住宅区,住宅小区
南国风华天城枇杷湾,114.320599,30.506349,平安路142号,住宅小区,,120302,商务住宅,住宅区,住宅小区
武汉中环-月月美居,114.320375,30.503075,平安路与建安街交叉口南120米,住宅小区,,120302,商务住宅,住宅区,住宅小区
南国风华天城桃花林,114.321115,30.504956,建安街,住宅小区,,120302,商务住宅,住宅区,住宅小区
水域天际1期,114.320675,30.502925,平安路与建安街交叉口东南160米,住宅小区,,120302,商务住宅,住宅区,住宅小区
新大地家园-东区,114.318696,30.509283,雅安街与平安路交叉口西100米,住宅小区,,120302,商务住宅,住宅区,住宅小区
南国风华天城祺善坊,114.320693,30.507831,建安街171号,住宅小区,,120302,商务住宅,住宅区,住宅小区
中央花园锦鹃谷,114.316876,30.510483,雅安街与平安路交叉口西280米,住宅小区,,120302,商务住宅,住宅区,住宅小区
苏豪A,114.320275,30.508825,平安路与雅安街交叉口东南80米,住宅小区,,120302,商务住宅,住宅区,住宅小区
中央花园SOHO,114.318975,30.509901,雅安街与平安路交叉口西北80米,住宅小区,,120302,商务住宅,住宅区,住宅小区
南国风华天城石榴铺,114.321888,30.506385,南湖街街道石榴铺,住宅小区,,120302,商务住宅,住宅区,住宅小区
南国风华天城,114.321911,30.506305,丁字桥南路520号,住宅小区,,120302,商务住宅,住宅区,住宅小区
中央花园A座,114.314715,30.51112,中央花园(瑞安街地铁站E口步行170米),住宅小区,,120302|120200,商务住宅,住宅区,住宅小区
南国SOHO,114.3208,30.509011,雅安街312-314号附近,住宅小区,,120302,商务住宅,住宅区,住宅小区
南国风华天城橘子洲,114.322491,30.505077,建安街285号,住宅小区,,120302,商务住宅,住宅区,住宅小区
中央花园碧云天,114.316783,30.511323,中央花园内(瑞安街地铁站F口步行330米),住宅小区,,120302,商务住宅,住宅区,住宅小区
中央花园,114.317146,30.511248,南湖建安街与恒安路交汇处,住宅小区,,120302,商务住宅,住宅区,住宅小区
南国风华天城同顺坊,114.322201,30.507523,洪山街道风华天城(雅云路)同顺坊1-3,住宅小区,,120302,商务住宅,住宅区,住宅小区
中央花园晴翠湾,114.318962,30.510839,南湖中央花园,住宅小区,,120302,商务住宅,住宅区,住宅小区
风华天城社区,114.322807,30.506306,雅云路与云月路交叉口西160米,住宅小区,,120302,商务住宅,住宅区,住宅小区
同顺坊,114.322551,30.5074,平安路150号附近,住宅小区,,120302,商务住宅,住宅区,住宅小区
中央花园邻芳居,114.315393,30.512116,南湖街办事处(瑞安街地铁站E口步行370米),住宅小区,,120302,商务住宅,住宅区,住宅小区
松涛阁,114.320423,30.510425,南湖松涛苑附近中百超市上面,住宅小区,,120302,商务住宅,住宅区,住宅小区
南国风华天城祥瑞坊,114.322184,30.5087,丁字桥南路风华天城小区,住宅小区,,120302,商务住宅,住宅区,住宅小区
南国风华天城流云湾,114.323651,30.50474,南湖街办事处南湖花园,住宅小区,,120302,商务住宅,住宅区,住宅小区
南国风华天城月亮湾,114.323724,30.505764,南湖街办事处,住宅小区,,120302,商务住宅,住宅区,住宅小区
中央花园红杜里,114.318232,30.512158,南湖街办事处南湖中央花园小区北门,住宅小区,,120302,商务住宅,住宅区,住宅小区
轻素栖花里(中央花园店),114.31792,30.512763,南湖街中央花园栖花里(瑞安街地铁站F口步行310米),住宅小区,,120302|100000,商务住宅,住宅区,住宅小区
松涛苑B区,114.3224,30.510108,瑞安街224号,住宅小区,,120302,商务住宅,住宅区,住宅小区
北港佳和云居,114.323875,30.507937,丁字桥南路410号,住宅小区,,120302,商务住宅,住宅区,住宅小区
松涛苑A区,114.3203,30.511847,南湖街办事处瑞安街224号南湖花园松涛苑小区,住宅小区,,120302,商务住宅,住宅区,住宅小区
南湖花园城,114.313401,30.513298,瑞安街与恒安路交叉口西北80米,住宅小区,,120302,商务住宅,住宅区,住宅小区
南湖花园城温馨苑小区,114.313263,30.513299,恒安路251号(瑞安街地铁站G口步行150米),住宅小区,,120302,商务住宅,住宅区,住宅小区
夏朵公馆,114.324967,30.503821,南湖丁字桥南路与建安街交汇处,住宅小区,,120302,商务住宅,住宅区,住宅小区
南国SOHO520(2号楼)(泛悦Mall南湖店),114.325132,30.505558,丁字桥南路520号泛悦Mall(南湖店)L1层,住宅小区,,120203|120302,商务住宅,楼宇,
康乐苑,114.315439,30.51412,恒安路262号(瑞安街地铁站H口步行100米),住宅小区,,120302,商务住宅,住宅区,住宅小区
松涛苑E区,114.32234,30.511837,瑞安街224号,住宅小区,,120302,商务住宅,住宅区,住宅小区
松涛苑,114.322958,30.511357,瑞安街224号,住宅小区,,120302,商务住宅,住宅区,住宅小区
南国婚礼花艺空间,114.318887,30.513816,平安路335号(瑞安街东地铁站A口步行80米),住宅小区,,120302|060501|070000,商务住宅,住宅区,住宅小区
武汉佰港城橙果公寓,114.326036,30.503232,丁字桥南路521橙果,住宅小区,,120302,商务住宅,住宅区,住宅小区
宝安璞园二期,114.326387,30.505217,文治街32号,住宅小区,,120302,商务住宅,住宅区,住宅小区
宝安璞园一期,114.326324,30.506789,文治街29西南方向20米,住宅小区,,120302,商务住宅,住宅区,住宅小区
南湖保安璞园,114.325525,30.509025,丁字桥南路与雅安街交叉口南60米,住宅小区,,120302,商务住宅,住宅区,住宅小区
松涛苑C区,114.324803,30.510467,丁字桥南路228-248号附近,住宅小区,,120302,商务住宅,住宅区,住宅小区
宝安璞园,114.326493,30.507001,文治街32号,住宅小区,,120302,商务住宅,住宅区,住宅小区
江宏花园A区,114.313348,30.515066,恒安路333号(瑞安街地铁站A口旁),住宅小区,,120302,商务住宅,住宅区,住宅小区
宁静苑,114.319865,30.514526,瑞安街147-195号附近,住宅小区,,120302,商务住宅,住宅区,住宅小区
湖北·诚功,114.32279,30.51339,瑞安街269号,住宅小区,,120302,商务住宅,住宅区,住宅小区
宝安璞园三期,114.326721,30.508868,文治街32号,住宅小区,,120302,商务住宅,住宅区,住宅小区
颐和苑,114.315195,30.516106,恒安路368号(瑞安街地铁站C口步行160米),住宅小区,,120302,商务住宅,住宅区,住宅小区
松涛苑D区,114.324988,30.51215,瑞安街224号,住宅小区,,120302,商务住宅,住宅区,住宅小区
景虹花园1期,114.320504,30.51546,平安路与平顺路交叉口东180米,住宅小区,,120302,商务住宅,住宅区,住宅小区
鸿瑞佳苑,114.323487,30.513917,瑞安街,住宅小区,,120302,商务住宅,住宅区,住宅小区
江宏花园,114.313797,30.516723,南湖花园城北端(瑞安街地铁站A口旁),住宅小区,,120302,商务住宅,住宅区,住宅小区
天久云门,114.312669,30.516651,长虹桥58号(瑞安街地铁站A口步行50米),住宅小区,,120302,商务住宅,住宅区,住宅小区
景虹花园-南区,114.321624,30.515402,岗山路与瑞安街交叉口北260米,住宅小区,,120302,商务住宅,住宅区,住宅小区
江南庭园,114.326972,30.511022,丁字桥南路288号,住宅小区,,120302,商务住宅,住宅区,住宅小区
景虹花园,114.321517,30.515579,瑞安街267号,住宅小区,,120302,商务住宅,住宅区,住宅小区
陆总花园,114.324646,30.513997,洪山街道办事处瑞安街273号,住宅小区,,120302,商务住宅,住宅区,住宅小区
江宏花园C区,114.317022,30.517146,瑞安街地铁站C口步行380米,住宅小区,,120302,商务住宅,住宅区,住宅小区
江宏花园B区,114.314958,30.517364,恒安路378号(瑞安街地铁站C口步行130米),住宅小区,,120302,商务住宅,住宅区,住宅小区
夏家村4号小区,114.320775,30.516725,平安路与平顺路交叉口东200米,住宅小区,,120302,商务住宅,住宅区,住宅小区
铁路宿舍,114.320757,30.516735,夏家村4号小区,住宅小区,,120302,商务住宅,住宅区,住宅小区
轻工设计院南湖宿舍,114.310586,30.517325,南恒路与南湖路交叉口东北40米,住宅小区,,120302,商务住宅,住宅区,住宅小区
长虹桥小区,114.311043,30.517778,南恒路与南湖路交叉口东北120米,住宅小区,,120302,商务住宅,住宅区,住宅小区
丽岛柳园南区,114.337999,30.507016,书城路,住宅小区,,120302,商务住宅,住宅区,住宅小区
桃园三章(武汉理工大学南湖校区店),114.337656,30.508767,武汉理工大学南湖LG-131号,住宅小区,,120302,商务住宅,住宅区,住宅小区
丽岛柳园,114.338344,30.507581,洪山出版城路金地格林对面(武汉理工大学旁),住宅小区,,120302,商务住宅,住宅区,住宅小区
洪山区洪山街道岭南路9号新建居住项目,114.331014,30.512962,卓越大道与梅岭大道交叉口东北80米,住宅小区,,120302,商务住宅,住宅区,住宅小区
丽岛柳园北区,114.338996,30.508591,书城路18号,住宅小区,,120302,商务住宅,住宅区,住宅小区
万科新都会,114.329976,30.513564,丁字桥路与岭南路交汇处,住宅小区,,120302,商务住宅,住宅区,住宅小区
海悦澜庭,114.340625,30.506725,书城路与文荟街交叉口南60米,住宅小区,,120302,商务住宅,住宅区,住宅小区
三鸿家园,114.340138,30.508286,楚雄大道2668号,住宅小区,,120302,商务住宅,住宅区,住宅小区
棋仕公馆,114.340775,30.506675,书城路l8号,住宅小区,,120302,商务住宅,住宅区,住宅小区
名士1号,114.341132,30.506165,书城路7号,住宅小区,,120302,商务住宅,住宅区,住宅小区
武锣金雀公寓,114.339455,30.510355,柳园路与雄楚大道辅路交叉口南160米,住宅小区,,120302,商务住宅,住宅区,住宅小区
狮城公寓,114.340061,30.509632,书城路10号(雄楚大道省出版社旁),住宅小区,,120302,商务住宅,住宅区,住宅小区
宏锦苑小区,114.340856,30.509989,书城路6号,住宅小区,,120302,商务住宅,住宅区,住宅小区
瑞安府,114.326196,30.515215,瑞安街张黄新村,住宅小区,,120302,商务住宅,住宅区,住宅小区
武昌客车车辆段单身公寓,114.335791,30.514942,岭南路与雄楚大街高架桥交汇处,住宅小区,,120302,商务住宅,住宅区,住宅小区
御景名门,114.338919,30.513408,雄楚大道209附1附近,住宅小区,,120302,商务住宅,住宅区,住宅小区
迪雅花园,114.334295,30.515778,雄楚大道238号,住宅小区,,120302,商务住宅,住宅区,住宅小区
雄楚大道222-7公寓,114.332304,30.516414,雄楚大道222-8号附近,住宅小区,,120302,商务住宅,住宅区,住宅小区
绿城国投·天元,114.337397,30.515095,雄楚大道与石牌岭路交汇处,住宅小区,,120302,商务住宅,住宅区,住宅小区
钱家咀新区,114.343875,30.508366,文荟街与荟秀路交叉口东北200米,住宅小区,,120302,商务住宅,住宅区,住宅小区
中华楼精致湖北菜(武昌店),114.335925,30.516625,雄楚大道辅路与石牌岭西路交叉口东80米,住宅小区,,120200|120302,商务住宅,楼宇,
三鸿领域,114.33599,30.516786,石牌岭路300号,住宅小区,,120302,商务住宅,住宅区,住宅小区
丁字桥路雄楚大道小区,114.327637,30.517954,雄楚大道高架出口与丁字桥南路交叉口西40米,住宅小区,,120302,商务住宅,住宅区,住宅小区
中建福地星城2期南区,114.346887,30.50636,珞狮路辅路与文荟街交叉口北120米,住宅小区,,120302,商务住宅,住宅区,住宅小区
中建福地星城,114.345569,30.507129,洪山珞狮路与文荟街交汇处(洪山区第一小学书城路分校附近),住宅小区,,120302,商务住宅,住宅区,住宅小区
中建福地星城1期,114.345652,30.507293,崇文路与文荟街交叉口东北160米,住宅小区,,120302,商务住宅,住宅区,住宅小区
中建福地星城福印,114.347073,30.506909,珞狮路260号,住宅小区,,120302,商务住宅,住宅区,住宅小区
锦惠园,114.347602,30.507427,珞狮南路258号,住宅小区,,120302,商务住宅,住宅区,住宅小区
南湖悦朗湾,114.348996,30.50521,文荟街与珞狮路辅路交叉口东180米,住宅小区,,120302,商务住宅,住宅区,住宅小区
中建福地星城二期,114.346159,30.508787,雄楚大道294号,住宅小区,,120302,商务住宅,住宅区,住宅小区
中建福地星城2期-北区,114.345834,30.509059,雄楚大道辅路与崇文路交叉口东南200米,住宅小区,,120302,商务住宅,住宅区,住宅小区
狮城·风华新都,114.349962,30.505861,珞狮路447号,住宅小区,,120302,商务住宅,住宅区,住宅小区
湖北城建职院南湖住宅小区,114.349239,30.507392,珞狮南路451号(狮城名居后面),住宅小区,,120302,商务住宅,住宅区,住宅小区
鸿泽苑,114.349612,30.506832,珞狮路辅路与文荟街交叉口东北300米,住宅小区,,120302,商务住宅,住宅区,住宅小区
南湖壹号物业,114.350128,30.504076,文荟街与幸福路交叉口西240米,住宅小区,,120302,商务住宅,住宅区,住宅小区
尤李社区,114.35004,30.503402,文荟街与幸福路交叉口西240米,住宅小区,,120302,商务住宅,住宅区,住宅小区
狮城翰园,114.349844,30.50782,珞狮路449号,住宅小区,,120302,商务住宅,住宅区,住宅小区
中建福地星城K5小区,114.348046,30.509613,雄楚大道302号,住宅小区,,120302,商务住宅,住宅区,住宅小区
幸福佳苑,114.351505,30.504634,幸福路与文荟街交叉口西北140米,住宅小区,,120302,商务住宅,住宅区,住宅小区
春林庭苑B区,114.345883,30.510775,雄楚大道辅路与工大路交叉口东80米,住宅小区,,120302,商务住宅,住宅区,住宅小区
鸿福花园,114.351614,30.506801,幸福路20号,住宅小区,,120302,商务住宅,住宅区,住宅小区
剑桥园,114.347325,30.510825,雄楚大道辅路与珞狮路辅路交叉口西220米,住宅小区,,120302,商务住宅,住宅区,住宅小区
机施宿舍,114.346935,30.511049,珞狮南路,住宅小区,,120302,商务住宅,住宅区,住宅小区
春林庭苑,114.346084,30.511215,雄楚大道229号附1号,住宅小区,,120302,商务住宅,住宅区,住宅小区
梦里水乡,114.351868,30.502865,幸福关家咀18,住宅小区,,120302,商务住宅,住宅区,住宅小区
心禾淑院,114.352066,30.502495,南湖·梦里水乡,住宅小区,,120302,商务住宅,住宅区,住宅小区
狮城名居,114.351285,30.508864,珞狮路449号,住宅小区,,120302,商务住宅,住宅区,住宅小区
幸福荣华酒家(南湖九号店),114.352767,30.504711,幸福路南湖9号4栋一楼4-1-7-2,住宅小区,,120302,商务住宅,住宅区,住宅小区
狮城名居1期,114.352175,30.508775,雄楚大道辅路与幸福路交叉口南160米,住宅小区,,120302,商务住宅,住宅区,住宅小区
南湖九号,114.353577,30.504806,,住宅小区,,120302,商务住宅,住宅区,住宅小区
理公馆,114.345688,30.512559,雄楚大道225附26(马房山地铁站E口步行120米),住宅小区,,120302,商务住宅,住宅区,住宅小区
南湖景苑,114.354097,30.505721,雄楚大街352号,住宅小区,,120302,商务住宅,住宅区,住宅小区
龙港小区,114.353266,30.509124,雄楚大街350号,住宅小区,,120302,商务住宅,住宅区,住宅小区
省检察院南湖小区,114.354168,30.507395,桂风园雄楚大道354号,住宅小区,,120302,商务住宅,住宅区,住宅小区
尤李村小区,114.352023,30.51083,珞狮路433号,住宅小区,,120302,商务住宅,住宅区,住宅小区
澜享公馆,114.350525,30.512175,珞狮南路425号南国雄楚广场,住宅小区,,120302,商务住宅,住宅区,住宅小区
圆梦美丽家园1期,114.352225,30.511225,雄楚大道辅路与幸福路交叉口北140米,住宅小区,,120302,商务住宅,住宅区,住宅小区
桂枫园小区,114.354875,30.507575,安康路与雄楚大道辅路交叉口南300米,住宅小区,,120302,商务住宅,住宅区,住宅小区
圆梦·美丽家园,114.352703,30.511425,珞狮路431号(马房山地铁站C口步行360米),住宅小区,,120302,商务住宅,住宅区,住宅小区
雄楚住宅楼,114.352075,30.512025,尤李立交与珞狮路交叉口东200米,住宅小区,,120302,商务住宅,住宅区,住宅小区
南国雄楚广场R2还建楼,114.352275,30.512264,珞狮南路425号(马房山地铁站C口步行330米),住宅小区,,120302,商务住宅,住宅区,住宅小区
南湖北院,114.346106,30.514683,洪兴巷与工大路交叉口东北100米,住宅小区,,120302,商务住宅,住宅区,住宅小区
逸景苑,114.34847,30.514513,珞狮路206号,住宅小区,,120302,商务住宅,住宅区,住宅小区
汉飞精英青年城,114.354567,30.510695,雄楚大道265号,住宅小区,,120302,商务住宅,住宅区,住宅小区
珞桂路99号,114.353133,30.512384,洪山珞桂路31号(珞狮路与雄楚大街交汇处),住宅小区,,120302,商务住宅,住宅区,住宅小区
圆梦家园社区,114.351938,30.513638,珞桂路与珞狮路辅路交叉口东160米,住宅小区,,120302,商务住宅,住宅区,住宅小区
鸿桂苑茶餐厅,114.354039,30.51225,鸿桂苑西区东2门旁,住宅小区,,050305|080306|120302,餐饮服务,,
鸿桂苑西区,114.354034,30.512259,美满路与珞桂路交叉口西南160米,住宅小区,,120302,商务住宅,住宅区,住宅小区
泰格生态公寓,114.355091,30.511312,雄楚大道261号(省检察院对面),住宅小区,,120302,商务住宅,住宅区,住宅小区
万科金域学府,114.356574,30.509129,雄楚大道与安康路交叉口,住宅小区,,120302,商务住宅,住宅区,住宅小区
马房山教师小区,114.351229,30.514381,珞狮路395号(马房山地铁站C口步行140米),住宅小区,,120302,商务住宅,住宅区,住宅小区
博文花园,114.348014,30.515596,珞狮路208附8号附近(马房山地铁站A口步行220米),住宅小区,,120302,商务住宅,住宅区,住宅小区
明雅苑,114.34954,30.515471,珞狮南路204号(马房山地铁站A口步行230米),住宅小区,,120302,商务住宅,住宅区,住宅小区
农贸园,114.353484,30.513629,珞桂路与美满路交叉口西120米,住宅小区,,120302,商务住宅,住宅区,住宅小区
鸿桂苑北区,114.35253,30.514345,马房山教师小区(马房山地铁站C口步行230米),住宅小区,,120302,商务住宅,住宅区,住宅小区
泓悦府洛伦佐公寓,114.344662,30.51646,石牌岭东路,住宅小区,,120302,商务住宅,住宅区,住宅小区
雄楚新天第,114.356798,30.510692,雄楚大道与安康路交叉口东160米,住宅小区,,120201|120302,商务住宅,楼宇,商务写字楼
泓悦府,114.343663,30.516742,工大路6号,住宅小区,,120302,商务住宅,住宅区,住宅小区
鸿桂苑东区,114.354849,30.513248,美满路与珞桂路交叉口南40米,住宅小区,,120302,商务住宅,住宅区,住宅小区
剑桥铭邸,114.356389,30.511693,雄楚大道299号,住宅小区,,120302,商务住宅,住宅区,住宅小区
十五亩地小区,114.346602,30.516867,工大路21号,住宅小区,,120302,商务住宅,住宅区,住宅小区
武汉华锦医院黎明社区,114.347304,30.516781,珞狮南路202号(马房山地铁站A口步行430米),住宅小区,,120302,商务住宅,住宅区,住宅小区
玉兰苑南区,114.355642,30.512777,珞桂路78号,住宅小区,,120302,商务住宅,住宅区,住宅小区
教工住宅小区,114.346179,30.516996,工大路与泓悦府连通道交叉口东南20米,住宅小区,,120302,商务住宅,住宅区,住宅小区
灯泡厂小区,114.347769,30.517154,珞狮路188号(马房山地铁站A口步行310米),住宅小区,,120302,商务住宅,住宅区,住宅小区
龙湖·御湖境一组团,114.344925,30.517763,洪达巷南侧、工大路以西,住宅小区,,120302,商务住宅,住宅区,住宅小区
玉兰苑,114.355986,30.513643,珞桂路78号,住宅小区,,120302,商务住宅,住宅区,住宅小区
鸿达苑,114.349187,30.517454,珞狮路190号,住宅小区,,120302,商务住宅,住宅区,住宅小区
龙湖·御湖境,114.3444,30.51799,东一路18号,住宅小区,,120302,商务住宅,住宅区,住宅小区
桂子花园梅花苑,114.360197,30.505552,雄楚大街428号,住宅小区,,120302,商务住宅,住宅区,住宅小区
鸿岭花园东区,114.341088,30.518026,石牌岭路283号,住宅小区,,120302,商务住宅,住宅区,住宅小区
保利·浅水湾,114.361879,30.50482,浅水湾路1号,住宅小区,,120302,商务住宅,住宅区,住宅小区
武汉大学珞桂小区,114.361761,30.506388,雄楚大道438号,住宅小区,,120302,商务住宅,住宅区,住宅小区
桂子花园,114.361888,30.507669,雄楚大道428号,住宅小区,,120302,商务住宅,住宅区,住宅小区
桂子花园一期西区,114.362258,30.507656,雄楚大道辅路与桂湖东路交叉口西南200米,住宅小区,,120302,商务住宅,住宅区,住宅小区
桂子花园一期,114.36267,30.507493,桂湖东路2号,住宅小区,,120302,商务住宅,住宅区,住宅小区
桂子花园一期东区,114.363531,30.507106,桂湖东路与雄楚大道辅路交叉口南180米,住宅小区,,120302,商务住宅,住宅区,住宅小区
学雅芳邻二期,114.364412,30.504576,雄楚大道438号,住宅小区,,120302,商务住宅,住宅区,住宅小区
学雅芳邻,114.365899,30.50451,卓刀泉南路与浅水湾路交叉口北40米,住宅小区,,120302,商务住宅,住宅区,住宅小区
滨湖·文泉书苑,114.365889,30.506981,雄楚大街436号(陈家湾省民政厅斜对面),住宅小区,,120302,商务住宅,住宅区,住宅小区
元宝山公寓,114.359725,30.510675,雄楚大道辅路与桂湖路交叉口西北140米,住宅小区,,120302,商务住宅,住宅区,住宅小区
湖北省肿瘤医院公寓,114.366212,30.502949,卓刀泉南路116号,住宅小区,,120302,商务住宅,住宅区,住宅小区
学雅芳邻一期,114.366706,30.504471,雄楚大道438号,住宅小区,,120302,商务住宅,住宅区,住宅小区
鹿鸣苑,114.366759,30.502369,卓刀泉南洪山区卓刀泉南路119号(武汉外校北侧),住宅小区,,120302,商务住宅,住宅区,住宅小区
BOBO城锦汇,114.366314,30.50841,雄楚大道357号,住宅小区,,120302,商务住宅,住宅区,住宅小区
保利大都会,114.365307,30.510061,雄楚大道与卓刀泉南路交汇处,住宅小区,,120302,商务住宅,住宅区,住宅小区
南苑花园,114.366262,30.509578,卓刀泉南路70号(虎泉地铁站G2口步行490米),住宅小区,,120302,商务住宅,住宅区,住宅小区
兰庭居,114.368043,30.507807,雄楚大道409号,住宅小区,,120302,商务住宅,住宅区,住宅小区
湖北省林业厅住宅小区,114.364403,30.511513,陈家湾路与卓刀泉南路交叉口西280米,住宅小区,,120302,商务住宅,住宅区,住宅小区
湖北省供销学校宿舍,114.365425,30.511025,陈家湾路与卓刀泉南路交叉口西160米,住宅小区,,120302,商务住宅,住宅区,住宅小区
名都花园,114.368935,30.503652,雄楚大街450号,住宅小区,,120302,商务住宅,住宅区,住宅小区
元宝山社区,114.36578,30.511417,卓刀泉南路22号,住宅小区,,120302,商务住宅,住宅区,住宅小区
陈家湾交警宿舍,114.365648,30.511558,陈家湾路与卓刀泉南路交叉口西160米,住宅小区,,120302,商务住宅,住宅区,住宅小区
翡翠城,114.369426,30.507082,雄楚大道413号,住宅小区,,120302,商务住宅,住宅区,住宅小区
虎泉社区,114.368455,30.509728,卓刀泉南路与陈家湾路交叉口东南180米,住宅小区,,120302,商务住宅,住宅区,住宅小区
国家粮食储备局武汉科学研究设计院,114.367577,30.511156,卓刀泉南路陈家湾(虎泉地铁站G2口步行210米),住宅小区,,120302|141300,商务住宅,住宅区,住宅小区
雄楚大道355号新建居住,114.367149,30.51157,卓刀泉南路与陈家湾路交叉口北60米,住宅小区,,120302,商务住宅,住宅区,住宅小区
卓刀泉人大宿舍,114.36648,30.512152,卓刀泉南路与陈家湾路交叉口西北160米,住宅小区,,120302,商务住宅,住宅区,住宅小区
粮科院家属区,114.368225,30.511175,卓刀泉南路与陈家湾路交叉口东100米,住宅小区,,120302,商务住宅,住宅区,住宅小区
義合世家,114.36926,30.510377,楚康路(虎泉地铁站B口步行330米),住宅小区,,120302,商务住宅,住宅区,住宅小区
玉兰苑北区,114.356332,30.514544,珞桂路125号,住宅小区,,120302,商务住宅,住宅区,住宅小区
建信小区,114.368229,30.512157,卓刀泉南路1号,住宅小区,,120302,商务住宅,住宅区,住宅小区
凯乐桂园,114.370657,30.509979,卓刀泉路108号(华师东门附近),住宅小区,,120302,商务住宅,住宅区,住宅小区
保利·涧山观奕A区,114.367094,30.5135,虎泉街以南、卓刀泉南路两侧,住宅小区,,120302,商务住宅,住宅区,住宅小区
凯乐桂园1期,114.371325,30.509625,虎泉街与卓刀泉东二路交叉口西240米,住宅小区,,120302,商务住宅,住宅区,住宅小区
保利·涧山观奕B区,114.368547,30.512935,虎泉街以南、卓刀泉南路两侧,住宅小区,,120302,商务住宅,住宅区,住宅小区
保利·涧山观奕,114.368,30.513434,虎泉街以南、卓刀泉南路两侧,住宅小区,,120302,商务住宅,住宅区,住宅小区
阳光美墅,114.372903,30.50563,雄楚大道459号,住宅小区,,120302,商务住宅,住宅区,住宅小区
桂园印象,114.370866,30.511103,虎泉街与楚康路交叉口东南160米,住宅小区,,120302,商务住宅,住宅区,住宅小区
金昌花苑,114.371775,30.511175,虎泉街与楚康路交叉口东南200米,住宅小区,,120302,商务住宅,住宅区,住宅小区
卓刀泉街高创家园社区,114.37373,30.50754,卓刀泉南路168-81附近,住宅小区,,120302,商务住宅,住宅区,住宅小区
武汉市洪山区燃料物资总公司小区,114.368856,30.514791,虎泉街与伏泉路交叉口北80米,住宅小区,,120302,商务住宅,住宅区,住宅小区
领秀城二期领仕馆,114.374419,30.50654,雄楚大街489号,住宅小区,,120302,商务住宅,住宅区,住宅小区
交院家属楼,114.373325,30.510075,虎泉街与卓刀泉东二路交叉口西北80米,住宅小区,,120302,商务住宅,住宅区,住宅小区
星光苑小区,114.371135,30.513211,卓刀泉路95号(虎泉地铁站D口步行50米),住宅小区,,120302,商务住宅,住宅区,住宅小区
伏虎山小区,114.368888,30.515078,卓刀泉路49号(虎泉地铁站D口步行430米),住宅小区,,120302,商务住宅,住宅区,住宅小区
开来枫景佳园,114.374205,30.508748,卓豹路168号(地铁口荣校小区对面),住宅小区,,120302,商务住宅,住宅区,住宅小区
领秀城天桥,114.375176,30.50465,雄楚大道辅路与小何村路交叉口东60米,住宅小区,,120302,商务住宅,住宅区,住宅小区
教师小区,114.37275,30.512283,虎泉街99号(虎泉地铁站D口步行140米),住宅小区,,120302,商务住宅,住宅区,住宅小区
伏泉路1号小区,114.370371,30.514865,伏泉路与虎泉街交叉口东北160米,住宅小区,,120302,商务住宅,住宅区,住宅小区
欧亚达家居(光谷店),114.375697,30.505979,雄楚大道493号,住宅小区,,120302|060604,商务住宅,住宅区,住宅小区
城市印象,114.376162,30.506118,雄楚大道辅路与卓刀泉东一路交叉口东北160米,住宅小区,,120302,商务住宅,住宅区,住宅小区
水利部中国科学院水工程生态研究所,114.376664,30.504498,雄楚大道578号,住宅小区,,120302|141300,商务住宅,住宅区,住宅小区
开物里,114.375637,30.506756,卓刀泉东一路与虎泉街交叉口西南140米,住宅小区,,120302,商务住宅,住宅区,住宅小区
桃园公寓,114.375274,30.50813,虎泉街果果便利店旁,住宅小区,,120302,商务住宅,住宅区,住宅小区
荣军医院生活小区,114.376351,30.508868,卓刀泉路247号,住宅小区,,120302,商务住宅,住宅区,住宅小区
五环嘉园,114.379672,30.507293,虎泉街269号(杨家湾地铁站D口步行380米),住宅小区,,120302,商务住宅,住宅区,住宅小区
荣校教师小区,114.374963,30.509933,虎泉街245号,住宅小区,,120302,商务住宅,住宅区,住宅小区
五环社区(虎泉街),114.38088,30.508103,杨家湾卓刀泉路271号(杨家湾地铁站D口步行100米),住宅小区,,120302,商务住宅,住宅区,住宅小区
华中师大一附中洪山校区家属区,114.383045,30.507265,虎泉街281号(杨家湾地铁站C口),住宅小区,,120302,商务住宅,住宅区,住宅小区
雄楚天地,114.383475,30.50457,虎泉街流行视窗对面(杨家湾地铁站A口步行100米),住宅小区,,120302,商务住宅,住宅区,住宅小区
金泉社区,114.375125,30.512725,虎泉街与卓刀泉东二路交叉口北380米,住宅小区,,120302,商务住宅,住宅区,住宅小区
保利·华都3期,114.382663,30.51011,虎泉街保利华都,住宅小区,,120302,商务住宅,住宅区,住宅小区
蓝天名苑,114.372557,30.513249,卓刀泉(虎泉地铁站D口步行490米),住宅小区,,120302,商务住宅,住宅区,住宅小区
尚文创业城,114.384842,30.50376,虎泉街246号(杨家湾地铁站B口步行220米),住宅小区,,120302,商务住宅,住宅区,住宅小区
保利·华都,114.384074,30.508531,杨家湾地铁站C口步行100米,住宅小区,,120302,商务住宅,住宅区,住宅小区
尚文小区,114.385524,30.504985,虎泉街与拥军路交叉口西20米,住宅小区,,120302,商务住宅,住宅区,住宅小区
保利·华都2期,114.384214,30.50965,虎泉街299号(地铁二号线杨家湾站旁),住宅小区,,120302,商务住宅,住宅区,住宅小区
伏泉小区南区,114.372111,30.513867,卓刀泉伏泉路教师小区伏泉小区1栋卓刀泉路85号,住宅小区,,120302,商务住宅,住宅区,住宅小区
伏泉小区,114.371869,30.513809,虎泉街与楚康路交叉口东北200米,住宅小区,,120302,商务住宅,住宅区,住宅小区
伏泉路5号小区,114.37168,30.514332,虎泉街与楚康路交叉口东北240米,住宅小区,,120302,商务住宅,住宅区,住宅小区
山泉居小区一期,114.371993,30.514711,虎泉街与楚康路交叉口东北300米,住宅小区,,120302,商务住宅,住宅区,住宅小区
上马庄小区,114.385136,30.511118,拥军路与珞喻路交叉口西南440米,住宅小区,,120302,商务住宅,住宅区,住宅小区
伏泉小区北区,114.373276,30.515662,珞喻路辅路与远志路交叉口西南320米,住宅小区,,120302,商务住宅,住宅区,住宅小区
山泉居小区,114.372036,30.515517,伏泉路与虎泉街交叉口东北340米,住宅小区,,120302,商务住宅,住宅区,住宅小区
红星社区,114.386924,30.508481,湖滨街与虎泉街交叉口北380米,住宅小区,,120302,商务住宅,住宅区,住宅小区
山泉居小区二期,114.372053,30.515839,卓刀泉15号,住宅小区,,120302,商务住宅,住宅区,住宅小区
东湖·御院,114.38797,30.507205,虎泉街319号,住宅小区,,120302,商务住宅,住宅区,住宅小区
卓豹路小区,114.381573,30.515099,珞喻路与水文路交叉口西南约180米,住宅小区,,120302,商务住宅,住宅区,住宅小区
林科院小区,114.372712,30.516696,珞瑜路370号,住宅小区,,120302,商务住宅,住宅区,住宅小区
华乐苑,114.38876,30.506339,,住宅小区,,120302,商务住宅,住宅区,住宅小区
省高法家属楼,114.375,30.517,珞喻路辅路与远志路交叉口南120米,住宅小区,,120302,商务住宅,住宅区,住宅小区
卓刀泉派出所家属院,114.378684,30.516826,珞喻路486-488号附近,住宅小区,,120302,商务住宅,住宅区,住宅小区
德胜山小区,114.384475,30.514675,珞喻路与上马庄路交叉口东南180米,住宅小区,,120302,商务住宅,住宅区,住宅小区
解甲苑,114.389681,30.507197,珞喻路712号,住宅小区,,120302,商务住宅,住宅区,住宅小区
新奥林城,114.377072,30.517748,体育学院中门,住宅小区,,120302|050100,商务住宅,住宅区,住宅小区
鲁巷特一号小区,114.393675,30.504225,楚韵路与虎泉街交叉口东南120米,住宅小区,,120302,商务住宅,住宅区,住宅小区
中船709所小区,114.393575,30.506825,虎泉街与楚韵路交叉口北180米,住宅小区,,120302,商务住宅,住宅区,住宅小区
华乐山庄,114.39169,30.508339,珞喻路716号,住宅小区,,120302,商务住宅,住宅区,住宅小区
新域柠檬特区,114.394456,30.504927,光谷广场地铁站F口步行120米,住宅小区,,120302,商务住宅,住宅区,住宅小区
华乐北苑,114.390725,30.509025,华乐路与珞喻路交叉口西南220米,住宅小区,,120302,商务住宅,住宅区,住宅小区
电信小区,114.394781,30.506982,珞喻路724号鲁巷电信小区,住宅小区,,120302,商务住宅,住宅区,住宅小区
双塘小区,114.39533,30.504459,光谷步行街旁中商世界里正后门,住宅小区,,120302,商务住宅,住宅区,住宅小区
领航时代(洪山区),114.393475,30.508875,珞喻路与紫珞路交叉口西南60米,住宅小区,,120302,商务住宅,住宅区,住宅小区
小曹楚疆馆,114.395963,30.506254,虎泉街732号鲁巷广场5楼(光谷广场地铁站出入口旁),住宅小区,,120302,商务住宅,住宅区,住宅小区
滨湖小区,114.391322,30.510672,珞瑜路618号,住宅小区,,120302,商务住宅,住宅区,住宅小区
碧水花园,114.395822,30.509009,珞喻路881号,住宅小区,,120302,商务住宅,住宅区,住宅小区
光谷中心花园2期,114.396925,30.507525,鲁巷广场北角(光谷广场地铁站U口步行70米),住宅小区,,120302,商务住宅,住宅区,住宅小区
新都汇,114.395097,30.509844,珞瑜路727号(中商世界里斜对面),住宅小区,,120302,商务住宅,住宅区,住宅小区
芙蓉花,114.397675,30.504397,民族大道民院路6号尖东智能花园5栋601室,住宅小区,,120302,商务住宅,住宅区,住宅小区
鲁巷中医小区,114.397828,30.505033,鲁巷步行街东侧,住宅小区,,120302,商务住宅,住宅区,住宅小区
君子兰,114.398148,30.504463,光谷广场尖东智能花园内,住宅小区,,120302|060000,商务住宅,住宅区,住宅小区
光谷中心花园,114.397114,30.508502,珞喻路889号光谷国际广场A座,住宅小区,,120302,商务住宅,住宅区,住宅小区
尖东智能花园,114.39817,30.504251,光谷广场(光谷广场地铁站C口步行190米),住宅小区,,120302,商务住宅,住宅区,住宅小区
宜园,114.398368,30.504197,光谷环岛与民族大道尖东智能花园-写字楼,住宅小区,,120302,商务住宅,住宅区,住宅小区
健龙尚古杰座,114.398037,30.507498,珞喻路与光谷环岛交叉口西北100米,住宅小区,,120302,商务住宅,住宅区,住宅小区
鲁巷教师小区,114.397438,30.509444,珞喻路883号,住宅小区,,120302,商务住宅,住宅区,住宅小区
紫菘花园,114.39534,30.511482,邮科院路88号,住宅小区,,120302,商务住宅,住宅区,住宅小区
五公司西区,114.398526,30.508481,鲁巷鲁磨路63号(光谷广场地铁站R口步行160米),住宅小区,,120302,商务住宅,住宅区,住宅小区
气象局小区南区,114.393463,30.513044,气象南路与南望山路交叉口东南120米,住宅小区,,120302,商务住宅,住宅区,住宅小区
当代花园雅典苑,114.398676,30.509487,鲁磨路111号(光谷广场地铁站U口步行380米),住宅小区,,120302,商务住宅,住宅区,住宅小区
鲁巷科技苑,114.39852,30.511316,鲁磨路209号,住宅小区,,120302,商务住宅,住宅区,住宅小区
经贸委小区,114.401259,30.504256,金田西路与步行街南路交叉口西40米,住宅小区,,120302,商务住宅,住宅区,住宅小区
气象局小区北区,114.393662,30.514238,南望山路与气象南路交叉口东北120米,住宅小区,,120302,商务住宅,住宅区,住宅小区
银河楼,114.396125,30.513325,紫菘花园路与紫珞路交叉口东北340米,住宅小区,,120302|120200,商务住宅,住宅区,住宅小区
湖北省五建小区-北区,114.400061,30.509812,鲁磨路与紫菘花园路交叉口东南60米,住宅小区,,120302,商务住宅,住宅区,住宅小区
光谷世界城光谷街3号1区,114.401675,30.505825,珞喻路与世纪城光谷步行街交叉口东南80米,住宅小区,,120302,商务住宅,住宅区,住宅小区
节能科技大厦,114.399337,30.511202,鲁磨路119号(光谷广场地铁站R口步行480米),住宅小区,,120302|120201,商务住宅,住宅区,住宅小区
明畅里社区,114.401177,30.508252,鲁磨路(珞雄路地铁站E口步行310米),住宅小区,,120302,商务住宅,住宅区,住宅小区
气象局小区,114.394071,30.514601,东湖东路3号,住宅小区,,120302,商务住宅,住宅区,住宅小区
五公司小区,114.401829,30.507251,珞喻路与世纪城光谷步行街交叉口东北140米,住宅小区,,120302,商务住宅,住宅区,住宅小区
五公司小区东区,114.401873,30.507185,鲁磨路50号(光谷广场地铁站N口步行130米),住宅小区,,120302,商务住宅,住宅区,住宅小区
紫菘教师公寓,114.40081,30.510763,鲁磨路108-1号(联峰时代广场后),住宅小区,,120302,商务住宅,住宅区,住宅小区
光谷世界城A地块,114.402811,30.505179,世界城光谷步行街与利嘉西路交叉口西120米,住宅小区,,120302,商务住宅,住宅区,住宅小区
现代风情街B1区,114.403025,30.504375,世界城光谷步行街与利嘉西路交叉口西40米,住宅小区,,120302,商务住宅,住宅区,住宅小区
水红番石榴,114.403301,30.504572,利嘉西路与世界城光谷步行街交叉口北40米,住宅小区,,120302,商务住宅,住宅区,住宅小区
博雅苑(洪山区),114.403375,30.507575,珞喻路与利嘉西路交叉口西北80米,住宅小区,,120302,商务住宅,住宅区,住宅小区
光谷康园教师小区B区,114.400925,30.512375,鲁磨路与紫菘花园路交叉口东北280米,住宅小区,,120302,商务住宅,住宅区,住宅小区
当代花园,114.399654,30.513897,鲁磨路369号,住宅小区,,120302,商务住宅,住宅区,住宅小区
当代花园东方巴黎苑,114.39964,30.514035,鲁磨路369号,住宅小区,,120302,商务住宅,住宅区,住宅小区
加州阳光,114.404576,30.504878,光谷街2号(珞雄路地铁站出入口步行290米),住宅小区,,120302,商务住宅,住宅区,住宅小区
省气象局阳光社区,114.395102,30.516882,操场西路与西一路交叉口西南340米,住宅小区,,120302,商务住宅,住宅区,住宅小区
中建东湖之星,114.40124,30.514006,鲁磨路226号,住宅小区,,120302,商务住宅,住宅区,住宅小区
中建三局二公司3基地南区,114.40223,30.513056,中建三局二公司3基地,住宅小区,,120302,商务住宅,住宅区,住宅小区
湖北省气象局桃园小区,114.397426,30.516747,气象北路,住宅小区,,120302,商务住宅,住宅区,住宅小区
新屋熊小区,114.406089,30.505195,珞雄路6号(珞雄路地铁站出入口步行220米),住宅小区,,120302,商务住宅,住宅区,住宅小区
世界城瑜樾东方,114.405716,30.504145,珞雄路与光谷西班牙风情街交汇处,住宅小区,,120302,商务住宅,住宅区,住宅小区
长青巷桥头排骨(光谷世界城店),114.406025,30.503525,珞喻东路世界城瑜樾东方第一幢1层14号商铺,住宅小区,,120302,商务住宅,住宅区,住宅小区
湖北中医小区,114.407806,30.504556,珞喻路846号(珞雄路地铁站B口步行340米),住宅小区,,120302,商务住宅,住宅区,住宅小区
米兰映象,114.407737,30.503377,珞雄路19号光谷世界城(珞雄路地铁站B口步行440米),住宅小区,,120302,商务住宅,住宅区,住宅小区
怡景苑,114.409423,30.503726,常青藤路附近,住宅小区,,120302,商务住宅,住宅区,住宅小区
常青藤名苑,114.410422,30.504872,关山二路华中南2门对面(珞雄路地铁站B口步行450米),住宅小区,,120302,商务住宅,住宅区,住宅小区
常青藤名苑1期,114.410524,30.50484,关山口,住宅小区,,120302,商务住宅,住宅区,住宅小区
翰景苑,114.41041,30.503593,梳子桥路17号,住宅小区,,120302,商务住宅,住宅区,住宅小区
武汽花园,114.411539,30.505009,关山大道辅路与常青藤路交叉口西北180米,住宅小区,,120302,商务住宅,住宅区,住宅小区
关山街阳光家园,114.411941,30.506217,关山大道106号,住宅小区,,120302,商务住宅,住宅区,住宅小区
洪山区关山街汽发社区,114.41178,30.503186,汽发社区路与常青藤路交叉口南60米,住宅小区,,120302,商务住宅,住宅区,住宅小区
武汽花园东区,114.4122,30.50428,华中科技大学地铁站A1口步行330米,住宅小区,,120302,商务住宅,住宅区,住宅小区
武汉市洪山区关山街汽发社区,114.412025,30.507375,珞喻路与关山大道交叉口西120米,住宅小区,,120302,商务住宅,住宅区,住宅小区
洪山区关山街汽发社区B楼,114.412274,30.50716,珞喻路与关山大道交叉口西100米,住宅小区,,120302,商务住宅,住宅区,住宅小区
康园教师住宅小区A区,114.403735,30.513609,红棉路与西五路交叉口西140米,住宅小区,,120302,商务住宅,住宅区,住宅小区
华润光谷长动项目,114.415022,30.503489,关山大道与常青藤路交叉口东200米,住宅小区,,120302,商务住宅,住宅区,住宅小区
中建三局二公司3基地北区,114.402696,30.513724,鲁磨路,住宅小区,,120302,商务住宅,住宅区,住宅小区
泛悦城,114.41554,30.504893,关山大道45号(华中科技大学地铁站B口步行100米),住宅小区,,120302,商务住宅,住宅区,住宅小区
大业花苑,114.402821,30.514512,鲁磨路土库村188号,住宅小区,,120302,商务住宅,住宅区,住宅小区
泛悦城2期,114.41634,30.504577,鲁林路与鲁阳东街交叉口西220米,住宅小区,,120302,商务住宅,住宅区,住宅小区
泛悦城1期,114.416569,30.504116,鲁林路与鲁阳东街交叉口西200米,住宅小区,,120302,商务住宅,住宅区,住宅小区
南青公寓,114.403235,30.515224,石林西路与华科大西路交叉口西北20米,住宅小区,,120302|100200,商务住宅,住宅区,住宅小区
中建东湖明珠,114.402116,30.515648,华科大西路与大业花园路交叉口西北60米,住宅小区,,120302,商务住宅,住宅区,住宅小区
剑桥春天西区,114.417785,30.505856,珞喻东路76号(华中科技大学地铁站C口步行470米),住宅小区,,120302,商务住宅,住宅区,住宅小区
人防院,114.401341,30.515748,华科大西路与鲁磨路交叉口东北100米,住宅小区,,120302,商务住宅,住宅区,住宅小区
晶华臻宝,114.401131,30.515969,华科大西路与鲁磨路交叉口东北120米,住宅小区,,120302,商务住宅,住宅区,住宅小区
卧龙剑桥春天3期,114.418291,30.506407,鲁林路与珞喻路交叉口西南80米,住宅小区,,120302,商务住宅,住宅区,住宅小区
卧龙剑桥春天A区,114.418525,30.506475,鲁林路与珞喻路交叉口西南60米,住宅小区,,120302,商务住宅,住宅区,住宅小区
喻家山庄,114.406716,30.517158,鲁磨路338号,住宅小区,,120302,商务住宅,住宅区,住宅小区
剑桥春天,114.419585,30.505611,珞瑜东路76号(光谷大道地铁站A口步行500米),住宅小区,,120302,商务住宅,住宅区,住宅小区
剑桥立方寓,114.419542,30.506293,珞瑜路剑桥汇(光谷大道地铁站A口步行490米),住宅小区,,120302,商务住宅,住宅区,住宅小区
中航工业武仪阳光社区,114.398643,30.516424,鲁磨路397号,住宅小区,,120302,商务住宅,住宅区,住宅小区
剑桥春天1期,114.419807,30.506112,珞瑜东路(华中科技大学地铁站C口步行440米),住宅小区,,120302,商务住宅,住宅区,住宅小区
华城花园,114.420023,30.507736,珞喻路1039号(光谷大道地铁站D口步行350米),住宅小区,,120302,商务住宅,住宅区,住宅小区
金地光谷世家-北区,114.420599,30.504121,鲁阳东街与鲁林路交叉口东200米,住宅小区,,120302,商务住宅,住宅区,住宅小区
剑桥春天东区,114.420672,30.505469,珞喻路888号(光谷大道地铁站A口步行230米),住宅小区,,120302,商务住宅,住宅区,住宅小区
闽商·世家荟,114.421609,30.503549,鲁阳东街与光谷大道辅路交叉口西160米,住宅小区,,120302,商务住宅,住宅区,住宅小区
光谷8号小区1期,114.42247,30.504751,光谷大道与珞喻路辅路交叉口西南220米,住宅小区,,120302,商务住宅,住宅区,住宅小区
光谷8号小区,114.422447,30.503461,光谷大道与珞喻东路交叉口,住宅小区,,120302,商务住宅,住宅区,住宅小区
东湖广场,114.421293,30.50749,关山珞喻路1077号(光谷大道地铁站D口步行180米),住宅小区,,120302,商务住宅,住宅区,住宅小区
华乐花园,114.426047,30.507171,珞喻东路189号(光谷大道地铁站C口步行200米),住宅小区,,120302,商务住宅,住宅区,住宅小区
虹景花园A区,114.42306,30.51007,喻家湖路9号(光谷大道地铁站D口步行400米),住宅小区,,120302,商务住宅,住宅区,住宅小区
金地·华公馆,114.425766,30.508894,喻家湖路12附7(光谷大道地铁站C口步行320米),住宅小区,,120302,商务住宅,住宅区,住宅小区
学府佳园四区,114.426636,30.502228,学府佳园(佳园路)附近,住宅小区,,120302,商务住宅,住宅区,住宅小区
南益巴黎豪庭,114.427453,30.504503,珞喻东路2号(光谷大道地铁站B口步行190米),住宅小区,,120302,商务住宅,住宅区,住宅小区
学府佳园C区,114.427675,30.502275,佳园路与木香路交叉口西320米,住宅小区,,120302,商务住宅,住宅区,住宅小区
虹景花园,114.423339,30.511584,关山口华工隔壁,住宅小区,,120302,商务住宅,住宅区,住宅小区
汇博苑,114.424211,30.511714,喻家湖路(虹景花园旁边),住宅小区,,120302,商务住宅,住宅区,住宅小区
学府佳园三区,114.428113,30.501807,佳园路与木香路交叉口西300米,住宅小区,,120302,商务住宅,住宅区,住宅小区
关山街关山口社区,114.428622,30.50729,珞瑜东路199号(光谷大道地铁站C口步行320米),住宅小区,,120302,商务住宅,住宅区,住宅小区
学府佳园,114.428561,30.50201,关东园路6号(佳园路地铁站A口步行150米),住宅小区,,120302,商务住宅,住宅区,住宅小区
联投喻园,114.427702,30.510291,喻家湖东路,住宅小区,,120302,商务住宅,住宅区,住宅小区
学府佳园二区,114.42978,30.502288,佳园路与木香路交叉口西120米,住宅小区,,120302,商务住宅,住宅区,住宅小区
学府佳园一区,114.429871,30.501324,佳园路与月桂路交叉口西120米,住宅小区,,120302,商务住宅,住宅区,住宅小区
虹景花园C区,114.423974,30.513719,喻家湖路9号,住宅小区,,120302,商务住宅,住宅区,住宅小区
华中科技大学东校区生活区,114.431413,30.506143,佳园路与珞喻东路交叉口北20米,住宅小区,,120302,商务住宅,住宅区,住宅小区
七号地块,114.432222,30.500697,月桂路与百合路交叉口西南100米,住宅小区,,120302,商务住宅,住宅区,住宅小区
喻园小区一期,114.424554,30.51661,喻园一期与喻家湖路辅路交叉口西200米,住宅小区,,120302,商务住宅,住宅区,住宅小区
喻园小区,114.42418,30.516855,喻家湖路,住宅小区,,120302,商务住宅,住宅区,住宅小区
中铁二局生活区,114.427625,30.515975,喻家湖路辅路与喻园一期交叉口东100米,住宅小区,,120302|120303,商务住宅,住宅区,住宅小区
新家园小区,114.434875,30.505325,珞喻东路与吹笛路交叉口西60米,住宅小区,,120302,商务住宅,住宅区,住宅小区
新嘉园,114.434955,30.504779,珞喻东路8号,住宅小区,,120302,商务住宅,住宅区,住宅小区
喻园小区二期,114.422755,30.517782,喻家湖路喻园二期3栋2期,住宅小区,,120302,商务住宅,住宅区,住宅小区
金色港湾,114.178821,30.519696,东风大道68号(三角湖地铁站C口步行80米),住宅小区,,120302,商务住宅,住宅区,住宅小区
金色港湾3期,114.17897,30.518618,太子湖北路与东风大道交叉口北220米,住宅小区,,120302,商务住宅,住宅区,住宅小区
中恒·云天国际,114.181719,30.521271,东风大道50号附近,住宅小区,,120302,商务住宅,住宅区,住宅小区
金色港湾卡璞瑞岛,114.177317,30.519554,太子湖北路与东风大道交叉口西北400米,住宅小区,,120302,商务住宅,住宅区,住宅小区
嘎纳印象,114.182198,30.521864,东风大道,住宅小区,,120302,商务住宅,住宅区,住宅小区
金色港湾波西塔诺,114.180654,30.522806,三环线辅路与东风大道交叉口西460米,住宅小区,,120302,商务住宅,住宅区,住宅小区
普天居贤院2期,114.183882,30.519689,东风大道与三环线辅路交叉口西南440米,住宅小区,,120302,商务住宅,住宅区,住宅小区
金色港湾四期,114.18055,30.523341,龙阳大道236号,住宅小区,,120302,商务住宅,住宅区,住宅小区
普天居贤院,114.184016,30.519469,东风大道53号(三角湖地铁站B口步行470米),住宅小区,,120302,商务住宅,住宅区,住宅小区
观澜太子湖,114.184804,30.52054,东风大道高架桥与汪家嘴立交交叉口南200米,住宅小区,,120302,商务住宅,住宅区,住宅小区
中环湖畔,114.186165,30.526151,沌口东风大道48号(汉阳客运站地铁站A口步行220米),住宅小区,,120302,商务住宅,住宅区,住宅小区
湖北路桥大厦保障性租赁住房,114.186766,30.527172,新华园路与工业园东路交叉口南140米,住宅小区,,120302,商务住宅,住宅区,住宅小区
地铁盛观尚城,114.179921,30.529624,武汉经济技术开发区新华园路3号,住宅小区,,120302,商务住宅,住宅区,住宅小区
盛观尚城1期,114.179425,30.530375,新华园路与新华园三路交叉口南200米,住宅小区,,120302,商务住宅,住宅区,住宅小区
新华社区,114.183975,30.529825,新华园二路与四新南路交叉口南260米,住宅小区,,120302,商务住宅,住宅区,住宅小区
吉星锦程,114.187227,30.528604,沌阳街道中环湖畔经开未来城,住宅小区,,120302,商务住宅,住宅区,住宅小区
新华社区一区,114.19171,30.524621,新华村路与四新南路交叉口南280米,住宅小区,,120302,商务住宅,住宅区,住宅小区
汉阳国际公寓,114.187946,30.529291,龙阳大道与芳草一路交汇处(升官渡社区对面),住宅小区,,120302,商务住宅,住宅区,住宅小区
蓝月城,114.189075,30.528825,四新南路与龙阳大道交叉口西60米,住宅小区,,120302,商务住宅,住宅区,住宅小区
金盛国际荣力广场,114.188775,30.529725,四新南路与墨竹路交叉口东100米,住宅小区,,120201|120302,商务住宅,楼宇,商务写字楼
新华社区二区,114.194231,30.523716,新华村路与四新南路交叉口东南400米,住宅小区,,120302,商务住宅,住宅区,住宅小区
新华社区,114.19444,30.523394,沌阳街,住宅小区,,120302,商务住宅,住宅区,住宅小区
青澳·都市尚巢,114.187453,30.531378,四新南路(汉阳客运站地铁站C口步行380米),住宅小区,,120302,商务住宅,住宅区,住宅小区
叠墅,114.185525,30.532275,四新南路与车友路交叉口东140米,住宅小区,,120302,商务住宅,住宅区,住宅小区
武汉·雍禧兰台,114.180567,30.533179,经开区四新南路943号,住宅小区,,120302,商务住宅,住宅区,住宅小区
升官渡社区,114.191194,30.529022,四新南路910号(汉阳客运站地铁站B口步行200米),住宅小区,,120302,商务住宅,住宅区,住宅小区
新城佳苑,114.183075,30.533175,四新南路与车友路交叉口西北140米,住宅小区,,120302,商务住宅,住宅区,住宅小区
开来·都市丰景,114.1995,30.52144,芳草路111号,住宅小区,,120302,商务住宅,住宅区,住宅小区
太子尚品B区,114.200575,30.518175,芳草五街与墨子路交叉口西200米,住宅小区,,120302,商务住宅,住宅区,住宅小区
金太阳米兰小镇东区,114.197151,30.525078,龙阳大道芳草路3号,住宅小区,,120302,商务住宅,住宅区,住宅小区
新城璟棠,114.201707,30.519675,四新南路与墨子路交叉口,住宅小区,,120302,商务住宅,住宅区,住宅小区
方岛金茂智慧科学城A7地块,114.201478,30.523228,四新南路842号,住宅小区,,120302|120100,商务住宅,住宅区,住宅小区
金太阳米兰小镇西区,114.19487,30.526588,四新南路906号,住宅小区,,120302,商务住宅,住宅区,住宅小区
海格公馆,114.203403,30.521939,四新中路凤凰湖公园,住宅小区,,120302,商务住宅,住宅区,住宅小区
方岛金茂智慧科学城A4地块,114.20202,30.525064,凤凰湖环路,住宅小区,,120302,商务住宅,住宅区,住宅小区
翰林苑小区,114.194415,30.528055,汉阳沌口龙阳大道升官渡小区旁,住宅小区,,120302,商务住宅,住宅区,住宅小区
中关村·动漫城,114.199531,30.527496,芳草路与四新大道交叉口西南角(04B9地块),住宅小区,,120302,商务住宅,住宅区,住宅小区
方岛金茂智慧科学城A5地块,114.204243,30.524195,芳草三街与芳草东路交叉口东南140米,住宅小区,,120302,商务住宅,住宅区,住宅小区
四新方岛A3地块项目,114.204859,30.526568,芳草路107号,住宅小区,,120302,商务住宅,住宅区,住宅小区
新昕广场,114.195028,30.531079,四新大道与汉城路交叉口西120米,住宅小区,,120302,商务住宅,住宅区,住宅小区
新区汉桨OPC社区,114.201976,30.530095,四新大道606号新城阳光国际广场G栋19-23层,住宅小区,,120302,商务住宅,住宅区,住宅小区
新城阳光国际广场一期国创星寓,114.199646,30.531105,芳草西路与芳草二街交叉口西南80米,住宅小区,,120302,商务住宅,住宅区,住宅小区
武汉青悦城,114.200675,30.530956,四新大道与汉城路交汇处东150米,住宅小区,,120302,商务住宅,住宅区,住宅小区
誉城千里,114.197627,30.531822,四新大道与汉城路交叉口东100米,住宅小区,,120302,商务住宅,住宅区,住宅小区
青年说,114.191063,30.532295,经济技术开发区东风大道2号,住宅小区,,120302,商务住宅,住宅区,住宅小区
武汉恒大珺睿,114.19637,30.533055,四新大道与龙阳大道交会处,住宅小区,,120302,商务住宅,住宅区,住宅小区
上坤·云启都会,114.201255,30.532018,芳草西路,住宅小区,,120302,商务住宅,住宅区,住宅小区
方岛金茂智慧科学城(建设中),114.202807,30.524776,芳草路与四新大道交叉口,住宅小区,,120302,商务住宅,住宅区,住宅小区
方岛金茂晓棠(建设中),114.202722,30.526362,芳草三街与芳草东路交叉口西北140米,住宅小区,,120302,商务住宅,住宅区,住宅小区
金茂观棠(建设中),114.204945,30.52556,四新大道与凤凰湖环路交叉口西100米,住宅小区,,120302,商务住宅,住宅区,住宅小区
凤凰小城,114.218257,30.52239,梅林西路13号,住宅小区,,120302,商务住宅,住宅区,住宅小区
星光国际3期,114.21895,30.523112,梅林二街与凤凰湖环路交叉口东南60米,住宅小区,,120302,商务住宅,住宅区,住宅小区
悦澜天地,114.214652,30.527629,凤凰湖环路与总港路交叉口东北100米,住宅小区,,120302,商务住宅,住宅区,住宅小区
绿地·悦澜湾,114.216064,30.527081,四新北路601号,住宅小区,,120302,商务住宅,住宅区,住宅小区
欣隆·一号公馆,114.220049,30.521738,江城大道358号,住宅小区,,120302,商务住宅,住宅区,住宅小区
绿地·悦澜湾一期,114.217177,30.526467,四新北路与凤仪路交叉口东南200米,住宅小区,,120302,商务住宅,住宅区,住宅小区
悦澜天地2期,114.214175,30.528375,四新北路与总港路交叉口南80米,住宅小区,,120302,商务住宅,住宅区,住宅小区
星光国际1期,114.219273,30.524495,梅林西路与四新北路交叉口西南约80米,住宅小区,,120302,商务住宅,住宅区,住宅小区
星光国际,114.219931,30.52398,四新北路356号,住宅小区,,120302,商务住宅,住宅区,住宅小区
星光国际2期,114.220689,30.523404,江城大道与四新北路交汇处西南角,住宅小区,,120302,商务住宅,住宅区,住宅小区
海伦堡·海悦世界,114.222164,30.520006,江城大道358号,住宅小区,,120302,商务住宅,住宅区,住宅小区
招商·樾望西区,114.208954,30.530505,芳草东路与四新北路交叉口南160米,住宅小区,,120302,商务住宅,住宅区,住宅小区
观澜国际1期,114.221225,30.524775,四新北路与梅林西路交叉口东80米,住宅小区,,120302,商务住宅,住宅区,住宅小区
太子水榭,114.218623,30.528323,四新街道四新大道四新北路100号,住宅小区,,120302,商务住宅,住宅区,住宅小区
纽宾凯国际社区·锦城,114.205982,30.530638,芳草东路与凤凰湖环路交叉口西北140米,住宅小区,,120302,商务住宅,住宅区,住宅小区
观澜国际,114.22154,30.52557,江城大道与四新北路交汇处,住宅小区,,120302,商务住宅,住宅区,住宅小区
四新中央生活区,114.223564,30.521855,梅林二街与梅林东路交叉口西北120米,住宅小区,,120302,商务住宅,住宅区,住宅小区
总港西岸社区,114.207915,30.53175,四新北路与芳草东路交叉口西60米,住宅小区,,120302,商务住宅,住宅区,住宅小区
中国铁建·御湖,114.210653,30.531957,四新地区管委会四新北路680号,住宅小区,,120302,商务住宅,住宅区,住宅小区
里仁楼,114.21607,30.53108,芳草一街与凤仪路交叉口西180米,住宅小区,,120302,商务住宅,住宅区,住宅小区
光明上海府邸二期,114.224357,30.519392,子期路与梅林三街交叉口北160米,住宅小区,,120302,商务住宅,住宅区,住宅小区
汉City国际社区,114.206568,30.532094,芳草路与四新北路交汇处,住宅小区,,120302,商务住宅,住宅区,住宅小区
光明上海府邸,114.224444,30.51947,江城大道与四新北路交汇处,住宅小区,,120302,商务住宅,住宅区,住宅小区
锦城公寓,114.204025,30.531375,芳草路与四新北路交叉口南140米,住宅小区,,120302|100200,商务住宅,住宅区,住宅小区
上海府邸南区,114.224629,30.519731,梅林东路与梅林二街交叉口南140米,住宅小区,,120302,商务住宅,住宅区,住宅小区
阳小寓四新生活区,114.224677,30.521553,梅林东路与四新北路辅路交叉口南80米,住宅小区,,120302,商务住宅,住宅区,住宅小区
十里铺城中村2期,114.204975,30.532075,芳草路与四新北路交叉口东南60米,住宅小区,,120302,商务住宅,住宅区,住宅小区
纽宾凯国际社区,114.20703,30.53261,四新北路与芳草东路交叉口西北160米,住宅小区,,120302,商务住宅,住宅区,住宅小区
光明上海府邸一期,114.225697,30.521098,四新北路,住宅小区,,120302,商务住宅,住宅区,住宅小区
武汉正荣府,114.227996,30.520198,连通港西路29号,住宅小区,,120302,商务住宅,住宅区,住宅小区
华公馆(汉阳店),114.22943,30.521313,四新北路鲤鱼洲家园,住宅小区,,120302,商务住宅,住宅区,住宅小区
汉阳·澍,114.225629,30.524205,江城大道与四新北路交汇处,住宅小区,,120302,商务住宅,住宅区,住宅小区
泰璟,114.22985,30.52105,连通港西路与四新北路交叉口北40米,住宅小区,,120302,商务住宅,住宅区,住宅小区
鲤鱼洲家园,114.228636,30.523069,四新北路北50米,住宅小区,,120302,商务住宅,住宅区,住宅小区
鲤跃龙门,114.232396,30.526576,连通港西路9号,住宅小区,,120302,商务住宅,住宅区,住宅小区
兴华·御水华城,114.234495,30.525933,,住宅小区,,120302,商务住宅,住宅区,住宅小区
招商公园1872瑞府,114.223491,30.530973,江城大道296号,住宅小区,,120302,商务住宅,住宅区,住宅小区
卧龙·墨水湖边2期,114.23179,30.529906,卧龙墨水湖边,住宅小区,,120302,商务住宅,住宅区,住宅小区
卧龙·墨水湖边1期,114.230374,30.530573,江城大道201号,住宅小区,,120302,商务住宅,住宅区,住宅小区
招商公园1872尚府,114.221769,30.531596,凤起路与书台路交叉口东北140米,住宅小区,,120302,商务住宅,住宅区,住宅小区
武汉市第三寄宿中学小巷家属院,114.239025,30.519025,汉新大道与江堤中路交叉口西200米,住宅小区,,120302,商务住宅,住宅区,住宅小区
卧龙·墨水湖边3期,114.234519,30.529169,连通港西路与墨水湖南路交汇处,住宅小区,,120302,商务住宅,住宅区,住宅小区
御水澜湾2期,114.235825,30.528075,连通港西路与三青路交叉口东北160米,住宅小区,,120302,商务住宅,住宅区,住宅小区
尚府3期,114.222625,30.532175,凤举路与三青路交叉口西80米,住宅小区,,120302,商务住宅,住宅区,住宅小区
招商公园1872茂园,114.224913,30.532632,四新地区管委会江城大道288号招商公园1872小区,住宅小区,,120302,商务住宅,住宅区,住宅小区
兴华御水澜湾3期,114.236125,30.528875,连通港西路与墨水湖南路交叉口南120米,住宅小区,,120302,商务住宅,住宅区,住宅小区
招商公园1872怡府,114.220028,30.532466,凤仪路与书台路交叉口东160米,住宅小区,,120302,商务住宅,住宅区,住宅小区
墨南湖畔社区,114.218879,30.532187,凤仪路6号,住宅小区,,120302,商务住宅,住宅区,住宅小区
向阳庭苑,114.243595,30.522271,江堤中路17号,住宅小区,,120302,商务住宅,住宅区,住宅小区
弘阳印月府1期,114.239375,30.525425,三青路与连通港路交叉口东100米,住宅小区,,120302,商务住宅,住宅区,住宅小区
荷塘花语·臻院,114.246416,30.518986,江英路6号向阳体育公园内(西南角),住宅小区,,120302,商务住宅,住宅区,住宅小区
弘阳印月府,114.241328,30.525921,墨水湖南路6号,住宅小区,,120302,商务住宅,住宅区,住宅小区
汉博佳园,114.244929,30.524916,江堤街办事处江堤中路向阳四村,住宅小区,,120302,商务住宅,住宅区,住宅小区
汉博佳园3期,114.244575,30.525325,江堤中路与墨水湖南路交叉口南160米,住宅小区,,120302,商务住宅,住宅区,住宅小区
弘阳印月府2期,114.241475,30.526875,墨水湖南路与连通港路交叉口东南180米,住宅小区,,120302,商务住宅,住宅区,住宅小区
前进嘉园B区,114.248951,30.520692,夹河路与倒口南村路交叉口南240米,住宅小区,,120302,商务住宅,住宅区,住宅小区
向阳雅居,114.248985,30.522116,洲头街办事处鹦鹉大道洲头街倒口南村,住宅小区,,120302,商务住宅,住宅区,住宅小区
向阳四村,114.245925,30.526425,墨水湖南路与江堤中路交叉口东160米,住宅小区,,120302,商务住宅,住宅区,住宅小区
境湖玥,114.243907,30.52785,江堤中路与墨水湖南路交叉口北140米,住宅小区,,120302,商务住宅,住宅区,住宅小区
汉阳墨水湖南路P(2023)040号地块,114.243917,30.527894,汉阳区江堤中路以西、墨水湖南路以北,住宅小区,,120302,商务住宅,住宅区,住宅小区
向阳小区,114.249813,30.521654,鹦鹉大道倒口南村211号附4号,住宅小区,,120302,商务住宅,住宅区,住宅小区
前进小区,114.249975,30.523089,倒口西村366号(前进村地铁站C口步行440米),住宅小区,,120302,商务住宅,住宅区,住宅小区
物业小区,114.250657,30.521192,洲头四路与向阳东路交叉口西南200米,住宅小区,,120302,商务住宅,住宅区,住宅小区
新城·春天里,114.24293,30.528911,江堤中路与江欣苑路交汇处,住宅小区,,120302,商务住宅,住宅区,住宅小区
江博小区,114.246567,30.527554,江堤中路13号,住宅小区,,120302,商务住宅,住宅区,住宅小区
鹦鹉名邸南区,114.248725,30.526488,江永堤路与江欣苑路交叉口西140米,住宅小区,,120302,商务住宅,住宅区,住宅小区
向阳社区,114.25165,30.521152,天创长江云栖风华8栋底商,住宅小区,,120302,商务住宅,住宅区,住宅小区
鹦鹉名邸,114.248955,30.526756,江欣苑路2号,住宅小区,,120302,商务住宅,住宅区,住宅小区
天创长江云栖风华,114.251908,30.520453,鹦鹉大道与向阳西路交叉口以北,住宅小区,,120302,商务住宅,住宅区,住宅小区
前进嘉园,114.25104,30.524233,洲头四路与夹河路交叉口东80米,住宅小区,,120302,商务住宅,住宅区,住宅小区
天创云栖枫华,114.252575,30.519575,鹦鹉大道与洲头南路交叉口东北80米,住宅小区,,120302,商务住宅,住宅区,住宅小区
蓝天雅苑,114.252199,30.522926,洲头四路10号(前进村地铁站C口步行260米),住宅小区,,120302,商务住宅,住宅区,住宅小区
前进嘉园A区,114.251798,30.524415,夹河路355号(前进村地铁站C口步行460米),住宅小区,,120302,商务住宅,住宅区,住宅小区
鹦鹉名邸北区,114.249648,30.527598,江欣苑路与江永堤路交叉口西北120米,住宅小区,,120302,商务住宅,住宅区,住宅小区
国球进社区,114.245878,30.530565,江堤中路3号,住宅小区,,120302,商务住宅,住宅区,住宅小区
墨湖别院,114.243865,30.531258,江堤中路特6号,住宅小区,,120302,商务住宅,住宅区,住宅小区
万福国际广场二期,114.253016,30.523875,洲头中路与洲头三路交叉口西60米,住宅小区,,120302,商务住宅,住宅区,住宅小区
万福国际广场,114.253471,30.522918,鹦鹉街办事处鹦鹉大道518号,住宅小区,,120302,商务住宅,住宅区,住宅小区
万福国际广场一期,114.253791,30.522346,洲头三路与洲头中路交叉口南140米,住宅小区,,120302,商务住宅,住宅区,住宅小区
江欣苑,114.248233,30.52997,江堤中路11号,住宅小区,,120302,商务住宅,住宅区,住宅小区
滨江·怡畅园,114.254191,30.519125,鹦鹉大道373号(前进村地铁站B口旁),住宅小区,,120302,商务住宅,住宅区,住宅小区
三里民居,114.25081,30.528838,江堤街办事处江堤中路,住宅小区,,120302,商务住宅,住宅区,住宅小区
万福里,114.254753,30.522148,鹦鹉大道与洲头三路交叉口西80米,住宅小区,,120302,商务住宅,住宅区,住宅小区
万福里顾客服务中心,114.254753,30.522148,鹦鹉大道518号万福国际广场F1层,住宅小区,,120302,商务住宅,住宅区,住宅小区
洲头二村,114.254013,30.525274,洲头一路与红建街交叉口南80米,住宅小区,,120302,商务住宅,住宅区,住宅小区
长新社区,114.255336,30.520848,鹦鹉大道351号(前进村地铁站B口步行130米),住宅小区,,120302,商务住宅,住宅区,住宅小区
保和墨水湾,114.245666,30.532487,江欣苑路25-1号附近,住宅小区,,120302,商务住宅,住宅区,住宅小区
芳草苑,114.256553,30.519943,鹦鹉大道与两湖路交汇处往东约150米,住宅小区,,120302,商务住宅,住宅区,住宅小区
长航新村,114.256703,30.521223,鹦鹉大道357号(前进村地铁站B口步行410米),住宅小区,,120302,商务住宅,住宅区,住宅小区
铝厂小区,114.255983,30.52188,两湖路铝厂小区附近(前进村地铁站B口步行380米),住宅小区,,120302,商务住宅,住宅区,住宅小区
港务村,114.257221,30.520913,洲头街办事处(前进村地铁站B口步行450米),住宅小区,,120302,商务住宅,住宅区,住宅小区
皇冠幸福里(建港路店),114.255377,30.522742,鹦鹉大道504号瑶琦园1、2栋1层17室,住宅小区,,120302|050800,商务住宅,住宅区,住宅小区
瑶绮园,114.255235,30.523102,鹦鹉大道建港下车前行50米,住宅小区,,120302,商务住宅,住宅区,住宅小区
龙湖春江彼岸,114.257723,30.522273,新港西路(建港地铁站A口步行490米),住宅小区,,120302,商务住宅,住宅区,住宅小区
滨江·金茂府,114.25902,30.518836,晴川大道65号,住宅小区,,120302,商务住宅,住宅区,住宅小区
知音人才公寓(洲头街道),114.258475,30.522175,新港西路与晴川大道交叉口西100米,住宅小区,,120302,商务住宅,住宅区,住宅小区
两湖小区,114.256101,30.523774,洲头街办事处(建港地铁站D口步行380米),住宅小区,,120302,商务住宅,住宅区,住宅小区
复地·海上海E地块,114.260225,30.520394,新港西路与晴川大道交叉口南160米,住宅小区,,120302,商务住宅,住宅区,住宅小区
新港长江城,114.258394,30.52358,洲头街街道建港路1号,住宅小区,,120302,商务住宅,住宅区,住宅小区
复地·海上海,114.260633,30.520743,建港路1号,住宅小区,,120302,商务住宅,住宅区,住宅小区
二院小区,114.256845,30.524686,鹦鹉大道498号(建港地铁站D口步行280米),住宅小区,,120302,商务住宅,住宅区,住宅小区
复地·海上海C地块,114.261187,30.521326,新港西路与芳洲路交叉口西北140米,住宅小区,,120302,商务住宅,住宅区,住宅小区
红建村194号,114.254752,30.527561,建港路194号,住宅小区,,120302,商务住宅,住宅区,住宅小区
轻工业设计院小区,114.260843,30.526303,杨泗港路3号(建港地铁站B口步行100米),住宅小区,,120302,商务住宅,住宅区,住宅小区
杨泗港小区,114.26102,30.526569,杨泗路与鹦鹉大道交叉口东南100米,住宅小区,,120302,商务住宅,住宅区,住宅小区
桥机小区,114.258397,30.527847,鹦鹉大道474号(建港地铁站D口步行200米),住宅小区,,120302,商务住宅,住宅区,住宅小区
瓜堤庭院,114.262088,30.526273,建港三路36(建港地铁站B口步行250米),住宅小区,,120302,商务住宅,住宅区,住宅小区
汉阳区鹦鹉街桥机三小区,114.260088,30.527903,鹦鹉大道与杨泗路交叉口西北80米,住宅小区,,120302,商务住宅,住宅区,住宅小区
路桥小区,114.261449,30.527146,鹦鹉大道285号(建港地铁站B口步行110米),住宅小区,,120302,商务住宅,住宅区,住宅小区
桥机新村,114.260129,30.527937,鹦鹉街办事处鹦鹉大道(建港地铁站C口步行60米),住宅小区,,120302,商务住宅,住宅区,住宅小区
桥机嘉园北区,114.257953,30.529323,桥机横路与红建路交叉口东北120米,住宅小区,,120302,商务住宅,住宅区,住宅小区
桥机嘉园,114.258985,30.529186,桥机横路3-1号附近,住宅小区,,120302,商务住宅,住宅区,住宅小区
芳卉园1期,114.262978,30.527056,杨泗路与晴川大道交叉口北180米,住宅小区,,120302,商务住宅,住宅区,住宅小区
桥机嘉园2期,114.259445,30.529113,桥机横路与桥机路交叉口南180米,住宅小区,,120302,商务住宅,住宅区,住宅小区
桥机嘉园南区,114.259542,30.529091,桥机横路与桥机路交叉口南约40米,住宅小区,,120302,商务住宅,住宅区,住宅小区
汉阳新港长江城P(2023)042号地块,114.265377,30.525196,汉阳区新港长江城鹦鹉大道以东片AO地块,住宅小区,,120302,商务住宅,住宅区,住宅小区
芳卉园4期,114.264428,30.52696,晴川大道与锦绣路交叉口西南180米,住宅小区,,120302,商务住宅,住宅区,住宅小区
汉阳1889小区,114.257028,30.530708,夹河路111号,住宅小区,,120302,商务住宅,住宅区,住宅小区
芳卉园,114.263858,30.527964,鹦鹉街办事处鹦鹉大道281号,住宅小区,,120302,商务住宅,住宅区,住宅小区
铉龙城,114.252267,30.530782,三里坡路与江永堤路交叉口北140米,住宅小区,,120302,商务住宅,住宅区,住宅小区
合汇景苑南区,114.258811,30.530633,桥机横路与桥机路交叉口西100米,住宅小区,,120302,商务住宅,住宅区,住宅小区
金桥·港湾花园,114.261137,30.529953,鹦鹉街办事处鹦鹉大道446号杨泗庙,住宅小区,,120302,商务住宅,住宅区,住宅小区
鹦鹉大道小区,114.262972,30.529347,鹦鹉大道与桥机路交叉口东80米,住宅小区,,120302,商务住宅,住宅区,住宅小区
江腾苑D区,114.253889,30.531827,江堤街办事处江堤街道江堤社区马鹦路,住宅小区,,120302,商务住宅,住宅区,住宅小区
合汇景苑,114.259541,30.531544,鹦鹉大道448号,住宅小区,,120302,商务住宅,住宅区,住宅小区
水木廷苑2期,114.262075,30.530775,鹦鹉大道与锦绣路交叉口西160米,住宅小区,,120302,商务住宅,住宅区,住宅小区
新城丽景B区,114.250636,30.531835,江堤街办事处江堤中路江欣苑五期,住宅小区,,120302,商务住宅,住宅区,住宅小区
金桥·港湾花园水木廷苑,114.261481,30.531225,夹河路107号东南方向130米,住宅小区,,120302,商务住宅,住宅区,住宅小区
合汇景苑北区,114.26009,30.532225,桥机路与桥机横路交叉口北160米,住宅小区,,120302,商务住宅,住宅区,住宅小区
桥机二小区,114.263125,30.530975,鹦鹉大道与锦绣路交叉口西60米,住宅小区,,120302,商务住宅,住宅区,住宅小区
新城丽景,114.24966,30.532389,江堤中路7号,住宅小区,,120302,商务住宅,住宅区,住宅小区
锦绣雅苑,114.259085,30.532861,夹河路与桥机路交叉口东约160米,住宅小区,,120302,商务住宅,住宅区,住宅小区
世茂锦绣长江3期,114.265669,30.530491,晴川大道198号,住宅小区,,120302,商务住宅,住宅区,住宅小区
锦绣长江,114.266519,30.53106,鹦鹉大道271号,住宅小区,,120302,商务住宅,住宅区,住宅小区
世茂锦绣长江6期,114.270366,30.532897,阳新路与鹦鹉路交叉口东北120米,住宅小区,,120302,商务住宅,住宅区,住宅小区
融创望江府,114.289713,30.521029,长江路88号,住宅小区,,120302,商务住宅,住宅区,住宅小区
汉悦公寓(望江府店),114.29029,30.521479,堤东街422号,住宅小区,,120302,商务住宅,住宅区,住宅小区
融创望江府闸口,114.289565,30.523834,毛家巷正街与毛家巷交叉口西南180米,住宅小区,,120302,商务住宅,住宅区,住宅小区
山河·江景阁,114.292335,30.523611,毛家巷正街与武金堤路交叉口北160米,住宅小区,,120302,商务住宅,住宅区,住宅小区
湖北省船宿舍,114.294399,30.519432,武金提路与江安路交叉口东120米(江安路地铁站B口旁),住宅小区,,120302,商务住宅,住宅区,住宅小区
梅花苑小区,114.293296,30.523892,武昌解放桥白沙洲,住宅小区,,120302,商务住宅,住宅区,住宅小区
堤东社区,114.29406,30.522377,武金堤路与毛家巷正街交叉口东180米,住宅小区,,120302,商务住宅,住宅区,住宅小区
平房小区,114.294956,30.521523,堤东街511号,住宅小区,,120302,商务住宅,住宅区,住宅小区
万福广场,114.295264,30.520699,堤东大楼(东门)附近,住宅小区,,120302,商务住宅,住宅区,住宅小区
武庆花园,114.294656,30.523937,武庆堤45,住宅小区,,120302,商务住宅,住宅区,住宅小区
堤东大楼(万福林),114.295681,30.521219,白沙洲街办事处,住宅小区,,120302,商务住宅,住宅区,住宅小区
武汉市武昌区白沙洲街阳光家园,114.29439,30.524904,二环线辅路与玻璃厂横街交叉口东南40米,住宅小区,,120302,商务住宅,住宅区,住宅小区
解放桥小区,114.295448,30.524536,玻璃厂横街1号,住宅小区,,120302,商务住宅,住宅区,住宅小区
八铺街社区,114.296162,30.524398,宝善堤与八铺街交叉口东20米,住宅小区,,120302,商务住宅,住宅区,住宅小区
滨江智洲,114.294775,30.526725,解放路与巡司河街交叉口南160米,住宅小区,,120302,商务住宅,住宅区,住宅小区
锦泓嘉寓,114.296814,30.523802,解放桥小区附近,住宅小区,,120302,商务住宅,住宅区,住宅小区
望江公寓,114.294577,30.527373,鲇鱼套街25号,住宅小区,,120302,商务住宅,住宅区,住宅小区
武汉长江天地珺廷,114.295833,30.526361,解放桥8号,住宅小区,,120302,商务住宅,住宅区,住宅小区
兴隆街小区,114.298327,30.524025,新桥街与兴隆街交叉口西20米,住宅小区,,120302,商务住宅,住宅区,住宅小区
汇文新都A区,114.297205,30.526743,巡司河街4号,住宅小区,,120302,商务住宅,住宅区,住宅小区
汇文新都,114.297221,30.526739,巡司河街4号,住宅小区,,120302,商务住宅,住宅区,住宅小区
福星苑,114.296774,30.527527,巡司河路1-7号,住宅小区,,120302,商务住宅,住宅区,住宅小区
长江新天地江屿,114.295675,30.528957,解放路25号,住宅小区,,120302,商务住宅,住宅区,住宅小区
望山门新都,114.296215,30.529151,解放路4号,住宅小区,,120302,商务住宅,住宅区,住宅小区
世纪新长江,114.301173,30.520306,复兴路与白沙洲大道交叉口东北80米,住宅小区,,120302,商务住宅,住宅区,住宅小区
九龙涺,114.30209,30.520583,白沙洲街办事处武泰闸九龙大酒店旁,住宅小区,,120302,商务住宅,住宅区,住宅小区
武泰闸小区,114.303588,30.521434,武金堤路327号(八铺街地铁站A口步行400米),住宅小区,,120302,商务住宅,住宅区,住宅小区
汇文新都C区,114.30385,30.522733,巡司河街21号附93号,住宅小区,,120302,商务住宅,住宅区,住宅小区
新桥巷27号,114.300576,30.524603,巡司河街与竹子厂交叉口西南100米,住宅小区,,120302,商务住宅,住宅区,住宅小区
汇文新都D区,114.302316,30.524323,紫阳街办事处巡司河路新桥,住宅小区,,120302,商务住宅,住宅区,住宅小区
武泰闸堤街小区,114.305777,30.51925,武泰闸堤街1号,住宅小区,,120302,商务住宅,住宅区,住宅小区
福盛苑,114.305846,30.518012,司校路与钢厂路交叉口东南160米,住宅小区,,120302,商务住宅,住宅区,住宅小区
汇文新都B区,114.301444,30.525654,巡司河街17号,住宅小区,,120302,商务住宅,住宅区,住宅小区
汇文新都E区,114.303007,30.525253,中山路826号,住宅小区,,120302,商务住宅,住宅区,住宅小区
明伦天下,114.30641,30.522301,明伦横街与竹子厂街交叉口北100米,住宅小区,,120302,商务住宅,住宅区,住宅小区
明伦小区,114.307144,30.521496,明仑横街与明仑正街交叉处附近,住宅小区,,120302,商务住宅,住宅区,住宅小区
卧佛庵大院,114.30538,30.524996,保安街273号,住宅小区,,120302,商务住宅,住宅区,住宅小区
康华园,114.298594,30.526835,巡司河街13号,住宅小区,,120302,商务住宅,住宅区,住宅小区
华泰铭苑,114.307992,30.5215,明伦正街与白沙洲大道交叉口西北40米,住宅小区,,120302,商务住宅,住宅区,住宅小区
起义街55社区,114.30644,30.524507,起义街55号,住宅小区,,120302,商务住宅,住宅区,住宅小区
合纤大院,114.307772,30.522972,紫阳街办事处梅隐寺61号梅隐寺社区,住宅小区,,120302,商务住宅,住宅区,住宅小区
明伦公馆,114.308187,30.522179,明伦街49号,住宅小区,,120302,商务住宅,住宅区,住宅小区
梅山公寓,114.308192,30.523241,梅隐寺55号,住宅小区,,120302,商务住宅,住宅区,住宅小区
武泰闸蔬菜大市场宿舍,114.309066,30.520526,南湖路与白沙洲大道交叉口东南60米,住宅小区,,120302,商务住宅,住宅区,住宅小区
栅栏口181号,114.309106,30.519902,南湖路与白沙洲大道交叉口东南120米,住宅小区,,120302,商务住宅,住宅区,住宅小区
起重小区,114.30905,30.52105,白沙洲大道与南湖路交叉口东南40米,住宅小区,,120302,商务住宅,住宅区,住宅小区
武昌区园林小区,114.30298,30.527467,张之洞路222号紫阳公园(南门)附近,住宅小区,,120302,商务住宅,住宅区,住宅小区
特1号花园,114.302324,30.527932,紫阳街办事处特1号花园,住宅小区,,120302,商务住宅,住宅区,住宅小区
兴安家园,114.29992,30.528395,保安街129号,住宅小区,,120302,商务住宅,住宅区,住宅小区
中山路栅栏口,114.309731,30.519357,中山路682号,住宅小区,,120302,商务住宅,住宅区,住宅小区
南大门小区,114.309757,30.52142,中山路687号,住宅小区,,120302,商务住宅,住宅区,住宅小区
信达·新外滩,114.297402,30.528328,保安街70号,住宅小区,,120302,商务住宅,住宅区,住宅小区
湖北化肥驻汉小区,114.309883,30.521884,中山路685号,住宅小区,,120302,商务住宅,住宅区,住宅小区
白鳍豚大厦,114.309205,30.524088,津水路6号,住宅小区,,120302,商务住宅,住宅区,住宅小区
湖滨村小区,114.302669,30.528734,紫湖村2-1-3-2号附近,住宅小区,,120302,商务住宅,住宅区,住宅小区
六八三小区,114.31027,30.522174,白沙洲大道与梅隐寺交叉口南140米,住宅小区,,120302,商务住宅,住宅区,住宅小区
华天明珠张公苑,114.298274,30.529214,保安街1号,住宅小区,,120302,商务住宅,住宅区,住宅小区
水陆小区,114.299327,30.529977,水陆街小区6栋(复兴路地铁站F口步行360米),住宅小区,,120302,商务住宅,住宅区,住宅小区
华天明珠紫阳府,114.2968,30.529839,解放路56号(解放路与保安街交汇处),住宅小区,,120302,商务住宅,住宅区,住宅小区
701社区,114.308375,30.527925,首义路与津水路交叉口东北300米,住宅小区,,120302,商务住宅,住宅区,住宅小区
民政厅小区,114.307676,30.528695,首义路街办事处首义路266号,住宅小区,,120302,商务住宅,住宅区,住宅小区
民仁小区,114.299802,30.530941,水陆街与巡回街交叉口西40米,住宅小区,,120302,商务住宅,住宅区,住宅小区
南海湾,114.309067,30.527761,首义路,住宅小区,,120302,商务住宅,住宅区,住宅小区
铁路小区,114.312747,30.521165,白沙洲大道与津水路交叉口东南360米,住宅小区,,120302,商务住宅,住宅区,住宅小区
江宏新村小区,114.312937,30.519209,雄楚大道(瑞安街地铁站A口步行360米),住宅小区,,120302,商务住宅,住宅区,住宅小区
歌笛湖社区,114.29886,30.531159,水陆街与巡回街交叉口西120米,住宅小区,,120302,商务住宅,住宅区,住宅小区
紫湖村附20号小区,114.30242,30.531019,紫湖村20号(复兴路地铁站F口步行290米),住宅小区,,120302,商务住宅,住宅区,住宅小区
馨都茗苑,114.296986,30.53101,解放路78号,住宅小区,,120302,商务住宅,住宅区,住宅小区
紫湖村23小区,114.302382,30.53136,紫湖村23号(复兴路地铁站F口步行270米),住宅小区,,120302,商务住宅,住宅区,住宅小区
紫湖村,114.302358,30.531597,复兴路与水陆街交叉口东北约160米,住宅小区,,120302,商务住宅,住宅区,住宅小区
中国船舶总公司719所家属区,114.311075,30.526975,梅家山立交与雄楚大道交叉口北220米,住宅小区,,120302,商务住宅,住宅区,住宅小区
复兴路社区,114.301838,30.53179,复兴大厦左边(复兴路地铁站H口旁),住宅小区,,120302,商务住宅,住宅区,住宅小区
紫湖村25小区,114.302421,30.531855,紫湖村25号(复兴路地铁站F口步行340米),住宅小区,,120302,商务住宅,住宅区,住宅小区
东海湾,114.31107,30.52758,首义路附近,住宅小区,,120302,商务住宅,住宅区,住宅小区
紫笛苑小区,114.298977,30.532343,复兴路59号(复兴路地铁站F口步行290米),住宅小区,,120302,商务住宅,住宅区,住宅小区
紫湖村26号小区,114.302583,30.532253,紫湖村26号(复兴路地铁站F口步行380米),住宅小区,,120302,商务住宅,住宅区,住宅小区
陆羽茶都A区,114.301075,30.532975,复兴路与张之洞路交叉口南140米,住宅小区,,120302,商务住宅,住宅区,住宅小区
地铁·复兴城,114.297743,30.532925,解放路与张之洞路交叉口东南180米,住宅小区,,120302,商务住宅,住宅区,住宅小区
大歌笛湖小区,114.299855,30.53315,张之洞路(复兴路地铁站A口步行120米),住宅小区,,120302,商务住宅,住宅区,住宅小区
北海湾,114.309294,30.530454,首义路129号(首义路地铁站B口步行420米),住宅小区,,120302,商务住宅,住宅区,住宅小区
歌笛湖社区,114.30013,30.53319,张之洞路与复兴路交叉口西南180米,住宅小区,,120302,商务住宅,住宅区,住宅小区
小歌笛湖社区,114.298926,30.533158,张之洞路186号(复兴路地铁站A口步行280米),住宅小区,,120302,商务住宅,住宅区,住宅小区
首义路178号院,114.30803,30.531283,首义路178号(首义路地铁站B口步行230米),住宅小区,,120302,商务住宅,住宅区,住宅小区
相国花园027社区,114.315545,30.521152,洪山街道雄楚大道28号,住宅小区,,120302,商务住宅,住宅区,住宅小区
虾湖院,114.315805,30.518665,长虹桥(瑞安街地铁站A口步行350米),住宅小区,,120302,商务住宅,住宅区,住宅小区
江宏别墅小区,114.317222,30.51965,雄楚大道32号,住宅小区,,120302,商务住宅,住宅区,住宅小区
福达坊,114.317535,30.520199,井市路与雄楚大道交叉口南100米,住宅小区,,120302,商务住宅,住宅区,住宅小区
誉城九方,114.316108,30.522985,校友创新中心西100米,住宅小区,,120302,商务住宅,住宅区,住宅小区
城投·禧园,114.318532,30.521642,雄楚大街与静安路交叉口西北角,住宅小区,,120302,商务住宅,住宅区,住宅小区
湖北省工建宿舍楼小区,114.319015,30.519581,平安路与雄楚大道交叉口西南100米,住宅小区,,120302,商务住宅,住宅区,住宅小区
三角地小区,114.318889,30.518767,雄楚大街附42号,住宅小区,,120302,商务住宅,住宅区,住宅小区
凯旋名邸,114.318505,30.523169,静安路7号,住宅小区,,120302,商务住宅,住宅区,住宅小区
晒湖路29号院,114.3196,30.522009,静安路与雄楚大道交叉口北160米,住宅小区,,120302,商务住宅,住宅区,住宅小区
张浩湾小区,114.32081,30.521467,静安路6号,住宅小区,,120302,商务住宅,住宅区,住宅小区
超高压小区,114.321075,30.520425,雄楚大道与平安路交叉口东100米,住宅小区,,120302|120303,商务住宅,住宅区,住宅小区
国网武汉输电检修中心小区,114.32127,30.520749,雄楚大道与平安路交叉口东北120米,住宅小区,,120302,商务住宅,住宅区,住宅小区
凯旋铭邸小区物业,114.320075,30.523425,南安街与静安路交叉口西20米,住宅小区,,120302,商务住宅,住宅区,住宅小区
紫阳村小区,114.317867,30.525021,南安街11号,住宅小区,,120302,商务住宅,住宅区,住宅小区
紫阳新村特一号,114.317575,30.525225,南安街与东安路交叉口东120米,住宅小区,,120302,商务住宅,住宅区,住宅小区
站前·阳光,114.318738,30.524713,南安街13号,住宅小区,,120302,商务住宅,住宅区,住宅小区
武昌晒湖小区,114.321793,30.518998,雄楚大街60号,住宅小区,,120302,商务住宅,住宅区,住宅小区
天华新村,114.321552,30.518035,雄楚大街44号,住宅小区,,120302,商务住宅,住宅区,住宅小区
武南一村军官楼,114.318425,30.525425,东安路与东安侧路交叉口南180米,住宅小区,,120302,商务住宅,住宅区,住宅小区
静安上城南区,114.321395,30.523118,静安路8附17号附近,住宅小区,,120302,商务住宅,住宅区,住宅小区
静安上城,114.32144,30.523516,南湖静安路8号,住宅小区,,120302,商务住宅,住宅区,住宅小区
武昌城市公园,114.320135,30.524934,花园城静安路晒湖对面,住宅小区,,120302,商务住宅,住宅区,住宅小区
紫阳弘苑,114.320475,30.524775,静安路与晒湖南路交叉口北100米,住宅小区,,120302,商务住宅,住宅区,住宅小区
静安府,114.322531,30.522089,静安路16号,住宅小区,,120302,商务住宅,住宅区,住宅小区
静安上城北区,114.321613,30.524572,静安路与晒湖南路交叉口东北120米,住宅小区,,120302,商务住宅,住宅区,住宅小区
江宏地产世纪名苑B区,114.323494,30.520415,雄楚大道89号,住宅小区,,120302,商务住宅,住宅区,住宅小区
湖北省畜牧兽医局机关大院,114.323225,30.521925,牧业路与涂家岭七村路交叉口北40米,住宅小区,,120302,商务住宅,住宅区,住宅小区
武南新村,114.320048,30.526389,首义路街办事处东安路,住宅小区,,120302,商务住宅,住宅区,住宅小区
万青公寓,114.324225,30.520975,莲溪寺路与莲华路交叉口西100米,住宅小区,,120302|100200,商务住宅,住宅区,住宅小区
江宏地产世纪名苑A区,114.324684,30.520088,袁家墩特1号,住宅小区,,120302,商务住宅,住宅区,住宅小区
江宏地产世纪名苑,114.324689,30.520088,雄楚大街89号,住宅小区,,120302,商务住宅,住宅区,住宅小区
武昌电务社区,114.3215,30.526215,静安路21号,住宅小区,,120302,商务住宅,住宅区,住宅小区
七一九社区,114.312725,30.528263,中山路与梅家山立交交叉口北320米,住宅小区,,120302,商务住宅,住宅区,住宅小区
武铁向阳小区,114.324631,30.522945,涂家岭八村38,住宅小区,,120302,商务住宅,住宅区,住宅小区
第719研究所家属楼,114.313525,30.528725,中山路辅路与梅家山立交交叉口北360米,住宅小区,,120302,商务住宅,住宅区,住宅小区
雄楚春天,114.325006,30.517979,雄楚大道高架出口与涂家岭小路交叉口西200米,住宅小区,,120302,商务住宅,住宅区,住宅小区
相国寺小区,114.321064,30.527489,福安街与东安路交叉口东140米,住宅小区,,120302,商务住宅,住宅区,住宅小区
武南村社区,114.321022,30.527545,福安街与静安路交叉口,住宅小区,,120302,商务住宅,住宅区,住宅小区
波光园一期,114.321275,30.528564,北安街与静安路交叉口西120米,住宅小区,,120302,商务住宅,住宅区,住宅小区
波光园,114.321153,30.528759,北安路1号,住宅小区,,120302,商务住宅,住宅区,住宅小区
莲溪寺南村铁路小区,114.327335,30.519767,雄楚大道131号,住宅小区,,120302,商务住宅,住宅区,住宅小区
莲溪寺社区佑泉苑小区,114.327221,30.522904,丁字桥路涂家岭,住宅小区,,120302,商务住宅,住宅区,住宅小区
涂家岭三村,114.327845,30.521957,中南路街办事处涂家岭,住宅小区,,120302,商务住宅,住宅区,住宅小区
涂家岭-一村,114.328327,30.51997,中南路街办事处,住宅小区,,120302,商务住宅,住宅区,住宅小区
阳光小区,114.325874,30.526774,丁字桥路114号,住宅小区,,120302,商务住宅,住宅区,住宅小区
省一幼家属区,114.313725,30.531575,千家街与张之洞路交叉口西南220米,住宅小区,,120302,商务住宅,住宅区,住宅小区
梅苑小区三期,114.322381,30.529754,北安路2(武昌站东广场地铁站C口旁),住宅小区,,120302,商务住宅,住宅区,住宅小区
涂家岭铁路小区,114.32846,30.521993,涂家岭一村侧路与涂家岭三村路交叉口东40米,住宅小区,,120302,商务住宅,住宅区,住宅小区
中国邮政大院,114.3179,30.531508,中山路辅路与紫阳东路交叉口东南160米,住宅小区,,120302,商务住宅,住宅区,住宅小区
梅苑小区2期,114.323473,30.529311,紫阳东路81号,住宅小区,,120302,商务住宅,住宅区,住宅小区
金诺雅苑,114.328102,30.52426,丁字桥路108号,住宅小区,,120302,商务住宅,住宅区,住宅小区
武昌公寓,114.321129,30.530912,首义路街道东安路1号,住宅小区,,120302,商务住宅,住宅区,住宅小区
涂家岭居逸楼小区,114.326932,30.526442,丁字桥路74号,住宅小区,,120302,商务住宅,住宅区,住宅小区
江零南苑,114.313243,30.532166,首义路地铁站C口步行330米,住宅小区,,120302,商务住宅,住宅区,住宅小区
康欣楼,114.328617,30.523779,丁字桥路72号,住宅小区,,120302,商务住宅,住宅区,住宅小区
欣隆紫阳苑,114.312677,30.532214,张之洞路280号(首义路地铁站C口步行230米),住宅小区,,120302,商务住宅,住宅区,住宅小区
银海花园南区,114.328218,30.525255,丁字桥路80号,住宅小区,,120302,商务住宅,住宅区,住宅小区
金诺雅苑物业,114.3286,30.52465,涂家岭路与晒湖南路交叉口东北140米,住宅小区,,120302,商务住宅,住宅区,住宅小区
洪富楼青年旅舍(丁字桥地铁站店),114.329651,30.521272,丁字桥地铁站C口步行190米,住宅小区,,120302,商务住宅,住宅区,住宅小区
城市印象,114.329417,30.522605,丁字桥路68号附21号,住宅小区,,120302,商务住宅,住宅区,住宅小区
武昌晒湖东路P(2023)043号地块,114.327252,30.527083,武昌区晒湖东路与福安街交汇处,住宅小区,,120302,商务住宅,住宅区,住宅小区
融创静云府(建设中),114.327252,30.527085,丁字桥路116号(武昌内环·老公安厅),住宅小区,,120302,商务住宅,住宅区,住宅小区
银海花园,114.328362,30.525502,丁字桥路80号,住宅小区,,120302,商务住宅,住宅区,住宅小区
沈家湾花园小区,114.330148,30.520611,雄楚大道177号(丁字桥地铁站B口步行160米),住宅小区,,120302,商务住宅,住宅区,住宅小区
安华锦悦,114.316238,30.533087,张之洞路与中山路辅路交叉口西北40米,住宅小区,,120302,商务住宅,住宅区,住宅小区
站前小区,114.318443,30.532812,紫阳东路与中山路辅路交叉口东140米,住宅小区,,120302,商务住宅,住宅区,住宅小区
波光园二期,114.324284,30.530469,紫阳东路81号(梅苑小区地铁站A口步行210米),住宅小区,,120302,商务住宅,住宅区,住宅小区
宏基社区,114.317394,30.53304,中山路辅路与紫阳东路交叉口东北40米,住宅小区,,120302,商务住宅,住宅区,住宅小区
银海花园北区,114.328684,30.526013,丁字桥路80号,住宅小区,,120302,商务住宅,住宅区,住宅小区
紫阳路工程营小区,114.322584,30.531589,紫阳东路与静安路交叉口西北120米,住宅小区,,120302,商务住宅,住宅区,住宅小区
涂家岭社区安泰苑,114.329402,30.524929,中南路街办事处丁字桥路,住宅小区,,120302,商务住宅,住宅区,住宅小区
丽岛·2046,114.33075,30.518646,雄楚大道175号,住宅小区,,120302,商务住宅,住宅区,住宅小区
向阳村涂家岭,114.330545,30.522698,丁字桥路53附2号附近,住宅小区,,120302,商务住宅,住宅区,住宅小区
百瑞景一期,114.333223,30.519313,丁字桥地铁站B口步行300米,住宅小区,,120302,商务住宅,住宅区,住宅小区
天河国际,114.333543,30.520767,瑞景一路与瑞景路交叉口南20米,住宅小区,,120302,商务住宅,住宅区,住宅小区
向阳佳苑B区,114.331239,30.523246,丁字桥路与莲溪寺路交叉口东南100米,住宅小区,,120302,商务住宅,住宅区,住宅小区
弘业俊园,114.330532,30.523488,丁字桥路51号,住宅小区,,120302,商务住宅,住宅区,住宅小区
省临床检验中心宿舍,114.33012,30.523952,丁字桥路60号,住宅小区,,120302,商务住宅,住宅区,住宅小区
百瑞景六期,114.333668,30.522462,宝通寺路30号(丁字桥地铁站B口步行100米),住宅小区,,120302,商务住宅,住宅区,住宅小区
弘业俊园A座,114.33075,30.523956,涂家岭(丁字桥地铁站C口步行420米),住宅小区,,120201|120302,商务住宅,楼宇,商务写字楼
涂家岭小区,114.330225,30.524175,丁字桥路与莲溪寺路交叉口北60米,住宅小区,,120302,商务住宅,住宅区,住宅小区
涂家岭社区安顺苑,114.330116,30.524877,丁字桥路86号(丁字桥地铁站C口步行420米),住宅小区,,120302,商务住宅,住宅区,住宅小区
滨湖·名邸二期,114.335852,30.519738,瑞景路,住宅小区,,120302,商务住宅,住宅区,住宅小区
长投珑庭,114.331718,30.524965,丁字桥路39附1附近,住宅小区,,120302,商务住宅,住宅区,住宅小区
涂家岭社区安景苑,114.32947,30.525313,丁字桥路84号,住宅小区,,120302,商务住宅,住宅区,住宅小区
百瑞景中央生活区二期西区,114.336327,30.521843,宝通寺路39号,住宅小区,,120302,商务住宅,住宅区,住宅小区
99号公寓,114.331983,30.525787,丁字桥路-道路99号公寓,住宅小区,,120302,商务住宅,住宅区,住宅小区
滨湖·名邸,114.337003,30.520525,瑞景路,住宅小区,,120302,商务住宅,住宅区,住宅小区
百瑞景中央生活区四期,114.334419,30.524889,宝通寺路28号,住宅小区,,120302,商务住宅,住宅区,住宅小区
滨湖名都城,114.333064,30.525841,中南路街办事处丁字桥路35号,住宅小区,,120302,商务住宅,住宅区,住宅小区
东湖教师公寓,114.337225,30.517775,双岭路与石牌岭路交叉口北120米,住宅小区,,120302|120303,商务住宅,住宅区,住宅小区
百瑞景中央生活区二期,114.337304,30.522249,瑞春路与瑞景路交叉口西北280米,住宅小区,,120302,商务住宅,住宅区,住宅小区
丁字桥向阳佳苑,114.329173,30.526684,丁字桥路80-附35号,住宅小区,,120302,商务住宅,住宅区,住宅小区
滨湖·名邸一期,114.337816,30.521065,瑞景路,住宅小区,,120302,商务住宅,住宅区,住宅小区
向阳佳苑A区,114.329942,30.526873,丁字桥路80号附35号,住宅小区,,120302,商务住宅,住宅区,住宅小区
岭上府,114.33781,30.517582,石牌岭路吴家村,住宅小区,,120302,商务住宅,住宅区,住宅小区
丁字桥公寓,114.33171,30.527018,丁字桥路50号,住宅小区,,120302,商务住宅,住宅区,住宅小区
滨湖名都城(南门),114.33234,30.527024,丁字桥路与福安街交叉口东北260米,住宅小区,,120302,商务住宅,住宅区,住宅小区
工行干部小区,114.332168,30.527675,丁字桥路44号,住宅小区,,120302,商务住宅,住宅区,住宅小区
百瑞景中央生活区五期西区,114.335713,30.526341,武珞路586号,住宅小区,,120302,商务住宅,住宅区,住宅小区
鸿岭花园西区,114.33937,30.520116,瑞景路与瑞春路交叉口东100米,住宅小区,,120302,商务住宅,住宅区,住宅小区
百瑞景中央生活区二期东区,114.338781,30.522859,石牌岭路与轻校路交叉口西260米,住宅小区,,120302,商务住宅,住宅区,住宅小区
滨湖名都城-名流苑,114.334739,30.52728,武锅路与宝通寺路交叉口西北280米,住宅小区,,120302,商务住宅,住宅区,住宅小区
湖北省油脂公司住宅区,114.333732,30.527821,丁字桥路33-31号,住宅小区,,120302,商务住宅,住宅区,住宅小区
江厦新村社区,114.339631,30.522363,石牌岭路,住宅小区,,120302,商务住宅,住宅区,住宅小区
警官公寓,114.331075,30.528725,付家坡一路与傅家坡一路交叉口东南220米,住宅小区,,120302,商务住宅,住宅区,住宅小区
丁字桥社区安国苑,114.333611,30.528295,丁字桥路31号,住宅小区,,120302,商务住宅,住宅区,住宅小区
湖北省公安厅西院,114.330844,30.529172,付家坡一路33号,住宅小区,,120302,商务住宅,住宅区,住宅小区
龙湖·天玺,114.340511,30.521831,石牌岭路与轻校路交叉口西南120米,住宅小区,,120302,商务住宅,住宅区,住宅小区
中南六十七号院,114.327341,30.529128,梅苑小区地铁站C口步行260米,住宅小区,,120302,商务住宅,住宅区,住宅小区
海居租房龙湖天玺,114.34091,30.520732,石牌岭路186号,住宅小区,,120302,商务住宅,住宅区,住宅小区
涂家岭兰苑小区,114.333945,30.528839,丁字桥路29号,住宅小区,,120302,商务住宅,住宅区,住宅小区
百瑞景中央生活区五期东区,114.338917,30.525603,宝通寺路,住宅小区,,120302,商务住宅,住宅区,住宅小区
时代花园西区,114.336493,30.527816,宝通寺路16号,住宅小区,,120302,商务住宅,住宅区,住宅小区
时代花园,114.337412,30.52747,宝通寺路16号,住宅小区,,120302,商务住宅,住宅区,住宅小区
中南欢乐汇2期,114.331475,30.529775,付家坡一路与傅家坡一路交叉口东180米,住宅小区,,120302,商务住宅,住宅区,住宅小区
财会大院,114.33091,30.529874,积玉桥街街道西院,住宅小区,,120302,商务住宅,住宅区,住宅小区
石建小区,114.341475,30.521075,石牌岭路与轻校路交叉口南180米,住宅小区,,120302,商务住宅,住宅区,住宅小区
石牌岭115号,114.34156,30.521071,石牌岭路129号附2号,住宅小区,,120302,商务住宅,住宅区,住宅小区
紫菘·中南特区,114.334399,30.529359,"丁字桥路19号(丁字桥与文安街交汇处,锦江之星酒店对面)",住宅小区,,120302,商务住宅,住宅区,住宅小区
时代花园东区,114.33858,30.526977,宝通寺路16号,住宅小区,,120302,商务住宅,住宅区,住宅小区
红星家苑,114.340538,30.524594,石牌岭路90号,住宅小区,,120302,商务住宅,住宅区,住宅小区
和成天下,114.333325,30.529775,文安街与丁字桥路交叉口西20米,住宅小区,,120302,商务住宅,住宅区,住宅小区
洪岭公寓,114.341717,30.521932,石牌岭17号(盲校对面),住宅小区,,120302,商务住宅,住宅区,住宅小区
岭地·金居,114.340064,30.525915,石牌岭路80号(亚贸附近),住宅小区,,120302,商务住宅,住宅区,住宅小区
岭秀华庭,114.341789,30.522946,石牌岭15号,住宅小区,,120302,商务住宅,住宅区,住宅小区
石牌岭佳苑,114.34205,30.52206,石牌岭路石牌岭东二路,住宅小区,,120302,商务住宅,住宅区,住宅小区
石牌岭41号,114.342176,30.521507,石牌岭路139号,住宅小区,,120302,商务住宅,住宅区,住宅小区
省直工委党校家属楼,114.331169,30.530578,紫阳东路10号(梅苑小区地铁站C口步行440米),住宅小区,,120302,商务住宅,住宅区,住宅小区
天下龙岭广场,114.342356,30.520042,洪达巷9号,住宅小区,,120302,商务住宅,住宅区,住宅小区
红岭花园,114.342325,30.518975,鉴湖路与洪达巷交叉口西南40米,住宅小区,,120302,商务住宅,住宅区,住宅小区
省国资委小区,114.332054,30.530521,文安街与丁字桥路交叉口西北160米,住宅小区,,120302,商务住宅,住宅区,住宅小区
紫阳东路8号小区,114.33192,30.530726,紫阳东路8号(梅苑小区地铁站C口步行500米),住宅小区,,120302,商务住宅,住宅区,住宅小区
文翰苑,114.341322,30.52492,石牌岭路86号,住宅小区,,120302,商务住宅,住宅区,住宅小区
珞南街石牌园社区,114.341962,30.523734,街道口南路与石牌岭路交叉处旁边,住宅小区,,120302,商务住宅,住宅区,住宅小区
紫东馨居,114.331126,30.530943,紫阳东路12号(老省公安厅东行100米),住宅小区,,120302,商务住宅,住宅区,住宅小区
地铁紫阳城,114.329422,30.530998,文安街与付家坡一路交叉口西北角,住宅小区,,120302,商务住宅,住宅区,住宅小区
中南花园家属区,114.334081,30.530606,丁字桥路与文安街北段交叉口东北100米,住宅小区,,120302,商务住宅,住宅区,住宅小区
武汉总医院南院老职工楼,114.34061,30.526551,文安街与石牌岭路交叉口西200米,住宅小区,,120302,商务住宅,住宅区,住宅小区
卓远众城,114.325325,30.530575,文安街与梅苑路交叉口东南60米,住宅小区,,120302,商务住宅,住宅区,住宅小区
龙湖·御湖境二组团,114.3431,30.518525,洪达巷南侧、工大路以西,住宅小区,,120302,商务住宅,住宅区,住宅小区
武锅社区(江天大厦西南),114.337813,30.529273,宝通寺路时代花园西区,住宅小区,,120302,商务住宅,住宅区,住宅小区
南院小区,114.33612,30.530231,武珞路564号(宝通寺地铁站A口步行460米),住宅小区,,120302,商务住宅,住宅区,住宅小区
建行小区,114.330503,30.531539,傅家坡一路与文安街交叉口东北120米,住宅小区,,120302,商务住宅,住宅区,住宅小区
二聋校教师小区,114.3426,30.523978,石牌岭路,住宅小区,,120303|120302,商务住宅,住宅区,
乐水居,114.335075,30.530825,丁字桥路与文安街北段交叉口东北180米,住宅小区,,120302,商务住宅,住宅区,住宅小区
中南国际汇A区,114.334425,30.531175,丁字桥路与武珞路交叉口南160米,住宅小区,,120302,商务住宅,住宅区,住宅小区
银河苑公寓,114.33187,30.53172,武珞路528号(中南路与武珞路交汇处),住宅小区,,120302,商务住宅,住宅区,住宅小区
银河苑公寓A座,114.331939,30.531744,武珞路528号银河苑公寓,住宅小区,,120302|120200,商务住宅,住宅区,住宅小区
武汉理工大学西社区荷花村小区,114.343831,30.519483,洪达巷79号,住宅小区,,120302,商务住宅,住宅区,住宅小区
建发璞玥(建设中),114.337822,30.529942,宝通寺路与武珞路辅路交叉口西南160米,住宅小区,,120302,商务住宅,住宅区,住宅小区
龙湖御湖境东区,114.343869,30.518464,泓悦府连通道与洪达巷交叉口南60米,住宅小区,,120302,商务住宅,住宅区,住宅小区
银海公寓,114.330098,30.532055,付家坡一路30附8号(梅苑小区地铁站C口步行460米),住宅小区,,120302,商务住宅,住宅区,住宅小区
丰泽楼,114.334725,30.531475,丁字桥路与武珞路交叉口南120米,住宅小区,,120302|120200,商务住宅,住宅区,住宅小区
梅苑小区,114.327095,30.532056,紫阳东路80附25附近(梅苑小区地铁站C口步行90米),住宅小区,,120302,商务住宅,住宅区,住宅小区
南方帝园,114.336254,30.531388,武珞路568号(宝通寺地铁站A口步行390米),住宅小区,,120302,商务住宅,住宅区,住宅小区
中南新村,114.331478,30.53255,付家坡一路23号,住宅小区,,120302,商务住宅,住宅区,住宅小区
梅苑小区1期,114.325654,30.532253,梅苑路28附6号(梅苑小区地铁站A口步行180米),住宅小区,,120302,商务住宅,住宅区,住宅小区
中铁建家属院,114.337345,30.531306,武珞路辅路与宝通寺路交叉口西160米,住宅小区,,120302,商务住宅,住宅区,住宅小区
邮电局小区,114.337575,30.531275,武珞路辅路与宝通寺路交叉口西140米,住宅小区,,120302,商务住宅,住宅区,住宅小区
龙玺嘉寓(梅苑小区),114.324929,30.532284,梅苑路28-8号(梅苑小区地铁站A口步行170米),住宅小区,,120302,商务住宅,住宅区,住宅小区
安监局桂苑小区,114.328331,30.532976,梅苑小区地铁站C口步行480米,住宅小区,,120302,商务住宅,住宅区,住宅小区
洪珞小区,114.342968,30.526761,石牌岭路与文安街交叉口东南20米,住宅小区,,120302,商务住宅,住宅区,住宅小区
竹苑小区西区,114.344283,30.524438,街道口南路6号,住宅小区,,120302,商务住宅,住宅区,住宅小区
红鑫佳园,114.323758,30.531946,梅苑路32号(梅苑小区地铁站A口步行150米),住宅小区,,120302,商务住宅,住宅区,住宅小区
武商梦时代7FC区,114.341125,30.529025,武商梦时代(宝通寺地铁站出入口步行150米),住宅小区,,120303|120302,商务住宅,住宅区,
方海公寓,114.324645,30.532338,梅苑路28附9号(梅苑小区地铁站A口步行170米),住宅小区,,120302,商务住宅,住宅区,住宅小区
武珞路502号,114.332575,30.533125,武珞路辅路与傅家坡二路交叉口西60米,住宅小区,,120302,商务住宅,住宅区,住宅小区
聚豪华庭小区,114.331749,30.533236,武珞路460号,住宅小区,,120302,商务住宅,住宅区,住宅小区
湖北工业大学马房山校区湖工分部,114.345472,30.519214,洪达巷71号,住宅小区,,120302,商务住宅,住宅区,住宅小区
马房山小区,114.347957,30.518634,洪达巷与工大路交叉口东180米,住宅小区,,120302,商务住宅,住宅区,住宅小区
黎明新居,114.348446,30.519181,马房山地铁站A口步行400米,住宅小区,,120302,商务住宅,住宅区,住宅小区
狮城公寓,114.349493,30.518556,珞狮路126号(马房山地铁站A口步行250米),住宅小区,,120302,商务住宅,住宅区,住宅小区
竹苑小区,114.345424,30.524869,街道口南路6号,住宅小区,,120302,商务住宅,住宅区,住宅小区
竹苑小区东区,114.346079,30.525155,街道口南路6号,住宅小区,,120302,商务住宅,住宅区,住宅小区
京韵花园,114.346396,30.526449,街道口南路6号原省京剧院内(妇幼医院斜对面),住宅小区,,120302,商务住宅,住宅区,住宅小区
鹏程·蕙园,114.349826,30.525456,武珞路790号(街道口地铁站A口步行400米),住宅小区,,120302,商务住宅,住宅区,住宅小区
街道口航空大院,114.351301,30.524997,珞狮路辅路与群光南路交叉口西北140米,住宅小区,,120302,商务住宅,住宅区,住宅小区
青松公寓,114.344475,30.527475,洪珞东巷与武珞路辅路交叉口南160米,住宅小区,,100200|120302,住宿服务,,
航天小区,114.351775,30.525025,珞狮路入口与珞狮路出口交叉口西北100米,住宅小区,,120302,商务住宅,住宅区,住宅小区
武珞路小区,114.349255,30.527072,武珞路770-4附近(街道口地铁站A口步行340米),住宅小区,,120302,商务住宅,住宅区,住宅小区
珞东教师小区,114.353478,30.523569,珞狮路157号(街道口地铁站L口步行160米),住宅小区,,120302,商务住宅,住宅区,住宅小区
匠心城·中航广场,114.352068,30.525706,珞狮路112号(街道口地铁站F口步行100米),住宅小区,,120201|120302,商务住宅,楼宇,商务写字楼
武珞村10附1号小区,114.351075,30.526625,武珞村路与武珞路辅路交叉口南60米,住宅小区,,120302,商务住宅,住宅区,住宅小区
福源公寓,114.34458,30.52862,洪山街道口车站亚贸东风宾馆旁,住宅小区,,120302,商务住宅,住宅区,住宅小区
逸景南湾小区,114.352725,30.525675,珞狮路入口与武珞路辅路交叉口西南100米,住宅小区,,120302,商务住宅,住宅区,住宅小区
星城瑞景便利店,114.349524,30.52785,武珞路辅路与珞珈山路交叉口西20米,住宅小区,,120302|060200,商务住宅,住宅区,住宅小区
亚贸恒升公馆,114.343534,30.528935,石牌岭路与武珞路交叉口西南60米,住宅小区,,120302,商务住宅,住宅区,住宅小区
珞瑜村小区,114.354825,30.523325,洪武路与群光南路交叉口南20米,住宅小区,,120302,商务住宅,住宅区,住宅小区
科技公寓,114.354826,30.523338,珞喻村23号(街道口地铁站L口步行310米),住宅小区,,120302,商务住宅,住宅区,住宅小区
珞南街街道口社区,114.347455,30.528897,武珞路717号,住宅小区,,120302,商务住宅,住宅区,住宅小区
群光上苑,114.354693,30.524205,珞喻路8号(街道口地铁站L口步行320米),住宅小区,,120302,商务住宅,住宅区,住宅小区
桂子山庄,114.356072,30.521243,桂元路84号,住宅小区,,120302,商务住宅,住宅区,住宅小区
珞珈山大厦,114.350286,30.52885,珞珈山附7号武大老牌楼,住宅小区,,120302,商务住宅,住宅区,住宅小区
畔山庭院,114.346463,30.530094,街道口23号,住宅小区,,120302,商务住宅,住宅区,住宅小区
映日星,114.354007,30.527064,珞狮路辅路与珞喻路辅路交叉口东北40米,住宅小区,,120302,商务住宅,住宅区,住宅小区
中建开元珞珈公馆,114.351799,30.528769,珞珈山路120号,住宅小区,,120302,商务住宅,住宅区,住宅小区
歌剧院小区,114.352575,30.529475,珞珈山路与洪福巷交叉口南20米,住宅小区,,120302,商务住宅,住宅区,住宅小区
湖北歌剧舞剧院宿舍,114.353474,30.529501,珞狮路80号(街道口地铁站D口步行440米),住宅小区,,120302,商务住宅,住宅区,住宅小区
东方墨兰,114.356775,30.526475,珞喻路辅路与洪武路交叉口东北100米,住宅小区,,120302,商务住宅,住宅区,住宅小区
书香门第,114.353846,30.529736,洪山珞狮北路80号湖北省歌剧舞剧院门口,住宅小区,,120302,商务住宅,住宅区,住宅小区
宝通花园,114.34193,30.532897,平安路与团结路交叉口西北200米,住宅小区,,120302,商务住宅,住宅区,住宅小区
洪山公寓,114.338626,30.53199,武珞路543-1号(宝通寺地铁站D口步行360米),住宅小区,,120302,商务住宅,住宅区,住宅小区
学府鑫苑,114.355267,30.530154,珞狮路辅路与珞珈山路交叉口南120米,住宅小区,,120302,商务住宅,住宅区,住宅小区
珞南街广埠屯社区,114.361824,30.523059,珞喻路188号(广埠屯地铁站A口步行50米),住宅小区,,120302,商务住宅,住宅区,住宅小区
七二二社区,114.364936,30.519418,桂中路与桂园路交叉口东北260米,住宅小区,,120302,商务住宅,住宅区,住宅小区
珞南街广埠屯东湖花园,114.362751,30.523945,珞瑜路177号(广埠屯地铁站K口步行50米),住宅小区,,120302,商务住宅,住宅区,住宅小区
东湖花园A座,114.362575,30.524075,珞瑜路177号珞南街广埠屯东湖花园,住宅小区,,120302,商务住宅,住宅区,住宅小区
融科·珞瑜路95号院,114.367774,30.521505,珞喻路298号,住宅小区,,120302,商务住宅,住宅区,住宅小区
广八路省纺小区,114.363571,30.526491,广八路62附7号(广埠屯地铁站K口步行240米),住宅小区,,120302,商务住宅,住宅区,住宅小区
融创珞瑜路95号院,114.3687,30.520674,珞喻路299号,住宅小区,,120302,商务住宅,住宅区,住宅小区
七环科技公寓,114.368262,30.52249,珞瑜路307号,住宅小区,,120302,商务住宅,住宅区,住宅小区
纺织大院,114.364025,30.527375,广八路与广八东路交叉口北140米,住宅小区,,120302,商务住宅,住宅区,住宅小区
银海雅苑,114.365225,30.526861,广八路115号(广埠屯地铁站K口步行350米),住宅小区,,120302,商务住宅,住宅区,住宅小区
安卓小区,114.369597,30.520144,珞喻路345号,住宅小区,,120302,商务住宅,住宅区,住宅小区
东湖风光,114.369781,30.522141,珞喻路333号,住宅小区,,120302,商务住宅,住宅区,住宅小区
金桥社区,114.370361,30.519957,卓刀泉北路38号,住宅小区,,120302,商务住宅,住宅区,住宅小区
珞南街金桥花园2期,114.370365,30.520348,卓刀泉北路38号,住宅小区,,120302,商务住宅,住宅区,住宅小区
开来枫景佳园,114.370125,30.517925,卓刀泉南路与珞喻路辅路交叉口南120米,住宅小区,,120302,商务住宅,住宅区,住宅小区
天宝嘉苑,114.367217,30.526559,广八路,住宅小区,,120302,商务住宅,住宅区,住宅小区
广八路社区,114.364083,30.528335,广八路30号(广埠屯地铁站K口步行430米),住宅小区,,120302,商务住宅,住宅区,住宅小区
东湖名居,114.37059,30.521105,卓刀泉北路28号,住宅小区,,120302,商务住宅,住宅区,住宅小区
武电仪小区,114.365197,30.528143,广八路113号,住宅小区,,120302,商务住宅,住宅区,住宅小区
金桥花园,114.37083,30.520263,卓刀泉北路与珞喻路辅路交叉口东北140米,住宅小区,,120302,商务住宅,住宅区,住宅小区
银海·东湖珞珈,114.366322,30.528052,广八路,住宅小区,,120302,商务住宅,住宅区,住宅小区
武汉市凤鸣山小区,114.370081,30.525207,卓刀泉北路35号,住宅小区,,120302,商务住宅,住宅区,住宅小区
市政小区,114.371858,30.52189,卓刀泉北路21号,住宅小区,,120302,商务住宅,住宅区,住宅小区
丰颐苑,114.366248,30.529342,八一路336号丰颐大酒店东侧,住宅小区,,120302,商务住宅,住宅区,住宅小区
武汉大学测绘社区,114.358722,30.531205,玉兰路与求是大道交叉口东120米,住宅小区,,120302,商务住宅,住宅区,住宅小区
东湖·楚天府,114.369078,30.528563,八一路340号,住宅小区,,120302,商务住宅,住宅区,住宅小区
珞喻硅巷广埠屯·锦里(建设中),114.363369,30.522443,珞喻路312号,住宅小区,,120302,商务住宅,住宅区,住宅小区
珞南街四眼井社区,114.35533,30.531016,珞喻路33号附近,住宅小区,,120302,商务住宅,住宅区,住宅小区
武汉大学文理学部家属东中区,114.364375,30.531125,汉林东路与珞南一路交叉口东100米,住宅小区,,120302,商务住宅,住宅区,住宅小区
相识里,114.355684,30.531478,珞珈山路与珞狮路辅路交叉口东40米,住宅小区,,120302,商务住宅,住宅区,住宅小区
桃源村小区,114.370335,30.528637,八一路与珞滨路交叉口西南60米,住宅小区,,120302,商务住宅,住宅区,住宅小区
东湖公馆,114.371604,30.527653,绿茵路与广卓路交叉口东北80米,住宅小区,,120302,商务住宅,住宅区,住宅小区
珞珈山路19号小区,114.356126,30.532167,珞狮路31号,住宅小区,,120302,商务住宅,住宅区,住宅小区
长汉新邨,114.371936,30.528147,八一路344号,住宅小区,,120302,商务住宅,住宅区,住宅小区
风光苑,114.373128,30.526741,卓刀泉北路与八一路交汇处,住宅小区,,120302,商务住宅,住宅区,住宅小区
荣泰小区,114.354893,30.532483,珞狮路8号(小洪山地铁站A口步行490米),住宅小区,,120302,商务住宅,住宅区,住宅小区
誉城千里,114.374625,30.526025,卓刀泉北路与广卓路交叉口东20米,住宅小区,,120302,商务住宅,住宅区,住宅小区
湖滨花园,114.384145,30.517589,阳逻区经济开发区环湖路,住宅小区,,120302,商务住宅,住宅区,住宅小区
武汉大学文理学院珞涵屯,114.373397,30.529605,东湖风景区街道,住宅小区,,120302,商务住宅,住宅区,住宅小区
地质医院家属区,114.371393,30.529781,,住宅小区,,120302,商务住宅,住宅区,住宅小区
武汉珞涵新邨小区,114.37229,30.530068,八一路463号湖北省城市地质工程院办公楼副楼3-4号正东方向110米,住宅小区,,120302,商务住宅,住宅区,住宅小区
东湖村军转小区,114.373457,30.530873,八一路,住宅小区,,120302,商务住宅,住宅区,住宅小区
珞珈东湖新村,114.371945,30.530672,八一路与珞滨路交叉口东北140米,住宅小区,,120302,商务住宅,住宅区,住宅小区
武汉大学珞珈山公寓(东湖宿舍区),114.375781,30.530977,八一路483特1号,住宅小区,,120302,商务住宅,住宅区,住宅小区
珞珈山花园小区,114.374205,30.530984,八一路483号,住宅小区,,120302,商务住宅,住宅区,住宅小区
民政厅花苑小区,114.377014,30.53273,东湖南路18号,住宅小区,,120302,商务住宅,住宅区,住宅小区
武大文理学部社区,114.369578,30.532076,珞珈山路与珞南六路交叉口东60米,住宅小区,,120302,商务住宅,住宅区,住宅小区
武汉大学家属区,114.36931,30.532206,珞珈山路与珞南六路交叉口东20米,住宅小区,,120302,商务住宅,住宅区,住宅小区
芯源伴山水榭,114.395775,30.519003,西一路与操场西路交叉口西180米,住宅小区,,120302,商务住宅,住宅区,住宅小区
中国地质大学国防学苑,114.396297,30.522597,鲁磨路388号中国地质大学,住宅小区,,120302|120303,商务住宅,住宅区,住宅小区
南望山庄教师小区,114.400078,30.522562,鲁磨路407号,住宅小区,,120302,商务住宅,住宅区,住宅小区
菱角湖小区,114.393155,30.529902,八一路与沙湾南路交叉口西280米,住宅小区,,120302,商务住宅,住宅区,住宅小区
博士后公寓,114.401725,30.522625,鲁磨路与怡然路交叉口北240米,住宅小区,,120302,商务住宅,住宅区,住宅小区
武汉市无线电小区,114.402774,30.52245,关山街南望社区鲁磨路428号,住宅小区,,120302,商务住宅,住宅区,住宅小区
康逸阁,114.394325,30.531475,八一路与沙湾北路交叉口西140米,住宅小区,,120302,商务住宅,住宅区,住宅小区
枫叶苑,114.390463,30.532609,东湖东路15号,住宅小区,,120302,商务住宅,住宅区,住宅小区
沙湾村71号,114.396843,30.531383,沙湾村附近,住宅小区,,120302,商务住宅,住宅区,住宅小区
嘉宁公寓,114.402878,30.526561,鲁磨路西头村20号,住宅小区,,120302|100200,商务住宅,住宅区,住宅小区
东湖阳光,114.38709,30.5329,东湖风景区街道(洪山)东湖路东湖东路八号,住宅小区,,080000|120302,商务住宅,住宅区,住宅小区
中国地质大学东区家属楼,114.407025,30.520875,喻家山南路与怡然路交叉口东北60米,住宅小区,,120302,商务住宅,住宅区,住宅小区
华中科技大学高层小区,114.408181,30.518363,珞瑜路1037号华中科技大学,住宅小区,,120302,商务住宅,住宅区,住宅小区
东湖风景区街道方家村109号,114.405508,30.5277,东湖风景区街道鲁磨路特1号,住宅小区,,120302,商务住宅,住宅区,住宅小区
方家村79号,114.405717,30.527926,八一路与揽翠路交叉口西100米,住宅小区,,120302,商务住宅,住宅区,住宅小区
西头村162号,114.404223,30.528482,八一路与揽翠路交叉口西240米,住宅小区,,120302,商务住宅,住宅区,住宅小区
城市A馆,114.400288,30.531416,东湖风景区八一路沙湾村58号,住宅小区,,120302,商务住宅,住宅区,住宅小区
星野湖畔Hoshino Villa,114.400768,30.531716,东湖东路付15号,住宅小区,,120302,商务住宅,住宅区,住宅小区
沙湾村3号,114.401175,30.532401,沙湾3号,住宅小区,,120302,商务住宅,住宅区,住宅小区
沙湾村6号,114.400968,30.532811,致远路与北四路交叉口北380米,住宅小区,,120302,商务住宅,住宅区,住宅小区
东湖鹿遥里,114.415576,30.532341,东湖风景区鲁磨路小李村5号,住宅小区,,120302,商务住宅,住宅区,住宅小区
雍禧兰台1期,114.179231,30.534707,新华园路与四新南路交叉口西南80米,住宅小区,,120302,商务住宅,住宅区,住宅小区
洺悦芳华,114.181335,30.535388,经开区四新南路922号,住宅小区,,120302,商务住宅,住宅区,住宅小区
轩轩开心花园,114.178425,30.535975,四新南路与龙阳湖东路交叉口南60米,住宅小区,,120302,商务住宅,住宅区,住宅小区
山水秀园,114.178449,30.53601,四新南路与龙阳湖东路交叉口南60米,住宅小区,,120302,商务住宅,住宅区,住宅小区
海伦春天4期,114.179898,30.536832,武汉经济技术开发区四新南路924号,住宅小区,,120302,商务住宅,住宅区,住宅小区
海伦春天,114.182924,30.534604,四新南路916号,住宅小区,,120302,商务住宅,住宅区,住宅小区
海伦春天3期,114.182868,30.534058,经济技术开发区四新南路与车友路交叉口西北240米,住宅小区,,120302,商务住宅,住宅区,住宅小区
海伦春天2期,114.184116,30.533797,经济技术开发区四新南路918号,住宅小区,,120302,商务住宅,住宅区,住宅小区
汤城西郡,114.182415,30.538253,,住宅小区,,120302,商务住宅,住宅区,住宅小区
汤城西郡物业,114.1821,30.5385,龙阳湖东路与升官渡路交叉口东180米,住宅小区,,120302,商务住宅,住宅区,住宅小区
碧桂园·优璞城,114.187471,30.53461,车友路四新南路51号,住宅小区,,120302,商务住宅,住宅区,住宅小区
保利香颂五期,114.18681,30.541071,陶馨路22号,住宅小区,,120302,商务住宅,住宅区,住宅小区
城市星空潮娃街区(方圆荟奥特莱斯店),114.189673,30.533614,龙阳大道与四新大道交汇处方园荟商场3层3B6-1室,住宅小区,,120302,商务住宅,住宅区,住宅小区
保利香颂一期,114.189163,30.539716,墨竹路与陶馨路交叉口南180米,住宅小区,,120302,商务住宅,住宅区,住宅小区
保利香颂,114.189423,30.539484,龙阳大道与四新大道交汇处,住宅小区,,120302,商务住宅,住宅区,住宅小区
中铁十一局生活区,114.175975,30.543875,龙阳湖路与升官渡路交叉口西北460米,住宅小区,,120302,商务住宅,住宅区,住宅小区
保利香颂三期,114.19219,30.537726,墨竹路与车友路交叉口南160米,住宅小区,,120302,商务住宅,住宅区,住宅小区
保利香颂二期,114.191028,30.540635,车友路22号附6号,住宅小区,,120302,商务住宅,住宅区,住宅小区
陶馨阁,114.190741,30.54387,陶馨路15号,住宅小区,,120302,商务住宅,住宅区,住宅小区
第柒居,114.197621,30.534368,汉城路与四新北路交叉口西60米,住宅小区,,120302,商务住宅,住宅区,住宅小区
汉荣苑,114.199623,30.533009,芳草二街与芳草西路交叉口西北200米,住宅小区,,120302,商务住宅,住宅区,住宅小区
驻警家属院,114.196075,30.539425,龙阳大道与汉新大道交叉口西100米,住宅小区,,120302,商务住宅,住宅区,住宅小区
汉欣苑,114.200585,30.53512,芳草西路与汉城路交汇处,住宅小区,,120302,商务住宅,住宅区,住宅小区
升官渡特一号大院,114.195225,30.540175,龙阳大道与汉新大道交叉口西北220米,住宅小区,,120302,商务住宅,住宅区,住宅小区
朗诗绿色街区,114.195711,30.540895,龙阳大道116号朗诗绿色街区9102,住宅小区,,120302,商务住宅,住宅区,住宅小区
东投汉阳城,114.199108,30.539821,龙阳大道与汉新大道交汇处,住宅小区,,120302,商务住宅,住宅区,住宅小区
武汉市汉阳区龙阳街道汉城社区,114.202044,30.535256,芳草西路与汉城路交叉口西南140米,住宅小区,,120302,商务住宅,住宅区,住宅小区
汉城花园,114.201631,30.538421,龙珠路20号,住宅小区,,120302,商务住宅,住宅区,住宅小区
名士华府,114.196421,30.542132,康达街3号,住宅小区,,120302,商务住宅,住宅区,住宅小区
和昌·森林湖,114.203893,30.534978,芳草西路76号,住宅小区,,120302,商务住宅,住宅区,住宅小区
陶馨园,114.193284,30.54252,陶馨路16号,住宅小区,,120302,商务住宅,住宅区,住宅小区
龙阳金街,114.200408,30.54187,龙阳大道33号陶家岭,住宅小区,,120302,商务住宅,住宅区,住宅小区
南国明珠一期,114.202723,30.54081,龙阳大道33号,住宅小区,,120302,商务住宅,住宅区,住宅小区
陶园社区,114.200639,30.542846,龙阳大道与康达街交叉口东北180米,住宅小区,,120302,商务住宅,住宅区,住宅小区
公汽宿舍,114.201013,30.542837,龙阳大道93号(陶家岭地铁站A口步行290米),住宅小区,,120302,商务住宅,住宅区,住宅小区
万科汉阳国际C区,114.192272,30.544799,康达街,住宅小区,,120302,商务住宅,住宅区,住宅小区
万科汉阳国际D区,114.19846,30.54513,龙阳街龙湖东岸社区车友路17号,住宅小区,,120302,商务住宅,住宅区,住宅小区
陶家岭医药物流园金鼎药业住宅楼,114.195787,30.54554,陶馨路与陶家岭路交叉口西南200米,住宅小区,,120302,商务住宅,住宅区,住宅小区
汉City国际社区·爱尚里,114.207322,30.533956,芳草路97号,住宅小区,,120302,商务住宅,住宅区,住宅小区
万科汉阳国际B区,114.194337,30.54608,康达街10号,住宅小区,,120302,商务住宅,住宅区,住宅小区
南国明珠二期,114.206584,30.540069,龙阳大道95号(墨水湖对面),住宅小区,,120302,商务住宅,住宅区,住宅小区
南国明珠三期,114.204101,30.544003,龙阳大道85号(陶家岭地铁站A口步行140米),住宅小区,,120302,商务住宅,住宅区,住宅小区
南国明珠2期B区,114.207788,30.53985,芳草路附近,住宅小区,,120302,商务住宅,住宅区,住宅小区
中铁大院,114.198775,30.546775,车友路与陶家岭路交叉口东北60米,住宅小区,,120302,商务住宅,住宅区,住宅小区
天创产投·芳草雅境,114.209361,30.533649,四新北路与芳草东路交汇处,住宅小区,,120302,商务住宅,住宅区,住宅小区
龙阳南苑,114.204809,30.544849,永丰街办事处龙珠路,住宅小区,,120302,商务住宅,住宅区,住宅小区
万科汉阳国际,114.192779,30.547884,龙阳大道陶家岭车友路17号(公交陶家岭站旁),住宅小区,,120302,商务住宅,住宅区,住宅小区
万科汉阳国际A区,114.192755,30.547901,金龙南路与陶家岭路交汇处,住宅小区,,120302,商务住宅,住宅区,住宅小区
领地·银保城(建设中),114.206129,30.537108,芳草路与汉新大道交叉口西北角,住宅小区,,120302,商务住宅,住宅区,住宅小区
港口小区,114.212311,30.536179,芳草路75号,住宅小区,,120302,商务住宅,住宅区,住宅小区
招商公园1872御府,114.21506,30.534416,文选路88号,住宅小区,,120302,商务住宅,住宅区,住宅小区
招商公园1872蔚湖轩,114.216703,30.535613,文选路与凤语路交叉口东北140米,住宅小区,,120302,商务住宅,住宅区,住宅小区
招商公园1872沁园,114.217145,30.534215,凤语路与三青路交叉口西北80米,住宅小区,,120302,商务住宅,住宅区,住宅小区
中大水墨兰轩,114.209429,30.544177,芳草路66号,住宅小区,,120302,商务住宅,住宅区,住宅小区
招商公园1872品园,114.22094,30.534368,凤起路与文选路交叉口西南120米,住宅小区,,120302,商务住宅,住宅区,住宅小区
水墨甲秀,114.206875,30.544164,隆祥东街8号,住宅小区,,120302,商务住宅,住宅区,住宅小区
竹韵轩B,114.206875,30.544175,龙珠路与隆祥东街交叉口东南140米,住宅小区,,120302,商务住宅,住宅区,住宅小区
水墨·清华2期,114.212447,30.545352,芳草路61号(汉阳区政府旁),住宅小区,,120302,商务住宅,住宅区,住宅小区
世纪龙城二期,114.209629,30.546279,隆祥东街9号,住宅小区,,120302,商务住宅,住宅区,住宅小区
招商公园1872璟园,114.22309,30.533824,水湖南路,住宅小区,,120302,商务住宅,住宅区,住宅小区
世纪龙城,114.209023,30.546405,龙珠路7号,住宅小区,,120302,商务住宅,住宅区,住宅小区
高路小区,114.20483,30.545701,龙阳大道隆祥东街(陶家岭地铁站B口步行450米),住宅小区,,120302,商务住宅,住宅区,住宅小区
天创云和樾,114.206465,30.546333,隆祥东街4号,住宅小区,,120302,商务住宅,住宅区,住宅小区
世纪龙城一期,114.207852,30.546629,龙珠路与隆祥东街交叉口东北200米,住宅小区,,120302,商务住宅,住宅区,住宅小区
龙阳御园,114.206632,30.547989,龙珠路2号,住宅小区,,120302,商务住宅,住宅区,住宅小区
钰龙·旭辉半岛璞园,114.225621,30.545114,墨水湖北路以南、百灵路以东汉桥村K5地块,住宅小区,,120302,商务住宅,住宅区,住宅小区
钰龙·旭辉半岛沁园,114.222599,30.545754,墨水湖北路以南、百灵路以东汉桥村K5地块,住宅小区,,120302,商务住宅,住宅区,住宅小区
汉阳区桃花岛人才公寓,114.225393,30.546178,何家嘴路与汉桥路交叉口西120米,住宅小区,,120302,商务住宅,住宅区,住宅小区
安居苑,114.225584,30.546249,何家嘴路与汉桥路交叉口西120米,住宅小区,,120302,商务住宅,住宅区,住宅小区
桃花岛城市花园东区,114.224764,30.546727,桃花岛城市花园旁,住宅小区,,120302,商务住宅,住宅区,住宅小区
吉星佳地,114.226552,30.546791,五里墩街办事处桃花岛桃花街,住宅小区,,120302,商务住宅,住宅区,住宅小区
五玉里社区,114.228212,30.546943,汉桥路与桃花东街交叉口东南80米,住宅小区,,120302,商务住宅,住宅区,住宅小区
桃花岛城市花园,114.22327,30.547333,铁桥村墨水湖畔麒麟路,住宅小区,,120302,商务住宅,住宅区,住宅小区
南静苑小区,114.225368,30.5476,汉阳五里老年公寓旁(桃花街与麒麟路交汇处),住宅小区,,120302,商务住宅,住宅区,住宅小区
桃花岛城市花园西区,114.222796,30.547513,罗七南路,住宅小区,,120302,商务住宅,住宅区,住宅小区
汉桥城市花园,114.22644,30.547862,桃花东街与汉桥路交叉口西北120米,住宅小区,,120302,商务住宅,住宅区,住宅小区
汉桥城中花园E区,114.227148,30.548183,汉桥路21号,住宅小区,,120302,商务住宅,住宅区,住宅小区
七里新村(麒麟路),114.225583,30.548384,琴断口街办事处,住宅小区,,120302,商务住宅,住宅区,住宅小区
丽水花园,114.245198,30.538165,马沧湖路380号,住宅小区,,120302,商务住宅,住宅区,住宅小区
水墨丹青,114.246498,30.536277,江堤中路8附1号附近,住宅小区,,120302,商务住宅,住宅区,住宅小区
鹦鹉苑,114.243242,30.540235,五里墩街办事处动物园路60号武汉动物园内(东南角),住宅小区,,120302,商务住宅,住宅区,住宅小区
江腾苑C区,114.248325,30.535814,下马湖,住宅小区,,120302,商务住宅,住宅区,住宅小区
新城丽景A区,114.248883,30.532854,江堤中路,住宅小区,,120302,商务住宅,住宅区,住宅小区
汉阳下马湖小区,114.249494,30.53587,下马湖路与江堤小路交叉口东南40米,住宅小区,,120302,商务住宅,住宅区,住宅小区
广电·兰亭熙园,114.249258,30.537738,马鹦路与马沧湖路交汇处(汉阳区法院西侧100米),住宅小区,,120302,商务住宅,住宅区,住宅小区
邓甲新城E区,114.249915,30.536528,江堤小路与下马湖路交叉口东北60米,住宅小区,,120302,商务住宅,住宅区,住宅小区
名流公馆(二环线),114.249257,30.540852,龙江路与二环线辅路交叉口东南160米,住宅小区,,120302,商务住宅,住宅区,住宅小区
名流公馆NK4区,114.249395,30.540851,龙江路与二环线辅路交叉口东南180米,住宅小区,,120302,商务住宅,住宅区,住宅小区
江腾苑B区,114.252131,30.534706,高龙路,住宅小区,,120302,商务住宅,住宅区,住宅小区
新长江·香榭琴台墨园B区,114.250555,30.540483,五龙路与龙江路交叉口西南100米,住宅小区,,120302,商务住宅,住宅区,住宅小区
江腾苑2期,114.252503,30.536163,江腾苑路与马鹦路交叉口西南220米,住宅小区,,120302,商务住宅,住宅区,住宅小区
名流公馆,114.251757,30.539082,二环线附近,住宅小区,,120302,商务住宅,住宅区,住宅小区
名流公馆NK5区,114.251771,30.539082,二环线出口与五龙路交叉口东北100米,住宅小区,,120302,商务住宅,住宅区,住宅小区
芙蓉兴盛便利超市(江腾苑店),114.252675,30.534387,高龙路江腾苑b区大楼,住宅小区,,120302|060200,商务住宅,住宅区,住宅小区
新长江·香榭琴台墨园,114.250658,30.541288,汉阳马鹦路,住宅小区,,120302,商务住宅,住宅区,住宅小区
名流公馆NK3区,114.249828,30.542334,龙江路与五龙路交叉口西北200米,住宅小区,,120302,商务住宅,住宅区,住宅小区
水天一色公寓,114.248588,30.543761,马沧湖路85号,住宅小区,,120302,商务住宅,住宅区,住宅小区
瑞园住宅小区,114.252136,30.54025,五龙路与龙江路交叉口东南120米,住宅小区,,120302,商务住宅,住宅区,住宅小区
新长江·香榭琴台墨园A区,114.250727,30.542225,五龙路与龙江路交叉口西北140米,住宅小区,,120302,商务住宅,住宅区,住宅小区
江腾苑,114.253707,30.535918,江腾苑路,住宅小区,,120302,商务住宅,住宅区,住宅小区
江腾苑1期,114.253724,30.536029,江腾苑路,住宅小区,,120302,商务住宅,住宅区,住宅小区
金源华庭,114.248847,30.544346,马沧湖路83号,住宅小区,,120302,商务住宅,住宅区,住宅小区
开来·东方华庭,114.24796,30.545157,马沧湖路252号,住宅小区,,120302,商务住宅,住宅区,住宅小区
邓甲新城B区,114.253623,30.539522,马沧湖路240号,住宅小区,,120302,商务住宅,住宅区,住宅小区
水岸人家,114.249957,30.544268,马沧湖路81号,住宅小区,,120302,商务住宅,住宅区,住宅小区
丽湖花园,114.247279,30.546028,马沧湖路238号,住宅小区,,120302,商务住宅,住宅区,住宅小区
丽湖花园一期,114.247281,30.546028,马仓湖路238号,住宅小区,,120302,商务住宅,住宅区,住宅小区
东方华尔兹,114.242208,30.547603,墨水湖动物园路48号,住宅小区,,120302,商务住宅,住宅区,住宅小区
江腾苑A2区,114.25447,30.538916,马鹦路108号,住宅小区,,120302,商务住宅,住宅区,住宅小区
丽湖花园二期,114.248266,30.546029,马沧湖路228-234号,住宅小区,,120302,商务住宅,住宅区,住宅小区
龙江庭苑C区,114.252928,30.542124,五龙路55号,住宅小区,,120302,商务住宅,住宅区,住宅小区
邓甲新城A区,114.247153,30.546809,马沧湖路170号,住宅小区,,120302,商务住宅,住宅区,住宅小区
广电·兰亭都荟,114.25547,30.534615,钟家村马鹦路(汉阳区法院东侧),住宅小区,,120302,商务住宅,住宅区,住宅小区
红光景观苑,114.235549,30.547792,红光路与檀李湾路交叉口西南180米,住宅小区,,120302,商务住宅,住宅区,住宅小区
芯引丽水岸人家店,114.25041,30.544969,动物园路85号(水岸人家店),住宅小区,,120302,商务住宅,住宅区,住宅小区
龙江庭苑A区,114.251717,30.543876,五龙路51号,住宅小区,,120302,商务住宅,住宅区,住宅小区
康泰苑,114.258754,30.534562,夹河路80号,住宅小区,,120302,商务住宅,住宅区,住宅小区
江腾苑A区,114.256002,30.538857,马鹦路106号,住宅小区,,120302,商务住宅,住宅区,住宅小区
康泰苑2期,114.259618,30.53567,国博大道与二环线出口交叉口东180米,住宅小区,,120302,商务住宅,住宅区,住宅小区
江腾苑A1区,114.256311,30.538943,马鹦路与高龙路交叉口东北160米,住宅小区,,120302,商务住宅,住宅区,住宅小区
郡胜公寓,114.26061,30.534829,国博大道与二环线出口交叉口东280米,住宅小区,,120302,商务住宅,住宅区,住宅小区
盛世名门(夹河路店),114.260684,30.533865,降骏路18号1单元,住宅小区,,120302,商务住宅,住宅区,住宅小区
旅游小区,114.26062,30.53652,马鹦路与国博大道辅路交叉口南160米,住宅小区,,120302,商务住宅,住宅区,住宅小区
钢管小区,114.261096,30.535772,夹河路与马鹦路交叉口西南220米,住宅小区,,120302,商务住宅,住宅区,住宅小区
邓甲新城C区,114.25591,30.540579,马鹦路116号,住宅小区,,120302,商务住宅,住宅区,住宅小区
燕归园2期,114.257225,30.540825,龙江路与冰糖角路交叉口东南220米,住宅小区,,120302,商务住宅,住宅区,住宅小区
龙江村,114.254624,30.54159,动物园路龙江村,住宅小区,,120302,商务住宅,住宅区,住宅小区
武汉城建汉阳印象,114.258905,30.540702,国博大道与二环线出口交叉口西北240米,住宅小区,,120302,商务住宅,住宅区,住宅小区
人防小区,114.261462,30.539079,二环线出口与国博大道交叉口东南80米,住宅小区,,120302,商务住宅,住宅区,住宅小区
雅居苑小区,114.263227,30.534403,桥机新村1,住宅小区,,120302,商务住宅,住宅区,住宅小区
燕归园小区,114.257431,30.541998,龙江路7号,住宅小区,,120302,商务住宅,住宅区,住宅小区
枫桦苑1期,114.263125,30.537275,马鹦路与夹河路交叉口东100米,住宅小区,,120302,商务住宅,住宅区,住宅小区
翠微福苑物业,114.261559,30.539906,国博大道与二环线出口交叉口东40米,住宅小区,,120302,商务住宅,住宅区,住宅小区
枫华苑,114.263674,30.536597,马鹦路(马鹦路地铁站D口步行340米),住宅小区,,120302,商务住宅,住宅区,住宅小区
俭德居,114.262475,30.539175,二环线出口与国博大道交叉口东南140米,住宅小区,,120302,商务住宅,住宅区,住宅小区
城市晶品翠微新城,114.261256,30.540584,翠微横路18号,住宅小区,,120302,商务住宅,住宅区,住宅小区
翠微福苑,114.26245,30.539584,钟家村国博大道,住宅小区,,120302,商务住宅,住宅区,住宅小区
福星惠誉福园,114.26421,30.53492,鹦鹉大道290号,住宅小区,,120302,商务住宅,住宅区,住宅小区
夹河馨居,114.263151,30.538897,夹河路24号,住宅小区,,120302,商务住宅,住宅区,住宅小区
龙江庭苑,114.252694,30.543042,动物园路东51号,住宅小区,,120302,商务住宅,住宅区,住宅小区
三星公寓,114.263944,30.538354,夹河路7号,住宅小区,,120302,商务住宅,住宅区,住宅小区
枫华锦都,114.264969,30.536652,鹦鹉大道与马鹦路交汇处(马鹦路地铁站D口步行170米),住宅小区,,120302,商务住宅,住宅区,住宅小区
武汉城建·明镜台,114.256132,30.543747,龙江路7号,住宅小区,,120302,商务住宅,住宅区,住宅小区
汉阳华立苑,114.263932,30.539431,夹河路20号,住宅小区,,120302,商务住宅,住宅区,住宅小区
远洋东方境世界观2号地块,114.262007,30.541529,汉阳大道以南、国博大道以北、鹦鹉大道以西、规划肖家湾路以东,住宅小区,,120302,商务住宅,住宅区,住宅小区
瓜堤后地,114.265353,30.534289,鹦鹉大道与鹦鹉路交叉口西150米,住宅小区,,120302,商务住宅,住宅区,住宅小区
龙江庭苑B区,114.253233,30.543876,动物园路东头特1号,住宅小区,,120302,商务住宅,住宅区,住宅小区
汉阳福园,114.265761,30.533334,鹦鹉大道与瓜提巷交叉口西南60米,住宅小区,,120302,商务住宅,住宅区,住宅小区
油田小区,114.265904,30.535873,鹦鹉大道294号(马鹦路地铁站D口步行120米),住宅小区,,120302,商务住宅,住宅区,住宅小区
知音学府,114.264923,30.539114,夹河路5号,住宅小区,,120302,商务住宅,住宅区,住宅小区
枫华国际,114.266113,30.536917,鹦鹉大道马鹦路7号(马鹦路地铁站D口步行80米),住宅小区,,120302,商务住宅,住宅区,住宅小区
颐翠苑,114.264343,30.540617,拦江路243号,住宅小区,,120302,商务住宅,住宅区,住宅小区
中轧厂宿舍,114.266667,30.535611,鹦鹉大道282号(马鹦路地铁站D口步行160米),住宅小区,,120302,商务住宅,住宅区,住宅小区
夹河小区(鹦鹉大道),114.265843,30.539094,鹦鹉大道230号(马鹦路地铁站C口步行120米),住宅小区,,120302,商务住宅,住宅区,住宅小区
金地大成乐府二期(建设中),114.262366,30.53331,鹦鹉大道与锦绣路交叉口西北300米,住宅小区,,120302,商务住宅,住宅区,住宅小区
金地大成乐府(建设中),114.263797,30.532796,鹦鹉大道396号,住宅小区,,120302,商务住宅,住宅区,住宅小区
蓝江家园,114.265875,30.539914,夹河路1号(马鹦路地铁站C口步行360米),住宅小区,,120302,商务住宅,住宅区,住宅小区
福地华庭,114.262607,30.543441,平田南村69号,住宅小区,,120302,商务住宅,住宅区,住宅小区
大三合院,114.265823,30.540445,鹦鹉街办事处鹦鹉大道夹河路,住宅小区,,120302,商务住宅,住宅区,住宅小区
新长江香榭琴台东区,114.251796,30.54573,五龙路49号,住宅小区,,120302,商务住宅,住宅区,住宅小区
世茂锦绣长江4期,114.268103,30.535745,鹦鹉街办事处滨江大道192号,住宅小区,,120302,商务住宅,住宅区,住宅小区
新长江香榭琴台,114.249877,30.545507,动物园路与五龙路交叉口西120米,住宅小区,,120302,商务住宅,住宅区,住宅小区
远洋东方境世界观8号地块,114.264131,30.543297,汉阳大道以南、国博大道以北、鹦鹉大道以西、规划肖家湾路以东,住宅小区,,120302,商务住宅,住宅区,住宅小区
五里汉城,114.252971,30.546857,汉阳大道317号,住宅小区,,120302,商务住宅,住宅区,住宅小区
新长江香榭琴台西区,114.250213,30.546606,马沧湖路香谢琴台,住宅小区,,120302,商务住宅,住宅区,住宅小区
自力南苑,114.268232,30.539675,鹦鹉大道腰路堤(马鹦路地铁站B口步行210米),住宅小区,,120302,商务住宅,住宅区,住宅小区
嘉怡苑,114.268279,30.540406,鹦鹉街办事处自力新村25号,住宅小区,,120302,商务住宅,住宅区,住宅小区
自力新村(鹦鹉小道),114.268228,30.5409,自力一街与鹦鹉小道交叉口西北160米,住宅小区,,120302,商务住宅,住宅区,住宅小区
远洋国际天境,114.262725,30.546175,西桥路与翠微路交叉口西北40米,住宅小区,,120302,商务住宅,住宅区,住宅小区
世茂锦绣长江5期,114.270124,30.535065,鹦鹉小道39号(马鹦路地铁站A口步行220米),住宅小区,,120302,商务住宅,住宅区,住宅小区
武汉远洋里1期,114.262379,30.546447,西桥路与翠微路交叉口西北80米,住宅小区,,120302,商务住宅,住宅区,住宅小区
福星惠誉·汉阳华府,114.267982,30.541817,鹦鹉大道165附19正东方向50米,住宅小区,,120302,商务住宅,住宅区,住宅小区
高森庭院,114.26724,30.542821,拦江路211号(拦江路地铁站A口步行170米),住宅小区,,120302,商务住宅,住宅区,住宅小区
金源德林(武汉远洋里店),114.262329,30.546524,西桥路与翠微路交叉口西北100米,住宅小区,,120302,商务住宅,住宅区,住宅小区
复地翠微新城北区,114.257415,30.548013,翠微横路18号,住宅小区,,120302,商务住宅,住宅区,住宅小区
汉阳城,114.266518,30.543729,鹦鹉大道与拦江路交叉口北100米,住宅小区,,120302,商务住宅,住宅区,住宅小区
武汉市市政庭院,114.2676,30.542694,鹦鹉大道149-161号,住宅小区,,120302,商务住宅,住宅区,住宅小区
金江公寓,114.270281,30.537072,锦绣三路与鹦鹉小道交叉口东南100米,住宅小区,,120302,商务住宅,住宅区,住宅小区
汉阳城1期,114.267172,30.543349,拦江路辅路与鹦鹉大道交叉口东北100米,住宅小区,,120302,商务住宅,住宅区,住宅小区
江涛庭院,114.267573,30.542933,拦江路205号(拦江路地铁站A口步行150米),住宅小区,,120302,商务住宅,住宅区,住宅小区
世茂天胤,114.272514,30.535895,晴川大道与锦绣三路交叉口西南100米,住宅小区,,120302,商务住宅,住宅区,住宅小区
东星公寓,114.270373,30.538176,锦绣三路18号(马鹦路地铁站B口步行420米),住宅小区,,120302,商务住宅,住宅区,住宅小区
江景园,114.270566,30.538959,鹦鹉小道17号(马鹦路地铁站B口步行330米),住宅小区,,120302,商务住宅,住宅区,住宅小区
世茂锦绣长江二期,114.271885,30.539424,拦江路139附6号(拦江路地铁站B口步行350米),住宅小区,,120302,商务住宅,住宅区,住宅小区
商誉楼,114.273725,30.539025,拦江路139附6号世茂锦绣长江二期5号,住宅小区,,120200|120302,商务住宅,楼宇,
世贸希尔顿酒店商寓楼,114.273925,30.538975,滨江大道190号武汉世茂希尔顿酒店,住宅小区,,120200|120302,商务住宅,楼宇,
锦绣苑,114.270367,30.540792,鹦鹉小道1号(拦江路地铁站B口步行190米),住宅小区,,120302,商务住宅,住宅区,住宅小区
世茂锦绣长江,114.273458,30.540298,滨江大道188号,住宅小区,,120302,商务住宅,住宅区,住宅小区
建安小区,114.26915,30.541377,鹦鹉大道腰路堤片(拦江路地铁站B口步行140米),住宅小区,,120302,商务住宅,住宅区,住宅小区
杨泗社区水务小区,114.27035,30.541655,腰路堤43号(拦江路地铁站B口步行200米),住宅小区,,120302,商务住宅,住宅区,住宅小区
世茂锦绣长江1期,114.274797,30.54107,滨江大道188号,住宅小区,,120302,商务住宅,住宅区,住宅小区
鹦鹉花园玫瑰湖畔,114.273039,30.541947,阳新路与锦绣一路交叉口西南180米,住宅小区,,120302,商务住宅,住宅区,住宅小区
月影江畔,114.269325,30.542875,鹦鹉街街道拦江路(拦江路地铁站B口步行100米),住宅小区,,120302,商务住宅,住宅区,住宅小区
鹦鹉花园4期,114.271641,30.542868,腰路堤路与鹦鹉小道交叉口东北160米,住宅小区,,120302,商务住宅,住宅区,住宅小区
鹦鹉花园,114.272309,30.542908,拦江路193附6号(拦江路地铁站B口步行130米),住宅小区,,120302,商务住宅,住宅区,住宅小区
鹦鹉花园E区,114.269025,30.543425,拦江路与腰路堤路交叉口东40米(拦江路地铁站D口旁),住宅小区,,120302,商务住宅,住宅区,住宅小区
鹦鹉花园,114.270435,30.543872,拦江路193号鹦鹉花园A栋地下室,住宅小区,,130106|120302,商务住宅,住宅区,住宅小区
鹦鹉花园樱花园,114.273541,30.544223,鹦鹉街办事处拦江路鹦鹉花园,住宅小区,,120302,商务住宅,住宅区,住宅小区
碧桂园·晴川府,114.275904,30.543288,滨江大道186号,住宅小区,,120302,商务住宅,住宅区,住宅小区
福星惠誉·汉阳城,114.270326,30.544803,拦江路160号(拦江路地铁站D口步行240米),住宅小区,,120302,商务住宅,住宅区,住宅小区
福星惠誉·汉阳城云顶,114.267584,30.544908,建桥街道青石小区拦江路(拦江路地铁站A口步行100米),住宅小区,,120302,商务住宅,住宅区,住宅小区
青石小区,114.26949,30.545526,青石桥路与邬家巷交叉口东40米,住宅小区,,120302,商务住宅,住宅区,住宅小区
南城小区,114.272654,30.545442,拦江路(拦江路地铁站D口步行440米),住宅小区,,120302,商务住宅,住宅区,住宅小区
江御,114.276563,30.54454,拦江路与鼓楼东街交叉口东南120米,住宅小区,,120302,商务住宅,住宅区,住宅小区
武汉四新生态新城,114.265837,30.545652,翠微路与鹦鹉大道交叉口西南40米,住宅小区,,120302,商务住宅,住宅区,住宅小区
翠微路社区,114.265596,30.545764,汉阳大道翠微路8号(钟家村地铁站D口步行250米),住宅小区,,120302,商务住宅,住宅区,住宅小区
海山·观江楼,114.275212,30.545507,阳新路特1号,住宅小区,,120302,商务住宅,住宅区,住宅小区
共勉街28号,114.27499,30.545866,共勉街牌坊右侧,住宅小区,,120302,商务住宅,住宅区,住宅小区
金茂樾满晴川(建设中),114.273229,30.545121,群建路与拦江路交叉口东北40米,住宅小区,,120302,商务住宅,住宅区,住宅小区
三槐一岭,114.27157,30.546807,陶家巷与群建路交叉口西120米,住宅小区,,120302,商务住宅,住宅区,住宅小区
陶家巷(群建路),114.272022,30.546878,群建路与陶家巷交叉口西北80米,住宅小区,,120302|190301,商务住宅,住宅区,住宅小区
洲尾小区,114.277813,30.544959,滨江大道102号,住宅小区,,120302,商务住宅,住宅区,住宅小区
朗星小区,114.276325,30.545737,钟家村,住宅小区,,120302,商务住宅,住宅区,住宅小区
共勉小区,114.275063,30.546399,共勉街,住宅小区,,120302,商务住宅,住宅区,住宅小区
棉花雅苑,114.27427,30.546675,阳新路14号,住宅小区,,120302,商务住宅,住宅区,住宅小区
迎江华庭,114.277699,30.545444,滨江大道101号,住宅小区,,120302,商务住宅,住宅区,住宅小区
中海寰宇天下观云府7号地块,114.266575,30.547125,鹦鹉大道与西大街交叉口东北60米,住宅小区,,120302,商务住宅,住宅区,住宅小区
江叁號院,114.276574,30.5463,拦江路38号,住宅小区,,120302,商务住宅,住宅区,住宅小区
远洋归元,114.263607,30.546542,汉阳大道与鹦鹉大道交汇处(归元寺旁),住宅小区,,120302,商务住宅,住宅区,住宅小区
中海寰宇天下·观云府,114.272795,30.548074,"汉阳大道以南,拦江路以北,鹦鹉大道以东,阳新路以西的归元片二期A包8号地块",住宅小区,,120302,商务住宅,住宅区,住宅小区
朗星巷,114.277598,30.546699,鹦鹉大道,住宅小区,,120302,商务住宅,住宅区,住宅小区
武汉长江天地,114.29049,30.533419,张之洞路,住宅小区,,120302,商务住宅,住宅区,住宅小区
花堤街小区,114.292621,30.53853,矿局路与花堤街交叉口西南100米,住宅小区,,120302,商务住宅,住宅区,住宅小区
金融街·融御滨江,114.293125,30.541089,彭刘杨西路139号,住宅小区,,120302,商务住宅,住宅区,住宅小区
紫阳之星,114.296729,30.534789,解放路229号(复兴路地铁站D口步行460米),住宅小区,,120302,商务住宅,住宅区,住宅小区
平湖门小区B,114.293525,30.542125,花堤街与清风后街交叉口西南40米,住宅小区,,120302,商务住宅,住宅区,住宅小区
平湖门小区,114.293503,30.542147,花堤街与清风后街交叉口西南40米,住宅小区,,120302,商务住宅,住宅区,住宅小区
江畔新城,114.293235,30.542624,临江大道14号,住宅小区,,120302,商务住宅,住宅区,住宅小区
汉飞又一城,114.295342,30.540638,彭刘杨路与文明路交汇处(围合武汉音乐学院),住宅小区,,120302,商务住宅,住宅区,住宅小区
金厦小区,114.297604,30.534584,张之洞路与解放路交叉口东60米,住宅小区,,120302,商务住宅,住宅区,住宅小区
彭刘杨路社区,114.295411,30.542294,清风巷与彭刘杨路交叉口西南60米,住宅小区,,120302,商务住宅,住宅区,住宅小区
彭刘杨路社区宜居家园,114.294448,30.543238,彭刘杨路与黄鹤楼道交叉口东北20米,住宅小区,,120302,商务住宅,住宅区,住宅小区
黄鹤楼道小区,114.293914,30.5438,黄鹤楼道与乃园交叉口西南60米,住宅小区,,120302,商务住宅,住宅区,住宅小区
清风巷小区,114.29569,30.54257,彭刘杨路与清风巷交叉口南20米,住宅小区,,120302,商务住宅,住宅区,住宅小区
邮政大院,114.297575,30.540125,彭刘杨路与彭刘杨西路交叉口东40米,住宅小区,,120302,商务住宅,住宅区,住宅小区
万商云集(武汉)科技有限公司武昌分公司,114.298825,30.533625,解放路168号武汉文创大厦18楼3室,住宅小区,,120302,商务住宅,住宅区,住宅小区
彭路社区,114.295232,30.543242,乃园与大成路交叉口西北20米,住宅小区,,120302,商务住宅,住宅区,住宅小区
威宝小区,114.298307,30.538804,读书院,住宅小区,,120302,商务住宅,住宅区,住宅小区
大陶家巷33-34号,114.296677,30.541981,黄鹤楼街道大陶家巷39号,住宅小区,,120302,商务住宅,住宅区,住宅小区
乃园1号,114.295275,30.543575,乃园与大成路交叉口北40米,住宅小区,,120302,商务住宅,住宅区,住宅小区
乃园社区,114.29587,30.54336,司门口大成路黄鹤世家旁,住宅小区,,120302,商务住宅,住宅区,住宅小区
解放路333号明悦公寓,114.297959,30.540988,解放路333号,住宅小区,,120302,商务住宅,住宅区,住宅小区
政通体苑,114.29458,30.544695,大成路,住宅小区,,120302,商务住宅,住宅区,住宅小区
吉祥巷小区,114.29663,30.542944,吉祥巷与大成路交叉口南40米,住宅小区,,120302,商务住宅,住宅区,住宅小区
城市花园,114.299589,30.537663,读书院49号,住宅小区,,120302,商务住宅,住宅区,住宅小区
中海寰宇天下,114.278928,30.546815,晴川大道与显正街交汇处,住宅小区,,120302,商务住宅,住宅区,住宅小区
梳妆台小2区,114.299176,30.53927,后长街与彭刘杨路交叉口南60米,住宅小区,,120302,商务住宅,住宅区,住宅小区
省文化厅宿舍红色物业自治服务小区,114.299281,30.539175,后长街与彭刘杨路交叉口南80米,住宅小区,,120302,商务住宅,住宅区,住宅小区
读书院,114.299707,30.538032,彭刘杨路读书院3号(彭刘杨地铁站A口步行450米),住宅小区,,120302,商务住宅,住宅区,住宅小区
城市花园12期,114.299975,30.536925,楚康东路与泰康南路交叉口东北140米,住宅小区,,120302,商务住宅,住宅区,住宅小区
解放路320号小区,114.298635,30.540827,解放路与彭刘杨路交叉口东北120米,住宅小区,,120302,商务住宅,住宅区,住宅小区
电信还建楼,114.300475,30.533925,张之洞路与复兴路交叉口西100米,住宅小区,,120302,商务住宅,住宅区,住宅小区
黄鹤世家,114.296425,30.544077,大成路29号,住宅小区,,120302,商务住宅,住宅区,住宅小区
紫阳·金利屋,114.302281,30.535056,张之洞路139号(复兴路地铁站C2口旁),住宅小区,,120302,商务住宅,住宅区,住宅小区
武库大院,114.302525,30.536275,烈士街与复兴路交叉口东南100米,住宅小区,,120302,商务住宅,住宅区,住宅小区
城市花园三期,114.300477,30.537701,中山路,住宅小区,,120302,商务住宅,住宅区,住宅小区
新宇安居楼,114.302841,30.536286,紫阳街办事处(复兴路地铁站C2口步行270米),住宅小区,,120302,商务住宅,住宅区,住宅小区
五库村大院,114.303511,30.535522,烈士街30号(复兴路地铁站B口步行270米),住宅小区,,120302,商务住宅,住宅区,住宅小区
兴华苑小区(体育街),114.303549,30.536919,体育街特1号(复兴路地铁站C2口步行450米),住宅小区,,120302,商务住宅,住宅区,住宅小区
719所小区,114.304075,30.535875,体育街与烈士街交叉口南100米,住宅小区,,120302,商务住宅,住宅区,住宅小区
首义师苑,114.300905,30.538686,复兴路152号,住宅小区,,120302,商务住宅,住宅区,住宅小区
新宇佳苑(铜钱巷),114.303102,30.537714,黄鹤楼街办事处天亿广场,住宅小区,,120302,商务住宅,住宅区,住宅小区
湖北省奥林匹克体育中心首义大院,114.303597,30.5373,黄鹤楼街街道彭刘杨路体育街特1号,住宅小区,,120302,商务住宅,住宅区,住宅小区
金榜名苑,114.299983,30.538969,彭刘杨路228号(彭刘杨地铁站C口步行290米),住宅小区,,120302,商务住宅,住宅区,住宅小区
新宇小区,114.303175,30.539375,彭刘杨路与体育街交叉口西南100米,住宅小区,,120302,商务住宅,住宅区,住宅小区
鑫华园酒楼(彭刘杨路),114.303279,30.539727,彭刘杨路232号天合大厦,住宅小区,,120302|050101,商务住宅,住宅区,住宅小区
黄鹤楼街中营社区,114.299025,30.541025,后长街与彭刘杨路交叉口北120米,住宅小区,,120302,商务住宅,住宅区,住宅小区
翠湖苑,114.3069,30.532624,张之洞路(首义路地铁站A口步行200米),住宅小区,,120302,商务住宅,住宅区,住宅小区
复兴路社区工程营小区,114.30726,30.533216,紫阳路232号(首义路地铁站A口旁),住宅小区,,120302,商务住宅,住宅区,住宅小区
首义小区南区,114.30735,30.536697,楚善四巷与长湖南路交叉口西80米,住宅小区,,120302,商务住宅,住宅区,住宅小区
武昌首义社区,114.307696,30.534092,首义小区26栋(首义路地铁站E口步行70米),住宅小区,,120302,商务住宅,住宅区,住宅小区
八卦井2号,114.30097,30.541777,九龙井正街2号(彭刘杨地铁站B2口步行150米),住宅小区,,120302,商务住宅,住宅区,住宅小区
首义小区,114.307821,30.537267,紫阳路169号(首义路地铁站E口步行70米),住宅小区,,120302,商务住宅,住宅区,住宅小区
首义小区北区,114.307694,30.537648,楚善三巷与首义小路交叉口西南20米,住宅小区,,120302,商务住宅,住宅区,住宅小区
扎珠前街37号,114.300363,30.542306,后长街与大成路交叉口东南140米,住宅小区,,120302,商务住宅,住宅区,住宅小区
园丁小区,114.309181,30.536438,阅马场首义路146号(首义名居对面),住宅小区,,120302,商务住宅,住宅区,住宅小区
黄鹤楼小区1期,114.299025,30.543025,大成路与解放路交叉口东南40米,住宅小区,,120302,商务住宅,住宅区,住宅小区
黄鹤小区,114.299848,30.543164,后长街75号(彭刘杨地铁站B2口步行340米),住宅小区,,120302,商务住宅,住宅区,住宅小区
民政小区,114.30962,30.535697,首义路与首义五巷交叉口东南40米,住宅小区,,120302,商务住宅,住宅区,住宅小区
九龙井小区,114.30388,30.542682,体育街(彭刘杨地铁站B1口步行210米),住宅小区,,120302,商务住宅,住宅区,住宅小区
皇冠幸福里(首义路店),114.309383,30.537391,首义路小区43栋1-1号,住宅小区,,120302|050800,商务住宅,住宅区,住宅小区
美联·首义尚景,114.308077,30.540156,首义路街办事处武珞路28号阅马场内(东侧),住宅小区,,120302,商务住宅,住宅区,住宅小区
大成公寓(首义公园路),114.297619,30.543467,大成路大成9号大成网吧三楼,住宅小区,,120302,商务住宅,住宅区,住宅小区
法苑小区,114.310244,30.534026,张之洞路241号(首义路地铁站D3口旁),住宅小区,,120302,商务住宅,住宅区,住宅小区
首义四巷小区,114.310013,30.537279,阅马场首义路85号(首义路地铁站D3口步行450米),住宅小区,,120302,商务住宅,住宅区,住宅小区
先贤苑,114.300055,30.543952,司门口大成路后长街,住宅小区,,120302,商务住宅,住宅区,住宅小区
商会小区-南楼,114.309925,30.537875,首义路与首义四巷交叉口东北60米,住宅小区,,120302|120200,商务住宅,住宅区,住宅小区
首義名居,114.310421,30.53687,首义路95号(首义路地铁站D3口步行310米),住宅小区,,120302,商务住宅,住宅区,住宅小区
江零社区,114.310541,30.533599,张之洞路与首义五巷交叉口西北60米,住宅小区,,120302,商务住宅,住宅区,住宅小区
湖北省民主党派大楼,114.31015,30.538385,首义路71号,住宅小区,,120302,商务住宅,住宅区,住宅小区
武昌源著(建设中),114.302355,30.537292,复兴路132号(复兴路地铁站C2口步行190米),住宅小区,,120302,商务住宅,住宅区,住宅小区
春江名苑(建设中),114.299751,30.542379,武昌区司门口黄鹤楼街道75-11,住宅小区,,120302,商务住宅,住宅区,住宅小区
江零社区,114.31104,30.53514,首义路地铁站D2入口步行310米,住宅小区,,120302,商务住宅,住宅区,住宅小区
首义路47号小区,114.310167,30.539125,首义路与长湖北路交叉口东南60米,住宅小区,,120302,商务住宅,住宅区,住宅小区
首义二巷1号,114.309975,30.539625,首义路与长湖北路交叉口东北20米,住宅小区,,120302,商务住宅,住宅区,住宅小区
首义路101号小区,114.311652,30.536459,首义路与长湖正街交叉口东220米,住宅小区,,120302,商务住宅,住宅区,住宅小区
民主大巷1号,114.301532,30.545957,民主路175号(司门口黄鹤楼地铁站A口步行90米),住宅小区,,120302,商务住宅,住宅区,住宅小区
豪泰锦德,114.303901,30.545704,民主路与横街交叉口东180米,住宅小区,,120302,商务住宅,住宅区,住宅小区
民主大巷3号,114.301396,30.546379,民主路153号(司门口黄鹤楼地铁站A口步行150米),住宅小区,,120302,商务住宅,住宅区,住宅小区
三道街8号小区,114.303873,30.546253,三道街与横街交叉口东180米,住宅小区,,120302,商务住宅,住宅区,住宅小区
民主大巷小区,114.306803,30.545214,民主路与胭脂路交叉口西约140米,住宅小区,,120302,商务住宅,住宅区,住宅小区
武房趣家民主路社区2期,114.306275,30.545475,民主路与佑康路交叉口东北20米,住宅小区,,120302,商务住宅,住宅区,住宅小区
民主路65号小区,114.297481,30.546915,民主路与解放路交叉口西200米,住宅小区,,120302,商务住宅,住宅区,住宅小区
司门口民主巷小区,114.298415,30.547038,解放路,住宅小区,,120302,商务住宅,住宅区,住宅小区
民主大巷24号,114.3013,30.547136,横街5号(司门口黄鹤楼地铁站C口步行160米),住宅小区,,120302,商务住宅,住宅区,住宅小区
七四三五公寓,114.313014,30.540059,武珞路114号中南财经政法大学首义校区对面,住宅小区,,120302,商务住宅,住宅区,住宅小区
三道街社区,114.306186,30.546408,三道街18号(司门口黄鹤楼地铁站A口步行420米),住宅小区,,120302,商务住宅,住宅区,住宅小区
广福坊,114.296776,30.547285,司门口民主路,住宅小区,,120302,商务住宅,住宅区,住宅小区
胭脂山花园,114.307153,30.546009,三道街118号,住宅小区,,120302,商务住宅,住宅区,住宅小区
政通壹公馆,114.314756,30.535052,千家街旁,住宅小区,,120302,商务住宅,住宅区,住宅小区
黄鹄新园,114.314517,30.537451,武珞路114号中南财经政法大学首义校区内,住宅小区,,120302,商务住宅,住宅区,住宅小区
半边坊,114.308719,30.545304,粮道街办事处胭脂路胭脂坪,住宅小区,,120302,商务住宅,住宅区,住宅小区
司门口青龙巷小区,114.301534,30.547686,司门口火炬路48号(司门口黄鹤楼地铁站C口步行70米),住宅小区,,120302,商务住宅,住宅区,住宅小区
烈士祠小区,114.313331,30.540734,武珞路辅路与首义路交叉口东340米,住宅小区,,120302,商务住宅,住宅区,住宅小区
户部巷45号底商,114.298475,30.547875,自由路与解放路交叉口西120米,住宅小区,,120302,商务住宅,住宅区,住宅小区
户部巷小区,114.298099,30.547929,自由路与户部巷交叉口西40米,住宅小区,,120302,商务住宅,住宅区,住宅小区
民主路荆南街小区,114.31006,30.54479,民主路荆南街13号,住宅小区,,120302,商务住宅,住宅区,住宅小区
楚材社区,114.301497,30.548096,中华路88号附2号,住宅小区,,120302,商务住宅,住宅区,住宅小区
楚材社区南区,114.301571,30.548137,楚材街与宁华路交叉口东南20米,住宅小区,,120302,商务住宅,住宅区,住宅小区
育才嘉苑,114.315311,30.536484,千家街8号,住宅小区,,120302,商务住宅,住宅区,住宅小区
建设科大院,114.297773,30.548144,都府堤41号5栋附近,住宅小区,,120302,商务住宅,住宅区,住宅小区
金专苑住宅区,114.309526,30.545518,荆南街15号,住宅小区,,120302,商务住宅,住宅区,住宅小区
白土塘小区,114.305196,30.547679,粮道大巷与粮道街交汇处东南100米,住宅小区,,120302,商务住宅,住宅区,住宅小区
千家鑫苑,114.315684,30.535356,武昌火车站地铁站G1口步行210米,住宅小区,,120302,商务住宅,住宅区,住宅小区
育才嘉苑2期,114.315975,30.536275,中山路辅路与荣发路交叉口西180米,住宅小区,,120302,商务住宅,住宅区,住宅小区
华中师大一附中武昌校区家属区(南),114.316323,30.536951,千家街4号(武昌火车站地铁站G1口步行390米),住宅小区,,120302,商务住宅,住宅区,住宅小区
中山路517号小区,114.317845,30.535271,中山路与荣发路交叉口南160米,住宅小区,,120302,商务住宅,住宅区,住宅小区
新宏基宿舍,114.318498,30.534449,中山路辅路与紫阳东路交叉口东北240米,住宅小区,,120302,商务住宅,住宅区,住宅小区
千家街83号,114.317153,30.537496,中山路402号附10号,住宅小区,,120302,商务住宅,住宅区,住宅小区
中山路501号小区,114.318205,30.53655,中山路501号(武昌火车站地铁站F口步行450米),住宅小区,,120302,商务住宅,住宅区,住宅小区
幸福彼岸,114.318618,30.536627,荣发路与中山路辅路交叉口东80米,住宅小区,,120302,商务住宅,住宅区,住宅小区
燃料小区,114.319234,30.534615,老车站路164号,住宅小区,,120302,商务住宅,住宅区,住宅小区
金涛铭座,114.31745,30.538237,千家街18号,住宅小区,,120302,商务住宅,住宅区,住宅小区
大东门荣发小区,114.319058,30.536651,荣发路与老车站路交叉口西60米,住宅小区,,120302,商务住宅,住宅区,住宅小区
中山路社区,114.317439,30.538625,千家街与武珞路辅路交叉口南180米,住宅小区,,120302,商务住宅,住宅区,住宅小区
老车站路15号小区,114.319419,30.53725,老车站路与荣发路交叉口西北60米,住宅小区,,120302,商务住宅,住宅区,住宅小区
平安苑,114.320368,30.534058,老车站路与武珞路二巷交叉口南260米,住宅小区,,120302,商务住宅,住宅区,住宅小区
幸福里寓,114.320171,30.533326,中山路542号(武昌火车站地铁站F口步行450米),住宅小区,,120302,商务住宅,住宅区,住宅小区
绿荫苑,114.320599,30.53458,首义街大东门铁路小区内1号武昌区教育局附近,住宅小区,,120302,商务住宅,住宅区,住宅小区
德福苑小区,114.319019,30.538407,中山路辅路与四村南路交叉口东南约140米,住宅小区,,120302,商务住宅,住宅区,住宅小区
悦心苑,114.320652,30.535209,老车站路与武珞路二巷交叉口东南140米,住宅小区,,120302,商务住宅,住宅区,住宅小区
温馨苑,114.320664,30.534937,首义街大东门铁路小区内1号武昌区教育局附近,住宅小区,,120302,商务住宅,住宅区,住宅小区
和谐苑,114.320709,30.535508,老车站路与武珞路二巷交叉口东南120米,住宅小区,,120302,商务住宅,住宅区,住宅小区
中南财经政法大学首义校区家属院,114.316554,30.539768,武珞路114号中南财经政法大学首义校区,住宅小区,,120302,商务住宅,住宅区,住宅小区
康乐苑,114.320703,30.535755,武珞路二巷,住宅小区,,120302,商务住宅,住宅区,住宅小区
武汉铁路大东门住宅小区,114.320738,30.533979,大东门武珞路二巷,住宅小区,,120302,商务住宅,住宅区,住宅小区
大东门社区,114.320683,30.536241,紫阳东路106号,住宅小区,,120302,商务住宅,住宅区,住宅小区
紫竹园小区,114.320713,30.537981,武珞路二巷与武珞路辅路交叉口西南120米,住宅小区,,120302,商务住宅,住宅区,住宅小区
中天水景,114.320957,30.538606,大东门花鸟鱼艺大市场进门下坡左手边第一家,住宅小区,,120302,商务住宅,住宅区,住宅小区
武珞路四巷102号小区,114.322931,30.533976,紫阳东路与东安路交叉口东北300米,住宅小区,,120302,商务住宅,住宅区,住宅小区
吉祥人家,114.323076,30.534902,武珞路四巷36号,住宅小区,,120302,商务住宅,住宅区,住宅小区
祥云山庄,114.317031,30.542736,中山路399号(小东门地铁站B2口步行320米),住宅小区,,120302,商务住宅,住宅区,住宅小区
小东门社区北区,114.315946,30.542902,棋盘街26号(小东门地铁站B2口步行220米),住宅小区,,120302,商务住宅,住宅区,住宅小区
小东门社区,114.316495,30.542862,民主路二村14号(小东门地铁站B2口步行200米),住宅小区,,120302,商务住宅,住宅区,住宅小区
水院小区,114.324383,30.534614,梅苑路22号(梅苑小区地铁站A口步行420米),住宅小区,,120302,商务住宅,住宅区,住宅小区
武珞路四巷小区,114.323973,30.537419,武珞路辅路与武珞路四巷交叉口西约20米,住宅小区,,120302,商务住宅,住宅区,住宅小区
长春小区,114.320837,30.541383,舒家街78号,住宅小区,,120302,商务住宅,住宅区,住宅小区
长春社区,114.324235,30.536884,武珞路四巷81号(十五中地铁站C口步行400米),住宅小区,,120302,商务住宅,住宅区,住宅小区
杏林苑,114.314496,30.543191,民主路504号(小东门地铁站B1口步行280米),住宅小区,,120302,商务住宅,住宅区,住宅小区
中南帝斯曼国际住宅楼,114.324325,30.537275,武珞路四巷与武珞路辅路交叉口东南20米,住宅小区,,120302,商务住宅,住宅区,住宅小区
佳兆业广场天御,114.324678,30.535742,武珞路辅路与梅苑路交叉口西180米,住宅小区,,120302,商务住宅,住宅区,住宅小区
现代大厦,114.319408,30.542536,中山路317号(小东门地铁站C口步行300米),住宅小区,,120302,商务住宅,住宅区,住宅小区
蛇山六坡一号小区,114.313224,30.543326,蛇山六坡1(小东门地铁站B1口步行410米),住宅小区,,120302,商务住宅,住宅区,住宅小区
凯乐花园-龙堂,114.323527,30.539462,武珞路与武珞路三巷交叉口北160米,住宅小区,,120302,商务住宅,住宅区,住宅小区
蛇山六坡二十号小区,114.312739,30.543466,民主路与荆南街交叉口东南180米,住宅小区,,120302,商务住宅,住宅区,住宅小区
武汉支队家属楼,114.314675,30.543875,忠孝门与云架桥交叉口东南180米,住宅小区,,120302,商务住宅,住宅区,住宅小区
凯乐花园-龙阁,114.324177,30.5397,武珞路五巷与武珞路辅路交叉口北200米,住宅小区,,120302,商务住宅,住宅区,住宅小区
舒家街小区,114.324063,30.539993,舒家街86号,住宅小区,,120302,商务住宅,住宅区,住宅小区
凯乐花园(舒家街),114.323894,30.540319,武珞路五巷46号,住宅小区,,120302,商务住宅,住宅区,住宅小区
忠孝门77-85号小区,114.317163,30.544203,忠孝门与民主路交叉口北80米,住宅小区,,120302,商务住宅,住宅区,住宅小区
绿州广场,114.325826,30.536304,中南路街办事处武珞路230号傅家坡客运站,住宅小区,,120302,商务住宅,住宅区,住宅小区
紫阳东路社区居民楼,114.325943,30.535866,中南路街街道梅苑路武珞路363号挚友农家菜背后,住宅小区,,120302,商务住宅,住宅区,住宅小区
忠孝门小区,114.315423,30.544961,忠孝门28号(小东门地铁站A口步行370米),住宅小区,,120302,商务住宅,住宅区,住宅小区
建发璟玥,114.326574,30.534588,武珞路与梅苑路交叉口南180米,住宅小区,,120302,商务住宅,住宅区,住宅小区
中南致知小苑,114.326411,30.536823,武珞路377号,住宅小区,,120302,商务住宅,住宅区,住宅小区
小东门桃源小区,114.315706,30.545377,忠孝门与云架桥交叉口东160米,住宅小区,,120302,商务住宅,住宅区,住宅小区
泰安楼,114.313722,30.545515,忠孝门与云架桥交叉口西20米,住宅小区,,120302,商务住宅,住宅区,住宅小区
小东门社区北区,114.316486,30.54551,中山路380号(小东门地铁站A口步行120米),住宅小区,,120302,商务住宅,住宅区,住宅小区
武昌区粮道街民主路社区,114.311501,30.54517,荆南街32号,住宅小区,,120302,商务住宅,住宅区,住宅小区
湖北省应急管理厅付家坡桂苑,114.327407,30.53458,中南路街道武珞路360号,住宅小区,,120302,商务住宅,住宅区,住宅小区
二十五中校内小区,114.3235,30.54303,中南二路与民主路交叉口西南120米,住宅小区,,120302,商务住宅,住宅区,住宅小区
洪山坊社区武珞路五巷,114.326273,30.539946,武珞路五巷94附1号附近,住宅小区,,120302,商务住宅,住宅区,住宅小区
中山桥社区北区,114.316975,30.545875,粮道街与中山路辅路交叉口西120米,住宅小区,,120302,商务住宅,住宅区,住宅小区
怡博苑,114.315745,30.546048,马蹄营19(小东门地铁站A口步行290米),住宅小区,,120302,商务住宅,住宅区,住宅小区
湖北经济学院小区,114.312278,30.546043,朱家巷21号,住宅小区,,120302,商务住宅,住宅区,住宅小区
法庭小区,114.327875,30.537675,武珞路六巷与武珞路辅路交叉口东北160米,住宅小区,,120302,商务住宅,住宅区,住宅小区
马应龙医院住宅区,114.32815,30.537,武珞路八巷与武珞路辅路交叉口东北100米,住宅小区,,120302,商务住宅,住宅区,住宅小区
广通小区,114.317279,30.546353,中山路378号(小东门地铁站A口步行110米),住宅小区,,120302,商务住宅,住宅区,住宅小区
民主路620号小区,114.324677,30.542956,中南二路与安家湾交叉口西100米,住宅小区,,120302,商务住宅,住宅区,住宅小区
戈甲营红色物业小区,114.315702,30.546546,粮道街与云架桥交叉口东140米,住宅小区,,120302,商务住宅,住宅区,住宅小区
电信住宅区,114.317708,30.546396,粮道街与中山路辅路交叉口西北60米,住宅小区,,120302,商务住宅,住宅区,住宅小区
朱家巷18号,114.312171,30.54641,粮道街244号小区附近,住宅小区,,120302,商务住宅,住宅区,住宅小区
阳光年华,114.325319,30.542593,中南二路57号,住宅小区,,120302,商务住宅,住宅区,住宅小区
小刘家湾社区,114.326616,30.541273,中南一路68-16号,住宅小区,,120302,商务住宅,住宅区,住宅小区
中交二航局家属楼,114.321375,30.545475,民主路与紫沙路交叉口西北220米,住宅小区,,120302,商务住宅,住宅区,住宅小区
云架桥小区,114.314667,30.546955,云架桥49号-55号(小东门地铁站A口步行430米),住宅小区,,120302,商务住宅,住宅区,住宅小区
武汉二师教工宿舍小区,114.328416,30.53831,武珞路389号,住宅小区,,120302,商务住宅,住宅区,住宅小区
金沙花园,114.321788,30.545653,民主路与紫沙路交叉口西北220米,住宅小区,,120302,商务住宅,住宅区,住宅小区
金沙阁,114.322227,30.545547,紫沙路23号,住宅小区,,120302,商务住宅,住宅区,住宅小区
民主路610号附1号,114.324175,30.544375,民主路与中南二路交叉口北40米,住宅小区,,120302,商务住宅,住宅区,住宅小区
粮道街285号小区,114.313086,30.547159,粮道街与棋盘街交叉口西60米,住宅小区,,120302,商务住宅,住宅区,住宅小区
胭脂坪19号,114.30891,30.546101,胭脂路36号附2号,住宅小区,,120302,商务住宅,住宅区,住宅小区
中南国际城,114.329226,30.534191,武珞路442号,住宅小区,,120302,商务住宅,住宅区,住宅小区
粮道街244号小区,114.311976,30.547015,朱家巷与粮道街交叉口西南20米,住宅小区,,120302,商务住宅,住宅区,住宅小区
煜龙山庄,114.311446,30.546916,粮道街238号,住宅小区,,120302,商务住宅,住宅区,住宅小区
中南规划设计院小区,114.328269,30.539679,中南路街办事处中南一路47号,住宅小区,,120302,商务住宅,住宅区,住宅小区
武昌紫沙路53号小区,114.321572,30.545998,紫沙路53号,住宅小区,,120302,商务住宅,住宅区,住宅小区
金沙苑,114.323101,30.545581,紫沙路28号,住宅小区,,120302,商务住宅,住宅区,住宅小区
华润置地公馆,114.326292,30.543491,民主路624号,住宅小区,,120302,商务住宅,住宅区,住宅小区
测绘院家属院,114.328858,30.539929,中南路街街道中南一路50号,住宅小区,,120302,商务住宅,住宅区,住宅小区
武昌紫沙路75号(甲、乙栋),114.321461,30.546801,紫沙路75号,住宅小区,,120302,商务住宅,住宅区,住宅小区
湖北省测绘局中南大院,114.328782,30.540466,中南一路50号(中南路地铁站B口步行440米),住宅小区,,120302,商务住宅,住宅区,住宅小区
东方映象,114.329975,30.537225,中南一路与小刘家湾交叉口南220米,住宅小区,,120302,商务住宅,住宅区,住宅小区
小东门电子小区,114.31985,30.547414,民主一路56号,住宅小区,,120302,商务住宅,住宅区,住宅小区
省建材大院,114.329461,30.539088,中南一路45号,住宅小区,,120302,商务住宅,住宅区,住宅小区
中南龙庭,114.32722,30.542817,中南二路80号,住宅小区,,120302,商务住宅,住宅区,住宅小区
胭脂山桂苑小区,114.309055,30.547098,粮道街与胭脂路交汇处东南100米,住宅小区,,120302,商务住宅,住宅区,住宅小区
宁馨苑,114.325309,30.545081,民主二路16号附7号,住宅小区,,120302,商务住宅,住宅区,住宅小区
云鹤星苑,114.314542,30.548428,棋盘街52-93号(螃蟹岬地铁站E口步行480米),住宅小区,,120302,商务住宅,住宅区,住宅小区
武汉中南路中建广场公寓,114.332425,30.534975,中南路2号中建广场(中南路地铁站D2口步行250米),住宅小区,,120302,商务住宅,住宅区,住宅小区
石化大院,114.33313,30.535848,中南路街办事处中南路8号,住宅小区,,120302,商务住宅,住宅区,住宅小区
园里苑小区,114.333493,30.534971,武珞路与中南路交叉口东北200米,住宅小区,,120302,商务住宅,住宅区,住宅小区
鹏程时代水晶座,114.333276,30.536812,下徐家湾路与中南路交叉口东南60米,住宅小区,,120302|120201,商务住宅,住宅区,住宅小区
中南大公馆,114.334144,30.534044,中南路丁字桥路口洪山公园旁(洪山二巷内),住宅小区,,120302,商务住宅,住宅区,住宅小区
中南路14号院,114.333973,30.536463,下徐家湾路与中南路交叉口东南140米,住宅小区,,120302,商务住宅,住宅区,住宅小区
龙腾世家,114.331091,30.538923,中南一路与小刘家湾交叉口东80米,住宅小区,,120302,商务住宅,住宅区,住宅小区
湖北省住建厅家属大院,114.333725,30.537575,中南路与中南一路交叉口东南80米,住宅小区,,120302,商务住宅,住宅区,住宅小区
湖北省水利厅机关大院,114.330975,30.539375,中南一路与小刘家湾交叉口东60米,住宅小区,,120302,商务住宅,住宅区,住宅小区
下徐家湾小区,114.335129,30.536362,下徐家湾路与中南路交叉口东240米,住宅小区,,120302,商务住宅,住宅区,住宅小区
小刘家湾社区,114.33022,30.539761,中南二路28附6号(中南路地铁站B口步行300米),住宅小区,,120302,商务住宅,住宅区,住宅小区
中南新苑东区,114.331242,30.540114,中南二路12号(中南路地铁站B口步行390米),住宅小区,,120302,商务住宅,住宅区,住宅小区
中南新苑,114.330929,30.540238,小刘家湾与中南二路交叉口南80米,住宅小区,,120302,商务住宅,住宅区,住宅小区
建设厅社区,114.335024,30.538084,中南路14号,住宅小区,,120302,商务住宅,住宅区,住宅小区
中南新苑西区,114.330575,30.540379,中南路街道中南二路12号,住宅小区,,120302,商务住宅,住宅区,住宅小区
奥山星座,114.329582,30.541083,中南二路49号,住宅小区,,120302,商务住宅,住宅区,住宅小区
中勘大厦住宅楼,114.335863,30.53872,中南路与中南二路交叉口东南200米,住宅小区,,120302,商务住宅,住宅区,住宅小区
中南建筑设计院高层住宅,114.333882,30.540426,中南路与中南二路交叉口西北60米,住宅小区,,120302,商务住宅,住宅区,住宅小区
蓝鹰物业中南电力小区,114.328849,30.541358,中南二路与武珞路六巷交叉口西120米,住宅小区,,120302,商务住宅,住宅区,住宅小区
虹星苑,114.337448,30.53699,下徐家湾9号(中南路地铁站D1口步行340米),住宅小区,,120302,商务住宅,住宅区,住宅小区
中南电力设计院生活区,114.328702,30.541711,中南二路51号,住宅小区,,120302,商务住宅,住宅区,住宅小区
中南建筑设计院路东生活区,114.33519,30.54074,中南路街中南路72号(中南路地铁站A口步行400米),住宅小区,,120302,商务住宅,住宅区,住宅小区
中南建筑设计院生活区,114.333792,30.541596,中南路21号(中南路地铁站A口步行330米),住宅小区,,120302,商务住宅,住宅区,住宅小区
戎安华府,114.337417,30.539168,中南路街街道中南三路38号,住宅小区,,120302,商务住宅,住宅区,住宅小区
中南电力设计院第一生活区北苑,114.328225,30.542525,民主小路与中南二路交叉口东北60米,住宅小区,,120302,商务住宅,住宅区,住宅小区
中部战区总医院师职楼,114.3361,30.540627,中南三路32号,住宅小区,,120302,商务住宅,住宅区,住宅小区
百合营小区,114.337427,30.539754,中南三路36号,住宅小区,,120302,商务住宅,住宅区,住宅小区
中南电力设计院二区南苑,114.328427,30.543232,民主小路与民主路交叉口东南120米,住宅小区,,120302,商务住宅,住宅区,住宅小区
清江花园,114.33836,30.539689,中南三路50号,住宅小区,,120302,商务住宅,住宅区,住宅小区
博雅中南,114.339282,30.538408,中南路街中南三路52号,住宅小区,,120302,商务住宅,住宅区,住宅小区
新南方小区,114.339374,30.539247,中南三路49附1附近,住宅小区,,120302,商务住宅,住宅区,住宅小区
武铁洪山住宅小区北区,114.338565,30.540909,中南三路与军民巷交叉口东160米,住宅小区,,120302,商务住宅,住宅区,住宅小区
武昌区八一路武铁小区元气先锋店,114.340772,30.538637,八一路洪山住宅小区3栋8号,住宅小区,,120302|070000,商务住宅,住宅区,住宅小区
何家垅社区,114.327547,30.544753,民主路与民主小路交叉口西北60米,住宅小区,,120302,商务住宅,住宅区,住宅小区
武铁洪山住宅小区,114.340106,30.53992,八一路铁路小区(洪山广场地铁站B2口步行250米),住宅小区,,120302,商务住宅,住宅区,住宅小区
知音花园,114.329636,30.545163,民主路747号,住宅小区,,120302,商务住宅,住宅区,住宅小区
洪山花园,114.327572,30.545491,民主路727号,住宅小区,,120302,商务住宅,住宅区,住宅小区
南国·悦公馆,114.333301,30.545459,洪山广场(洪山体育馆附近),住宅小区,,120302,商务住宅,住宅区,住宅小区
铁路局小区,114.340075,30.541625,八一路与武铁中路交叉口西北140米,住宅小区,,120302,商务住宅,住宅区,住宅小区
省委铁路局机关小区,114.33772,30.54367,八一路与广场环路交叉口西40米,住宅小区,,120302,商务住宅,住宅区,住宅小区
中南电力设计院第二生活区北苑,114.329349,30.546196,民主路739号,住宅小区,,120302,商务住宅,住宅区,住宅小区
中南电力设计院第二生活区南苑,114.330235,30.546286,民主二路30号,住宅小区,,120302,商务住宅,住宅区,住宅小区
红岭大厦,114.332686,30.546125,民主路洪山体育馆旁(洪山广场地铁站F1口步行350米),住宅小区,,120302,商务住宅,住宅区,住宅小区
高知公寓,114.341566,30.540711,东一路(洪山路地铁站B口步行470米),住宅小区,,120302,商务住宅,住宅区,住宅小区
武汉中环-慧美居,114.341725,30.541025,东一路与八一路交叉口东北80米,住宅小区,,120302,商务住宅,住宅区,住宅小区
省外办家属院,114.339771,30.543253,水果湖街街道八一路3号,住宅小区,,120302,商务住宅,住宅区,住宅小区
建行楼小区,114.329274,30.546786,民主三巷与民主三路交叉口西北220米,住宅小区,,120302,商务住宅,住宅区,住宅小区
电力社区,114.329112,30.546793,民主路与民主三巷交叉口西北280米13栋,住宅小区,,120302,商务住宅,住宅区,住宅小区
国防科工办家属院,114.342875,30.539375,八一路与东一路交叉口东南220米,住宅小区,,120302,商务住宅,住宅区,住宅小区
拜赞庭,114.327425,30.546828,民主路717号附1号,住宅小区,,120302,商务住宅,住宅区,住宅小区
中科院武汉分院西区,114.345629,30.53786,八一路115-2号附近,住宅小区,,120302,商务住宅,住宅区,住宅小区
小洪山小区,114.3464,30.53804,中南路街办事处中南三路,住宅小区,,120302,商务住宅,住宅区,住宅小区
银海华庭,114.343854,30.538421,水果湖街办事处八一路87号,住宅小区,,120302,商务住宅,住宅区,住宅小区
小洪山小区西区,114.346643,30.538394,洪山侧路32号,住宅小区,,120302,商务住宅,住宅区,住宅小区
南苑村,114.345587,30.539105,水果湖东三路,住宅小区,,120302,商务住宅,住宅区,住宅小区
长江小区,114.350248,30.534131,八一路与科技小路交叉口西南240米,住宅小区,,120302,商务住宅,住宅区,住宅小区
核动力小区,114.350275,30.534125,八一路与科技小路交叉口西南240米,住宅小区,,120302,商务住宅,住宅区,住宅小区
南坡湾小区,114.350275,30.534125,八一路与科技小路交叉口西南240米,住宅小区,,120302,商务住宅,住宅区,住宅小区
东一路21号院,114.34363,30.539691,东三路与八一路交叉口北260米,住宅小区,,120302,商务住宅,住宅区,住宅小区
湖北省科学技术厅住宅小区,114.346041,30.540074,南苑村55,住宅小区,,120302,商务住宅,住宅区,住宅小区
锦华苑,114.344033,30.540611,洪山侧路与东二路交叉口西南180米,住宅小区,,120302,商务住宅,住宅区,住宅小区
中科院武汉分院联建楼小区,114.349098,30.539833,园区西路与园中二路交叉口东北80米,住宅小区,,120302,商务住宅,住宅区,住宅小区
洪侧12号院,114.345992,30.541125,洪山侧路12号,住宅小区,,120302,商务住宅,住宅区,住宅小区
公选王状元阁,114.352083,30.536242,八一路小洪山科教教育基地内高层次人才培养设施大楼底层1-2层,住宅小区,,120302|050100,商务住宅,住宅区,住宅小区
洪山侧路32号院,114.348561,30.540658,洪山侧路与东三路交叉口东南约80米,住宅小区,,120302,商务住宅,住宅区,住宅小区
东一路17号小区,114.343736,30.541643,东三小路与东一路交叉口东100米,住宅小区,,120302,商务住宅,住宅区,住宅小区
农商行小区,114.352262,30.538553,科技小路10号(小洪山地铁站B口步行440米),住宅小区,,120302,商务住宅,住宅区,住宅小区
地震局宿舍,114.352029,30.538887,科技小路与洪山侧路交叉口东南140米,住宅小区,,120302,商务住宅,住宅区,住宅小区
振兴苑小区,114.353084,30.53794,洪山侧路科技小路6号(小洪山地铁站B口步行300米),住宅小区,,120302,商务住宅,住宅区,住宅小区
百乐园,114.348392,30.542057,东三路与东三支路交叉口南60米,住宅小区,,120302|110000,商务住宅,住宅区,住宅小区
固体潮小区,114.353916,30.533556,八一路(小洪山地铁站A口步行340米),住宅小区,,120302,商务住宅,住宅区,住宅小区
星星新城,114.353746,30.537093,洪山侧路52号(小洪山地铁站A口步行200米),住宅小区,,120302,商务住宅,住宅区,住宅小区
东三苑,114.348872,30.542261,水果湖街办事处东三路7号,住宅小区,,120302,商务住宅,住宅区,住宅小区
北坡山庄,114.35298,30.539176,洪山侧路42号,住宅小区,,120302,商务住宅,住宅区,住宅小区
东一路28号小区,114.341665,30.542519,东一路与东三小路交叉口西北120米,住宅小区,,120302,商务住宅,住宅区,住宅小区
中科新苑,114.354356,30.535473,八一路153号(小洪山地铁站A口旁),住宅小区,,120302,商务住宅,住宅区,住宅小区
银海山庄,114.353563,30.538609,洪山侧路52号,住宅小区,,120302,商务住宅,住宅区,住宅小区
就业小区,114.342481,30.542974,水果湖东一路36号(洪山路地铁站B口步行180米),住宅小区,,120302,商务住宅,住宅区,住宅小区
张家湾小区,114.346102,30.543247,东三路20号(洪山路地铁站B口步行110米),住宅小区,,120302,商务住宅,住宅区,住宅小区
茶港社区,114.352925,30.539942,天鹅路与洪山侧路交叉口西120米,住宅小区,,120302,商务住宅,住宅区,住宅小区
省委宣传部小区,114.342812,30.54328,水果湖东一路30号(洪山路地铁站B口步行170米),住宅小区,,120302,商务住宅,住宅区,住宅小区
茶港社区北区,114.353093,30.539973,洪山侧路55号,住宅小区,,120302,商务住宅,住宅区,住宅小区
东一路24号小区,114.341784,30.543167,东一路24号(洪山路地铁站B口步行360米),住宅小区,,120302,商务住宅,住宅区,住宅小区
氪空间武汉科技创业大厦社区,114.355471,30.536159,天鹅路与八一路交叉口北220米,住宅小区,,120302,商务住宅,住宅区,住宅小区
红星大院,114.353158,30.541499,珞狮路阳光大厦南60米,住宅小区,,120302,商务住宅,住宅区,住宅小区
茶港军转小区,114.3551,30.539978,天鹅路11号,住宅小区,,120302,商务住宅,住宅区,住宅小区
兰溪谷,114.347464,30.544856,张家湾小路与东三路交叉口西60米,住宅小区,,120302,商务住宅,住宅区,住宅小区
东湖8号,114.345594,30.545087,洪山路26号(东二路路口)张家湾小区七栋三楼,住宅小区,,120302,商务住宅,住宅区,住宅小区
东一小区,114.341131,30.544816,东一小路与洪山路交叉口南40米,住宅小区,,120302,商务住宅,住宅区,住宅小区
京审小区,114.355258,30.540822,洪山侧路与二环线交叉口东北160米,住宅小区,,120302,商务住宅,住宅区,住宅小区
茶港新村东院5-3号小区,114.354488,30.541776,水果湖街办事处水果湖洪山侧路,住宅小区,,120302,商务住宅,住宅区,住宅小区
武汉大学茶港新村,114.354475,30.541825,天鹅路与洪山侧路交叉口北240米,住宅小区,,120302,商务住宅,住宅区,住宅小区
桃山村,114.350198,30.544899,洪山路62号,住宅小区,,120302,商务住宅,住宅区,住宅小区
悦品天下水果湖线下体验店,114.344775,30.545875,洪山路与东二路交叉口西北80米,住宅小区,,120302,商务住宅,住宅区,住宅小区
洪山路39号小区,114.344934,30.545919,洪山路与东二路交叉口西北80米,住宅小区,,120302,商务住宅,住宅区,住宅小区
洪山路69号小区,114.345496,30.545976,洪山路与东二路交叉口北60米,住宅小区,,120302,商务住宅,住宅区,住宅小区
水果湖横路7号小区,114.343218,30.546346,水果湖横路7号(洪山路地铁站A1口步行80米),住宅小区,,120302,商务住宅,住宅区,住宅小区
银河卢,114.343125,30.54642,东湖风景区街道水果湖横路9号,住宅小区,,120302,商务住宅,住宅区,住宅小区
水果湖路188-190号小区,114.346234,30.547013,鹰台路步行街与惠明路交叉口西160米,住宅小区,,120302,商务住宅,住宅区,住宅小区
水果湖欧式一条街小区,114.345106,30.547154,水果湖步行街旁欧式一条街,住宅小区,,120302,商务住宅,住宅区,住宅小区
北环南苑小区,114.340548,30.546679,北环路与水果湖路交叉口南140米,住宅小区,,120302,商务住宅,住宅区,住宅小区
德华楼(水果湖店),114.343613,30.54728,水果湖横路11-13号一层C1-8商铺,住宅小区,,120302,商务住宅,住宅区,住宅小区
水生科技苑,114.354575,30.544196,天鹅路1号,住宅小区,,120302,商务住宅,住宅区,住宅小区
供暖小区,114.352665,30.545442,洪山路与天鹅路交叉口西南60米,住宅小区,,120302,商务住宅,住宅区,住宅小区
水果湖横路41号,114.344125,30.547425,水果湖横路与鹰台路步行街交叉口东北80米,住宅小区,,120302,商务住宅,住宅区,住宅小区
温馨家园,114.347258,30.547445,鹰台路步行街与惠明路交叉口西40米,住宅小区,,120302,商务住宅,住宅区,住宅小区
舒心苑,114.346085,30.547604,水果湖路37号(洪山路地铁站D口步行150米),住宅小区,,120302,商务住宅,住宅区,住宅小区
武汉大学工学部家属区,114.356775,30.542775,松园中路与松园西路交叉口西100米,住宅小区,,120302,商务住宅,住宅区,住宅小区
北环路27-29号小区,114.340456,30.547205,北环路27-29号(洪山广场地铁站B5口步行410米),住宅小区,,120302,商务住宅,住宅区,住宅小区
北环路18、19、19-1号大院,114.340652,30.547306,北环路18 1919-1号,住宅小区,,120302,商务住宅,住宅区,住宅小区
楚天都市花园7站,114.33905,30.54705,中北路辅路与姚家岭南路交叉口东120米,住宅小区,,120302,商务住宅,住宅区,住宅小区
东湖上领,114.353658,30.545766,东湖南路7号,住宅小区,,120302,商务住宅,住宅区,住宅小区
东南楼,114.366775,30.536725,梅园二路与人文路交叉口西60米,住宅小区,,120302,商务住宅,住宅区,住宅小区
珞珈社区,114.358362,30.544539,东湖南路7号,住宅小区,,120302,商务住宅,住宅区,住宅小区
武汉大学9区,114.374175,30.533716,卓刀泉北路(武汉大学),住宅小区,,120302,商务住宅,住宅区,住宅小区
沙湾村301号,114.38701,30.534351,东湖东路10号,住宅小区,,120302,商务住宅,住宅区,住宅小区
东湖医院康健楼2号门鑫源雅居,114.394486,30.533918,沙湾村240号楼东湖生态旅游风景区(西南角),住宅小区,,120302,商务住宅,住宅区,住宅小区
东湖医院职工之家,114.400809,30.534845,东湖东路17号,住宅小区,,120302,商务住宅,住宅区,住宅小区
武汉市东湖磨山揽翠园艺场小区,114.404682,30.538168,中建三局集团有限公司东湖磨山项目东北侧70米,住宅小区,,120302,商务住宅,住宅区,住宅小区
山水揽翠,114.413118,30.534144,鲁磨路与小李村路交叉口西340米,住宅小区,,120302,商务住宅,住宅区,住宅小区
磨山小区,114.4069,30.542785,鲁磨路662号,住宅小区,,120302,商务住宅,住宅区,住宅小区
在水一方·湖滨庄园(洪山店),114.414325,30.534325,鲁磨路与小李村路交叉口西220米,住宅小区,,120302,商务住宅,住宅区,住宅小区
小李村173号,114.414378,30.534949,鲁磨路与小李村路交叉口西200米,住宅小区,,120302,商务住宅,住宅区,住宅小区
东湖悦里,114.414573,30.539404,鲁磨路与揽翠路交叉口东北60米,住宅小区,,120302,商务住宅,住宅区,住宅小区
大李村156号,114.414826,30.540094,大李村附近,住宅小区,,120302,商务住宅,住宅区,住宅小区
大李村159号,114.415215,30.540169,鲁磨路与揽翠路交叉口东北180米,住宅小区,,120302,商务住宅,住宅区,住宅小区
东湖怡园,114.415017,30.541225,植物园路大李村173号,住宅小区,,120302,商务住宅,住宅区,住宅小区
大李村264号,114.414731,30.541553,鲁磨路与揽翠路交叉口北300米,住宅小区,,120302,商务住宅,住宅区,住宅小区
广电计量大院,114.419516,30.533971,小李村路与鲁磨路交叉口东320米,住宅小区,,120302,商务住宅,住宅区,住宅小区
中国科学院武汉植物园小区,114.416787,30.543591,植物园路11号,住宅小区,,120302,商务住宅,住宅区,住宅小区
傅家村47号,114.421406,30.533483,团山路126号,住宅小区,,120302,商务住宅,住宅区,住宅小区
东湖家·境界,114.425042,30.535035,,住宅小区,,120302,商务住宅,住宅区,住宅小区
东头村222号,114.422225,30.54015,赫尔露营农场特1号靠近东头村,住宅小区,,120302,商务住宅,住宅区,住宅小区
丰华园,114.426575,30.534975,,住宅小区,,120302,商务住宅,住宅区,住宅小区
七处二所小区,114.192475,30.549775,,住宅小区,,120302,商务住宅,住宅区,住宅小区
米粮新家园,114.171507,30.560088,殷家咀60号,住宅小区,,120302,商务住宅,住宅区,住宅小区
龙阳湖健康谷,114.19705,30.549741,龙阳湖东路和祥隆街交汇处东北侧,住宅小区,,120302|120100,商务住宅,住宅区,住宅小区
华航公寓,114.197521,30.549067,隆祥街与龙阳湖东路交叉口西南20米,住宅小区,,120302,商务住宅,住宅区,住宅小区
天润御品,114.197325,30.551287,隆祥街26号,住宅小区,,120302,商务住宅,住宅区,住宅小区
正山堂巴东红汉阳店,114.198017,30.551209,知音茶城10栋D区1层103号,住宅小区,,120302,商务住宅,住宅区,住宅小区
悦城街区,114.198725,30.551125,,住宅小区,,120302,商务住宅,住宅区,住宅小区
银孚汉阳首府,114.200849,30.548919,车友路1号(陶家岭地铁站C1口步行410米),住宅小区,,120302,商务住宅,住宅区,住宅小区
汉阳人信汇天悦,114.202182,30.551618,龙阳大道邱家大湾公交站旁,住宅小区,,120302,商务住宅,住宅区,住宅小区
新澳·蓝草坪,114.202926,30.553106,蟠龙路5号(龙阳村地铁站D口步行340米),住宅小区,,120302,商务住宅,住宅区,住宅小区
麦迪森广场,114.203782,30.549798,王家湾龙阳大道特8号(龙阳村地铁站D口步行350米),住宅小区,,120302,商务住宅,住宅区,住宅小区
磨山东苑,114.198018,30.557106,蟠龙路与龙阳湖北路交叉口东南240米,住宅小区,,120302,商务住宅,住宅区,住宅小区
人信汇,114.204277,30.550245,龙兴东街和龙阳大道辅路的交叉口附近,住宅小区,,120302,商务住宅,住宅区,住宅小区
龙阳熙苑西区,114.203125,30.554925,龙阳湖东路与蟠龙路交叉口东80米,住宅小区,,120302,商务住宅,住宅区,住宅小区
中国铁建·花语汀澜,114.199154,30.557912,玉龙路178号,住宅小区,,120302,商务住宅,住宅区,住宅小区
文杉学府,114.204847,30.552193,龙阳街道龙阳大道58号人信汇B座3楼307室,住宅小区,,120302,商务住宅,住宅区,住宅小区
龙阳西苑,114.203625,30.555925,龙阳湖东路与龙清路交叉口南40米,住宅小区,,120302,商务住宅,住宅区,住宅小区
磨山南苑,114.193992,30.559603,磨山村,住宅小区,,120302,商务住宅,住宅区,住宅小区
龙阳熙苑,114.204954,30.554851,蟠龙路6号(龙阳村地铁站C口步行380米),住宅小区,,120302,商务住宅,住宅区,住宅小区
中国铁建国际城1期,114.198711,30.559898,龙阳湖北路与蟠龙路交叉口东220米,住宅小区,,120302,商务住宅,住宅区,住宅小区
龙阳荟,114.207021,30.551106,龙阳大道辅路与龙阳大道出口交叉口东南120米,住宅小区,,120302,商务住宅,住宅区,住宅小区
龙阳锦园,114.207092,30.549328,龙兴东街1号,住宅小区,,120302,商务住宅,住宅区,住宅小区
中国铁建国际城,114.198982,30.560163,玉龙路168号,住宅小区,,120302,商务住宅,住宅区,住宅小区
龙阳住宅楼,114.207628,30.551053,十升二路与龙珠路交叉口西160米,住宅小区,,120302,商务住宅,住宅区,住宅小区
龙阳时代,114.207598,30.55147,龙阳大道49号(龙阳村地铁站A口步行140米),住宅小区,,120302,商务住宅,住宅区,住宅小区
新龙尚座,114.206685,30.554854,"龙阳大道特8号,人信汇广场旁",住宅小区,,120201|120302,商务住宅,楼宇,商务写字楼
汉阳人信汇4期,114.205375,30.557125,龙阳湖东路与龙阳湖北路交叉口南160米,住宅小区,,120302,商务住宅,住宅区,住宅小区
汉阳人信汇·天誉,114.205399,30.557124,龙阳湖东路11号,住宅小区,,120302,商务住宅,住宅区,住宅小区
优美居,114.206475,30.555775,龙清路与芳华路交叉口东60米,住宅小区,,120302,商务住宅,住宅区,住宅小区
耀阳星辰,114.206475,30.555775,龙清路与芳华路交叉口东60米,住宅小区,,120302,商务住宅,住宅区,住宅小区
盛世威业公寓,114.207025,30.555025,龙阳大道与龙清路交叉口西南20米,住宅小区,,120302,商务住宅,住宅区,住宅小区
王家湾中央生活区,114.203685,30.559307,墨水湖北路入口与墨水湖北路交叉口西北160米,住宅小区,,120302,商务住宅,住宅区,住宅小区
龙阳雅苑B区,114.209203,30.552094,琴断口街办事处(龙阳村地铁站出入口步行430米),住宅小区,,120302,商务住宅,住宅区,住宅小区
汉阳·磨山港湾二期,114.197809,30.562219,汉阳大道705号,住宅小区,,120302,商务住宅,住宅区,住宅小区
龙阳雅苑,114.209572,30.550597,十升二路3号(龙阳村地铁站出入口步行490米),住宅小区,,120302,商务住宅,住宅区,住宅小区
龙阳雅苑南区,114.209699,30.550147,永丰街办事处龙阳大道十升二路,住宅小区,,120302,商务住宅,住宅区,住宅小区
楚汉名居,114.201375,30.561525,杨家湾路与玉龙路交叉口东北20米,住宅小区,,120302,商务住宅,住宅区,住宅小区
中央金龙,114.205323,30.559292,龙阳湖东路与龙阳湖北路交叉口北60米,住宅小区,,120302,商务住宅,住宅区,住宅小区
汉阳·磨山港湾,114.197076,30.562919,汉阳大道709号,住宅小区,,120302,商务住宅,住宅区,住宅小区
龙阳1号,114.211564,30.548852,芳草路龙阳一号,住宅小区,,120302,商务住宅,住宅区,住宅小区
龙阳1号3期,114.211555,30.548841,芳草路88号,住宅小区,,120302,商务住宅,住宅区,住宅小区
花木深,114.210972,30.551798,十升二路与星火路交叉口东160米,住宅小区,,120302,商务住宅,住宅区,住宅小区
时代映象,114.210569,30.552364,十升二路18号,住宅小区,,120302,商务住宅,住宅区,住宅小区
工地生活区,114.212277,30.552088,十升路与十升二路交叉口北180米,住宅小区,,120302|120303,商务住宅,住宅区,住宅小区
心聆家苑,114.213571,30.550024,芳草路18号十里景秀一期十栋1005-1006室(光大银行汉阳支行楼上),住宅小区,,120302,商务住宅,住宅区,住宅小区
十里景秀,114.213311,30.55142,芳草路18号,住宅小区,,120302,商务住宅,住宅区,住宅小区
十里景秀1期,114.213792,30.551203,芳草路18号,住宅小区,,120302,商务住宅,住宅区,住宅小区
檀悦B地块,114.212575,30.552775,十升路与十升一路交叉口西南120米,住宅小区,,120302,商务住宅,住宅区,住宅小区
十里檀悦3期,114.211675,30.553375,十升一路与星火路交叉口东南160米,住宅小区,,120302,商务住宅,住宅区,住宅小区
阳光檀悦A地块,114.212275,30.553125,十升路与十升一路交叉口西南120米,住宅小区,,120302,商务住宅,住宅区,住宅小区
创新小区,114.211056,30.553816,夏家湾288号,住宅小区,,120302,商务住宅,住宅区,住宅小区
电建地产·泷悦长安,114.214036,30.552606,十升路87号,住宅小区,,120302,商务住宅,住宅区,住宅小区
十里铺村城中村改造AB002003地块,114.212038,30.554209,十升一路与星火路交叉口东120米,住宅小区,,120302,商务住宅,住宅区,住宅小区
生态家园,114.215525,30.552975,十升一路与芳草路交叉口西北100米,住宅小区,,120302,商务住宅,住宅区,住宅小区
十里景秀北区,114.214975,30.554134,十升路85号,住宅小区,,120302,商务住宅,住宅区,住宅小区
阳光城·十里新城,114.212904,30.555414,十升一路,住宅小区,,120302,商务住宅,住宅区,住宅小区
新城轩棋牌,114.211872,30.556555,中大十里新城一期2栋1-2号新城轩商铺,住宅小区,,120302,商务住宅,住宅区,住宅小区
丹桂别院,114.209031,30.558274,龙阳大道与墨水湖北路辅路交叉口北60米,住宅小区,,120302,商务住宅,住宅区,住宅小区
汤家咀B区,114.220085,30.549847,百灵路与桃花街交叉口西北160米,住宅小区,,120302,商务住宅,住宅区,住宅小区
汽配小区,114.213017,30.55854,星火北路与冯家畈路交叉口东40米,住宅小区,,120302,商务住宅,住宅区,住宅小区
十里和府,114.216593,30.556978,十里后街99号,住宅小区,,120302,商务住宅,住宅区,住宅小区
肥运小区,114.213087,30.558708,星火北路与冯家畈路交叉口东40米,住宅小区,,120302,商务住宅,住宅区,住宅小区
十里铺城中村改造K7地块独立商业,114.213,30.559,星火北路与冯家畈路交叉口东北40米,住宅小区,,120302,商务住宅,住宅区,住宅小区
纽宾凯繁华里,114.212324,30.559257,星火路36号(王家湾地铁站F口步行480米),住宅小区,,120302,商务住宅,住宅区,住宅小区
武汉摩尔城C区,114.207025,30.559125,龙阳湖北路与芳华路交叉口北100米,住宅小区,,120302,商务住宅,住宅区,住宅小区
轻汽大院,114.213305,30.559175,汉口桥口区古田五路(王家湾地铁站J口步行470米),住宅小区,,120302,商务住宅,住宅区,住宅小区
绿馨芳草庭,114.217762,30.55695,汉阳墨水湖北路与芳草路交汇处,住宅小区,,120302,商务住宅,住宅区,住宅小区
环卫小区,114.213075,30.559275,星火北路与冯家畈路交叉口东北80米,住宅小区,,120302,商务住宅,住宅区,住宅小区
旭辉半岛公寓,114.221445,30.550038,百灵路与桃花街交叉口北120米,住宅小区,,120302,商务住宅,住宅区,住宅小区
中兴小区,114.221414,30.551547,百灵路与汇福街交叉口西北100米,住宅小区,,120302,商务住宅,住宅区,住宅小区
朝阳苑,114.213619,30.559452,王家湾冯家畈252号(王家湾地铁站J口步行420米),住宅小区,,120302,商务住宅,住宅区,住宅小区
中兴小区A区,114.221418,30.551547,百灵路,住宅小区,,120302,商务住宅,住宅区,住宅小区
纽宾凯汉CITY云座,114.215386,30.558878,汉阳大道辅路与十升路交叉口西南200米,住宅小区,,120302,商务住宅,住宅区,住宅小区
桃花岛小区,114.221881,30.549103,桃花街106号,住宅小区,,120302,商务住宅,住宅区,住宅小区
汉商二十一世纪B区,114.210675,30.560275,龙阳大道与龙阳一路交叉口东南140米,住宅小区,,120302,商务住宅,住宅区,住宅小区
金色世家,114.219207,30.556645,十里铺413号(十里铺地铁站A口步行360米),住宅小区,,120302,商务住宅,住宅区,住宅小区
赏新园,114.207622,30.560229,龙阳三路6号(王家湾地铁站D口步行240米),住宅小区,,120302,商务住宅,住宅区,住宅小区
冯家畈小区,114.21374,30.56003,星火北路与汉阳大道交叉口南100米,住宅小区,,120302,商务住宅,住宅区,住宅小区
钰龙·旭辉半岛礼园,114.221761,30.552999,墨水湖北路以南、百灵路以东汉桥村K5地块,住宅小区,,120302,商务住宅,住宅区,住宅小区
鄂钢小区,114.213152,30.560372,星火北路与汉阳大道交叉口南80米,住宅小区,,120302|120303,商务住宅,住宅区,住宅小区
天创云和奕,114.21704,30.558903,十升路156号(十里铺地铁站A口步行210米),住宅小区,,120302,商务住宅,住宅区,住宅小区
吉祥欧式花园,114.21421,30.560143,汉阳大道678号(王家湾地铁站J口步行320米),住宅小区,,120302,商务住宅,住宅区,住宅小区
紫荆花园西区,114.220214,30.556568,紫荆路(十里铺地铁站B口步行350米),住宅小区,,120302,商务住宅,住宅区,住宅小区
紫荆花园,114.220215,30.556569,紫荆路339号,住宅小区,,120302,商务住宅,住宅区,住宅小区
电信小区,114.219246,30.557623,十里铺219-220号(十里铺地铁站A口步行270米),住宅小区,,120302,商务住宅,住宅区,住宅小区
汇福园,114.222834,30.551267,铁桥村墨水湖边,住宅小区,,120302,商务住宅,住宅区,住宅小区
汇福园A区,114.222837,30.551276,琴断口街办事处七里二村35号,住宅小区,,120302,商务住宅,住宅区,住宅小区
警苑小区,114.222086,30.553956,七里庙铁桥村墨水湖北路,住宅小区,,120302,商务住宅,住宅区,住宅小区
钰龙·旭辉半岛和岸,114.223356,30.552813,墨水湖北路以南、百灵路以东汉桥村K5地块,住宅小区,,120302,商务住宅,住宅区,住宅小区
瑞地自由度,114.215424,30.561073,汉阳大道716号(十里铺地铁站D口步行430米),住宅小区,,120302,商务住宅,住宅区,住宅小区
七里二村,114.223961,30.548885,琴断口街办事处琴断口街,住宅小区,,120302,商务住宅,住宅区,住宅小区
旺达小区,114.223989,30.548841,桃花街与麒麟路交叉口西北100米,住宅小区,,120302,商务住宅,住宅区,住宅小区
十里铺商住楼,114.217945,30.56012,汉阳大道688号(十里铺地铁站D口步行90米),住宅小区,,120302,商务住宅,住宅区,住宅小区
七里晴川1期,114.222343,30.556073,百灵路与墨水湖北路交叉口西北200米,住宅小区,,120302,商务住宅,住宅区,住宅小区
烟草小区,114.220926,30.557867,墨水湖北路73号(十里铺地铁站B口步行240米),住宅小区,,120302,商务住宅,住宅区,住宅小区
检查院家属院,114.220825,30.557975,紫荆路与汉阳大道辅路交叉口西南100米,住宅小区,,120302,商务住宅,住宅区,住宅小区
五芳园,114.22438,30.54971,旺达街与麒麟路交叉口西北60米,住宅小区,,120302,商务住宅,住宅区,住宅小区
七里晴川,114.222616,30.556215,汉阳百灵路48号(麒麟路附近),住宅小区,,120302,商务住宅,住宅区,住宅小区
旺达花苑,114.224506,30.551301,罗七南路与墨水湖路交界处,住宅小区,,120302,商务住宅,住宅区,住宅小区
汇福园B区,114.224584,30.550286,琴断口街办事处,住宅小区,,120302,商务住宅,住宅区,住宅小区
紫荆嘉苑,114.221995,30.557186,汉阳大道与紫荆路交汇处南200米,住宅小区,,120302,商务住宅,住宅区,住宅小区
K5小区,114.217975,30.560575,汉阳大道辅路与十升路交叉口东北120米,住宅小区,,120302,商务住宅,住宅区,住宅小区
纽宾凯汉CITY汉棠,114.212695,30.562617,汉阳大道718号(王家湾地铁站K口步行160米),住宅小区,,120302,商务住宅,住宅区,住宅小区
城投·墨北璟苑,114.224664,30.552639,中兴街与汇福街交叉口东北120米,住宅小区,,120302,商务住宅,住宅区,住宅小区
王家湾中央生活区一期,114.203621,30.561946,汉阳大道697号,住宅小区,,120302,商务住宅,住宅区,住宅小区
纽宾凯汉CITY公园里,114.218676,30.560913,赫山路与汉阳大道交叉口北180米,住宅小区,,120302,商务住宅,住宅区,住宅小区
润帝嘉园,114.217333,30.561639,十里铺赫山路(十里铺地铁站D口步行440米),住宅小区,,120302,商务住宅,住宅区,住宅小区
润帝嘉园A区,114.217267,30.561711,汉阳大道十里铺682号,住宅小区,,120302,商务住宅,住宅区,住宅小区
纽宾凯汉CITY紫御(建设中),114.216516,30.562102,汉阳大道602号,住宅小区,,120302,商务住宅,住宅区,住宅小区
纽宾凯汉CITY,114.212269,30.563275,汉阳大道永丰路,住宅小区,,120302,商务住宅,住宅区,住宅小区
汉桥城中花园D区,114.226888,30.549626,麒麟路与汇福街交叉口东南180米,住宅小区,,120302,商务住宅,住宅区,住宅小区
锦华华庭,114.226482,30.551764,墨水湖北路305号,住宅小区,,120302,商务住宅,住宅区,住宅小区
汉桥金福世家,114.226722,30.552301,墨水湖北路303号,住宅小区,,120302,商务住宅,住宅区,住宅小区
汉桥城中花园B区,114.228186,30.550651,汉桥路与院子湾路交叉口西北80米,住宅小区,,120302,商务住宅,住宅区,住宅小区
季佳·里汉桥小镇,114.228083,30.548965,汉桥城中花园D区,住宅小区,,060102|120302,购物服务,商场,普通商场
汉桥城中花园,114.22838,30.549935,五里墩街街道墨水湖北路303号,住宅小区,,120302,商务住宅,住宅区,住宅小区
汉桥警苑小区,114.2291,30.548631,何家咀202号,住宅小区,,120302,商务住宅,住宅区,住宅小区
汉阳靓衣之都,114.228951,30.548264,汉阳大道630号五麟里社区何家咀,住宅小区,,120302,商务住宅,住宅区,住宅小区
汉桥城中花园C区,114.229443,30.549381,院子湾路与汉桥路交叉口东南100米,住宅小区,,120302,商务住宅,住宅区,住宅小区
汉桥城中花园A区,114.229946,30.550538,院子湾路与汉桥路交叉口东北140米,住宅小区,,120302,商务住宅,住宅区,住宅小区
钰龙湾汇园-西区,114.229797,30.551924,汉桥路与墨水湖北路交叉口东南80米,住宅小区,,120302,商务住宅,住宅区,住宅小区
钰龙湾汇园,114.230247,30.551673,五里墩街街道墨水湖北路,住宅小区,,120302,商务住宅,住宅区,住宅小区
七里一村社区,114.224886,30.555104,墨水湖北路,住宅小区,,120302,商务住宅,住宅区,住宅小区
钰龙湾,114.230393,30.552569,墨水湖北路229号,住宅小区,,120302,商务住宅,住宅区,住宅小区
钰龙湾丰园,114.23067,30.55359,五里墩街道汉桥路9号(七里庙地铁站A口步行380米),住宅小区,,120302,商务住宅,住宅区,住宅小区
外运路小区,114.232011,30.551678,五里墩街办事处汉阳民政局旁,住宅小区,,120302,商务住宅,住宅区,住宅小区
垦鑫花园,114.231542,30.55277,墨水湖北路248号,住宅小区,,120302,商务住宅,住宅区,住宅小区
兆麟·锦桦豪庭,114.229761,30.555137,汉桥路18号(七里庙地铁站A口步行170米),住宅小区,,120302,商务住宅,住宅区,住宅小区
汉钢小区,114.226286,30.556619,麒麟路与汉阳大道交叉口西120米,住宅小区,,120302,商务住宅,住宅区,住宅小区
麒麟社区二印小区,114.226871,30.556574,麒麟路与汉阳大道交叉口西南80米,住宅小区,,120302,商务住宅,住宅区,住宅小区
麒麟社区西区,114.225924,30.556756,汉阳大道辅路与麒麟小路交叉口南120米,住宅小区,,120302,商务住宅,住宅区,住宅小区
五麟里社区,114.231802,30.553541,五里墩街道(红光鹏程苑7栋后面),住宅小区,,120302,商务住宅,住宅区,住宅小区
红光鹏程苑-南区,114.231809,30.553826,汉桥横路与五麟路交叉口西140米,住宅小区,,120302,商务住宅,住宅区,住宅小区
红光鹏程苑,114.231464,30.554557,汉阳大道七里庙汉桥路(七里庙地铁站A口步行190米),住宅小区,,120302,商务住宅,住宅区,住宅小区
七里晴川二期,114.224538,30.557255,汉阳大道墨水湖北路(十里铺地铁站B口步行460米),住宅小区,,120302,商务住宅,住宅区,住宅小区
张家湾住宅楼,114.228268,30.556727,汉桥西路与汉阳大道辅路交叉口西南40米,住宅小区,,120302,商务住宅,住宅区,住宅小区
红光鹏程苑-北区,114.231472,30.55491,汉桥横路与汉桥路交叉口东120米,住宅小区,,120302,商务住宅,住宅区,住宅小区
朝阳星苑,114.230224,30.556133,五里墩街办事处七里庙(七里庙地铁站A口步行180米),住宅小区,,120302,商务住宅,住宅区,住宅小区
湖畔新居,114.234081,30.550129,院子湾路与墨水湖北路交叉口东南240米,住宅小区,,120302,商务住宅,住宅区,住宅小区
尚城国际,114.232775,30.554204,汉桥横路与五麟路交叉口西北60米,住宅小区,,120302,商务住宅,住宅区,住宅小区
中新公寓,114.228225,30.557675,汉阳大道与罗七路交叉口东北60米,住宅小区,,120302|100200,商务住宅,住宅区,住宅小区
绿色晴川,114.234041,30.552884,汉阳大道七里庙459号,住宅小区,,120302,商务住宅,住宅区,住宅小区
金芳社区,114.225571,30.558353,汉阳大道518号附近,住宅小区,,120302,商务住宅,住宅区,住宅小区
红光村雅丽佳苑,114.23496,30.55063,红光路,住宅小区,,120302,商务住宅,住宅区,住宅小区
七里香苑,114.229872,30.557839,汉阳大道626号(七里庙地铁站D口步行170米),住宅小区,,120302,商务住宅,住宅区,住宅小区
金龙花园,114.227169,30.558903,汉阳大道642号(七里庙地铁站D口步行460米),住宅小区,,120302,商务住宅,住宅区,住宅小区
尚城国际二期,114.233336,30.556013,汉阳大道与五麟路交汇以西,住宅小区,,120302,商务住宅,住宅区,住宅小区
雅丽花园二期,114.235922,30.550624,红光路与墨水湖北路交叉口西南120米,住宅小区,,120302,商务住宅,住宅区,住宅小区
曾家岭小区,114.235387,30.5532,五里墩七里庙红光路,住宅小区,,120302,商务住宅,住宅区,住宅小区
昌隆花园2期,114.232835,30.556691,汉阳大道与庙上湾路交叉口西北80米,住宅小区,,120302,商务住宅,住宅区,住宅小区
芳草园,114.225891,30.560043,汉阳大道,住宅小区,,120302,商务住宅,住宅区,住宅小区
汉阳七里铁路和谐家园B区,114.230908,30.558866,七里庙路与汉阳大道辅路交叉口北240米,住宅小区,,120302,商务住宅,住宅区,住宅小区
红光怡馨苑,114.235989,30.553921,红光路五里墩小学对面,住宅小区,,120302,商务住宅,住宅区,住宅小区
阳城景园,114.221324,30.559981,汉阳大道654号(十里铺地铁站C口步行130米),住宅小区,,120302,商务住宅,住宅区,住宅小区
温馨苑小区,114.234116,30.556967,汉阳大道558号(七里庙地铁站C口步行230米),住宅小区,,120302,商务住宅,住宅区,住宅小区
五福里社区,114.236644,30.553527,五里墩小学对面,住宅小区,,120302,商务住宅,住宅区,住宅小区
汉阳七里铁路和谐家园,114.23091,30.559388,汉阳大道512号,住宅小区,,120302,商务住宅,住宅区,住宅小区
中国中铁·金桥璟园,114.236088,30.554949,汉阳大道与红光路交汇处(七里庙地铁站B口步行480米),住宅小区,,120302,商务住宅,住宅区,住宅小区
昌隆花园-南区,114.23437,30.557647,庙上湾路与汉阳大道交叉口东北160米,住宅小区,,120302,商务住宅,住宅区,住宅小区
金龙公馆,114.226986,30.561037,罗七北路12号,住宅小区,,120302,商务住宅,住宅区,住宅小区
武拖老旧小区,114.235765,30.556251,武拖路与汉阳大道交叉口东北20米,住宅小区,,120302,商务住宅,住宅区,住宅小区
十里华府,114.220296,30.560483,汉阳大道528号(十里铺地铁站D口步行190米),住宅小区,,120302,商务住宅,住宅区,住宅小区
铁桥新家园五期,114.222878,30.56119,汉阳大道648号百灵路,住宅小区,,120302,商务住宅,住宅区,住宅小区
五麒里社区,114.231635,30.559867,七里庙地铁站D口步行370米,住宅小区,,120302,商务住宅,住宅区,住宅小区
汉阳七里铁路和谐家园A区,114.230916,30.560252,罗七路与百合街交叉口东220米,住宅小区,,120302,商务住宅,住宅区,住宅小区
江南苑,114.219965,30.560673,汉阳大道658号十里华府2-4栋之间商铺,住宅小区,,120302,商务住宅,住宅区,住宅小区
碧溪苑一期,114.235333,30.557341,汉阳大道356号(七里庙地铁站C口步行440米),住宅小区,,120302,商务住宅,住宅区,住宅小区
缤纷四季,114.238315,30.55179,墨水湖北路102号-212号,住宅小区,,120302,商务住宅,住宅区,住宅小区
昌隆花园,114.234715,30.55812,汉阳大道416号(七里庙地铁站C口步行320米),住宅小区,,120302,商务住宅,住宅区,住宅小区
五檀里社区(汉阳大道),114.237517,30.554619,五里墩街,住宅小区,,120302,商务住宅,住宅区,住宅小区
东港国际花园,114.22151,30.561409,百合街25号,住宅小区,,120302,商务住宅,住宅区,住宅小区
观澜台,114.225801,30.561879,百灵路与百合街交叉口东北120米,住宅小区,,120302,商务住宅,住宅区,住宅小区
昌隆花园-北区,114.234892,30.558438,庙上湾路与汉阳大道交叉口东北260米,住宅小区,,120302,商务住宅,住宅区,住宅小区
特警大院,114.238125,30.554575,汉阳大道与五合路交叉口西80米,住宅小区,,120302,商务住宅,住宅区,住宅小区
惠明苑小区,114.226604,30.562244,百灵路与玫瑰街交叉路口往南约100米(铁桥广场),住宅小区,,120302,商务住宅,住宅区,住宅小区
百灵社区,114.220526,30.561731,十里新村183号(十里铺地铁站D口步行400米),住宅小区,,120302,商务住宅,住宅区,住宅小区
金龙百灵景都,114.224703,30.562398,百灵路1号,住宅小区,,120302,商务住宅,住宅区,住宅小区
碧溪苑小区,114.236018,30.558296,七里庙356号,住宅小区,,120302,商务住宅,住宅区,住宅小区
琴台馨都,114.230097,30.561965,五里墩街办事处麒麟路代李湾,住宅小区,,120302,商务住宅,住宅区,住宅小区
花前树下,114.237058,30.557446,汉阳大道532号,住宅小区,,120302,商务住宅,住宅区,住宅小区
冰川集团住宅楼,114.223025,30.562675,百合路与玫瑰街交叉口西南180米,住宅小区,,120302,商务住宅,住宅区,住宅小区
康馨楼,114.239123,30.554234,五合路与汉阳大道交叉口南60米,住宅小区,,120302,商务住宅,住宅区,住宅小区
汉阳二合村,114.239598,30.553615,汉阳大道与五合路交叉口东南140米,住宅小区,,120302,商务住宅,住宅区,住宅小区
融创·武汉1890小区,114.233435,30.561182,琴台大道特1号,住宅小区,,120302,商务住宅,住宅区,住宅小区
招商丽湖轩,114.221025,30.537025,凤起路与墨水湖南路交叉口西南60米,住宅小区,,120302,商务住宅,住宅区,住宅小区
墨水湖小区,114.241221,30.548926,动物园路18号风景区旁,住宅小区,,120302,商务住宅,住宅区,住宅小区
泓源楼小区,114.242368,30.548541,动物园路77-81号,住宅小区,,120302,商务住宅,住宅区,住宅小区
五里墩住宅楼,114.243129,30.549771,五里墩五里新村,住宅小区,,120302,商务住宅,住宅区,住宅小区
医院小区,114.245125,30.549317,动物园路与墨水湖北路交叉口东160米,住宅小区,,120302,商务住宅,住宅区,住宅小区
墨香居,114.246264,30.550455,五里墩街办事处汉阳大道汉阳医院,住宅小区,,120302,商务住宅,住宅区,住宅小区
汉阳水墨雅苑,114.246438,30.54979,墨水湖路53号,住宅小区,,120302,商务住宅,住宅区,住宅小区
七里小区,114.244075,30.554425,江城大道辅路与五里墩小路交叉口东南100米,住宅小区,,120302,商务住宅,住宅区,住宅小区
恒韵府,114.241741,30.555661,汉阳大道与江城大道交汇处4号线五里墩站D,住宅小区,,120302,商务住宅,住宅区,住宅小区
墨缘楼,114.246978,30.55122,墨水湖路(五里墩地铁站C口步行500米),住宅小区,,120302,商务住宅,住宅区,住宅小区
弘阳天悦,114.247175,30.549462,墨水湖路53-1号,住宅小区,,120302,商务住宅,住宅区,住宅小区
五园里社区,114.247224,30.55073,墨水湖路19号,住宅小区,,120302,商务住宅,住宅区,住宅小区
五合里社区,114.244268,30.555457,江城大道12号(五里墩地铁站C口步行420米),住宅小区,,120302,商务住宅,住宅区,住宅小区
五合里社区,114.244267,30.555494,汉阳大道436号,住宅小区,,120302,商务住宅,住宅区,住宅小区
万科金域国际,114.246565,30.553434,汉阳大道406号,住宅小区,,120302,商务住宅,住宅区,住宅小区
雅丽花园三期,114.239278,30.556737,五里墩街办事处七里庙,住宅小区,,120302,商务住宅,住宅区,住宅小区
红光颐景苑,114.240352,30.557342,汉阳大道与五合路交叉口东北320米,住宅小区,,120302,商务住宅,住宅区,住宅小区
雅丽花园,114.239182,30.557364,汉钢路2号,住宅小区,,120302,商务住宅,住宅区,住宅小区
五里铁路和谐家园,114.245449,30.555746,五里墩街街道(五里墩地铁站C口步行390米),住宅小区,,120302,商务住宅,住宅区,住宅小区
金府,114.24868,30.551397,汉阳大道与墨水湖路交叉口东100米,住宅小区,,120302,商务住宅,住宅区,住宅小区
马沧湖小区,114.248754,30.548316,马沧湖路112号,住宅小区,,120302,商务住宅,住宅区,住宅小区
景江御水天成,114.24898,30.55096,汉阳大道五里新村(汉阳火车站地铁站A口步行300米),住宅小区,,120302,商务住宅,住宅区,住宅小区
雅丽花园一期,114.239132,30.557855,汉钢路4号,住宅小区,,120302,商务住宅,住宅区,住宅小区
博力花园小区,114.24923,30.549392,五里墩街办事处五里新村马沧湖路84号,住宅小区,,120302,商务住宅,住宅区,住宅小区
五里墩街道五湖里社区建材宿舍小区,114.249041,30.547719,马沧湖路132号,住宅小区,,120302,商务住宅,住宅区,住宅小区
湖畔嘉苑,114.249738,30.54787,马沧湖路73号,住宅小区,,120302,商务住宅,住宅区,住宅小区
美好范米粒,114.250103,30.549249,五里新村马沧胡路88号,住宅小区,,120302,商务住宅,住宅区,住宅小区
琴台颖园,114.249249,30.553596,汉阳大道402号(汉阳火车站地铁站D口步行430米),住宅小区,,120302,商务住宅,住宅区,住宅小区
红光翠景苑,114.238247,30.558824,汉钢路与汉阳大道交叉口北380米,住宅小区,,120302,商务住宅,住宅区,住宅小区
五琴里社区,114.250458,30.552749,汉阳大道376号(汉阳火车站地铁站D口步行80米),住宅小区,,120302,商务住宅,住宅区,住宅小区
碧溪苑二期,114.2368,30.559181,五里墩街街道七里庙汉阳大道碧溪苑小区(一期院内)碧溪苑,住宅小区,,120302,商务住宅,住宅区,住宅小区
紫薇花园,114.244293,30.558879,琴台大道辅路与龙灯侧路交叉口西南40米,住宅小区,,120302,商务住宅,住宅区,住宅小区
五琴里社区3村,114.25101,30.551696,汉阳大道与马沧湖路交叉口东北80米,住宅小区,,120302,商务住宅,住宅区,住宅小区
中国电建地产·汉阳公馆,114.251413,30.549664,汉阳大道以南、马沧湖路以东、杨泗港铁路专用线以西,住宅小区,,120302,商务住宅,住宅区,住宅小区
五里二村,114.251284,30.551592,五琴路与汉阳大道交叉口西北60米,住宅小区,,120302,商务住宅,住宅区,住宅小区
邓甲新城D区,114.252534,30.549367,五通路10号(汉阳火车站地铁站A口步行300米),住宅小区,,120302,商务住宅,住宅区,住宅小区
五新里社区,114.252828,30.551544,汉阳大道与五通路交叉口北80米,住宅小区,,120302,商务住宅,住宅区,住宅小区
地铁汉阳城,114.252861,30.552204,汉阳火车站地铁站B口步行110米,住宅小区,,120302,商务住宅,住宅区,住宅小区
龙灯里小区,114.245296,30.560658,翠微街街道月湖桥龙灯堤路,住宅小区,,120302,商务住宅,住宅区,住宅小区
怡景华庭,114.253603,30.549164,五通路与汉阳大道交叉口南150米,住宅小区,,120302,商务住宅,住宅区,住宅小区
武汉新区产业投资琴台月湖124号地块(建设中),114.24366,30.561327,汉阳区琴台大道以北、龙灯路以西、琴声二街以南、月琴路以东,住宅小区,,120302,商务住宅,住宅区,住宅小区
城投·月湖云镜,114.244643,30.561512,琴台大道530号,住宅小区,,120302,商务住宅,住宅区,住宅小区
车站前路小区,114.254655,30.552658,车站前路与和平路交叉口西北160米,住宅小区,,120302,商务住宅,住宅区,住宅小区
复地翠微新城,114.255401,30.550202,翠微街办事处汉阳大道汉阳火车站,住宅小区,,120302,商务住宅,住宅区,住宅小区
复地翠微新城3期,114.256833,30.549397,建桥街道翠微街街道复地翠微新城,住宅小区,,120302,商务住宅,住宅区,住宅小区
远洋东方境世界观,114.258727,30.549758,归元寺北路9号,住宅小区,,120302,商务住宅,住宅区,住宅小区
远洋东方境世界观1A地块,114.258817,30.549322,归元寺路8号,住宅小区,,120302,商务住宅,住宅区,住宅小区
杨家岭小区,114.258951,30.55064,翠微街,住宅小区,,120302,商务住宅,住宅区,住宅小区
复地翠微新城1期,114.26042,30.547723,翠微街翠微横路18号,住宅小区,,120302,商务住宅,住宅区,住宅小区
远洋春秋公馆,114.260796,30.548193,,住宅小区,,120302,商务住宅,住宅区,住宅小区
琴台社区,114.261221,30.550591,汉阳大道170-190号附近,住宅小区,,120302,商务住宅,住宅区,住宅小区
远洋东方境世界观3号地块,114.26174,30.548477,汉阳大道以南、国博大道以北、鹦鹉大道以西、规划肖家湾路以东,住宅小区,,120302,商务住宅,住宅区,住宅小区
远洋东方镜天境,114.263025,30.549025,西桥路与汉阳大道交叉口南60米,住宅小区,,120302,商务住宅,住宅区,住宅小区
琴台公寓,114.26331,30.550843,翠微街办事处翠微街琴台村36号,住宅小区,,120302,商务住宅,住宅区,住宅小区
琴台社区二号院,114.263789,30.550356,翠微街办事处钟家村(钟家村地铁站A口步行350米),住宅小区,,120302,商务住宅,住宅区,住宅小区
琴台村26号,114.264037,30.550873,汉阳大道与西桥路交叉口东北180米,住宅小区,,120302,商务住宅,住宅区,住宅小区
钟家村城市公园时云宾馆地块,114.265945,30.549033,鹦鹉大道与汉阳大道交叉口南60米,住宅小区,,120302,商务住宅,住宅区,住宅小区
闽东国际东1区,114.266276,30.549275,鹦鹉大道与汉阳大道交叉口南40米,住宅小区,,120302,商务住宅,住宅区,住宅小区
岚庭,114.266595,30.549995,汉阳大道与鹦鹉大道交叉口东北60米,住宅小区,,120302,商务住宅,住宅区,住宅小区
观云府,114.266525,30.548704,鹦鹉大道与汉阳大道交叉口南100米,住宅小区,,120302,商务住宅,住宅区,住宅小区
鹦鹉大道17号,114.266538,30.551526,建桥街道鹦鹉大道17号,住宅小区,,120302,商务住宅,住宅区,住宅小区
皇冠幸福里(都市兰亭店),114.267167,30.55001,钟家村都市兰亭5-6商铺汉商麦当劳斜对面,住宅小区,,120302|050800,商务住宅,住宅区,住宅小区
金地·知音乐府(建设中),114.259201,30.550071,汉阳大道钟家村地铁站旁,住宅小区,,120302,商务住宅,住宅区,住宅小区
都市兰亭,114.268038,30.551124,汉阳大道98号(钟家村地铁站E2口步行250米),住宅小区,,120302,商务住宅,住宅区,住宅小区
中建三局生活区,114.253225,30.562175,知音大道与兴月路交叉口东南380米,住宅小区,,120302,商务住宅,住宅区,住宅小区
荷塘月色,114.249349,30.561708,西菜园二街110号,住宅小区,,120302,商务住宅,住宅区,住宅小区
广厦海滨城1期,114.269768,30.553022,琴台立交桥与龟山南路交叉口东180米,住宅小区,,120302,商务住宅,住宅区,住宅小区
大桥一社区,114.271566,30.550936,莲花湖路19号附2号,住宅小区,,120302,商务住宅,住宅区,住宅小区
金桥嘉园,114.27209,30.550152,汉阳大道40-46附近,住宅小区,,120302,商务住宅,住宅区,住宅小区
金桥·半山花园,114.272805,30.549292,梅岩村58-59,住宅小区,,120302,商务住宅,住宅区,住宅小区
中海寰宇天下观雲府8号地,114.274451,30.547996,"汉阳大道以南,拦江路以北,鹦鹉大道以东,阳新路以西的归元片二期A包8号地块",住宅小区,,120302,商务住宅,住宅区,住宅小区
金桥·凤凰华庭,114.275573,30.548166,显正街,住宅小区,,120302,商务住宅,住宅区,住宅小区
锦绣江山,114.275971,30.550203,汉阳大道8号,住宅小区,,120302,商务住宅,住宅区,住宅小区
莲花村,114.276035,30.549201,汉阳大道120号,住宅小区,,120302,商务住宅,住宅区,住宅小区
园丁园,114.276283,30.553332,莲花湖路与莲花湖一路交叉口北240米,住宅小区,,120302,商务住宅,住宅区,住宅小区
中海寰宇天下天钻,114.277597,30.548722,和睦巷51号,住宅小区,,120302,商务住宅,住宅区,住宅小区
龟北花园,114.272623,30.556774,龟山北路8号,住宅小区,,120302,商务住宅,住宅区,住宅小区
莲花湖公寓,114.278951,30.55291,莲花湖路24号,住宅小区,,120302,商务住宅,住宅区,住宅小区
汉汽社区,114.27056,30.558849,汉南路9号,住宅小区,,120302,商务住宅,住宅区,住宅小区
江汉桥社区,114.267975,30.559475,汉江大道与鹦鹉大道交叉口东120米,住宅小区,,120302,商务住宅,住宅区,住宅小区
江汉桥小区,114.26785,30.559782,琴台地铁站B口步行200米,住宅小区,,120302,商务住宅,住宅区,住宅小区
汉南二村,114.265,30.561,汉江大道与知音大道交叉口西南60米,住宅小区,,120302,商务住宅,住宅区,住宅小区
尚品天成,114.274353,30.56294,沿河大道187.189号利济南路汉口电厂危改项目/栋5层1室,住宅小区,,120302,商务住宅,住宅区,住宅小区
新城金郡,114.29472,30.549116,临江大道与自由路交叉口南80米,住宅小区,,120302,商务住宅,住宅区,住宅小区
鸿翔巷38号,114.295284,30.548313,中华路街道鸿翔巷38号,住宅小区,,120302,商务住宅,住宅区,住宅小区
司门口鸿翔巷小区,114.295353,30.547866,鸿翔港与民主路交叉口东北80米,住宅小区,,120302,商务住宅,住宅区,住宅小区
国棉社区(汉江大道),114.282807,30.558993,知音大道与高公街交叉口西南220米,住宅小区,,120302,商务住宅,住宅区,住宅小区
中华路公寓,114.296026,30.548845,自由路6号,住宅小区,,120302,商务住宅,住宅区,住宅小区
北城角社区,114.296725,30.55072,北城角与中华路交叉口东北80米,住宅小区,,120302,商务住宅,住宅区,住宅小区
都府堤社区,114.297216,30.550801,中华路,住宅小区,,120302,商务住宅,住宅区,住宅小区
北城角50号小区,114.297252,30.550922,,住宅小区,,120302,商务住宅,住宅区,住宅小区
自由路小区,114.297412,30.548307,自由路与都府堤交叉口西60米,住宅小区,,120302,商务住宅,住宅区,住宅小区
常阳丽江城,114.297857,30.552424,临江大道58号,住宅小区,,120302,商务住宅,住宅区,住宅小区
都府堤,114.298252,30.548422,中华路(司门口黄鹤楼地铁站C口步行420米),住宅小区,,120302,商务住宅,住宅区,住宅小区
司门口社区,114.29868,30.549603,中华路与都府堤交叉口东20米,住宅小区,,120302,商务住宅,住宅区,住宅小区
中华路小区,114.29885,30.550212,都府堤与中华路交叉口东北80米,住宅小区,,120302,商务住宅,住宅区,住宅小区
中华路欧式公寓,114.299165,30.549192,中华路50号,住宅小区,,120302,商务住宅,住宅区,住宅小区
都府堤76号小区,114.299281,30.550008,中华路与延望街交叉口北60米,住宅小区,,120302,商务住宅,住宅区,住宅小区
青石公寓,114.299717,30.552003,火炬路1号,住宅小区,,120302,商务住宅,住宅区,住宅小区
银聚园小区南区,114.299988,30.551514,青石桥46号,住宅小区,,120302,商务住宅,住宅区,住宅小区
银聚园小区,114.300084,30.551784,青石桥44-46号,住宅小区,,120302,商务住宅,住宅区,住宅小区
银聚园小区北区,114.300097,30.551913,青石桥44-45,住宅小区,,120302,商务住宅,住宅区,住宅小区
解放路460号小区,114.300869,30.550187,海马巷与解放路交叉口东40米,住宅小区,,120302,商务住宅,住宅区,住宅小区
淘房·楚材公寓,114.301051,30.549119,中华路61-1号(司门口黄鹤楼地铁站C口步行340米),住宅小区,,120302,商务住宅,住宅区,住宅小区
楚材社区北区,114.301344,30.549324,中华路(司门口黄鹤楼地铁站C口步行280米),住宅小区,,120302,商务住宅,住宅区,住宅小区
武昌海马巷小区,114.301539,30.549749,海马巷与楚材街交叉口西40米,住宅小区,,120302,商务住宅,住宅区,住宅小区
新华村社区,114.30163,30.550667,司门口中华路新华村,住宅小区,,120302,商务住宅,住宅区,住宅小区
青石桥,114.30068,30.551625,都府堤路与青石桥交汇处东南50米,住宅小区,,120302,商务住宅,住宅区,住宅小区
泰昌公寓,114.301444,30.551203,解放路466号,住宅小区,,120302,商务住宅,住宅区,住宅小区
红色物业院落,114.30239,30.550452,楚材街6附2号附近,住宅小区,,120302,商务住宅,住宅区,住宅小区
都景园小区,114.302138,30.548878,楚材巷与楚材街交叉口东南40米,住宅小区,,120302,商务住宅,住宅区,住宅小区
金厦银座,114.302363,30.551199,火炬路29-30号,住宅小区,,120302,商务住宅,住宅区,住宅小区
雄楚楼社区,114.300615,30.552436,解放路100号,住宅小区,,120302,商务住宅,住宅区,住宅小区
常平仓,114.303348,30.550513,火炬路与楚材街交叉口东南100米,住宅小区,,120302,商务住宅,住宅区,住宅小区
兴隆巷小区,114.303301,30.548278,青龙巷与粮道街交叉口南20米,住宅小区,,120302,商务住宅,住宅区,住宅小区
顶秀嘉园,114.304008,30.548029,粮道街2号(司门口黄鹤楼地铁站B口步行150米),住宅小区,,120302,商务住宅,住宅区,住宅小区
武昌实验中学家属院,114.304358,30.552132,得胜桥169号(昙华林武胜门地铁站A口步行300米),住宅小区,,120302,商务住宅,住宅区,住宅小区
后补街小区,114.305322,30.550063,后补街2-8号,住宅小区,,120302,商务住宅,住宅区,住宅小区
西城壕小区,114.303575,30.553875,中山路与汉安里路交叉口南140米,住宅小区,,120302,商务住宅,住宅区,住宅小区
司门口252号小区,114.306271,30.55179,胭脂路与郎家巷交叉口西北100米,住宅小区,,120302,商务住宅,住宅区,住宅小区
戈甲营小区,114.305786,30.552822,昙华林武胜门地铁站A口步行90米,住宅小区,,120302,商务住宅,住宅区,住宅小区
英坊小区,114.306773,30.549337,友谊大道2号,住宅小区,,120302,商务住宅,住宅区,住宅小区
华发外滩玺,114.301256,30.555785,中山路38号,住宅小区,,120302,商务住宅,住宅区,住宅小区
湖北经济学院小区,114.306653,30.547716,粮道街118号(司门口黄鹤楼地铁站B口步行490米),住宅小区,,120302,商务住宅,住宅区,住宅小区
黄鹤雅舍,114.306468,30.552863,昙华林4号-2号,住宅小区,,120302,商务住宅,住宅区,住宅小区
马道门小区,114.306172,30.553494,得胜桥204号(昙华林武胜门地铁站A口步行120米),住宅小区,,120302,商务住宅,住宅区,住宅小区
鸿华花园小区,114.307422,30.550553,郎家巷23-40号,住宅小区,,120302,商务住宅,住宅区,住宅小区
候补街社区,114.307529,30.549511,候补街与郎家巷交叉口东100米,住宅小区,,120302,商务住宅,住宅区,住宅小区
胭脂山庄,114.306837,30.547195,履坦巷18号,住宅小区,,120302,商务住宅,住宅区,住宅小区
粮易新居,114.307077,30.54767,粮道街148号,住宅小区,,120302,商务住宅,住宅区,住宅小区
粮道街胭脂路社区,114.307642,30.548629,粮道街235号,住宅小区,,120302,商务住宅,住宅区,住宅小区
中山社区,114.304223,30.555958,中山路与积玉桥后街交叉口西北100米,住宅小区,,120302,商务住宅,住宅区,住宅小区
胭脂庭院,114.308472,30.549733,胭脂路49号附49号,住宅小区,,120302,商务住宅,住宅区,住宅小区
粮道街履坦巷社区,114.307922,30.547354,粮道街与胭脂路交叉口西南80米,住宅小区,,120302,商务住宅,住宅区,住宅小区
汉安里,114.304505,30.556384,积玉桥后街与中山路交叉口西北140米,住宅小区,,120302,商务住宅,住宅区,住宅小区
东城壕33号,114.307009,30.554628,中山路62号(昙华林武胜门地铁站C口步行340米),住宅小区,,120302,商务住宅,住宅区,住宅小区
沙湖南巷9号,114.307,30.554646,中山路62号(昙华林武胜门地铁站C口步行340米),住宅小区,,120302,商务住宅,住宅区,住宅小区
双柏小区,114.309005,30.548714,胭脂路与双柏前街交叉口东南40米,住宅小区,,120302,商务住宅,住宅区,住宅小区
金都·汉宫,114.30327,30.557405,临江大道66号(武昌江滩公园附近),住宅小区,,120302,商务住宅,住宅区,住宅小区
天玺华府,114.308925,30.547925,胭脂路与粮道街交叉口东北40米,住宅小区,,120302,商务住宅,住宅区,住宅小区
胭脂大院,114.309541,30.549766,胭脂路98号附2号,住宅小区,,120302,商务住宅,住宅区,住宅小区
武昌积玉桥街中山社区,114.305927,30.556754,积玉桥后街与一马路交叉口南80米,住宅小区,,120302,商务住宅,住宅区,住宅小区
紫晋公寓,114.309961,30.548033,粮道街259号,住宅小区,,120302,商务住宅,住宅区,住宅小区
武昌区粮道街阳光家园,114.310172,30.548864,双柏后街与双柏前街交叉口东20米,住宅小区,,120302,商务住宅,住宅区,住宅小区
长宏公寓,114.310225,30.548707,涵三宫17号和15号,住宅小区,,120302,商务住宅,住宅区,住宅小区
地铁凤凰苑,114.307487,30.55654,积玉桥街道(积玉桥地铁站C口步行480米),住宅小区,,120302,商务住宅,住宅区,住宅小区
德庆里,114.306575,30.557775,积玉桥后街与一马路交叉口东北80米,住宅小区,,120302,商务住宅,住宅区,住宅小区
棕榈阁,114.303325,30.559375,临江大道与一马路交叉口东北40米,住宅小区,,120302,商务住宅,住宅区,住宅小区
凤凰城,114.308503,30.556912,和平大道18号(昙华林武胜门地铁站C口步行460米),住宅小区,,120302,商务住宅,住宅区,住宅小区
书香苑,114.311768,30.548923,涵三宫33号,住宅小区,,120302,商务住宅,住宅区,住宅小区
金域雅庭,114.30672,30.558434,和平大道积玉桥三马路(积玉桥地铁站B口步行330米),住宅小区,,120302,商务住宅,住宅区,住宅小区
凤凰山小区,114.310915,30.554236,中山路与积玉路交叉口东南160米,住宅小区,,120302,商务住宅,住宅区,住宅小区
十四中学西家属区,114.311824,30.551915,粮道街办事处粮道街街道昙华林117号,住宅小区,,120302,商务住宅,住宅区,住宅小区
万源昌花园,114.310218,30.555941,中山路179号,住宅小区,,120302,商务住宅,住宅区,住宅小区
凤凰山公寓,114.31143,30.553996,中山路270号,住宅小区,,120302,商务住宅,住宅区,住宅小区
蓝湾俊园,114.305448,30.559635,临江大道76号(积玉桥地铁站B口步行280米),住宅小区,,120302,商务住宅,住宅区,住宅小区
桂花公寓,114.310743,30.555889,中山路187号,住宅小区,,120302,商务住宅,住宅区,住宅小区
涵三宫小区,114.312686,30.548925,粮道街,住宅小区,,120302,商务住宅,住宅区,住宅小区
中山路193号小区,114.311457,30.555148,中山路193号,住宅小区,,120302,商务住宅,住宅区,住宅小区
凤凰世纪家园2期,114.311367,30.556243,积玉桥街办事处中山路191号凤凰世纪家园,住宅小区,,120302,商务住宅,住宅区,住宅小区
凤凰世纪家园,114.311594,30.556006,积玉桥街办事处中山路191号,住宅小区,,120302,商务住宅,住宅区,住宅小区
鼓架坡小区,114.313876,30.548768,棋盘街与马家巷交叉口西南100米,住宅小区,,120302,商务住宅,住宅区,住宅小区
中山路217号小区,114.312891,30.554807,中山路与公平路交叉口西北80米,住宅小区,,120302,商务住宅,住宅区,住宅小区
雪莲星苑,114.306775,30.560675,三马路与积玉桥后街交叉口北140米,住宅小区,,120302,商务住宅,住宅区,住宅小区
城开玉桥新都,114.309042,30.559477,和平大道108号(积玉桥地铁站C口步行120米),住宅小区,,120302,商务住宅,住宅区,住宅小区
友谊国际百老汇,114.311478,30.557908,尚隆路18号(积玉桥地铁站C口步行420米),住宅小区,,120302,商务住宅,住宅区,住宅小区
友谊国际沙湖苑,114.312529,30.55673,友谊大道特1号(近沙湖苑路),住宅小区,,120302,商务住宅,住宅区,住宅小区
凤凰村小区,114.314286,30.553345,中山路280号(螃蟹岬地铁站A1口步行350米),住宅小区,,120302,商务住宅,住宅区,住宅小区
积玉桥中山路小区,114.313591,30.555115,公平路与中山路交叉口北80米,住宅小区,,120302,商务住宅,住宅区,住宅小区
生态环境局小区,114.313532,30.555283,公平路与中山路交叉口北100米,住宅小区,,120302,商务住宅,住宅区,住宅小区
沙湖社区,114.314408,30.554447,中山路与公平路交叉口东80米,住宅小区,,120302,商务住宅,住宅区,住宅小区
武昌区粮道街中医社区,114.315866,30.550132,昙华林196号,住宅小区,,120302,商务住宅,住宅区,住宅小区
泛悦汇昙华林A-B,114.316175,30.551825,昙华林与云架桥交叉口东北140米,住宅小区,,120302,商务住宅,住宅区,住宅小区
江江城,114.31672,30.551577,中山路辅路与昙华林交叉口西北140米,住宅小区,,120302,商务住宅,住宅区,住宅小区
招商·紫荆府,114.318744,30.549587,小龟山路与民主一路交叉口西南100米,住宅小区,,120302,商务住宅,住宅区,住宅小区
紫金花园,114.319488,30.549833,小龟山路与民主一路交叉口南60米,住宅小区,,120302,商务住宅,住宅区,住宅小区
政通菁苑,114.320008,30.549548,民主一路88号(螃蟹岬地铁站F口步行440米),住宅小区,,120302,商务住宅,住宅区,住宅小区
区委宿舍,114.320506,30.549119,紫沙路与小龟山路交叉口西南160米,住宅小区,,120302,商务住宅,住宅区,住宅小区
东龙社区,114.320314,30.55153,小龟山路与民主一路交叉口东北140米,住宅小区,,120302,商务住宅,住宅区,住宅小区
东龙世纪花园5期,114.320597,30.549394,紫沙路204号东龙世纪花园,住宅小区,,120302,商务住宅,住宅区,住宅小区
东龙世纪花园星河居,114.320985,30.549692,紫沙路202号,住宅小区,,120302,商务住宅,住宅区,住宅小区
紫沙金苑,114.320888,30.548645,紫沙路与小龟山路交汇处(武昌小东门市政建材市场旁),住宅小区,,120302,商务住宅,住宅区,住宅小区
东龙世纪花园,114.321156,30.55079,紫沙路204号,住宅小区,,120302,商务住宅,住宅区,住宅小区
东龙世纪花园百花居,114.321236,30.551618,粮道街街道紫沙路东龙世纪花园,住宅小区,,120302,商务住宅,住宅区,住宅小区
广电花园,114.320357,30.55331,公正路3号(螃蟹岬地铁站B口步行380米),住宅小区,,120302,商务住宅,住宅区,住宅小区
紫荆花苑,114.321346,30.547432,紫沙路127号,住宅小区,,120302,商务住宅,住宅区,住宅小区
金湖公寓,114.32199,30.550678,紫沙路203号,住宅小区,,120302,商务住宅,住宅区,住宅小区
金橡阁,114.322132,30.549738,小龟山路与紫沙路交叉口东南80米,住宅小区,,120302,商务住宅,住宅区,住宅小区
友谊国际1期,114.3162,30.556114,友谊大道特1号(螃蟹岬地铁站D1口步行190米),住宅小区,,120302,商务住宅,住宅区,住宅小区
翠林居,114.322395,30.549235,紫沙路201号,住宅小区,,120302,商务住宅,住宅区,住宅小区
金沙城公寓,114.3223,30.547709,紫沙路100号,住宅小区,,120302,商务住宅,住宅区,住宅小区
法院小区,114.321932,30.553465,红山路西段182号-41369,住宅小区,,120302,商务住宅,住宅区,住宅小区
武昌公安分局住宅小区,114.314941,30.556922,公平路14号,住宅小区,,120302,商务住宅,住宅区,住宅小区
姚家岭还建楼H1小区,114.322942,30.548788,小龟山路,住宅小区,,120302,商务住宅,住宅区,住宅小区
东龙世纪花园金湖居,114.322809,30.551764,紫沙路205号(小龟山地铁站A口步行420米),住宅小区,,120302,商务住宅,住宅区,住宅小区
新长江•香榭东沙,114.319905,30.555603,公正路沙湖旁(螃蟹岬地铁站C口步行230米),住宅小区,,120302,商务住宅,住宅区,住宅小区
东湖阁,114.323175,30.551125,星海路与紫沙路交叉口南180米,住宅小区,,120302,商务住宅,住宅区,住宅小区
星海印象酒店,114.323066,30.552296,粮道街紫沙路3号东龙世纪花园金湖居1栋1-2层21号星海印象,住宅小区,,120302,商务住宅,住宅区,住宅小区
星星社区,114.323865,30.549033,中南路街街道民主二路80号,住宅小区,,120302,商务住宅,住宅区,住宅小区
铁路小区,114.323054,30.546604,紫沙路74号,住宅小区,,120302,商务住宅,住宅区,住宅小区
中南路街民主路小龟山社区,114.323973,30.547616,民主二路31号附13号,住宅小区,,120302,商务住宅,住宅区,住宅小区
沙湖明珠,114.321607,30.556336,紫沙路17号,住宅小区,,120302,商务住宅,住宅区,住宅小区
小东门铁路小区,114.324034,30.54645,捷通路与民主二路交叉口西40米,住宅小区,,120302,商务住宅,住宅区,住宅小区
群建星城,114.325018,30.548112,民主二路50号,住宅小区,,120302,商务住宅,住宅区,住宅小区
尚隆地球村,114.313705,30.559047,积玉桥街公平路45号(内沙湖),住宅小区,,120302,商务住宅,住宅区,住宅小区
太阳岛花园,114.325122,30.546856,民主二路22号,住宅小区,,120302,商务住宅,住宅区,住宅小区
姚家岭新城,114.325574,30.548047,民主路717附1东北方向70米,住宅小区,,120302,商务住宅,住宅区,住宅小区
鸿玺公馆,114.326172,30.550888,星海路特1号(小龟山地铁站C口步行90米),住宅小区,,120302,商务住宅,住宅区,住宅小区
尚隆苑,114.311475,30.559375,尚隆路与积玉路交叉口东40米,住宅小区,,120302,商务住宅,住宅区,住宅小区
姚家岭新城2期,114.326329,30.547953,中南路街道民主路717附1东北方向70米姚家岭新城,住宅小区,,120302,商务住宅,住宅区,住宅小区
招商·武昌序,114.326771,30.552348,紫沙路与星海路交汇处,住宅小区,,120302,商务住宅,住宅区,住宅小区
嘉景花园,114.312935,30.560393,积玉桥街办事处武昌文化宫,住宅小区,,120302,商务住宅,住宅区,住宅小区
供电小区,114.310951,30.560288,积玉路与尚隆路交叉口北100米,住宅小区,,120302,商务住宅,住宅区,住宅小区
四清里社区,114.313541,30.561193,前进路与积玉路交叉口东南100米,住宅小区,,120302,商务住宅,住宅区,住宅小区
沙湖怡景,114.327887,30.552772,公正路与积跬路交叉口南240米,住宅小区,,120302,商务住宅,住宅区,住宅小区
武铁汇文住宅小区,114.328718,30.549899,民主二路62(洪山体育馆附近),住宅小区,,120302,商务住宅,住宅区,住宅小区
同昌花园,114.312421,30.561643,前进路72号,住宅小区,,120302,商务住宅,住宅区,住宅小区
鸿玺御园,114.32861,30.552176,星海路11号(小龟山地铁站C口步行380米),住宅小区,,120302,商务住宅,住宅区,住宅小区
星海虹城1期,114.328925,30.550675,星海路与民主三路交叉口西北180米,住宅小区,,120302,商务住宅,住宅区,住宅小区
融创壹号院3期,114.328575,30.553125,体育馆路与公正路交叉口南200米,住宅小区,,120302,商务住宅,住宅区,住宅小区
星海虹城,114.329234,30.55091,民主二路58号(小龟山地铁站B口步行280米),住宅小区,,120302,商务住宅,住宅区,住宅小区
金地·国际花园,114.311046,30.561975,和平大道前进路积玉桥与交汇处,住宅小区,,120302,商务住宅,住宅区,住宅小区
翰园,114.326289,30.557928,沙湖公园C区,住宅小区,,120302|110000,商务住宅,住宅区,住宅小区
阳光水岸,114.318025,30.562325,友谊大道194号(新河街地铁站D口步行80米),住宅小区,,120302,商务住宅,住宅区,住宅小区
中南电力设计院第二生活区,114.329388,30.54741,民主二路26号,住宅小区,,120302,商务住宅,住宅区,住宅小区
东湖城建,114.333975,30.550525,沙湖大道与姚家岭街交叉口西20米,住宅小区,,120302,商务住宅,住宅区,住宅小区
合建楼,114.334025,30.550125,沙湖大道与姚家岭街交叉口南40米,住宅小区,,120302,商务住宅,住宅区,住宅小区
融创中心武汉壹号院南区,114.330663,30.553593,公正路87号,住宅小区,,120201|120302,商务住宅,楼宇,商务写字楼
融创中心武汉壹号院,114.332457,30.553745,东湖西路与书卷路交叉口东40米,住宅小区,,120302,商务住宅,住宅区,住宅小区
姚家岭242号,114.335124,30.549306,"从中级国际公司进入,丰巢柜后一排最里面",住宅小区,,120302,商务住宅,住宅区,住宅小区
丽江龙城,114.335016,30.548352,宾悦路与体育馆路交叉口东北80米,住宅小区,,120302,商务住宅,住宅区,住宅小区
融创中心武汉壹号院北区,114.330167,30.554656,公正路与书卷路交叉口西南160米,住宅小区,,120302,商务住宅,住宅区,住宅小区
香格里嘉园,114.335755,30.548338,体育馆路特1号(洪山广场地铁站E口步行280米),住宅小区,,120302,商务住宅,住宅区,住宅小区
绿城桂语江南,114.336938,30.550449,武昌区中北路以西、东湖西路以南,住宅小区,,120302,商务住宅,住宅区,住宅小区
融创中心武汉壹号院二期,114.333793,30.555053,公正路,住宅小区,,120302,商务住宅,住宅区,住宅小区
安顺家园南区,114.336325,30.553075,东湖西路与沙湖大道交叉口东北120米,住宅小区,,120302,商务住宅,住宅区,住宅小区
楚天都市花园D座,114.33717,30.548581,中北路特1号湖北经视大厦,住宅小区,,120203|120302,商务住宅,楼宇,
红色住宅楼,114.337509,30.549522,姚家岭街与嘉北巷交叉口东80米,住宅小区,,120302,商务住宅,住宅区,住宅小区
东湖熙园,114.337381,30.551382,姚家岭116号,住宅小区,,120302,商务住宅,住宅区,住宅小区
安顺花园,114.337392,30.552259,水果湖街道机安社区东湖西路21号,住宅小区,,120302,商务住宅,住宅区,住宅小区
安顺家园梅岭,114.336607,30.554085,水果湖街办事处汉街万达旁,住宅小区,,120302,商务住宅,住宅区,住宅小区
沙湖九号,114.333206,30.556766,公正路29号,住宅小区,,120302,商务住宅,住宅区,住宅小区
安顺家园兰亭,114.337239,30.553856,公正路214号,住宅小区,,120302,商务住宅,住宅区,住宅小区
安顺家园,114.33745,30.553852,水果湖街道机安社区中北路85号,住宅小区,,120302,商务住宅,住宅区,住宅小区
安顺家园竹居,114.337816,30.553774,公正路与汉街侧路交叉口南160米,住宅小区,,120302,商务住宅,住宅区,住宅小区
安顺家园菊坊,114.338188,30.553607,安胜路与公正路交叉口西南160米,住宅小区,,120302,商务住宅,住宅区,住宅小区
海山金谷天城小区,114.339055,30.551671,中北路101(楚河汉街地铁站D口步行310米),住宅小区,,120302,商务住宅,住宅区,住宅小区
联合新村,114.335025,30.556775,公正路与沙湖大道交叉口西北200米,住宅小区,,120302,商务住宅,住宅区,住宅小区
沙湖公寓,114.335035,30.556796,公正路33号,住宅小区,,120302,商务住宅,住宅区,住宅小区
中北路44号小区,114.339757,30.549287,中北路辅路与水果湖路交叉口东北100米,住宅小区,,120302,商务住宅,住宅区,住宅小区
水果湖路1号小区,114.3397,30.548804,中北路辅路与水果湖路交叉口东60米,住宅小区,,120302,商务住宅,住宅区,住宅小区
万达行政公馆,114.335108,30.557481,松竹路28号,住宅小区,,120302,商务住宅,住宅区,住宅小区
皇冠幸福里(中北路店),114.340241,30.550235,中北路54号平安银行旁,住宅小区,,120302|050800,商务住宅,住宅区,住宅小区
楚悦庭云水禅心按摩足浴SPA(汉街店),114.335225,30.557675,松竹路与烟霞路交叉口南240米,住宅小区,,120302,商务住宅,住宅区,住宅小区
中国铁建·1818中心,114.339669,30.553223,中北路109号(中北路与公正路交汇处),住宅小区,,120302,商务住宅,住宅区,住宅小区
Spr·Sum春夏花园,114.335692,30.557475,松竹路28号万达行政公馆k6-5-5号,住宅小区,,120302,商务住宅,住宅区,住宅小区
安顺花园1至3期,114.340516,30.551386,中北路与东湖路交叉口东北80米,住宅小区,,120302,商务住宅,住宅区,住宅小区
远洋国际,114.335901,30.558323,松竹路与烟霞路交叉口东南200米,住宅小区,,120302|120201,商务住宅,住宅区,住宅小区
幸福之光,114.335225,30.558775,松竹路与烟霞路交叉口东南120米,住宅小区,,120302,商务住宅,住宅区,住宅小区
世纪瑞安,114.334367,30.559243,松竹路与烟霞路交叉口西南60米,住宅小区,,120302,商务住宅,住宅区,住宅小区
安顺星苑,114.339799,30.555731,水果湖街道机安社区中北路115号(楚河汉街地铁站C口步行250米),住宅小区,,120302,商务住宅,住宅区,住宅小区
北环路小区,114.341961,30.548533,水果湖路5号(洪山路地铁站A1口步行190米),住宅小区,,120302,商务住宅,住宅区,住宅小区
水果湖二小宿舍,114.342567,30.549299,水果湖街办事处东湖路38-2,住宅小区,,120302,商务住宅,住宅区,住宅小区
观湖闲庭,114.333692,30.560458,水果湖街烟霞路1号武汉云旅游客厅负一楼02,住宅小区,,120302,商务住宅,住宅区,住宅小区
汐湖里,114.336692,30.559715,水果湖街道东沙城市绿道东沙连通项目楚河管理房14附3号房屋,住宅小区,,120302,商务住宅,住宅区,住宅小区
省财政厅家属楼,114.341875,30.544475,洪山路与东一小路交叉口东南120米,住宅小区,,120302,商务住宅,住宅区,住宅小区
御湖壹号四组团,114.339325,30.558475,楚汉路与沙湖大道交叉口东南40米,住宅小区,,120302,商务住宅,住宅区,住宅小区
同成富苑,114.341873,30.555727,中北路117号(楚河汉街地铁站C口步行260米),住宅小区,,120302,商务住宅,住宅区,住宅小区
水果湖工商银行宿舍,114.34372,30.54944,东湖路与水果湖横路交叉口西北80米,住宅小区,,120302,商务住宅,住宅区,住宅小区
御湖壹号K4地块,114.33905,30.55905,沙湖大道与楚汉路交叉口北40米,住宅小区,,120302,商务住宅,住宅区,住宅小区
一街区云中,114.342125,30.556375,松竹路与中北路辅路交叉口西北60米,住宅小区,,120302,商务住宅,住宅区,住宅小区
万达御湖壹号灵隐阁,114.34031,30.558601,楚汉路与沙湖大道交叉口东120米,住宅小区,,120302,商务住宅,住宅区,住宅小区
水中大院,114.344533,30.551033,东湖路与春蕾路交叉口西120米,住宅小区,,120302,商务住宅,住宅区,住宅小区
万象春天,114.343957,30.554607,松竹路与中北路辅路交叉口东南180米,住宅小区,,120302,商务住宅,住宅区,住宅小区
红军村,114.344922,30.55176,东湖路93-95号(水果湖地铁站D口步行100米),住宅小区,,120302,商务住宅,住宅区,住宅小区
万达御湖世家,114.338515,30.560754,楚汉路1号,住宅小区,,120302,商务住宅,住宅区,住宅小区
和美楼,114.345121,30.550166,东湖路与春蕾路交叉口西南120米,住宅小区,,120302,商务住宅,住宅区,住宅小区
地税小区,114.344789,30.5528,白鹭街与武重四街坊交叉口西北100米,住宅小区,,120302,商务住宅,住宅区,住宅小区
招商紫荆府,114.344163,30.555156,松竹路与中北路辅路交叉口东160米,住宅小区,,120302,商务住宅,住宅区,住宅小区
汉街壹号公馆一组团,114.341797,30.558586,楚汉路辅路与中北路辅路交叉口西北240米,住宅小区,,120302,商务住宅,住宅区,住宅小区
水果湖中学家属区,114.345461,30.55119,湖北省水果湖第一中学旁(水果湖地铁站A口步行70米),住宅小区,,120302,商务住宅,住宅区,住宅小区
御湖邻里,114.340193,30.560133,万达御湖壹号3-4-2,住宅小区,,120302,商务住宅,住宅区,住宅小区
壹号府(万达御湖壹号店),114.34057,30.55992,楚汉路3号万达御湖壹商墅-46随园,住宅小区,,120302,商务住宅,住宅区,住宅小区
红军村楚苑,114.345552,30.551494,水果湖街办事处东湖路91号,住宅小区,,120302,商务住宅,住宅区,住宅小区
同心大厦,114.345719,30.54988,东湖路56号,住宅小区,,120302,商务住宅,住宅区,住宅小区
红军村还建安置住宅楼,114.345675,30.551475,水果湖街街道东湖路91号红军村楚苑红军村,住宅小区,,120302,商务住宅,住宅区,住宅小区
东湖路78号小区,114.347438,30.55027,东湖路78号(水果湖地铁站A口步行90米),住宅小区,,120302,商务住宅,住宅区,住宅小区
惠明小区,114.347366,30.549147,鹰台路步行街与惠明路交叉口西20米,住宅小区,,120302,商务住宅,住宅区,住宅小区
天永公寓,114.347664,30.550805,东湖路98号(水果湖地铁站B口步行310米),住宅小区,,120302,商务住宅,住宅区,住宅小区
放鹰台社区,114.347094,30.548368,惠明路14-3号(水果湖地铁站A口步行300米),住宅小区,,120302,商务住宅,住宅区,住宅小区
水果湖·长城嘉苑,114.348081,30.550015,东湖路86号(水果湖地铁站A口步行300米),住宅小区,,120302,商务住宅,住宅区,住宅小区
中北路四街坊,114.345939,30.552888,东湖路97号(水果湖地铁站D口步行170米),住宅小区,,120302,商务住宅,住宅区,住宅小区
水果湖白鹭街小区,114.348151,30.551365,白鹭街与惠明路交叉口北40米,住宅小区,,120302,商务住宅,住宅区,住宅小区
量绅公馆Kingentle Bespoke(汉街体验店),114.34583,30.553311,水果湖街中北路86号汉街武汉中心文化旅游区K3地块3栋1-2层,住宅小区,,120302|060000,商务住宅,住宅区,住宅小区
水产局社区,114.349082,30.550152,东湖路102号(水果湖地铁站B口步行380米),住宅小区,,120302,商务住宅,住宅区,住宅小区
双湖桥住宅小区,114.350784,30.549695,白鹭街与天鹅路交叉处向西约200米,住宅小区,,120302,商务住宅,住宅区,住宅小区
武汉大学高家湾社区,114.349549,30.55367,东湖路115号武汉大学医学部,住宅小区,,120303|120302,商务住宅,住宅区,
寰宇上楼,114.344939,30.556371,楚汉路辅路与中北路辅路交叉口东140米,住宅小区,,120302|120200,商务住宅,住宅区,住宅小区
放鹰台1号小区,114.352405,30.549346,白鹭街,住宅小区,,120302,商务住宅,住宅区,住宅小区
御湖汉印,114.346097,30.557335,中北路94-附3号,住宅小区,,120302,商务住宅,住宅区,住宅小区
中北领秀领寓,114.343682,30.557702,中北路周家大湾(楚河汉街地铁站C口步行430米),住宅小区,,120302,商务住宅,住宅区,住宅小区
中北领秀1期,114.343725,30.557725,中北路辅路与楚汉路辅路交叉口北60米,住宅小区,,120302,商务住宅,住宅区,住宅小区
周家大湾领寓,114.343875,30.557875,中北路辅路与楚汉路辅路交叉口北80米,住宅小区,,120302,商务住宅,住宅区,住宅小区
复地东湖国际8.2期,114.349107,30.557143,兴国南路24号,住宅小区,,120302,商务住宅,住宅区,住宅小区
广厦中北领秀,114.343314,30.558442,中北路周家大湾107-2号,住宅小区,,120302,商务住宅,住宅区,住宅小区
武重经济适用房小区,114.349854,30.557759,兴国路68号,住宅小区,,120302,商务住宅,住宅区,住宅小区
怡欣苑,114.352562,30.555947,水果湖街办事处东湖路武汉大学医学部家属区(省卫生厅右转),住宅小区,,120302,商务住宅,住宅区,住宅小区
九天公寓小区,114.343866,30.558928,乐善路与中北路辅路交叉口西100米,住宅小区,,120302,商务住宅,住宅区,住宅小区
万达御湖公寓,114.344688,30.55906,中北路203号,住宅小区,,120302,商务住宅,住宅区,住宅小区
K4-2组团,114.342825,30.558875,乐善路与中北路辅路交叉口西200米,住宅小区,,120302,商务住宅,住宅区,住宅小区
汉街壹号公馆,114.34215,30.559152,中北路171号(中北路与东沙大道交汇处),住宅小区,,120302,商务住宅,住宅区,住宅小区
秀水公寓,114.356172,30.551006,东湖路138号,住宅小区,,120302,商务住宅,住宅区,住宅小区
复地·东湖国际8.1期,114.352275,30.557665,兴武路与兴囯南路交叉口东北240米,住宅小区,,120302,商务住宅,住宅区,住宅小区
保利沙湖嘉瑞(建设中),114.345267,30.56003,建发朗玥南门东南90米,住宅小区,,120302,商务住宅,住宅区,住宅小区
楚汉新居,114.347966,30.559723,中北路149号(青鱼嘴地铁站A口步行400米),住宅小区,,120302,商务住宅,住宅区,住宅小区
汉街壹号公馆二组团,114.342667,30.559972,水果湖街街道水果湖街办事处楚汉路,住宅小区,,120302,商务住宅,住宅区,住宅小区
楚汉新居北区,114.348259,30.559805,中北路143号附近,住宅小区,,120302,商务住宅,住宅区,住宅小区
复地·东湖国际五六期,114.349243,30.559526,中北路118号(青鱼嘴地铁站A口步行290米),住宅小区,,120302,商务住宅,住宅区,住宅小区
中央文化区2区,114.341825,30.560025,沿湖一路与兴囯南路交叉口西南120米,住宅小区,,120302,商务住宅,住宅区,住宅小区
万达御湖壹号,114.340835,30.559908,楚河汉街楚汉路3号,住宅小区,,120302,商务住宅,住宅区,住宅小区
御湖壹号公馆1号,114.342075,30.560475,沿湖一路与兴囯南路交叉口西南60米,住宅小区,,120302,商务住宅,住宅区,住宅小区
复地·东湖国际四期,114.352054,30.559026,兴武路1号,住宅小区,,120302,商务住宅,住宅区,住宅小区
武汉建发朗玥,114.344257,30.560957,兴国南路与中北路交汇处,住宅小区,,120302,商务住宅,住宅区,住宅小区
复地·东湖国际七八期,114.354584,30.557632,兴武路与兴国路交叉口南160米,住宅小区,,120302,商务住宅,住宅区,住宅小区
中建八局生活区,114.342725,30.561425,沿湖二路与兴囯南路交叉口东北40米,住宅小区,,120302,商务住宅,住宅区,住宅小区
武汉沙湖中心云玺,114.347238,30.56199,中北路221号(青鱼嘴地铁站K口步行190米),住宅小区,,120302,商务住宅,住宅区,住宅小区
工地生活区,114.343675,30.562625,沿湖二路与兴囯南路交叉口东北200米,住宅小区,,120302|120303,商务住宅,住宅区,住宅小区
复地·东湖国际三期高层,114.353118,30.561458,兴沪路与兴国路交叉口东140米,住宅小区,,120302,商务住宅,住宅区,住宅小区
怡园柒号,114.362715,30.55677,东湖路与兴囯南路交叉口东240米,住宅小区,,120302,商务住宅,住宅区,住宅小区
东湖银苑小区,114.358101,30.557649,东湖路137号(中南医院地铁站C口步行150米),住宅小区,,120302,商务住宅,住宅区,住宅小区
十亩地小区,114.359282,30.558788,东湖路143号(中南医院地铁站C口步行380米),住宅小区,,120302,商务住宅,住宅区,住宅小区
复地·东湖国际一二期,114.356965,30.559022,中北路118号(中南医院地铁站D口步行170米),住宅小区,,120302,商务住宅,住宅区,住宅小区
东沙公寓,114.359807,30.560595,兴国北路19号,住宅小区,,120302,商务住宅,住宅区,住宅小区
东湖1号小区1期,114.357552,30.56046,兴国北路与武重南路交叉口东140米,住宅小区,,120302,商务住宅,住宅区,住宅小区
东湖1号小区3期,114.358591,30.560759,兴国北路与武重南路交叉口东240米,住宅小区,,120302,商务住宅,住宅区,住宅小区
安诚铭居,114.356788,30.560546,兴国北路与武重南路交叉口东南60米,住宅小区,,120302,商务住宅,住宅区,住宅小区
东湖1号小区,114.358671,30.561163,中北路120号,住宅小区,,120302,商务住宅,住宅区,住宅小区
东湖1号小区2期,114.359024,30.561416,东湖路150号,住宅小区,,120302,商务住宅,住宅区,住宅小区
伟鹏苑,114.355336,30.561947,中北路122号,住宅小区,,120302,商务住宅,住宅区,住宅小区
锦绣江南一期,114.358821,30.56258,中北路126号,住宅小区,,120302,商务住宅,住宅区,住宅小区
泓雅小区,114.359851,30.563367,车家岭街122号,住宅小区,,120302,商务住宅,住宅区,住宅小区
蘭府LAN MANSION,114.375339,30.561005,东湖听涛风景区内,住宅小区,,120302|050101,商务住宅,住宅区,住宅小区
黄鹂小区,114.369138,30.561416,黄鹂路80号,住宅小区,,120302,商务住宅,住宅区,住宅小区
保利星河九州K5地块,114.179436,30.566529,汉阳大道辅路与琴堂路交叉口东北260米,住宅小区,,120302,商务住宅,住宅区,住宅小区
仙山创业中心观湖星座,114.177975,30.565133,永丰街办事处汉阳大道998号,住宅小区,,120302,商务住宅,住宅区,住宅小区
保利星河九洲·K8,114.17794,30.566829,汉阳大道孟家铺地铁站B出口,住宅小区,,120302,商务住宅,住宅区,住宅小区
保利·青年荣耀,114.176342,30.570049,平塘路5号,住宅小区,,120302,商务住宅,住宅区,住宅小区
芳草苑小区西区,114.186903,30.566591,仙女山路辅路与汉阳大道交叉口西北120米,住宅小区,,120302,商务住宅,住宅区,住宅小区
芳草苑小区,114.187242,30.567566,汉阳大道864号(永安堂地铁站D口步行280米),住宅小区,,120302,商务住宅,住宅区,住宅小区
芳草苑小区东区,114.187216,30.567938,仙女山路辅路与汉阳大道交叉口西北220米,住宅小区,,120302,商务住宅,住宅区,住宅小区
御景轩,114.171546,30.564502,永丰街办事处米粮村汉阳汇龙货运中心A区E栋18号,住宅小区,,120302,商务住宅,住宅区,住宅小区
昌南花园,114.187941,30.567852,汉阳大道862号(永安堂地铁站C口步行60米),住宅小区,,120302,商务住宅,住宅区,住宅小区
保利星河九洲,114.188598,30.569601,汉阳大道地铁4号线永安堂C出口,住宅小区,,120302,商务住宅,住宅区,住宅小区
保利星河九洲K5区,114.188365,30.569976,阳城东路与玫瑰街交叉口南180米,住宅小区,,120302,商务住宅,住宅区,住宅小区
当代万国城MOMA,114.169628,30.566333,汉阳大道孟家铺站地铁B出口对面,住宅小区,,120302,商务住宅,住宅区,住宅小区
米粮新城,114.169842,30.567757,金色一路与孟家铺路交叉口东南120米,住宅小区,,120302,商务住宅,住宅区,住宅小区
保利星河九洲K4区,114.185568,30.574087,琴台大道与阳城西路交汇处南180米,住宅小区,,120302,商务住宅,住宅区,住宅小区
阳城·汉江苑三期,114.187522,30.573238,郭家湾路与玫瑰街交叉口东北200米,住宅小区,,120302,商务住宅,住宅区,住宅小区
鑫安居,114.167875,30.563475,孟家铺立交桥与汉阳大道交叉口东南100米,住宅小区,,120302,商务住宅,住宅区,住宅小区
阳城·汉江苑,114.189241,30.573685,琴台大道585号,住宅小区,,120302,商务住宅,住宅区,住宅小区
磨山新天地2区,114.194055,30.565861,汉阳大道与蟠龙路交叉口西160米,住宅小区,,120302,商务住宅,住宅区,住宅小区
保和·汉水湾,114.177032,30.576964,永丰街办事处琴台大道仙女山公交站天宇建筑工地,住宅小区,,120302,商务住宅,住宅区,住宅小区
汉琴社区,114.191667,30.572045,琴台大道,住宅小区,,120302,商务住宅,住宅区,住宅小区
阳城·汉江苑二期,114.188689,30.574844,琴台大道汉江苑,住宅小区,,120302,商务住宅,住宅区,住宅小区
燎原悦府二区,114.193535,30.569658,燎原路12号,住宅小区,,120302,商务住宅,住宅区,住宅小区
锦绣仙山一期,114.183123,30.577306,琴台大道1112号,住宅小区,,120302,商务住宅,住宅区,住宅小区
阳城·汉江苑一期,114.190851,30.573606,琴台大道583号,住宅小区,,120302,商务住宅,住宅区,住宅小区
锦绣仙山,114.180765,30.577864,琴台大道1112号,住宅小区,,120302,商务住宅,住宅区,住宅小区
保利星宸,114.185424,30.577047,仙女山东路5号,住宅小区,,120302,商务住宅,住宅区,住宅小区
仙山新城,114.179708,30.578291,仙女山路与琴台大道交叉口西北150米,住宅小区,,120302,商务住宅,住宅区,住宅小区
中国铁建国际花园,114.187255,30.576932,琴台大道附近,住宅小区,,120302,商务住宅,住宅区,住宅小区
米粮村还建房(建设中),114.170144,30.564374,汉阳大道与孟家铺立交桥交叉口西南60米,住宅小区,,120302,商务住宅,住宅区,住宅小区
汉阳·磨山港湾一期,114.196054,30.563963,汉阳大道辅路与蟠龙路交叉口南260米,住宅小区,,120302,商务住宅,住宅区,住宅小区
磨山新天地1区,114.197083,30.56554,汉阳大道与蟠龙路交叉口东南160米,住宅小区,,120302,商务住宅,住宅区,住宅小区
四时苑,114.198175,30.564175,汉阳大道磨山新村231号楼对面,住宅小区,,120302|050000,商务住宅,住宅区,住宅小区
磨山集团,114.198493,30.56499,汉阳大道790附(玉龙路地铁站A口步行230米),住宅小区,,120302,商务住宅,住宅区,住宅小区
华福苑,114.199018,30.563567,王家湾磨山村(玉龙路地铁站A口步行400米),住宅小区,,120302,商务住宅,住宅区,住宅小区
燎原悦府一区,114.195829,30.568944,蟠龙路与玫瑰街交叉口西南160米,住宅小区,,120302,商务住宅,住宅区,住宅小区
财校东苑,114.199712,30.565399,玫瑰街(玉龙路地铁站D口步行200米),住宅小区,,120302,商务住宅,住宅区,住宅小区
燎原悦府,114.197422,30.569141,蟠龙路与玫瑰街交叉口南60米,住宅小区,,120302,商务住宅,住宅区,住宅小区
燎原悦府五区,114.197773,30.569128,玫瑰街与蟠龙路交叉口东南80米,住宅小区,,120302,商务住宅,住宅区,住宅小区
安居苑,114.198912,30.568917,玫瑰街437号,住宅小区,,120302,商务住宅,住宅区,住宅小区
玫瑰西苑,114.201125,30.565835,玉龙路134号(玉龙路地铁站D口步行190米),住宅小区,,120302,商务住宅,住宅区,住宅小区
赛博园,114.198788,30.569917,玫瑰街232号,住宅小区,,120302,商务住宅,住宅区,住宅小区
保利庭瑞阅江台雅园,114.196369,30.570864,燎原村K14地块,住宅小区,,120302,商务住宅,住宅区,住宅小区
汉阳锦绣汉江,114.20165,30.562916,玉龙路与汉阳大道交叉口南140米,住宅小区,,120302,商务住宅,住宅区,住宅小区
燎原悦府四区,114.198395,30.570618,银杏街与蟠龙路交叉口东南80米,住宅小区,,120302,商务住宅,住宅区,住宅小区
玫瑰西苑社区嘉园小区,114.201765,30.567611,玫瑰街与玉龙路交叉口西80米,住宅小区,,120302,商务住宅,住宅区,住宅小区
燎原悦府三区,114.19458,30.571374,燎原路13号,住宅小区,,120302,商务住宅,住宅区,住宅小区
锦绣汉江六区,114.201992,30.562768,玉龙路地铁B口旁(玉龙路地铁站B口步行250米),住宅小区,,120302,商务住宅,住宅区,住宅小区
保利庭瑞阅江台沁园,114.200966,30.569417,燎原村K14地块,住宅小区,,120302,商务住宅,住宅区,住宅小区
玫瑰苑南苑,114.202908,30.565218,玫瑰南街105号(玉龙路地铁站C口步行90米),住宅小区,,120302,商务住宅,住宅区,住宅小区
邹家湾小区,114.202875,30.563575,汉阳大道辅路与玫瑰中路交叉口西南140米,住宅小区,,120302,商务住宅,住宅区,住宅小区
玫瑰苑北苑,114.203106,30.566804,玫瑰街(玉龙路地铁站C口步行400米),住宅小区,,120302,商务住宅,住宅区,住宅小区
玫瑰苑,114.203415,30.566827,水仙里274号德才中学对面,住宅小区,,120302,商务住宅,住宅区,住宅小区
王家湾中央生活区湾玺,114.203314,30.562623,湖北省武汉市汉阳区汉阳大道,住宅小区,,120302,商务住宅,住宅区,住宅小区
保利庭瑞阅江台璟园,114.199729,30.57145,燎原村K14地块,住宅小区,,120302,商务住宅,住宅区,住宅小区
玫瑰馨苑,114.203889,30.564701,汉阳大道778号(玉龙路地铁站C口步行150米),住宅小区,,120302,商务住宅,住宅区,住宅小区
保利庭瑞阅江台朗园,114.196999,30.572524,燎原村K14地块,住宅小区,,120302,商务住宅,住宅区,住宅小区
保利庭瑞阅江台峯园,114.201181,30.570669,燎原村K14地块,住宅小区,,120302,商务住宅,住宅区,住宅小区
朝阳富苑,114.204709,30.56487,老交管局正对面(玉龙路地铁站C口步行300米),住宅小区,,120302,商务住宅,住宅区,住宅小区
鑫瑞·小城故事东区,114.201364,30.571643,朱家亭,住宅小区,,120302,商务住宅,住宅区,住宅小区
永开商住楼,114.202372,30.570825,郭茨口朱家亭玉龙路,住宅小区,,120302,商务住宅,住宅区,住宅小区
鑫瑞·小城故事,114.200628,30.572143,朱家亭路与琴台大道交叉口西南160米,住宅小区,,120302,商务住宅,住宅区,住宅小区
中央之心,114.204875,30.563375,汉阳大道辅路与龙阳湖东路交叉口西100米,住宅小区,,120302,商务住宅,住宅区,住宅小区
鑫瑞·小城故事西区,114.200073,30.572535,蟠龙路5号,住宅小区,,120302,商务住宅,住宅区,住宅小区
德才小区,114.204915,30.567047,玫瑰街(玉龙路地铁站C口步行460米),住宅小区,,120302,商务住宅,住宅区,住宅小区
王家湾中央生活区写字楼,114.205025,30.563175,汉阳大道辅路与龙阳湖东路交叉口西南100米,住宅小区,,120302,商务住宅,住宅区,住宅小区
永丰街道磨山村磨山城中村改造开发用地A地块1期,114.205006,30.563029,汉阳大道辅路与龙阳湖东路交叉口西南100米,住宅小区,,120302,商务住宅,住宅区,住宅小区
保利庭瑞阅江台汀园,114.192158,30.57365,燎原村K14地块,住宅小区,,120302,商务住宅,住宅区,住宅小区
大江·鑫港龙城小区,114.19774,30.573692,琴台大道577号,住宅小区,,120302,商务住宅,住宅区,住宅小区
保利庭瑞阅江台竹园,114.202609,30.571298,燎原村K14地块,住宅小区,,120302,商务住宅,住宅区,住宅小区
玫瑰东苑,114.205561,30.565147,郭茨口玫瑰街玫瑰东村公园旁,住宅小区,,120302,商务住宅,住宅区,住宅小区
玫瑰东苑G区,114.205561,30.564584,玫瑰南街29-31号(玉龙路地铁站C口步行470米),住宅小区,,120302,商务住宅,住宅区,住宅小区
玉龙社区,114.202007,30.571916,琴台大道与玉龙路交叉口西200米,住宅小区,,120302,商务住宅,住宅区,住宅小区
二桥街水仙里社区,114.205127,30.568115,玫瑰街64号,住宅小区,,120302,商务住宅,住宅区,住宅小区
保利庭瑞阅江台麓园,114.200624,30.573113,燎原村K14地块,住宅小区,,120302,商务住宅,住宅区,住宅小区
锦绣汉江三区,114.202639,30.57221,琴台大道531号,住宅小区,,120302,商务住宅,住宅区,住宅小区
保利庭瑞阅江台,114.201033,30.574143,琴台大道1000附325号附近,住宅小区,,120302,商务住宅,住宅区,住宅小区
保利庭瑞阅江台·江峯,114.202069,30.573936,燎原村K14地块,住宅小区,,120302,商务住宅,住宅区,住宅小区
锦绣汉江四区,114.20527,30.571233,琴台大道521号,住宅小区,,120302,商务住宅,住宅区,住宅小区
玫瑰西园社区,114.207443,30.563475,汉阳大道734号,住宅小区,,120302,商务住宅,住宅区,住宅小区
同济医院郭茨口小区,114.207581,30.564678,王家湾地铁站L口步行350米,住宅小区,,120302,商务住宅,住宅区,住宅小区
锦绣汉江,114.204896,30.572066,琴台大道,住宅小区,,120302,商务住宅,住宅区,住宅小区
锦绣汉江一区,114.203411,30.57368,琴台大道1000附261号附近,住宅小区,,120302,商务住宅,住宅区,住宅小区
恒富苑小区2区,114.207305,30.569083,知音路18号,住宅小区,,120302,商务住宅,住宅区,住宅小区
锦绣汉江五区,114.207054,30.570835,琴台大道517号附16号,住宅小区,,120302,商务住宅,住宅区,住宅小区
锦绣汉江二区,114.205454,30.573036,琴台大道1000附95号附近,住宅小区,,120302,商务住宅,住宅区,住宅小区
博雅苑,114.20811,30.569715,金龙路4号、6号,住宅小区,,120302,商务住宅,住宅区,住宅小区
恒富苑小区,114.207807,30.570398,知音路18号,住宅小区,,120302,商务住宅,住宅区,住宅小区
玫瑰园小区,114.208634,30.56882,建工路与知音路交叉口西南约60米,住宅小区,,120302,商务住宅,住宅区,住宅小区
江汉二桥街知音西苑社区,114.209223,30.567062,王家湾地铁站L口步行450米,住宅小区,,120302,商务住宅,住宅区,住宅小区
玫瑰园西村,114.209849,30.564682,汉阳郭茨口玫瑰街228号,住宅小区,,120302,商务住宅,住宅区,住宅小区
万科翡翠滨江一期,114.206698,30.573733,琴台大道1088号,住宅小区,,120302,商务住宅,住宅区,住宅小区
汉江阳光城A区,114.211675,30.564175,龙阳大道与玫瑰街交叉口南140米,住宅小区,,120302,商务住宅,住宅区,住宅小区
汉江阳光城,114.211716,30.564087,二桥路19号(王家湾地铁站K口步行250米),住宅小区,,120302,商务住宅,住宅区,住宅小区
永丰乡政府小区,114.212959,30.564626,永丰路与玫瑰街交叉口南100米,住宅小区,,120302,商务住宅,住宅区,住宅小区
知音东苑社区,114.213532,30.567106,桥东村37号,住宅小区,,120302,商务住宅,住宅区,住宅小区
清宜农园(桥西社区),114.211906,30.568318,知音路20号附近,住宅小区,,120302,商务住宅,住宅区,住宅小区
玫瑰东园小区,114.214563,30.564506,玫瑰东园路与玫瑰街交叉口西南140米,住宅小区,,120302,商务住宅,住宅区,住宅小区
桥西村40号,114.211569,30.569216,知音路32-1-1号,住宅小区,,120302,商务住宅,住宅区,住宅小区
江汉二桥街桥西社区,114.210977,30.56953,玫瑰街附近,住宅小区,,120302,商务住宅,住宅区,住宅小区
常福楼,114.215659,30.5643,玫瑰东园路与玫瑰街交叉口南140米,住宅小区,,120302|120200,商务住宅,住宅区,住宅小区
十里铺社区,114.215555,30.562929,王家湾知音东村旁,住宅小区,,120302,商务住宅,住宅区,住宅小区
家福庭苑,114.216014,30.563605,王家湾224-228号,住宅小区,,120302,商务住宅,住宅区,住宅小区
东北小区,114.215784,30.567441,玉兰路与知音东路交叉口西140米,住宅小区,,120302,商务住宅,住宅区,住宅小区
长江委二桥小区,114.212931,30.56995,桥西村1-5号,住宅小区,,120302,商务住宅,住宅区,住宅小区
枫桥苑,114.209559,30.570567,郭茨口桥西村市,住宅小区,,120302,商务住宅,住宅区,住宅小区
吉祥苑,114.216485,30.564999,玫瑰街21号,住宅小区,,120302,商务住宅,住宅区,住宅小区
吉祥福邸,114.214332,30.569549,琴台大道辅路与龙阳大道交叉口东南60米,住宅小区,,120302,商务住宅,住宅区,住宅小区
首座凯德,114.214725,30.569475,琴台大道辅路与龙阳大道交叉口东南80米,住宅小区,,120302|120200,商务住宅,住宅区,住宅小区
桥东社区国信新城一期小区阳小驿,114.215728,30.569063,琴台大道505号,住宅小区,,120302|070000,商务住宅,住宅区,住宅小区
小区超市(玫瑰新苑店),114.217609,30.56535,二桥街道十里新村200号玫瑰新苑1栋602,住宅小区,,120302|060200,商务住宅,住宅区,住宅小区
国信新城一期,114.2161,30.568955,琴台大道辅路南50米,住宅小区,,120302,商务住宅,住宅区,住宅小区
十里家园,114.217704,30.562519,十里铺6号,住宅小区,,120302,商务住宅,住宅区,住宅小区
玫瑰新苑,114.218174,30.563996,玫瑰东园路与十里铺小路交叉口东北120米,住宅小区,,120302,商务住宅,住宅区,住宅小区
联投新青年·江苑,114.208694,30.572125,琴台大道1058号,住宅小区,,120302,商务住宅,住宅区,住宅小区
知音嘉苑,114.217727,30.567801,知音东路建设学校旁,住宅小区,,120302,商务住宅,住宅区,住宅小区
十里琴台,114.218483,30.567738,桥东村68号,住宅小区,,120302,商务住宅,住宅区,住宅小区
十里新村小区,114.218775,30.562725,赫山路与百合街交叉口西140米,住宅小区,,120302,商务住宅,住宅区,住宅小区
国信新城二期,114.218193,30.5686,琴台大道503号(龙阳大道与琴台大道交汇处),住宅小区,,120302,商务住宅,住宅区,住宅小区
万科翡翠滨江三期,114.212222,30.572798,琴台大道1050号,住宅小区,,120302,商务住宅,住宅区,住宅小区
汉府上院,114.219343,30.564595,玫瑰街与昌家湾北路交叉口南60米,住宅小区,,120302,商务住宅,住宅区,住宅小区
十里玫瑰二期,114.219369,30.565426,赫山路18号,住宅小区,,120302,商务住宅,住宅区,住宅小区
万科翡翠滨江,114.210058,30.573221,琴台大道1088号,住宅小区,,120302,商务住宅,住宅区,住宅小区
国信新城,114.218596,30.568625,琴台大道505号,住宅小区,,120302,商务住宅,住宅区,住宅小区
河畔风景线,114.219387,30.567394,琴台大道501号,住宅小区,,120302,商务住宅,住宅区,住宅小区
万科翡翠滨江二期,114.208353,30.573536,德才路与知音大道交叉口南120米,住宅小区,,120302,商务住宅,住宅区,住宅小区
万博雅苑,114.22014,30.563308,赫山路148附近,住宅小区,,120302,商务住宅,住宅区,住宅小区
十里玫瑰三期,114.220365,30.56573,赫山路18号,住宅小区,,120302,商务住宅,住宅区,住宅小区
润帝嘉园B区,114.220417,30.56425,昌家湾142号,住宅小区,,120302,商务住宅,住宅区,住宅小区
十里玫瑰,114.220731,30.565579,玫瑰街与赫山路交叉口东南,住宅小区,,120302,商务住宅,住宅区,住宅小区
国信新城三期,114.220706,30.567644,郭茨口1号琴台大道501号,住宅小区,,120302,商务住宅,住宅区,住宅小区
汉水尚庭一期,114.221152,30.5633,赫山路与昌家湾路交叉口东北100米,住宅小区,,120302,商务住宅,住宅区,住宅小区
汉水尚庭,114.221379,30.563781,赫山路昌家湾1号,住宅小区,,120302,商务住宅,住宅区,住宅小区
汉水尚庭二期,114.221542,30.564109,赫山路308号,住宅小区,,120302,商务住宅,住宅区,住宅小区
汉水玫瑰乐园2期,114.209397,30.575038,知音大道与德才路交叉口东120米,住宅小区,,120302,商务住宅,住宅区,住宅小区
十里玫瑰一期,114.222284,30.563432,玫瑰街,住宅小区,,120302,商务住宅,住宅区,住宅小区
汀澜公馆,114.222366,30.568197,,住宅小区,,120203|120302,商务住宅,楼宇,
赫山新村,114.222904,30.566591,赫山路与琴台大道交叉口南220米,住宅小区,,120302,商务住宅,住宅区,住宅小区
十里玫瑰四期,114.223173,30.565794,赫山路288号,住宅小区,,120302,商务住宅,住宅区,住宅小区
铁桥新家园南区,114.223493,30.563471,玫瑰街33号,住宅小区,,120302,商务住宅,住宅区,住宅小区
琴断口街道七里庙社区,114.223485,30.56722,琴断口街道,住宅小区,,120302,商务住宅,住宅区,住宅小区
赫山家园,114.223664,30.566559,琴断口街街道琴台大道赫山路,住宅小区,,120302,商务住宅,住宅区,住宅小区
宝安·汉水琴台,114.222768,30.569912,琴台大道820号,住宅小区,,120302,商务住宅,住宅区,住宅小区
机械化宿舍,114.223946,30.567905,琴台大道与赫山路交汇处,住宅小区,,120302,商务住宅,住宅区,住宅小区
铁桥新家园,114.224495,30.56434,铁桥村汉阳大道648号,住宅小区,,120302,商务住宅,住宅区,住宅小区
铁桥新家园北区,114.224668,30.564954,玫瑰街12号,住宅小区,,120302,商务住宅,住宅区,住宅小区
铁桥新家园3期,114.224825,30.563925,玫瑰街与百合路交叉口北60米,住宅小区,,120302,商务住宅,住宅区,住宅小区
碧水晴天1期,114.224578,30.568184,琴台大道与赫山路交叉口东100米,住宅小区,,120302,商务住宅,住宅区,住宅小区
高阳印象,114.225256,30.563807,玫瑰街与百灵路交叉口西北80米,住宅小区,,120302,商务住宅,住宅区,住宅小区
亘星玫瑰里,114.225612,30.565077,玫瑰街与百灵路交叉口北180米,住宅小区,,120302,商务住宅,住宅区,住宅小区
罗七人家,114.226721,30.563827,玫瑰街与百灵路交叉口东北80米,住宅小区,,120302,商务住宅,住宅区,住宅小区
香樟水岸,114.228201,30.563827,琴断口街办事处罗七北路,住宅小区,,120302,商务住宅,住宅区,住宅小区
雨淋山庄,114.228847,30.564867,罗七北路雨淋山庄5号楼,住宅小区,,120302,商务住宅,住宅区,住宅小区
碧水晴天,114.225912,30.568733,琴台大道688号,住宅小区,,120302,商务住宅,住宅区,住宅小区
塞纳河畔(赫山路),114.226819,30.569583,琴台大道688碧水晴天附近,住宅小区,,120302,商务住宅,住宅区,住宅小区
汉江·云赫,114.229856,30.56759,知音大道588号,住宅小区,,120302,商务住宅,住宅区,住宅小区
雨林香居,114.230567,30.563696,罗七路与崔子湾街交叉口东北180米,住宅小区,,120302,商务住宅,住宅区,住宅小区
琴台天地,114.231234,30.563792,琴台大道与罗七路交叉口,住宅小区,,120302,商务住宅,住宅区,住宅小区
安厦花园,114.227091,30.573636,沿河大道366-1号,住宅小区,,120302,商务住宅,住宅区,住宅小区
江景时代,114.227788,30.574031,沿河大道366-34号,住宅小区,,120302,商务住宅,住宅区,住宅小区
秦水名邸,114.224884,30.574504,沿河大道宗关街1号,住宅小区,,120302,商务住宅,住宅区,住宅小区
首创天阅一江源E区,114.230114,30.573743,申新街8号,住宅小区,,120302,商务住宅,住宅区,住宅小区
香荷嘉苑,114.232614,30.57291,汉水桥街道沿河大道359号,住宅小区,,120302,商务住宅,住宅区,住宅小区
首创天阅一江源C区,114.228107,30.575446,"解放大道以南、沿河大道以北,京广铁路以西,水厂二路以东",住宅小区,,120302,商务住宅,住宅区,住宅小区
首创天阅一江源,114.228088,30.575582,解放大道与水厂二路交叉口东南约100米,住宅小区,,120302,商务住宅,住宅区,住宅小区
都市申新花园,114.230448,30.575228,申新街与铁桥路交叉口西北140米,住宅小区,,120302,商务住宅,住宅区,住宅小区
阮家台铁路住宅区,114.233552,30.573714,阮家台31号,住宅小区,,120302,商务住宅,住宅区,住宅小区
融侨锦江2期,114.222825,30.576825,沿河大道与建一路交叉口东220米,住宅小区,,120302,商务住宅,住宅区,住宅小区
首创天阅一江源B区,114.229267,30.576463,"解放大道以南、沿河大道以北,京广铁路以西,水厂二路以东",住宅小区,,120302,商务住宅,住宅区,住宅小区
自治小区,114.235454,30.573006,沿河大道356号,住宅小区,,120302,商务住宅,住宅区,住宅小区
武地万科·澄园,114.233216,30.574855,铁桥路与申新街交叉口东160米,住宅小区,,120302,商务住宅,住宅区,住宅小区
中央公园一期,114.239261,30.565788,琴台大道388号,住宅小区,,120302,商务住宅,住宅区,住宅小区
宗关还建2期,114.231728,30.576006,铁桥路与解放大道交叉口南120米,住宅小区,,120302,商务住宅,住宅区,住宅小区
融侨锦江,114.22275,30.577291,建一路2号(宗关地铁站E口步行260米),住宅小区,,120302,商务住宅,住宅区,住宅小区
汉水一村,114.232552,30.575635,铁桥路与瑞庆街交叉口东80米,住宅小区,,120302,商务住宅,住宅区,住宅小区
黎明公寓,114.232579,30.576084,解放大道汉水一村225号,住宅小区,,120302,商务住宅,住宅区,住宅小区
军院小区,114.235963,30.574085,汉宜路46号,住宅小区,,120302,商务住宅,住宅区,住宅小区
天创坦达·月湖云庄,114.240209,30.567656,华园路与华园横街交叉口西100米,住宅小区,,120302,商务住宅,住宅区,住宅小区
中央公园,114.241055,30.565724,琴台大道388号(张之洞公园),住宅小区,,120302,商务住宅,住宅区,住宅小区
中央公园二期,114.241982,30.566052,琴台大道388号,住宅小区,,120302,商务住宅,住宅区,住宅小区
九龙仓·月玺,114.243554,30.564162,琴台大道汉阳铁厂对面(华润中央公园旁),住宅小区,,120302,商务住宅,住宅区,住宅小区
华润·悦府,114.242751,30.567527,汉阳琴台大道388号(张之洞公园旁),住宅小区,,120302,商务住宅,住宅区,住宅小区
中海琴台华府,114.244362,30.565765,龙灯路和知音大道的交叉口附近,住宅小区,,120302,商务住宅,住宅区,住宅小区
月湖琴声D区,114.24478,30.562908,龙灯路琴声二街,住宅小区,,120302,商务住宅,住宅区,住宅小区
月湖琴声,114.245275,30.563677,月湖桥汉阳桥头知音大道与龙灯路交汇处,住宅小区,,120302,商务住宅,住宅区,住宅小区
月湖琴声C区,114.245928,30.564734,龙灯路与知音大道交叉口西100米,住宅小区,,120302,商务住宅,住宅区,住宅小区
月湖景苑,114.246314,30.562641,龙灯堤65号,住宅小区,,120302,商务住宅,住宅区,住宅小区
丽江新居,114.244692,30.57167,汉水桥街,住宅小区,,120302,商务住宅,住宅区,住宅小区
银河小区,114.243753,30.572578,汉水桥街道银河小区1-11,住宅小区,,120302,商务住宅,住宅区,住宅小区
越秀·星汇云锦1期,114.247661,30.570017,硚口路地铁站C1口步行390米,住宅小区,,120302,商务住宅,住宅区,住宅小区
越秀·星汇云锦西区,114.247661,30.570017,云锦路与中山大道交叉口西80米,住宅小区,,120302,商务住宅,住宅区,住宅小区
环卫大院,114.241525,30.573275,沿河大道与汉西路交叉口东60米,住宅小区,,120302,商务住宅,住宅区,住宅小区
汉中·越港湾,114.249338,30.568638,云秀路与沿河大道交叉口东80米,住宅小区,,120302,商务住宅,住宅区,住宅小区
越秀·星汇云锦东区(硚口路),114.249142,30.569456,中山大道与云锦路交叉口东南80米,住宅小区,,120302,商务住宅,住宅区,住宅小区
皮子街社区,114.243132,30.573652,仁寿路150号,住宅小区,,120302,商务住宅,住宅区,住宅小区
特一号小区,114.247159,30.571663,双厂巷67号(硚口路地铁站C1口步行310米),住宅小区,,120302,商务住宅,住宅区,住宅小区
越秀·星汇云锦,114.248964,30.56979,中山大道1号(硚口月湖桥旁轻轨硚口路站),住宅小区,,120302,商务住宅,住宅区,住宅小区
武汉城建·万科万维天地,114.237983,30.574678,汉宜路418号(太平洋地铁站B口步行480米),住宅小区,,120302,商务住宅,住宅区,住宅小区
三六零四老小区,114.240936,30.574871,汉西路与沿河大道交叉口北160米,住宅小区,,120302,商务住宅,住宅区,住宅小区
武汉城建万科万维天地A区,114.237025,30.574675,解放大道与汉西路交叉口西南180米,住宅小区,,120302,商务住宅,住宅区,住宅小区
武汉城建万科万维天地B区,114.236557,30.574928,汉宜路(A、B、C、D地块),住宅小区,,120302,商务住宅,住宅区,住宅小区
崇仁街长堤社区创新大楼,114.252066,30.566907,汉正街27号,住宅小区,,120302,商务住宅,住宅区,住宅小区
仁寿社区,114.245419,30.5745,解放大道378号(太平洋地铁站C口步行470米),住宅小区,,120302,商务住宅,住宅区,住宅小区
汉江公寓,114.252402,30.566484,沿河大道321附13、322,住宅小区,,120302,商务住宅,住宅区,住宅小区
兴隆小区(兴隆北巷),114.252655,30.566726,兴隆北巷与汉正街交叉口东北20米,住宅小区,,120302,商务住宅,住宅区,住宅小区
汉水新村,114.241556,30.576025,解放大道701号,住宅小区,,120302,商务住宅,住宅区,住宅小区
翰林珑城,114.243648,30.576118,解放大道725号,住宅小区,,120302,商务住宅,住宅区,住宅小区
隧华里,114.249153,30.573838,仁寿路301号(硚口路地铁站A口步行360米),住宅小区,,120302,商务住宅,住宅区,住宅小区
硚口路住宅,114.25089,30.572287,硚口路(硚口路地铁站A口步行110米),住宅小区,,120302,商务住宅,住宅区,住宅小区
燧华里老旧物业小区,114.249569,30.573587,仁寿路与硚口路辅路交叉口西北200米,住宅小区,,120302,商务住宅,住宅区,住宅小区
仁硚新村,114.250225,30.573348,仁寿路357号,住宅小区,,120302,商务住宅,住宅区,住宅小区
建国社区,114.252509,30.570869,中山上巷172号(硚口路地铁站A口步行250米),住宅小区,,120302,商务住宅,住宅区,住宅小区
汉正小区,114.254362,30.566037,汉正街与唐家巷交叉口西南40米,住宅小区,,120302,商务住宅,住宅区,住宅小区
中山花园,114.253295,30.570057,中山大道9号(硚口路地铁站C2口步行440米),住宅小区,,120302,商务住宅,住宅区,住宅小区
荣华街道中山上巷170-173号,114.253109,30.570476,建乐路与中山大道交叉口西北100米,住宅小区,,120302,商务住宅,住宅区,住宅小区
解放大道486号小区,114.248808,30.575231,解放大道与双厂巷交叉口东160米,住宅小区,,120302,商务住宅,住宅区,住宅小区
3604小区1期,114.238838,30.577854,太平洋地铁站C口步行480米,住宅小区,,120302,商务住宅,住宅区,住宅小区
东辉花园,114.250589,30.574187,硚口汉口硚口路137号(美食街小蓝鲸旁),住宅小区,,120302,商务住宅,住宅区,住宅小区
3604小区,114.238513,30.577987,解放大道669号,住宅小区,,120302,商务住宅,住宅区,住宅小区
学苑社区,114.247932,30.576156,解放大道845号,住宅小区,,120302,商务住宅,住宅区,住宅小区
武汉建工生活区,114.249475,30.575375,解放大道与双厂巷交叉口东220米,住宅小区,,120302,商务住宅,住宅区,住宅小区
桥新公寓,114.256145,30.566894,汉中西路120号,住宅小区,,120302,商务住宅,住宅区,住宅小区
同兴小区,114.25684,30.566509,汉正街与福茂巷交叉口东北40米,住宅小区,,120302,商务住宅,住宅区,住宅小区
汉宜里,114.257695,30.566475,汉正街与义烈巷交叉口西北100米,住宅小区,,120302,商务住宅,住宅区,住宅小区
静安里,114.258043,30.567009,汉中路与义烈巷交叉口西60米,住宅小区,,120302,商务住宅,住宅区,住宅小区
常青楼,114.255651,30.56874,唐家巷与长堤街交叉口东北80米,住宅小区,,120302,商务住宅,住宅区,住宅小区
唐家巷小区,114.255651,30.568764,唐家巷与长堤街交叉口东北80米,住宅小区,,120302,商务住宅,住宅区,住宅小区
花好月园,114.256332,30.569217,中山大道100号,住宅小区,,120302,商务住宅,住宅区,住宅小区
中山大道46号,114.255306,30.569398,中山大道与唐家巷交叉口东南20米,住宅小区,,120302,商务住宅,住宅区,住宅小区
硚口区居仁门勤工院,114.25765,30.568776,汉中街道勤工院55号楼硚口区居仁门勤工院,住宅小区,,120302,商务住宅,住宅区,住宅小区
硚口区交通大队二中队宿舍,114.257152,30.569232,中山大道与义烈巷交叉口西140米,住宅小区,,120302,商务住宅,住宅区,住宅小区
雅泰小区,114.260436,30.565065,沿河大道与崇仁路交叉口西120米,住宅小区,,120302,商务住宅,住宅区,住宅小区
李寓,114.258896,30.568449,长堤街307号,住宅小区,,120302,商务住宅,住宅区,住宅小区
天声小区,114.259581,30.567953,京汉街,住宅小区,,120302,商务住宅,住宅区,住宅小区
崇仁街尚义社区,114.260836,30.565388,汉正街242号,住宅小区,,120302,商务住宅,住宅区,住宅小区
建乐小区爱老楼,114.254777,30.570042,三乐路与中山大道交叉口西北60米,住宅小区,,120302,商务住宅,住宅区,住宅小区
居仁门,114.258847,30.568956,义烈巷与中山大道交叉口东南60米,住宅小区,,120302,商务住宅,住宅区,住宅小区
三乐路/建乐村(路口),114.255277,30.570216,三乐路与中山大道交叉口北60米,住宅小区,,120302,商务住宅,住宅区,住宅小区
公安小区,114.259376,30.568904,中山大道172号,住宅小区,,120302,商务住宅,住宅区,住宅小区
裕亚俊园,114.258062,30.569745,中山大道49号,住宅小区,,120302,商务住宅,住宅区,住宅小区
崇仁街爱国社区,114.261327,30.567022,汉中路31号,住宅小区,,120302,商务住宅,住宅区,住宅小区
江山如画二期,114.262146,30.565244,沿河大道236号附14号,住宅小区,,120302,商务住宅,住宅区,住宅小区
怡佳公寓,114.260928,30.568628,中山大道186号附2号,住宅小区,,120302,商务住宅,住宅区,住宅小区
红星公寓,114.258875,30.570475,中山大道与义烈巷交叉口北140米,住宅小区,,120302,商务住宅,住宅区,住宅小区
玉三小区,114.256014,30.571417,玉带正街,住宅小区,,120302,商务住宅,住宅区,住宅小区
玉带路2-10号小区,114.260323,30.569625,中山大道与崇仁路交叉口西140米,住宅小区,,120302,商务住宅,住宅区,住宅小区
建乐小区,114.255013,30.57153,三乐里11-19号,住宅小区,,120302,商务住宅,住宅区,住宅小区
御景名苑,114.257095,30.571327,玉带三村11-17,住宅小区,,120302,商务住宅,住宅区,住宅小区
硚口区荣华街道阳光家园,114.257661,30.57133,玉带正街与三乐路交叉口东220米,住宅小区,,120302|070000,商务住宅,住宅区,住宅小区
中建湖北文旅壹品公馆-南区,114.262784,30.566369,崇仁路与汉正街交叉口东北100米,住宅小区,,120302,商务住宅,住宅区,住宅小区
弘玉花园金玉华庭,114.254981,30.571903,玉带街1号,住宅小区,,120302,商务住宅,住宅区,住宅小区
玉二小区,114.25863,30.571278,崇仁路玉带正街(玉带街茶叶市场),住宅小区,,120302,商务住宅,住宅区,住宅小区
高逸小区,114.263143,30.565246,汉正街与崇仁路交叉口东南140米,住宅小区,,120302,商务住宅,住宅区,住宅小区
玉带家园,114.256474,30.572077,京汉大道368号,住宅小区,,120302,商务住宅,住宅区,住宅小区
玉带汇景苑,114.258233,30.571681,玉带正街与长堤街交叉口西120米,住宅小区,,120302,商务住宅,住宅区,住宅小区
中建湖北文旅壹品公馆,114.263194,30.567327,中山大道198附2号(武胜路地铁站Q口步行280米),住宅小区,,120302,商务住宅,住宅区,住宅小区
崇仁新都,114.262535,30.568769,中山大道192号(武胜路地铁站Q口步行370米),住宅小区,,120302,商务住宅,住宅区,住宅小区
崇仁小区1号楼,114.261425,30.570075,崇仁路107附1号崇仁小区,住宅小区,,120302,商务住宅,住宅区,住宅小区
皇冠幸福里(崇仁路店),114.261911,30.56958,"荣华街道集贤一村21-23,25号-1号",住宅小区,,120302|050800,商务住宅,住宅区,住宅小区
友谊社区(玉带正街),114.260555,30.570792,崇仁路与荣华街交叉口西100米,住宅小区,,120302,商务住宅,住宅区,住宅小区
崇仁小区,114.261331,30.570324,崇仁路107附1号(崇仁路地铁站A口步行440米),住宅小区,,120302,商务住宅,住宅区,住宅小区
汉中街马家社区,114.263729,30.566277,乔口区汉正街405号,住宅小区,,120302,商务住宅,住宅区,住宅小区
江山如画一期,114.263891,30.564923,汉正街义盛巷12号,住宅小区,,120302,商务住宅,住宅区,住宅小区
和成天下,114.26184,30.569897,崇仁路与中山大道交叉口北80米,住宅小区,,120302,商务住宅,住宅区,住宅小区
玉带社区,114.258318,30.572256,荣华街玉带正街123号(崇仁路地铁站A口步行470米),住宅小区,,120302,商务住宅,住宅区,住宅小区
华勘小区,114.261278,30.570644,崇仁路113号(崇仁路地铁站A口步行450米),住宅小区,,120302,商务住宅,住宅区,住宅小区
集贤一村,114.262462,30.569462,中山大道95-99号附近,住宅小区,,120302,商务住宅,住宅区,住宅小区
江山如画,114.264205,30.564713,汉水街59号(江汉一桥旁),住宅小区,,120302,商务住宅,住宅区,住宅小区
新世界,114.264325,30.565875,汉正街401号丰源大厦,住宅小区,,080300|120302,商务住宅,住宅区,住宅小区
丰源大厦,114.264347,30.565867,汉正街401号,住宅小区,,120302,商务住宅,住宅区,住宅小区
锦荣花园,114.262171,30.570268,崇仁路98号(崇仁路地铁站A口步行440米),住宅小区,,120302,商务住宅,住宅区,住宅小区
葛洲坝·城市花园一期,114.253144,30.573053,京汉大道与建乐路交叉口西北120米,住宅小区,,120302,商务住宅,住宅区,住宅小区
江山如画五期,114.264137,30.567369,武胜路地铁站A口步行490米,住宅小区,,120302,商务住宅,住宅区,住宅小区
名仕阁小区,114.264394,30.566528,至公路与汉中路交叉口西南60米,住宅小区,,120302,商务住宅,住宅区,住宅小区
银洲公寓,114.26205,30.570814,崇仁路110号(崇仁路地铁站A口步行430米),住宅小区,,120302,商务住宅,住宅区,住宅小区
武汉城建·天樾,114.260384,30.57218,崇仁路205号(崇仁路地铁站A口步行240米),住宅小区,,120302,商务住宅,住宅区,住宅小区
鄂教小区,114.257169,30.573498,崇仁路紧邻十一中,住宅小区,,120302,商务住宅,住宅区,住宅小区
硚口小区,114.262656,30.570781,崇仁路地铁站A口步行450米,住宅小区,,120302,商务住宅,住宅区,住宅小区
江山如画三期,114.265188,30.564713,硚口沿河大道225号(江汉一桥旁),住宅小区,,120302,商务住宅,住宅区,住宅小区
江山如画4期,114.265277,30.56619,大通巷与汉中路交叉口西南150米,住宅小区,,120302,商务住宅,住宅区,住宅小区
葛洲坝·城市花园,114.253237,30.57382,硚口路158号,住宅小区,,120302,商务住宅,住宅区,住宅小区
集贤路茶叶市场小区,114.261694,30.571863,崇仁路116号(崇仁路地铁站A口步行320米),住宅小区,,120302,商务住宅,住宅区,住宅小区
集贤·书香苑,114.262311,30.571471,崇仁小路7号(崇仁路地铁站A口步行410米),住宅小区,,120302,商务住宅,住宅区,住宅小区
物资站小区,114.262946,30.570917,集贤路35附18号附近,住宅小区,,120302,商务住宅,住宅区,住宅小区
集一小区,114.263675,30.570125,集贤路与中山大道交叉口北100米,住宅小区,,120302,商务住宅,住宅区,住宅小区
长寿社区万安国际还建楼,114.264725,30.568525,操场角与中山大道交叉口南80米,住宅小区,,120302,商务住宅,住宅区,住宅小区
江山如画3期A区,114.265575,30.564425,汉正街与大通巷交叉口西南80米,住宅小区,,120302,商务住宅,住宅区,住宅小区
硚口·金利屋,114.26439,30.569643,中山大道131号(武胜路地铁站Q口步行440米),住宅小区,,120302,商务住宅,住宅区,住宅小区
崇仁路教委小区,114.259125,30.573625,玉带正街与长堤街交叉口北180米,住宅小区,,120302,商务住宅,住宅区,住宅小区
井冈民苑小区,114.263705,30.570561,集贤路与荣华街交叉口南80米,住宅小区,,120302,商务住宅,住宅区,住宅小区
江滩花园A区,114.265833,30.563961,,住宅小区,,120302,商务住宅,住宅区,住宅小区
集贤花园南区,114.262206,30.57205,武胜西街2号(崇仁路地铁站A口步行300米),住宅小区,,120302,商务住宅,住宅区,住宅小区
江滩花园,114.265875,30.563925,汉正街与大通巷交叉口南140米,住宅小区,,120302,商务住宅,住宅区,住宅小区
井岗名苑小区,114.263432,30.571012,集贤路33号(武胜路地铁站Q口步行410米),住宅小区,,120302,商务住宅,住宅区,住宅小区
江山如画六期,114.265648,30.567228,武胜路地铁站A口步行310米,住宅小区,,120302,商务住宅,住宅区,住宅小区
葛洲坝·城市花园二期,114.253257,30.574415,硚口路(硚口路地铁站A口步行440米),住宅小区,,120302,商务住宅,住宅区,住宅小区
同馨花园二期,114.25501,30.574697,解放大道582号附15号,住宅小区,,120302,商务住宅,住宅区,住宅小区
汉华公寓,114.265524,30.56858,中山大道198号-228号,住宅小区,,120302,商务住宅,住宅区,住宅小区
幸乐村小区,114.264436,30.570657,荣华一路与荣华街交叉口西南80米,住宅小区,,120302,商务住宅,住宅区,住宅小区
铁路小区(京汉大道),114.261713,30.573046,崇仁路168附9号附近(崇仁路地铁站A口步行140米),住宅小区,,120302,商务住宅,住宅区,住宅小区
集贤花园,114.262595,30.572452,中山大道158号(硚口区房管局旁),住宅小区,,120302,商务住宅,住宅区,住宅小区
众科苑,114.261555,30.573199,崇仁路170号(崇仁路地铁站A口步行140米),住宅小区,,120302,商务住宅,住宅区,住宅小区
江山如画汉玺,114.266594,30.564366,沿河大道253号,住宅小区,,120302,商务住宅,住宅区,住宅小区
幸乐村小区二村,114.264851,30.570412,荣华一路与荣华街交叉口南100米,住宅小区,,120302,商务住宅,住宅区,住宅小区
汉华花园,114.266233,30.568192,操场角12号(武胜路地铁站A口步行150米),住宅小区,,120302,商务住宅,住宅区,住宅小区
化工小区,114.261613,30.573462,崇仁路186号(崇仁路地铁站A口旁),住宅小区,,120302,商务住宅,住宅区,住宅小区
集贤花园北区,114.262812,30.572694,武胜西街5号(崇仁路地铁站A口步行360米),住宅小区,,120302,商务住宅,住宅区,住宅小区
圣锦苑,114.265288,30.570165,武胜二路,住宅小区,,120302,商务住宅,住宅区,住宅小区
华通花园,114.264309,30.571431,荣华街与集贤路交叉口东60米,住宅小区,,120302,商务住宅,住宅区,住宅小区
同馨花园雍豪府,114.256517,30.575459,解放大道584号,住宅小区,,120302,商务住宅,住宅区,住宅小区
马家社区洪湖小区,114.267046,30.567137,武胜路沿线附近小区(武胜路地铁站M口步行480米),住宅小区,,120302,商务住宅,住宅区,住宅小区
长寿社区-东区,114.266983,30.567968,长堤街与大通巷交叉口东北80米,住宅小区,,120302,商务住宅,住宅区,住宅小区
中御公馆,114.253955,30.575846,解放大道576-578号(宝丰路人民广场中百仓储旁),住宅小区,,120302,商务住宅,住宅区,住宅小区
汉中街长寿社区,114.267191,30.5679,长堤街473号(武胜路地铁站A口步行310米),住宅小区,,120302,商务住宅,住宅区,住宅小区
幸福一村,114.265944,30.570664,武胜路荣华二路(武胜路地铁站Q口步行230米),住宅小区,,120302,商务住宅,住宅区,住宅小区
武胜西街4号小区,114.264612,30.572339,武胜西街4号,住宅小区,,120302,商务住宅,住宅区,住宅小区
荣华苑,114.263742,30.573254,京汉大道460号(崇仁路地铁站B口步行170米),住宅小区,,120302,商务住宅,住宅区,住宅小区
爵世嘉园,114.265182,30.571948,武胜西街8号(武胜路地铁站Q口步行440米),住宅小区,,120302,商务住宅,住宅区,住宅小区
天茗居,114.26293,30.573915,汉口茶市西北门旁(崇仁路地铁站B口)111,住宅小区,,120302|050000,商务住宅,住宅区,住宅小区
红色物业教委小区,114.259575,30.575525,崇雅路与崇仁路交叉口西140米,住宅小区,,120302,商务住宅,住宅区,住宅小区
站邻园社区,114.261831,30.574701,宝丰街(崇仁路地铁站C口步行80米),住宅小区,,120302,商务住宅,住宅区,住宅小区
地质小区,114.265932,30.571584,荣华街与荣华二路交叉口东北40米,住宅小区,,120302,商务住宅,住宅区,住宅小区
材料站小区,114.26486,30.57296,武胜西街19附1号附近(崇仁路地铁站B口步行490米),住宅小区,,120302,商务住宅,住宅区,住宅小区
同馨花园一期,114.257647,30.576454,解放大道586号,住宅小区,,120302,商务住宅,住宅区,住宅小区
宝丰公寓小区,114.262805,30.574617,京汉大道331号(崇仁路地铁站C口步行80米),住宅小区,,120302,商务住宅,住宅区,住宅小区
集贤公寓南苑,114.265804,30.572222,荣华街道武胜里武胜西街集贤南苑,住宅小区,,120302,商务住宅,住宅区,住宅小区
集贤公寓南苑,114.265813,30.572222,武胜西街与集贤二路交叉口东南60米,住宅小区,,120302,商务住宅,住宅区,住宅小区
硚北社区教委小区,114.260872,30.57568,崇仁路243号(崇仁路地铁站D口步行310米),住宅小区,,120302,商务住宅,住宅区,住宅小区
集贤公寓,114.265885,30.572313,武胜西街(武胜路地铁站Q口步行380米),住宅小区,,120302,商务住宅,住宅区,住宅小区
集贤雅苑,114.266476,30.571709,地质村31号(武胜路地铁站M口步行450米),住宅小区,,120302,商务住宅,住宅区,住宅小区
药帮巷小区,114.269,30.565,汉正街与武胜路交叉口东80米,住宅小区,,120302,商务住宅,住宅区,住宅小区
江山如画8期,114.269084,30.56719,武胜路家乐福南面武胜路东侧,住宅小区,,120302,商务住宅,住宅区,住宅小区
地质村,114.267033,30.571708,荣华三路与荣华街交叉口东北40米,住宅小区,,120302,商务住宅,住宅区,住宅小区
3506小区,114.249052,30.576233,解放大道与双厂巷交叉口东北220米,住宅小区,,120302,商务住宅,住宅区,住宅小区
存仁社区,114.26939,30.56568,家乐福背后汉正街,住宅小区,,120302,商务住宅,住宅区,住宅小区
丽景苑小区,114.268986,30.568432,长堤街521号(武胜路地铁站M口步行400米),住宅小区,,120302,商务住宅,住宅区,住宅小区
集贤里155-158号小区,114.265832,30.573477,集贤三路87-92号附近,住宅小区,,120302,商务住宅,住宅区,住宅小区
仁和世家,114.261566,30.576317,崇仁路256-258号(崇仁路地铁站C口步行380米),住宅小区,,120302,商务住宅,住宅区,住宅小区
黄金公寓(荣华街),114.267673,30.571517,武北新村2号(武胜路地铁站M口步行320米),住宅小区,,120302,商务住宅,住宅区,住宅小区
三五零六社区,114.262813,30.57582,宝丰街(崇仁路地铁站C口步行110米),住宅小区,,120302,商务住宅,住宅区,住宅小区
人信·武胜里,114.267173,30.572527,武胜西街与武胜路交叉口南50米,住宅小区,,120302,商务住宅,住宅区,住宅小区
集贤公寓北苑,114.266494,30.573437,武胜西街,住宅小区,,120302,商务住宅,住宅区,住宅小区
武北公寓,114.267729,30.572091,集贤路(武胜路地铁站M口步行380米),住宅小区,,120302,商务住宅,住宅区,住宅小区
滨水香苑B区,114.270075,30.563525,沿河大道与万安巷交叉口西北100米,住宅小区,,120302,商务住宅,住宅区,住宅小区
滨水香苑,114.270166,30.563577,沿河大道216号,住宅小区,,120302,商务住宅,住宅区,住宅小区
育英小区,114.270042,30.567468,长堤街与红福路交叉口东南60米,住宅小区,,120302,商务住宅,住宅区,住宅小区
烟草楼,114.261375,30.577125,宝丰街与崇仁路交叉口东北40米,住宅小区,,120302,商务住宅,住宅区,住宅小区
集贤里,114.26561,30.574705,集贤三路155-158号,住宅小区,,120302,商务住宅,住宅区,住宅小区
宝康苑,114.263912,30.575905,宝康路4号(崇仁路地铁站C口步行340米),住宅小区,,120302,商务住宅,住宅区,住宅小区
锅厂台小区,114.243952,30.574356,汉水桥街道(太平洋地铁站A口步行480米),住宅小区,,120302,商务住宅,住宅区,住宅小区
和平新村,114.256576,30.551676,和平路翠微街车站社区小火车幼儿园,住宅小区,,120302,商务住宅,住宅区,住宅小区
德厚里,114.270925,30.565675,汉正街与万安巷交叉口北100米,住宅小区,,120302,商务住宅,住宅区,住宅小区
东富商城南区,114.271525,30.565675,汉正街与万安巷交叉口东北120米,住宅小区,,120302,商务住宅,住宅区,住宅小区
互助里,114.271525,30.565675,汉正街与万安巷交叉口东北120米,住宅小区,,120302,商务住宅,住宅区,住宅小区
光裕里,114.272125,30.564325,汉正街与利济路交叉口西南140米,住宅小区,,120302,商务住宅,住宅区,住宅小区
厚善里,114.272304,30.564229,利济路与汉正街交叉口西南140米,住宅小区,,120302,商务住宅,住宅区,住宅小区
利济社区怡庆里,114.271555,30.566869,汉中路与利济路交叉口西100米,住宅小区,,120302,商务住宅,住宅区,住宅小区
庆丰里1号小区,114.272654,30.5658,庆丰里1号,住宅小区,,120302,商务住宅,住宅区,住宅小区
利济社区,114.271155,30.567231,利济北路一村34号2楼新世界旁,住宅小区,,120302,商务住宅,住宅区,住宅小区
安吉里,114.272875,30.565025,利济路与汉正街交叉口南40米,住宅小区,,120302,商务住宅,住宅区,住宅小区
海富大厦,114.272313,30.566481,利济南路77号,住宅小区,,120302,商务住宅,住宅区,住宅小区
小新社区,114.272532,30.563738,利济路与汉正街交叉口南180米,住宅小区,,120302,商务住宅,住宅区,住宅小区
武汉市硚口区长堤街育英下巷12号,114.270431,30.567671,长堤街458号(武胜路地铁站M口步行480米),住宅小区,,120302,商务住宅,住宅区,住宅小区
银丰富苑,114.273496,30.565107,利济南路8-12号,住宅小区,,120302,商务住宅,住宅区,住宅小区
世纪金苑,114.273919,30.564434,利济路与汉正街交叉口东南140米,住宅小区,,120302,商务住宅,住宅区,住宅小区
利南小区,114.274381,30.565326,汉正街与汉正街石码头正巷交叉口西南100米,住宅小区,,120302,商务住宅,住宅区,住宅小区
红燕社区,114.271393,30.568796,利济南路靠中山大道,住宅小区,,120302,商务住宅,住宅区,住宅小区
华祥苑,114.275055,30.564364,汉正街石码头正巷与汉正街交叉口南200米,住宅小区,,120302,商务住宅,住宅区,住宅小区
水悦澜庭,114.275359,30.564317,汉正街石码正巷95号2-5,住宅小区,,120302,商务住宅,住宅区,住宅小区
石码头正巷88号,114.275642,30.564106,汉正街石码头正巷88号,住宅小区,,120302,商务住宅,住宅区,住宅小区
水景园,114.275475,30.563225,交通路与石码头正巷交叉口西北140米,住宅小区,,120302|110000,商务住宅,住宅区,住宅小区
华贸四号楼B区居民区,114.275972,30.565341,汉正街商圈多福路5号,住宅小区,,120302,商务住宅,住宅区,住宅小区
雅端小区,114.274675,30.568525,广货路与大夹街交叉口北100米,住宅小区,,120302,商务住宅,住宅区,住宅小区
凌云里,114.27424,30.568924,长堤街与广货巷交叉口西南80米,住宅小区,,120302,商务住宅,住宅区,住宅小区
学堂社区,114.269594,30.57036,中山大道与下荣华里直路交叉口西北120米,住宅小区,,120302,商务住宅,住宅区,住宅小区
安善社区,114.275785,30.567201,汉正街老三镇服装城楼上安善社区,住宅小区,,120302,商务住宅,住宅区,住宅小区
金海名都,114.270645,30.570631,武胜路学堂巷(汉正街地铁站D口步行380米),住宅小区,,120302,商务住宅,住宅区,住宅小区
中山大道209号小区,114.271518,30.570592,利济北路与中山大道交叉口西60米,住宅小区,,120302,商务住宅,住宅区,住宅小区
儒祥里,114.277025,30.565025,新河巷与汉正街第一大道交叉口西80米,住宅小区,,120302,商务住宅,住宅区,住宅小区
荣华花园,114.269025,30.571025,武胜路辅路与荣华街交叉口东南100米,住宅小区,,120302,商务住宅,住宅区,住宅小区
保利尚品,114.27721,30.565465,汉正街第一大道与新河巷交叉口西北60米,住宅小区,,120302,商务住宅,住宅区,住宅小区
旌德社区,114.275946,30.568633,多福路117号17-6,住宅小区,,120302,商务住宅,住宅区,住宅小区
长沙印象,114.270825,30.571375,利济西巷与利济北路交叉口西60米,住宅小区,,120302,商务住宅,住宅区,住宅小区
金城·时代,114.276968,30.562506,江永堤路与交通路交叉口西北60米,住宅小区,,120302,商务住宅,住宅区,住宅小区
利济北路46号小区,114.27191,30.571357,利济北路与利济西巷交叉口东南40米,住宅小区,,120302,商务住宅,住宅区,住宅小区
长堤街733号,114.275775,30.569875,长堤街与新火路交叉口北20米,住宅小区,,120302,商务住宅,住宅区,住宅小区
荣东社区,114.27056,30.571999,利济西巷1武汉市二十九中学附近,住宅小区,,120302,商务住宅,住宅区,住宅小区
汉正花园,114.277664,30.567419,汉正街695号附25号,住宅小区,,120302,商务住宅,住宅区,住宅小区
金昌C区,114.278201,30.566101,汉正街第一大道与汉正街交叉口东南100米,住宅小区,,120302,商务住宅,住宅区,住宅小区
湖正里,114.275094,30.570677,宝善街与中山大道交叉口东南80米,住宅小区,,120302,商务住宅,住宅区,住宅小区
艺和社区,114.278319,30.565881,多福路,住宅小区,,120302,商务住宅,住宅区,住宅小区
宝善小区,114.275873,30.570512,汉正街多福路(汉正街地铁站B口步行240米),住宅小区,,120302,商务住宅,住宅区,住宅小区
武汉市硚口区达意工艺品综合社区,114.270856,30.572489,利济北路与集贤路交叉口南60米,住宅小区,,120302,商务住宅,住宅区,住宅小区
多福商城D区,114.276475,30.570075,长堤街与多福路交叉口西20米,住宅小区,,120302,商务住宅,住宅区,住宅小区
同安里E区,114.278025,30.568025,大夹街与全新街交叉口西40米,住宅小区,,120302,商务住宅,住宅区,住宅小区
燕山社区,114.27542,30.57093,汉正街多福路(汉正街地铁站A口步行110米),住宅小区,,120302,商务住宅,住宅区,住宅小区
硚口区汉正街全新社区,114.278061,30.568677,汉正街,住宅小区,,120302,商务住宅,住宅区,住宅小区
金昌同益里,114.279128,30.566794,汉正街758号,住宅小区,,120302,商务住宅,住宅区,住宅小区
武汉城发·金地上宸,114.271266,30.57334,利济东街13号,住宅小区,,120302,商务住宅,住宅区,住宅小区
汉正常青地产硚口跃进片051号地块(建设中),114.274012,30.572728,"硚口区中山大道以北,利济东街以南,游艺路以西,市一医院以东",住宅小区,,120302,商务住宅,住宅区,住宅小区
幼南里,114.278952,30.568616,三曙街,住宅小区,,120302,商务住宅,住宅区,住宅小区
六角亭街宝善社区,114.275318,30.572369,游艺路与中山大道交叉口西北100米,住宅小区,,120302,商务住宅,住宅区,住宅小区
盛世康园,114.270551,30.573729,利济北路与武胜东街交叉口东北20米,住宅小区,,120302,商务住宅,住宅区,住宅小区
荣东社区利民大厦,114.269963,30.573767,利济北路与武胜东街交叉口西北40米,住宅小区,,120302,商务住宅,住宅区,住宅小区
荣西社区,114.267627,30.573793,武胜路地质村17号荣西和谐社区,住宅小区,,120302,商务住宅,住宅区,住宅小区
硚房集团汉正街核心商业片096号地块(建设中),114.280324,30.562917,"硚口区沿河大道以北,多福路以东,板厂街以南,全新街以西",住宅小区,,120302,商务住宅,住宅区,住宅小区
怀安一里,114.278931,30.570472,汉正街品牌广场后面(汉正街地铁站B口步行480米),住宅小区,,120302,商务住宅,住宅区,住宅小区
由义社区,114.271144,30.574666,利济北路(利济北路地铁站A口步行290米),住宅小区,,120302,商务住宅,住宅区,住宅小区
宝庆社区,114.281461,30.563765,沿河大道,住宅小区,,120302,商务住宅,住宅区,住宅小区
六水街20号,114.280125,30.569865,友谊南路70号,住宅小区,,120302,商务住宅,住宅区,住宅小区
航发大厦,114.273832,30.574508,利济东街105号,住宅小区,,120302,商务住宅,住宅区,住宅小区
民安大厦,114.276992,30.573066,中山大道291号(汉正街地铁站C口步行270米),住宅小区,,120302,商务住宅,住宅区,住宅小区
大新社区,114.281502,30.567624,汉正街833号,住宅小区,,120302,商务住宅,住宅区,住宅小区
电车村,114.266202,30.574799,武胜路集贤三路(崇仁路地铁站B口步行400米),住宅小区,,120302,商务住宅,住宅区,住宅小区
美奇国际公寓,114.278019,30.572752,中山大道285-287号,住宅小区,,120302,商务住宅,住宅区,住宅小区
顺道社区,114.273127,30.57503,航发路与利济东街交叉口西北100米,住宅小区,,120302,商务住宅,住宅区,住宅小区
汉正街新安社区,114.281428,30.568326,大夹街与横堤上街交叉口东40米,住宅小区,,120302,商务住宅,住宅区,住宅小区
金成世家,114.275524,30.574263,游艺路16号附1号(汉正街地铁站C口步行370米),住宅小区,,120302,商务住宅,住宅区,住宅小区
民意社区循礼巷48号居民楼,114.276669,30.573734,游艺东巷48(汉正街地铁站C口步行360米),住宅小区,,120302,商务住宅,住宅区,住宅小区
老三栋物业自管小区,114.273046,30.57514,航发路与利济东街交叉口西北120米,住宅小区,,120302,商务住宅,住宅区,住宅小区
民康大厦,114.277303,30.573561,中山大道民意广场(汉正街地铁站B口步行380米),住宅小区,,120302,商务住宅,住宅区,住宅小区
游艺东村,114.276175,30.574225,游艺东巷与游艺路交叉口东北100米,住宅小区,,120302,商务住宅,住宅区,住宅小区
天成里,114.281538,30.568964,大夹街与横堤上街交叉口东北100米,住宅小区,,120302,商务住宅,住宅区,住宅小区
新安里小区,114.281896,30.568584,友谊南路辅路与大夹街交叉口西北40米,住宅小区,,120302,商务住宅,住宅区,住宅小区
公寿后街18号,114.281375,30.569863,横堤上街与长堤街交叉口南160米,住宅小区,,120302,商务住宅,住宅区,住宅小区
同丰大厦,114.281955,30.568884,友谊南路9号,住宅小区,,120302,商务住宅,住宅区,住宅小区
熙龙阁,114.2821,30.568571,友谊南路辅路与大夹街交叉口北40米,住宅小区,,120302,商务住宅,住宅区,住宅小区
游艺西村,114.273854,30.575502,航发侧路与利济东街交叉口北120米,住宅小区,,120302,商务住宅,住宅区,住宅小区
游艺社区,114.275006,30.575188,游艺路42号附近,住宅小区,,120302,商务住宅,住宅区,住宅小区
金地汉口峯汇,114.269873,30.576094,利济北路(利济北路地铁站A口步行470米),住宅小区,,120302,商务住宅,住宅区,住宅小区
老鼠街小区,114.2795,30.57251,中山大道与民意四路交叉口东南40米,住宅小区,,120302,商务住宅,住宅区,住宅小区
桥口路小区,114.265459,30.575539,京汉大道与集贤三路交叉口西北40米,住宅小区,,120302,商务住宅,住宅区,住宅小区
民乐小区,114.278907,30.573323,民意四路(汉正街地铁站B口步行490米),住宅小区,,120302,商务住宅,住宅区,住宅小区
港务局宿舍,114.278768,30.573573,民意四路1号-7号(汉正街地铁站B口步行460米),住宅小区,,120302,商务住宅,住宅区,住宅小区
大通国际,114.26584,30.575876,京汉大道377祥和大厦(崇仁路地铁站C口步行490米),住宅小区,,120201|120302,商务住宅,楼宇,商务写字楼
煦龙阁,114.282171,30.569626,双龙街1号,住宅小区,,120302,商务住宅,住宅区,住宅小区
江通A,114.283125,30.566975,汉正街与沿河大道交叉口西北60米,住宅小区,,120302,商务住宅,住宅区,住宅小区
秋亚骄都,114.282837,30.56814,大夹街与友谊南路辅路交叉口东60米,住宅小区,,120302,商务住宅,住宅区,住宅小区
中山大道661号,114.279475,30.573125,民意四路与中山大道交叉口东北40米,住宅小区,,120302,商务住宅,住宅区,住宅小区
中山大道305号,114.279575,30.573075,中山大道与民意四路交叉口东北40米,住宅小区,,120302,商务住宅,住宅区,住宅小区
雅典居花园,114.278272,30.574085,民意四路17号,住宅小区,,120302,商务住宅,住宅区,住宅小区
汉口·中心嘉园,114.271155,30.576607,京汉大道528号(利济北路地铁站B1口步行60米),住宅小区,,120302,商务住宅,住宅区,住宅小区
双龙小区,114.281946,30.570727,双龙街4号,住宅小区,,120302,商务住宅,住宅区,住宅小区
流通巷盛源,114.283299,30.567766,大夹街与友谊南路辅路交叉口东南100米,住宅小区,,120302,商务住宅,住宅区,住宅小区
中大公寓,114.280425,30.572675,自新街与中山大道交叉口南60米,住宅小区,,120302,商务住宅,住宅区,住宅小区
山陕北里,114.280838,30.572275,清芬一路与满春路交叉口西南80米,住宅小区,,120302,商务住宅,住宅区,住宅小区
满春街小夹社区,114.284122,30.567411,民族路与沿河大道交叉口西北80米,住宅小区,,120302,商务住宅,住宅区,住宅小区
绿地汉正中心,114.286962,30.567476,沿河大道1号,住宅小区,,120302,商务住宅,住宅区,住宅小区
江汉区满春街大夹社区,114.283654,30.568737,大夹街1-154附近,住宅小区,,120302,商务住宅,住宅区,住宅小区
沿江1号3区,114.28905,30.56705,沿河大道与打扣巷交叉口东北100米,住宅小区,,120302,商务住宅,住宅区,住宅小区
龙王庙社区,114.287166,30.568693,大兴路里仁巷,住宅小区,,120302,商务住宅,住宅区,住宅小区
上合国际,114.284475,30.569175,大兴路与民族路交叉口西60米,住宅小区,,120302|120200,商务住宅,住宅区,住宅小区
军属大院,114.287575,30.568675,花楼街与大兴路交叉口北60米,住宅小区,,120302,商务住宅,住宅区,住宅小区
银河联盟集团港寓,114.289625,30.567825,大兴路与二盛巷交叉口东南60米,住宅小区,,120302,商务住宅,住宅区,住宅小区
满春新泰源,114.284175,30.570675,民族路与乔家巷交叉口西120米,住宅小区,,120302,商务住宅,住宅区,住宅小区
昌龙阁,114.282597,30.570431,长堤街与满春路交叉口东南140米,住宅小区,,120302,商务住宅,住宅区,住宅小区
万年社区,114.286269,30.570901,民族路100号蔡林记旁边巷子中通快递,住宅小区,,120302,商务住宅,住宅区,住宅小区
长堤社区,114.284611,30.571354,汉口友谊南路大夹街12街309号,住宅小区,,120302,商务住宅,住宅区,住宅小区
三义里,114.289275,30.570225,二盛巷与大董家巷交叉口西南80米,住宅小区,,120302,商务住宅,住宅区,住宅小区
大董社区,114.289889,30.569831,二盛巷45号,住宅小区,,120302,商务住宅,住宅区,住宅小区
大兴路79号小区,114.291117,30.568885,大兴路与大兴一路交叉口北40米,住宅小区,,120302,商务住宅,住宅区,住宅小区
八街A区,114.282223,30.571284,长堤街与满春路交叉口东南40米,住宅小区,,120302,商务住宅,住宅区,住宅小区
武汉·江城府,114.287971,30.571336,民权路189号,住宅小区,,120302,商务住宅,住宅区,住宅小区
满绿里,114.282425,30.572125,友谊南路与长堤街交叉口西北40米,住宅小区,,120302,商务住宅,住宅区,住宅小区
中大社区满福里,114.282325,30.572225,友谊南路满春街(六渡桥地铁站A口步行430米),住宅小区,,120302,商务住宅,住宅区,住宅小区
清芬小区A区,114.281975,30.572125,满春路与长堤街交叉口北60米,住宅小区,,120302,商务住宅,住宅区,住宅小区
满春花园,114.281276,30.57219,满春路3号(六渡桥地铁站A口步行440米),住宅小区,,120302,商务住宅,住宅区,住宅小区
和平里,114.293031,30.568953,民族街办事处大兴路,住宅小区,,120302,商务住宅,住宅区,住宅小区
江城美苑,114.293407,30.568357,沿江大道与大兴一路交叉口东北160米,住宅小区,,120302,商务住宅,住宅区,住宅小区
顺天泰,114.28213,30.572636,大夹街222号(六渡桥地铁站A口步行360米),住宅小区,,120302,商务住宅,住宅区,住宅小区
江城人嘉,114.292525,30.569742,大兴路80号,住宅小区,,120302,商务住宅,住宅区,住宅小区
淘房·三民公寓,114.284954,30.573044,三民路肖家后街7号(六渡桥地铁站B口步行230米),住宅小区,,120302,商务住宅,住宅区,住宅小区
招商长江序·序会馆,114.29362,30.568595,沿江大道58号长江序营销中心,住宅小区,,120302,商务住宅,住宅区,住宅小区
满喜里小区,114.28341,30.5732,满喜里16(六渡桥地铁站B口步行330米),住宅小区,,120302,商务住宅,住宅区,住宅小区
民权公寓,114.292656,30.570213,民权路65号,住宅小区,,120302,商务住宅,住宅区,住宅小区
广益·天下南区,114.288491,30.572927,民权街办事处,住宅小区,,120302,商务住宅,住宅区,住宅小区
肖家社区,114.282837,30.573384,清芬一路(六渡桥地铁站A口步行250米),住宅小区,,120302,商务住宅,住宅区,住宅小区
人民小区,114.287032,30.57348,统一街与民权路交叉口西北140米,住宅小区,,120302,商务住宅,住宅区,住宅小区
繁花里,114.283908,30.573635,清芬一路与三民路交叉口西南120米,住宅小区,,120302,商务住宅,住宅区,住宅小区
青仁里,114.281011,30.57298,满春路与清芬一路交叉口西北60米,住宅小区,,120302,商务住宅,住宅区,住宅小区
江汉公寓,114.281497,30.573214,中山大道548号(六渡桥地铁站A口步行350米),住宅小区,,120302,商务住宅,住宅区,住宅小区
江华园,114.282181,30.573518,友谊南路与清芬一路交叉口北60米,住宅小区,,120302,商务住宅,住宅区,住宅小区
广益·天下,114.288667,30.573338,长堤街1305号,住宅小区,,120302,商务住宅,住宅区,住宅小区
花楼街100号,114.289556,30.573362,花楼街与民权路交叉口东北140米,住宅小区,,120302,商务住宅,住宅区,住宅小区
五彩城,114.293842,30.570285,民权路4号,住宅小区,,120302,商务住宅,住宅区,住宅小区
信泰公寓,114.293059,30.571153,黄陂街6号,住宅小区,,120302,商务住宅,住宅区,住宅小区
广益天下1期,114.289092,30.57362,民权街街道民权街办事处汉口民权路152号统一五金市场对面,住宅小区,,120302,商务住宅,住宅区,住宅小区
汉来广场-仁爱楼,114.292587,30.571766,民权路98号,住宅小区,,120302|120200,商务住宅,住宅区,住宅小区
广益·天下北区,114.288881,30.573861,统一街,住宅小区,,120302,商务住宅,住宅区,住宅小区
江汉区利大还建楼,114.292225,30.572175,汉来广场一街与黄陂街交叉口西北100米,住宅小区,,120302,商务住宅,住宅区,住宅小区
华航大厦,114.294278,30.570165,民权路2号,住宅小区,,120302,商务住宅,住宅区,住宅小区
忠孝楼A区,114.292725,30.572025,汉来广场一街与黄陂街交叉口北60米,住宅小区,,120302,商务住宅,住宅区,住宅小区
民意街舞台社区,114.282025,30.574565,中山大道与友谊路交叉口东北80米,住宅小区,,120302,商务住宅,住宅区,住宅小区
王家巷社区,114.293738,30.571729,黄陂街14号2单元1楼,住宅小区,,120302,商务住宅,住宅区,住宅小区
大江家院,114.289248,30.574518,统一街,住宅小区,,120302,商务住宅,住宅区,住宅小区
舞台小区南区,114.282333,30.574938,民意一路与民主三街交叉口南80米,住宅小区,,120302,商务住宅,住宅区,住宅小区
积庆社区东区,114.28802,30.57515,贤乐巷与统一街交叉口西60米,住宅小区,,120302,商务住宅,住宅区,住宅小区
远东巷30号楼,114.283573,30.575473,中山大道365-367号,住宅小区,,120302,商务住宅,住宅区,住宅小区
誉城九方,114.28447,30.57563,前进一路与中山大道交叉口北60米,住宅小区,,120302,商务住宅,住宅区,住宅小区
永福里,114.287628,30.575426,贤乐巷与统一街交叉口西120米,住宅小区,,120302,商务住宅,住宅区,住宅小区
小蔡家巷5号,114.293065,30.573127,民生路194号,住宅小区,,120302,商务住宅,住宅区,住宅小区
小江家院,114.289578,30.575095,统一街230号(江汉路地铁站G口步行420米),住宅小区,,120302,商务住宅,住宅区,住宅小区
民意一路19号(六渡桥地铁站D口步行200米),114.282258,30.575586,民意一路与民主三街交叉口西南20米,住宅小区,,120302,商务住宅,住宅区,住宅小区
海山·友谊城,114.28044,30.575121,友谊路5-7号(六渡桥地铁站D口步行490米),住宅小区,,120302,商务住宅,住宅区,住宅小区
民意四路小区,114.27894,30.5746,民主二街与民意四路交叉口东60米,住宅小区,,120302,商务住宅,住宅区,住宅小区
同益社区,114.283107,30.575848,民意街27号(六渡桥地铁站D口步行170米),住宅小区,,120302,商务住宅,住宅区,住宅小区
六角亭北巷社区,114.28084,30.575376,友谊路与民主二街交叉口东南40米,住宅小区,,120302,商务住宅,住宅区,住宅小区
舞台天下,114.281108,30.575478,友谊路50-10号(六渡桥地铁站D口步行370米),住宅小区,,120302,商务住宅,住宅区,住宅小区
协兴里,114.288712,30.575594,统一街(江汉路地铁站G口步行350米),住宅小区,,120302,商务住宅,住宅区,住宅小区
新港长江府,114.294644,30.572421,黄陂街与民生路交叉口南180米,住宅小区,,120302,商务住宅,住宅区,住宅小区
民意一路21号小区,114.282025,30.575875,民意一路与民主三街交叉口西北40米,住宅小区,,120302,商务住宅,住宅区,住宅小区
璀璨星城,114.287239,30.576291,花楼街办事处花楼街新名众乐园3楼,住宅小区,,120302,商务住宅,住宅区,住宅小区
醒居人才公寓,114.281175,30.576225,民主二街与民意一路交叉口西80米,住宅小区,,120302,商务住宅,住宅区,住宅小区
永广里,114.288595,30.576337,统一街307号(江汉路地铁站G口步行300米),住宅小区,,120302,商务住宅,住宅区,住宅小区
磨子桥,114.292832,30.574632,花楼街办事处民生路,住宅小区,,120302,商务住宅,住宅区,住宅小区
坤元里,114.290101,30.575979,民生路189号(江汉路地铁站G口步行320米),住宅小区,,120302,商务住宅,住宅区,住宅小区
民意街天仁社区,114.279096,30.575684,友谊路9号,住宅小区,,120302,商务住宅,住宅区,住宅小区
民意街天仁社区西区,114.278545,30.575461,民主二街与民意四路交叉口北80米,住宅小区,,120302,商务住宅,住宅区,住宅小区
德仁里,114.293883,30.574084,民生社区(黄陂街西),住宅小区,,120302,商务住宅,住宅区,住宅小区
民意街天仁社区东区,114.27954,30.57594,友谊路39号,住宅小区,,120302,商务住宅,住宅区,住宅小区
江汉区花楼街街道永前二巷13号,114.293374,30.574671,民生路65号,住宅小区,,120302,商务住宅,住宅区,住宅小区
天仁里楼,114.277831,30.57545,民意四路与民意上街交叉口南40米,住宅小区,,120302,商务住宅,住宅区,住宅小区
民生路85-91号,114.293025,30.575025,民生路与黄陂街交叉口西北180米,住宅小区,,120302,商务住宅,住宅区,住宅小区
三江停车场公寓楼,114.282675,30.577025,民主二街与前进一路交叉口西60米,住宅小区,,120302,商务住宅,住宅区,住宅小区
同安里,114.290229,30.576333,同安里64号,住宅小区,,120302,商务住宅,住宅区,住宅小区
富源里,114.282314,30.576982,民意祥和小苑(六渡桥地铁站C2口步行400米),住宅小区,,120302,商务住宅,住宅区,住宅小区
和成天下,114.293625,30.574725,民生路与黄陂街交叉口西北100米,住宅小区,,120302,商务住宅,住宅区,住宅小区
新风巷,114.289993,30.57655,民生路与统一街交叉口东80米,住宅小区,,120302,商务住宅,住宅区,住宅小区
南阳公寓,114.28158,30.577001,民意一路76号(六渡桥地铁站D口步行350米),住宅小区,,120302,商务住宅,住宅区,住宅小区
安仁里,114.281,30.577,民主一街与民意一路交叉口西南40米,住宅小区,,120302,商务住宅,住宅区,住宅小区
南泰楼,114.284075,30.577525,前进一路与民主二街交叉口东北100米,住宅小区,,120302|120200,商务住宅,住宅区,住宅小区
民意三路25号小区,114.278455,30.57626,民主一街与民意三路交叉口西40米,住宅小区,,120302,商务住宅,住宅区,住宅小区
景江华庭,114.283334,30.577641,前进一路110号(六渡桥地铁站C2口步行440米),住宅小区,,120302,商务住宅,住宅区,住宅小区
宝利金CL栋,114.29215,30.57615,宝丽金国际广场1期(江汉路地铁站出入口步行350米),住宅小区,,120302,商务住宅,住宅区,住宅小区
悦海,114.28425,30.57775,前进二路与民主一街交叉口南80米,住宅小区,,120302,商务住宅,住宅区,住宅小区
维善小区,114.279879,30.577115,友谊路与民主一街交叉口北15米,住宅小区,,120302,商务住宅,住宅区,住宅小区
宝丽金国际广场1期,114.292266,30.576376,民生路与花楼街交叉口东100米,住宅小区,,120302|120200,商务住宅,住宅区,住宅小区
友谊社区东区,114.278808,30.576871,民意三路32-2号(友谊路地铁站A口步行440米),住宅小区,,120302,商务住宅,住宅区,住宅小区
世纪江尚写字楼,114.296125,30.573825,黄陂街36号世纪·江尚,住宅小区,,120201|120302,商务住宅,楼宇,商务写字楼
安顺佳园,114.279293,30.577063,友谊路99号,住宅小区,,120302,商务住宅,住宅区,住宅小区
友谊社区南区,114.27802,30.576562,民主街16号,住宅小区,,120302,商务住宅,住宅区,住宅小区
维善小区西区,114.280362,30.577528,民主一街21附19(友谊路地铁站A口步行450米),住宅小区,,120302,商务住宅,住宅区,住宅小区
大陆里,114.280727,30.577635,民意街办事处友谊路(六渡桥地铁站D口步行470米),住宅小区,,120302,商务住宅,住宅区,住宅小区
上城国际,114.284088,30.578159,前进二路与民主一街交叉口西南100米,住宅小区,,120302,商务住宅,住宅区,住宅小区
世纪江尚3期,114.295015,30.574973,黄陂街与民生路交叉口东北120米,住宅小区,,120302,商务住宅,住宅区,住宅小区
武汉城建·楚宝里,114.286,30.578229,前进四路43号(六渡桥地铁站C1口步行390米),住宅小区,,120302,商务住宅,住宅区,住宅小区
友谊社区,114.277935,30.57698,民主街与民意三路交叉口西南40米,住宅小区,,120302,商务住宅,住宅区,住宅小区
景江国际城,114.306225,30.562525,临江大道与四马路交叉口东北80米,住宅小区,,120302,商务住宅,住宅区,住宅小区
汉成里社区,114.306741,30.56271,临江大道与四马路交叉口东北140米,住宅小区,,120302,商务住宅,住宅区,住宅小区
锦江国际城,114.307866,30.562634,临江大道88号(积玉桥地铁站A口步行210米),住宅小区,,120302,商务住宅,住宅区,住宅小区
万达公馆,114.309603,30.565941,武昌和平大道209号,住宅小区,,120302,商务住宅,住宅区,住宅小区
禅学花园,114.311339,30.565945,和平大道与健康路交叉口西南120米,住宅小区,,120302|110000,商务住宅,住宅区,住宅小区
江南明珠园2期,114.310735,30.568478,临江大道与新生路交叉口南120米,住宅小区,,120302,商务住宅,住宅区,住宅小区
江南明珠园,114.311309,30.568381,临江大道85附159号(三层楼地铁站D口步行300米),住宅小区,,120302,商务住宅,住宅区,住宅小区
世纪·江尚东区,114.295828,30.574865,沿江大道与临江巷交叉口西80米,住宅小区,,120302,商务住宅,住宅区,住宅小区
世纪江尚1期,114.296825,30.575325,沿江大道与临江巷交叉口西80米,住宅小区,,120302,商务住宅,住宅区,住宅小区
中铁六院,114.312375,30.567062,和平大道与健康路交叉口西北20米,住宅小区,,120302,商务住宅,住宅区,住宅小区
中国铁建·积玉万象,114.312799,30.563981,前进路与和平大道交叉口东200米,住宅小区,,120302,商务住宅,住宅区,住宅小区
世纪·江尚,114.295059,30.575388,黄陂街36号,住宅小区,,120302,商务住宅,住宅区,住宅小区
江汉关社区邻里之家,114.295775,30.575825,临江巷与沿江大道交叉口西180米,住宅小区,,120302,商务住宅,住宅区,住宅小区
世纪·江尚西区,114.294354,30.575948,民生路与黄陂街交叉口北200米,住宅小区,,120302,商务住宅,住宅区,住宅小区
欧林湾,114.313693,30.567433,武昌和平大道与新生路交汇处(武昌工人文化宫附近),住宅小区,,120302,商务住宅,住宅区,住宅小区
世纪江尚A区,114.294975,30.576975,江汉路步行街与洞庭街交叉口西南100米,住宅小区,,120302,商务住宅,住宅区,住宅小区
世纪江尚C区,114.295,30.577,江汉路步行街与洞庭街交叉口西南80米,住宅小区,,120302,商务住宅,住宅区,住宅小区
幸福里小区,114.31494,30.566405,积玉桥距融侨华府100米处,住宅小区,,120302,商务住宅,住宅区,住宅小区
联投中心,114.313578,30.570908,临江大道188号(三层楼地铁站出口),住宅小区,,120302,商务住宅,住宅区,住宅小区
联投中心二期,114.314125,30.569875,积玉桥街新河街与和平大道交汇处,住宅小区,,120302,商务住宅,住宅区,住宅小区
新生里红色物业小区,114.315025,30.567825,新生路与幸福里三路交叉口东40米,住宅小区,,120302,商务住宅,住宅区,住宅小区
上海路一号小区,114.297437,30.578157,上海路一号,住宅小区,,120302,商务住宅,住宅区,住宅小区
江滩3期,114.312217,30.573229,临江大道与下新河路交叉口西南20米,住宅小区,,120302,商务住宅,住宅区,住宅小区
中环国际,114.315639,30.567446,积玉桥街道新生路27号(三层楼地铁站A口步行380米),住宅小区,,120302,商务住宅,住宅区,住宅小区
新生里社区,114.315712,30.568075,积玉桥新生路特1号(三层楼地铁站A口步行200米),住宅小区,,120302,商务住宅,住宅区,住宅小区
水岸国际·澜桥公馆一期,114.320218,30.566927,友谊大道隧道口(余家湖车站旁),住宅小区,,120302,商务住宅,住宅区,住宅小区
融侨华府,114.317006,30.569819,和平大道666号(三层楼地铁站B口步行70米),住宅小区,,120302,商务住宅,住宅区,住宅小区
水岸国际·时代上城,114.319245,30.568989,友谊大道179号,住宅小区,,120302,商务住宅,住宅区,住宅小区
华东院,114.320625,30.567925,澜桥路与友谊大道交叉口南80米,住宅小区,,120302,商务住宅,住宅区,住宅小区
福星惠誉·水岸国际,114.320905,30.567514,友谊大道308号,住宅小区,,120302,商务住宅,住宅区,住宅小区
富坤山居,114.321117,30.567456,澜桥路与沙湖环路交叉口西120米,住宅小区,,120302,商务住宅,住宅区,住宅小区
康乐里小区,114.3188,30.570808,和平大道与新河后街交叉口东南220米,住宅小区,,120302,商务住宅,住宅区,住宅小区
康乐里社区四里,114.319175,30.570725,武汉长江隧道与友谊大道辅路交叉口西220米,住宅小区,,120302,商务住宅,住宅区,住宅小区
康乐里九里,114.319125,30.570925,武汉长江隧道与友谊大道辅路交叉口西220米,住宅小区,,120302,商务住宅,住宅区,住宅小区
积玉桥街康乐里社区,114.320143,30.570364,友谊大道辅路与武汉长江隧道交叉口西南160米,住宅小区,,120302,商务住宅,住宅区,住宅小区
康乐里社区二里,114.319049,30.571051,和平大道与新河后街交叉口东南220米,住宅小区,,120302,商务住宅,住宅区,住宅小区
康乐里社区8里,114.3202,30.5705,友谊大道辅路与武汉长江隧道交叉口西南140米,住宅小区,,120302,商务住宅,住宅区,住宅小区
武汉理工大学河校小区,114.320837,30.570057,友谊大道229号,住宅小区,,120302,商务住宅,住宅区,住宅小区
华康里小区,114.314765,30.572251,三层楼临江大道289号(三层楼地铁站C口步行310米),住宅小区,,120302,商务住宅,住宅区,住宅小区
河校社区,114.320186,30.571105,武汉长江隧道与友谊大道辅路交叉口西120米,住宅小区,,120302,商务住宅,住宅区,住宅小区
华新里小区,114.315504,30.572907,临江大道297号(三层楼地铁站C口步行450米),住宅小区,,120302,商务住宅,住宅区,住宅小区
联投中心一期,114.314274,30.573077,积玉桥街、新河街与和平大道交汇处,住宅小区,,120302,商务住宅,住宅区,住宅小区
蓝山印象,114.321224,30.571272,武汉长江隧道与友谊大道辅路交叉口西20米,住宅小区,,120302,商务住宅,住宅区,住宅小区
恒大·首府西区,114.319178,30.572426,和平大道684号,住宅小区,,120302,商务住宅,住宅区,住宅小区
长江悦,114.316795,30.573462,和平大道与新河后街交叉口,住宅小区,,120302,商务住宅,住宅区,住宅小区
鄂电村北区,114.315481,30.573974,临江大道379号-41307鄂电村,住宅小区,,120302,商务住宅,住宅区,住宅小区
恒大·首府,114.320774,30.57268,和平大道690号,住宅小区,,120302,商务住宅,住宅区,住宅小区
恒大·首府东区,114.321324,30.57276,和平大道716号,住宅小区,,120302|120200,商务住宅,住宅区,住宅小区
新河社区船院小区,114.314395,30.575018,,住宅小区,,120302,商务住宅,住宅区,住宅小区
云澜雅境,114.320025,30.574525,长喻路734号,住宅小区,,120302,商务住宅,住宅区,住宅小区
水岸国际·澜桥公馆二期,114.32556,30.570208,澜桥北路与沙湖环路交叉口北120米,住宅小区,,120302,商务住宅,住宅区,住宅小区
三角花园赵家墩小区,114.318553,30.575312,和平大道479号,住宅小区,,120302,商务住宅,住宅区,住宅小区
赵家墩小区云江公寓,114.318575,30.575375,和平大道652号,住宅小区,,120302,商务住宅,住宅区,住宅小区
水岸国际·LOFT公寓,114.321065,30.574793,长喻路西50米,住宅小区,,120302,商务住宅,住宅区,住宅小区
水岸国际·峯岚天下,114.323359,30.573731,积玉桥,住宅小区,,120302,商务住宅,住宅区,住宅小区
武车四村小区,114.319763,30.575919,和平大道507号,住宅小区,,120302,商务住宅,住宅区,住宅小区
水岸国际店(大米先生),114.321876,30.575143,积玉桥街办事处长喻路特1号,住宅小区,,120302,商务住宅,住宅区,住宅小区
徐家棚街渝家湖社区医疗器械小区,114.325185,30.573053,友谊大道316号,住宅小区,,120302,商务住宅,住宅区,住宅小区
德华楼(漫时区店),114.322604,30.575,徐家棚街道三角路村福星惠誉水岸国际6号地块漫时区一楼6-103B号铺位,住宅小区,,120302|050300,商务住宅,住宅区,住宅小区
漫时区E区,114.323475,30.574625,武车路辅路与长喻路交叉口南140米,住宅小区,,120302,商务住宅,住宅区,住宅小区
百合苑,114.325625,30.572925,团结大道与友谊大道交叉口东南120米,住宅小区,,120302,商务住宅,住宅区,住宅小区
三角花园三角路小区,114.318576,30.576713,和平大道501号,住宅小区,,120302,商务住宅,住宅区,住宅小区
番禧阁,114.322713,30.57515,长喻路与武车路辅路交叉口西南80米,住宅小区,,120302,商务住宅,住宅区,住宅小区
美城·清芷园,114.325829,30.572786,友谊大道338号,住宅小区,,120302,商务住宅,住宅区,住宅小区
漫时区A区,114.322845,30.575199,长喻路与武车路辅路交叉口西南80米,住宅小区,,120302,商务住宅,住宅区,住宅小区
晋颐府,114.322258,30.575577,长喻路与武车路交叉口西100米,住宅小区,,120302,商务住宅,住宅区,住宅小区
沙湖金港苑,114.327363,30.571133,徐家棚街办事处友谊大道徐家棚街,住宅小区,,120302,商务住宅,住宅区,住宅小区
漫时区B区,114.323625,30.574925,武车路辅路与长喻路交叉口东南100米,住宅小区,,120302,商务住宅,住宅区,住宅小区
BLD半山良筑建筑设计事务所,114.322372,30.575863,和平大道726号附2112号,住宅小区,,120302,商务住宅,住宅区,住宅小区
鑫鑫花园住宅小区,114.318915,30.577466,和平大道509号,住宅小区,,120302,商务住宅,住宅区,住宅小区
惠馨苑,114.319825,30.577522,三角路(武商量贩店对面),住宅小区,,120302,商务住宅,住宅区,住宅小区
三角众诚广场,114.324687,30.57547,武车路65号,住宅小区,,120302,商务住宅,住宅区,住宅小区
梦湖水岸,114.32974,30.570915,友谊大道318号,住宅小区,,120302,商务住宅,住宅区,住宅小区
荣公馆,114.330664,30.572118,团结大道与秦简街交叉口西南80米,住宅小区,,120302,商务住宅,住宅区,住宅小区
水岸国际·沙湖公馆,114.332288,30.572365,梦湖水岸旁,住宅小区,,120302,商务住宅,住宅区,住宅小区
湖大琴园,114.328988,30.573423,团结大道5号,住宅小区,,120302,商务住宅,住宅区,住宅小区
湖北大学武昌校区保集安五区,114.335684,30.572636,徐家棚街办事处学院路11号,住宅小区,,120302,商务住宅,住宅区,住宅小区
沙湖学府,114.334509,30.573401,团结大道与西二路交叉口东20米,住宅小区,,120302,商务住宅,住宅区,住宅小区
长鑫家园,114.329985,30.574359,喻家湖路231号(湖北大学地铁站D口步行490米),住宅小区,,120302,商务住宅,住宅区,住宅小区
园丁楼,114.329438,30.574618,徐家棚秦简街(湖北大学地铁站D口步行450米),住宅小区,,120302,商务住宅,住宅区,住宅小区
喻家湖社区二区,114.327484,30.574803,团结大道与友谊大道交叉口东180米,住宅小区,,120302,商务住宅,住宅区,住宅小区
喻家湖社区一区,114.326452,30.574594,友谊大道与武车路辅路交叉口东80米,住宅小区,,120302,商务住宅,住宅区,住宅小区
喻家湖社区,114.327245,30.574814,友谊大道330号(湖北大学地铁站D口步行380米),住宅小区,,120302,商务住宅,住宅区,住宅小区
万汇家园智慧油园,114.337856,30.572991,沙湖环路与学府路交叉口东北160米,住宅小区,,120302,商务住宅,住宅区,住宅小区
喻家湖社区三区,114.327558,30.57541,友谊大道330号(湖北大学地铁站D口步行380米),住宅小区,,120302,商务住宅,住宅区,住宅小区
梦想花园,114.34106,30.571678,沙湖路与福星西路交叉口西南100米,住宅小区,,120302,商务住宅,住宅区,住宅小区
水岸星城C区,114.339652,30.573307,徐东二路秦园东路,住宅小区,,120302,商务住宅,住宅区,住宅小区
武昌区徐家棚街长轮社区,114.325643,30.57617,友谊大道330对面(湖北大学地铁站B口步行270米),住宅小区,,120302,商务住宅,住宅区,住宅小区
湖北大学武昌校区四区,114.335338,30.576309,学府路与南一路交叉口东60米,住宅小区,,120302,商务住宅,住宅区,住宅小区
三角路小区,114.324024,30.576743,和平大道三角路临近湖北大学,住宅小区,,120302,商务住宅,住宅区,住宅小区
沙湖学府一期南区(建设中),114.335201,30.573538,团结大道968号,住宅小区,,120302,商务住宅,住宅区,住宅小区
冶电村,114.323,30.576606,三角路,住宅小区,,120302,商务住宅,住宅区,住宅小区
鄂电小区,114.3175,30.572919,积玉桥临江大道297号(和平大道融侨华府对面),住宅小区,,120302,商务住宅,住宅区,住宅小区
青鱼咀球场小区,114.348251,30.564717,青鱼嘴133-3号,住宅小区,,120302,商务住宅,住宅区,住宅小区
新安花园,114.348695,30.564994,沙湖大道与兴国路交叉口东200米,住宅小区,,120302,商务住宅,住宅区,住宅小区
新安·金沙豪庭,114.349739,30.565721,中北路213号(青鱼嘴地铁站G口步行80米),住宅小区,,120302,商务住宅,住宅区,住宅小区
京韵时代,114.351761,30.564937,中北路辅路与兴国北路交叉口东100米,住宅小区,,120302,商务住宅,住宅区,住宅小区
尚城国际,114.352275,30.565375,建机侧路与建机西路交叉口西60米,住宅小区,,120302,商务住宅,住宅区,住宅小区
世纪彩城嘉苑,114.352262,30.566928,中北路与建机侧路交叉口东北100米,住宅小区,,120302,商务住宅,住宅区,住宅小区
建发望湖建筑工地,114.352275,30.567125,中北路与建机侧路交叉口东北120米,住宅小区,,120302,商务住宅,住宅区,住宅小区
天源城,114.352611,30.563999,中北路122号(青鱼嘴地铁站E口旁),住宅小区,,120302,商务住宅,住宅区,住宅小区
天源城2期,114.352807,30.563866,兴国北路与安邦路交叉口东80米,住宅小区,,120302,商务住宅,住宅区,住宅小区
中油小区,114.352325,30.567775,中北路辅路与车家岭街交叉口西120米,住宅小区,,120302,商务住宅,住宅区,住宅小区
真福家园,114.352725,30.567739,中北路辅路与车家岭街交叉口西100米,住宅小区,,120302,商务住宅,住宅区,住宅小区
锦绣中北南区,114.3534,30.564675,水果湖街办事处中北路122号附75号,住宅小区,,120302,商务住宅,住宅区,住宅小区
新澳园,114.353725,30.563175,兴沪路与兴国北路交叉口东北60米,住宅小区,,120302,商务住宅,住宅区,住宅小区
中北春天,114.353962,30.566081,水果湖街办事处中北路130号,住宅小区,,120302,商务住宅,住宅区,住宅小区
爱尚东亭小区,114.353104,30.568687,中北路257号(东亭地铁站D口步行260米),住宅小区,,120302,商务住宅,住宅区,住宅小区
锦绣中北,114.354568,30.565233,中北路132附8号(青鱼嘴地铁站F口步行490米),住宅小区,,120302,商务住宅,住宅区,住宅小区
爱尚东亭1期,114.353725,30.568825,中北路辅路与兴河路交叉口西40米,住宅小区,,120302,商务住宅,住宅区,住宅小区
白玫瑰花苑,114.35236,30.570694,中北路253号(东亭地铁站D口步行390米),住宅小区,,120302,商务住宅,住宅区,住宅小区
锦绣中北北区,114.354966,30.565441,建机小路与建机侧路交叉口东北140米,住宅小区,,120302,商务住宅,住宅区,住宅小区
松石苑,114.351673,30.57195,沙湖大道与秦园东路交叉口西南80米,住宅小区,,120302,商务住宅,住宅区,住宅小区
车家岭中天生活区,114.355225,30.567025,车家岭街与建机小路交叉口西北40米,住宅小区,,120302,商务住宅,住宅区,住宅小区
新建居住商业服务业设施项目(武昌区农行南A-2地块B地块),114.355389,30.566787,中北路170号,住宅小区,,120302,商务住宅,住宅区,住宅小区
水云居,114.352806,30.571556,沙湖大道与秦园东路交汇处(东亭地铁站D口步行450米),住宅小区,,120302,商务住宅,住宅区,住宅小区
越秀星悦峯,114.354083,30.57023,中北路261号(东亭地铁站D口步行120米),住宅小区,,120302,商务住宅,住宅区,住宅小区
锦绣小区,114.35621,30.565888,兴沪路与车家岭街交叉口西南20米,住宅小区,,120302,商务住宅,住宅区,住宅小区
工地生活区,114.354996,30.570398,秦园东路与中北路交叉口西北60米(东亭地铁站D口旁),住宅小区,,120302|120303,商务住宅,住宅区,住宅小区
锦绣江南二、四期,114.356766,30.56373,兴沪路与建机侧路交叉口东200米,住宅小区,,120302,商务住宅,住宅区,住宅小区
锦绣江南-西区,114.356831,30.563717,兴沪路与建机侧路交叉口东220米,住宅小区,,120302,商务住宅,住宅区,住宅小区
御福湾,114.355925,30.569375,黄鹂路与中北路辅路交叉口南80米,住宅小区,,120302,商务住宅,住宅区,住宅小区
水岸星城,114.343578,30.575591,秦园东路,住宅小区,,120302,商务住宅,住宅区,住宅小区
水岸星城B区,114.343734,30.575636,徐东二路2号,住宅小区,,120302,商务住宅,住宅区,住宅小区
锦绣江南,114.357353,30.563412,中北路126号,住宅小区,,120302,商务住宅,住宅区,住宅小区
世纪彩城E区,114.355875,30.571275,中北路辅路与秦园东路交叉口北120米,住宅小区,,120302,商务住宅,住宅区,住宅小区
丽苑楼,114.355975,30.571475,中北路辅路与秦园东路交叉口北140米,住宅小区,,120302,商务住宅,住宅区,住宅小区
金沙泊岸,114.351062,30.57523,徐家棚街办事处沙湖大道与秦园东路交汇处,住宅小区,,120302,商务住宅,住宅区,住宅小区
世纪彩城-欣苑,114.35427,30.573356,沙湖大道与秦园东路交叉口东180米,住宅小区,,120302,商务住宅,住宅区,住宅小区
干警楼,114.358425,30.565325,车家岭街与武重南路交叉口西北160米,住宅小区,,120302,商务住宅,住宅区,住宅小区
东亭小区,114.35836,30.566609,黄鹂路(东亭地铁站A口步行330米),住宅小区,,120302,商务住宅,住宅区,住宅小区
世纪彩城,114.355195,30.572842,中北路233号(东亭地铁站D口步行150米),住宅小区,,120302,商务住宅,住宅区,住宅小区
沙湖天境(建设中),114.350328,30.566531,武昌中北路(青鱼嘴地铁站F口),住宅小区,,120302,商务住宅,住宅区,住宅小区
建发·望湖(建设中),114.351484,30.568358,沙湖大道130号,住宅小区,,120302,商务住宅,住宅区,住宅小区
武重南路九号店,114.358825,30.563575,武重南路与车家岭街交叉口西南60米,住宅小区,,120302,商务住宅,住宅区,住宅小区
油料所社区南区,114.340893,30.576548,七星路与团结大道交叉口东南50米,住宅小区,,120302,商务住宅,住宅区,住宅小区
水岸星城4期,114.345932,30.577508,秦园东路与沙湖路交叉口西北220米,住宅小区,,120302,商务住宅,住宅区,住宅小区
沁苑,114.355777,30.573593,中北路与沱塘路交叉口西北220米,住宅小区,,120302,商务住宅,住宅区,住宅小区
水岸星城A区,114.347279,30.577495,徐东大街28号,住宅小区,,120302,商务住宅,住宅区,住宅小区
铂金天地,114.350092,30.577145,沙湖路,住宅小区,,120302,商务住宅,住宅区,住宅小区
武昌区水果湖街阳光家园,114.35706,30.573294,中北路与沱塘路交叉口西北120米,住宅小区,,120302,商务住宅,住宅区,住宅小区
东亭邮政大院,114.360075,30.567975,黄鹂路与东亭路交叉口北120米,住宅小区,,120302,商务住宅,住宅区,住宅小区
黄鹂路社区,114.35824,30.571915,中北路272号(东亭地铁站B口步行390米),住宅小区,,120302,商务住宅,住宅区,住宅小区
中海·东湖玖章,114.359205,30.570631,中北路198号(东亭地铁站B口步行190米),住宅小区,,120302,商务住宅,住宅区,住宅小区
东湖·香榭水岸,114.361219,30.564393,东湖路328号,住宅小区,,120302,商务住宅,住宅区,住宅小区
省报小区,114.360757,30.566562,黄鹂路与东亭路交叉口东南60米,住宅小区,,120302,商务住宅,住宅区,住宅小区
发改委家属院,114.362432,30.564145,黄鹂路56号(省博湖北日报地铁站D口步行300米),住宅小区,,120302,商务住宅,住宅区,住宅小区
东亭黄鹂苑,114.362284,30.566834,黄鹂路53号,住宅小区,,120302,商务住宅,住宅区,住宅小区
科学院东院,114.362573,30.563411,香榭路与东湖路交叉口西北120米,住宅小区,,120302,商务住宅,住宅区,住宅小区
东亭花园牡丹苑,114.362071,30.568497,水果湖街办事处黄鹂路,住宅小区,,120302,商务住宅,住宅区,住宅小区
东亭花园-海棠苑,114.363258,30.569146,水果湖街办事处,住宅小区,,120302,商务住宅,住宅区,住宅小区
东亭花园,114.364194,30.569603,东亭路10号,住宅小区,,120302,商务住宅,住宅区,住宅小区
碧竹苑,114.363786,30.570111,水果湖街办事处东亭路东亭花园,住宅小区,,120302,商务住宅,住宅区,住宅小区
东湖·楚世家·行吟水榭,114.366989,30.563877,黄鹂路71号,住宅小区,,120302,商务住宅,住宅区,住宅小区
楚天丽园,114.365868,30.568549,东湖路173号(省博湖北日报地铁站D口步行320米),住宅小区,,120302,商务住宅,住宅区,住宅小区
青年公寓2期,114.365325,30.569275,翠柳街与东亭路交叉口南260米,住宅小区,,120302,商务住宅,住宅区,住宅小区
东湖名邸,114.367269,30.565969,东湖风景区街道东湖路188号,住宅小区,,120302,商务住宅,住宅区,住宅小区
东亭花园-玫瑰苑,114.36419,30.570412,东亭路与翠柳街交叉口南140米,住宅小区,,120302,商务住宅,住宅区,住宅小区
东亭九里,114.360433,30.571512,沱塘路9号,住宅小区,,120302,商务住宅,住宅区,住宅小区
东亭花园丁香苑,114.365454,30.570056,东亭路10号,住宅小区,,120302,商务住宅,住宅区,住宅小区
亘星滨湖苑,114.359748,30.571976,中北路220号,住宅小区,,120302,商务住宅,住宅区,住宅小区
东亭花园-恒达苑,114.365723,30.570647,水果湖街办事处东亭路东亭花园,住宅小区,,120302,商务住宅,住宅区,住宅小区
东湖林语,114.369022,30.56406,黄鹂路73号,住宅小区,,120302,商务住宅,住宅区,住宅小区
湖北日报社家属区,114.366449,30.570661,翠柳街与东亭路交叉口东南200米,住宅小区,,120302,商务住宅,住宅区,住宅小区
楚天都市雅园,114.361938,30.572881,水果湖街中北路230号,住宅小区,,120302,商务住宅,住宅区,住宅小区
湖北经济学院小区,114.364884,30.572,东亭路与翠柳街交叉口东北40米,住宅小区,,120302,商务住宅,住宅区,住宅小区
武重明珠苑,114.360627,30.573252,中北路160-1号(岳家嘴地铁站G口步行280米),住宅小区,,120302,商务住宅,住宅区,住宅小区
东亭·30号院,114.364901,30.572189,东亭路与翠柳街交叉口北60米,住宅小区,,120302,商务住宅,住宅区,住宅小区
东篱庭院(东亭店),114.366732,30.572087,东亭路14号东亭·30号院内,住宅小区,,120302|050100,商务住宅,住宅区,住宅小区
钢院小区,114.364234,30.573743,东亭路27号(岳家嘴地铁站H口步行230米),住宅小区,,120302,商务住宅,住宅区,住宅小区
东湖春树里,114.362112,30.574917,徐东大街50号(岳家嘴地铁站3号口步行60米),住宅小区,,120302,商务住宅,住宅区,住宅小区
中天公寓,114.371725,30.565725,听涛道与牡丹园路交叉口南480米,住宅小区,,120302|100200,商务住宅,住宅区,住宅小区
中天建设生活区,114.359625,30.575125,中北路辅路与欢乐大道辅路交叉口西80米,住宅小区,,120302|120303,商务住宅,住宅区,住宅小区
东湖山庄,114.37119,30.569571,东湖路190号,住宅小区,,120302,商务住宅,住宅区,住宅小区
英特小区,114.357445,30.575538,徐东大街316号(中北路和徐东大街的交汇处),住宅小区,,120302,商务住宅,住宅区,住宅小区
武汉徐东大街东中村,114.366852,30.574023,东中侧路与徐东大街辅路交叉口南140米,住宅小区,,120302,商务住宅,住宅区,住宅小区
少年儿童出版社宿舍,114.37003,30.571563,水果湖街办事处东湖路183号,住宅小区,,120302,商务住宅,住宅区,住宅小区
新华香樟园,114.370127,30.572819,东湖路185号(梨园地铁站B口步行360米),住宅小区,,120302,商务住宅,住宅区,住宅小区
岳家嘴老年宜居社区,114.355015,30.576084,沙湖大道(英特小区),住宅小区,,120302,商务住宅,住宅区,住宅小区
博译上坤·云峯,114.356246,30.576597,沙湖大道与董家路交叉口东220米,住宅小区,,120302,商务住宅,住宅区,住宅小区
徐东嘉园3期,114.36519,30.576415,徐东大街出口与徐东大街交叉口北60米,住宅小区,,120302,商务住宅,住宅区,住宅小区
东湖睿园,114.364109,30.577224,徐东大街191号(岳家嘴地铁站K口步行160米),住宅小区,,120302,商务住宅,住宅区,住宅小区
上坤大都会,114.355625,30.577375,沙湖大道与董家路交叉口东北220米,住宅小区,,120302|120200,商务住宅,住宅区,住宅小区
省电社区,114.366848,30.576697,徐东大街349号(梨园地铁站A口步行280米),住宅小区,,120302,商务住宅,住宅区,住宅小区
省电社区西区,114.365627,30.577302,东亭路与岳家嘴路交叉口西南100米,住宅小区,,120302,商务住宅,住宅区,住宅小区
省电科院小区,114.370166,30.575095,徐东大街辅路与华电小路交叉口东180米,住宅小区,,120302,商务住宅,住宅区,住宅小区
正信楼,114.367675,30.576675,东亭路与华电小路交叉口西南160米,住宅小区,,120302|120200,商务住宅,住宅区,住宅小区
东湖梨园医院家属楼,114.375275,30.573675,听涛道与广场南路交叉口东100米,住宅小区,,120302,商务住宅,住宅区,住宅小区
天时东湖风景苑,114.375062,30.574615,湖中道与沿湖大道交叉口东北20米,住宅小区,,120302,商务住宅,住宅区,住宅小区
格林号,114.37775,30.574483,沿湖大道20号飞鸟世界东沙三号,住宅小区,,120302,商务住宅,住宅区,住宅小区
香樟A,114.37191,30.575116,沙湖大道辅路与广场北路交叉口西100米,住宅小区,,120302,商务住宅,住宅区,住宅小区
东湖天下,114.372541,30.576365,东湖路189号(梨园地铁站C口步行60米),住宅小区,,120302,商务住宅,住宅区,住宅小区
华电梨园小区东区,114.371102,30.576619,渔光小路与济才路交叉口西南180米,住宅小区,,120302,商务住宅,住宅区,住宅小区
雁中咀5号,114.418996,30.564275,落雁岛小路与落雁路交叉口东南340米,住宅小区,,120302,商务住宅,住宅区,住宅小区
东湖扬金阁(湖光村1栋),114.417131,30.571412,"落雁路027路亚基地入口处,向前200米两层灰色楼",住宅小区,,120302,商务住宅,住宅区,住宅小区
琴断口南岸,114.181759,30.582477,琴台大道1110号,住宅小区,,120302,商务住宅,住宅区,住宅小区
保利星河九州·璟江,114.183673,30.579241,琴台大道1112号附78号,住宅小区,,120302,商务住宅,住宅区,住宅小区
佳兆业滨江壹号,114.185545,30.579415,琴台大道,住宅小区,,120302,商务住宅,住宅区,住宅小区
琴断口监狱家属区,114.17432,30.577673,郭琴西路与琴台大道交叉口西北280米,住宅小区,,120302,商务住宅,住宅区,住宅小区
琴断口米粮山新村,114.173825,30.578125,郭琴西路与琴台大道交叉口西北340米,住宅小区,,120302,商务住宅,住宅区,住宅小区
琴断口三新村,114.187425,30.576875,郭家湾路与琴台大道交叉口东北140米,住宅小区,,120302,商务住宅,住宅区,住宅小区
黄金口岸,114.171681,30.584092,黄金口5村特1号,住宅小区,,120302,商务住宅,住宅区,住宅小区
汉阳惠民苑2期,114.171825,30.585377,郭茨口路,住宅小区,,120302,商务住宅,住宅区,住宅小区
古田一路小区,114.18471,30.588175,古田一路与田文侧路交叉口东120米,住宅小区,,120302,商务住宅,住宅区,住宅小区
怡景南苑,114.185832,30.587641,古田南村150号,住宅小区,,120302,商务住宅,住宅区,住宅小区
汉阳惠民苑-北区,114.17171,30.586542,惠民中路与和泰路交叉口东南200米,住宅小区,,120302,商务住宅,住宅区,住宅小区
江山樾,114.188623,30.586343,古田二路与沿河大道交汇处,住宅小区,,120302,商务住宅,住宅区,住宅小区
汉阳惠民苑,114.170345,30.585201,惠民南路与惠民路交叉口东南100米,住宅小区,,120302,商务住宅,住宅区,住宅小区
汉阳惠民苑3期,114.171567,30.586627,金福路14号,住宅小区,,120302,商务住宅,住宅区,住宅小区
阅江华庭,114.188993,30.586511,古田一路与古田二路交叉口东南160米,住宅小区,,120302,商务住宅,住宅区,住宅小区
罗家墩新寓,114.182846,30.590086,古田一路与田文侧路交叉口西北180米,住宅小区,,120302,商务住宅,住宅区,住宅小区
古南社区陈家墩小区,114.185919,30.589299,古田二路523号,住宅小区,,120302,商务住宅,住宅区,住宅小区
汉阳惠民苑1期,114.168437,30.584356,三环线,住宅小区,,120302,商务住宅,住宅区,住宅小区
金地悦江时代·悦峯,114.181189,30.591239,古田一路与田文侧路交叉口西北360米,住宅小区,,120302,商务住宅,住宅区,住宅小区
黄金花园,114.170052,30.587785,惠民路与惠民中路交叉口西20米,住宅小区,,120302,商务住宅,住宅区,住宅小区
滨江军苑,114.189776,30.588134,古词路与田文街交汇处西南50米,住宅小区,,120302,商务住宅,住宅区,住宅小区
黄金花园2期,114.169618,30.587759,和泰路与惠民中路交叉口西60米,住宅小区,,120302,商务住宅,住宅区,住宅小区
怡景北苑,114.188105,30.589616,古田二路149号,住宅小区,,120302,商务住宅,住宅区,住宅小区
金地悦江时代芸湾区,114.183932,30.59157,田文侧路与田文街交叉口西140米,住宅小区,,120302,商务住宅,住宅区,住宅小区
金地悦江时代,114.185803,30.591868,古田二路37号,住宅小区,,120302,商务住宅,住宅区,住宅小区
梅艳新村,114.188146,30.5908,古文街肖家墩280号,住宅小区,,120302,商务住宅,住宅区,住宅小区
光通天下,114.191213,30.58854,古词路与田文街交叉口北40米,住宅小区,,120302,商务住宅,住宅区,住宅小区
管煤小区,114.188171,30.590817,田文街与古音路交叉口东120米,住宅小区,,120302,商务住宅,住宅区,住宅小区
红星社区,114.18506,30.592232,田文街与田文侧路交叉口西北60米,住宅小区,,120302,商务住宅,住宅区,住宅小区
电缆AB栋小区,114.18057,30.593062,田文侧路与田文街交叉口西480米,住宅小区,,120302,商务住宅,住宅区,住宅小区
福达坊新大楼,114.166473,30.573571,金色环路与金色二路交叉口北220米,住宅小区,,120302,商务住宅,住宅区,住宅小区
金地悦江时代骊湾区,114.186673,30.592117,田文街与田文侧路交叉口东120米,住宅小区,,120302,商务住宅,住宅区,住宅小区
物资局小区,114.19174,30.58886,古田二路6-16号,住宅小区,,120302,商务住宅,住宅区,住宅小区
罗家墩122号院,114.195175,30.586975,田文街与古文路交叉口西240米,住宅小区,,120302,商务住宅,住宅区,住宅小区
广电·江湾新城南区,114.198766,30.586279,古田三路广电江湾,住宅小区,,120302,商务住宅,住宅区,住宅小区
罗家墩小区,114.199669,30.585844,古文路与田文街交叉口东220米,住宅小区,,120302,商务住宅,住宅区,住宅小区
军院社区,114.195314,30.587132,罗家墩122号,住宅小区,,120302,商务住宅,住宅区,住宅小区
广电·江湾新城,114.199178,30.586659,古田三路和沿河大道交汇处,住宅小区,,120302,商务住宅,住宅区,住宅小区
军缘楼,114.193263,30.587921,田文街47号,住宅小区,,120302,商务住宅,住宅区,住宅小区
内燃小区,114.199075,30.588875,古田路与古文路交叉口西北20米,住宅小区,,120302,商务住宅,住宅区,住宅小区
广电·江湾新城北区,114.201099,30.588431,古田三路68号,住宅小区,,120302,商务住宅,住宅区,住宅小区
红星新村,114.191014,30.590506,古田二路27-37号,住宅小区,,120302,商务住宅,住宅区,住宅小区
康怡苑小区,114.193679,30.591045,古田路46号,住宅小区,,120302,商务住宅,住宅区,住宅小区
东方花城,114.199734,30.590691,古田路41号,住宅小区,,120302,商务住宅,住宅区,住宅小区
古田街古田社区,114.192417,30.591344,古田路40号,住宅小区,,120302,商务住宅,住宅区,住宅小区
电建地产·澋悦苑,114.196729,30.591563,解放大道南古田路61号,住宅小区,,120302,商务住宅,住宅区,住宅小区
弘鑫商住楼,114.20284,30.589707,古田路88号(古田三路地铁站A口步行470米),住宅小区,,120302,商务住宅,住宅区,住宅小区
湖北警官学院南校区-教工宿舍,114.204328,30.589842,古田三路76号,住宅小区,,120302,商务住宅,住宅区,住宅小区
辛鑫绣城,114.195824,30.592924,生活村和古画社区之间,住宅小区,,120302,商务住宅,住宅区,住宅小区
古田三路社区汽挂小区,114.20295,30.59114,古田三路5号,住宅小区,,120302,商务住宅,住宅区,住宅小区
美好名流汇K6地块,114.19798,30.593118,古章路与解放大道交叉口西南360米,住宅小区,,120302,商务住宅,住宅区,住宅小区
金地悦江时代朗湾区,114.189123,30.592385,古音路与古田路交叉口南200米,住宅小区,,120302,商务住宅,住宅区,住宅小区
公园华府,114.213867,30.583338,简易路与沿河大道交叉口东20米,住宅小区,,120302,商务住宅,住宅区,住宅小区
尚水湾,114.215289,30.583739,沿河大道519号(汉西一路地铁站A口步行490米),住宅小区,,120302,商务住宅,住宅区,住宅小区
天宇·盛世滨江,114.217185,30.580813,四新路6号,住宅小区,,120302,商务住宅,住宅区,住宅小区
桂苑西村西区,114.216844,30.582382,简易路24号(汉西一路地铁站A口步行430米),住宅小区,,120302,商务住宅,住宅区,住宅小区
天宇盛世滨江1期,114.217431,30.580548,沿河大道与四新路交叉口东160米,住宅小区,,120302,商务住宅,住宅区,住宅小区
西江月·厦,114.211316,30.586549,古田四路5号(古田四路地铁站A口步行410米),住宅小区,,120302,商务住宅,住宅区,住宅小区
探矿小区,114.216593,30.583556,四新路与简易路交叉口东北80米,住宅小区,,120302,商务住宅,住宅区,住宅小区
桂苑西村,114.21757,30.582355,简易路(汉西一路地铁站A口步行450米),住宅小区,,120302,商务住宅,住宅区,住宅小区
新明小区,114.215812,30.584876,解放大道148附21附近,住宅小区,,120302,商务住宅,住宅区,住宅小区
汉水熙园,114.214674,30.585726,解放大道148附6号(汉西一路地铁站A口步行320米),住宅小区,,120302,商务住宅,住宅区,住宅小区
四新社区,114.216015,30.584879,解放大道148号附1号,住宅小区,,120302,商务住宅,住宅区,住宅小区
桂苑西村东区,114.217995,30.582337,简易路28号,住宅小区,,120302,商务住宅,住宅区,住宅小区
左岸美邻,114.218587,30.581725,简易路30号(汉西一路地铁站A口步行280米),住宅小区,,120302,商务住宅,住宅区,住宅小区
紫薇花园,114.21055,30.587989,古田四路9附34号附近,住宅小区,,120302,商务住宅,住宅区,住宅小区
百泰·邻里汇(汉水熙园店),114.214421,30.58708,解放大道与四新路交叉口西280米,住宅小区,,060102|120302,购物服务,商场,普通商场
博学仕府,114.217666,30.584625,解放大道172-10号(汉西一路地铁站A口步行80米),住宅小区,,120302,商务住宅,住宅区,住宅小区
韩家墩街简易社区C区,114.219138,30.583288,简易侧路与简易路交叉口东北60米,住宅小区,,120302,商务住宅,住宅区,住宅小区
星火小区,114.219377,30.582981,汉西一路与简易路交叉口北20米,住宅小区,,120302,商务住宅,住宅区,住宅小区
丽水康城,114.220115,30.579766,沿河大道438号(宗关地铁站E口步行340米),住宅小区,,120302,商务住宅,住宅区,住宅小区
韩家墩街简易社区B区,114.219337,30.583616,汉西一路与简易路交叉口北80米,住宅小区,,120302,商务住宅,住宅区,住宅小区
香港映象1期,114.215346,30.587566,解放大道与古田五路交叉口西北140米,住宅小区,,120302,商务住宅,住宅区,住宅小区
简易社区外贸小区,114.219314,30.584352,解放大道180号(汉西一路地铁站A口步行160米),住宅小区,,120302,商务住宅,住宅区,住宅小区
双强小区,114.211092,30.589201,解放大道110附14号(古田四路地铁站A口步行90米),住宅小区,,120302,商务住宅,住宅区,住宅小区
简易生活街区,114.219125,30.58494,简易侧路与解放大道交叉口南40米,住宅小区,,120302,商务住宅,住宅区,住宅小区
长福小区,114.210166,30.589337,解放大道与南苑小路交叉口南120米,住宅小区,,120302,商务住宅,住宅区,住宅小区
古田五路3号大院,114.216731,30.587625,古田五路1-3号(汉西一路地铁站D口步行390米),住宅小区,,120302,商务住宅,住宅区,住宅小区
香港映象,114.214439,30.589164,解放大道319号(古田四路地铁站B口步行250米),住宅小区,,120302,商务住宅,住宅区,住宅小区
三星公寓,114.216789,30.588027,古田五路5号(汉西一路地铁站D口步行410米),住宅小区,,120302,商务住宅,住宅区,住宅小区
汉口1872小区,114.22155,30.581922,解放大道188号(宗关地铁站D口步行420米),住宅小区,,120302,商务住宅,住宅区,住宅小区
汉口1872二期,114.222194,30.580436,建一路与烟厂巷交叉口西北180米,住宅小区,,120302,商务住宅,住宅区,住宅小区
联发九都府,114.212089,30.590452,解放大道233号(古田四路地铁站B口步行200米),住宅小区,,120302,商务住宅,住宅区,住宅小区
古田五路7号大院,114.217398,30.588531,古田五路7号,住宅小区,,120302,商务住宅,住宅区,住宅小区
解二小区,114.221525,30.584575,解放大道与汉西一路交叉口东南140米,住宅小区,,120302,商务住宅,住宅区,住宅小区
解放大道367号小区,114.221637,30.584572,解放大道367号(汉西一路地铁站C口步行270米),住宅小区,,120302,商务住宅,住宅区,住宅小区
硚房南苑,114.221542,30.585152,解放大道与汉西一路交叉口东120米,住宅小区,,120302,商务住宅,住宅区,住宅小区
湖北地质大楼9号院,114.216225,30.589875,解放大道与古田五路交叉口北360米,住宅小区,,120302,商务住宅,住宅区,住宅小区
公安社区公客小区,114.207859,30.591123,解放大道92号(古田三路地铁站B口步行450米),住宅小区,,120302,商务住宅,住宅区,住宅小区
硚房北苑,114.221383,30.586286,汉西一路与解放大道交叉口东北160米,住宅小区,,120302,商务住宅,住宅区,住宅小区
新水利厅小区B楼,114.212075,30.591525,南苑小路与解放大道交叉口东北220米,住宅小区,,120302,商务住宅,住宅区,住宅小区
永安名苑,114.221617,30.586119,汉西一路16号(汉西一路地铁站C口步行320米),住宅小区,,120302,商务住宅,住宅区,住宅小区
煤建小区,114.223928,30.580094,建一路与龙阳大道入口交叉口西40米(宗关地铁站E口旁),住宅小区,,120302,商务住宅,住宅区,住宅小区
武汉四中小区,114.221476,30.586857,解放大道与汉西一路交叉口东北220米,住宅小区,,120302,商务住宅,住宅区,住宅小区
江湾汇,114.223361,30.584929,新合村路与新合正街交叉口西北260米,住宅小区,,120302,商务住宅,住宅区,住宅小区
武警家属区,114.204075,30.591475,古田三路与田正街交叉口东北120米,住宅小区,,120302,商务住宅,住宅区,住宅小区
皇家经典D区,114.223119,30.586058,汉西一路与解放大道交叉口东280米,住宅小区,,120302,商务住宅,住宅区,住宅小区
洺悦府,114.220277,30.589284,古田五路8号,住宅小区,,120302,商务住宅,住宅区,住宅小区
南垸小区,114.211228,30.592858,解放大道217号(古田四路地铁站B口步行390米),住宅小区,,120302,商务住宅,住宅区,住宅小区
南国一期(好吃多连锁便利店),114.222875,30.586625,南国大家装汉西店R座1号楼,住宅小区,,060200|120302,购物服务,,
省纸张公司小区,114.209945,30.593252,解放大道与南垸小路交叉口北300米,住宅小区,,120302,商务住宅,住宅区,住宅小区
武汉城建·汉江云宸,114.215939,30.592306,"青云路西侧,省地质调查院以北",住宅小区,,120302,商务住宅,住宅区,住宅小区
古田帝园,114.214315,30.592816,古田四路32号,住宅小区,,120302,商务住宅,住宅区,住宅小区
宗关水厂轻轨小区,114.227048,30.579308,解放大道与水厂二路交叉口西140米,住宅小区,,120302,商务住宅,住宅区,住宅小区
幸福楼,114.227475,30.582075,建设大道与解放大道交叉口东北180米,住宅小区,,120302,商务住宅,住宅区,住宅小区
变电一小区,114.228873,30.579498,解放大道459号(宗关地铁站A1口步行190米),住宅小区,,120302,商务住宅,住宅区,住宅小区
变电宿舍,114.229406,30.579408,解放大道461附1号(宗关地铁站A1口步行340米),住宅小区,,120302,商务住宅,住宅区,住宅小区
汉水三村小区,114.229619,30.580441,解放大道与水厂二路交叉口东北200米,住宅小区,,120302,商务住宅,住宅区,住宅小区
宗关派出所小区,114.229442,30.578813,解放大道与水厂二路交叉口东100米,住宅小区,,120302,商务住宅,住宅区,住宅小区
新合东村,114.229296,30.581772,建设大道(宗关地铁站A1口步行330米),住宅小区,,120302,商务住宅,住宅区,住宅小区
红旗小区,114.229728,30.579097,解放大道461号、483号,住宅小区,,120302,商务住宅,住宅区,住宅小区
新合村后街89号,114.228611,30.583579,新合后街89号,住宅小区,,120302,商务住宅,住宅区,住宅小区
汉南小区,114.229075,30.583675,新合后街与建设大道交叉口东120米,住宅小区,,120302,商务住宅,住宅区,住宅小区
后街小区,114.228987,30.584036,宗关站十七中旁,住宅小区,,120302,商务住宅,住宅区,住宅小区
日月佳苑,114.226831,30.585677,汉西一路南侧,住宅小区,,120302,商务住宅,住宅区,住宅小区
时代·新世界,114.232617,30.582098,汉西路101号(双墩地铁站B口步行320米),住宅小区,,120302,商务住宅,住宅区,住宅小区
时代·新世界南区,114.232691,30.582219,汉西路与海清路交叉口南200米,住宅小区,,120302,商务住宅,住宅区,住宅小区
中建御景星城一期,114.233492,30.579692,汉西路与汉西巷交叉口西220米,住宅小区,,120302,商务住宅,住宅区,住宅小区
铁路小区,114.229607,30.586152,建设大道与汉西一路交叉口东北160米,住宅小区,,120302,商务住宅,住宅区,住宅小区
时代·新世界北区,114.231201,30.585267,建设大道与汉西路交叉口西南140米,住宅小区,,120302,商务住宅,住宅区,住宅小区
中建御景星城,114.233681,30.57892,海辰路1号,住宅小区,,120302,商务住宅,住宅区,住宅小区
五库皇家经典,114.22685,30.587717,汉西一路与汉西三路交叉口东南260米,住宅小区,,120302,商务住宅,住宅区,住宅小区
汉西社区,114.223721,30.587917,汉西一路28-4号附近,住宅小区,,120302,商务住宅,住宅区,住宅小区
桥梁小区,114.230111,30.587321,汉西北路31号(双墩地铁站E口步行220米),住宅小区,,120302,商务住宅,住宅区,住宅小区
保利·香槟国际(汉西一路),114.222613,30.589048,汉西一路49号,住宅小区,,120302,商务住宅,住宅区,住宅小区
中民·仁寿里,114.235952,30.581615,汉西路68号,住宅小区,,120302,商务住宅,住宅区,住宅小区
洺悦府2期,114.221475,30.589275,古田五路与汉西三路交叉口西南200米,住宅小区,,120302,商务住宅,住宅区,住宅小区
保利香槟国际B区,114.222875,30.590025,汉西三路与古田五路交叉口南80米,住宅小区,,120302,商务住宅,住宅区,住宅小区
3604小区2期,114.23681,30.578542,汉西路与海辰路交叉口东南120米,住宅小区,,120302,商务住宅,住宅区,住宅小区
双墩社区,114.230015,30.589702,汉西路与上双墩路交叉口南200米,住宅小区,,120302,商务住宅,住宅区,住宅小区
双墩小区-西区,114.230122,30.589746,汉西路与上双墩路交叉口南200米,住宅小区,,120302,商务住宅,住宅区,住宅小区
汉西一村,114.229202,30.590223,汉西北路(双墩地铁站E口步行420米),住宅小区,,120302,商务住宅,住宅区,住宅小区
汉墩社区,114.230081,30.589975,汉西路与上双墩路交叉口南180米,住宅小区,,120302,商务住宅,住宅区,住宅小区
综合楼小区,114.230045,30.590115,汉西路与上双墩路交叉口南160米,住宅小区,,120302,商务住宅,住宅区,住宅小区
鑫海花园,114.23778,30.580923,汉西巷68号,住宅小区,,120302,商务住宅,住宅区,住宅小区
武汉城建·梦湖云著,114.232699,30.58885,建设大道102号(双墩地铁站E口步行400米),住宅小区,,120302,商务住宅,住宅区,住宅小区
弘西花园,114.237997,30.580141,汉西巷15号,住宅小区,,120302,商务住宅,住宅区,住宅小区
荣冠花园,114.229182,30.590686,汉西北路67号(双墩地铁站E口步行480米),住宅小区,,120302,商务住宅,住宅区,住宅小区
汉水桥社区,114.238213,30.579679,汉水四村,住宅小区,,120302,商务住宅,住宅区,住宅小区
旧小区,114.238336,30.579702,汉西巷与汉西路交叉口东220米,住宅小区,,120302,商务住宅,住宅区,住宅小区
双墩社区铁路小区,114.228278,30.591807,汉西路121号,住宅小区,,120302,商务住宅,住宅区,住宅小区
兴华尚都国际,114.23188,30.590837,汉西北路36号(双墩地铁站E口步行380米),住宅小区,,120302,商务住宅,住宅区,住宅小区
兴华尚都国际2期,114.231912,30.591008,汉西村,住宅小区,,120302,商务住宅,住宅区,住宅小区
华鼎·尚都国际,114.22896,30.592078,汉西路,住宅小区,,120302,商务住宅,住宅区,住宅小区
华鼎尚都国际-北区,114.229025,30.592075,汉西路与梦泽湖西路交叉口西80米,住宅小区,,120302,商务住宅,住宅区,住宅小区
金蝶世家陶瓷,114.224806,30.59276,桥口区华中建材市场仓库北区7栋号,住宅小区,,120302,商务住宅,住宅区,住宅小区
三库西区,114.225025,30.593025,汉西三路与古四小路交叉口东320米,住宅小区,,120302,商务住宅,住宅区,住宅小区
四库东区,114.226175,30.593375,汉西路与梦泽湖西路交叉口西360米,住宅小区,,120302,商务住宅,住宅区,住宅小区
CBD楚世家,114.239318,30.586237,梦泽湖四路与建设大道交叉口西北240米,住宅小区,,120302,商务住宅,住宅区,住宅小区
广空房管处家属区,114.242631,30.586266,建设大道与梦泽湖四路交叉口东北260米,住宅小区,,120302,商务住宅,住宅区,住宅小区
绿城湖畔云庐,114.241839,30.587529,梦泽湖路100号,住宅小区,,120302,商务住宅,住宅区,住宅小区
广空后勤家属院,114.243675,30.587225,梦泽湖路与梦泽湖四路交叉口东南320米,住宅小区,,120302,商务住宅,住宅区,住宅小区
营房四村菜场,114.249525,30.580575,营房路85号,住宅小区,,060705|120302,购物服务,专营店,
爱国社区,114.248966,30.583007,建设大道与营房路交叉口东南100米,住宅小区,,120302,商务住宅,住宅区,住宅小区
空装居乐苑,114.239271,30.588271,建设大道双墩路,住宅小区,,120302,商务住宅,住宅区,住宅小区
营北社区,114.247751,30.585583,建设大道399号附38号,住宅小区,,120302,商务住宅,住宅区,住宅小区
营南社区(建设大道),114.249332,30.583509,建设大道316号,住宅小区,,120302,商务住宅,住宅区,住宅小区
建通大夏,114.249543,30.583556,建设大道,住宅小区,,120302,商务住宅,住宅区,住宅小区
武汉凌云小区,114.24471,30.588047,建设大道与兴和路交叉口西北460米,住宅小区,,120302,商务住宅,住宅区,住宅小区
营一庭院,114.250971,30.578932,,住宅小区,,120302,商务住宅,住宅区,住宅小区
世纪花园,114.249447,30.584969,建设大道433号,住宅小区,,120302,商务住宅,住宅区,住宅小区
王家墩机场社区职工楼,114.249325,30.585875,建设大道与营房路交叉口东北220米,住宅小区,,120303|120302,商务住宅,住宅区,
武监小区,114.251657,30.580733,宝丰路81号附14号,住宅小区,,120302,商务住宅,住宅区,住宅小区
汉西营院,114.23624,30.589597,下双墩55号,住宅小区,,120302,商务住宅,住宅区,住宅小区
时代天骄,114.251831,30.579267,营房路50号,住宅小区,,120302,商务住宅,住宅区,住宅小区
天星苑,114.25018,30.586075,建设大道,住宅小区,,120302,商务住宅,住宅区,住宅小区
飞行员小区,114.250925,30.585125,宝丰路高架辅路与建设大道交叉口西北180米,住宅小区,,120302,商务住宅,住宅区,住宅小区
宝丰路商业宿舍,114.252561,30.578966,宝丰一路与宝丰二路交叉口西40米,住宅小区,,120302,商务住宅,住宅区,住宅小区
解放社区,114.252754,30.579291,宝丰路高架出口西侧,住宅小区,,120302,商务住宅,住宅区,住宅小区
硚口区汉水桥街解放社区商业庭院,114.252754,30.579291,宝丰一路23号,住宅小区,,120302,商务住宅,住宅区,住宅小区
商业厅大院,114.252775,30.579275,宝丰一路与宝丰二路交叉口西北40米,住宅小区,,120302,商务住宅,住宅区,住宅小区
王家墩机场公寓,114.249608,30.587881,兴和路与建设大道交叉口东北420米,住宅小区,,120302,商务住宅,住宅区,住宅小区
宝丰人家,114.25326,30.581765,宝丰路32号,住宅小区,,120302,商务住宅,住宅区,住宅小区
德华楼(宝丰路店),114.253364,30.578662,宝丰二路9号第二栋1层,住宅小区,,120302,商务住宅,住宅区,住宅小区
际华物流小区,114.234579,30.590844,兴华尚都国际附近,住宅小区,,120302,商务住宅,住宅区,住宅小区
宝丰二路2-4号小区,114.253669,30.57891,宝丰二路与宝丰一路交叉口东60米,住宅小区,,120302,商务住宅,住宅区,住宅小区
软件学院小区,114.254157,30.581543,宝丰一路与营房侧路交叉口东160米,住宅小区,,120302,商务住宅,住宅区,住宅小区
双墩特1号院,114.233625,30.591275,下双墩路与泰山路交叉口西北120米,住宅小区,,120302,商务住宅,住宅区,住宅小区
空后小区,114.254569,30.580066,宝丰二路与宝丰一路交叉口东北180米,住宅小区,,120302,商务住宅,住宅区,住宅小区
同济宝丰小区,114.254652,30.582187,宝丰二路5号,住宅小区,,120302,商务住宅,住宅区,住宅小区
添翼苑,114.252617,30.587174,建设大道443-13号,住宅小区,,120302,商务住宅,住宅区,住宅小区
央著湖璟(建设中),114.238266,30.592992,云飞路与泛海路交叉口西120米,住宅小区,,120302,商务住宅,住宅区,住宅小区
公路社区,114.254739,30.58404,宝丰二路省公路局宿舍,住宅小区,,120302,商务住宅,住宅区,住宅小区
宝丰二路24号,114.255385,30.581435,宝丰街道宝丰二路24号附3号,住宅小区,,120302,商务住宅,住宅区,住宅小区
宝地社区,114.255708,30.58201,宝丰一路与营房侧路交叉口东320米,住宅小区,,120302,商务住宅,住宅区,住宅小区
交通小区,114.255906,30.583257,建设大道384附81附近,住宅小区,,120302,商务住宅,住宅区,住宅小区
空后社区东院,114.259927,30.578094,解放大道1093-3号附近,住宅小区,,120302,商务住宅,住宅区,住宅小区
地大小区,114.257775,30.584175,宝丰二路与航空路交叉口西南300米,住宅小区,,120302,商务住宅,住宅区,住宅小区
同济社区,114.260281,30.578175,宝丰二路5号,住宅小区,,120302,商务住宅,住宅区,住宅小区
华发公园首府1期,114.255567,30.586195,建设大道与航空路交汇处(A-1地块),住宅小区,,120302,商务住宅,住宅区,住宅小区
同济医学院社区,114.259211,30.585053,航空路13号华中科技大学同济医学院,住宅小区,,120302,商务住宅,住宅区,住宅小区
华发公园里IN PARK,114.257615,30.586258,航空路15-附62号,住宅小区,,120302,商务住宅,住宅区,住宅小区
源华家园,114.262997,30.57932,解放大道辅路与宝康路交叉口东北120米,住宅小区,,120302,商务住宅,住宅区,住宅小区
华发公园首府,114.259378,30.585837,航空路21号,住宅小区,,120302,商务住宅,住宅区,住宅小区
宝丰小区,114.262836,30.577646,宝丰巷1号(崇仁路地铁站C口步行470米),住宅小区,,120302,商务住宅,住宅区,住宅小区
煤气宿舍小区,114.262985,30.577313,宝丰街19号(崇仁路地铁站C口步行410米),住宅小区,,120302,商务住宅,住宅区,住宅小区
机场社区,114.254825,30.587444,建设大道与航空路交叉口西南140米,住宅小区,,120302,商务住宅,住宅区,住宅小区
武汉K11高区,114.263521,30.578521,,住宅小区,,120302,商务住宅,住宅区,住宅小区
省二建家属院,114.261975,30.584675,航空路与宝丰二路交叉口东南260米,住宅小区,,120302,商务住宅,住宅区,住宅小区
王家墩社区,114.254072,30.587616,建设大道531号,住宅小区,,120302,商务住宅,住宅区,住宅小区
航空工程大院,114.25974,30.586502,航空路与宝丰二路交叉口北40米,住宅小区,,120302,商务住宅,住宅区,住宅小区
七二一八小区,114.26414,30.580656,航空路立交与解放大道交叉口北140米,住宅小区,,120302,商务住宅,住宅区,住宅小区
宝丰园小区,114.263717,30.577468,宝丰街29号(崇仁路地铁站C口步行480米),住宅小区,,120302,商务住宅,住宅区,住宅小区
青年社区,114.26029,30.586606,航空小路2-4号,住宅小区,,120302,商务住宅,住宅区,住宅小区
三五零六G栋小区,114.263511,30.576707,宝丰三村3号(崇仁路地铁站D口步行480米),住宅小区,,120302,商务住宅,住宅区,住宅小区
航空社区,114.260827,30.586306,航空路86号附1号,住宅小区,,120302,商务住宅,住宅区,住宅小区
利北社区北区,114.26439,30.57982,航空路立交与解放大道交叉口北40米,住宅小区,,120302,商务住宅,住宅区,住宅小区
新兴物业一小区,114.26375,30.576913,宝丰路宝丰三村2号(崇仁路地铁站C口步行410米),住宅小区,,120302,商务住宅,住宅区,住宅小区
航空小路6号小区,114.260371,30.586881,宝丰二路与航空路交叉口东北100米,住宅小区,,120302,商务住宅,住宅区,住宅小区
祥和社区,114.26441,30.577964,宝丰街与宝乐路交叉口北80米,住宅小区,,120302,商务住宅,住宅区,住宅小区
航邮社区,114.264775,30.581025,青年路辅路与解放大道辅路交叉口西180米,住宅小区,,120302|120303,商务住宅,住宅区,住宅小区
祥和社区北区,114.264624,30.577882,宝丰街33号,住宅小区,,120302,商务住宅,住宅区,住宅小区
航空路医药公司大院,114.264625,30.582223,航空路5一3号(青年路地铁站B口步行330米),住宅小区,,120302,商务住宅,住宅区,住宅小区
武汉城建·中央云城C区,114.2645,30.583652,青年路与航空路交汇处以北,住宅小区,,120302,商务住宅,住宅区,住宅小区
祥和公寓,114.264891,30.577106,宝丰街42号,住宅小区,,120302,商务住宅,住宅区,住宅小区
宝丰三村,114.26458,30.57636,宝丰街宝丰村(崇仁路地铁站C口步行450米),住宅小区,,120302,商务住宅,住宅区,住宅小区
华发硚口航空路地大二期052号地块(建设中),114.257232,30.584242,硚口区航空路15号地大二期,住宅小区,,120302,商务住宅,住宅区,住宅小区
电业新村,114.26359,30.585457,青年路地铁站,住宅小区,,120302,商务住宅,住宅区,住宅小区
瑞丰阁,114.264975,30.576575,宝乐路与宝丰街交叉口东南100米,住宅小区,,120302,商务住宅,住宅区,住宅小区
建筑村小区,114.261686,30.587386,万松园横路与航空小路交叉口东南120米,住宅小区,,120302,商务住宅,住宅区,住宅小区
爱特城,114.264199,30.585253,万松街办事处青年路地铁口AB出口,住宅小区,,120302,商务住宅,住宅区,住宅小区
汇豪邸,114.266161,30.578128,利济北路163号,住宅小区,,120302,商务住宅,住宅区,住宅小区
利北一村,114.266609,30.579195,利济北路辅路与解放大道辅路交叉口南80米,住宅小区,,120302,商务住宅,住宅区,住宅小区
武汉城建·中央云城A区,114.263269,30.587272,青年路与航空路交汇处以北,住宅小区,,120302,商务住宅,住宅区,住宅小区
长投云玺,114.257907,30.589907,建设大道辅路与航空路交叉口东北260米,住宅小区,,120302,商务住宅,住宅区,住宅小区
武汉城建·中央云城D地块,114.266096,30.583936,青年路与航空路交汇处以北,住宅小区,,120302,商务住宅,住宅区,住宅小区
速丰公寓,114.262346,30.588339,万松横路18号(青年路地铁站A口步行400米),住宅小区,,120302,商务住宅,住宅区,住宅小区
武汉市江汉区万松街阳光家园,114.262361,30.588335,青年路45号(青年路地铁站A口步行400米),住宅小区,,120302,商务住宅,住宅区,住宅小区
利北社区,114.266767,30.576861,解放大道1123号(利济北路地铁站D口步行330米),住宅小区,,120302,商务住宅,住宅区,住宅小区
承宁府,114.266768,30.576855,利济北路与京汉大道交汇处,住宅小区,,120302,商务住宅,住宅区,住宅小区
长源家园,114.262733,30.588326,青年路155号(青年路地铁站A口步行380米),住宅小区,,120302,商务住宅,住宅区,住宅小区
华玻小区,114.261926,30.588863,航空小路28号,住宅小区,,120302,商务住宅,住宅区,住宅小区
中信·武汉三镇中心,114.267251,30.582217,解放大道与青年路交汇处,住宅小区,,120302,商务住宅,住宅区,住宅小区
长源大厦,114.263107,30.588557,青年路155号(青年路地铁站A口步行350米),住宅小区,,120302,商务住宅,住宅区,住宅小区
云都滨湖家园,114.256075,30.591025,建设大道591号,住宅小区,,120302,商务住宅,住宅区,住宅小区
电力社区,114.260463,30.590105,航空小路27号(王家墩东地铁站B口步行420米),住宅小区,,120302,商务住宅,住宅区,住宅小区
地质大院,114.268,30.579764,解放大道684号(中山公园地铁站A口步行380米),住宅小区,,120302,商务住宅,住宅区,住宅小区
嘉鑫大厦,114.263063,30.588798,青年路153号(青年路地铁站A口步行440米),住宅小区,,120302,商务住宅,住宅区,住宅小区
中央华府,114.258759,30.590743,建设大道434-438号,住宅小区,,120302,商务住宅,住宅区,住宅小区
武汉城建·中央云城E区,114.266009,30.586011,青年路与航空路交汇处以北,住宅小区,,120302,商务住宅,住宅区,住宅小区
万松园特一号,114.268025,30.581025,解放大道辅路与万松园路交叉口西100米,住宅小区,,120302,商务住宅,住宅区,住宅小区
电业村小区,114.263169,30.588862,青年路新一佳超市旁电业小区,住宅小区,,120302,商务住宅,住宅区,住宅小区
太和里A座,114.262343,30.589565,青年路辅路与云松路交叉口西120米,住宅小区,,120302|120200,商务住宅,住宅区,住宅小区
邮电小区,114.260889,30.590609,航空小路39号(王家墩东地铁站B口步行390米),住宅小区,,120302,商务住宅,住宅区,住宅小区
万景花园,114.267122,30.585434,万松园路119号,住宅小区,,120302,商务住宅,住宅区,住宅小区
武汉城建·中央云城B区,114.265212,30.587837,青年路与航空路交汇处以北,住宅小区,,120302,商务住宅,住宅区,住宅小区
江汉区万松街航空社区,114.259789,30.591086,建设大道468-518号,住宅小区,,120302,商务住宅,住宅区,住宅小区
利济北路244号院,114.268533,30.57788,利济北路244附2号附近,住宅小区,,120302,商务住宅,住宅区,住宅小区
楚天星座,114.26416,30.589015,汉口青年路258号(青年路地铁站D口步行350米),住宅小区,,120302,商务住宅,住宅区,住宅小区
仁义小区,114.259576,30.591434,建设大道460-468号,住宅小区,,120302,商务住宅,住宅区,住宅小区
武汉城建·中央云城,114.265482,30.588143,青年路与航空路交汇处以北,住宅小区,,120302,商务住宅,住宅区,住宅小区
妙墩小区,114.260874,30.591226,航空小路51号(王家墩东地铁站B口步行120米),住宅小区,,120302,商务住宅,住宅区,住宅小区
湖北省地质局万松街地质社区,114.269159,30.57793,解放大道684号附77号,住宅小区,,120302,商务住宅,住宅区,住宅小区
武商A1区,114.270175,30.580175,武商路与解放大道辅路交叉口东南120米,住宅小区,,120302,商务住宅,住宅区,住宅小区
新世国际,114.270138,30.581986,解放大道辅路与万松园路交叉口东北160米,住宅小区,,120302,商务住宅,住宅区,住宅小区
广播大院,114.270404,30.582076,解放大道1223号(中山公园地铁站E口步行150米),住宅小区,,120302,商务住宅,住宅区,住宅小区
鄂广大院,114.271025,30.582875,解放大道辅路与武展西路交叉口西北160米,住宅小区,,120302,商务住宅,住宅区,住宅小区
恒享里,114.272775,30.577575,京汉大道与武展西路交叉口南100米,住宅小区,,120302,商务住宅,住宅区,住宅小区
梅花园,114.273129,30.583098,解放大道辅路与武展东路交叉口西北120米,住宅小区,,120302,商务住宅,住宅区,住宅小区
恒隆广场-东中庭,114.27484,30.578664,恒隆广场东区(友谊路地铁站A口步行410米),住宅小区,,120201|120302,商务住宅,楼宇,商务写字楼
双左小区,114.275046,30.580588,武展东路与京汉大道交叉口西北100米,住宅小区,,120302,商务住宅,住宅区,住宅小区
市教委万松小区,114.26907,30.584808,万松园路92号,住宅小区,,120302,商务住宅,住宅区,住宅小区
新育社区,114.275249,30.582139,武展东路58号(中山公园地铁站B2口步行250米),住宅小区,,120302,商务住宅,住宅区,住宅小区
新育社区出版社小区,114.27574,30.58113,双洞正街新育社区23号,住宅小区,,120302,商务住宅,住宅区,住宅小区
民意街仁厚社区冶金大楼,114.276197,30.5793,天意四路98号(友谊路地铁站A口步行320米),住宅小区,,120302,商务住宅,住宅区,住宅小区
川街熙巷(西园购物中心店),114.268394,30.585386,万松园路100号西园商业街A座1层1-21,住宅小区,,120302,商务住宅,住宅区,住宅小区
西园F区,114.268975,30.585675,公园中路与万松园路交叉口东140米,住宅小区,,120302,商务住宅,住宅区,住宅小区
西园A区,114.268975,30.585675,公园中路与万松园路交叉口东140米,住宅小区,,120302,商务住宅,住宅区,住宅小区
民意街仁厚社区,114.276677,30.579065,仁祥里10(友谊路地铁站A口步行320米),住宅小区,,120302,商务住宅,住宅区,住宅小区
移动大楼小区,114.27716,30.579751,民意街道京汉大道504号,住宅小区,,120302,商务住宅,住宅区,住宅小区
怡和星汉里,114.276925,30.581775,双洞正街与解放大道辅路交叉口南140米,住宅小区,,120302,商务住宅,住宅区,住宅小区
南巷社区,114.276498,30.576994,顺道街168号,住宅小区,,120302,商务住宅,住宅区,住宅小区
藕池巷小区,114.277182,30.577623,民意四路与自治街交叉口东60米,住宅小区,,120302,商务住宅,住宅区,住宅小区
万松园党校函授家属院,114.268125,30.586475,公园中路与万松园路交叉口东北60米,住宅小区,,120302,商务住宅,住宅区,住宅小区
新华街协和社区,114.274848,30.585273,解放大道1277号(中山公园地铁站J口步行350米),住宅小区,,120302,商务住宅,住宅区,住宅小区
友谊社区北区,114.277322,30.577584,民意三路35号(友谊路地铁站A口步行380米),住宅小区,,120302,商务住宅,住宅区,住宅小区
百穂养老省运社区,114.274272,30.585756,新华路15号附3号,住宅小区,,120302,商务住宅,住宅区,住宅小区
逸安公寓,114.277984,30.58133,双洞正街12号(友谊路地铁站B口旁),住宅小区,,120302,商务住宅,住宅区,住宅小区
新华街邮三社区,114.277718,30.582255,双洞正街58号(中山公园地铁站H口步行180米),住宅小区,,120302,商务住宅,住宅区,住宅小区
自治街18号小区,114.277907,30.578227,民意三路与自治街交叉口东20米,住宅小区,,120302,商务住宅,住宅区,住宅小区
财政小区,114.278225,30.581125,京汉大道与双洞正街交叉口东北80米,住宅小区,,120302,商务住宅,住宅区,住宅小区
邮政小区,114.278081,30.581818,双洞正街38附3(友谊路地铁站B口步行140米),住宅小区,,120302,商务住宅,住宅区,住宅小区
翠景阁A座,114.278354,30.581058,京汉大道661-663号江城华庭翠景阁,住宅小区,,120302,商务住宅,住宅区,住宅小区
建行宿舍小区,114.277835,30.577007,民主街与民意三路交叉口西南40米,住宅小区,,120302,商务住宅,住宅区,住宅小区
庭瑞中心,114.278635,30.580387,京汉大道与友谊路交叉口东80米,住宅小区,,120302,商务住宅,住宅区,住宅小区
万松还建楼,114.267836,30.587267,万松园路,住宅小区,,120302,商务住宅,住宅区,住宅小区
电信小区,114.278296,30.58257,解放大道796-798号,住宅小区,,120302,商务住宅,住宅区,住宅小区
湖北邮电小区,114.278416,30.583202,解放大道796-798号,住宅小区,,120302,商务住宅,住宅区,住宅小区
江城华庭,114.279039,30.581603,京汉大道661-663号,住宅小区,,120302,商务住宅,住宅区,住宅小区
湖北邮电新华街邮二社区,114.278625,30.582975,解放大道辅路与单洞三路交叉口西南100米,住宅小区,,120302,商务住宅,住宅区,住宅小区
恒隆府(建设中),114.272108,30.577069,京汉大道600号(利济北路地铁站B1口步行260米),住宅小区,,120302,商务住宅,住宅区,住宅小区
焕英里,114.279527,30.579445,自治街(友谊路地铁站A口步行320米),住宅小区,,120302,商务住宅,住宅区,住宅小区
市一医院小区,114.270447,30.571782,利济北路市一医院(汉正街地铁站D口步行440米),住宅小区,,120302,商务住宅,住宅区,住宅小区
越秀·国际金融汇5期,114.277305,30.585315,解放大道1337号(中山公园地铁站G口步行210米),住宅小区,,120201|120302,商务住宅,楼宇,商务写字楼
越秀·国际金融汇3期,114.277053,30.585613,精武路与精武三路交叉口南140米,住宅小区,,120302,商务住宅,住宅区,住宅小区
崇安鑫城,114.279719,30.578518,友谊路126号(友谊路地铁站A口步行300米),住宅小区,,120302,商务住宅,住宅区,住宅小区
兴华楼,114.267348,30.588414,万松园路与万松园横路交叉口东南100米,住宅小区,,120302,商务住宅,住宅区,住宅小区
永丰小区,114.280179,30.57972,自治街101号(友谊路地铁站A口步行300米),住宅小区,,120302,商务住宅,住宅区,住宅小区
中奇万松欧式花园,114.26638,30.588207,万松园路近明渠路18号,住宅小区,,120302,商务住宅,住宅区,住宅小区
万松园路18号,114.267175,30.588575,万松园路与万松园横路交叉口东南80米,住宅小区,,120302,商务住宅,住宅区,住宅小区
省石油宿舍小区,114.278977,30.584849,精武路37号,住宅小区,,120302,商务住宅,住宅区,住宅小区
省运社区,114.274525,30.588251,新华路,住宅小区,,120302,商务住宅,住宅区,住宅小区
万松广场,114.266477,30.588808,万松园横路1号,住宅小区,,120302,商务住宅,住宅区,住宅小区
万科金色家园2期,114.280904,30.581366,京汉大道742号,住宅小区,,120302,商务住宅,住宅区,住宅小区
单洞新村小区,114.280525,30.582875,单洞三路与京汉大道交叉口北140米,住宅小区,,120302,商务住宅,住宅区,住宅小区
多闻社区北区,114.28105,30.579193,自治街与前进一路交叉口南80米,住宅小区,,120302,商务住宅,住宅区,住宅小区
万科金色家园1期,114.280793,30.582236,京汉大道701号(友谊路地铁站B口步行310米),住宅小区,,120302,商务住宅,住宅区,住宅小区
福星城市花园写字楼,114.275225,30.588475,新华路与精武横路交叉口北60米,住宅小区,,120302|120200,商务住宅,住宅区,住宅小区
多闻社区,114.281003,30.578197,民主街与民意一路交叉口东40米,住宅小区,,120302,商务住宅,住宅区,住宅小区
民意里,114.281218,30.578792,民主街与前进一路交叉口西80米,住宅小区,,120302,商务住宅,住宅区,住宅小区
越秀·国际金融汇二期,114.276904,30.587719,精武中路与西马后路交叉口西80米,住宅小区,,120302,商务住宅,住宅区,住宅小区
多闻社区东区,114.281292,30.578352,民意一路120号(六渡桥地铁站D口步行460米),住宅小区,,120302,商务住宅,住宅区,住宅小区
越秀·国际金融汇四期,114.278402,30.58682,精武中路与精武三路交叉口南120米,住宅小区,,120302,商务住宅,住宅区,住宅小区
单洞社区烟草小区,114.281078,30.582809,京汉大道与单洞三路交叉口东北160米,住宅小区,,120302,商务住宅,住宅区,住宅小区
万科金色家园,114.281367,30.581846,京汉大道701号(友谊路地铁站B口步行490米),住宅小区,,120302,商务住宅,住宅区,住宅小区
银松院,114.268394,30.590041,银松路34号,住宅小区,,120302,商务住宅,住宅区,住宅小区
越秀·国际金融汇,114.27814,30.587361,精武路9号,住宅小区,,120302,商务住宅,住宅区,住宅小区
前进一路小区,114.281792,30.578899,民主街与前进一路交叉口西20米,住宅小区,,120302,商务住宅,住宅区,住宅小区
和成天下,114.268225,30.590275,银松路与万松园路交叉口东160米,住宅小区,,120302,商务住宅,住宅区,住宅小区
江汉区教育局教师公寓,114.271447,30.590374,银松路101-107号,住宅小区,,120302,商务住宅,住宅区,住宅小区
武广农林局宿舍,114.271691,30.590375,银松路与红松巷交叉口南60米,住宅小区,,120302,商务住宅,住宅区,住宅小区
福星·城市花园,114.275931,30.589192,新华路186号,住宅小区,,120302,商务住宅,住宅区,住宅小区
武汉城建绍兴里1期,114.282125,30.578575,自治街与前进一路交叉口,住宅小区,,120302,商务住宅,住宅区,住宅小区
前进社区,114.285515,30.580597,自治街与前进四路交叉口东南100米,住宅小区,,120302,商务住宅,住宅区,住宅小区
集宝里,114.28625,30.580012,前进四路与民主一街交叉口北60米,住宅小区,,120302,商务住宅,住宅区,住宅小区
任冬社区,114.283704,30.580116,前进二路任冬社区,住宅小区,,120302,商务住宅,住宅区,住宅小区
任冬·天下,114.283296,30.580297,前进二路任冬天下公寓,住宅小区,,120302,商务住宅,住宅区,住宅小区
御庭园,114.283793,30.581132,燕马新村185号附1号,住宅小区,,120302,商务住宅,住宅区,住宅小区
金涛大厦,114.284442,30.581582,前进四路92号,住宅小区,,120302,商务住宅,住宅区,住宅小区
都汇轩,114.286922,30.57934,前进四路与民主一街交叉口东40米,住宅小区,,120302,商务住宅,住宅区,住宅小区
前进坊,114.28628,30.581537,水塔街办事处前进5路(循礼门地铁站C口步行480米),住宅小区,,120302,商务住宅,住宅区,住宅小区
西福巷,114.287071,30.580746,前进五路与江汉三路交叉口南60米,住宅小区,,120302,商务住宅,住宅区,住宅小区
东民社区,114.285165,30.581984,前进四路(循礼门地铁站C口步行490米),住宅小区,,120302,商务住宅,住宅区,住宅小区
武汉城建·绍兴里1921小区,114.282766,30.579155,前进一路与民主街交叉口东80米,住宅小区,,120302,商务住宅,住宅区,住宅小区
东民里,114.284508,30.582095,水塔街办事处(循礼门地铁站C口步行400米),住宅小区,,120302,商务住宅,住宅区,住宅小区
后勤大院小区,114.287463,30.579568,前进四路72号(江汉路地铁站G口步行470米),住宅小区,,120302,商务住宅,住宅区,住宅小区
三民小区(前进五路),114.285328,30.582283,江岸步行街科技王电脑城边19中对面胖锅轩楼上,住宅小区,,120302,商务住宅,住宅区,住宅小区
长康里,114.286684,30.581848,前进五路(循礼门地铁站C口步行470米),住宅小区,,120302,商务住宅,住宅区,住宅小区
燕马社区,114.282301,30.580958,自治街亚洲心脏病医院附近(万科金色家园旁),住宅小区,,120302,商务住宅,住宅区,住宅小区
立志巷,114.28764,30.58122,江汉二路19号湖山音响附近,住宅小区,,120302,商务住宅,住宅区,住宅小区
盛世家成,114.285325,30.582625,前进五路与自治街交叉口西北100米,住宅小区,,120302,商务住宅,住宅区,住宅小区
花样年华,114.283195,30.582166,江汉京汉大道与前进四路交汇处(京汉大道亚心医院对面),住宅小区,,120302,商务住宅,住宅区,住宅小区
汉口科技王公寓,114.2862,30.58249,江汉四路1号(循礼门地铁站C口步行420米),住宅小区,,120302|060306|120201|120203,商务住宅,住宅区,住宅小区
永康社区,114.288156,30.579262,三新横街39号(江汉路地铁站G口步行250米),住宅小区,,120302,商务住宅,住宅区,住宅小区
耕辛里小区,114.288352,30.57978,前进五路67号-602(江汉路地铁站G口步行220米),住宅小区,,120302,商务住宅,住宅区,住宅小区
华顺公寓,114.287,30.582429,水塔街办事处江汉路步行街江汉四路,住宅小区,,120302,商务住宅,住宅区,住宅小区
万科金色家园3期,114.28246,30.582069,京汉大道701号,住宅小区,,120302,商务住宅,住宅区,住宅小区
长健里小区,114.287485,30.582223,江汉三路15号(循礼门地铁站C口步行470米),住宅小区,,120302,商务住宅,住宅区,住宅小区
水塔街长健社区,114.28768,30.582523,江汉三路与江汉路步行街交叉口西120米,住宅小区,,120302,商务住宅,住宅区,住宅小区
单洞社区名仕阁公寓,114.283677,30.583377,京汉大道747号(前进四路轻轨旁),住宅小区,,120302,商务住宅,住宅区,住宅小区
紫晶城,114.289033,30.580854,江汉一路19号(江汉路地铁站E口步行370米),住宅小区,,120203|120302,商务住宅,楼宇,
永康里,114.28863,30.578213,三新横街(江汉路地铁站G口步行170米),住宅小区,,120302,商务住宅,住宅区,住宅小区
海底十万里,114.286342,30.583448,M加购物中心二楼LAGOGO隔壁,住宅小区,,120302,商务住宅,住宅区,住宅小区
都会轩,114.286292,30.583564,江汉路与京汉大道交汇处(循礼门地铁站C口步行380米),住宅小区,,120302,商务住宅,住宅区,住宅小区
联保里,114.289417,30.580315,前进5路4号(江汉路地铁站E口步行290米),住宅小区,,120302,商务住宅,住宅区,住宅小区
新华街省社社区,114.288632,30.582191,江汉三路与江汉路步行街交叉口南80米,住宅小区,,120302,商务住宅,住宅区,住宅小区
华中社区,114.288633,30.582191,江汉二路49号(循礼门地铁站C口步行410米),住宅小区,,120302,商务住宅,住宅区,住宅小区
锦绣花样年华,114.287581,30.583189,江汉四路26-28号(循礼门地铁站C口步行200米),住宅小区,,120302|071400,商务住宅,住宅区,住宅小区
江三小区,114.287845,30.583068,江汉四路与江汉路步行街交叉口南60米,住宅小区,,120302,商务住宅,住宅区,住宅小区
楠公馆,114.288125,30.583175,江汉四路与江汉路交叉口东南60米,住宅小区,,120302,商务住宅,住宅区,住宅小区
单洞后路4号,114.2827,30.583918,新华街道解放大道870号,住宅小区,,120302,商务住宅,住宅区,住宅小区
消防小区,114.290135,30.579838,中山大道与交通路交叉口西100米,住宅小区,,120302,商务住宅,住宅区,住宅小区
横桥村小区,114.283975,30.584475,京汉大道与前进五路交叉口北120米,住宅小区,,120302,商务住宅,住宅区,住宅小区
森谷小城,114.287678,30.584017,江汉路168号,住宅小区,,120302,商务住宅,住宅区,住宅小区
福新里,114.288409,30.583748,铭新街(循礼门地铁站H口步行240米),住宅小区,,120302,商务住宅,住宅区,住宅小区
长盛公寓,114.289185,30.583123,吉庆街2号(循礼门地铁站H口步行350米),住宅小区,,120302,商务住宅,住宅区,住宅小区
水塔里,114.290573,30.579916,中山大道与交通路交叉口西60米(江汉路地铁站F口旁),住宅小区,,120302,商务住宅,住宅区,住宅小区
联保社区,114.290622,30.580629,江汉路107号(江汉路地铁站G口步行80米),住宅小区,,120302,商务住宅,住宅区,住宅小区
新华小区,114.287963,30.584197,泰宁街14附2(循礼门地铁站H口步行180米),住宅小区,,120302,商务住宅,住宅区,住宅小区
泰宁里小区,114.287318,30.584607,南京路(循礼门地铁站H口步行140米),住宅小区,,120302,商务住宅,住宅区,住宅小区
慈德里小区,114.289012,30.58368,大智街办事处大智街保成社区,住宅小区,,120302,商务住宅,住宅区,住宅小区
江汉路站还建楼,114.290859,30.579352,中山大道与交通路交叉口西南80米(江汉路地铁站J口旁),住宅小区,,120302,商务住宅,住宅区,住宅小区
保和小区南区,114.289777,30.583051,江汉二路与保成路交叉口西60米,住宅小区,,120302,商务住宅,住宅区,住宅小区
保和小区,114.289802,30.583127,江汉二路127号(循礼门地铁站H口步行420米),住宅小区,,120302,商务住宅,住宅区,住宅小区
永康社区公安小区,114.290947,30.581053,江汉路步行街与江汉一路交叉口东南80米,住宅小区,,120302,商务住宅,住宅区,住宅小区
中山大道549-559号,114.29113,30.580351,中山大道与交通路交叉口北40米(江汉路地铁站E口旁),住宅小区,,120302,商务住宅,住宅区,住宅小区
八号楼小区,114.288134,30.584599,泰宁街(循礼门地铁站H口步行140米),住宅小区,,120302,商务住宅,住宅区,住宅小区
兴业里,114.291236,30.579997,中山大道与交通路交叉口北20米(江汉路地铁站E口旁),住宅小区,,120302,商务住宅,住宅区,住宅小区
木兰公寓,114.291225,30.578775,中山大道与前进五路交叉口东80米,住宅小区,,120302|100200,商务住宅,住宅区,住宅小区
泰宁社区南区,114.287773,30.585056,保成路122号(循礼门地铁站H口步行50米),住宅小区,,120302,商务住宅,住宅区,住宅小区
泰宁社区,114.287732,30.585096,保成路与京汉街交叉口东南40米(循礼门地铁站H口旁),住宅小区,,120302,商务住宅,住宅区,住宅小区
君子兰A,114.291475,30.581275,江汉路步行街与中山大道交叉口北60米,住宅小区,,120302,商务住宅,住宅区,住宅小区
鄂储居民小区,114.290388,30.583356,江汉二路127号(循礼门地铁站H口步行380米),住宅小区,,120302,商务住宅,住宅区,住宅小区
宁波社区,114.291176,30.582143,江汉一路与保成路交叉口南40米,住宅小区,,120302,商务住宅,住宅区,住宅小区
鼎新里,114.289756,30.584076,保成路(循礼门地铁站H口步行300米),住宅小区,,120302,商务住宅,住宅区,住宅小区
宁波社区南区,114.291466,30.581605,水塔街办事处江岸区江岸区中心百货江汉路旁,住宅小区,,120302,商务住宅,住宅区,住宅小区
京汉大道商住楼,114.287425,30.585475,保成路与京汉街交叉口西20米(循礼门地铁站H口旁),住宅小区,,120201|120302,商务住宅,楼宇,商务写字楼
保成社区-北区,114.290225,30.583775,南京路与吉庆街交叉口东南40米,住宅小区,,120302,商务住宅,住宅区,住宅小区
保和小区北区,114.290245,30.583765,南京路(循礼门地铁站H口步行330米),住宅小区,,120302,商务住宅,住宅区,住宅小区
金业里小区,114.289565,30.584497,南京路与吉庆街交汇处西100米,住宅小区,,120302,商务住宅,住宅区,住宅小区
南国中心一期,114.281199,30.585111,解放大道美联假日酒店对面,住宅小区,,120302,商务住宅,住宅区,住宅小区
德安总理小区,114.288896,30.585063,铭新街与保成路交叉口北60米,住宅小区,,120302,商务住宅,住宅区,住宅小区
保安里小区,114.290475,30.583925,南京路与吉庆街交叉口东南60米,住宅小区,,120302,商务住宅,住宅区,住宅小区
先锋社区北区,114.291264,30.583165,保成路与江汉一路交叉口北80米,住宅小区,,120302,商务住宅,住宅区,住宅小区
万达悦荟,114.291925,30.578025,花楼街与交通路交叉口西南120米,住宅小区,,120302,商务住宅,住宅区,住宅小区
泰宁社区北区,114.288013,30.58584,大智街(循礼门地铁站H口旁),住宅小区,,120302,商务住宅,住宅区,住宅小区
规划小区,114.288708,30.585616,泰宁街(循礼门地铁站H口步行180米),住宅小区,,120302,商务住宅,住宅区,住宅小区
万尧芳公馆,114.289248,30.585345,铭新街19号(循礼门地铁站H口步行230米),住宅小区,,120302,商务住宅,住宅区,住宅小区
先锋社区西区,114.291951,30.582551,保成路与江汉一路交叉口东60米,住宅小区,,120302,商务住宅,住宅区,住宅小区
南福佳苑,114.288449,30.585809,南京路119号(循礼门地铁站H口步行130米),住宅小区,,120302,商务住宅,住宅区,住宅小区
江城百臻,114.285925,30.586625,解放大道1008号安静社区红艳村,住宅小区,,020000|120302,商务住宅,住宅区,住宅小区
义成东里,114.292133,30.582621,江汉一路与南京路交叉口南60米,住宅小区,,120302,商务住宅,住宅区,住宅小区
慎源里,114.292402,30.582408,保成路4号(江汉路地铁站E口步行230米),住宅小区,,120302,商务住宅,住宅区,住宅小区
退思里小区,114.290457,30.584975,易居房友(鑫成俊杰店)鑫成俊杰,住宅小区,,120302,商务住宅,住宅区,住宅小区
循礼社区,114.280624,30.585715,循礼村,住宅小区,,120302,商务住宅,住宅区,住宅小区
鑫成大厦,114.289151,30.585869,南京路180号(循礼门地铁站H口步行190米),住宅小区,,120302,商务住宅,住宅区,住宅小区
裕润里,114.289995,30.585404,铭新街16号(循礼门地铁站H口步行310米),住宅小区,,120302,商务住宅,住宅区,住宅小区
安静社区红艳村,114.286513,30.586906,解放大道1008号(循礼门地铁站E口步行170米),住宅小区,,120302,商务住宅,住宅区,住宅小区
泰安里,114.291811,30.583921,汇通路3号(江汉路地铁站E口步行460米),住宅小区,,120302,商务住宅,住宅区,住宅小区
泛悦南国中心,114.281851,30.586518,精武中路与精武一路交叉口东100米,住宅小区,,120302,商务住宅,住宅区,住宅小区
南国中心二期,114.281817,30.586555,循礼门地铁站A口步行440米,住宅小区,,120302,商务住宅,住宅区,住宅小区
福忠里,114.29125,30.584641,吉庆街94号(循礼门地铁站H口步行420米),住宅小区,,120302,商务住宅,住宅区,住宅小区
溪口公管,114.283879,30.587072,渣家路与江汉北路交叉口北40米,住宅小区,,120302,商务住宅,住宅区,住宅小区
西马街光荣坊社区,114.284796,30.587162,江汉北路8号(循礼门地铁站E口步行180米),住宅小区,,120302,商务住宅,住宅区,住宅小区
延昌里,114.2933,30.580912,南京路(江汉路地铁站D口步行310米),住宅小区,,120302,商务住宅,住宅区,住宅小区
宝利金中央荣御,114.292909,30.577516,花楼街198号(江汉路地铁站出入口步行220米),住宅小区,,120302,商务住宅,住宅区,住宅小区
胜利街5号小区,114.293432,30.580437,胜利街5号(江汉路地铁站D口步行170米),住宅小区,,120302,商务住宅,住宅区,住宅小区
还建住宅综合楼,114.292766,30.582877,中山大道与南京路交叉口西南20米,住宅小区,,120302,商务住宅,住宅区,住宅小区
钦一里,114.293086,30.582132,中山大道扬子街(江汉路地铁站A口步行300米),住宅小区,,120302,商务住宅,住宅区,住宅小区
上海邨,114.293471,30.579598,江汉路58号(江汉路地铁站C口步行60米),住宅小区,,120302,商务住宅,住宅区,住宅小区
汇通社区,114.289094,30.586403,南京路186号(循礼门地铁站H口步行330米),住宅小区,,120302,商务住宅,住宅区,住宅小区
德润社区二德里安全小区,114.290862,30.585298,吉庆街47号(循礼门地铁站H口步行470米),住宅小区,,120302,商务住宅,住宅区,住宅小区
新德里,114.293155,30.582074,,住宅小区,,120302,商务住宅,住宅区,住宅小区
保元里,114.292351,30.583715,"泰安里9号(南京路上,保元里景区沿街)",住宅小区,,120302,商务住宅,住宅区,住宅小区
榆荫里,114.290474,30.585703,汇通路与保成路交叉口南40米,住宅小区,,120302,商务住宅,住宅区,住宅小区
鼎余里,114.29359,30.581361,胜利街(江汉路地铁站D口步行280米),住宅小区,,120302,商务住宅,住宅区,住宅小区
吉庆街小区,114.291431,30.585302,汇通路与吉庆街交叉口东20米,住宅小区,,120302,商务住宅,住宅区,住宅小区
中孚里,114.293489,30.582349,南京路45号(江汉路地铁站A口步行440米),住宅小区,,120302,商务住宅,住宅区,住宅小区
空间贵族,114.293905,30.580716,一元街办事处江汉路胜利街8号,住宅小区,,120302,商务住宅,住宅区,住宅小区
大城知音,114.287583,30.587524,京汉大道124号大城知音,住宅小区,,120302,商务住宅,住宅区,住宅小区
日和坊,114.294215,30.579162,江汉路步行街与鄱阳街交叉口北80米,住宅小区,,120302,商务住宅,住宅区,住宅小区
金茂小区,114.283701,30.588039,江汉北路8号附3号,住宅小区,,120302,商务住宅,住宅区,住宅小区
永松里,114.294036,30.582419,永松里1(江汉路地铁站D口步行450米),住宅小区,,120302,商务住宅,住宅区,住宅小区
汇通小区,114.292739,30.584743,江汉二路与崇善路交叉口南60米,住宅小区,,120302,商务住宅,住宅区,住宅小区
汉润里,114.29345,30.583773,中山大道952号南京路(江汉路地铁站A口步行480米),住宅小区,,120302,商务住宅,住宅区,住宅小区
中国电建·汉口公馆,114.290146,30.58695,黄石路与铭新街交叉口以西,住宅小区,,120302,商务住宅,住宅区,住宅小区
吉润楼,114.291683,30.585921,黄石路9号(循礼门地铁站H口步行480米),住宅小区,,120302,商务住宅,住宅区,住宅小区
崇正里,114.293949,30.582969,南京路80号(江汉路地铁站D口步行480米),住宅小区,,120302,商务住宅,住宅区,住宅小区
先锋里,114.29201,30.585766,汇通路2号,住宅小区,,120302,商务住宅,住宅区,住宅小区
金灿家园,114.285105,30.588359,渣家路126-128号(循礼门地铁站E口步行420米),住宅小区,,120302,商务住宅,住宅区,住宅小区
祥润楼,114.291654,30.586094,黄石路9号,住宅小区,,120302,商务住宅,住宅区,住宅小区
怡廉里,114.294547,30.57834,花楼街办事处QQ快餐(江汉路步行街),住宅小区,,120302,商务住宅,住宅区,住宅小区
鄱阳新里小区,114.294755,30.580216,鄱阳街与上海路交叉口西60米,住宅小区,,120302,商务住宅,住宅区,住宅小区
德润楼,114.291261,30.586526,黄石路9附4号(循礼门地铁站H口步行490米),住宅小区,,120302,商务住宅,住宅区,住宅小区
公安新村,114.299136,30.58105,青岛路与沿江大道交叉口西北100米,住宅小区,,120302,商务住宅,住宅区,住宅小区
沿江大道137号小区,114.298231,30.579072,南京路与沿江大道交叉口西100米,住宅小区,,120302,商务住宅,住宅区,住宅小区
南京路1号小区,114.297786,30.579155,南京路1号,住宅小区,,120302,商务住宅,住宅区,住宅小区
外滩洞庭首府,114.298679,30.582116,洞庭街34号,住宅小区,,120302,商务住宅,住宅区,住宅小区
同福社区,114.297612,30.581348,洞庭街37号,住宅小区,,120302,商务住宅,住宅区,住宅小区
邮政大院,114.296661,30.579536,洞庭街与上海路交叉口北60米,住宅小区,,120302,商务住宅,住宅区,住宅小区
上海路3号小区,114.297127,30.578391,上海路与洞庭街交叉口东南80米,住宅小区,,120302,商务住宅,住宅区,住宅小区
南京小区,114.296397,30.580279,鄱阳街22号(江汉路地铁站C口步行480米),住宅小区,,120302,商务住宅,住宅区,住宅小区
新华苑(南京路),114.296532,30.581396,南京路30号,住宅小区,,120302,商务住宅,住宅区,住宅小区
洞庭村,114.296768,30.581781,兰陵路9号,住宅小区,,120302,商务住宅,住宅区,住宅小区
天津院小区,114.299774,30.583345,天津路16号,住宅小区,,120302,商务住宅,住宅区,住宅小区
江润溪舍,114.29603,30.579507,上海路与洞庭街交叉口西北80米,住宅小区,,120302,商务住宅,住宅区,住宅小区
洞庭街17号大院,114.29597,30.57888,洞庭街17号(江汉路地铁站C口步行480米),住宅小区,,120302,商务住宅,住宅区,住宅小区
江汉村,114.295559,30.578753,江汉村1号(江汉路地铁站C口步行250米),住宅小区,,120302,商务住宅,住宅区,住宅小区
洞庭街3号小区,114.295725,30.578288,洞庭街3号(江汉路地铁站C口步行310米),住宅小区,,120302,商务住宅,住宅区,住宅小区
同仁里,114.295975,30.582325,鄱阳街与南京路交叉口北100米,住宅小区,,120302,商务住宅,住宅区,住宅小区
11号花园洋房民宿(江汉路汉口江滩一店),114.298233,30.583959,天津路与鄱阳街交叉口东南80米,住宅小区,,120302,商务住宅,住宅区,住宅小区
华晖熙翠,114.295725,30.582125,南京路与鄱阳街交叉口西北80米,住宅小区,,120302,商务住宅,住宅区,住宅小区
咸安坊启昌里,114.296119,30.582687,鄱阳街与青岛路交叉口西80米,住宅小区,,120302,商务住宅,住宅区,住宅小区
凯旋嘉苑,114.299713,30.58451,洞庭街52号,住宅小区,,120302,商务住宅,住宅区,住宅小区
君安还建楼,114.298975,30.584475,合作路与洞庭街交叉口西北40米,住宅小区,,120302,商务住宅,住宅区,住宅小区
德永里,114.296075,30.583125,鄱阳街与青岛路交叉口西80米,住宅小区,,120302,商务住宅,住宅区,住宅小区
钻石大厦,114.29476,30.578475,鄱阳街8号(江汉路地铁站C口步行150米),住宅小区,,120302,商务住宅,住宅区,住宅小区
7号花园,114.3004,30.584771,一元街道兰陵路纺织小区7号花园2层,住宅小区,,120302,商务住宅,住宅区,住宅小区
君安公寓,114.299231,30.584773,洞庭街61-63号,住宅小区,,120302,商务住宅,住宅区,住宅小区
洞庭社区,114.30031,30.584976,兰陵路7-9号,住宅小区,,120302,商务住宅,住宅区,住宅小区
玉龙居小区,114.299872,30.585072,洞庭街54号,住宅小区,,120302,商务住宅,住宅区,住宅小区
兰陵路2号,114.301075,30.585225,兰陵路与沿江大道交叉口西北100米,住宅小区,,120302,商务住宅,住宅区,住宅小区
豪景名苑,114.294853,30.583279,胜利街75号,住宅小区,,120302,商务住宅,住宅区,住宅小区
福宁阁,114.294617,30.582997,胜利街49号,住宅小区,,120302,商务住宅,住宅区,住宅小区
诚昌里,114.297285,30.585375,合作路,住宅小区,,120302,商务住宅,住宅区,住宅小区
智民里,114.296456,30.585367,天津路与胜利街交叉口西20米,住宅小区,,120302,商务住宅,住宅区,住宅小区
江滩印象·精致湖北菜(汉口江滩公园店),114.302828,30.585908,汉口江滩一期三号厢式防水墙廊,住宅小区,,120302|050100,商务住宅,住宅区,住宅小区
文华里小区,114.294076,30.583894,上海街(江汉路地铁站A口步行480米),住宅小区,,120302,商务住宅,住宅区,住宅小区
同兴第二小区,114.301325,30.586875,黎黄陂路与洞庭街交叉口东80米,住宅小区,,120302,商务住宅,住宅区,住宅小区
华发外滩荟A地块,114.295625,30.585925,天津路与中山大道交叉口东南60米,住宅小区,,120302,商务住宅,住宅区,住宅小区
兰陵·大公馆,114.297268,30.58681,胜利街139-177号小桃园对面,住宅小区,,120302,商务住宅,住宅区,住宅小区
黎黄陂路10号,114.300175,30.587275,黎黄陂路与珞珈山街交叉口东40米,住宅小区,,120302,商务住宅,住宅区,住宅小区
电信大院,114.296125,30.586675,合作路与中山大道交叉口东南60米,住宅小区,,120302,商务住宅,住宅区,住宅小区
洞庭里,114.301621,30.587525,洞庭街60号,住宅小区,,120302,商务住宅,住宅区,住宅小区
黄陂村小区,114.300019,30.587821,黎黄陂路黄陂村,住宅小区,,120302,商务住宅,住宅区,住宅小区
义品里,114.29627,30.587307,大智街办事处中山大道大智路,住宅小区,,120302,商务住宅,住宅区,住宅小区
中山公寓(中山大道),114.296501,30.587456,中山大道与兰陵路交叉口南60米,住宅小区,,120302,商务住宅,住宅区,住宅小区
吉庆民俗街1期1区,114.294325,30.586475,交易街与江汉二路交叉口东北20米,住宅小区,,120302,商务住宅,住宅区,住宅小区
新源公寓,114.299329,30.588186,胜利街128号,住宅小区,,120302,商务住宅,住宅区,住宅小区
华发外滩荟(建设中),114.296854,30.583079,鄱阳街与青岛路交叉口北20米,住宅小区,,120302,商务住宅,住宅区,住宅小区
武汉租界百年江景洋房,114.303006,30.587797,沿江大道167号(沿江大道与洞庭路交叉口),住宅小区,,120302,商务住宅,住宅区,住宅小区
兰陵村,114.29723,30.587896,兰陵路66号,住宅小区,,120302,商务住宅,住宅区,住宅小区
德华楼(吉庆街店),114.293082,30.585742,江汉二路177号179号吉庆民俗街二期1栋1-2层,住宅小区,,120302|050100,商务住宅,住宅区,住宅小区
江汉二路177号,114.293038,30.585742,江汉二路与黄石路交叉口东北40米,住宅小区,,120302,商务住宅,住宅区,住宅小区
黄石路小区,114.292638,30.585467,江汉二路与崇善路交叉口北20米,住宅小区,,120302,商务住宅,住宅区,住宅小区
奥凯心意,114.296075,30.587675,中山大道与兰陵路交叉口西南60米,住宅小区,,120302,商务住宅,住宅区,住宅小区
同兴里,114.300729,30.588574,胜利街148号,住宅小区,,120302,商务住宅,住宅区,住宅小区
瑞祥楼,114.299754,30.58865,胜利街140号,住宅小区,,120302,商务住宅,住宅区,住宅小区
光影花园洋房,114.298757,30.588648,黎黄陂路黄陂二里1号,住宅小区,,120302,商务住宅,住宅区,住宅小区
吉庆家园,114.294273,30.587205,大智路5号,住宅小区,,120302,商务住宅,住宅区,住宅小区
同兴第一小区,114.300068,30.588741,胜利街与黄兴路交叉口东40米,住宅小区,,120302,商务住宅,住宅区,住宅小区
合兴里小区,114.293373,30.586647,吉庆街与瑞祥路交叉口东南40米,住宅小区,,120302,商务住宅,住宅区,住宅小区
黄陂二里,114.298688,30.588711,黎黄陂路与胜利街交叉口北80米,住宅小区,,120302,商务住宅,住宅区,住宅小区
辅仁里,114.296512,30.588359,中山大道兰陵路731号,住宅小区,,120302,商务住宅,住宅区,住宅小区
大卫办公公寓,114.2983,30.588787,黎黄陂路8号黎黄陂路旅游休闲街区,住宅小区,,120201|120302,商务住宅,楼宇,商务写字楼
泰兴里,114.301009,30.58895,胜利街160号,住宅小区,,120302,商务住宅,住宅区,住宅小区
吉祥大厦,114.293439,30.587106,吉庆街165-附1号,住宅小区,,120302,商务住宅,住宅区,住宅小区
岳飞小区,114.29897,30.589038,黄兴路1号,住宅小区,,120302,商务住宅,住宅区,住宅小区
雅致社区,114.295262,30.588277,中山大道与兰陵路交叉口西120米,住宅小区,,120302,商务住宅,住宅区,住宅小区
汉成里,114.297119,30.58895,中山大道749号,住宅小区,,120302,商务住宅,住宅区,住宅小区
融兴商城,114.294065,30.587853,大智路49号,住宅小区,,120302,商务住宅,住宅区,住宅小区
黃興路肆號,114.29949,30.589363,黄兴路4号三毛五金建材店右旁巷子走到头,住宅小区,,120302,商务住宅,住宅区,住宅小区
吉庆小墅,114.293192,30.587352,吉庆街瑞祥路,住宅小区,,120302,商务住宅,住宅区,住宅小区
空中花园,114.293802,30.58783,交易街31号,住宅小区,,120302,商务住宅,住宅区,住宅小区
春天里SpringOnline,114.298438,30.589424,一元街办事处黄兴路5-7-9号,住宅小区,,120302,商务住宅,住宅区,住宅小区
沁馨苑,114.299074,30.589493,岳飞街与黄兴路交叉口东40米,住宅小区,,120302,商务住宅,住宅区,住宅小区
立兴巷小区,114.303489,30.58912,车站街办事处车站路2号,住宅小区,,120302,商务住宅,住宅区,住宅小区
洞庭街110号小区,114.302835,30.58944,洞庭街与车站路交叉口东北40米,住宅小区,,120302,商务住宅,住宅区,住宅小区
景福小区,114.293258,30.587964,大志街办事处大智路瑞祥街,住宅小区,,120302,商务住宅,住宅区,住宅小区
集家嘴社区,114.292287,30.572681,南一街B区16号,住宅小区,,120302,商务住宅,住宅区,住宅小区
华新里,114.297195,30.589718,中山大道765号(大智路地铁站B口步行470米),住宅小区,,120302,商务住宅,住宅区,住宅小区
岳飞第二小区,114.300182,30.590019,胜利街233号,住宅小区,,120302,商务住宅,住宅区,住宅小区
长越苑,114.297837,30.589858,中山大道与黄兴路交叉口南20米,住宅小区,,120302,商务住宅,住宅区,住宅小区
武汉越秀中交外滩星汇园,114.293516,30.588635,交易街与铭新街交叉口西北40米,住宅小区,,120302,商务住宅,住宅区,住宅小区
越秀中交·外滩星汇园B区,114.29449,30.589134,交易横街与交易街交叉口东南100米,住宅小区,,120302,商务住宅,住宅区,住宅小区
韩家社区,114.294152,30.589054,大智街办事处大智路韩家巷2号,住宅小区,,120302,商务住宅,住宅区,住宅小区
瑞祥路小区,114.292824,30.588321,铭新街与瑞祥路交叉口东北20米,住宅小区,,120302,商务住宅,住宅区,住宅小区
铭新巷小区,114.292242,30.587948,大智路(大智路地铁站G口步行430米),住宅小区,,120302,商务住宅,住宅区,住宅小区
十六号洋房,114.299555,30.590375,岳飞街16号,住宅小区,,120302|050000,商务住宅,住宅区,住宅小区
桃源公寓,114.30192,30.590255,洞庭街123号,住宅小区,,120302,商务住宅,住宅区,住宅小区
伟英里,114.298633,30.590354,车站路(大智路地铁站B口步行440米),住宅小区,,120302,商务住宅,住宅区,住宅小区
首安里,114.300421,30.590628,车站路岳飞街,住宅小区,,120302,商务住宅,住宅区,住宅小区
吉庆社区,114.290875,30.587325,黄石路与铭新街交叉口西北60米,住宅小区,,120302,商务住宅,住宅区,住宅小区
滨江里,114.302381,30.590549,蔡锷路与洞庭街交叉口西100米,住宅小区,,120302,商务住宅,住宅区,住宅小区
新华里,114.296434,30.590344,汇通路3号(大智路地铁站A口步行280米),住宅小区,,120302,商务住宅,住宅区,住宅小区
吉庆嘉园,114.294275,30.589775,交易横街与交易街交叉口东80米,住宅小区,,120302,商务住宅,住宅区,住宅小区
江岸区大智街道瑞祥路54号,114.292882,30.589098,大智街道瑞祥路54号(大智路地铁站G口步行420米),住宅小区,,120302,商务住宅,住宅区,住宅小区
乐居,114.292986,30.589324,交易街(大智路地铁站G口步行360米),住宅小区,,120302,商务住宅,住宅区,住宅小区
海珀滨江,114.31922,30.580772,武车一路与临江大道交叉口东南40米,住宅小区,,120302,商务住宅,住宅区,住宅小区
三角花园鑫鑫路小区,114.31893,30.578291,武车路与临江大道交叉口东南160米,住宅小区,,120302,商务住宅,住宅区,住宅小区
海珀·御观,114.319824,30.579812,临江大道与武车路交叉口东200米,住宅小区,,120302,商务住宅,住宅区,住宅小区
绿地海珀御观-北区,114.320267,30.580826,和平大道750号(三角路地铁站F口步行460米),住宅小区,,120302,商务住宅,住宅区,住宅小区
滨江汇,114.320242,30.582445,武车二路与临江大道交叉口东40米,住宅小区,,120302,商务住宅,住宅区,住宅小区
名邸公馆南区,114.321047,30.578606,和平大道与武车路交叉口西北180米,住宅小区,,120302,商务住宅,住宅区,住宅小区
名邸公馆,114.321319,30.579684,徐家棚街道和平大道750号,住宅小区,,120302,商务住宅,住宅区,住宅小区
海珀滨江-云境,114.320682,30.582639,临江大道550号(三角路地铁站F口步行420米),住宅小区,,120302,商务住宅,住宅区,住宅小区
名邸公馆北区,114.322142,30.579774,和平大道与学院路交叉口西280米,住宅小区,,120302,商务住宅,住宅区,住宅小区
绿地名邸,114.321825,30.577925,和平大道与武车路交叉口北100米,住宅小区,,120302,商务住宅,住宅区,住宅小区
海珀·云邸,114.321726,30.583503,武车三路与临江大道交叉口东南100米,住宅小区,,120302,商务住宅,住宅区,住宅小区
海珀滨江2期,114.322298,30.582751,武车中路与武车三路交叉口西100米,住宅小区,,120302,商务住宅,住宅区,住宅小区
绿地铂瑞公馆,114.322094,30.583296,武车三路与武车中路交叉口西北120米,住宅小区,,120302,商务住宅,住宅区,住宅小区
和平大道756号小区,114.322922,30.577855,和平大道与武车路交叉口东北140米,住宅小区,,120302,商务住宅,住宅区,住宅小区
西斯莱公馆,114.323721,30.581511,和平大道515号(三角路地铁站D口步行190米),住宅小区,,120302,商务住宅,住宅区,住宅小区
西斯莱公馆1期,114.323775,30.581275,和平大道与学院路交叉口西北140米,住宅小区,,120302,商务住宅,住宅区,住宅小区
绿地蓝海,114.324435,30.582891,和平大道750号(三角路地铁站D口步行260米),住宅小区,,120302,商务住宅,住宅区,住宅小区
武车三村,114.325009,30.579176,学院侧路与学院路交叉口西南120米,住宅小区,,120302,商务住宅,住宅区,住宅小区
喻家湖小区,114.325985,30.578606,友谊大道喻家湖(湖北大学地铁站B口步行410米),住宅小区,,120302,商务住宅,住宅区,住宅小区
赵家墩社区,114.326254,30.58074,学院路特1号(三角路地铁站A口步行290米),住宅小区,,120302,商务住宅,住宅区,住宅小区
武车公寓,114.326901,30.580772,和平大道786号(三角路地铁站A口步行270米),住宅小区,,120302|100200,商务住宅,住宅区,住宅小区
武汉武昌万象城,114.325886,30.584815,和平大道619号(三角路地铁站出入口旁),住宅小区,,060101|120302,购物服务,商场,购物中心
教工宿舍,114.327192,30.582513,武车一村104-108号(三角路地铁站B口步行50米),住宅小区,,120302,商务住宅,住宅区,住宅小区
武昌万象城A区,114.326575,30.584275,和平大道与和安街交叉口西北100米,住宅小区,,120302,商务住宅,住宅区,住宅小区
武车一村,114.328111,30.582432,武车村路(三角路地铁站B口步行290米),住宅小区,,120302,商务住宅,住宅区,住宅小区
武房趣家武车社区,114.328338,30.58229,徐家棚街街道和平大道794号附125号,住宅小区,,120302,商务住宅,住宅区,住宅小区
武车六村小区,114.32891,30.581645,武车村路与和安街交叉口南120米,住宅小区,,120302,商务住宅,住宅区,住宅小区
福星惠誉月亮湾壹号2期,114.327269,30.585959,武车中路与江流路交叉口东140米,住宅小区,,120302,商务住宅,住宅区,住宅小区
三角花园王家湾小区,114.32934,30.579367,徐家棚街办事处友谊大道,住宅小区,,120302,商务住宅,住宅区,住宅小区
时尚馨都,114.328517,30.584252,徐家棚街办事处和平大道赵家墩,住宅小区,,120302,商务住宅,住宅区,住宅小区
武昌车辆厂小区,114.328788,30.58361,和平大道(三角路地铁站B口步行160米),住宅小区,,120302,商务住宅,住宅区,住宅小区
余家湖1期,114.329525,30.581075,惠安路与和安街交叉口西南120米,住宅小区,,120302,商务住宅,住宅区,住宅小区
武车七村,114.32959,30.582448,和安街与惠安路交叉口西北80米,住宅小区,,120302,商务住宅,住宅区,住宅小区
福星惠誉月亮湾壹号,114.327846,30.58673,和平大道623号,住宅小区,,120302,商务住宅,住宅区,住宅小区
皇冠幸福里(学院路店)(装修中),114.326319,30.57951,武车三村38栋1层1室(武车综合市场41号),住宅小区,,120302|050800,商务住宅,住宅区,住宅小区
徐家棚街秦臻路社区,114.329323,30.584589,学院路特1号(三角路地铁站A口步行170米),住宅小区,,120302,商务住宅,住宅区,住宅小区
友谊大道三角花园6号地块,114.330856,30.579739,教院路与学府路交叉口西北220米,住宅小区,,120302,商务住宅,住宅区,住宅小区
三角花园刘家河小区,114.331246,30.580828,友谊大道318号(湖北大学地铁站E口步行480米),住宅小区,,120302,商务住宅,住宅区,住宅小区
武车五村小区建安楼,114.331076,30.581953,和平大道796号,住宅小区,,120302,商务住宅,住宅区,住宅小区
三角花园刘家河小区B区,114.332376,30.581054,友谊大道(武车一村)(湖北大学地铁站E口步行500米),住宅小区,,120302,商务住宅,住宅区,住宅小区
武车小区,114.331649,30.582219,武车村路与惠安路交叉口东100米,住宅小区,,120302,商务住宅,住宅区,住宅小区
武车五村小区,114.332147,30.582957,徐家棚街道秦臻路10号,住宅小区,,120302,商务住宅,住宅区,住宅小区
三角花园刘家河小区D区,114.331698,30.58322,惠安路与秦臻街交叉口南80米,住宅小区,,120302,商务住宅,住宅区,住宅小区
大湖公寓,114.333372,30.582069,三角路村,住宅小区,,120302,商务住宅,住宅区,住宅小区
三飞市场小区,114.331893,30.584573,惠安路与秦臻街交叉口北80米,住宅小区,,120302,商务住宅,住宅区,住宅小区
秦园居名雅花苑,114.334217,30.583427,武车一村附近,住宅小区,,120302,商务住宅,住宅区,住宅小区
三角花园陈家河小区,114.335042,30.583205,友谊大道378号,住宅小区,,120302,商务住宅,住宅区,住宅小区
安居苑,114.333408,30.584539,惠安路88号(徐家棚地铁站C口步行470米),住宅小区,,120302,商务住宅,住宅区,住宅小区
徐家棚街惠誉社区交警小区,114.332372,30.585146,惠安路87号,住宅小区,,120302,商务住宅,住宅区,住宅小区
鹏程·帝景园,114.330692,30.58576,和平大道284(徐家棚地铁站B口步行200米),住宅小区,,120302,商务住宅,住宅区,住宅小区
秦园居,114.335213,30.584876,徐家棚秦园路7号(徐家棚地铁站E口步行340米),住宅小区,,120302,商务住宅,住宅区,住宅小区
武汉理工大学友谊小区,114.337245,30.582482,友谊大道382号,住宅小区,,120302,商务住宅,住宅区,住宅小区
徐东二路2号油料所社区3期,114.337675,30.578625,七星路与宏祥路交叉口西南100米,住宅小区,,120302,商务住宅,住宅区,住宅小区
惠誉花园,114.332927,30.586452,和平大道850号(徐家棚地铁站B口步行220米),住宅小区,,120302,商务住宅,住宅区,住宅小区
常贵楼,114.335335,30.585308,武汉长江公铁隧道与友谊大道辅路交叉口西180米,住宅小区,,120302,商务住宅,住宅区,住宅小区
三角综合楼小区,114.331165,30.587383,惠誉路与和平大道交叉口东南40米,住宅小区,,120302,商务住宅,住宅区,住宅小区
七星绿色花园,114.338726,30.58075,七星路,住宅小区,,120302,商务住宅,住宅区,住宅小区
福星惠誉月亮湾壹号1期,114.328444,30.587445,武车中路与月亮湾二路交叉口南140米,住宅小区,,120302,商务住宅,住宅区,住宅小区
环卫小区,114.332429,30.58753,徐家棚秦园路(徐家棚地铁站C口步行80米),住宅小区,,120302,商务住宅,住宅区,住宅小区
湖北大学教师公寓,114.338851,30.582988,友谊大道392号,住宅小区,,120302,商务住宅,住宅区,住宅小区
远东国际,114.329525,30.588425,,住宅小区,,120302,商务住宅,住宅区,住宅小区
秦园路小区,114.33203,30.588337,秦园路与和平大道交叉口南20米,住宅小区,,120302,商务住宅,住宅区,住宅小区
油料所社区北区,114.339959,30.578587,团结大道581号,住宅小区,,120302,商务住宅,住宅区,住宅小区
佳馨花园一期,114.33671,30.586608,徐家棚地铁站E口步行340米,住宅小区,,120302,商务住宅,住宅区,住宅小区
团结名居桂园,114.335555,30.587408,秦园路95号(徐家棚地铁站E口步行260米),住宅小区,,120302,商务住宅,住宅区,住宅小区
七星岛花园,114.340275,30.580375,宏祥路与七星路交叉口东南20米,住宅小区,,120302,商务住宅,住宅区,住宅小区
佳馨花园,114.337114,30.586472,秦园路100号佳馨花园一期2栋3单元,住宅小区,,120302,商务住宅,住宅区,住宅小区
油料所社区,114.340221,30.577996,徐东二路2号,住宅小区,,120302,商务住宅,住宅区,住宅小区
三角花园余家湖小区,114.340459,30.581676,宏祥路与七星路交叉口北140米,住宅小区,,120302,商务住宅,住宅区,住宅小区
新长江·滨江花园,114.334807,30.588632,徐家棚团结路2号(徐家棚地铁站E口步行160米),住宅小区,,120302,商务住宅,住宅区,住宅小区
东原·时光道,114.339703,30.584704,秦园路137号东原·时光道商业街一楼,住宅小区,,120302,商务住宅,住宅区,住宅小区
佳馨花园二期,114.338463,30.586324,徐家棚街办事处友谊大道团结路,住宅小区,,120302,商务住宅,住宅区,住宅小区
福星惠誉·国际城2期,114.339432,30.585545,友谊大道396号,住宅小区,,120302,商务住宅,住宅区,住宅小区
湖北大学附属中学家属区,114.336792,30.588229,团结路(徐家棚地铁站J口步行440米),住宅小区,,120302,商务住宅,住宅区,住宅小区
中寰悦府(建设中),114.338042,30.58749,团结路35号,住宅小区,,120302,商务住宅,住宅区,住宅小区
保利生活区,114.329699,30.590255,武车中路与秦园路交叉口东北20米,住宅小区,,120302,商务住宅,住宅区,住宅小区
武科大宿舍,114.340714,30.584733,团结南路与友谊大道辅路交叉口东南约180米,住宅小区,,120302,商务住宅,住宅区,住宅小区
团结名居兰园,114.341647,30.582734,秦园路177号,住宅小区,,120302,商务住宅,住宅区,住宅小区
联发悦榕华,114.341384,30.583718,秦园中路153号,住宅小区,,120302,商务住宅,住宅区,住宅小区
东原时光道商铺,114.339826,30.586432,友谊大道辅路与团结南路交叉口西20米,住宅小区,,120302,商务住宅,住宅区,住宅小区
龙湖清能武汉101,114.331924,30.590765,武车中路,住宅小区,,120302,商务住宅,住宅区,住宅小区
九坤·秦南都汇,114.342336,30.582508,团结南路与宏祥路交叉口西60米,住宅小区,,120302,商务住宅,住宅区,住宅小区
港町湾,114.332444,30.591054,徐家棚街与和平大道交叉口西120米,住宅小区,,120302,商务住宅,住宅区,住宅小区
龙湖清能武汉滨江国际,114.332425,30.591075,和平大道705号(徐家棚地铁站H口步行200米),住宅小区,,120201|120302,商务住宅,楼宇,商务写字楼
三三七社区,114.338132,30.588913,团结路与红盛路交叉口北60米,住宅小区,,120302,商务住宅,住宅区,住宅小区
轻机小区,114.337901,30.589223,团结路13号(徐家棚地铁站J口步行460米),住宅小区,,120302,商务住宅,住宅区,住宅小区
徐东公馆,114.337616,30.58948,团结路与惠安路交叉口东100米,住宅小区,,120302,商务住宅,住宅区,住宅小区
芭莎公馆,114.341123,30.586575,友谊大道396号(徐东地铁站出入口步行360米),住宅小区,,120302,商务住宅,住宅区,住宅小区
环璟,114.332715,30.59147,徐家棚街与和平大道交叉口西100米,住宅小区,,120302,商务住宅,住宅区,住宅小区
城投·金沙府,114.342931,30.583972,宏祥路与宏茂巷交叉口西100米,住宅小区,,120302,商务住宅,住宅区,住宅小区
城投武汉印,114.339788,30.588349,友谊大道401号(徐东地铁站出入口步行490米),住宅小区,,120302,商务住宅,住宅区,住宅小区
龙湖清能·天奕,114.33662,30.590604,团结路1号(徐家棚地铁站J口步行340米),住宅小区,,120302,商务住宅,住宅区,住宅小区
德成香奈·长江国际,114.337919,30.589995,团结路9号(徐家棚地铁站L口步行370米),住宅小区,,120302,商务住宅,住宅区,住宅小区
团结名居,114.342373,30.585827,宏茂巷与宏昌路交叉口西60米,住宅小区,,120302,商务住宅,住宅区,住宅小区
龙湖清能公寓,114.336075,30.590975,和惠路与和平大道交叉口东南140米,住宅小区,,120302,商务住宅,住宅区,住宅小区
团结名居桔园,114.342388,30.585841,徐东地铁站出入口步行340米,住宅小区,,120302,商务住宅,住宅区,住宅小区
王家墩小区,114.34304,30.585069,宏茂巷与宏昌路交叉口南60米,住宅小区,,120302,商务住宅,住宅区,住宅小区
红盛路小区,114.339046,30.589642,红盛路15号,住宅小区,,120302,商务住宅,住宅区,住宅小区
龙湖天奕龙湖公寓,114.335976,30.591907,和平大道与黄浦大街出口交叉口南80米,住宅小区,,120302,商务住宅,住宅区,住宅小区
电信宿舍,114.33855,30.591108,徐东大街36-38号附近,住宅小区,,120302,商务住宅,住宅区,住宅小区
铁路小区,114.339637,30.590495,惠安路与和惠路交叉口东南160米,住宅小区,,120302,商务住宅,住宅区,住宅小区
团结新村北区,114.347124,30.5806,团结大道与宏茂巷交叉口东南80米,住宅小区,,120302,商务住宅,住宅区,住宅小区
团结新村,114.347128,30.580596,沙湖路团结社区后面,住宅小区,,120302,商务住宅,住宅区,住宅小区
团结新村南区,114.347307,30.579652,徐东大街150团结新村,住宅小区,,120302,商务住宅,住宅区,住宅小区
沙湖花园,114.348361,30.57929,徐东大街136号,住宅小区,,120302,商务住宅,住宅区,住宅小区
团结社区(团结新村路),114.348826,30.579766,徐东大街150号,住宅小区,,120302,商务住宅,住宅区,住宅小区
长城嘉苑,114.347072,30.582817,徐东路40号(汪家墩地铁站N口步行300米),住宅小区,,120302,商务住宅,住宅区,住宅小区
锦知阁,114.349006,30.580958,团结大道与宏茂巷交叉口东240米,住宅小区,,120302,商务住宅,住宅区,住宅小区
团结名居竹园,114.344895,30.584243,徐东大街徐东村宏祥路(汪家墩地铁站N口步行390米),住宅小区,,120302,商务住宅,住宅区,住宅小区
工人公寓,114.346553,30.584204,宏祥路与宏茂巷交叉口东220米,住宅小区,,120302,商务住宅,住宅区,住宅小区
武汉铁路徐东路住宅小区,114.346246,30.584669,徐东二路28号(汪家墩地铁站N口步行270米),住宅小区,,120302,商务住宅,住宅区,住宅小区
兴华·嘉天下,114.350616,30.579908,沙湖路,住宅小区,,120302,商务住宅,住宅区,住宅小区
盛世徐东,114.350462,30.581443,徐东大街122号(汪家墩地铁站C口步行340米),住宅小区,,120302,商务住宅,住宅区,住宅小区
福星惠誉·国际城3期,114.349909,30.582715,团结大道与徐东大街交叉口西南200米,住宅小区,,120302,商务住宅,住宅区,住宅小区
徐清公寓,114.344793,30.58559,宏昌路2(徐东地铁站B口步行320米),住宅小区,,120302,商务住宅,住宅区,住宅小区
徐东国际城,114.350266,30.583346,团结大道与徐东大街交叉口西南120米,住宅小区,,120302,商务住宅,住宅区,住宅小区
荟珈苑,114.352366,30.579279,沙湖路150号,住宅小区,,120302,商务住宅,住宅区,住宅小区
徐东路社区,114.346128,30.58639,徐东大街32-15号附近(徐东地铁站J口步行260米),住宅小区,,120302,商务住宅,住宅区,住宅小区
中力名居,114.347213,30.586448,徐东大街92号(汪家墩地铁站K口步行70米),住宅小区,,120302,商务住宅,住宅区,住宅小区
明靖阁,114.343813,30.586657,宏昌路与宏茂巷交叉口东北140米,住宅小区,,120302,商务住宅,住宅区,住宅小区
福星惠誉·国际城北区,114.352819,30.580756,徐东大街156号,住宅小区,,120302,商务住宅,住宅区,住宅小区
沙湖路国际城1期,114.352788,30.581738,武汉大道入口与武汉大道交叉口西140米,住宅小区,,120302,商务住宅,住宅区,住宅小区
福星惠誉·国际城,114.353064,30.580884,徐东大街28号,住宅小区,,120302,商务住宅,住宅区,住宅小区
华庭锦园,114.345075,30.587025,徐东大街与宏昌路交叉口西160米,住宅小区,,120302,商务住宅,住宅区,住宅小区
徐青公寓,114.346034,30.587096,宏昌路与徐东大街交叉口西南80米,住宅小区,,100200|120302,住宿服务,,
徐东3期,114.344675,30.587275,徐东大街与徐东一路交叉口西南180米,住宅小区,,120302,商务住宅,住宅区,住宅小区
天台花园,114.351925,30.584375,团结大道与徐东大街交叉口东北40米,住宅小区,,120302,商务住宅,住宅区,住宅小区
都市经典·卓锦园,114.353641,30.578435,徐东大街158号,住宅小区,,120302,商务住宅,住宅区,住宅小区
城建院,114.353642,30.581795,武汉大道入口与武汉大道交叉口西南60米,住宅小区,,120302,商务住宅,住宅区,住宅小区
福星惠誉国际城公寓楼,114.354106,30.581266,徐东大街20号(汪家墩地铁站C口步行450米),住宅小区,,120302,商务住宅,住宅区,住宅小区
汪家墩小区,114.352903,30.584452,徐东大街53号(汪家墩地铁站D口旁),住宅小区,,120302,商务住宅,住宅区,住宅小区
福星惠誉·国际城悦公馆,114.353658,30.583564,徐东大街59号(汪家墩地铁站D口步行140米),住宅小区,,120302,商务住宅,住宅区,住宅小区
销品茂C区,114.342875,30.588125,友谊大道辅路与宏茂巷交叉口东160米,住宅小区,,120302,商务住宅,住宅区,住宅小区
徐东四期公寓一区,114.35201,30.586235,徐东大街61号(汪家墩地铁站E口步行330米),住宅小区,,120302,商务住宅,住宅区,住宅小区
徐东四期公寓,114.352191,30.586369,徐东大街61号(汪家墩地铁站E口步行120米),住宅小区,,120302,商务住宅,住宅区,住宅小区
福星惠誉国际城写字楼,114.34385,30.588828,徐东大街与友谊大道辅路交叉口南120米,住宅小区,,120302|120201,商务住宅,住宅区,住宅小区
天梨花园,114.355128,30.578222,徐东大街90号,住宅小区,,120302,商务住宅,住宅区,住宅小区
团结生鲜市场(枫园店),114.353837,30.58469,徐家棚街办事处徐东大街与团结大道交汇处,住宅小区,,120302|060703,商务住宅,住宅区,住宅小区
中铁机械院小区,114.351057,30.587395,徐东大街45号(汪家墩地铁站G口步行240米),住宅小区,,120302,商务住宅,住宅区,住宅小区
都市经典(徐东大街),114.355523,30.580261,徐东大街158号,住宅小区,,120302|061100,商务住宅,住宅区,住宅小区
团结名居枫园,114.353653,30.585248,团结大道1008号(汪家墩地铁站D口步行190米),住宅小区,,120302,商务住宅,住宅区,住宅小区
半山畔,114.345275,30.589325,徐东大街与徐东一路交叉口北60米(徐东地铁站D口旁),住宅小区,,120302,商务住宅,住宅区,住宅小区
徐东四期公寓二区,114.352958,30.586922,团结大道与杨园南路交叉口西280米,住宅小区,,120302,商务住宅,住宅区,住宅小区
团结生鲜市场,114.354021,30.585992,团结大道1012号武昌区宏方苑青电小区,住宅小区,,120302,商务住宅,住宅区,住宅小区
徐东嘉园,114.355767,30.583281,徐东大街111号省电力团结社区,住宅小区,,120302,商务住宅,住宅区,住宅小区
武汉中商世界里,114.34505,30.58995,徐东大街与友谊大道辅路交叉口东100米,住宅小区,,120302,商务住宅,住宅区,住宅小区
欧洲花园,114.348788,30.589769,徐东大街35号(新世界百货后),住宅小区,,120302,商务住宅,住宅区,住宅小区
佳园小区,114.356716,30.582171,徐东大街131号,住宅小区,,120302,商务住宅,住宅区,住宅小区
鹏程花园(徐东大街),114.355675,30.584712,徐东大街103号(汪家墩地铁站D口步行120米),住宅小区,,120302,商务住宅,住宅区,住宅小区
徐东安居住宅小区,114.353526,30.587323,团结大道1007号,住宅小区,,120302,商务住宅,住宅区,住宅小区
武昌区宏方苑青电小区,114.354941,30.586017,团结大道1012号,住宅小区,,120302,商务住宅,住宅区,住宅小区
徐东村小区,114.346109,30.590496,友谊大道504号,住宅小区,,120302,商务住宅,住宅区,住宅小区
武铁佳苑西区,114.352356,30.588937,杨园南路14号(汪家墩地铁站G口步行260米),住宅小区,,120302,商务住宅,住宅区,住宅小区
华电沙湖小区,114.357584,30.582049,徐东大街135号,住宅小区,,120302,商务住宅,住宅区,住宅小区
云江公寓(洪山区),114.357775,30.580875,武汉大道入口与武汉大道交叉口东北140米,住宅小区,,100200|120302,住宿服务,,
机电小区,114.34083,30.590875,红盛路与徐东大街交叉口西南80米,住宅小区,,120302,商务住宅,住宅区,住宅小区
新世纪花园(A区),114.354839,30.587752,团结大道1015对面,住宅小区,,120302,商务住宅,住宅区,住宅小区
新世纪花园B区,114.355939,30.586701,团结大道1014号,住宅小区,,120302,商务住宅,住宅区,住宅小区
时尚欧洲,114.347553,30.591369,友谊大道510号,住宅小区,,120302,商务住宅,住宅区,住宅小区
银厦公寓(徐东一路),114.349113,30.591154,徐东大街39号(徐东地铁站C2口步行450米),住宅小区,,120302,商务住宅,住宅区,住宅小区
武铁佳苑,114.353205,30.589345,徐东大街51号,住宅小区,,120302,商务住宅,住宅区,住宅小区
佳源小区,114.357811,30.584013,徐东大街117号七星四季花园11栋A座,住宅小区,,120302,商务住宅,住宅区,住宅小区
新世纪花园,114.355381,30.587635,团结大道1014号,住宅小区,,120302,商务住宅,住宅区,住宅小区
宝业徐东雅苑,114.356718,30.586108,徐东大道23号,住宅小区,,120302,商务住宅,住宅区,住宅小区
金银岛花园,114.34855,30.591423,徐东大街41号(徐东地铁站C2口步行400米),住宅小区,,120302,商务住宅,住宅区,住宅小区
鹏凌苑小区,114.339752,30.591012,红盛路43号(徐东地铁站出入口步行440米),住宅小区,,120302,商务住宅,住宅区,住宅小区
汉飞·滨江国际,114.340614,30.591346,红盛路1号(徐东地铁站出入口步行450米),住宅小区,,120302,商务住宅,住宅区,住宅小区
武铁佳苑2期,114.352901,30.589864,杨园南路与徐东二路交叉口南120米,住宅小区,,120302,商务住宅,住宅区,住宅小区
鸿源国际公馆,114.358528,30.583314,徐东大街129号,住宅小区,,120302,商务住宅,住宅区,住宅小区
汇星苑,114.358141,30.584323,武汉大道119号,住宅小区,,120302,商务住宅,住宅区,住宅小区
新新花园,114.351155,30.591021,徐东大街39号,住宅小区,,120302,商务住宅,住宅区,住宅小区
新世纪花园C区,114.355743,30.588287,团结大道1015号,住宅小区,,120302,商务住宅,住宅区,住宅小区
杨园街二桥社区,114.344411,30.59265,友谊大道479号(徐东地铁站出入口步行370米),住宅小区,,120302,商务住宅,住宅区,住宅小区
徐东公寓,114.358645,30.585068,杨园南路,住宅小区,,120302,商务住宅,住宅区,住宅小区
昌友楼,114.350275,30.591975,杨园南路与北洋桥西路交叉口南240米,住宅小区,,120302|120200,商务住宅,住宅区,住宅小区
洪山区机关住宅小区,114.359913,30.57944,徐东大街153号(岳家嘴地铁站D口步行360米),住宅小区,,120302,商务住宅,住宅区,住宅小区
七星四季花园,114.359465,30.584118,徐东大街127号,住宅小区,,120302,商务住宅,住宅区,住宅小区
逸居苑,114.342972,30.593055,徐东大街(徐东地铁站出入口步行460米),住宅小区,,120302,商务住宅,住宅区,住宅小区
武铁佳苑东区,114.354822,30.590099,徐东大街徐东村,住宅小区,,120302,商务住宅,住宅区,住宅小区
君临天下,114.341056,30.592863,徐东大街特1号,住宅小区,,120302,商务住宅,住宅区,住宅小区
徐东馨苑,114.349835,30.592677,纺机路37号附近,住宅小区,,120302,商务住宅,住宅区,住宅小区
嘉泊泰涞(徐东plus店),114.337744,30.591804,徐家棚街道轨道交通徐家棚站N出口M758商场4楼A-4-F-1号,住宅小区,,120302,商务住宅,住宅区,住宅小区
洪山区防爆宿舍,114.36067,30.580075,徐东大街岳东路5号(岳家嘴地铁站F2口步行490米),住宅小区,,120302,商务住宅,住宅区,住宅小区
V7星公馆,114.360991,30.57878,岳东路2号,住宅小区,,120302,商务住宅,住宅区,住宅小区
还建新村,114.362025,30.580675,岳家嘴立交与欢乐大道交叉口西北220米,住宅小区,,120302,商务住宅,住宅区,住宅小区
华腾园,114.361094,30.581664,欢乐大道杨园南路,住宅小区,,120302,商务住宅,住宅区,住宅小区
德成东湖MOMA城,114.362425,30.578775,欢乐大道与岳家嘴路交叉口西北80米,住宅小区,,120302,商务住宅,住宅区,住宅小区
嘉隆小区,114.362927,30.580897,徐东大街167号,住宅小区,,120302,商务住宅,住宅区,住宅小区
正堂山外山,114.363616,30.580431,欢乐大道9号,住宅小区,,120302,商务住宅,住宅区,住宅小区
长航·蓝晶绿洲3期,114.363842,30.583378,杨园南路41号,住宅小区,,120302,商务住宅,住宅区,住宅小区
岳家嘴小区A区,114.365875,30.580725,杨园南路与欢乐大道交叉口东南60米,住宅小区,,120302,商务住宅,住宅区,住宅小区
长航·蓝晶绿洲1、2期,114.364337,30.583696,杨园南路41号,住宅小区,,120302,商务住宅,住宅区,住宅小区
长航·蓝晶绿洲,114.364226,30.584015,杨园南路41号,住宅小区,,120302,商务住宅,住宅区,住宅小区
湖北省电力岳家嘴小区,114.366303,30.581114,中北东路42号(铁机路地铁站A口步行410米),住宅小区,,120302,商务住宅,住宅区,住宅小区
东湖花园一期,114.366432,30.579823,杨园南路与欢乐大道交叉口东南160米,住宅小区,,120302,商务住宅,住宅区,住宅小区
东湖花园,114.366666,30.580304,欢乐大道岳家嘴中北东路,住宅小区,,120302,商务住宅,住宅区,住宅小区
团结竹君苑,114.362483,30.585348,杨园南路35号,住宅小区,,120302,商务住宅,住宅区,住宅小区
东湖花园二期,114.367046,30.581069,中北东路,住宅小区,,120302,商务住宅,住宅区,住宅小区
岳家嘴职工住宅小区二期,114.368061,30.580392,华电小路与西苑路交叉口西240米,住宅小区,,120302,商务住宅,住宅区,住宅小区
东沙花园南区,114.365866,30.585269,铁机路156号(铁机路地铁站D口步行190米),住宅小区,,120302,商务住宅,住宅区,住宅小区
梨园小区北区,114.368423,30.577877,东亭路与华电小路交叉口西北60米,住宅小区,,120302,商务住宅,住宅区,住宅小区
梨园小区,114.368255,30.577381,徐东大街213号(梨园地铁站A口步行330米),住宅小区,,120302,商务住宅,住宅区,住宅小区
梨园小区西区,114.368178,30.577169,东亭路与华电小路交叉口西南80米,住宅小区,,120302,商务住宅,住宅区,住宅小区
岳家嘴职工住宅小区一期,114.368526,30.582447,铁机路地铁站A口步行320米,住宅小区,,120302,商务住宅,住宅区,住宅小区
和盛世家,114.369468,30.580278,东冶路,住宅小区,,120302,商务住宅,住宅区,住宅小区
东沙花园,114.366733,30.585851,欢乐大道(铁机路地铁站D口步行300米),住宅小区,,120302,商务住宅,住宅区,住宅小区
岳家嘴职工住宅小区,114.369803,30.582077,欢乐大道46号(铁机路地铁站A口步行210米),住宅小区,,120302,商务住宅,住宅区,住宅小区
美术出版社小区,114.370275,30.578691,梨园侧路16号,住宅小区,,120302,商务住宅,住宅区,住宅小区
东沙花园北区,114.367635,30.586446,沙湖大道与铁机路交叉口东200米,住宅小区,,120302,商务住宅,住宅区,住宅小区
花畔里,114.365523,30.588036,铁机路153号,住宅小区,,120302,商务住宅,住宅区,住宅小区
城投·金沙樾(建设中),114.360449,30.585649,杨园南路梨园小路公交站旁边,住宅小区,,120302,商务住宅,住宅区,住宅小区
东湖新城,114.371029,30.580276,济才路与北纬路交叉口西80米,住宅小区,,120302,商务住宅,住宅区,住宅小区
新绿美地,114.357579,30.589366,团结大道1019号,住宅小区,,120302,商务住宅,住宅区,住宅小区
东湖尚郡,114.369724,30.58544,欢乐大道165号(铁机路地铁站C口步行170米),住宅小区,,120302,商务住宅,住宅区,住宅小区
岳家嘴职工住宅小区三期,114.371212,30.583114,欢乐大道38号(铁机路地铁站B口步行230米),住宅小区,,120302,商务住宅,住宅区,住宅小区
锦绣山河,114.363821,30.589651,铁机路与团结大道交叉口东南260米,住宅小区,,120302,商务住宅,住宅区,住宅小区
融海杰座,114.359552,30.590608,团结大道与铁机路交汇处,住宅小区,,120302,商务住宅,住宅区,住宅小区
爱家皇家公馆,114.366102,30.589345,团结大道1026号,住宅小区,,120302,商务住宅,住宅区,住宅小区
芙蓉兴盛(颐桂苑店),114.368183,30.588392,沙湖大道253号颐桂苑,住宅小区,,120302|060200,商务住宅,住宅区,住宅小区
康明大厦,114.371775,30.584675,欢乐大道与才汇巷交叉口西南140米,住宅小区,,120201|120302,商务住宅,楼宇,商务写字楼
颐桂苑,114.367909,30.589531,沙湖大道253号,住宅小区,,120302,商务住宅,住宅区,住宅小区
东湖景园C区,114.372894,30.584033,岳家嘴小区附近,住宅小区,,120302,商务住宅,住宅区,住宅小区
徐东苑,114.358178,30.591791,铁机西路与铁园路交叉口东南80米,住宅小区,,120302,商务住宅,住宅区,住宅小区
爱家国际华城2期,114.363132,30.59166,团结大道与铁机路交叉口东80米,住宅小区,,120302,商务住宅,住宅区,住宅小区
徐东苑南区,114.357975,30.591925,铁机西路与铁园路交叉口东南60米,住宅小区,,120302,商务住宅,住宅区,住宅小区
福星惠誉星湖公馆,114.368937,30.589288,沙湖大道255号,住宅小区,,120302,商务住宅,住宅区,住宅小区
爱家国际华城3期,114.365883,30.591271,徐东大街武青四干道,住宅小区,,120302,商务住宅,住宅区,住宅小区
保利城三期,114.360013,30.592359,铁机村,住宅小区,,120302,商务住宅,住宅区,住宅小区
爱家国际华城,114.36564,30.592015,团结大道1026号,住宅小区,,120302,商务住宅,住宅区,住宅小区
东湖景园A区,114.37489,30.582026,武汉大道辅路附近,住宅小区,,120302,商务住宅,住宅区,住宅小区
东湖景园,114.374728,30.583134,欢乐大道38号,住宅小区,,120302,商务住宅,住宅区,住宅小区
美林青城一期,114.355139,30.592373,杨园才茂街20号/杨园纺机路22号,住宅小区,,120302,商务住宅,住宅区,住宅小区
美林青城三期,114.352886,30.591907,杨园南路与徐东二路交叉口北100米,住宅小区,,120302,商务住宅,住宅区,住宅小区
梨园医院小区,114.376998,30.579881,二环线辅路与二环线出口交叉口东南160米,住宅小区,,120302,商务住宅,住宅区,住宅小区
东湖景园B区,114.375509,30.584778,联盟路,住宅小区,,120302,商务住宅,住宅区,住宅小区
华侨城纯水岸天屿,114.378325,30.586925,欢乐大道与红庙立交交叉口东180米,住宅小区,,120302,商务住宅,住宅区,住宅小区
纯水岸·东湖天屿二期,114.379897,30.586978,欢乐大道116号,住宅小区,,120302,商务住宅,住宅区,住宅小区
东亭新嘉源小区,114.37386,30.588444,欢乐大道267号,住宅小区,,120302,商务住宅,住宅区,住宅小区
纯水岸东湖二期小区,114.382925,30.588125,银杏原路与欢乐大道辅路交叉口南200米,住宅小区,,120302,商务住宅,住宅区,住宅小区
东湖庭园,114.378807,30.590287,东湖生态旅游风景区中北东路301号,住宅小区,,120302,商务住宅,住宅区,住宅小区
纯水岸·东湖天屿,114.383888,30.589109,欢乐大道166号,住宅小区,,120302,商务住宅,住宅区,住宅小区
东湖城拾景,114.377636,30.592817,沙湖大道279号,住宅小区,,120302,商务住宅,住宅区,住宅小区
东湖·华侨城店,114.384975,30.590325,欢乐大道辅路与银杏原路交叉口东220米,住宅小区,,120302|070000,商务住宅,住宅区,住宅小区
纯水岸·东湖天屿一期,114.386666,30.590538,东湖生态旅游风景区欢乐大道166号,住宅小区,,120302,商务住宅,住宅区,住宅小区
生态家园,114.385907,30.592775,沙湖大道与三弓路交叉口南160米,住宅小区,,120302,商务住宅,住宅区,住宅小区
欢乐星城,114.383732,30.592337,欢乐大道,住宅小区,,120302,商务住宅,住宅区,住宅小区
满星湖畔,114.417527,30.58182,叶家湾路与雁中路交叉口西480米,住宅小区,,120302,商务住宅,住宅区,住宅小区
濮锦二号,114.418425,30.580825,叶家湾路与雁中路交叉口西南440米,住宅小区,,120302,商务住宅,住宅区,住宅小区
张大姐住宅,114.429483,30.583744,涂新路与落雁路交叉口东南80米,住宅小区,,120302,商务住宅,住宅区,住宅小区
城市花园,114.430388,30.58661,落雁路与雁中路交叉口南140米,住宅小区,,120302,商务住宅,住宅区,住宅小区
红星佳苑,114.18546,30.593826,田文街9号,住宅小区,,120302,商务住宅,住宅区,住宅小区
硚口城建文澜序,114.188696,30.595116,"古田路以北,古调路以西,古雅路以东",住宅小区,,120302,商务住宅,住宅区,住宅小区
越秀·天悦文华,114.18997,30.597018,"田正街以南,古调路以西",住宅小区,,120302,商务住宅,住宅区,住宅小区
汉江湾1号,114.181648,30.603891,工农路108号(古田一路地铁站出入口步行110米),住宅小区,,120302,商务住宅,住宅区,住宅小区
招商·江湾国际,114.19153,30.594993,古田二路,住宅小区,,120302,商务住宅,住宅区,住宅小区
恺德云麓,114.191138,30.598382,古田路19号,住宅小区,,120302,商务住宅,住宅区,住宅小区
装卸小区,114.185669,30.603937,铁路大厂一路与解放大道交叉口北80米,住宅小区,,120302,商务住宅,住宅区,住宅小区
汉水岸,114.179119,30.605389,解放大道与联工路交汇处(古田一路轻轨站旁),住宅小区,,120302,商务住宅,住宅区,住宅小区
锻压小区,114.186315,30.603966,铁路大厂一路与解放大道交叉口东北100米,住宅小区,,120302,商务住宅,住宅区,住宅小区
古一社区港机小区,114.189278,30.60188,丰硕路与解放大道交叉口西北100米,住宅小区,,120302,商务住宅,住宅区,住宅小区
汉江明珠南1区,114.187861,30.603219,解放大道与铁路大厂一路交叉口东220米,住宅小区,,120302,商务住宅,住宅区,住宅小区
易家墩还建项目生活区,114.189625,30.602475,丰硕路与解放大道交叉口北160米,住宅小区,,120302,商务住宅,住宅区,住宅小区
汉江明珠南2区,114.189283,30.602856,丰硕路与解放大道交叉口北180米,住宅小区,,120302,商务住宅,住宅区,住宅小区
御花园,114.191039,30.600986,解放大道与丰硕路交叉口东120米,住宅小区,,120302,商务住宅,住宅区,住宅小区
汉江明珠,114.188897,30.603254,解放大道17号,住宅小区,,120302,商务住宅,住宅区,住宅小区
易家街工农社区,114.178149,30.606232,古田一路工农路,住宅小区,,120302,商务住宅,住宅区,住宅小区
古田社区,114.187604,30.604358,上铁大厂105,住宅小区,,120302,商务住宅,住宅区,住宅小区
华金阁,114.167543,30.591021,5智造园10号楼南侧,住宅小区,,120302,商务住宅,住宅区,住宅小区
和成天下,114.184925,30.605625,古田一路与南泥湾大道辅路交叉口东南40米,住宅小区,,120302,商务住宅,住宅区,住宅小区
日出中庭,114.193844,30.596568,古田二路86号,住宅小区,,120302,商务住宅,住宅区,住宅小区
凯德西城T3公寓,114.193875,30.597175,古田二路辅路与田正街交叉口北140米,住宅小区,,120302,商务住宅,住宅区,住宅小区
汉江明珠-北区,114.18994,30.603711,南泥湾大道辅路与丰硕路交叉口西140米,住宅小区,,120302,商务住宅,住宅区,住宅小区
华发都荟天地一期,114.194189,30.5937,古田二路辅路与田正街交叉口南220米,住宅小区,,120302,商务住宅,住宅区,住宅小区
华发都荟天地,114.194548,30.594328,解放大道与古田二路交汇处,住宅小区,,120302,商务住宅,住宅区,住宅小区
省柴小区西区,114.193659,30.599473,古田二路45-附6号附近,住宅小区,,120302,商务住宅,住宅区,住宅小区
易家墩街田庄社区,114.186495,30.606686,古田一路18号(古田一路地铁站A口步行410米),住宅小区,,120302,商务住宅,住宅区,住宅小区
飞帆花园小区西区,114.193944,30.599937,解放大道47号(古田二路地铁站C口步行340米),住宅小区,,120302,商务住宅,住宅区,住宅小区
汉江华府,114.17913,30.608393,工农路107号,住宅小区,,120302,商务住宅,住宅区,住宅小区
华发都荟天地二期(建设中),114.195505,30.595884,古田二路辅路与田正街交叉口东140米,住宅小区,,120302,商务住宅,住宅区,住宅小区
美好名流汇2期,114.198024,30.59444,解放大道48-8号,住宅小区,,120302,商务住宅,住宅区,住宅小区
美好名流汇,114.198567,30.593898,古章路与解放大道交叉口西南260米,住宅小区,,120302,商务住宅,住宅区,住宅小区
省柴小区,114.195226,30.598677,解放大道与古田二路辅路交叉口北60米,住宅小区,,120302,商务住宅,住宅区,住宅小区
易家墩社区,114.19952,30.59579,解放大道与南院坊路交叉口东南100米,住宅小区,,120302,商务住宅,住宅区,住宅小区
美好名流汇1期,114.199815,30.593224,古章路与解放大道交叉口南260米,住宅小区,,120302,商务住宅,住宅区,住宅小区
宇济·红瓦苑,114.198373,30.598658,解放大道73号(古田二路地铁站C口步行270米),住宅小区,,120302,商务住宅,住宅区,住宅小区
电台村小区,114.199044,30.598248,古田二路辛家地小学后(古田二路地铁站B口步行400米),住宅小区,,120302,商务住宅,住宅区,住宅小区
飞帆花园小区B区,114.19551,30.599822,古田二路辅路与解放大道交叉口北160米,住宅小区,,120302,商务住宅,住宅区,住宅小区
飞帆花园小区,114.19498,30.599862,解放大道47号(古田二路地铁站C口步行420米),住宅小区,,120302,商务住宅,住宅区,住宅小区
硚口·人才公寓,114.198225,30.600144,南泥湾大道与古田二路辅路交叉口南220米,住宅小区,,120302,商务住宅,住宅区,住宅小区
福星惠誉汉口春天,114.201607,30.597077,解放大道109附6号(古田三路地铁站D口步行380米),住宅小区,,120302,商务住宅,住宅区,住宅小区
融侨锦城,114.201777,30.593212,解放大道66号(古田三路地铁站A口步行170米),住宅小区,,120302,商务住宅,住宅区,住宅小区
赛达国际,114.200254,30.599449,古田二路(汉口春天西侧),住宅小区,,120302,商务住宅,住宅区,住宅小区
省柴小区,114.196948,30.601346,解放大道柴油机厂(古田二路地铁站C口步行470米),住宅小区,,120302,商务住宅,住宅区,住宅小区
省柴小区东区,114.197011,30.601388,古田二路59号(古田二路地铁站C口步行250米),住宅小区,,120302,商务住宅,住宅区,住宅小区
汉口人家,114.195479,30.601624,解放大道49号(古田二路地铁站C口步行460米),住宅小区,,120302,商务住宅,住宅区,住宅小区
海尔国际人才公寓,114.199275,30.600525,古田二路辅路与南泥湾大道交叉口南200米,住宅小区,,120302,商务住宅,住宅区,住宅小区
惠园,114.202773,30.597408,古田三路与肖家小路交叉口西160米,住宅小区,,120302,商务住宅,住宅区,住宅小区
皇冠幸福里(古田三路店),114.204556,30.593854,轨道交通1号线二期古田三路附属楼一层部分,住宅小区,,120302|050800|050900,商务住宅,住宅区,住宅小区
金福源,114.193766,30.603426,解放大道21号,住宅小区,,120302,商务住宅,住宅区,住宅小区
康丰苑小区,114.205132,30.593755,解放大道125号(古田三路地铁站C口步行100米),住宅小区,,120302,商务住宅,住宅区,住宅小区
韩家墩街肖家社区,114.205465,30.595227,解放大道123号(古田三路地铁站C口步行150米),住宅小区,,120302,商务住宅,住宅区,住宅小区
正康花园,114.200801,30.602582,南泥湾大道79号,住宅小区,,120302,商务住宅,住宅区,住宅小区
汉口西园,114.201587,30.602563,南泥湾大道85号,住宅小区,,120302,商务住宅,住宅区,住宅小区
千禧城,114.205675,30.597913,肖家地349号,住宅小区,,120302,商务住宅,住宅区,住宅小区
新华社区,114.207009,30.593737,解放大道131号(古田三路地铁站C口步行140米),住宅小区,,120302,商务住宅,住宅区,住宅小区
天宇万象国际,114.201211,30.603963,南泥湾大道与古田二路交叉口,住宅小区,,120302,商务住宅,住宅区,住宅小区
富仕雅庭,114.199798,30.605118,长升街北特1号,住宅小区,,120302,商务住宅,住宅区,住宅小区
千禧城5号院,114.208074,30.596081,古新路15号,住宅小区,,120302,商务住宅,住宅区,住宅小区
永利新城西苑,114.203658,30.603643,长安路2号,住宅小区,,120302,商务住宅,住宅区,住宅小区
盛世公馆,114.200454,30.605923,古田二路与长升路交叉口北80米,住宅小区,,120302,商务住宅,住宅区,住宅小区
港机小区,114.201076,30.606031,古田二路,住宅小区,,120302,商务住宅,住宅区,住宅小区
永利新城,114.209159,30.59611,长嘉路与古新路交叉口东北180米,住宅小区,,120302,商务住宅,住宅区,住宅小区
永利新城南苑,114.209258,30.596076,长嘉路与古新路交叉口东180米,住宅小区,,120302,商务住宅,住宅区,住宅小区
武汉航天城,114.198019,30.607231,古田二路,住宅小区,,120302,商务住宅,住宅区,住宅小区
云鹤怡景苑,114.201385,30.606323,古田二路与古乐路交叉口西南80米,住宅小区,,120302,商务住宅,住宅区,住宅小区
星田公寓,114.200919,30.606516,丰欣路与长升路交汇口东北150米,住宅小区,,120302,商务住宅,住宅区,住宅小区
华美小区,114.199673,30.607388,古田二路长升街附2号,住宅小区,,120302,商务住宅,住宅区,住宅小区
长华公寓2期,114.211142,30.594417,古田4路27号附21号,住宅小区,,120302,商务住宅,住宅区,住宅小区
长华公寓,114.212019,30.594145,古田四路27号附1号,住宅小区,,120302,商务住宅,住宅区,住宅小区
香榭丽厅,114.211025,30.597025,南泥湾大道与永利东路交叉口西南260米,住宅小区,,120302,商务住宅,住宅区,住宅小区
长青小区,114.212987,30.594605,古田四路29号,住宅小区,,120302,商务住宅,住宅区,住宅小区
长华公寓1期,114.212803,30.593927,古田四路27号附1号,住宅小区,,120302,商务住宅,住宅区,住宅小区
曾家社区,114.213038,30.594467,长嘉路与古田四路交叉口西100米,住宅小区,,120302,商务住宅,住宅区,住宅小区
东鸿小区,114.213617,30.596047,古田四路45号,住宅小区,,120302,商务住宅,住宅区,住宅小区
德必·古田坊C区,114.212071,30.597799,南泥湾大道与永利东路交叉口西120米,住宅小区,,120302,商务住宅,住宅区,住宅小区
南泥湾大道小区,114.214255,30.598094,南泥湾大道与古田四路交叉口北40米,住宅小区,,120302,商务住宅,住宅区,住宅小区
建工生活区,114.215875,30.594025,古田四路与长嘉路交叉口东180米,住宅小区,,120302|120303,商务住宅,住宅区,住宅小区
永利新城东苑,114.212999,30.600047,长安路公安局对面,住宅小区,,120302,商务住宅,住宅区,住宅小区
弘鑫花园,114.215838,30.597768,古田四路38号,住宅小区,,120302,商务住宅,住宅区,住宅小区
中民·长青里南区,114.216911,30.595023,青云路与南泥湾大道交叉口西南280米,住宅小区,,120302,商务住宅,住宅区,住宅小区
中民·长青里,114.217173,30.595318,中民长青里,住宅小区,,120302,商务住宅,住宅区,住宅小区
中民·长青里北区,114.21773,30.596309,南泥湾大道,住宅小区,,120302,商务住宅,住宅区,住宅小区
建荣嘉园B区,114.21655,30.598941,建荣路与古田四路交叉口东南160米,住宅小区,,120302,商务住宅,住宅区,住宅小区
公安小区,114.214947,30.600896,古田四路183号,住宅小区,,120302,商务住宅,住宅区,住宅小区
武汉英中二期工程暨学校家属院,114.218584,30.59603,南泥湾大道与汉西三路交叉口西南280米,住宅小区,,120302,商务住宅,住宅区,住宅小区
轻汽小区,114.218525,30.593175,古四小路与汉西三路交叉口西300米,住宅小区,,120302,商务住宅,住宅区,住宅小区
中民·幸福里,114.218002,30.598169,南泥湾大道北50米,住宅小区,,120302,商务住宅,住宅区,住宅小区
建荣嘉园,114.216958,30.59969,古田四路66号,住宅小区,,120302,商务住宅,住宅区,住宅小区
常码鑫城汇长安苑,114.210979,30.60307,箫笳北路与长安路交叉口北140米,住宅小区,,120302,商务住宅,住宅区,住宅小区
永利新城北苑,114.21304,30.602744,长福路与丰锦路交叉口西160米,住宅小区,,120302,商务住宅,住宅区,住宅小区
广电·兰亭荣荟福园,114.215283,30.601982,长福路与丰锦路交叉口东南100米,住宅小区,,120302,商务住宅,住宅区,住宅小区
城建·汉樾台2期,114.209618,30.603367,长安路特9号,住宅小区,,120302,商务住宅,住宅区,住宅小区
华鼎·丽都国际,114.22006,30.595801,汉西三路71号,住宅小区,,120302,商务住宅,住宅区,住宅小区
城投立城,114.213086,30.603296,长福路与丰锦路交叉口西北160米,住宅小区,,120302,商务住宅,住宅区,住宅小区
得华楼,114.208867,30.603663,丰华路与新墩路交叉口南200米,住宅小区,,120302|120200,商务住宅,住宅区,住宅小区
兰亭荣荟·雅园,114.213944,30.603209,长福路与丰锦路交叉口西北100米,住宅小区,,120302,商务住宅,住宅区,住宅小区
建荣嘉园A区,114.217661,30.600957,古田四路70号,住宅小区,,120302,商务住宅,住宅区,住宅小区
东源小区,114.220027,30.592801,古田五路17号,住宅小区,,120302,商务住宅,住宅区,住宅小区
长青国际,114.219688,30.598555,汉西三路香江家居对面,住宅小区,,120302,商务住宅,住宅区,住宅小区
武汉城建汉樾台,114.207037,30.603856,长安路7号,住宅小区,,120302,商务住宅,住宅区,住宅小区
康逸居,114.221,30.595,汉西三路与古四小路交叉口西北160米,住宅小区,,120302,商务住宅,住宅区,住宅小区
广电·兰亭荣荟翠园,114.215988,30.603134,古田四路197号,住宅小区,,120302,商务住宅,住宅区,住宅小区
广电·兰亭荣荟悦园,114.21797,30.602265,古田四路72号,住宅小区,,120302,商务住宅,住宅区,住宅小区
楚汉公馆,114.220308,30.600015,汉西三路与南泥湾大道交叉口北260米,住宅小区,,120302,商务住宅,住宅区,住宅小区
清溪小苑,114.220623,30.600733,汉西三路与云鹤南路交叉口南160米,住宅小区,,120302,商务住宅,住宅区,住宅小区
雅丰园,114.218706,30.602814,古田四路280号,住宅小区,,120302,商务住宅,住宅区,住宅小区
长康楼,114.208417,30.605817,新墩路与丰华路交叉口西北80米,住宅小区,,120302,商务住宅,住宅区,住宅小区
百姓之春南区,114.214509,30.605529,丰泽路与丰泽小路交叉口西160米,住宅小区,,120302,商务住宅,住宅区,住宅小区
丰华园,114.210589,30.606304,长丰大道166号,住宅小区,,120302,商务住宅,住宅区,住宅小区
华杰时代,114.222261,30.599238,汉西三路与南泥湾大道交叉口东北220米,住宅小区,,120302|120200,商务住宅,住宅区,住宅小区
山海云居,114.221918,30.599945,汉西三路与南泥湾大道交叉口东北260米,住宅小区,,120302,商务住宅,住宅区,住宅小区
广电兰亭荣荟锦园,114.216826,30.604757,丰泽路20号,住宅小区,,120302,商务住宅,住宅区,住宅小区
泽熙门庭,114.223275,30.594725,汉西三路与古四小路交叉口东北180米,住宅小区,,120302,商务住宅,住宅区,住宅小区
长健楼,114.207028,30.606157,新墩路与丰美路交叉口东120米,住宅小区,,120302,商务住宅,住宅区,住宅小区
长爱楼,114.208563,30.606382,丰华路与新墩路交叉口西北100米,住宅小区,,120302,商务住宅,住宅区,住宅小区
盛世长丰,114.2076,30.6065,丰美路12号,住宅小区,,120302,商务住宅,住宅区,住宅小区
君奕国际公馆,114.218442,30.604228,古田四路284号,住宅小区,,120302,商务住宅,住宅区,住宅小区
百姓之春,114.21433,30.6062,长丰大道172号,住宅小区,,120302,商务住宅,住宅区,住宅小区
盛世长丰-西区,114.206998,30.606582,新墩路与丰美路交叉口东北120米,住宅小区,,120302,商务住宅,住宅区,住宅小区
云鹤小区六组团,114.221585,30.602011,云鹤南路与汉西三路交叉口东140米,住宅小区,,120302,商务住宅,住宅区,住宅小区
百姓之春北区,114.214498,30.606803,长丰大道172号,住宅小区,,120302,商务住宅,住宅区,住宅小区
润和花园,114.223351,30.600697,古田四路新墩汉西二路79号,住宅小区,,120302,商务住宅,住宅区,住宅小区
精品园,114.220556,30.6042,古田四路云鹤三村,住宅小区,,120302,商务住宅,住宅区,住宅小区
天泽一方,114.217386,30.606277,古田四路199号(古田四路与长丰大道交汇处),住宅小区,,120302,商务住宅,住宅区,住宅小区
云鹤小区二组团,114.221621,30.60337,汉西三路与古五小路交叉口东180米,住宅小区,,120302,商务住宅,住宅区,住宅小区
万佳小区,114.227925,30.594125,汉西路与梦泽湖西路交叉口西北260米,住宅小区,,120302,商务住宅,住宅区,住宅小区
铁路小区,114.227375,30.597212,汉西北路193号车站铁路宿舍,住宅小区,,120302,商务住宅,住宅区,住宅小区
汉西苑小区,114.227369,30.597556,汉西北路197号附18号,住宅小区,,120302,商务住宅,住宅区,住宅小区
汉西花园,114.227641,30.597932,汉西村,住宅小区,,120302,商务住宅,住宅区,住宅小区
发展社区,114.226874,30.599936,二环线与展望路交汇处,住宅小区,,120302,商务住宅,住宅区,住宅小区
香港置地·金地·峯璟,114.228483,30.602197,汉西北路247号,住宅小区,,120302,商务住宅,住宅区,住宅小区
泛海桂府,114.232935,30.599605,黄海北路,住宅小区,,120302,商务住宅,住宅区,住宅小区
常码头鑫城汇H2区,114.228446,30.603292,常码头侧路2号,住宅小区,,120302,商务住宅,住宅区,住宅小区
泛海国际芸海园,114.235328,30.596351,黄海南路9号,住宅小区,,120302,商务住宅,住宅区,住宅小区
云鹤小区五组团,114.223261,30.6039,云鹤东路与云鹤南路交叉口西北140米,住宅小区,,120302,商务住宅,住宅区,住宅小区
常码头鑫城汇,114.228264,30.603638,常码头侧路与黄家湾小路交叉口西南60米,住宅小区,,120302,商务住宅,住宅区,住宅小区
苗圃新村南区,114.225817,30.604131,常码头路与常码头侧路交叉口西100米,住宅小区,,120302,商务住宅,住宅区,住宅小区
云鹤小区,114.221697,30.604114,新墩一村,住宅小区,,120302,商务住宅,住宅区,住宅小区
常码头鑫城汇H1区,114.227969,30.604552,黄家湾小路1号,住宅小区,,120302,商务住宅,住宅区,住宅小区
井南社区,114.229913,30.604506,黄家湾小路与常码头侧路交叉口东北120米,住宅小区,,120302,商务住宅,住宅区,住宅小区
泛海国际桂海园,114.236045,30.599464,黄海北路与华泰小路交叉口北100米,住宅小区,,120302,商务住宅,住宅区,住宅小区
苗圃新村,114.226284,30.605594,汉西常码头,住宅小区,,120302,商务住宅,住宅区,住宅小区
武汉CBD泛海国际居住区,114.236173,30.599798,嘉陵江路与泰山路交叉口西220米,住宅小区,,120302,商务住宅,住宅区,住宅小区
云鹤小区四组团,114.222294,30.605683,长丰大道辅路与云鹤东路交叉口西南120米,住宅小区,,120302,商务住宅,住宅区,住宅小区
泛海芸府(建设中),114.232246,30.597166,黄海南路与华泰小路交叉口西300米,住宅小区,,120302,商务住宅,住宅区,住宅小区
武汉华鼎创投硚口宗关053号地块(建设中),114.232725,30.592198,"硚口区梦泽湖西路以南,华山路以西",住宅小区,,120302,商务住宅,住宅区,住宅小区
泛海国际松海园,114.236242,30.601032,嘉陵江路2号,住宅小区,,120302,商务住宅,住宅区,住宅小区
云鹤小区三组团,114.220815,30.605937,长丰大道辅路与汉西三路交叉口东南160米,住宅小区,,120302,商务住宅,住宅区,住宅小区
新合商苑,114.226275,30.583521,新合村(宗关地铁站D口步行460米),住宅小区,,120302,商务住宅,住宅区,住宅小区
云鹤园(汉西三路),114.219811,30.605845,硚口云鹤一村314附20(汉西三路与长丰大道交汇处),住宅小区,,120302,商务住宅,住宅区,住宅小区
发展三村,114.228881,30.606678,长丰大道辅路与黄家湾小路交叉口北80米,住宅小区,,120302,商务住宅,住宅区,住宅小区
常码社区(常码侧路),114.230474,30.606956,发展三村附31号宗关街,住宅小区,,120302,商务住宅,住宅区,住宅小区
德华楼(古田四路店),114.21836,30.606593,"古田四路199号C,D区1层181-200号",住宅小区,,120302|050300,商务住宅,住宅区,住宅小区
常扬里南,114.239,30.601,泰山路与淮海南路交叉口南60米,住宅小区,,120302,商务住宅,住宅区,住宅小区
云飞雅苑南院,114.241025,30.599075,云飞路与珠江路交叉口西南40米,住宅小区,,120302,商务住宅,住宅区,住宅小区
云飞雅苑,114.240181,30.599973,云飞路199号,住宅小区,,120302,商务住宅,住宅区,住宅小区
泛海国际竹海园,114.240656,30.602115,淮海路中段(红领巾学校对面),住宅小区,,120302,商务住宅,住宅区,住宅小区
泛海国际香海园,114.246367,30.600871,常青街办事处商务西路,住宅小区,,120302,商务住宅,住宅区,住宅小区
蓝天花园(振兴路),114.240582,30.603156,振兴路和振兴四路交叉路口,住宅小区,,120302,商务住宅,住宅区,住宅小区
常青街扬子社区,114.242717,30.603992,振兴路22号,住宅小区,,120302,商务住宅,住宅区,住宅小区
泛海国际兰海园,114.248919,30.600406,中央商务区淮海路(武汉商务区地铁站M口步行370米),住宅小区,,120302,商务住宅,住宅区,住宅小区
泛海国际碧海园,114.250774,30.60009,云霞路189正西方向80米,住宅小区,,120302,商务住宅,住宅区,住宅小区
合作小区,114.238366,30.605613,发展大道36号,住宅小区,,120302,商务住宅,住宅区,住宅小区
复兴新村小区,114.245206,30.604764,振兴路,住宅小区,,120302,商务住宅,住宅区,住宅小区
泛海国际兰海园(Ⅱ期),114.250934,30.600342,嫩江路与商务东路交叉口东南80米,住宅小区,,120302,商务住宅,住宅区,住宅小区
复兴村合作住宅小区,114.241777,30.605984,复兴村路8号,住宅小区,,120302,商务住宅,住宅区,住宅小区
金山公馆,114.238616,30.60621,发展大道34号,住宅小区,,120302,商务住宅,住宅区,住宅小区
复兴村小区,114.247003,30.604868,常青街,住宅小区,,120302,商务住宅,住宅区,住宅小区
常明里,114.247025,30.604925,振兴巷与振兴路交叉口东南160米,住宅小区,,120302,商务住宅,住宅区,住宅小区
常利里,114.243935,30.606312,常青街办事处复兴村小区,住宅小区,,120302,商务住宅,住宅区,住宅小区
武汉市司法局干警公寓,114.243845,30.606772,常青街常利里27-26号,住宅小区,,120302,商务住宅,住宅区,住宅小区
裕和公寓,114.236436,30.607126,发展大道27号(常码头地铁站C口步行320米),住宅小区,,120302,商务住宅,住宅区,住宅小区
中城悦城一期,114.2416,30.607449,发展大道66号,住宅小区,,120302,商务住宅,住宅区,住宅小区
复兴村汉江公寓,114.244422,30.606939,常利里7号,住宅小区,,120302,商务住宅,住宅区,住宅小区
新华书店常码头综合楼,114.23579,30.607004,发展大道27(常码头地铁站C口步行380米),住宅小区,,120302,商务住宅,住宅区,住宅小区
仁信大楼,114.237725,30.607425,丰雍路与发展大道交叉口北60米,住宅小区,,120201|120302,商务住宅,楼宇,商务写字楼
苗圃新村中区,114.235471,30.607111,发展大道与丰雅路交叉口西北100米,住宅小区,,120302,商务住宅,住宅区,住宅小区
江汉区民政局社区,114.239728,30.608281,汉口复兴一村常腾街8号,住宅小区,,120302,商务住宅,住宅区,住宅小区
泛海国际樱海园,114.251849,30.603682,云霞路(云飞路地铁站A口步行70米),住宅小区,,120302,商务住宅,住宅区,住宅小区
凯德淮海壹号(建设中),114.235942,30.605195,淮海路468号(常码头地铁站B口步行120米),住宅小区,,120302,商务住宅,住宅区,住宅小区
华发中城荟中央首府,114.259404,30.597813,水利路56号,住宅小区,,120302,商务住宅,住宅区,住宅小区
王家墩车站小区,114.259942,30.592928,常青振兴路与王家墩CBD商务区交汇处,住宅小区,,120302,商务住宅,住宅区,住宅小区
詹家墩社区,114.25912,30.598475,华发中央首府北1门左侧,住宅小区,,120302,商务住宅,住宅区,住宅小区
妙墩社区外贸,114.260915,30.597017,水利路322号,住宅小区,,120302,商务住宅,住宅区,住宅小区
妙墩小区,114.261718,30.592583,建设大道623号(王家墩东地铁站B口步行120米),住宅小区,,120302,商务住宅,住宅区,住宅小区
建工广电项目新生活区,114.261723,30.597658,青鸾路68号,住宅小区,,120302,商务住宅,住宅区,住宅小区
荣泰小区,114.261637,30.591292,妙墩路8号(王家墩东地铁站B口步行290米),住宅小区,,120302,商务住宅,住宅区,住宅小区
妙墩路28号,114.262107,30.591764,青年路131号(王家墩东地铁站B口步行140米),住宅小区,,120302,商务住宅,住宅区,住宅小区
泰合花园,114.261803,30.598979,机场河青年路269号,住宅小区,,120302,商务住宅,住宅区,住宅小区
嘉颐新都,114.26261,30.59799,青年路255号,住宅小区,,120302,商务住宅,住宅区,住宅小区
武汉东和天谷中医门诊部(青年路店),114.262894,30.597963,青年路265号A栋102-3202,住宅小区,,120302,商务住宅,住宅区,住宅小区
华发·中城荟,114.259756,30.601637,青年路299号,住宅小区,,120302|120201,商务住宅,住宅区,住宅小区
开关厂宿舍小区,114.263806,30.592652,青年路286号(王家墩东地铁站C1口旁),住宅小区,,120302,商务住宅,住宅区,住宅小区
中庭城堡,114.255025,30.603075,云彩路与范湖路交叉口东北140米,住宅小区,,120302,商务住宅,住宅区,住宅小区
鸿泰佳园,114.261888,30.600543,青年路279号,住宅小区,,120302,商务住宅,住宅区,住宅小区
青年广场,114.263669,30.591734,雪松路1号(王家墩东地铁站C1口步行330米),住宅小区,,120302,商务住宅,住宅区,住宅小区
青年路308号花园道1期,114.264975,30.595725,青年路辅路与青阳路交叉口东160米,住宅小区,,120302,商务住宅,住宅区,住宅小区
泛海国际悦海园,114.257457,30.603455,云杉路(范湖地铁站B口步行390米),住宅小区,,120302,商务住宅,住宅区,住宅小区
建工生活区,114.258475,30.603225,青鸾路73号(范湖地铁站B口步行390米),住宅小区,,120302,商务住宅,住宅区,住宅小区
粤楚·熙江粤,114.263925,30.590675,青年路辅路与云松路交叉口东北80米,住宅小区,,120302,商务住宅,住宅区,住宅小区
国信天宇,114.263975,30.590725,青年路辅路与云松路交叉口东北100米,住宅小区,,120302,商务住宅,住宅区,住宅小区
统建千禧园,114.264983,30.592418,建设大道524号(王家墩东地铁站C2口步行90米),住宅小区,,120302,商务住宅,住宅区,住宅小区
金泰公寓,114.265379,30.596379,西北湖路1号附2号,住宅小区,,120302,商务住宅,住宅区,住宅小区
妙三社区,114.265197,30.597349,西北湖路9号(王家墩东地铁站D1口步行450米),住宅小区,,120302,商务住宅,住宅区,住宅小区
同成广场,114.265518,30.593548,万松园路(王家墩东地铁站C2口步行70米),住宅小区,,120302,商务住宅,住宅区,住宅小区
范湖万达广场1期,114.255725,30.604225,范湖广场路与云杉路交叉口西80米,住宅小区,,120302,商务住宅,住宅区,住宅小区
西北湖·御玺湾,114.264829,30.598968,北湖街街道西北湖路特1号,住宅小区,,120302,商务住宅,住宅区,住宅小区
万豪国际1期,114.26567,30.596725,西北湖路3-85号,住宅小区,,120302,商务住宅,住宅区,住宅小区
白松小区,114.264665,30.590442,云松路与青年路辅路交叉口东北120米,住宅小区,,120302,商务住宅,住宅区,住宅小区
双玺荟,114.265,30.599,西北湖路与黄孝西路交叉口西北120米,住宅小区,,120302,商务住宅,住宅区,住宅小区
东方万豪,114.266146,30.597121,黄孝西路和西北湖路交叉口,住宅小区,,120302,商务住宅,住宅区,住宅小区
教委小区,114.265859,30.591598,万松园路21号(王家墩东地铁站C2口步行350米),住宅小区,,120302,商务住宅,住宅区,住宅小区
西街花园,114.266466,30.592466,万松园路与雪松路交叉口东北60米,住宅小区,,120302,商务住宅,住宅区,住宅小区
中海·万松九里,114.265727,30.590431,万松园路小学旁,住宅小区,,120302,商务住宅,住宅区,住宅小区
武汉广电全媒体中心生活区,114.258225,30.605375,范湖广场路与水利北路交叉口北140米,住宅小区,,120302|120303,商务住宅,住宅区,住宅小区
北湖西路居住区,114.26389,30.602703,北湖西路15号,住宅小区,,120302,商务住宅,住宅区,住宅小区
万松小区北区,114.267568,30.593,雪松路(王家墩东地铁站C2口步行320米),住宅小区,,120302,商务住宅,住宅区,住宅小区
航侧小区,114.262703,30.603816,青年路414号(范湖地铁站C口步行300米),住宅小区,,120302,商务住宅,住宅区,住宅小区
德富花园,114.265337,30.601579,北湖西路2号(碧湖花园附近),住宅小区,,120302,商务住宅,住宅区,住宅小区
光华苑,114.264783,30.60277,常青街办事处北湖西路33号,住宅小区,,120302,商务住宅,住宅区,住宅小区
青松社区,114.267525,30.590958,万松小区39栋特1,住宅小区,,120302,商务住宅,住宅区,住宅小区
西北湖公寓,114.264473,30.603376,北湖小路27-37号,住宅小区,,120302,商务住宅,住宅区,住宅小区
两湖官邸,114.265614,30.602298,北湖西路4号,住宅小区,,120302,商务住宅,住宅区,住宅小区
辉煌公寓,114.263973,30.603863,青年路406号(范湖地铁站C口步行430米),住宅小区,,120302,商务住宅,住宅区,住宅小区
心之家园,114.268625,30.594125,劲松巷与新华小路交叉口西北80米,住宅小区,,120302,商务住宅,住宅区,住宅小区
两湖总都,114.266214,30.601828,北湖街办事处北湖小路99号,住宅小区,,120302,商务住宅,住宅区,住宅小区
航天花园,114.250138,30.60623,常青街办事处振兴路288号,住宅小区,,120302,商务住宅,住宅区,住宅小区
万松小区,114.268598,30.591808,万松街办事处万松园路129号附29号(王家墩东地铁站C2口步行440米),住宅小区,,120302,商务住宅,住宅区,住宅小区
万松小区南区,114.268526,30.5911,万松园路,住宅小区,,120302,商务住宅,住宅区,住宅小区
东臣世纪,114.269261,30.594211,劲松巷与新华小路交叉口北60米,住宅小区,,120302,商务住宅,住宅区,住宅小区
安全村234号小区,114.269257,30.593177,劲松巷与新华小路交叉口南60米,住宅小区,,120302,商务住宅,住宅区,住宅小区
新华小路136号,114.269358,30.59374,劲松巷与新华小路交叉口北20米,住宅小区,,120302,商务住宅,住宅区,住宅小区
常青九村,114.252775,30.607275,常青路与云飞路交叉口西120米,住宅小区,,120302,商务住宅,住宅区,住宅小区
劲松巷小区,114.269337,30.593544,国贸新都A座南侧70米,住宅小区,,120302,商务住宅,住宅区,住宅小区
北湖小路30-36号小区,114.264699,30.604257,北湖小路30-36号,住宅小区,,120302,商务住宅,住宅区,住宅小区
碧湖花园,114.267206,30.601944,西北湖路98号,住宅小区,,120302,商务住宅,住宅区,住宅小区
祥和家园,114.265796,30.603552,北湖西路59-77号,住宅小区,,120302,商务住宅,住宅区,住宅小区
世纪源,114.269877,30.594421,新华小路与劲松巷交叉口东北100米,住宅小区,,120302,商务住宅,住宅区,住宅小区
宇济花园,114.262498,30.606217,马场角路47-49号(范湖地铁站C口步行300米),住宅小区,,120302,商务住宅,住宅区,住宅小区
西湖庭居,114.270115,30.593597,新华小路110号(取水楼地铁站A2口步行470米),住宅小区,,120302,商务住宅,住宅区,住宅小区
世纪华庭,114.269717,30.598588,西北湖路1号,住宅小区,,120302,商务住宅,住宅区,住宅小区
凤凰城,114.26764,30.602679,北湖西路6号,住宅小区,,120302,商务住宅,住宅区,住宅小区
钻石公寓,114.263163,30.606336,马场角路51号(范湖地铁站C口步行300米),住宅小区,,120302,商务住宅,住宅区,住宅小区
城市之光,114.26641,30.604083,北湖西路97号,住宅小区,,120302,商务住宅,住宅区,住宅小区
富豪花园西区,114.264836,30.605462,马场角路46号(范湖地铁站C口步行360米),住宅小区,,120302,商务住宅,住宅区,住宅小区
新华街取水楼社区新华公寓,114.270724,30.593704,新华小路111-1号(取水楼地铁站A2口步行360米),住宅小区,,120302,商务住宅,住宅区,住宅小区
新华小路121号,114.271575,30.593975,新华小路与新华路交叉口西南100米,住宅小区,,120302,商务住宅,住宅区,住宅小区
新华小路129号,114.272225,30.594225,新华小路与新华路交叉口西南40米,住宅小区,,120302,商务住宅,住宅区,住宅小区
新华壹号,114.27055,30.597872,新华路建银大厦东侧约70米,住宅小区,,120302,商务住宅,住宅区,住宅小区
新华明珠,114.272264,30.59241,新华路215号,住宅小区,,120302,商务住宅,住宅区,住宅小区
建文明社区,114.271807,30.598426,黄孝北路与新华路交叉口东南40米,住宅小区,,120302,商务住宅,住宅区,住宅小区
新华小区,114.272435,30.598469,黄孝南路10号(取水楼地铁站D口步行330米),住宅小区,,120302,商务住宅,住宅区,住宅小区
东一时区,114.272447,30.591377,银松道138号,住宅小区,,120302,商务住宅,住宅区,住宅小区
北湖邮电公寓,114.271615,30.598993,北湖街办事处新华路(湖锦酒楼对面),住宅小区,,120302,商务住宅,住宅区,住宅小区
银松路106号院,114.271975,30.591025,银松路与红松巷交叉口东北20米,住宅小区,,120302,商务住宅,住宅区,住宅小区
武汉星宇世纪,114.273793,30.598053,建设大道729号(取水楼地铁站C1口步行60米),住宅小区,,120302,商务住宅,住宅区,住宅小区
黛西花园厅,114.270775,30.59947,新华路与黄孝北路交叉口西北120米,住宅小区,,120302,商务住宅,住宅区,住宅小区
邮政小区(新华路),114.272394,30.59908,北湖街道黄孝南路12号(取水楼地铁站D口步行290米),住宅小区,,120302,商务住宅,住宅区,住宅小区
黄孝北路14号,114.273047,30.599035,北湖街道黄孝北路17号,住宅小区,,120302,商务住宅,住宅区,住宅小区
天下·国际公馆,114.274957,30.59264,台北一路2号,住宅小区,,120302,商务住宅,住宅区,住宅小区
杂技厅小区,114.27488,30.59803,建设大道与云林街交叉口西60米,住宅小区,,120302,商务住宅,住宅区,住宅小区
建银小区(云林街),114.27589,30.597026,云林街1-5号(取水楼地铁站E口步行120米),住宅小区,,120302,商务住宅,住宅区,住宅小区
华银城小区,114.274813,30.598878,建设大道737号(取水楼地铁站K口旁),住宅小区,,120302,商务住宅,住宅区,住宅小区
中环大厦,114.276792,30.595586,云林街31号,住宅小区,,120302,商务住宅,住宅区,住宅小区
黄孝河故道住宅工程,114.274667,30.599457,建设大道新华小区(正街社区附近),住宅小区,,120302,商务住宅,住宅区,住宅小区
利源公寓高雄小区,114.276662,30.593148,台北一路特9号,住宅小区,,120302,商务住宅,住宅区,住宅小区
武汉建苑,114.277033,30.595943,云林街与台北二路交叉口西40米,住宅小区,,120302,商务住宅,住宅区,住宅小区
云林社区,114.277261,30.595157,云林街单号43-59、63号,住宅小区,,120302,商务住宅,住宅区,住宅小区
观湖铂金公寓,114.277172,30.593852,云林街65号,住宅小区,,120302,商务住宅,住宅区,住宅小区
台北玖号,114.277282,30.593206,江岸区台北一路与云林街交汇处,住宅小区,,120302,商务住宅,住宅区,住宅小区
小南湖芬香园,114.277033,30.592351,台北一路2-140号附近,住宅小区,,120302,商务住宅,住宅区,住宅小区
颐园公寓,114.277883,30.59351,云林街77-89号,住宅小区,,120302,商务住宅,住宅区,住宅小区
台颐公寓,114.277882,30.593313,云林街91-97号,住宅小区,,120302,商务住宅,住宅区,住宅小区
台北二村,114.27769,30.597329,台北路(取水楼地铁站F口步行150米),住宅小区,,120302,商务住宅,住宅区,住宅小区
小南湖大厦,114.27752,30.592265,台北一路26号附2号,住宅小区,,120302,商务住宅,住宅区,住宅小区
江汉北路175号,114.276005,30.590207,新华街道江汉北路179号,住宅小区,,120302,商务住宅,住宅区,住宅小区
环保小院,114.272058,30.602129,新华路424号,住宅小区,,120302,商务住宅,住宅区,住宅小区
星云阁,114.275957,30.589734,新华路202号,住宅小区,,120302,商务住宅,住宅区,住宅小区
城开园丁苑,114.269341,30.602367,北湖西路与马场角横路交叉口东南160米,住宅小区,,120302,商务住宅,住宅区,住宅小区
云林街60号,114.278515,30.593462,金墩街与云林街交叉口东北40米,住宅小区,,120302,商务住宅,住宅区,住宅小区
和美社区3区,114.278665,30.594071,云林街48-50号,住宅小区,,120302,商务住宅,住宅区,住宅小区
北湖正街小区,114.273932,30.601768,北湖路与北湖正街交叉口东北60米,住宅小区,,120302,商务住宅,住宅区,住宅小区
长发小康苑,114.278737,30.59348,云林街56-82号,住宅小区,,120302,商务住宅,住宅区,住宅小区
建银小区,114.277333,30.590512,西马街办事处江汉北路66号,住宅小区,,120302,商务住宅,住宅区,住宅小区
王家墩机场小区,114.277758,30.591009,江汉北路68号,住宅小区,,120302,商务住宅,住宅区,住宅小区
人智里,114.274687,30.601705,北湖街办事处北湖宿舍(取水楼地铁站H口步行360米),住宅小区,,120302,商务住宅,住宅区,住宅小区
台南社区,114.278687,30.592514,台北一路30-36号,住宅小区,,120302,商务住宅,住宅区,住宅小区
天润·北湖假日,114.269457,30.602873,新华路271号,住宅小区,,120302,商务住宅,住宅区,住宅小区
台北小区,114.278491,30.598059,台北路177附1号附近,住宅小区,,120302,商务住宅,住宅区,住宅小区
交通小区,114.279105,30.596327,台北二路12-40号(取水楼地铁站G2口步行450米),住宅小区,,120302,商务住宅,住宅区,住宅小区
明珠商住楼,114.279052,30.596993,台北二路与台北路交叉口西100米,住宅小区,,120302|120201,商务住宅,住宅区,住宅小区
北湖小区,114.272063,30.603011,新华下路20号,住宅小区,,120302,商务住宅,住宅区,住宅小区
环亚艺树家,114.279626,30.593903,台北一路23号,住宅小区,,120302,商务住宅,住宅区,住宅小区
台北二村1区,114.27937,30.597391,台北路(取水楼地铁站G2口步行290米),住宅小区,,120302,商务住宅,住宅区,住宅小区
北湖公寓,114.269286,30.603401,北湖西路8号,住宅小区,,120302,商务住宅,住宅区,住宅小区
中燃暖居,114.279747,30.596687,台北二路与台北路交叉口西南80米,住宅小区,,120302,商务住宅,住宅区,住宅小区
黄孝北路商品房住宅区,114.277731,30.600385,黄孝北路48号(菱角湖地铁站C口步行460米),住宅小区,,120302,商务住宅,住宅区,住宅小区
江花小区,114.275416,30.602281,人智里60-65号(菱角湖地铁站A口步行230米),住宅小区,,120302,商务住宅,住宅区,住宅小区
银丰公寓(台北路),114.277657,30.600746,台北街街道台北路218号,住宅小区,,120302,商务住宅,住宅区,住宅小区
湖影公寓,114.270241,30.603747,北湖西路14号,住宅小区,,120302,商务住宅,住宅区,住宅小区
台北街和美社区,114.280406,30.59567,台北路与台北二路交叉口南180米,住宅小区,,120302,商务住宅,住宅区,住宅小区
长航小区,114.276154,30.60226,台北路215号(菱角湖地铁站A口步行280米),住宅小区,,120302,商务住宅,住宅区,住宅小区
台北教师公寓,114.280387,30.59389,台北一路27号,住宅小区,,120302,商务住宅,住宅区,住宅小区
人德里,114.273172,30.603598,北湖街办事处北湖办事处(菱角湖地铁站A口步行240米),住宅小区,,120302,商务住宅,住宅区,住宅小区
台北苑,114.28013,30.592638,台北一路74号附1号,住宅小区,,120302,商务住宅,住宅区,住宅小区
江北社区,114.277643,30.588787,江汉北路18号,住宅小区,,120302,商务住宅,住宅区,住宅小区
省社大院小区,114.278975,30.590225,江汉北路与西马后路交叉口东北120米,住宅小区,,120302,商务住宅,住宅区,住宅小区
北湖街毛纺大院,114.275414,30.602804,北湖东巷49-59号附近,住宅小区,,120302,商务住宅,住宅区,住宅小区
碧波公寓,114.280234,30.592351,台北一路80号,住宅小区,,120302,商务住宅,住宅区,住宅小区
添地公寓,114.269861,30.604223,新华下路29号,住宅小区,,120302,商务住宅,住宅区,住宅小区
莫愁公寓,114.27487,30.603245,北湖东巷人智里70号楼(菱角湖地铁站A口步行90米),住宅小区,,120302,商务住宅,住宅区,住宅小区
楼高高,114.279398,30.590472,江汉北路34号,住宅小区,,120302,商务住宅,住宅区,住宅小区
江汉北路34号小区,114.27878,30.589594,江汉北路与精武三路交叉口北40米,住宅小区,,120302,商务住宅,住宅区,住宅小区
赏荷居,114.279312,30.590075,江汉北路34号,住宅小区,,120302,商务住宅,住宅区,住宅小区
金星花苑,114.274611,30.603566,长江日报路23号(菱角湖地铁站A口步行90米),住宅小区,,120302,商务住宅,住宅区,住宅小区
商务中心商品房,114.276177,30.602825,北湖东巷与台北路交叉口西北60米,住宅小区,,120302,商务住宅,住宅区,住宅小区
万达公馆,114.272975,30.604225,长江日报路人德里西门西北侧约60米,住宅小区,,120302,商务住宅,住宅区,住宅小区
万达公馆1号,114.272975,30.604225,长江日报路与北湖路交叉口西60米,住宅小区,,120302,商务住宅,住宅区,住宅小区
中侨观邸,114.281082,30.594096,台北一路31号,住宅小区,,120302,商务住宅,住宅区,住宅小区
新世纪都市花园上园,114.267567,30.604385,西北湖路17号,住宅小区,,120302,商务住宅,住宅区,住宅小区
天下名苑,114.275266,30.603559,长江日报路25号(菱角湖地铁站A口步行140米),住宅小区,,120302,商务住宅,住宅区,住宅小区
德望社区,114.277309,30.602471,台北路230号(菱角湖地铁站C口步行200米),住宅小区,,120302,商务住宅,住宅区,住宅小区
新华豪庭,114.269923,30.604817,新华下路17号,住宅小区,,120302,商务住宅,住宅区,住宅小区
武汉万科翡翠国际,114.2787,30.601447,建设大道与长江日报路交叉口,住宅小区,,120302,商务住宅,住宅区,住宅小区
华祥苑·喜苑(新华路店),114.268913,30.604839,优创工坊内30米喜苑,住宅小区,,120302|050100,商务住宅,住宅区,住宅小区
北鑫花苑,114.275878,30.603583,长江日报路27号(菱角湖地铁站A口步行70米),住宅小区,,120302,商务住宅,住宅区,住宅小区
指挥部职工生活区,114.279825,30.600275,建设大道辅路与长江日报南路交叉口西南140米,住宅小区,,120303|120302,商务住宅,住宅区,
天门墩电信小区,114.27652,30.60331,天门墩17-37号(菱角湖地铁站C口步行110米),住宅小区,,120302,商务住宅,住宅区,住宅小区
华港苑,114.281618,30.594222,台北一路33号,住宅小区,,120302,商务住宅,住宅区,住宅小区
新兴花园晴雅轩,114.268793,30.605114,新华街办事处新华路375号,住宅小区,,120302,商务住宅,住宅区,住宅小区
客运站宿舍,114.280673,30.590621,江汉北路与精武三路交叉口东北240米,住宅小区,,120302,商务住宅,住宅区,住宅小区
天下·城市星座,114.273992,30.604675,长江日报路28号(菱角湖地铁站D口步行100米),住宅小区,,120302,商务住宅,住宅区,住宅小区
台北三村,114.281871,30.59641,台北三村63-65,住宅小区,,120302,商务住宅,住宅区,住宅小区
越秀·国际金融汇一期,114.278928,30.588103,精武三路与精武中路交叉口东80米,住宅小区,,120302,商务住宅,住宅区,住宅小区
新华家协会社区,114.275637,30.585799,新华路与精武横路交叉口南240米,住宅小区,,120302,商务住宅,住宅区,住宅小区
华润万象城幸福里,114.281222,30.598919,台北二路(取水楼地铁站出入口步行440米),住宅小区,,120302,商务住宅,住宅区,住宅小区
银城大厦,114.281933,30.596824,汉口江岸区台北三村66号(近台北路),住宅小区,,120302,商务住宅,住宅区,住宅小区
台北院子D区,114.282125,30.594525,台北一路与台北路交叉口西120米,住宅小区,,120302,商务住宅,住宅区,住宅小区
港信小区,114.268574,30.605407,新华路389-409号,住宅小区,,120302,商务住宅,住宅区,住宅小区
北湖街黄菱苑,114.279043,30.602124,长江日报路59-73号(菱角湖地铁站C口步行370米),住宅小区,,120302,商务住宅,住宅区,住宅小区
台北路97-101号小区,114.28228,30.595124,台北路与台北一路交叉口西北140米,住宅小区,,120302,商务住宅,住宅区,住宅小区
菱角湖壹号,114.272422,30.605542,新华路456号(菱角湖地铁站D口步行230米),住宅小区,,120302,商务住宅,住宅区,住宅小区
聚友小区,114.28002,30.601547,长江日报路93号(取水楼地铁站H口步行450米),住宅小区,,120302,商务住宅,住宅区,住宅小区
澎湖公寓,114.282607,30.59596,台北路106号,住宅小区,,120302,商务住宅,住宅区,住宅小区
建银小区(台北路),114.282378,30.597283,台北街办事处银城大厦(台北路),住宅小区,,120302,商务住宅,住宅区,住宅小区
新世纪都市花园沁园春,114.266703,30.605529,马场角路,住宅小区,,120302,商务住宅,住宅区,住宅小区
香江新村社区,114.274725,30.605175,天门墩一路与天门墩路交叉口西北60米,住宅小区,,120302,商务住宅,住宅区,住宅小区
法院小区,114.274727,30.605188,天门墩路5号(菱角湖地铁站D口步行140米),住宅小区,,120302|120303,商务住宅,住宅区,住宅小区
德润社区,114.265792,30.605507,马场角横路与马场角路交叉口东南180米,住宅小区,,120302,商务住宅,住宅区,住宅小区
和谐小区,114.276995,30.60438,台北路与长江日报路交叉口东北60米,住宅小区,,120302,商务住宅,住宅区,住宅小区
江都仕嘉,114.280071,30.58796,江汉北路77号,住宅小区,,120302,商务住宅,住宅区,住宅小区
金融花园,114.282479,30.598228,台北二路,住宅小区,,120302,商务住宅,住宅区,住宅小区
新华时代,114.268315,30.606157,新华路425-439号,住宅小区,,120302,商务住宅,住宅区,住宅小区
石化小区,114.274526,30.605578,天门墩一路4(菱角湖地铁站D口步行150米),住宅小区,,120302,商务住宅,住宅区,住宅小区
江北社区1区,114.281229,30.589119,江汉北路18附4附近,住宅小区,,120302,商务住宅,住宅区,住宅小区
东方时空,114.279701,30.587266,新华街办事处江汉北路民航大酒店旁,住宅小区,,120302,商务住宅,住宅区,住宅小区
食品大院,114.270625,30.606375,新华路与唐家墩路交叉口东南200米,住宅小区,,120302,商务住宅,住宅区,住宅小区
莹湖公寓,114.28245,30.598997,台北二路64号,住宅小区,,120302,商务住宅,住宅区,住宅小区
富豪花园,114.264949,30.605622,马场角路50号,住宅小区,,120302,商务住宅,住宅区,住宅小区
香江新村南区,114.275297,30.605549,唐家墩街办事处(菱角湖地铁站D口步行200米),住宅小区,,120302,商务住宅,住宅区,住宅小区
新世纪都市花园,114.266799,30.60627,马场角路与马场角横路交叉口东220米,住宅小区,,120302,商务住宅,住宅区,住宅小区
八一二小区,114.274293,30.606075,新天门墩9号(菱角湖地铁站D口步行260米),住宅小区,,120302,商务住宅,住宅区,住宅小区
鑫涛苑(渣家左路店),114.282115,30.589741,江汉北路渣左新村63号,住宅小区,,120302,商务住宅,住宅区,住宅小区
江汉北路12号院,114.2815,30.5888,江汉北路12-5号附近,住宅小区,,120302,商务住宅,住宅区,住宅小区
宝岛公寓,114.284806,30.595031,台北街办事处台北一路129号,住宅小区,,120302,商务住宅,住宅区,住宅小区
万科阅庐,114.285495,30.595359,西马街办事处高雄路39号,住宅小区,,120302,商务住宅,住宅区,住宅小区
招银苑,114.286036,30.594929,西马街办事处台北一路155号,住宅小区,,120302,商务住宅,住宅区,住宅小区
台北花苑,114.283819,30.595339,台北路100号(武汉勘察设计大厦旁),住宅小区,,120302,商务住宅,住宅区,住宅小区
桃源里,114.284719,30.593895,台北路与台北一路交叉口东120米,住宅小区,,120302,商务住宅,住宅区,住宅小区
苗栗路3号小区,114.286752,30.595051,苗栗路3号,住宅小区,,120302,商务住宅,住宅区,住宅小区
国信城,114.286462,30.59363,高雄路特1号,住宅小区,,120302,商务住宅,住宅区,住宅小区
高雄社区长航村小区,114.286105,30.593396,台北路74-92号,住宅小区,,120302,商务住宅,住宅区,住宅小区
苗栗路8号,114.287253,30.594854,苗栗路与高雄路交叉口东60米,住宅小区,,120302,商务住宅,住宅区,住宅小区
湖光公寓,114.286225,30.596675,台北街办事处高雄路59(苗栗路地铁站D口步行480米),住宅小区,,120302,商务住宅,住宅区,住宅小区
高雄小区,114.287465,30.596089,马祖路,住宅小区,,120302,商务住宅,住宅区,住宅小区
港台名邸,114.28786,30.595363,西马街办事处苗粟路7号,住宅小区,,120302,商务住宅,住宅区,住宅小区
万科金域湖庭,114.286728,30.597142,西马街办事处高雄路26号,住宅小区,,120302,商务住宅,住宅区,住宅小区
香港路社区,114.287308,30.596906,马祖路9号,住宅小区,,120302,商务住宅,住宅区,住宅小区
台中新居,114.287946,30.593716,台东路99号,住宅小区,,120302,商务住宅,住宅区,住宅小区
福隆花园,114.287626,30.597169,马祖路15号,住宅小区,,120302,商务住宅,住宅区,住宅小区
熊家台小区,114.288634,30.594415,台东路121号,住宅小区,,120302,商务住宅,住宅区,住宅小区
台北沁园,114.28882,30.594991,台北一路178号(香港路和苗栗路的交汇处),住宅小区,,120302,商务住宅,住宅区,住宅小区
高雄路91号小区,114.286252,30.598331,高雄路91号,住宅小区,,120302,商务住宅,住宅区,住宅小区
百帝苑,114.289239,30.595519,西马街办事处西马路85号,住宅小区,,120302,商务住宅,住宅区,住宅小区
紫荆花园二期,114.288417,30.597341,香港路37号(苗栗路地铁站D口步行270米),住宅小区,,120302,商务住宅,住宅区,住宅小区
百帝苑A座,114.289384,30.595977,西马街办事处西马路85号百帝苑,住宅小区,,120302,商务住宅,住宅区,住宅小区
港台公寓,114.289535,30.594648,台东路155号(苗栗路地铁站D口步行480米),住宅小区,,120302,商务住宅,住宅区,住宅小区
紫荆花园(苗栗路),114.288938,30.597151,高雄路38-48号附近(苗栗路地铁站D口步行170米),住宅小区,,120302,商务住宅,住宅区,住宅小区
新香港大厦,114.28946,30.596302,苗栗路46-48号(苗栗路地铁站D口步行310米),住宅小区,,120302,商务住宅,住宅区,住宅小区
台北名居,114.287579,30.591355,台北路6号,住宅小区,,120302,商务住宅,住宅区,住宅小区
民政局宿舍,114.286342,30.599127,高雄路99-103号,住宅小区,,120302,商务住宅,住宅区,住宅小区
西马路小区,114.289994,30.595017,西马路与台东路交叉口北60米,住宅小区,,120302,商务住宅,住宅区,住宅小区
幸源雅城,114.289894,30.596272,西马路79号(香港路与西马路交汇处),住宅小区,,120302,商务住宅,住宅区,住宅小区
开源·阳光城,114.289958,30.597246,苗栗路61号(苗栗路地铁站D口步行230米),住宅小区,,120302,商务住宅,住宅区,住宅小区
金湖公寓,114.284167,30.599871,花莲里155-158号,住宅小区,,120302,商务住宅,住宅区,住宅小区
江城蜂巢花莲社区,114.286332,30.600109,高雄路107附7号(香港路地铁站B口步行430米),住宅小区,,120302,商务住宅,住宅区,住宅小区
香榭里小区,114.288912,30.599013,香港路79号(苗栗路地铁站C口步行70米),住宅小区,,120302,商务住宅,住宅区,住宅小区
新三巷社区,114.29113,30.595465,西马路(苗栗路地铁站D口步行280米),住宅小区,,120302,商务住宅,住宅区,住宅小区
光荣坊,114.287729,30.590246,光荣村31号附近,住宅小区,,120302,商务住宅,住宅区,住宅小区
万科锦绣湖山物业,114.286825,30.600125,嘉义路与高雄路交叉口东40米,住宅小区,,120302,商务住宅,住宅区,住宅小区
周家墩小宛,114.287438,30.59997,香港路周家墩12(苗栗路地铁站C口步行340米),住宅小区,,120302,商务住宅,住宅区,住宅小区
中寰润府,114.288403,30.599596,香港路107号(苗栗路地铁站C口),住宅小区,,120302,商务住宅,住宅区,住宅小区
荣光小区,114.287437,30.5898,解放大道与黄石路交叉口西北80米,住宅小区,,120302,商务住宅,住宅区,住宅小区
香榭大厦,114.291333,30.596948,亚单角16号东门(香港路与苗栗路交汇处),住宅小区,,120302,商务住宅,住宅区,住宅小区
269小区,114.287195,30.600554,香港路(苗栗路地铁站C口步行250米),住宅小区,,120302,商务住宅,住宅区,住宅小区
康怡花园,114.290509,30.598537,香港路(苗栗路地铁站D口步行140米),住宅小区,,120302,商务住宅,住宅区,住宅小区
亚当角小区,114.291625,30.596625,香港路与西马路交叉口东80米,住宅小区,,120302,商务住宅,住宅区,住宅小区
福怡苑,114.288259,30.60026,香港路101-105号(苗栗路地铁站C口步行180米),住宅小区,,120302,商务住宅,住宅区,住宅小区
周家墩,114.287626,30.60075,嘉义路与香港路交叉口西100米,住宅小区,,120302,商务住宅,住宅区,住宅小区
君悦尚品,114.29219,30.596024,香港路18号(大智路地铁站E2口步行460米),住宅小区,,120302,商务住宅,住宅区,住宅小区
金川阁小区,114.291134,30.591392,解放南路12号(大智路地铁站F口步行470米),住宅小区,,120302,商务住宅,住宅区,住宅小区
教委大院,114.291175,30.598567,香港路52号(苗栗路地铁站D口步行430米),住宅小区,,120302,商务住宅,住宅区,住宅小区
桥东小区,114.291639,30.597975,苗栗路与模范路交叉口北60米,住宅小区,,120302,商务住宅,住宅区,住宅小区
中行花苑,114.285686,30.601496,高雄路151号(香港路地铁站B口步行400米),住宅小区,,120302,商务住宅,住宅区,住宅小区
同庆阁社区,114.292356,30.593297,解放大道1080号(大智路地铁站F口步行90米),住宅小区,,120302,商务住宅,住宅区,住宅小区
渣家路小区,114.282683,30.588741,渣家左路与江汉北路交叉口东北140米,住宅小区,,120302,商务住宅,住宅区,住宅小区
华美国际,114.288185,30.601029,香港路117号(苗栗路地铁站C口步行230米),住宅小区,,120302,商务住宅,住宅区,住宅小区
盈安2期,114.291975,30.592075,解放南路与义和巷交叉口东40米,住宅小区,,120302,商务住宅,住宅区,住宅小区
鑫汉城市花园,114.29102,30.590774,解放南路12号附8-18号,住宅小区,,120302,商务住宅,住宅区,住宅小区
模范路16号,114.292578,30.596602,模范路与苗栗路交叉口东南140米,住宅小区,,120302,商务住宅,住宅区,住宅小区
惠西小区,114.283454,30.601592,高雄路167号(香港路地铁站A口步行190米),住宅小区,,120302,商务住宅,住宅区,住宅小区
平安苑1期,114.285975,30.601775,高雄路与花莲里交叉口西北60米,住宅小区,,120302,商务住宅,住宅区,住宅小区
中奇香港花园,114.286715,30.601701,西马路293号(香港路儿童医院斜对面),住宅小区,,120302,商务住宅,住宅区,住宅小区
安和九龙阁,114.287635,30.601477,香港路121号(苗栗路地铁站C口步行310米),住宅小区,,120302,商务住宅,住宅区,住宅小区
台北央玺(建设中),114.287643,30.592252,台东路与高雄路交叉口南100米,住宅小区,,120302,商务住宅,住宅区,住宅小区
万科锦绣湖山(建设中),114.286834,30.600144,高雄路86号,住宅小区,,120302,商务住宅,住宅区,住宅小区
馨悦国际,114.292268,30.592055,义和巷6(大智路地铁站G口步行360米),住宅小区,,120302,商务住宅,住宅区,住宅小区
安静社区北区,114.289771,30.589424,球场街街道黄石路35号,住宅小区,,120302,商务住宅,住宅区,住宅小区
安静社区,114.289754,30.589408,黄石路35号附2号,住宅小区,,120302,商务住宅,住宅区,住宅小区
平安苑,114.285917,30.601891,高雄路126-128号(香港路地铁站B口步行350米),住宅小区,,120302,商务住宅,住宅区,住宅小区
模范路社区,114.292817,30.596808,球场路9号(大智路地铁站E2口步行440米),住宅小区,,120302,商务住宅,住宅区,住宅小区
世纪皇冠,114.293005,30.593909,解放大道1092号(大智路地铁站F口步行150米),住宅小区,,120302,商务住宅,住宅区,住宅小区
香港路综合大楼,114.289307,30.600975,香港路90-92号(苗栗路地铁站B口步行260米),住宅小区,,120302,商务住宅,住宅区,住宅小区
荷花池小区,114.286913,30.601934,香港路与花莲里交叉口西80米,住宅小区,,120302,商务住宅,住宅区,住宅小区
模范三村,114.292979,30.59738,球场街办事处球场路(苗栗路地铁站D口步行380米),住宅小区,,120302,商务住宅,住宅区,住宅小区
武汉剧院村,114.288121,30.588162,解放大道1014附1号(循礼门地铁站G口步行280米),住宅小区,,120302,商务住宅,住宅区,住宅小区
模范新村,114.292398,30.598669,苗栗路西马街道金门社区(苗栗路地铁站B口步行290米),住宅小区,,120302,商务住宅,住宅区,住宅小区
金地·京汉1903小区,114.291775,30.590352,汉口京汉大道大智路(大智路地铁站G口步行270米),住宅小区,,120302,商务住宅,住宅区,住宅小区
金地名郡商业裙房,114.291975,30.590375,京汉大道与义和巷交叉口西60米,住宅小区,,120302,商务住宅,住宅区,住宅小区
江岸区台北街道花莲社区老年宜居社区省农资大院,114.284496,30.602599,花莲社区高雄路167号(香港路地铁站A口步行250米),住宅小区,,120302,商务住宅,住宅区,住宅小区
西马街金门社区,114.292773,30.598798,球场路97号(苗栗路地铁站D口步行290米),住宅小区,,120304|120302,商务住宅,住宅区,
光大华庭,114.286557,30.602605,香港路161号(香港路地铁站B口步行190米),住宅小区,,120302,商务住宅,住宅区,住宅小区
标达花园,114.292912,30.591344,京汉大道887-895号,住宅小区,,120302,商务住宅,住宅区,住宅小区
球场一里,114.293915,30.593602,球场街办事处大智路(大智路地铁站E2口旁),住宅小区,,120302,商务住宅,住宅区,住宅小区
联医社区,114.29111,30.600865,球场路133号(苗栗路地铁站B口步行340米),住宅小区,,120302,商务住宅,住宅区,住宅小区
兆瑞国际大酒店(暂停营业),114.284686,30.602895,高雄路160号,住宅小区,,100102|120302,住宿服务,酒店宾馆,
武汉花鸟市场,114.29246,30.600088,球场路52号(苗栗路地铁站B口步行340米),住宅小区,,120302|060500,商务住宅,住宅区,住宅小区
市政家属院,114.29358,30.59861,苗栗路与球场路交叉口东北40米,住宅小区,,120302,商务住宅,住宅区,住宅小区
球场路143号小区,114.291162,30.601309,球场路与湖边坊路交叉口西北140米,住宅小区,,120302,商务住宅,住宅区,住宅小区
球场路16号,114.293561,30.598693,苗栗路与球场路交叉口北40米,住宅小区,,120302,商务住宅,住宅区,住宅小区
汇景宫,114.291297,30.588785,京汉大道与瑞祥路交叉口南60米,住宅小区,,120302,商务住宅,住宅区,住宅小区
澳门路社区,114.293871,30.598267,球场路4号,住宅小区,,120302,商务住宅,住宅区,住宅小区
惠东花园,114.285296,30.60338,香港路181号(香港路地铁站B口旁),住宅小区,,120302,商务住宅,住宅区,住宅小区
化工小区,114.293491,30.599217,苗栗路91号(苗栗路地铁站B口步行410米),住宅小区,,120302,商务住宅,住宅区,住宅小区
化工宿舍,114.293697,30.598962,球场路18号(苗栗路地铁站B口步行400米),住宅小区,,120303|120302,商务住宅,住宅区,
黄石里,114.290572,30.587976,京汉大道与黄石路交叉口东60米,住宅小区,,120302,商务住宅,住宅区,住宅小区
大智嘉园,114.293159,30.590198,京汉大道1058号(大智路地铁站G口步行290米),住宅小区,,120302,商务住宅,住宅区,住宅小区
球场路163号小区,114.289668,30.602608,光华路与球场路交叉口西南80米,住宅小区,,120302,商务住宅,住宅区,住宅小区
大智嘉园I区,114.293868,30.590861,京汉大道1058号大智嘉园,住宅小区,,120302,商务住宅,住宅区,住宅小区
苗栗社区,114.29454,30.597907,球场村2号附1号,住宅小区,,120302,商务住宅,住宅区,住宅小区
球场路151号,114.290625,30.602275,球场路与光华路交叉口东南120米,住宅小区,,120302,商务住宅,住宅区,住宅小区
绿城沁百合(建设中),114.295125,30.595775,球场街92号(大智路地铁站E2口步行390米),住宅小区,,120302,商务住宅,住宅区,住宅小区
康胜庭院,114.290661,30.60228,球场路与光华路交叉口东南120米,住宅小区,,120302,商务住宅,住宅区,住宅小区
康顺庭苑,114.293317,30.600066,球场路44号(苗栗路地铁站B口步行380米),住宅小区,,120302,商务住宅,住宅区,住宅小区
球新社区,114.295149,30.593995,解放南路110号(大智路地铁站C口步行90米),住宅小区,,120302,商务住宅,住宅区,住宅小区
逸居阁,114.290553,30.602406,球场路与光华路交叉口东南100米,住宅小区,,120302,商务住宅,住宅区,住宅小区
球场花园,114.293727,30.599694,球场路34、36、38号,住宅小区,,120302,商务住宅,住宅区,住宅小区
市政公馆,114.293566,30.599959,球场路40号(苗栗路地铁站B口步行370米),住宅小区,,120302,商务住宅,住宅区,住宅小区
文明小区,114.289248,30.60315,球场路与光华路交叉口西60米,住宅小区,,120302,商务住宅,住宅区,住宅小区
京汉花园,114.295402,30.59442,京汉大道919号(大智路地铁站C口步行180米),住宅小区,,120302,商务住宅,住宅区,住宅小区
高家台182号,114.281084,30.603334,建设大道879号(香港路地铁站H口步行380米),住宅小区,,120302,商务住宅,住宅区,住宅小区
解放南路160号,114.295495,30.595133,解放南路与球场横街交叉口西南40米,住宅小区,,120302,商务住宅,住宅区,住宅小区
长报小区,114.280186,30.603041,高家台路190-206号,住宅小区,,120302,商务住宅,住宅区,住宅小区
大智小区,114.293837,30.590048,大智街道交易横街41号(大智路地铁站G口步行270米),住宅小区,,120302,商务住宅,住宅区,住宅小区
中南建院工地,114.291288,30.602396,球场路与光华路交叉口东南160米,住宅小区,,120302,商务住宅,住宅区,住宅小区
球场路附52号小区,114.293283,30.600815,球场路附52号(苗栗路地铁站B口步行380米),住宅小区,,120302,商务住宅,住宅区,住宅小区
童康小区,114.289575,30.603325,球场路与光华路交叉口西40米,住宅小区,,120302,商务住宅,住宅区,住宅小区
街村社区,114.294716,30.598937,球场路2-8号附近,住宅小区,,120302,商务住宅,住宅区,住宅小区
绿茵仁居,114.295024,30.598431,球场村2号(三阳路地铁站G口步行390米),住宅小区,,120302,商务住宅,住宅区,住宅小区
车站街尚德社区,114.295214,30.591517,大智路口轻轨车站旁(大智路地铁站A口步行70米),住宅小区,,120302,商务住宅,住宅区,住宅小区
大智公寓,114.294453,30.590143,大智路125号(大智路地铁站G口步行230米),住宅小区,,120302,商务住宅,住宅区,住宅小区
裕华公寓,114.294909,30.590782,友益街102号(大智路地铁站A口步行180米),住宅小区,,120302,商务住宅,住宅区,住宅小区
融科·天城二期,114.295962,30.596388,解放大道1155号(三阳路地铁站H口步行370米),住宅小区,,120302,商务住宅,住宅区,住宅小区
城中坊,114.294538,30.599911,苗栗路115-129号,住宅小区,,120302,商务住宅,住宅区,住宅小区
中城国际2期,114.300191,30.59519,一元路与公安街交叉口东北40米,住宅小区,,120302,商务住宅,住宅区,住宅小区
中城国际,114.299697,30.595593,京汉大道1238号(三阳路地铁站K2口步行360米),住宅小区,,120302,商务住宅,住宅区,住宅小区
武汉市长安公安一村,114.299325,30.594425,公安横街与公安街交叉口南80米,住宅小区,,120302,商务住宅,住宅区,住宅小区
车站街道华清社区,114.300899,30.595502,公安路16号(三阳路地铁站K2口步行310米),住宅小区,,120302,商务住宅,住宅区,住宅小区
长安社区东区,114.299124,30.594416,车站街(大智路地铁站B口步行460米),住宅小区,,120302,商务住宅,住宅区,住宅小区
中城国际1期,114.298577,30.595094,京汉大道1238号(三阳路地铁站K1口步行450米),住宅小区,,120302,商务住宅,住宅区,住宅小区
中福时代,114.300171,30.59625,车站街道华清社区公安路68号(三阳路地铁站K2口步行230米),住宅小区,,120302,商务住宅,住宅区,住宅小区
民福金堡大厦,114.301482,30.595044,一元街办事处中山大道961号,住宅小区,,120302,商务住宅,住宅区,住宅小区
如寿里人家,114.299382,30.593447,友益街157号天声街,住宅小区,,120302,商务住宅,住宅区,住宅小区
永庆里,114.30058,30.593421,友益街,住宅小区,,120302,商务住宅,住宅区,住宅小区
通达公寓,114.29811,30.594299,长安里39号(车站派出所旁),住宅小区,,120302|100200,商务住宅,住宅区,住宅小区
华清园,114.301446,30.596595,车站街道华清社区中山大道975号(三阳路地铁站K2口步行130米),住宅小区,,120302,商务住宅,住宅区,住宅小区
三阳里,114.300641,30.59305,友益街,住宅小区,,120302,商务住宅,住宅区,住宅小区
长安社区西区,114.298031,30.593828,车站路(大智路地铁站B口步行350米),住宅小区,,120302,商务住宅,住宅区,住宅小区
潞安里,114.298925,30.592775,天声街与友益街交叉口西40米,住宅小区,,120302,商务住宅,住宅区,住宅小区
坤厚里,114.30247,30.593835,一元路6号,住宅小区,,120302,商务住宅,住宅区,住宅小区
海寿里,114.300895,30.592654,海寿街10号,住宅小区,,120302,商务住宅,住宅区,住宅小区
融科·天城一期,114.297032,30.59571,解放南路168号(三阳路地铁站H口步行340米),住宅小区,,120302,商务住宅,住宅区,住宅小区
庆祥里,114.303134,30.595179,二耀路,住宅小区,,120302,商务住宅,住宅区,住宅小区
融科·天城三期,114.298141,30.597185,解放大道1155号(三阳路地铁站H口步行280米),住宅小区,,120302,商务住宅,住宅区,住宅小区
融科·天城,114.297492,30.596753,球场街道解放南路168号,住宅小区,,120302,商务住宅,住宅区,住宅小区
一元路9号小区,114.302401,30.593125,一元路与中山大道交叉口西80米,住宅小区,,120302,商务住宅,住宅区,住宅小区
昌年里,114.301611,30.592527,车站街办事处一元路,住宅小区,,120302,商务住宅,住宅区,住宅小区
广兴里,114.303133,30.596189,一元街办事处中山大道1268号附1号,住宅小区,,120302,商务住宅,住宅区,住宅小区
三德里,114.299532,30.592054,友益街与天声街交叉口东南80米,住宅小区,,120302,商务住宅,住宅区,住宅小区
江岸区一元街延庆社区,114.303418,30.595494,二曜路与中山大道交叉口东80米,住宅小区,,120302,商务住宅,住宅区,住宅小区
辅堂里,114.297479,30.592882,车站路(大智路地铁站B口步行400米),住宅小区,,120302,商务住宅,住宅区,住宅小区
公德里,114.298825,30.592125,车站街办事处车站街,住宅小区,,120302,商务住宅,住宅区,住宅小区
坤厚社区,114.3036,30.595486,二曜路与胜利街交叉口西北100米,住宅小区,,120302,商务住宅,住宅区,住宅小区
融科·天城四期,114.299661,30.598126,解放南路1155号(三阳路地铁站H口步行190米),住宅小区,,120302,商务住宅,住宅区,住宅小区
锋尚时代大厦,114.302675,30.592834,一元路7号,住宅小区,,120201|120302,商务住宅,楼宇,商务写字楼
江花庭院,114.302116,30.597638,中山大道1011号(三阳路地铁站K2口步行130米),住宅小区,,120302,商务住宅,住宅区,住宅小区
裕合苑,114.298525,30.592025,车站路与友益街交叉口东南20米,住宅小区,,120302,商务住宅,住宅区,住宅小区
名人城,114.302056,30.592133,中山大道与胜利街交叉口西20米,住宅小区,,120302,商务住宅,住宅区,住宅小区
融科·天城五期,114.297351,30.597631,解放南路与新马路交叉口北80米,住宅小区,,120302,商务住宅,住宅区,住宅小区
同德小区,114.30393,30.596074,胜利街275号,住宅小区,,120302,商务住宅,住宅区,住宅小区
车站路小区,114.297903,30.591854,友益街与车站路交叉口西南60米,住宅小区,,120302,商务住宅,住宅区,住宅小区
云宏大厦,114.298798,30.598585,解放南路421号(三阳路地铁站J口步行240米),住宅小区,,120302,商务住宅,住宅区,住宅小区
滨江社区,114.303374,30.592571,一元街,住宅小区,,120302,商务住宅,住宅区,住宅小区
宏伟里,114.299624,30.591182,车站街办事处,住宅小区,,120302,商务住宅,住宅区,住宅小区
农机大院,114.302948,30.592129,胜利街194号,住宅小区,,120302,商务住宅,住宅区,住宅小区
四益里,114.303798,30.597004,中山大道1282号,住宅小区,,120302,商务住宅,住宅区,住宅小区
融创公园壹号,114.297061,30.597929,解放大道与新马路交叉口东北100米,住宅小区,,120302,商务住宅,住宅区,住宅小区
新成里,114.296848,30.592163,友益街97-1号(大智路地铁站B口步行320米),住宅小区,,120302,商务住宅,住宅区,住宅小区
解南小区,114.298525,30.598925,解放大道辅路与三阳路交叉口西南100米,住宅小区,,120302,商务住宅,住宅区,住宅小区
信风洋房,114.302587,30.591501,蔡锷路26号首善里5号201,住宅小区,,120302,商务住宅,住宅区,住宅小区
延庆小区,114.304573,30.596348,中山大道1310号,住宅小区,,120302,商务住宅,住宅区,住宅小区
公安宿舍,114.304841,30.594969,二曜路8号(三阳路地铁站L4口步行390米),住宅小区,,120302,商务住宅,住宅区,住宅小区
阳春阁大厦,114.298991,30.59911,万民后街29号(三阳路地铁站H口旁),住宅小区,,120302,商务住宅,住宅区,住宅小区
首善里,114.302482,30.591349,蔡锷路与胜利街交叉口东60米,住宅小区,,120302,商务住宅,住宅区,住宅小区
柏林公寓,114.303499,30.591949,洞庭街139号附1号,住宅小区,,120302,商务住宅,住宅区,住宅小区
永胜大厦,114.305005,30.595291,胜利街208号,住宅小区,,120302,商务住宅,住宅区,住宅小区
长青广场,114.297658,30.591176,友益街28号,住宅小区,,120302,商务住宅,住宅区,住宅小区
武汉三阳广场向阳阁,114.301007,30.599283,四唯街办事处三阳路130号三阳广场,住宅小区,,120302,商务住宅,住宅区,住宅小区
车站街辅堂社区,114.295785,30.592434,京汉街147号(大智路地铁站B口旁),住宅小区,,120302,商务住宅,住宅区,住宅小区
太平里,114.296122,30.592007,车站街办事处车站街道办事处尚德里中山大道,住宅小区,,120302,商务住宅,住宅区,住宅小区
汉口总院,114.296818,30.598605,三阳路地铁站G口步行160米,住宅小区,,120302,商务住宅,住宅区,住宅小区
洞庭街141-145号小区,114.30414,30.592019,洞庭街141-145号,住宅小区,,120302,商务住宅,住宅区,住宅小区
东方大厦,114.296179,30.591549,友益街51附1号(大智路地铁站B口步行250米),住宅小区,,120302,商务住宅,住宅区,住宅小区
球场街小区,114.30053,30.599753,解放大道与武汉长江公铁隧道交叉口北60米,住宅小区,,120302,商务住宅,住宅区,住宅小区
外滩三阳金城,114.303429,30.598811,中山大道1069-1071号,住宅小区,,120302,商务住宅,住宅区,住宅小区
谊通洞庭,114.303925,30.591525,洞庭街与一元路交叉口西南100米,住宅小区,,120302,商务住宅,住宅区,住宅小区
地铁·三阳星曜营销中心,114.300085,30.599947,三阳路与解放大道交汇处,住宅小区,,120302,商务住宅,住宅区,住宅小区
三星阳景园,114.296536,30.599003,解放大道1719号(三阳路地铁站G口步行190米),住宅小区,,120302,商务住宅,住宅区,住宅小区
物业管理小区,114.29586,30.591418,友益街51附1号附近(大智路地铁站A口步行150米),住宅小区,,120302,商务住宅,住宅区,住宅小区
车站街辅仁社区,114.295974,30.590945,京汉街147号(大智路地铁站A口步行200米),住宅小区,,120302,商务住宅,住宅区,住宅小区
四唯街道麟趾新村,114.302664,30.599898,麟趾路与京汉大道交叉口东南40米,住宅小区,,120302,商务住宅,住宅区,住宅小区
中海·澳门佳园,114.295569,30.598956,劳动街街道苗栗路湖边坊人家旁边,住宅小区,,120302,商务住宅,住宅区,住宅小区
长投保利汉口印,114.296803,30.599812,景阳北路与景阳侧路交叉口,住宅小区,,120302,商务住宅,住宅区,住宅小区
麒麟小区,114.303186,30.599848,麟趾路与京汉大道交叉口东100米,住宅小区,,120302,商务住宅,住宅区,住宅小区
财政大院,114.306589,30.595146,沿江大道与二曜路交叉口北140米,住宅小区,,120302,商务住宅,住宅区,住宅小区
锦江苑,114.304373,30.599681,中山大道1629号(三阳路地铁站B口步行160米),住宅小区,,120302,商务住宅,住宅区,住宅小区
外滩7号,114.306767,30.596861,三阳路8号(三阳路地铁站L3口步行290米),住宅小区,,120302,商务住宅,住宅区,住宅小区
葡京花园,114.299062,30.601092,三阳路地铁站F口步行100米,住宅小区,,120302,商务住宅,住宅区,住宅小区
九运京汉名都,114.301956,30.600942,京汉大道1081号(三阳路地铁站C1口步行100米),住宅小区,,120302,商务住宅,住宅区,住宅小区
麟趾社区,114.304467,30.599926,中山大道与麟趾路交叉口北80米,住宅小区,,120302,商务住宅,住宅区,住宅小区
湖边坊人家,114.295849,30.600283,苗栗路188号(三阳路地铁站G口步行420米),住宅小区,,120302,商务住宅,住宅区,住宅小区
天德里,114.304228,30.60025,锦江苑西北侧80米(三阳路地铁站B口步行240米),住宅小区,,120302,商务住宅,住宅区,住宅小区
四唯街进化社区,114.301605,30.601371,五福路(三阳路地铁站C1口步行180米),住宅小区,,120302,商务住宅,住宅区,住宅小区
御江南(三阳路),114.30035,30.601569,解放大道辅路与劳动街交叉口北40米,住宅小区,,120302,商务住宅,住宅区,住宅小区
四唯煤建大院,114.305375,30.600125,中山大道与五福路交叉口南60米,住宅小区,,120302,商务住宅,住宅区,住宅小区
劳动新村,114.300011,30.601953,劳动街10-12号(三阳路地铁站F口步行210米),住宅小区,,120302,商务住宅,住宅区,住宅小区
鹏程花苑(苗栗路),114.294964,30.600497,苗栗路163-189号(三阳路地铁站G口步行430米),住宅小区,,120302,商务住宅,住宅区,住宅小区
进化村221号,114.302801,30.601576,京汉大道与天德里路交叉口北80米,住宅小区,,120302,商务住宅,住宅区,住宅小区
三阳小区,114.297448,30.601705,澳门路87号,住宅小区,,120302,商务住宅,住宅区,住宅小区
五福社区煤建小区,114.305708,30.600276,五福路86号(三阳路地铁站L3口步行400米),住宅小区,,120302,商务住宅,住宅区,住宅小区
美联·五福路1号小区,114.306671,30.599556,四唯小路与胜利街交叉口西北60米,住宅小区,,120302,商务住宅,住宅区,住宅小区
五福社区四新大院,114.306154,30.60007,四唯街办事处五福社区(三阳路地铁站B口步行460米),住宅小区,,120302,商务住宅,住宅区,住宅小区
五福社区福达大院,114.305685,30.600543,四唯街办事处五福路90号五福社区,住宅小区,,120302,商务住宅,住宅区,住宅小区
绿缘路30号,114.297725,30.602175,劳动街与绿缘路交叉口东80米,住宅小区,,120302,商务住宅,住宅区,住宅小区
保仁里,114.305225,30.600925,中山大道与五福路交叉口北40米,住宅小区,,120302,商务住宅,住宅区,住宅小区
绿缘路小区,114.297449,30.602194,绿缘路30号(三阳路地铁站F口步行450米),住宅小区,,120302,商务住宅,住宅区,住宅小区
中南市政院小区,114.299716,30.602545,三合街4号(三阳路地铁站F口步行350米),住宅小区,,120302,商务住宅,住宅区,住宅小区
四唯街道太平社区,114.302024,30.602389,解放大道辅路与解放公园路交叉口南60米,住宅小区,,120302,商务住宅,住宅区,住宅小区
澳门路85号小区,114.295051,30.601481,澳门路与苗栗路交叉口西120米,住宅小区,,120302,商务住宅,住宅区,住宅小区
福兴大院,114.307027,30.599973,五福路40号-58号,住宅小区,,120302,商务住宅,住宅区,住宅小区
三合社区(解放公园路),114.300386,30.602884,解放公园路与解放大道辅路交叉口西120米,住宅小区,,120302,商务住宅,住宅区,住宅小区
五福社区福盛大院,114.305915,30.601093,四唯街办事处中山大道1438号五福小路五福社区,住宅小区,,120302,商务住宅,住宅区,住宅小区
半岛豪庭,114.303087,30.602516,解放公园路37号(三阳路地铁站C1口步行270米),住宅小区,,120302,商务住宅,住宅区,住宅小区
解放公园路28号,114.302775,30.603125,解放公园路与解放大道辅路交叉口东南40米,住宅小区,,120302,商务住宅,住宅区,住宅小区
袁家墩28号楼,114.30299,30.60312,解放公园路与解放大道辅路交叉口东60米,住宅小区,,120302,商务住宅,住宅区,住宅小区
六合新界,114.306897,30.601205,胜利街315号(六合路与中山大道交汇处),住宅小区,,120302,商务住宅,住宅区,住宅小区
塘新社区,114.304755,30.602577,解放公园路10附1号(三阳路地铁站B口步行380米),住宅小区,,120302,商务住宅,住宅区,住宅小区
浚安大厦,114.303674,30.60306,四唯街道京汉大道1103号,住宅小区,,120302,商务住宅,住宅区,住宅小区
合福大厦,114.308025,30.600225,胜利街与五福小路交叉口东南40米,住宅小区,,120201|120302,商务住宅,楼宇,商务写字楼
中天云朗,114.307675,30.600725,胜利街与五福小路交叉口北40米,住宅小区,,120302,商务住宅,住宅区,住宅小区
光华社区,114.293046,30.601737,湖边坊路71号,住宅小区,,120302,商务住宅,住宅区,住宅小区
盛合嘉园,114.30654,30.602137,四唯街办事处六合路34号,住宅小区,,120302,商务住宅,住宅区,住宅小区
绿城中国,114.305925,30.602675,中山大道与纯阳街交叉口西60米,住宅小区,,120302,商务住宅,住宅区,住宅小区
湖边坊社区,114.294369,30.603151,绿缘路5号,住宅小区,,120302,商务住宅,住宅区,住宅小区
六合社区,114.308725,30.600975,六合路与胜利街交叉口东60米,住宅小区,,120302,商务住宅,住宅区,住宅小区
金丰大厦(解放大道),114.303402,30.604264,解放大道1264号,住宅小区,,120302,商务住宅,住宅区,住宅小区
歌舞剧院小区,114.301998,30.604573,解放大道辅路与解放公园路交叉口北120米,住宅小区,,120302,商务住宅,住宅区,住宅小区
铁路宿舍,114.309091,30.601028,六合路2号,住宅小区,,120302,商务住宅,住宅区,住宅小区
外滩·棕榈泉,114.309706,30.601629,沿江大道229号,住宅小区,,120302,商务住宅,住宅区,住宅小区
张自忠路1号小区,114.311123,30.603058,张自忠路1号,住宅小区,,120302,商务住宅,住宅区,住宅小区
中储小区,114.311591,30.603275,张自忠路与沿江大道交叉口西北40米,住宅小区,,120302,商务住宅,住宅区,住宅小区
长航大院,114.310925,30.603075,张自忠路与沿江大道交叉口西100米,住宅小区,,120302,商务住宅,住宅区,住宅小区
民生轮船公司海员公寓,114.311141,30.603269,张自忠路与沿江大道交叉口西80米,住宅小区,,120302|120303,商务住宅,住宅区,住宅小区
粮校宿舍三区,114.31221,30.603808,胜利街310号,住宅小区,,120303|120302,商务住宅,住宅区,
沈阳社区东区,114.310241,30.603471,胜利街276号,住宅小区,,120302,商务住宅,住宅区,住宅小区
六合花园,114.30774,30.602259,六合路26号,住宅小区,,120302,商务住宅,住宅区,住宅小区
六合小区,114.308277,30.602852,中山大道1446号,住宅小区,,120302,商务住宅,住宅区,住宅小区
胜利街276-300号小区,114.309724,30.603639,胜利街与大连路交叉口东北20米,住宅小区,,120302,商务住宅,住宅区,住宅小区
胜利街306-308号小区,114.310118,30.604495,胜利街与张自忠路交叉口东北60米,住宅小区,,120302,商务住宅,住宅区,住宅小区
胜利街306-308号小区1栋,114.310025,30.604475,胜利街与张自忠路交叉口东北60米,住宅小区,,120302,商务住宅,住宅区,住宅小区
怡景花园,114.31293,30.605518,芦沟桥路1号,住宅小区,,120302,商务住宅,住宅区,住宅小区
汉口·滨江公馆,114.309425,30.604588,永清街街道长春街8号,住宅小区,,120302,商务住宅,住宅区,住宅小区
良茂大院,114.311973,30.605439,芦沟桥路1之7-9号,住宅小区,,120302,商务住宅,住宅区,住宅小区
粮校二区,114.310221,30.605078,胜利街310号,住宅小区,,120302,商务住宅,住宅区,住宅小区
沈阳路20号小区,114.308231,30.604214,沈阳路20号,住宅小区,,120302,商务住宅,住宅区,住宅小区
观澜阁A座,114.313275,30.605975,芦沟桥路与沿江大道交叉口西40米,住宅小区,,120302|120200,商务住宅,住宅区,住宅小区
沈阳社区,114.30898,30.60492,长春街与郝梦龄路交叉口西南40米,住宅小区,,120302,商务住宅,住宅区,住宅小区
丰泽苑,114.309,30.605,长春街与郝梦龄路交叉口西南20米,住宅小区,,120302,商务住宅,住宅区,住宅小区
粮校宿舍一小区,114.310392,30.605594,胜利街310号,住宅小区,,120302,商务住宅,住宅区,住宅小区
长春街43号,114.30924,30.605242,郝梦龄路6号,住宅小区,,120302,商务住宅,住宅区,住宅小区
吉林社区临江苑,114.312031,30.606109,芦沟桥路1号(黄浦路地铁站A口步行490米),住宅小区,,120302,商务住宅,住宅区,住宅小区
沈阳社区西区,114.308545,30.605019,张自忠路12-14,住宅小区,,120302,商务住宅,住宅区,住宅小区
永清街吉林社区,114.310014,30.605748,长春街附近二中对面(黄浦路地铁站A口步行410米),住宅小区,,120302,商务住宅,住宅区,住宅小区
胜利街359号小区,114.310171,30.606215,大连路与长春街交叉口东40米,住宅小区,,120302,商务住宅,住宅区,住宅小区
三元里社区,114.306674,30.60477,永清街,住宅小区,,120302,商务住宅,住宅区,住宅小区
中国铁建生活区,114.329079,30.59416,临江大道与横堤二街交叉口东40米,住宅小区,,120302|120303,商务住宅,住宅区,住宅小区
花园路11号(中山大道店),114.308783,30.606112,中山大道与大连路交叉口南60米,住宅小区,,120302,商务住宅,住宅区,住宅小区
未来家园,114.30549,30.604365,京汉大道1310号附2号,住宅小区,,120302,商务住宅,住宅区,住宅小区
吉林路还建楼,114.311014,30.607041,芦沟桥路与胜利街交叉口西北20米,住宅小区,,120302,商务住宅,住宅区,住宅小区
国铁城投中心公寓楼,114.329616,30.59484,临江大道与徐家棚路交叉口东北100米,住宅小区,,120302,商务住宅,住宅区,住宅小区
德华楼(永清街店),114.304981,30.604645,解放公园小区10-12栋1层9、10-1-1室,住宅小区,,120302,商务住宅,住宅区,住宅小区
绿城外滩玫瑰园(建设中),114.306558,30.603858,中山大道与山海关路交叉口西60米,住宅小区,,120302,商务住宅,住宅区,住宅小区
三合晶舍,114.310017,30.607213,芦沟桥路33号-2层(黄浦路地铁站A口步行230米),住宅小区,,120302,商务住宅,住宅区,住宅小区
御江苑三期,114.314416,30.608272,沿江大道247号御江苑3期游泳健身中心负一层,住宅小区,,120302,商务住宅,住宅区,住宅小区
四唯街袁家社区,114.304284,30.604613,四唯街袁家墩130号(黄浦路地铁站J口步行430米),住宅小区,,120302,商务住宅,住宅区,住宅小区
三元里8号楼,114.305682,30.605759,京汉大道1182号(黄浦路地铁站K口步行290米),住宅小区,,120302,商务住宅,住宅区,住宅小区
国铁城投国樾滨江,114.333693,30.595824,滨江核心区F3地块,住宅小区,,120302,商务住宅,住宅区,住宅小区
徐家棚长江中心小区,114.337475,30.593275,和平大道与徐东大街交叉口南120米,住宅小区,,120302,商务住宅,住宅区,住宅小区
建新里小区,114.336064,30.59936,四美塘西路与天津路交叉口东140米,住宅小区,,120302,商务住宅,住宅区,住宅小区
四美塘汽车队小区,114.336525,30.599975,杨园西路与四美塘路交叉口南80米,住宅小区,,120302,商务住宅,住宅区,住宅小区
四美花苑,114.336172,30.601078,杨园街办事处四美塘路,住宅小区,,120302,商务住宅,住宅区,住宅小区
新建里,114.338375,30.599025,四美塘路与杨园西路交叉口东南260米,住宅小区,,120302,商务住宅,住宅区,住宅小区
江尚,114.339607,30.594418,杨园街办事处徐东才华街,住宅小区,,120302,商务住宅,住宅区,住宅小区
四十八栋社区,114.337775,30.600375,四美塘路与杨园西路交叉口东120米,住宅小区,,120302,商务住宅,住宅区,住宅小区
福星惠誉瞰江坊,114.339528,30.597535,和平大道与四美塘路交汇处(近四美塘公园),住宅小区,,120302,商务住宅,住宅区,住宅小区
武铁汽车队小区,114.336635,30.601417,杨园街89号,住宅小区,,120302,商务住宅,住宅区,住宅小区
四美塘社区,114.340025,30.597075,和平大道与黄浦大街入口交叉口东北80米,住宅小区,,120302,商务住宅,住宅区,住宅小区
武汉铁路粤汉里住宅小区,114.336833,30.601917,武铁汽车队小区附近,住宅小区,,120302,商务住宅,住宅区,住宅小区
武昌江滩大道58号,114.335829,30.60312,杨园街道杨园街127号,住宅小区,,120302,商务住宅,住宅区,住宅小区
才华茗苑四期,114.341332,30.594872,林茂路3号,住宅小区,,120302,商务住宅,住宅区,住宅小区
三角花园,114.33917,30.600786,杨园村路与杨园西路交叉口东南200米,住宅小区,,120302,商务住宅,住宅区,住宅小区
才华茗苑,114.341379,30.596207,和平大道1028号(杨园铁四院地铁站A口步行310米),住宅小区,,120302,商务住宅,住宅区,住宅小区
优活城,114.34183,30.593764,徐东大街1号,住宅小区,,120302,商务住宅,住宅区,住宅小区
粤汉里社区幸福小院,114.338008,30.602646,杨园村路与杨园西路交叉口东北100米,住宅小区,,120302,商务住宅,住宅区,住宅小区
徐家棚还建楼,114.34109,30.599285,和平大道735-1号,住宅小区,,120302,商务住宅,住宅区,住宅小区
四美苑住宅小区,114.340457,30.600539,四美塘路65号附12号,住宅小区,,120302,商务住宅,住宅区,住宅小区
徐家棚村,114.341601,30.599396,杨园街办事处四美塘新一佳背后,住宅小区,,120302,商务住宅,住宅区,住宅小区
公路桥小区,114.34274,30.594462,公路桥小区34幢,住宅小区,,120302,商务住宅,住宅区,住宅小区
柴林公寓,114.343173,30.595237,才华街14号,住宅小区,,120302,商务住宅,住宅区,住宅小区
杨园街电力新村社区,114.343112,30.597886,和平大道729对面(杨园铁四院地铁站A口步行130米),住宅小区,,120302,商务住宅,住宅区,住宅小区
林泰华府,114.343649,30.596436,杨园街办事处才华街,住宅小区,,120302,商务住宅,住宅区,住宅小区
四美新村社区,114.342814,30.600619,和平大道杨园街徐家棚村18号,住宅小区,,120302,商务住宅,住宅区,住宅小区
杨园街电信社区西区,114.344697,30.595423,杨园才华街,住宅小区,,120302,商务住宅,住宅区,住宅小区
桥梁村西区,114.339457,30.604912,杨园街与桥梁村路交叉口西北60米,住宅小区,,120302,商务住宅,住宅区,住宅小区
万科朗苑,114.344955,30.596747,润园路8号,住宅小区,,120302,商务住宅,住宅区,住宅小区
和谐大院,114.341125,30.603925,杨园街与四美塘西路交叉口东南20米,住宅小区,,120302,商务住宅,住宅区,住宅小区
铁路医院家属楼,114.34186,30.603208,四美塘西路与杨园街交叉口东南150米,住宅小区,,120302,商务住宅,住宅区,住宅小区
徐东乐业小区,114.345496,30.594788,友谊大道601号附28号,住宅小区,,120302,商务住宅,住宅区,住宅小区
紫荆坊,114.345925,30.595725,润园路与才林街交叉口西南160米,住宅小区,,120302,商务住宅,住宅区,住宅小区
保利铂樾滨江,114.346593,30.594575,友谊大道617号,住宅小区,,120302,商务住宅,住宅区,住宅小区
杨园街电信社区东区,114.346482,30.595702,润园路与才林街交叉口西南140米,住宅小区,,120302,商务住宅,住宅区,住宅小区
杨园街电信社区,114.346625,30.595677,杨园才华街,住宅小区,,120302,商务住宅,住宅区,住宅小区
万科润园,114.345668,30.596554,才华街润园路8号(杨园铁四院地铁站B口步行450米),住宅小区,,120302,商务住宅,住宅区,住宅小区
徐东石化小区,114.348111,30.5939,友谊大道524号,住宅小区,,120302,商务住宅,住宅区,住宅小区
光明馨城,114.346504,30.598163,才林街与林茂路交叉口东120米,住宅小区,,120302,商务住宅,住宅区,住宅小区
平安花园,114.349083,30.594653,友谊大道526号,住宅小区,,120302,商务住宅,住宅区,住宅小区
东润上域,114.348905,30.59682,友谊大道661号,住宅小区,,120302,商务住宅,住宅区,住宅小区
千禧名苑,114.34975,30.595697,友谊大道528号,住宅小区,,120302,商务住宅,住宅区,住宅小区
变电村,114.347825,30.598625,才林街与润园路交叉口北200米,住宅小区,,120302,商务住宅,住宅区,住宅小区
武昌区杨园街变电社区,114.347398,30.599039,武青三干道胜新路杨园变电村14号,住宅小区,,120302,商务住宅,住宅区,住宅小区
兆丰苑,114.35047,30.594816,友谊大道530号,住宅小区,,120302,商务住宅,住宅区,住宅小区
江南花园,114.350716,30.597134,友谊大道532号,住宅小区,,120302,商务住宅,住宅区,住宅小区
南山纵横滨江时代,114.34634,30.600274,和平大道1068号(杨园铁四院地铁站B口步行290米),住宅小区,,120302,商务住宅,住宅区,住宅小区
南山纵横滨江时代B区,114.345065,30.600416,和平大道与才林街交汇处,住宅小区,,120302,商务住宅,住宅区,住宅小区
洪山区和平街纺机社区,114.351142,30.596307,,住宅小区,,120302,商务住宅,住宅区,住宅小区
柴东社区,114.349123,30.599452,船校村31附6对面,住宅小区,,120302,商务住宅,住宅区,住宅小区
朗诗熙华府,114.352756,30.595043,北洋桥西路6号,住宅小区,,120302|070000,商务住宅,住宅区,住宅小区
管房2号,114.352899,30.595753,北洋桥西路与纺机路交叉口东北40米,住宅小区,,120302,商务住宅,住宅区,住宅小区
恒庆花园,114.351954,30.598375,友谊大道536号,住宅小区,,120302,商务住宅,住宅区,住宅小区
柴林头小区,114.349496,30.60075,才茂街与林茂路交叉口东南120米,住宅小区,,120302,商务住宅,住宅区,住宅小区
万科金域华府3期,114.350525,30.600125,才茂街与友谊大道辅路交叉口北180米,住宅小区,,120302,商务住宅,住宅区,住宅小区
南山纵横滨江时代A区,114.347253,30.602057,和平大道与才林街交汇处,住宅小区,,120302,商务住宅,住宅区,住宅小区
钢旅蓝郡,114.353245,30.596926,北洋桥西路,住宅小区,,120302,商务住宅,住宅区,住宅小区
纺器小区,114.350111,30.600942,纺器村,住宅小区,,120302,商务住宅,住宅区,住宅小区
徐东朗苑,114.353529,30.596166,纺机路18号,住宅小区,,120302,商务住宅,住宅区,住宅小区
朗诗熙华府2期,114.353675,30.595475,北洋桥西路6号,住宅小区,,120302,商务住宅,住宅区,住宅小区
美林青城二期,114.354112,30.594295,北洋桥西路与纺机路交叉口东南180米,住宅小区,,120302,商务住宅,住宅区,住宅小区
铁四院城地院,114.343463,30.602887,铁四院路与杨园街交叉口东北100米,住宅小区,,120302,商务住宅,住宅区,住宅小区
联投城市空间,114.353575,30.598575,友谊大道辅路与纺机路交叉口东240米,住宅小区,,120302|120200,商务住宅,住宅区,住宅小区
九亩地,114.351076,30.601381,铁机路,住宅小区,,120302,商务住宅,住宅区,住宅小区
美林青城,114.354381,30.593129,杨园纺机路22号(武青三干道与四干道之间),住宅小区,,120302,商务住宅,住宅区,住宅小区
二棉小苑,114.349255,30.602523,纺器路与才茂街交叉口东北60米,住宅小区,,120302,商务住宅,住宅区,住宅小区
万科金域华府,114.351974,30.600872,杨园街办事处友谊大道与才茂街交汇处,住宅小区,,120302,商务住宅,住宅区,住宅小区
杨园建设新村,114.344725,30.604075,铁四院路与施家墩路交叉口西南140米,住宅小区,,120302,商务住宅,住宅区,住宅小区
武昌杨园柴林头西区,114.346417,30.604109,杨园街办事处武昌杨园柴林头,住宅小区,,120302,商务住宅,住宅区,住宅小区
武昌区杨园街道楚天舒阳光家园,114.349811,30.603747,和平大道1014号,住宅小区,,120302,商务住宅,住宅区,住宅小区
九阳轩,114.356537,30.59456,友谊大道才茂街(中南宿舍旁),住宅小区,,120302,商务住宅,住宅区,住宅小区
建设77、78、42小区,114.343219,30.604824,四美塘西路与杨园北街交叉口东南100米,住宅小区,,120302,商务住宅,住宅区,住宅小区
杨园壹号街区(建设中),114.342232,30.6047,"武昌区铁四院以西,规划道路所合围区域",住宅小区,,120302,商务住宅,住宅区,住宅小区
江南公寓南区,114.351751,30.603129,铁机路100号,住宅小区,,120302,商务住宅,住宅区,住宅小区
保利·才盛景苑南区,114.354783,30.600602,友谊大道辅路与铁机路交叉口南100米,住宅小区,,120302,商务住宅,住宅区,住宅小区
铁机小区西区,114.355562,30.599455,徐东三干道余家头铁机路,住宅小区,,120302,商务住宅,住宅区,住宅小区
融侨滨江城天域,114.349618,30.604519,和平大道1118号(余家头地铁站A口步行420米),住宅小区,,120302,商务住宅,住宅区,住宅小区
建设社区,114.343648,30.605404,施家墩路与铁四院路交叉口东南100米,住宅小区,,120302,商务住宅,住宅区,住宅小区
杨园新村,114.34799,30.605306,和平大道753号(余家头地铁站A口步行350米),住宅小区,,120302,商务住宅,住宅区,住宅小区
忠诚花苑,114.356478,30.59915,铁机路128号,住宅小区,,120302,商务住宅,住宅区,住宅小区
馨都雅园,114.34712,30.605619,和平大道751号,住宅小区,,120302,商务住宅,住宅区,住宅小区
保利城1期A区,114.357712,30.595637,铁机路与北洋桥西路交叉口南260米,住宅小区,,120302,商务住宅,住宅区,住宅小区
保利城一期,114.357812,30.595587,铁机村,住宅小区,,120302,商务住宅,住宅区,住宅小区
杨园新村1至2期,114.348725,30.605575,和平大道辅路与铁机路交叉口西南100米,住宅小区,,120302,商务住宅,住宅区,住宅小区
保利·才盛景苑,114.355892,30.601036,友谊大道铁机路路口,住宅小区,,120302,商务住宅,住宅区,住宅小区
融侨滨江城,114.350738,30.605055,铁机路与纺器路交叉口西北80米,住宅小区,,120302,商务住宅,住宅区,住宅小区
保利·才盛景苑北区,114.356168,30.601139,友谊大道辅路与铁机路交叉口东160米,住宅小区,,120302,商务住宅,住宅区,住宅小区
桥梁村东区,114.34098,30.606016,杨园北街与临江大道交叉口东南160米,住宅小区,,120302,商务住宅,住宅区,住宅小区
杨园桥梁新村,114.340275,30.605925,桥梁村路与杨园街交叉口北140米,住宅小区,,120302,商务住宅,住宅区,住宅小区
融侨城1期,114.346375,30.607124,杨园街街道铁机路临江大道东南方200米路南融侨城,住宅小区,,120302,商务住宅,住宅区,住宅小区
中天生活区,114.359016,30.596923,铁机路与北洋桥西路交叉口东南120米,住宅小区,,120302,商务住宅,住宅区,住宅小区
保利·江锦,114.34196,30.607205,临江大道776号,住宅小区,,120302,商务住宅,住宅区,住宅小区
武昌首府,114.34985,30.606781,和平大道757号(余家头地铁站D口步行180米),住宅小区,,120302,商务住宅,住宅区,住宅小区
融侨滨江城美域,114.351854,30.606044,和平大道1158号(余家头地铁站A口步行190米),住宅小区,,120302,商务住宅,住宅区,住宅小区
保利城2期,114.359617,30.594981,铁机村(A1地块),住宅小区,,120302,商务住宅,住宅区,住宅小区
北洋桥西路铁机社区,114.359026,30.598681,北洋桥西路与铁机路交叉口东北80米,住宅小区,,120302,商务住宅,住宅区,住宅小区
武昌首府A地块,114.349744,30.606948,和平大道与铁机路交汇处,住宅小区,,120302,商务住宅,住宅区,住宅小区
融侨城,114.345696,30.607635,余家头铁机路,住宅小区,,120302,商务住宅,住宅区,住宅小区
江南公寓(铁机路),114.348974,30.607278,国棉村9(余家头地铁站D口步行360米),住宅小区,,120302,商务住宅,住宅区,住宅小区
铁机小区,114.358065,30.601054,友谊大道辅路与交通一路交叉口南300米,住宅小区,,120302,商务住宅,住宅区,住宅小区
融侨城2期,114.344746,30.607842,桥梁村东路与馨雅街交叉口东160米,住宅小区,,120302,商务住宅,住宅区,住宅小区
中铁花园,114.358942,30.599657,铁机路,住宅小区,,120302,商务住宅,住宅区,住宅小区
理工大水运社区党员群众服务中心,114.353781,30.605599,和平大道1174号,住宅小区,,120302,商务住宅,住宅区,住宅小区
江南公寓北区,114.34905,30.607554,铁机路9号(余家头地铁站D口步行410米),住宅小区,,120302,商务住宅,住宅区,住宅小区
铁机东区,114.358575,30.601214,徐东三干道余家头友谊大道才盛街,住宅小区,,120302,商务住宅,住宅区,住宅小区
保利城四期,114.361348,30.594087,铁机西路旁边(团结大道地铁站C口步行190米),住宅小区,,120302,商务住宅,住宅区,住宅小区
丽华苑,114.363203,30.595364,团结大道1051号,住宅小区,,120302,商务住宅,住宅区,住宅小区
栖花里铁机路店,114.363905,30.597627,和平大道铁机东路18-7号,住宅小区,,120302,商务住宅,住宅区,住宅小区
中铁重工独立公寓,114.360575,30.599525,北洋桥西路与铁机东路交叉口西200米,住宅小区,,120302|120303,商务住宅,住宅区,住宅小区
铁机宿舍(北洋桥西路),114.360511,30.599555,友谊大道铁机路铁机村,住宅小区,,120302|100200,商务住宅,住宅区,住宅小区
铁机新居,114.363323,30.599438,铁机东路与北洋桥西路交叉口东南120米,住宅小区,,120302,商务住宅,住宅区,住宅小区
保利城七期云廷,114.360979,30.60109,北洋桥西路41号,住宅小区,,120302,商务住宅,住宅区,住宅小区
诺展星座,114.367199,30.599828,才汇巷特1号,住宅小区,,120302,商务住宅,住宅区,住宅小区
和逸苑,114.363803,30.602317,联盟路,住宅小区,,120302,商务住宅,住宅区,住宅小区
洪山教委教师楼,114.361394,30.602977,铁机东路与北洋桥西路交叉口北320米,住宅小区,,120302,商务住宅,住宅区,住宅小区
下马庙社区,114.365605,30.601856,北洋桥西路与才汇巷交叉口东北40米,住宅小区,,120302,商务住宅,住宅区,住宅小区
保利城爱尚里,114.366278,30.601486,北洋桥西路与才汇巷交汇处,住宅小区,,120302,商务住宅,住宅区,住宅小区
华城广场,114.360243,30.603952,徐东友谊大道676号,住宅小区,,120302,商务住宅,住宅区,住宅小区
虹琦花园三区,114.363221,30.603748,友谊大道678附9旁边,住宅小区,,120302,商务住宅,住宅区,住宅小区
大城小院,114.364521,30.604691,友谊大道678号附9号,住宅小区,,120302,商务住宅,住宅区,住宅小区
江南新天地-北区,114.370592,30.600652,罗家港路与丰福路交叉口东北120米,住宅小区,,120302,商务住宅,住宅区,住宅小区
江南·新天地C区,114.371521,30.599256,罗家港路与丰福路交叉口东140米,住宅小区,,120302,商务住宅,住宅区,住宅小区
虹琦花园,114.362392,30.605607,友谊大道678号,住宅小区,,120302,商务住宅,住宅区,住宅小区
江南·新天地,114.370559,30.601069,呦味香辣虾绿景苑港东名居罗家港路,住宅小区,,120302,商务住宅,住宅区,住宅小区
保利琅誉(建设中),114.361382,30.59394,铁机路与铁园路交叉口东80米,住宅小区,,120302,商务住宅,住宅区,住宅小区
江南·新天地B区,114.370563,30.60111,二环线附近,住宅小区,,120302,商务住宅,住宅区,住宅小区
红大天成,114.364025,30.605425,罗家港路与和平港路交叉口西南80米,住宅小区,,120302,商务住宅,住宅区,住宅小区
文卓小花园,114.372475,30.598125,团结大道与才贤巷交叉口西北100米,住宅小区,,120302,商务住宅,住宅区,住宅小区
绿景苑港东名居一期,114.36956,30.602732,北洋桥西路66附21东南方向70米,住宅小区,,120302,商务住宅,住宅区,住宅小区
铁机盛世家园西区,114.373092,30.596066,团结大道与罗家港路交叉口东南140米,住宅小区,,120302,商务住宅,住宅区,住宅小区
盛世花园社区,114.366493,30.605292,罗家港路融侨悦府二期1号门北70米,住宅小区,,120302,商务住宅,住宅区,住宅小区
铁机馨苑,114.368313,30.604466,钢都花园管理委员会钢都花园,住宅小区,,120302,商务住宅,住宅区,住宅小区
融侨悦府2期,114.366829,30.605845,和平街道罗家港路,住宅小区,,120302,商务住宅,住宅区,住宅小区
融侨悦府,114.366709,30.606272,和平街道罗家港路,住宅小区,,120302,商务住宅,住宅区,住宅小区
铁机盛世家园,114.374567,30.596827,二环线和团结大道交汇处(园林路地铁站A口步行450米),住宅小区,,120302,商务住宅,住宅区,住宅小区
保利云上,114.374479,30.599719,团结大道·地铁4号线园林路站K出口,住宅小区,,120302,商务住宅,住宅区,住宅小区
钢都欧式花园,114.368335,30.606263,青山友谊大道722号(武青三干道理工大学旁),住宅小区,,120302,商务住宅,住宅区,住宅小区
铁机盛世家园东区,114.375427,30.597264,才贤巷与团结大道交叉口东200米,住宅小区,,120302,商务住宅,住宅区,住宅小区
宏源小区,114.376489,30.598474,园林路138号(园林路地铁站A口步行150米),住宅小区,,120302,商务住宅,住宅区,住宅小区
园林居小区写字楼,114.377775,30.599275,团结大道与园林路交叉口东南80米(园林路地铁站B口旁),住宅小区,,120302,商务住宅,住宅区,住宅小区
园林居小区,114.378084,30.599423,团结大道4号(园林路地铁站B口步行80米),住宅小区,,120302,商务住宅,住宅区,住宅小区
福星惠誉·东湖城2期,114.382381,30.595127,园林路169号,住宅小区,,120302,商务住宅,住宅区,住宅小区
江南·新天地A区,114.374404,30.601339,园林路地铁站J口步行480米,住宅小区,,120302,商务住宅,住宅区,住宅小区
绿景苑港东名居三期,114.373531,30.601986,丰福路与园林路交叉口西160米,住宅小区,,120302,商务住宅,住宅区,住宅小区
福星惠誉·东湖城,114.383265,30.596382,沙湖港北路与园林路的交叉口,住宅小区,,120302,商务住宅,住宅区,住宅小区
武丰佳园一期,114.378857,30.602526,园林路地铁站F口步行130米,住宅小区,,120302,商务住宅,住宅区,住宅小区
武丰佳园,114.377933,30.603165,团结大道园林路(园林路地铁站F口步行360米),住宅小区,,120302,商务住宅,住宅区,住宅小区
东湖雅庭,114.384497,30.598706,沙湖港北路与三弓路交汇处,住宅小区,,120302,商务住宅,住宅区,住宅小区
武丰佳园二期,114.376479,30.604005,丰福路与园林路交叉口东北220米,住宅小区,,120302,商务住宅,住宅区,住宅小区
白马馨居1期,114.381775,30.602475,团结大道与三弓路交叉口东北100米,住宅小区,,120302,商务住宅,住宅区,住宅小区
K2区公寓,114.381925,30.602675,团结大道与三弓路交叉口东北140米,住宅小区,,120302,商务住宅,住宅区,住宅小区
沙湖港湾B区,114.386354,30.596751,仁和路东湖城2期东邻,住宅小区,,120302,商务住宅,住宅区,住宅小区
东湖ONE,114.38414,30.601137,团结大道1224号(园林路地铁站E口步行360米),住宅小区,,120302,商务住宅,住宅区,住宅小区
联投燕语光年,114.37749,30.605205,北洋桥西路与武丰路交汇处,住宅小区,,120302,商务住宅,住宅区,住宅小区
福星惠誉·东湖城1期,114.386234,30.599365,丰园路与沙湖港北路交叉口西北140米,住宅小区,,120302,商务住宅,住宅区,住宅小区
山城老炮(武丰家园),114.37905,30.60505,三弓路与丰福路交叉口西北80米,住宅小区,,120302,商务住宅,住宅区,住宅小区
团结大道武丰村,114.383332,30.603059,团结大道与丰园路交叉口西200米,住宅小区,,120302,商务住宅,住宅区,住宅小区
沙湖港湾,114.387404,30.597177,仁和路和欢乐大道交口北行500米路西(欢乐谷旁),住宅小区,,120302,商务住宅,住宅区,住宅小区
东湖ONE一期,114.385173,30.601539,丰园路与团结大道交叉口南200米,住宅小区,,120302,商务住宅,住宅区,住宅小区
美地家园,114.371177,30.605614,园林路90号(园林路与北洋桥西路交界处西北面),住宅小区,,120302,商务住宅,住宅区,住宅小区
金地自在城K2区,114.382175,30.604483,丰福路与三弓路交叉口东260米,住宅小区,,120302,商务住宅,住宅区,住宅小区
联投凤鸣星河,114.379032,30.605792,"和平街,北洋桥路以南,丰福路以北,三弓路两侧用地(B地块)",住宅小区,,120302,商务住宅,住宅区,住宅小区
金地广场K2区,114.383925,30.603775,团结大道与丰园路交叉口西140米,住宅小区,,120302,商务住宅,住宅区,住宅小区
逸居阁,114.381475,30.605375,丰福路与三弓路交叉口东北220米,住宅小区,,120302,商务住宅,住宅区,住宅小区
金地自在城B座公寓,114.383725,30.604525,金地自在城K2区,住宅小区,,120200|120302,商务住宅,楼宇,
永旺金地,114.382825,30.605175,丰福路与丰园路交叉口西南180米,住宅小区,,120302,商务住宅,住宅区,住宅小区
金地自在城,114.383379,30.605059,洪山团结大道地铁4号线仁和路,住宅小区,,120302,商务住宅,住宅区,住宅小区
沙湖港湾A区,114.389101,30.597887,沙湖港北路与丰园路交叉口东南200米,住宅小区,,120302,商务住宅,住宅区,住宅小区
绿景苑,114.373501,30.607549,园林路79号,住宅小区,,120302,商务住宅,住宅区,住宅小区
花样年花郡西区,114.381817,30.606233,丰福路与丰园路交叉口西180米,住宅小区,,120302,商务住宅,住宅区,住宅小区
钢都花园128街坊,114.370094,30.607146,园林路86号,住宅小区,,120302,商务住宅,住宅区,住宅小区
天丰花园(祥丰路),114.381282,30.607217,祥丰路菁华园对面,住宅小区,,120302,商务住宅,住宅区,住宅小区
东湖九号,114.395252,30.597139,欢乐大道388号,住宅小区,,120302,商务住宅,住宅区,住宅小区
林湖景苑,114.393605,30.599596,仁和路与沙湖港北路交叉口东260米,住宅小区,,120302,商务住宅,住宅区,住宅小区
福星惠誉仁和公馆,114.391192,30.602292,地铁四号线仁和路向南200米,住宅小区,,120302,商务住宅,住宅区,住宅小区
东区公寓,114.386275,30.604525,团结大道与丰园路交叉口东北120米,住宅小区,,120302,商务住宅,住宅区,住宅小区
金地商业公寓,114.386201,30.604534,金地广场东区3栋(仁和路地铁站D口步行350米),住宅小区,,120200|120302,商务住宅,楼宇,
华侨城·原岸2期,114.401883,30.597012,欢乐大道228号,住宅小区,,120302,商务住宅,住宅区,住宅小区
大洲星城小店,114.392017,30.606052,团结大道与仁和路交叉口东北140米,住宅小区,,120302|060200,商务住宅,住宅区,住宅小区
金地自在城K3区,114.385625,30.606028,和平街金地自在城(仁和路地铁站D口步行350米),住宅小区,,120302,商务住宅,住宅区,住宅小区
华侨城·原岸,114.4044,30.596261,欢乐大道228号(生态运动公园旁),住宅小区,,120302,商务住宅,住宅区,住宅小区
花样年花郡1期,114.384825,30.607375,丰福路与丰园路交叉口东北140米,住宅小区,,120302,商务住宅,住宅区,住宅小区
花样年花郡,114.383466,30.606909,仁和路138号,住宅小区,,120302,商务住宅,住宅区,住宅小区
花样年花郡东区,114.384815,30.607477,丰福路与丰园路交叉口东北160米,住宅小区,,120302,商务住宅,住宅区,住宅小区
武汉洪山中雄置地洪山009号地块(建设中),114.394577,30.60295,洪山区礼和路和沙湖港北路交汇处西北侧,住宅小区,,120302,商务住宅,住宅区,住宅小区
杨春湖高铁商务区P(2023)018号地块(建设中),114.400614,30.600358,洪山区杨春湖高铁商务区(1号地块),住宅小区,,120302,商务住宅,住宅区,住宅小区
杨春湖高铁商务区P(2023)019号地块(建设中),114.401871,30.599658,洪山区杨春湖高铁商务区(3号地块),住宅小区,,120302,商务住宅,住宅区,住宅小区
杨春湖高铁商务区P(2023)021号地块(建设中),114.404118,30.599504,洪山区杨春湖高铁商务区(5号地块),住宅小区,,120302,商务住宅,住宅区,住宅小区
东湖原岸,114.407675,30.598525,白马道与欢乐大道辅路交叉口西南40米,住宅小区,,120302,商务住宅,住宅区,住宅小区
天兴洲绿岛小区西区,114.404168,30.603214,,住宅小区,,120302,商务住宅,住宅区,住宅小区
天兴洲绿岛小区中区,114.405795,30.603294,欢乐大道辅路与白马道交叉口西北500米,住宅小区,,120302,商务住宅,住宅区,住宅小区
天兴洲绿岛小区,114.405828,30.603526,北洋桥路(工业四路地铁站B口步行420米),住宅小区,,120302,商务住宅,住宅区,住宅小区
天兴洲绿岛小区东区,114.407445,30.604028,北洋桥路(工业四路地铁站B口步行420米),住宅小区,,120302,商务住宅,住宅区,住宅小区
白马馨居一期西区,114.415904,30.599971,和谐西路与杨春湖路交叉口西南200米,住宅小区,,120302,商务住宅,住宅区,住宅小区
白马馨居,114.415956,30.600114,欢乐大道武汉火车站南,住宅小区,,120302,商务住宅,住宅区,住宅小区
华侨城·天荟,114.406145,30.606271,绿岛路与团结大道交叉口东南140米,住宅小区,,120302,商务住宅,住宅区,住宅小区
东湖雅苑,114.403256,30.606614,团结大道1430号(工业四路地铁站A口步行260米),住宅小区,,120302,商务住宅,住宅区,住宅小区
白马馨居一期,114.417466,30.600086,杨春湖路与和谐西路交叉口南100米,住宅小区,,120302,商务住宅,住宅区,住宅小区
工人生活区,114.404975,30.606975,绿岛路与团结大道交叉口西南120米,住宅小区,,120302|120303,商务住宅,住宅区,住宅小区
欢乐天际·中央区三期,114.408693,30.607014,团结大道与信和路交叉口东南260米,住宅小区,,120302,商务住宅,住宅区,住宅小区
中建八局生活区,114.405175,30.607625,团结大道与绿岛路交叉口西南60米,住宅小区,,120302,商务住宅,住宅区,住宅小区
欢乐天际·中央区二期,114.410228,30.60729,团结大道与信和路交叉口东380米,住宅小区,,120302,商务住宅,住宅区,住宅小区
欢乐天际·中央区,114.410045,30.60739,团结大道与信和路交汇处(地铁4号线工业四路站),住宅小区,,120302,商务住宅,住宅区,住宅小区
白马馨居一期东区,114.419324,30.600274,和谐路与清馨路交叉口西南140米,住宅小区,,120302,商务住宅,住宅区,住宅小区
杨春湖高铁商务区P(2023)020号地块(建设中),114.40396,30.601132,洪山区杨春湖高铁商务区(4号地块),住宅小区,,120302,商务住宅,住宅区,住宅小区
杨春湖高铁商务区P(2023)022号地块(建设中),114.405762,30.601456,洪山区杨春湖高铁商务区(6-A号地块),住宅小区,,120302,商务住宅,住宅区,住宅小区
华侨城天荟示范区(建设中),114.406245,30.606388,华侨城欢乐天际中央区三期西南侧,住宅小区,,120302,商务住宅,住宅区,住宅小区
白马馨居二期,114.422655,30.599623,欢乐大道辅路与清馨路交叉口东180米,住宅小区,,120302,商务住宅,住宅区,住宅小区
东湖印象民宿(青山工业区·武汉火车站·欢乐谷二店),114.425025,30.598525,欢乐大道398附8号东湖绿道-白马驿站A栋一层,住宅小区,,120302,商务住宅,住宅区,住宅小区
白马馨居二期西区,114.423086,30.600081,欢乐大道北100米白马馨居2期西区附近,住宅小区,,120302,商务住宅,住宅区,住宅小区
首开华侨城,114.420175,30.601075,清馨路与和谐路交叉口南40米,住宅小区,,120302,商务住宅,住宅区,住宅小区
东湖金茂府一期,114.41849,30.602205,和谐路与杨春湖路交叉口北120米,住宅小区,,120302,商务住宅,住宅区,住宅小区
东湖金茂府二期,114.420663,30.602756,和谐路1号,住宅小区,,120302,商务住宅,住宅区,住宅小区
邻湖壹方·民宿天地,114.422668,30.603322,黄鹤路与和谐路交汇处,住宅小区,,120302,商务住宅,住宅区,住宅小区
东湖金茂府,114.419255,30.603656,和谐路1号,住宅小区,,120302,商务住宅,住宅区,住宅小区
中建三局生活区,114.419275,30.603675,黄鹤路与武汉站西二路交叉口西220米,住宅小区,,120302,商务住宅,住宅区,住宅小区
东湖金茂府四期,114.418158,30.603619,杨春湖路与沙湖港北路交叉口东南240米,住宅小区,,120302,商务住宅,住宅区,住宅小区
东湖金茂府三期,114.419927,30.604072,黄鹤路与武汉站西二路交叉口西160米,住宅小区,,120302,商务住宅,住宅区,住宅小区
白马馨居二期东区,114.427872,30.601949,白云路与和谐路交汇处,住宅小区,,120302,商务住宅,住宅区,住宅小区
武汉白马馨居公寓,114.428682,30.602291,和谐路白马馨居东区二期8栋2单元604室,住宅小区,,120302,商务住宅,住宅区,住宅小区
万科华生·星耀大道,114.179413,30.610538,长丰大道52号,住宅小区,,120302,商务住宅,住宅区,住宅小区
长丰大道30号院,114.176211,30.612033,长丰大道与丰帆路交叉口西460米,住宅小区,,120302,商务住宅,住宅区,住宅小区
东风里熙和苑,114.18433,30.612561,长丰大道东风村古田一路59号,住宅小区,,120302,商务住宅,住宅区,住宅小区
染料新村,114.174416,30.613244,长丰大道,住宅小区,,120302,商务住宅,住宅区,住宅小区
东风里,114.186707,30.612325,古田一路与长丰大道交叉口东北160米,住宅小区,,120302,商务住宅,住宅区,住宅小区
东风里颂和苑,114.186927,30.612334,长丰大道225号,住宅小区,,120302,商务住宅,住宅区,住宅小区
东风里·悦和苑,114.186972,30.613333,东风里附近,住宅小区,,120302,商务住宅,住宅区,住宅小区
硚口古田一路P(2023)041号地块,114.185087,30.6155,硚口区古田车辆段东侧、古田一路西侧,住宅小区,,120302,商务住宅,住宅区,住宅小区
东风里御和苑,114.188946,30.612117,长丰大道612号,住宅小区,,120302,商务住宅,住宅区,住宅小区
银舵新都,114.170319,30.607544,舵落口新街86号(舵落口地铁站B口步行420米),住宅小区,,120302,商务住宅,住宅区,住宅小区
御和苑东区,114.189975,30.611525,长丰大道与丰硕路交叉口西320米,住宅小区,,120302,商务住宅,住宅区,住宅小区
家安小区,114.169724,30.607767,舵落口联谊路,住宅小区,,120302,商务住宅,住宅区,住宅小区
天勤花园,114.191348,30.609372,长丰大道100号,住宅小区,,120302,商务住宅,住宅区,住宅小区
2008城市花园,114.191198,30.612261,长丰大道99号,住宅小区,,120302,商务住宅,住宅区,住宅小区
华生城首府公寓楼,114.17408,30.61876,园博大道与宜秀路辅路交叉口东80米,住宅小区,,120302,商务住宅,住宅区,住宅小区
绿城华生·桂语映月,114.189574,30.616081,园博大道与丰景路交叉口西南240米,住宅小区,,120302,商务住宅,住宅区,住宅小区
馨竹苑,114.191115,30.614122,中国武汉市硚口区长风路2008城市花园,住宅小区,,120302,商务住宅,住宅区,住宅小区
晶华,114.171725,30.618525,园博大道与宜秀路辅路交叉口西120米,住宅小区,,120302,商务住宅,住宅区,住宅小区
华生·汉口城市广场三期南区,114.175053,30.620268,园博大道与园博大道上桥匝道交叉口西北220米,住宅小区,,120302,商务住宅,住宅区,住宅小区
信达·天纵第五园,114.167276,30.614221,园博大道与张毕湖路交叉口东140米,住宅小区,,120302,商务住宅,住宅区,住宅小区
乐易居筑,114.17188,30.620002,红星美凯龙额头湾商场6楼,住宅小区,,120302,商务住宅,住宅区,住宅小区
绿城华生桂语朝阳,114.188919,30.619718,古田一路86号,住宅小区,,120302,商务住宅,住宅区,住宅小区
龙湖·春江郦城1期,114.194393,30.611285,长丰大道103号,住宅小区,,120302,商务住宅,住宅区,住宅小区
华生·汉口城市广场三期,114.175016,30.621969,长丰大道辅路与张竹路交叉口东160米,住宅小区,,120302,商务住宅,住宅区,住宅小区
富品居,114.171718,30.620782,红星美凯龙额头湾商场5F,住宅小区,,120302,商务住宅,住宅区,住宅小区
荟聚中庭,114.167425,30.617375,工农路与张毕湖路交叉口东240米,住宅小区,,120302,商务住宅,住宅区,住宅小区
龙湖·春江郦城,114.195416,30.611141,长丰大道107号,住宅小区,,120302,商务住宅,住宅区,住宅小区
华丽花园,114.196732,30.609146,古田二路丰茂路特1号,住宅小区,,120302,商务住宅,住宅区,住宅小区
龙湖·春江郦城2期,114.19651,30.611148,丰盛路21号,住宅小区,,120302,商务住宅,住宅区,住宅小区
龙湖·揽境,114.198625,30.61085,丰茂路与长丰大道辅路交叉口东北160米,住宅小区,,120302,商务住宅,住宅区,住宅小区
兴昌长城,114.200215,30.612135,古田二路长风汽配城1号楼A26号,住宅小区,,120302,商务住宅,住宅区,住宅小区
世纪中天,114.199125,30.613525,长风路与丰盛路交叉口东120米,住宅小区,,120302,商务住宅,住宅区,住宅小区
汇丰园,114.199675,30.613025,长风路与丰盛路交叉口东160米,住宅小区,,120302,商务住宅,住宅区,住宅小区
长丰城H3区,114.203994,30.611886,丰泰路与长风路交叉口西南120米,住宅小区,,120302,商务住宅,住宅区,住宅小区
长丰城,114.203714,30.614089,长丰大道长丰村长丰园林31号丰华园小区后,住宅小区,,120302,商务住宅,住宅区,住宅小区
翡翠中心,114.205302,30.609978,长丰大道辅路与丰美路交叉口西北160米,住宅小区,,120302,商务住宅,住宅区,住宅小区
翡翠中心润玺,114.205302,30.609978,长丰大道113号,住宅小区,,120302,商务住宅,住宅区,住宅小区
汉口城市广场南区C小区,114.2056,30.611778,丰美路97号,住宅小区,,120302,商务住宅,住宅区,住宅小区
翡翠中心B区,114.206298,30.610715,丰美路与长风路交叉口南200米,住宅小区,,120302,商务住宅,住宅区,住宅小区
蓝光林肯公园,114.192314,30.619924,园博大道,住宅小区,,120302,商务住宅,住宅区,住宅小区
鼎鑫阳光,114.195375,30.620225,丰硕北路与悦海路交叉口东南160米,住宅小区,,120302,商务住宅,住宅区,住宅小区
众鼎天成,114.197675,30.620325,丰硕北路与悦海路交叉口东360米,住宅小区,,120302,商务住宅,住宅区,住宅小区
华生·汉口城市广场南区B小区,114.206105,30.61467,丰泰路与长久路交叉口东100米,住宅小区,,120302,商务住宅,住宅区,住宅小区
华生·汉口城市广场南区,114.206706,30.613722,长风路华生·汉口城市广场,住宅小区,,120302,商务住宅,住宅区,住宅小区
华生·汉口城市广场南区D小区,114.207583,30.611382,长风路附近,住宅小区,,120302,商务住宅,住宅区,住宅小区
长丰城H4区,114.207988,30.60922,长丰大道与丰美路交叉口北100米,住宅小区,,120302,商务住宅,住宅区,住宅小区
团结·佳兴园,114.208463,30.613552,长风路附近,住宅小区,,120302,商务住宅,住宅区,住宅小区
美好香域花境,114.203868,30.619705,古田二路三环线路口华润翡翠城营销中心对面,住宅小区,,120302,商务住宅,住宅区,住宅小区
鑫达天越,114.197875,30.622125,三环线与三环线入口交叉口南260米,住宅小区,,120302,商务住宅,住宅区,住宅小区
武汉鼎都汇,114.201383,30.621117,古田二路与城华路交叉口西100米,住宅小区,,120302,商务住宅,住宅区,住宅小区
华生·汉口城市广场南区A小区,114.208335,30.615922,华生·汉口城市广场南区A(长顺路),住宅小区,,120302,商务住宅,住宅区,住宅小区
美好香域花境二期,114.203968,30.620401,城华路与古田二路辅路交叉口东南140米,住宅小区,,120302,商务住宅,住宅区,住宅小区
优康五路2期,114.196825,30.623025,三环线与三环线入口交叉口西南200米,住宅小区,,120302,商务住宅,住宅区,住宅小区
万科华生·公园大道,114.1894,30.622343,悦海路与丰景路交叉口西北200米,住宅小区,,120302,商务住宅,住宅区,住宅小区
龙湖古田天街(建设中),114.201346,30.609679,长丰大道与古田二路交叉口西北100米,住宅小区,,120302,商务住宅,住宅区,住宅小区
长丰城H1区(建设中),114.203421,30.615847,长丰大道古田二路立交桥旁,住宅小区,,120302,商务住宅,住宅区,住宅小区
长丰城H5区,114.211781,30.609204,长丰大道829号,住宅小区,,120302,商务住宅,住宅区,住宅小区
长丰城H6区,114.213928,30.608378,,住宅小区,,120302,商务住宅,住宅区,住宅小区
天顺园十组团,114.212587,30.614023,,住宅小区,,120302,商务住宅,住宅区,住宅小区
天顺园,114.215262,30.611831,古田四路新墩特1号,住宅小区,,120302,商务住宅,住宅区,住宅小区
天顺园还建楼,114.215657,30.609488,长祥路与祥顺路交叉口西120米,住宅小区,,120302,商务住宅,住宅区,住宅小区
天顺园九组团,114.214604,30.613255,丰顺路与长风路交汇处东150米,住宅小区,,120302,商务住宅,住宅区,住宅小区
天顺园三组团,114.216357,30.610529,祥顺路与长祥路交叉口西北100米,住宅小区,,120302,商务住宅,住宅区,住宅小区
景明花园,114.209832,30.615615,古田二路,住宅小区,,120302,商务住宅,住宅区,住宅小区
天顺园四组团,114.216739,30.609186,长丰大道天顺园(南区),住宅小区,,120302,商务住宅,住宅区,住宅小区
天顺园六组团,114.216273,30.612557,祥顺路与长风路交叉口西北180米,住宅小区,,120302,商务住宅,住宅区,住宅小区
天顺园二组团,114.218067,30.610319,长风路与祥顺路交叉口东南120米,住宅小区,,120302,商务住宅,住宅区,住宅小区
天顺园一组团,114.218201,30.60894,古田四路与长祥路交叉口西南100米,住宅小区,,120302,商务住宅,住宅区,住宅小区
天顺园七组团,114.218092,30.611819,祥顺路与长风路交叉口东北100米,住宅小区,,120302,商务住宅,住宅区,住宅小区
天顺园一村,114.218825,30.611125,长风路与祥顺路交叉口东160米,住宅小区,,120302,商务住宅,住宅区,住宅小区
华润翡翠城1期-南区,114.206986,30.619041,园博大道与紫润路交叉口西北160米,住宅小区,,120302,商务住宅,住宅区,住宅小区
城中村改造K10地块,114.206575,30.619625,园博大道与碧城路交叉口东北180米,住宅小区,,120302,商务住宅,住宅区,住宅小区
华润翡翠城1期,114.206573,30.619634,城华路6号,住宅小区,,120302,商务住宅,住宅区,住宅小区
紫润明园南区,114.210456,30.62008,长丰街古田二路以东(汉丹铁路以北),住宅小区,,120302,商务住宅,住宅区,住宅小区
园博南社区,114.216359,30.619376,雪莲路与紫华路交叉口北140米,住宅小区,,120302,商务住宅,住宅区,住宅小区
华生·汉口城市广场北区-南院,114.216038,30.619602,雪莲路与城华路交叉口南180米,住宅小区,,120302,商务住宅,住宅区,住宅小区
华润·翡翠城,114.206457,30.620985,长丰街城华路6号,住宅小区,,120302,商务住宅,住宅区,住宅小区
紫润明园,114.210958,30.621427,城华路18号附10号,住宅小区,,120302,商务住宅,住宅区,住宅小区
华生·汉口城市广场北区,114.215942,30.620718,城华路,住宅小区,,120302,商务住宅,住宅区,住宅小区
紫润明园北区,114.211283,30.622213,城华路19号,住宅小区,,120302,商务住宅,住宅区,住宅小区
华润翡翠城2期,114.207123,30.622123,城华路3号,住宅小区,,120302,商务住宅,住宅区,住宅小区
瞭望花园,114.218299,30.62064,园博园西路与城华路交叉口东南60米,住宅小区,,120302,商务住宅,住宅区,住宅小区
华润翡翠城3期,114.204433,30.622165,城华路1号,住宅小区,,120302,商务住宅,住宅区,住宅小区
华润翡翠城4期,114.203075,30.621675,城华路与古田二路辅路交叉口东北60米,住宅小区,,120302,商务住宅,住宅区,住宅小区
华生·汉口城市广场北区-北院,114.215734,30.622451,汉口城市广场北区4栋,住宅小区,,120302,商务住宅,住宅区,住宅小区
翡翠中心B区,114.203058,30.622024,古田二路与城华路交汇处,住宅小区,,120302,商务住宅,住宅区,住宅小区
波西米亚花园,114.224534,30.617375,园博大道与江达路交叉口西160米,住宅小区,,120302,商务住宅,住宅区,住宅小区
华安里社区,114.233,30.613,,住宅小区,,120302,商务住宅,住宅区,住宅小区
香缇美景1期,114.229075,30.616825,发展五路与江达路交叉口东南120米,住宅小区,,120302,商务住宅,住宅区,住宅小区
香缇美景,114.230393,30.616758,江达路6号(园博园地铁站E口步行460米),住宅小区,,120302,商务住宅,住宅区,住宅小区
复兴五村新村西区,114.234013,30.61328,健民诊所东南侧80米,住宅小区,,120302,商务住宅,住宅区,住宅小区
丰竹园卉竹苑,114.234795,30.60836,发展大道39-48号,住宅小区,,120302,商务住宅,住宅区,住宅小区
汉口里东区,114.224325,30.618575,园博园东路与江发路交叉口西160米,住宅小区,,120302,商务住宅,住宅区,住宅小区
硕实馨园,114.235554,30.610447,丰雅路,住宅小区,,120302,商务住宅,住宅区,住宅小区
常远里社区居委会,114.230975,30.617675,江达路6号香缇美景9栋,住宅小区,,120302,商务住宅,住宅区,住宅小区
丰竹园韵竹苑,114.23605,30.609265,丰雅路8号,住宅小区,,120302,商务住宅,住宅区,住宅小区
蕾丹妮公寓,114.23676,30.608205,丰雍路1号,住宅小区,,120302,商务住宅,住宅区,住宅小区
汉兴街环境卫生管理所暖居公寓,114.232075,30.618575,江达路与发展四路交叉口东100米,住宅小区,,120303|120302,商务住宅,住宅区,
丰竹园东区,114.237504,30.610269,发展大道39号,住宅小区,,120302,商务住宅,住宅区,住宅小区
金盾花园,114.233616,30.618144,江达路18号,住宅小区,,120302,商务住宅,住宅区,住宅小区
工地生活区,114.238232,30.615178,常悦路与常飞街交叉口西北420米,住宅小区,,120302|120303,商务住宅,住宅区,住宅小区
复兴五村新村,114.238992,30.615654,汉兴街办事处常青路华安里社区,住宅小区,,120302,商务住宅,住宅区,住宅小区
中铁北苑,114.238047,30.617157,复兴五村323号,住宅小区,,120302,商务住宅,住宅区,住宅小区
楚天都市金园,114.242109,30.610888,常飞街40号,住宅小区,,120302,商务住宅,住宅区,住宅小区
省纺织宿舍小区,114.241127,30.611848,常发里89号,住宅小区,,120302,商务住宅,住宅区,住宅小区
远洋朗院,114.241955,30.612279,常飞街103号,住宅小区,,120302,商务住宅,住宅区,住宅小区
凯旋佳园,114.24179,30.613214,发展大道常发里100号(汉口火车站旁),住宅小区,,120302,商务住宅,住宅区,住宅小区
中城悦城,114.243887,30.608201,发展大道与振兴三路交汇处,住宅小区,,120302,商务住宅,住宅区,住宅小区
东方现代花园,114.244283,30.611325,发展大道707号,住宅小区,,120302,商务住宅,住宅区,住宅小区
复兴湾公寓,114.240411,30.614045,常飞街复兴湾公寓附近,住宅小区,,120302,商务住宅,住宅区,住宅小区
中城悦城2期,114.244784,30.608506,发展大道与振兴三路交叉口,住宅小区,,120302,商务住宅,住宅区,住宅小区
常青社区防暴大队-住宅楼,114.245,30.611,井南路与常超街交叉口南20米,住宅小区,,120302,商务住宅,住宅区,住宅小区
远洋心御风,114.245025,30.611025,常超街与井南路交叉口南20米,住宅小区,,120302,商务住宅,住宅区,住宅小区
常青街道仁和社区,114.245646,30.610882,常超街与发展大道交叉口北60米,住宅小区,,120302,商务住宅,住宅区,住宅小区
万和田季,114.244525,30.613625,常悦路与常超街交叉口东100米,住宅小区,,120302,商务住宅,住宅区,住宅小区
远洋·万和四季,114.245294,30.612785,常超街与常展里交汇在一期御峰的南面,住宅小区,,120302,商务住宅,住宅区,住宅小区
常展里,114.246225,30.611925,井南路与常超街交叉口东北140米,住宅小区,,120302,商务住宅,住宅区,住宅小区
远洋心汉口御峰K5小区,114.244532,30.614373,御园路与常和街交叉口西南120米,住宅小区,,120302,商务住宅,住宅区,住宅小区
中铁南苑,114.240125,30.61599,复兴五村272号,住宅小区,,120302,商务住宅,住宅区,住宅小区
卫东小区,114.247025,30.610525,发展大道与振兴一路交叉口西南100米,住宅小区,,120302,商务住宅,住宅区,住宅小区
远洋汉口公馆远洋心汉口,114.246808,30.611647,常青路和发展大道交叉口,住宅小区,,120302,商务住宅,住宅区,住宅小区
远洋汉口公馆,114.246868,30.611482,发展大道163号,住宅小区,,120302,商务住宅,住宅区,住宅小区
远洋心汉口御峰,114.244979,30.61458,常超街现代花园对面,住宅小区,,120302,商务住宅,住宅区,住宅小区
远洋汉口公馆远洋心汉口2期,114.24703,30.61173,发展大道与振兴一路交叉口西北100米,住宅小区,,120302,商务住宅,住宅区,住宅小区
江汉区贺家墩村C包K5地块,114.245702,30.614391,常和街与常悦路交叉口西北20米,住宅小区,,120302,商务住宅,住宅区,住宅小区
时尚公寓,114.24753,30.608709,常青路与振兴路交叉路口武商量贩店西南,住宅小区,,120302,商务住宅,住宅区,住宅小区
华安里师范小区,114.239775,30.616625,常超街与御园路交叉口西北380米,住宅小区,,120302,商务住宅,住宅区,住宅小区
力兴花园,114.247708,30.610284,发展大道162号,住宅小区,,120302,商务住宅,住宅区,住宅小区
示范小区,114.241053,30.616689,汉兴街街道常超街附近宏泰公寓,住宅小区,,120302,商务住宅,住宅区,住宅小区
裕荣家园,114.248152,30.609502,常宏里51号-57号、59-60号,住宅小区,,120302,商务住宅,住宅区,住宅小区
远洋心汉口御峰K4小区,114.245883,30.615044,常和街与御园路交叉口东80米,住宅小区,,120302,商务住宅,住宅区,住宅小区
华安里社区新大楼,114.239029,30.617118,江达路与发展一路交叉口南440米,住宅小区,,120302,商务住宅,住宅区,住宅小区
富强天嘉园,114.243004,30.616863,常青街红旗村站常青公园旁,住宅小区,,120302,商务住宅,住宅区,住宅小区
佳兴苑,114.248716,30.610924,常宏里37-41号,住宅小区,,120302,商务住宅,住宅区,住宅小区
当代·中锐万国府ΜΟΜΛ,114.248831,30.608412,振兴路201-231号附近,住宅小区,,120302,商务住宅,住宅区,住宅小区
常宏里42-50号小区,114.24921,30.609724,振兴一路与发展大道交叉口东南200米,住宅小区,,120302,商务住宅,住宅区,住宅小区
电建小区,114.244535,30.616956,常青路123号,住宅小区,,120302,商务住宅,住宅区,住宅小区
长乐小区(常青路),114.249339,30.611292,常青路296号,住宅小区,,120302,商务住宅,住宅区,住宅小区
恒大御园,114.249791,30.608817,振兴路口(居然之家旁),住宅小区,,120302,商务住宅,住宅区,住宅小区
远洋心语,114.241566,30.618592,汉兴街街道常青路华安里社区(近常青公园)江汉区柏润菜市场,住宅小区,,120302,商务住宅,住宅区,住宅小区
宜景阁,114.249175,30.613825,复兴立交与常青路辅路交叉口东北100米,住宅小区,,120302,商务住宅,住宅区,住宅小区
思联花园城,114.247965,30.615578,常青路267号,住宅小区,,120302,商务住宅,住宅区,住宅小区
天梨豪园帝景阁,114.249956,30.612733,常青街办事处发展大道天梨豪园,住宅小区,,120302,商务住宅,住宅区,住宅小区
天梨豪园,114.249909,30.613581,发展大道176号,住宅小区,,120302,商务住宅,住宅区,住宅小区
老98户小区,114.247844,30.616443,常青路70号,住宅小区,,120302,商务住宅,住宅区,住宅小区
龙泉公寓,114.250075,30.614025,发展大道与后襄河一路交叉口西北180米,住宅小区,,120302,商务住宅,住宅区,住宅小区
天梨豪园丽景阁,114.250742,30.613197,发展大道179附7附近,住宅小区,,120302,商务住宅,住宅区,住宅小区
江锋大厦,114.251161,30.612374,发展大道166号(汉口火车站地铁站D1口步行450米),住宅小区,,120302,商务住宅,住宅区,住宅小区
东航小区,114.251566,30.610457,常青路56号,住宅小区,,120302,商务住宅,住宅区,住宅小区
贺家墩社区,114.251658,30.611547,玉宇里1号,住宅小区,,120302,商务住宅,住宅区,住宅小区
常青街银河社区,114.251017,30.614383,银河里58-62号(汉口火车站地铁站B口步行370米),住宅小区,,120302,商务住宅,住宅区,住宅小区
楚街一品,114.249925,30.616025,银墩路与银墩街小路交叉口东北20米,住宅小区,,120302,商务住宅,住宅区,住宅小区
红梅里社区,114.246466,30.618941,常青一路与常青路辅路交叉口东200米,住宅小区,,120302,商务住宅,住宅区,住宅小区
银河花园,114.24965,30.616479,银墩侧路,住宅小区,,120302,商务住宅,住宅区,住宅小区
福星惠誉·福星城南区,114.247238,30.618508,常青路126号,住宅小区,,120302,商务住宅,住宅区,住宅小区
武汉临湖公寓(汉口火车站店),114.252183,30.611685,后镶河一路19号,住宅小区,,120302|100000,商务住宅,住宅区,住宅小区
铁路小区,114.248372,30.617842,汉兴街街道常青一路福星惠誉福星城旁,住宅小区,,120302,商务住宅,住宅区,住宅小区
白金领域,114.251689,30.613595,发展大道183号,住宅小区,,120302,商务住宅,住宅区,住宅小区
福星惠誉·福星城,114.246819,30.618999,汉兴街街道汉兴街办事处红旗渠路89号,住宅小区,,120302,商务住宅,住宅区,住宅小区
新98户宿舍,114.250198,30.616836,银墩侧路与银墩路交叉口北80米,住宅小区,,120302,商务住宅,住宅区,住宅小区
福星惠誉·福星城北区,114.246161,30.619934,常青路中段(靠近汉口火车站),住宅小区,,120302,商务住宅,住宅区,住宅小区
城投·金沙境,114.238367,30.62121,江达路25-4号,住宅小区,,120302,商务住宅,住宅区,住宅小区
汉升OPC社区,114.236431,30.621096,汉兴街街道俊源美佳创业园B座8号2栋3楼,住宅小区,,120302,商务住宅,住宅区,住宅小区
江汉印象,114.253167,30.613223,发展大道与后襄河二路交叉口西南40米,住宅小区,,120302,商务住宅,住宅区,住宅小区
金雅公寓,114.24386,30.62201,红旗渠路88号,住宅小区,,120302,商务住宅,住宅区,住宅小区
远洋心苑,114.247766,30.621046,新湾二路与常青一路交叉口西北120米,住宅小区,,120302,商务住宅,住宅区,住宅小区
金涛鸿公馆,114.254825,30.613007,发展大道176号(汉口火车站对面),住宅小区,,120302,商务住宅,住宅区,住宅小区
海马公园,114.255204,30.612183,后襄河北路59号,住宅小区,,120302,商务住宅,住宅区,住宅小区
武汉市道路运输信息中心家属院,114.256335,30.612769,青年路399号,住宅小区,,120302,商务住宅,住宅区,住宅小区
江汉区青年路下牯牛洲三村,114.260132,30.610509,青年路(范湖地铁站J口步行490米),住宅小区,,120302,商务住宅,住宅区,住宅小区
领绣·友筑(欧亚达国际广场),114.254643,30.614764,发展大道229号附近欧亚达国际广场5F层E-18,住宅小区,,120302,商务住宅,住宅区,住宅小区
青洲盛汇,114.260343,30.611591,牯牛洲街与青年路交汇处(范湖地铁站J口步行480米),住宅小区,,120302,商务住宅,住宅区,住宅小区
葛洲坝国际广场北区,114.261106,30.608948,下牯牛洲路与马场角横路交叉口西160米,住宅小区,,120302,商务住宅,住宅区,住宅小区
葛洲坝国际广场,114.261236,30.607961,青年路528号(范湖地铁站J口步行150米),住宅小区,,120302,商务住宅,住宅区,住宅小区
江北园丁苑,114.261643,30.610539,下牯牛洲二村164号(范湖地铁站G口步行470米),住宅小区,,120302,商务住宅,住宅区,住宅小区
福星公寓,114.26071,30.613952,马场路与福利路交叉口东北80米,住宅小区,,120302,商务住宅,住宅区,住宅小区
晶锋雅舍,114.262844,30.609677,马场角横路105号(范湖地铁站G口步行300米),住宅小区,,120302,商务住宅,住宅区,住宅小区
下牯牛洲四村,114.263183,30.610039,新华路,住宅小区,,120302,商务住宅,住宅区,住宅小区
融创玖玺台,114.263408,30.610127,马场角小路105号(范湖地铁站G口步行330米),住宅小区,,120302,商务住宅,住宅区,住宅小区
鑫城国际聚福苑,114.263304,30.612012,新华路561-587号,住宅小区,,120302,商务住宅,住宅区,住宅小区
鑫城国际C区,114.263625,30.612425,新华路与牯牛洲街交叉口西北120米,住宅小区,,120302,商务住宅,住宅区,住宅小区
鑫城国际1区,114.26389,30.611582,牯牛洲街与新华路交叉口西60米,住宅小区,,120302,商务住宅,住宅区,住宅小区
宠喜里,114.262275,30.614675,新华路与马场路交叉口西北180米,住宅小区,,120302,商务住宅,住宅区,住宅小区
凌霄阁,114.259881,30.617181,金家墩189号,住宅小区,,120302,商务住宅,住宅区,住宅小区
鑫城国际,114.264266,30.612481,新华路与牯牛洲街交叉口西北80米,住宅小区,,120302,商务住宅,住宅区,住宅小区
新华西·美林公馆,114.26499,30.609594,新华西路100号,住宅小区,,120302,商务住宅,住宅区,住宅小区
东方帝园,114.25923,30.617902,金墩街10号,住宅小区,,120302,商务住宅,住宅区,住宅小区
金利·明珠花园,114.26479,30.607417,马场角路64号(范湖地铁站F口步行240米),住宅小区,,120302,商务住宅,住宅区,住宅小区
武汉微寓B区,114.259402,30.61837,金墩巷与金墩街辅路交叉口东北60米,住宅小区,,120302,商务住宅,住宅区,住宅小区
鑫城国际润雅苑,114.265126,30.612958,新华路736附9号附近,住宅小区,,120302,商务住宅,住宅区,住宅小区
长安丽都(新华路),114.265895,30.609008,汉口新华西路马场角小路36号,住宅小区,,120302,商务住宅,住宅区,住宅小区
三金鑫城国际D区,114.265173,30.613618,马场路与马场二路交叉口西120米,住宅小区,,120302,商务住宅,住宅区,住宅小区
日月华庭,114.26589,30.611752,新华西路84号,住宅小区,,120302,商务住宅,住宅区,住宅小区
金家墩185号,114.260716,30.618244,唐家墩街道金墩巷18号,住宅小区,,120302,商务住宅,住宅区,住宅小区
富豪花园东区,114.265369,30.606183,马场角路48号(范湖地铁站F口步行410米),住宅小区,,120302,商务住宅,住宅区,住宅小区
三金华都一期B1地块,114.265425,30.613874,马场路与马场二路交叉口西100米,住宅小区,,120302,商务住宅,住宅区,住宅小区
朝阳华西公寓,114.266374,30.608932,马场角小路36-38号附近,住宅小区,,120302,商务住宅,住宅区,住宅小区
万科汉口传奇悦庭西区,114.259772,30.61912,金墩街辅路与金墩巷交叉口东北140米,住宅小区,,120302,商务住宅,住宅区,住宅小区
三金华都2期,114.26519,30.614915,新华路736号,住宅小区,,120302,商务住宅,住宅区,住宅小区
井南小区,114.264504,30.616283,发展大道与新华路交叉口东120米,住宅小区,,120302,商务住宅,住宅区,住宅小区
新世纪都市花园梅园,114.266703,30.60742,西北湖马场角路59号(范湖地铁站F口步行370米),住宅小区,,120302,商务住宅,住宅区,住宅小区
万科汉口传奇悦庭,114.260852,30.619108,八古墩北路与新华路辅路交叉口西南160米,住宅小区,,120302,商务住宅,住宅区,住宅小区
万科汉口传奇悦庭东区,114.261203,30.6191,八古墩北路与新华路辅路交叉口南140米,住宅小区,,120302,商务住宅,住宅区,住宅小区
万达广场小区B区,114.267494,30.611435,唐家墩街办事处菱角湖,住宅小区,,120302,商务住宅,住宅区,住宅小区
马场路140号小区,114.266672,30.614407,马场二路与马场路交叉口东北60米,住宅小区,,120302,商务住宅,住宅区,住宅小区
庭瑞时代,114.267771,30.607819,新华路471号,住宅小区,,120302,商务住宅,住宅区,住宅小区
万达广场小区,114.267944,30.611604,唐家墩路5号(新华西路口菱角湖公园地铁2号线范湖站),住宅小区,,120302,商务住宅,住宅区,住宅小区
万科·圆方,114.267281,30.614575,马场路136号,住宅小区,,120302,商务住宅,住宅区,住宅小区
菱角湖万达广场E区,114.268375,30.610525,兴唐街与新华路交叉口东北200米,住宅小区,,120302,商务住宅,住宅区,住宅小区
都市骊园B座,114.266375,30.616425,唐家墩街办事处发展大道236号都市骊园,住宅小区,,120200|120302,商务住宅,楼宇,
万科锦园,114.256463,30.621656,常青一路180号,住宅小区,,120302,商务住宅,住宅区,住宅小区
万达广场小区C区,114.268579,30.611811,唐家墩路15号,住宅小区,,120302,商务住宅,住宅区,住宅小区
华薇商厦,114.265744,30.61745,发展大道227号附2号,住宅小区,,120302,商务住宅,住宅区,住宅小区
福康居小区,114.267157,30.615666,唐家墩马场一路100号,住宅小区,,120302,商务住宅,住宅区,住宅小区
香榭果颂,114.269125,30.610275,兴唐街与唐家墩路交叉口西140米,住宅小区,,120302,商务住宅,住宅区,住宅小区
文锦苑,114.257837,30.622036,常青一路206号,住宅小区,,120302,商务住宅,住宅区,住宅小区
万科汉口传奇唐樾,114.264303,30.619587,新华路758号,住宅小区,,120302,商务住宅,住宅区,住宅小区
安逸居小区,114.269715,30.611792,新华下路169号,住宅小区,,120302,商务住宅,住宅区,住宅小区
锦绣人家,114.252179,30.622564,红旗渠路102号,住宅小区,,120302,商务住宅,住宅区,住宅小区
顶琇国际城D区,114.266672,30.618169,马场二路与金陈路交叉口东60米,住宅小区,,120302,商务住宅,住宅区,住宅小区
万科汉口传奇,114.263448,30.620725,常青一路218号,住宅小区,,120302,商务住宅,住宅区,住宅小区
红旗公寓,114.255887,30.623087,站北路7号,住宅小区,,120302,商务住宅,住宅区,住宅小区
市政小区,114.250126,30.622499,红旗渠路100号,住宅小区,,120302,商务住宅,住宅区,住宅小区
学林华府,114.260451,30.622327,常青一路210号,住宅小区,,120302,商务住宅,住宅区,住宅小区
武汉·理想之地,114.268503,30.61653,发展大道与唐家墩路交汇处(C地块),住宅小区,,120302,商务住宅,住宅区,住宅小区
菱湖上品,114.270512,30.611137,新华下路169号,住宅小区,,120302,商务住宅,住宅区,住宅小区
大唐新都,114.270724,30.611723,三眼桥北路211附15号附近,住宅小区,,120302,商务住宅,住宅区,住宅小区
九头鸟小区,114.272409,30.611751,三眼桥地铁站B口步行210米,住宅小区,,120302,商务住宅,住宅区,住宅小区
荷花苑,114.273751,30.612416,香港路386号(三眼桥地铁站B口步行240米),住宅小区,,120302,商务住宅,住宅区,住宅小区
鹏翔阁,114.274696,30.60928,菱角湖路与香港路交叉口西南160米,住宅小区,,120302,商务住宅,住宅区,住宅小区
香港路·浅水湾,114.274427,30.611773,香港路328附1号(三眼桥地铁站B口步行80米),住宅小区,,120302,商务住宅,住宅区,住宅小区
物资局宿舍,114.274927,30.610053,香港路269-附15号(三眼桥地铁站C口步行50米),住宅小区,,120302,商务住宅,住宅区,住宅小区
馨兰花苑,114.275101,30.611134,香港路324号(三眼桥地铁站B口步行60米),住宅小区,,120302,商务住宅,住宅区,住宅小区
香港路公务员小区,114.275153,30.608913,唐家墩街办事处菱角湖路公务员,住宅小区,,120302,商务住宅,住宅区,住宅小区
理想之花,114.271675,30.614625,唐家墩路与马场后街交叉口西北40米,住宅小区,,060501|120302,购物服务,,
香港丽都,114.275647,30.610777,香港路318号(三眼桥地铁站C口步行110米),住宅小区,,120302,商务住宅,住宅区,住宅小区
鹏飞湖庭,114.275822,30.609902,香港路267号(三眼桥地铁站D口步行180米),住宅小区,,120302,商务住宅,住宅区,住宅小区
工人新村,114.275177,30.612351,三眼桥北路16号(三眼桥地铁站C口步行330米),住宅小区,,120302,商务住宅,住宅区,住宅小区
荷花池村,114.27569,30.611587,荷花池96号(三眼桥地铁站B口步行220米),住宅小区,,120302,商务住宅,住宅区,住宅小区
东方名园D座,114.272775,30.614725,香港路396号东方名园(唐家墩地铁站A口步行230米),住宅小区,,120302,商务住宅,住宅区,住宅小区
东方名园,114.272751,30.614796,香港路396号(唐家墩地铁站A口步行230米),住宅小区,,120302,商务住宅,住宅区,住宅小区
香江新村北区,114.276103,30.608424,天门墩路265号(三眼桥地铁站D口步行80米),住宅小区,,120302,商务住宅,住宅区,住宅小区
香江花园4期,114.274858,30.613654,香港路390号,住宅小区,,120302,商务住宅,住宅区,住宅小区
万科金域时代西区,114.275293,30.606645,天香路与天门墩二路交叉口东80米,住宅小区,,120302,商务住宅,住宅区,住宅小区
香江花园1期,114.274518,30.614505,香港路396号,住宅小区,,120302,商务住宅,住宅区,住宅小区
穗丰花园,114.277036,30.610516,香港路292号(三眼桥地铁站A口步行70米),住宅小区,,120302,商务住宅,住宅区,住宅小区
穗丰花园2期,114.277136,30.609853,香港路与天门墩路交叉口西北60米,住宅小区,,120302,商务住宅,住宅区,住宅小区
商职公寓,114.276146,30.613324,商职公寓C栋工人新村216(三眼桥地铁站C口步行480米),住宅小区,,120302,商务住宅,住宅区,住宅小区
香天公寓,114.277301,30.609255,天门墩路与香港路交叉口西南40米,住宅小区,,120302|100200,商务住宅,住宅区,住宅小区
万科金域时代,114.276251,30.606639,台北路291号(菱角湖地铁站D口步行370米),住宅小区,,120302,商务住宅,住宅区,住宅小区
安友花园,114.277473,30.611496,三眼桥北路25号(三眼桥地铁站A口步行330米),住宅小区,,120302,商务住宅,住宅区,住宅小区
天门墩社区,114.276827,30.60694,天门墩94号(菱角湖地铁站C口步行290米),住宅小区,,120302,商务住宅,住宅区,住宅小区
万科金域时代一期,114.276581,30.60642,香江西路与天门墩路交叉口东南60米,住宅小区,,120302,商务住宅,住宅区,住宅小区
香江花园,114.274807,30.615288,香港路附近,住宅小区,,120302,商务住宅,住宅区,住宅小区
香江花园2期,114.274579,30.615563,唐家墩街办事处香港路(唐家墩地铁站A口步行440米),住宅小区,,120302,商务住宅,住宅区,住宅小区
万科金域时代2期,114.277133,30.606884,台北路291号(菱角湖地铁站C口步行330米),住宅小区,,120302,商务住宅,住宅区,住宅小区
长安花园(天门墩路),114.277682,30.607825,天门墩路42号(三眼桥地铁站D口步行370米),住宅小区,,120302,商务住宅,住宅区,住宅小区
西桥老年宜居社区,114.27782,30.612067,三眼桥北路与三眼桥路交叉口西南200米,住宅小区,,120302,商务住宅,住宅区,住宅小区
蓝空·国粹香舍,114.272734,30.616733,唐蔡路2号(唐家墩地铁站A口步行140米),住宅小区,,120302,商务住宅,住宅区,住宅小区
香江苑,114.275924,30.61501,唐家墩工人新村,住宅小区,,120302,商务住宅,住宅区,住宅小区
馨兰花苑,114.278234,30.611008,三眼桥北路29附4号(三眼桥地铁站A口步行450米),住宅小区,,120302,商务住宅,住宅区,住宅小区
中央锦城,114.270051,30.617252,新华下路183号唐家墩地铁C出口,住宅小区,,120302,商务住宅,住宅区,住宅小区
鹏程创意院子,114.278338,30.608883,香港路257号(三眼桥地铁站A口步行220米),住宅小区,,120302|050100|170200,商务住宅,住宅区,住宅小区
唐家墩街阳光家园,114.278014,30.612599,三眼桥北路(三眼桥地铁站B口步行400米),住宅小区,,120302,商务住宅,住宅区,住宅小区
海虹公寓,114.276637,30.614894,工人新村109,住宅小区,,120302,商务住宅,住宅区,住宅小区
香港路245号小区,114.278561,30.608295,台北路与香港路交叉口西南60米,住宅小区,,120302,商务住宅,住宅区,住宅小区
海虹景,114.277712,30.613755,三眼桥北路30号(三眼桥地铁站A口步行460米),住宅小区,,120302,商务住宅,住宅区,住宅小区
新兴华鼎丽都,114.273835,30.617232,唐蔡路6号(唐家墩地铁站A口步行330米),住宅小区,,120302,商务住宅,住宅区,住宅小区
紫藤花园,114.27884,30.607562,香港路241号(三眼桥地铁站D口步行340米),住宅小区,,120302,商务住宅,住宅区,住宅小区
香江家园,114.274505,30.617036,唐家墩地铁站A口步行410米,住宅小区,,120302,商务住宅,住宅区,住宅小区
钉丝小区,114.277158,30.615372,三眼桥路211号,住宅小区,,120302,商务住宅,住宅区,住宅小区
电信宿舍(唐家墩),114.268125,30.618025,唐家墩街办事处发展大道247号中国电信(唐家墩营业厅),住宅小区,,120302,商务住宅,住宅区,住宅小区
西马新村小区,114.279483,30.609202,香港路264号(三眼桥地铁站A口步行140米),住宅小区,,120302,商务住宅,住宅区,住宅小区
三眼桥路小区,114.27775,30.614832,三眼桥路与荷花池街交叉口东南120米,住宅小区,,120302,商务住宅,住宅区,住宅小区
景桥花苑小区,114.279489,30.611194,花桥街办事处三眼桥路163号,住宅小区,,120302,商务住宅,住宅区,住宅小区
武汉市无线电厂,114.279275,30.612175,唐家墩街办事处三眼桥路181号,住宅小区,,120302,商务住宅,住宅区,住宅小区
星誉国际云居,114.27641,30.616174,三眼桥路229号,住宅小区,,120302,商务住宅,住宅区,住宅小区
唐蔡社区三峡大院,114.272909,30.617949,唐蔡路51号(唐家墩地铁站A口步行210米),住宅小区,,120302,商务住宅,住宅区,住宅小区
恒发新村,114.2794,30.612061,花桥街办事处三眼桥路169号,住宅小区,,120302,商务住宅,住宅区,住宅小区
天门墩8-12号小区,114.277704,30.604892,长江日报路与香江路交叉口北100米,住宅小区,,120302,商务住宅,住宅区,住宅小区
香江花园3期,114.275832,30.616766,三眼桥路233号,住宅小区,,120302,商务住宅,住宅区,住宅小区
北斗花园,114.274742,30.617548,唐蔡路6号(唐家墩地铁站A口步行360米),住宅小区,,120302,商务住宅,住宅区,住宅小区
穗丰花园东区,114.279963,30.610356,三眼桥路155号,住宅小区,,120302,商务住宅,住宅区,住宅小区
唐蔡天下,114.275422,30.617313,唐蔡路16号(唐家墩地铁站A口步行470米),住宅小区,,120302,商务住宅,住宅区,住宅小区
顶琇国际城,114.268251,30.618586,马场二路129号(唐家墩地铁站B口步行410米),住宅小区,,120302,商务住宅,住宅区,住宅小区
佳瑞居,114.2799,30.608041,香港路与香江路交叉口西北100米,住宅小区,,120302,商务住宅,住宅区,住宅小区
怡青园,114.278568,30.605294,天门墩91号(菱角湖地铁站C口步行340米),住宅小区,,120302,商务住宅,住宅区,住宅小区
众联新澳国际,114.280127,30.611353,三眼桥路167号,住宅小区,,120302,商务住宅,住宅区,住宅小区
财经小区,114.279657,30.606597,唐家墩街办事处香江路15号,住宅小区,,120302,商务住宅,住宅区,住宅小区
星誉国际(建设中),114.27809,30.615729,三眼桥路176号,住宅小区,,120302,商务住宅,住宅区,住宅小区
美稷公寓,114.279575,30.606275,香江路与高家台路交叉口东北100米,住宅小区,,100200|120302,住宿服务,,
顶琇国际城C区,114.269347,30.619097,发展大道与唐家墩路交叉口,住宅小区,,120302,商务住宅,住宅区,住宅小区
海虹锦都,114.279026,30.6149,三眼桥路212号,住宅小区,,120302,商务住宅,住宅区,住宅小区
中行宿舍小区,114.273375,30.618725,唐家墩路与发展大道交叉口东180米,住宅小区,,120303|120302,商务住宅,住宅区,
空间小区,114.279582,30.605661,香江路与高家台路交叉口东北40米,住宅小区,,120302,商务住宅,住宅区,住宅小区
家具小区,114.275875,30.617883,三眼桥路265号,住宅小区,,120302,商务住宅,住宅区,住宅小区
星誉国际·云麓,114.278093,30.616287,电科院路2号,住宅小区,,120302,商务住宅,住宅区,住宅小区
花桥街四村,114.280295,30.613157,三眼桥北路与三眼桥路交叉口东南80米,住宅小区,,120302,商务住宅,住宅区,住宅小区
长安公寓,114.280239,30.606156,前三眼桥76号,住宅小区,,120302,商务住宅,住宅区,住宅小区
三眼桥二村,114.281169,30.609632,三眼桥路,住宅小区,,120302,商务住宅,住宅区,住宅小区
积益小区,114.275193,30.618571,唐蔡路28号(唐家墩地铁站A口步行450米),住宅小区,,120302,商务住宅,住宅区,住宅小区
新大陆城市花园,114.268281,30.619572,唐家墩路201号(唐家墩地铁站B口步行310米),住宅小区,,120302,商务住宅,住宅区,住宅小区
国安社区,114.280901,30.607281,香港路与香江路交叉口东南20米,住宅小区,,120302,商务住宅,住宅区,住宅小区
武汉城建·中央雲璟,114.279229,30.604258,长江日报路与香江路交叉口以东,住宅小区,,120302,商务住宅,住宅区,住宅小区
三眼桥四村,114.27929,30.615723,三眼桥路214号,住宅小区,,120302,商务住宅,住宅区,住宅小区
顶琇·晶城,114.27223,30.619664,发展大道299号(唐家墩地铁站B口步行350米),住宅小区,,120302,商务住宅,住宅区,住宅小区
星誉国际云幕,114.277356,30.617573,江大路175号,住宅小区,,120302,商务住宅,住宅区,住宅小区
天成花园,114.280519,30.614447,三眼桥四村117号,住宅小区,,120302,商务住宅,住宅区,住宅小区
八古新墩69号院,114.267325,30.619825,马场二路与八古墩西二巷交叉口东北200米,住宅小区,,120302,商务住宅,住宅区,住宅小区
元辰世纪,114.275009,30.61913,三眼桥路289号,住宅小区,,120302,商务住宅,住宅区,住宅小区
顶琇国际城4期,114.267117,30.6198,马场二路与八古墩西二巷交叉口东北180米,住宅小区,,120302,商务住宅,住宅区,住宅小区
电科院路3号院,114.278346,30.617331,老蔡家田电科院路3号,住宅小区,,120302,商务住宅,住宅区,住宅小区
教委教工幸福楼,114.280228,30.615338,三眼桥四村294-295,住宅小区,,120302,商务住宅,住宅区,住宅小区
添乐花园,114.279558,30.616476,三眼桥北路三眼桥小学对面,住宅小区,,120302,商务住宅,住宅区,住宅小区
雅苑公寓(发展大道),114.273877,30.619988,唐蔡路121号,住宅小区,,120302,商务住宅,住宅区,住宅小区
顶琇国际城B区,114.266713,30.620174,马场二路127号,住宅小区,,120302,商务住宅,住宅区,住宅小区
高家台68号,114.280281,30.603994,高家台路与长江日报路交叉口东北200米,住宅小区,,120302,商务住宅,住宅区,住宅小区
桥苑新村,114.281968,30.607077,长福公寓(香港路地铁站F口步行180米),住宅小区,,120302,商务住宅,住宅区,住宅小区
红桥公寓,114.281067,30.615123,三眼桥三村656-657,住宅小区,,120302,商务住宅,住宅区,住宅小区
高家台164号,114.280393,30.603821,天门墩路79号(香港路地铁站H口步行480米),住宅小区,,120302,商务住宅,住宅区,住宅小区
福星惠誉·铂雅府,114.282472,30.612045,育才街与聚才路交叉口南320米,住宅小区,,120302,商务住宅,住宅区,住宅小区
蓝色天际,114.268562,30.620915,唐家墩路203号(唐家墩地铁站B口步行340米),住宅小区,,120302,商务住宅,住宅区,住宅小区
金凌育才雅苑,114.285277,30.609931,黄孝河路7号(香港路地铁站E口步行410米),住宅小区,,120302,商务住宅,住宅区,住宅小区
三眼桥一村,114.284062,30.609771,三眼桥路71号(香港路地铁站E口步行350米),住宅小区,,120302,商务住宅,住宅区,住宅小区
金汉花园,114.284557,30.610997,三眼桥一村158号,住宅小区,,120302,商务住宅,住宅区,住宅小区
二航宿舍,114.283681,30.609536,花桥街办事处三眼桥路108号,住宅小区,,120302|120303,商务住宅,住宅区,住宅小区
金色华府,114.28652,30.609322,解放公园路83号(香港路地铁站E口步行360米),住宅小区,,120302,商务住宅,住宅区,住宅小区
福星惠誉育才里,114.283576,30.610909,育欣路,住宅小区,,120302,商务住宅,住宅区,住宅小区
育才一小小区,114.285664,30.608223,解放公园路103号(香港路地铁站E口步行240米),住宅小区,,120302,商务住宅,住宅区,住宅小区
花桥街长惠社区,114.285314,30.61187,育欣路26号附近,住宅小区,,120302,商务住宅,住宅区,住宅小区
华侨苑B座,114.285539,30.612013,华侨苑,住宅小区,,120302,商务住宅,住宅区,住宅小区
儒雅阁,114.283915,30.607954,三眼桥路与育欣路交叉口东南160米,住宅小区,,120302,商务住宅,住宅区,住宅小区
惠济小区,114.287675,30.610641,解放公园路48号(惠济二路地铁站J口步行350米),住宅小区,,120302,商务住宅,住宅区,住宅小区
长航小区,114.284923,30.607593,三眼桥路22号(香港路地铁站E口步行210米),住宅小区,,120302,商务住宅,住宅区,住宅小区
华侨苑,114.285264,30.612405,黄孝河路与惠济一路交叉口西南140米,住宅小区,,120302,商务住宅,住宅区,住宅小区
建设大道955号院,114.288072,30.610643,建设大道辅路与解放公园路交叉口北100米,住宅小区,,120302,商务住宅,住宅区,住宅小区
王府花园,114.285679,30.607197,黄孝河路1号(香港路地铁站E口步行130米),住宅小区,,120302,商务住宅,住宅区,住宅小区
御才名仕,114.287632,30.611823,惠济1路17号(惠济二路地铁站J口步行280米),住宅小区,,120302,商务住宅,住宅区,住宅小区
颐和丽晶,114.286658,30.612624,惠济一路15号(惠济二路地铁站J口步行370米),住宅小区,,120302,商务住宅,住宅区,住宅小区
育才一村,114.285352,30.613129,黄孝河路,住宅小区,,120302,商务住宅,住宅区,住宅小区
希望小区,114.286025,30.613025,黄孝河路与惠济一路交叉口南60米,住宅小区,,120302,商务住宅,住宅区,住宅小区
惠济路13号大院,114.28789,30.608045,建设大道750号(香港路地铁站E口步行260米),住宅小区,,120302,商务住宅,住宅区,住宅小区
进小区,114.286634,30.612851,黄孝河路与惠济一路交叉口东南80米,住宅小区,,120302,商务住宅,住宅区,住宅小区
恵园·大公馆,114.288699,30.611103,建设大道959号(惠济二路地铁站J口步行100米),住宅小区,,120201|120302,商务住宅,楼宇,商务写字楼
惠园大公馆E座,114.288675,30.611175,建设大道959号恵园·大公馆,住宅小区,,120200|120302,商务住宅,楼宇,
解放公园路79号院,114.288717,30.608652,解放公园路与建设大道辅路交叉口东南120米,住宅小区,,120302,商务住宅,住宅区,住宅小区
惠济一路18号小区,114.288167,30.612175,惠济一路与建设大道辅路交叉口西北160米,住宅小区,,120302,商务住宅,住宅区,住宅小区
长福沁苑公寓,114.282625,30.607162,唐家墩街办事处香港路华氏百货,住宅小区,,120302,商务住宅,住宅区,住宅小区
华氏儒商花园,114.283583,30.606616,香港路218号(香港路地铁站F口旁),住宅小区,,120302,商务住宅,住宅区,住宅小区
花桥街育才二村居民区,114.284004,30.613587,育欣路159号,住宅小区,,120302,商务住宅,住宅区,住宅小区
杏园F座,114.283147,30.606601,香港路218号华氏儒商花园,住宅小区,,120302,商务住宅,住宅区,住宅小区
惠济公寓,114.289239,30.61146,惠济一路14号(惠济二路地铁站J口步行110米),住宅小区,,120302,商务住宅,住宅区,住宅小区
惠一轻工苑小区,114.288947,30.61199,惠济一路与建设大道辅路交叉口北100米,住宅小区,,120302,商务住宅,住宅区,住宅小区
惠济路19号院,114.289426,30.608613,劳动街办事处惠济路19号,住宅小区,,120302,商务住宅,住宅区,住宅小区
高富生活广场,114.288571,30.607333,惠济路7号(长航医院旁),住宅小区,,120302,商务住宅,住宅区,住宅小区
皇冠幸福里(惠济路店),114.289729,30.608517,劳动街惠济路21号2栋1层,住宅小区,,120302|050800,商务住宅,住宅区,住宅小区
花桥小区,114.283068,30.614027,育才街与育才小路交叉口西140米,住宅小区,,120302,商务住宅,住宅区,住宅小区
惠济路育才二小社区,114.289328,30.612263,建设大道辅路与惠济二路交叉口西120米,住宅小区,,120302,商务住宅,住宅区,住宅小区
惠中社区南区,114.290106,30.610422,惠济路29号(惠济二路地铁站B口步行150米),住宅小区,,120302,商务住宅,住宅区,住宅小区
思成名居,114.282155,30.606244,香江东路与香港路交叉口南40米,住宅小区,,120302,商务住宅,住宅区,住宅小区
惠济路20号小区,114.28993,30.608051,惠济路20号,住宅小区,,120302,商务住宅,住宅区,住宅小区
壹方时代,114.282775,30.605725,香港路与香江东路交叉口东南100米,住宅小区,,120302,商务住宅,住宅区,住宅小区
惠济二路小区,114.290329,30.611393,建设大道辅路与惠济一路交叉口东北100米,住宅小区,,120302,商务住宅,住宅区,住宅小区
花桥一村,114.287125,30.6145,黄孝河路90号(惠济二路地铁站J口步行430米),住宅小区,,120302,商务住宅,住宅区,住宅小区
育才社区南区,114.283025,30.614575,育才街与育才小路交叉口西120米,住宅小区,,120302,商务住宅,住宅区,住宅小区
华储大厦,114.288521,30.605922,惠济路8号(香港路地铁站D口步行330米),住宅小区,,120302,商务住宅,住宅区,住宅小区
花惠社区,114.290487,30.608055,解放公园路55号,住宅小区,,120302,商务住宅,住宅区,住宅小区
惠济二路五号大院,114.289654,30.61319,惠济二路与建设大道辅路交叉口西北120米,住宅小区,,120302,商务住宅,住宅区,住宅小区
东方墨兰,114.287275,30.605025,惠济路与澳门路交叉口西南40米,住宅小区,,120302,商务住宅,住宅区,住宅小区
育才名苑,114.289191,30.61395,惠济二路59号(惠济二路地铁站H口步行210米),住宅小区,,120302,商务住宅,住宅区,住宅小区
开明路17-23号院,114.288651,30.605668,澳门路270-272号(香港路地铁站D口步行330米),住宅小区,,120302,商务住宅,住宅区,住宅小区
惠济二路1号院,114.290917,30.611666,惠济二路与建设大道辅路交叉口东南60米,住宅小区,,120302,商务住宅,住宅区,住宅小区
育才名仕,114.289195,30.613961,惠济二路与九万方路交叉口东南180米,住宅小区,,120302,商务住宅,住宅区,住宅小区
市政苑,114.28514,30.615405,育才一村12-34号,住宅小区,,120302,商务住宅,住宅区,住宅小区
育才社区,114.283052,30.615371,育才三村3号,住宅小区,,120302,商务住宅,住宅区,住宅小区
华润大厦,114.291701,30.611503,惠济二路39号(惠济二路地铁站B口步行180米),住宅小区,,120302,商务住宅,住宅区,住宅小区
苔绿花园,114.28754,30.615656,花桥一村31号(惠济二路地铁站H口步行450米),住宅小区,,120302,商务住宅,住宅区,住宅小区
名雅居,114.29107,30.606886,解放公园路57号,住宅小区,,120302,商务住宅,住宅区,住宅小区
育才三村,114.282876,30.615848,三眼桥一村158号,住宅小区,,120302,商务住宅,住宅区,住宅小区
雅琪公寓,114.285587,30.616207,黄孝河路45号,住宅小区,,120302,商务住宅,住宅区,住宅小区
武汉市司法局干警公寓,114.290614,30.606037,开明路32-34号,住宅小区,,120302,商务住宅,住宅区,住宅小区
便民驿站-武汉市融玺公馆,114.28905,30.61525,惠济二路与九万方路交叉口东60米,住宅小区,,120302,商务住宅,住宅区,住宅小区
玲珑丽都,114.285125,30.616325,育才小路与聚才东路交叉口东北100米,住宅小区,,120302,商务住宅,住宅区,住宅小区
武汉润府,114.290942,30.614079,花桥村K2二期A2地块,住宅小区,,120302,商务住宅,住宅区,住宅小区
育才苑,114.284217,30.616658,嘉祥路36号,住宅小区,,120302,商务住宅,住宅区,住宅小区
澳门路230号小区,114.290629,30.605245,澳门路与光华路交叉口西北120米,住宅小区,,120302,商务住宅,住宅区,住宅小区
开明小区,114.291529,30.606072,开明路28号,住宅小区,,120302,商务住宅,住宅区,住宅小区
育才四村,114.284257,30.616841,育才小路与聚才东路交叉口北140米,住宅小区,,120302,商务住宅,住宅区,住宅小区
武汉星河湾,114.291108,30.614568,建设大道999号(惠济二路地铁站H口步行330米),住宅小区,,120302,商务住宅,住宅区,住宅小区
花西公寓,114.28093,30.616082,三眼桥三村660号,住宅小区,,120302,商务住宅,住宅区,住宅小区
花桥劳动局宿舍小区,114.281932,30.616757,聚才路与江大路交叉口西南200米,住宅小区,,120302,商务住宅,住宅区,住宅小区
花桥二村社区,114.287698,30.616938,江大路32号,住宅小区,,120302,商务住宅,住宅区,住宅小区
圆梦圆国际广场,114.285272,30.617675,黄孝河路49号(黄孝河路和江大路交汇处),住宅小区,,120302,商务住宅,住宅区,住宅小区
惠中社区北区,114.293563,30.612524,惠济路41惠中社区(惠济二路地铁站B口步行450米),住宅小区,,120302,商务住宅,住宅区,住宅小区
聚才南苑1期,114.281362,30.617192,三眼桥北路与江大路交叉口南160米,住宅小区,,120302,商务住宅,住宅区,住宅小区
聚才南苑,114.281704,30.617531,江大路111号,住宅小区,,120302,商务住宅,住宅区,住宅小区
惠济路41号院,114.293714,30.613008,惠济路与惠济三路交叉口西140米,住宅小区,,120302,商务住宅,住宅区,住宅小区
枇杷园,114.291085,30.603667,光华路2号1-3,住宅小区,,120302,商务住宅,住宅区,住宅小区
金惠公寓,114.293575,30.613876,建设大道896号(惠济二路地铁站B口步行310米),住宅小区,,120302,商务住宅,住宅区,住宅小区
和成天下,114.283011,30.618232,聚才路与江大路交叉口南20米,住宅小区,,120302,商务住宅,住宅区,住宅小区
花桥社区,114.288486,30.61788,江大路与九万方路交叉口西200米,住宅小区,,120302,商务住宅,住宅区,住宅小区
光华路7号大院,114.292471,30.604479,光华路20号,住宅小区,,120302,商务住宅,住宅区,住宅小区
重才里B区,114.283925,30.618425,江大路与聚才路交叉口东100米,住宅小区,,120302,商务住宅,住宅区,住宅小区
光华小区(光华路),114.291083,30.603315,澳门路以南光华路六中附近,住宅小区,,120302,商务住宅,住宅区,住宅小区
御景别苑,114.29436,30.613022,惠济路45-3号,住宅小区,,120302,商务住宅,住宅区,住宅小区
解放社区,114.294047,30.606087,解放公园路49号,住宅小区,,120302,商务住宅,住宅区,住宅小区
蔡家田小区B区,114.282087,30.618364,江大路119号,住宅小区,,120302,商务住宅,住宅区,住宅小区
花桥派出所楼小区,114.28198,30.618338,,住宅小区,,120302,商务住宅,住宅区,住宅小区
科技苑小区,114.287797,30.618602,江大路32号,住宅小区,,120302,商务住宅,住宅区,住宅小区
酒宝荡社区,114.2941,30.61437,劳动街办事处惠济三路(惠济二路地铁站B口步行450米),住宅小区,,120302,商务住宅,住宅区,住宅小区
惠济雅院,114.294714,30.613365,惠济路45号,住宅小区,,120302,商务住宅,住宅区,住宅小区
重才里,114.283585,30.618958,江大路与聚才路交叉口东北80米,住宅小区,,120302,商务住宅,住宅区,住宅小区
望才小区,114.285728,30.619145,黄孝河路与江大路交叉口北120米,住宅小区,,120302,商务住宅,住宅区,住宅小区
统建大江园南苑,114.292365,30.616663,江大路18号(赵家条地铁站D口步行220米),住宅小区,,120302,商务住宅,住宅区,住宅小区
松园别院,114.290218,30.618184,花桥街办事处,住宅小区,,120302,商务住宅,住宅区,住宅小区
47号小区,114.290625,30.618125,九万方路与江大路交叉口东南20米,住宅小区,,120302,商务住宅,住宅区,住宅小区
幸福家园,114.295045,30.614022,惠济三路与惠济路交叉口北100米,住宅小区,,120302,商务住宅,住宅区,住宅小区
乐府江南小区,114.295045,30.614022,惠济三路与惠济路交叉口北100米,住宅小区,,120302,商务住宅,住宅区,住宅小区
武华住宅小区1区,114.281977,30.619184,花桥街办事处,住宅小区,,120302,商务住宅,住宅区,住宅小区
长江委酒宝荡小区,114.294541,30.614877,建设大道802号(赵家条地铁站C口步行420米),住宅小区,,120302,商务住宅,住宅区,住宅小区
协昌里小区,114.286995,30.619432,九万方江大路,住宅小区,,120302,商务住宅,住宅区,住宅小区
德威大厦,114.290285,30.61858,江大路28号,住宅小区,,120302,商务住宅,住宅区,住宅小区
江大路工科院小区,114.290007,30.618956,九万方路与江大路交叉口西北80米,住宅小区,,120302,商务住宅,住宅区,住宅小区
长江委惠济路小区49号小区,114.295669,30.613842,惠济四路与惠济路交叉口西80米,住宅小区,,120302,商务住宅,住宅区,住宅小区
南山福屋,114.291964,30.61801,江大路47号(赵家条地铁站C口步行490米),住宅小区,,120302,商务住宅,住宅区,住宅小区
翠涛苑C区,114.300775,30.610675,永清路与曙光小路交叉口东南100米,住宅小区,,120302,商务住宅,住宅区,住宅小区
翠涛苑,114.301423,30.610454,永清路25号(黄浦路地铁站H口步行470米),住宅小区,,120302,商务住宅,住宅区,住宅小区
解放公园新闻出版小区,114.29883,30.610938,永清路31号,住宅小区,,120302,商务住宅,住宅区,住宅小区
清和苑,114.300497,30.61181,永清路20号附10-11号,住宅小区,,120302,商务住宅,住宅区,住宅小区
曙光幼儿园小区,114.297851,30.610827,永清路33号(解放公园新闻出版小区西),住宅小区,,120302,商务住宅,住宅区,住宅小区
永清路39号小区,114.29904,30.611935,永清路39号,住宅小区,,120302,商务住宅,住宅区,住宅小区
柒景轩·棋牌·茶艺(永清路店),114.299498,30.613027,永清路43号(赵家条地铁站F口步行470米),住宅小区,,120302|050600,商务住宅,住宅区,住宅小区
永清庭苑,114.298767,30.612885,永清路43号(解放公园旁),住宅小区,,120302,商务住宅,住宅区,住宅小区
公园社区,114.298536,30.613718,永清路47-59号,住宅小区,,120302,商务住宅,住宅区,住宅小区
长江委永清小区,114.299663,30.61424,永清路22号(赵家条地铁站G临时出入口步行310米),住宅小区,,120302,商务住宅,住宅区,住宅小区
通信学院家属院,114.30283,30.606513,解放大道1819号(黄浦路地铁站H口步行260米),住宅小区,,120302,商务住宅,住宅区,住宅小区
宁馨园,114.304331,30.607677,永清路与解放大道交叉口西南160米,住宅小区,,120302,商务住宅,住宅区,住宅小区
长江委惠济路小区42号小区,114.297092,30.613654,惠济路42号(赵家条地铁站G临时出入口步行300米),住宅小区,,120302,商务住宅,住宅区,住宅小区
永清路5号,114.305115,30.609202,永清路与解放大道交叉口西100米,住宅小区,,120302,商务住宅,住宅区,住宅小区
艺苑社区,114.302116,30.605889,劳动街道解放大道1811号,住宅小区,,120302,商务住宅,住宅区,住宅小区
金苑商厦,114.298911,30.614498,永清街60号(赵家条地铁站G临时出入口步行210米),住宅小区,,120302,商务住宅,住宅区,住宅小区
长江委惠济路小区,114.296913,30.613795,惠济路42号(赵家条地铁站G临时出入口步行300米),住宅小区,,120302,商务住宅,住宅区,住宅小区
赵家条公寓,114.298175,30.614408,永清路61号(赵家条地铁站G临时出入口步行180米),住宅小区,,120302,商务住宅,住宅区,住宅小区
江城百臻,114.296584,30.613881,惠济路与惠济四路交叉口东南20米,住宅小区,,120302,商务住宅,住宅区,住宅小区
解放公园路36号,114.300261,30.605035,解放公园小区,住宅小区,,120302,商务住宅,住宅区,住宅小区
永清小路1号院,114.299975,30.614975,永清路与赵家条路交叉口东180米,住宅小区,,120302,商务住宅,住宅区,住宅小区
基地第五批老干楼,114.299976,30.614997,永清路与赵家条路交叉口东180米,住宅小区,,120302,商务住宅,住宅区,住宅小区
园林大院,114.297889,30.605281,解放公园路40号,住宅小区,,120302,商务住宅,住宅区,住宅小区
解大社区,114.299368,30.604952,解放公园路34号,住宅小区,,120302,商务住宅,住宅区,住宅小区
永清路28号,114.299025,30.615025,永清路与赵家条路交叉口东100米,住宅小区,,120302,商务住宅,住宅区,住宅小区
永清小路3号院,114.300399,30.615303,永清小路与黄浦大街辅路交叉口西南220米,住宅小区,,120302,商务住宅,住宅区,住宅小区
育才二小社区,114.296522,30.61459,惠济四路与惠济路交叉口北60米,住宅小区,,120302,商务住宅,住宅区,住宅小区
永成花园,114.297476,30.615129,江大路与惠济路交叉口西60米,住宅小区,,120302,商务住宅,住宅区,住宅小区
永清小路社区,114.300225,30.615704,永清小路3号,住宅小区,,120302,商务住宅,住宅区,住宅小区
尚德尚艺美家美苑,114.302938,30.604812,解放大道辅路与解放公园路交叉口东北160米,住宅小区,,120302,商务住宅,住宅区,住宅小区
永成·精英汇,114.297391,30.615328,惠济路63号(赵家条地铁站F口步行260米),住宅小区,,120302,商务住宅,住宅区,住宅小区
永清小路9号院,114.300714,30.615865,永清小路与黄浦大街辅路交叉口西南160米,住宅小区,,120302,商务住宅,住宅区,住宅小区
仁义社区,114.305664,30.606639,永清街二中附近,住宅小区,,120302,商务住宅,住宅区,住宅小区
黄浦雅苑,114.305894,30.613067,黄浦大街25号,住宅小区,,120302,商务住宅,住宅区,住宅小区
塔子湖黄浦社区,114.303575,30.615125,黄浦大街辅路与工农兵路交叉口南120米,住宅小区,,120302,商务住宅,住宅区,住宅小区
俊华雅苑,114.304137,30.605184,解放大道1282号(黄浦路地铁站J口步行400米),住宅小区,,120302,商务住宅,住宅区,住宅小区
永清小路11号院,114.300688,30.615987,永清小路与黄浦大街辅路交叉口西南140米,住宅小区,,120302,商务住宅,住宅区,住宅小区
清风苑,114.3043,30.61506,劳动街办事处黄浦大街31号,住宅小区,,120302,商务住宅,住宅区,住宅小区
雷达学院经济适用房,114.298692,30.616488,赵家条22号(赵家条地铁站G口步行240米),住宅小区,,120302,商务住宅,住宅区,住宅小区
常阳·永清城,114.307696,30.609465,解放大道1340号(黄浦路地铁站C口旁),住宅小区,,120302,商务住宅,住宅区,住宅小区
赵家条小区,114.300055,30.617049,永清小路15号院,住宅小区,,120302,商务住宅,住宅区,住宅小区
劳动街社区,114.296047,30.616379,建设大道830附3号附近,住宅小区,,120302,商务住宅,住宅区,住宅小区
青禾尚品,114.296925,30.616925,建设大道与江大路交叉口东80米(赵家条地铁站E口旁),住宅小区,,120302,商务住宅,住宅区,住宅小区
武汉后方基地经济适用房,114.306503,30.615519,新建后街与黄浦大街辅路交叉口西北160米,住宅小区,,120302,商务住宅,住宅区,住宅小区
基指大院,114.30564,30.616271,黄浦大街辅路与黄浦大街入口交叉口北120米,住宅小区,,120302,商务住宅,住宅区,住宅小区
晋合世家,114.294314,30.616373,建设大道1051号(赵家条地铁站D口步行200米),住宅小区,,120302,商务住宅,住宅区,住宅小区
永清小区,114.309253,30.61129,黄浦路地铁站C口步行250米,住宅小区,,120302,商务住宅,住宅区,住宅小区
东亚富苑,114.30356,30.617696,二七街办事处东亚大厦(工农兵路),住宅小区,,120302,商务住宅,住宅区,住宅小区
黄浦大街194号院,114.301869,30.618155,黄浦小路与黄浦大街辅路交叉口北120米,住宅小区,,120302,商务住宅,住宅区,住宅小区
长江委上滑坡小区,114.305754,30.617051,工农兵路18号,住宅小区,,120302,商务住宅,住宅区,住宅小区
宝福阁E座,114.300775,30.618875,黄浦路288号宝福阁(赵家条地铁站A口步行400米),住宅小区,,120302,商务住宅,住宅区,住宅小区
宝福阁,114.300792,30.618888,黄浦路288号(赵家条地铁站A口步行430米),住宅小区,,120302,商务住宅,住宅区,住宅小区
统建大江园,114.293422,30.617224,江大路16附10号附近(赵家条地铁站C口步行360米),住宅小区,,120302,商务住宅,住宅区,住宅小区
统建大江园北苑,114.295411,30.618285,江大路20号(赵家条地铁站C口步行130米),住宅小区,,120302,商务住宅,住宅区,住宅小区
顺鑫公寓,114.300914,30.619216,黄浦大街232号(赵家条地铁站A口步行470米),住宅小区,,120302,商务住宅,住宅区,住宅小区
宝祥阁,114.301485,30.619165,黄浦大街236号(赵家条地铁站B口步行500米),住宅小区,,120302,商务住宅,住宅区,住宅小区
上滑社区,114.306896,30.617254,新建后街与古德寺路交叉口南100米,住宅小区,,120302,商务住宅,住宅区,住宅小区
黄浦花园,114.301451,30.619352,黄浦大街236号(赵家条地铁站B口步行490米),住宅小区,,120302,商务住宅,住宅区,住宅小区
亚安花园,114.30019,30.619618,建设大道832号(赵家条地铁站B口步行260米),住宅小区,,120302,商务住宅,住宅区,住宅小区
空医家园,114.3049,30.618921,工农兵路15号,住宅小区,,120302,商务住宅,住宅区,住宅小区
金融街壹号,114.295893,30.619365,黄浦大街辅路与建设大道交叉口西160米,住宅小区,,120302,商务住宅,住宅区,住宅小区
嘉会大江天际,114.29346,30.618296,花桥街办事处江大路20号附10号,住宅小区,,120302,商务住宅,住宅区,住宅小区
御江苑二期A6区,114.311912,30.610222,永安路与中山大道交叉口东100米,住宅小区,,120302,商务住宅,住宅区,住宅小区
同心阁,114.293566,30.618934,江大路20附18号附近(赵家条地铁站C口步行400米),住宅小区,,120302,商务住宅,住宅区,住宅小区
新闻出版社小区,114.311812,30.612954,黄浦路立交与黄浦大街交叉口东北140米,住宅小区,,120302,商务住宅,住宅区,住宅小区
山海关路77号小区,114.309337,30.603046,胜利街与山海关路交叉口东北20米,住宅小区,,120302,商务住宅,住宅区,住宅小区
江大路22号小区,114.292814,30.618649,江大路22号(赵家条地铁站C口步行390米),住宅小区,,120302,商务住宅,住宅区,住宅小区
长荡子社区,114.29203,30.61815,江大路与后九万方路交叉口东南60米,住宅小区,,120302,商务住宅,住宅区,住宅小区
富豪公寓,114.311476,30.614197,解放大道1404-1412号,住宅小区,,120302,商务住宅,住宅区,住宅小区
富豪公寓,114.311464,30.61434,"解放大道1410号富豪公寓4楼(161医院对面,近古德寺)",住宅小区,,120302,商务住宅,住宅区,住宅小区
御江苑一期,114.312623,30.608534,中山大道1505号(黄浦路地铁站C口步行360米),住宅小区,,120302,商务住宅,住宅区,住宅小区
御江苑二期,114.312784,30.609811,中山大道1505号,住宅小区,,120302,商务住宅,住宅区,住宅小区
御江苑二期A8区,114.312824,30.609714,黄浦大街辅路与兴瑞街交叉口西南120米,住宅小区,,120302,商务住宅,住宅区,住宅小区
长航局江大路住宅小区,114.291937,30.61887,花桥街办事处江大路24号,住宅小区,,120302,商务住宅,住宅区,住宅小区
御江苑,114.313106,30.609004,中山大道1505号(长江二桥下桥处永清街口),住宅小区,,120302,商务住宅,住宅区,住宅小区
罗家庄社区,114.302407,30.621137,建设大道846号(罗家庄地铁站A口步行240米),住宅小区,,120302,商务住宅,住宅区,住宅小区
御江苑二期A10区,114.31375,30.609202,中山大道1505号御江苑二期,住宅小区,,120302,商务住宅,住宅区,住宅小区
云庭2期,114.316725,30.612325,沿江大道与永和路交叉口西20米,住宅小区,,120302,商务住宅,住宅区,住宅小区
武汉天地,114.314421,30.612833,兴瑞街与永和路交叉口西南140米,住宅小区,,120302,商务住宅,住宅区,住宅小区
武汉天地云廷2期,114.316184,30.612783,永和路与沿江大道交叉口西约140米,住宅小区,,120302,商务住宅,住宅区,住宅小区
武汉天地御江璟城B9小区,114.314261,30.61308,兴瑞街与永和路交叉口西140米,住宅小区,,120302,商务住宅,住宅区,住宅小区
武汉天地云廷,114.316614,30.613278,永泰路2号,住宅小区,,120302,商务住宅,住宅区,住宅小区
武汉天地云廷3期,114.316668,30.613732,黄浦大街1-12号,住宅小区,,120302,商务住宅,住宅区,住宅小区
武汉天地御江璟城,114.31519,30.614254,永祥路6号,住宅小区,,120302,商务住宅,住宅区,住宅小区
武汉新天地御江璟城B11小区,114.315324,30.614579,武汉大道北(头道街地铁站A口步行460米),住宅小区,,120302,商务住宅,住宅区,住宅小区
武汉天地云廷1期,114.317708,30.614592,永泰路2号,住宅小区,,120302,商务住宅,住宅区,住宅小区
武汉新天地御江璟城B13小区,114.316272,30.615383,永泰路6号(头道街地铁站A口步行460米),住宅小区,,120302,商务住宅,住宅区,住宅小区
武汉天地盛荟,114.314129,30.616192,二七街道永和路8号(头道街地铁站A口步行140米),住宅小区,,120302,商务住宅,住宅区,住宅小区
华发外滩首府1期,114.317538,30.615978,兴瑞街与永泰路交叉口北60米,住宅小区,,120302,商务住宅,住宅区,住宅小区
武汉天地永泰时代A区,114.315025,30.616775,永泰路与中山大道交叉口西北80米,住宅小区,,120302,商务住宅,住宅区,住宅小区
中建壹品·汉芯公馆B地块,114.311378,30.616247,解放大道与新建街交汇处,住宅小区,,120302,商务住宅,住宅区,住宅小区
侨治.壹方,114.314671,30.617106,二七路街道永泰路土壹方北馆1-11,住宅小区,,120302|071100,商务住宅,住宅区,住宅小区
中建壹品·汉芯公馆,114.311625,30.617011,解放大道与新建街交汇处(头道街地铁站C口步行200米),住宅小区,,120302,商务住宅,住宅区,住宅小区
滨江苑1期,114.319424,30.616638,沿江大道,住宅小区,,120302,商务住宅,住宅区,住宅小区
华发外滩首府三期,114.317703,30.617299,头道街地铁站A口步行260米,住宅小区,,120302,商务住宅,住宅区,住宅小区
永泰时代一期,114.315391,30.617692,解放大道辅路与头道街交叉口东南140米,住宅小区,,120302,商务住宅,住宅区,住宅小区
华发·外滩首府,114.317791,30.617403,头道街地铁站A口步行360米,住宅小区,,120302,商务住宅,住宅区,住宅小区
中建壹品·汉芯公馆A地块,114.311759,30.617361,解放大道与永和路交叉口西北140米,住宅小区,,120302,商务住宅,住宅区,住宅小区
永泰时代,114.315695,30.618227,永泰路18号(头道街地铁站B口步行230米),住宅小区,,120302,商务住宅,住宅区,住宅小区
绿城·云锦府,114.313725,30.618625,拥军路与解放大道辅路交叉口西40米,住宅小区,,120302,商务住宅,住宅区,住宅小区
中建三局工人生活区,114.310325,30.617875,解放大道与永和路交叉口西北280米,住宅小区,,120303|120302,商务住宅,住宅区,
永泰时代二期,114.31611,30.618952,头道街10号(头道街地铁站B口步行210米),住宅小区,,120302,商务住宅,住宅区,住宅小区
地铁鑫城,114.311523,30.618895,解放大道拥军路,住宅小区,,120302,商务住宅,住宅区,住宅小区
黄家墩社区铁路小区,114.314721,30.620037,解放大道辅路与韦桑东路交叉口西60米,住宅小区,,120302,商务住宅,住宅区,住宅小区
绿城·黄浦湾B区,114.319375,30.61943,沿江大道265号,住宅小区,,120302,商务住宅,住宅区,住宅小区
绿城·黄浦湾A区,114.318073,30.619978,中山大道与分金路交叉口西80米,住宅小区,,120302,商务住宅,住宅区,住宅小区
黄家墩148号,114.311881,30.620196,二七街道黄家墩148号(头道街地铁站C口步行410米),住宅小区,,120302,商务住宅,住宅区,住宅小区
绿城·黄浦湾,114.319517,30.619894,韦桑路,住宅小区,,120302,商务住宅,住宅区,住宅小区
滨江苑2期,114.321349,30.619253,韦桑路6号,住宅小区,,120302,商务住宅,住宅区,住宅小区
工农家属院,114.310742,30.620216,韦桑路与东立街交叉口西南200米,住宅小区,,120302,商务住宅,住宅区,住宅小区
武汉瑞府,114.31753,30.620905,中山大道与分金路交叉口西北140米,住宅小区,,120302,商务住宅,住宅区,住宅小区
绿城·黄浦湾C区,114.320231,30.62045,分金路与兴瑞街交叉口西北100米,住宅小区,,120302,商务住宅,住宅区,住宅小区
阳光家园,114.311859,30.621143,韦桑路与东立街交叉口西南60米,住宅小区,,120302,商务住宅,住宅区,住宅小区
谊通·滨江院子,114.321645,30.620215,沿江大道256号,住宅小区,,120302,商务住宅,住宅区,住宅小区
滨江苑,114.322319,30.620574,沿江大道西100米,住宅小区,,120302,商务住宅,住宅区,住宅小区
长建社区,114.31329,30.622435,东立街81号,住宅小区,,120302,商务住宅,住宅区,住宅小区
御玺滨江C区,114.319545,30.622234,福瑞街与江码路交叉口南100米,住宅小区,,120302,商务住宅,住宅区,住宅小区
恒大双城,114.314847,30.623101,东立街18号(二七路地铁站C口步行390米),住宅小区,,120302,商务住宅,住宅区,住宅小区
新建大院,114.307575,30.621475,工农兵路与韦桑路交叉口西南160米,住宅小区,,120302,商务住宅,住宅区,住宅小区
机关公寓,114.307775,30.621725,工农兵路与韦桑路交叉口西南120米,住宅小区,,120302,商务住宅,住宅区,住宅小区
东立国际3期,114.310881,30.622797,工农兵路与恒昌小巷交叉口东南180米,住宅小区,,120302,商务住宅,住宅区,住宅小区
滨江阁,114.323411,30.621251,沿江大道与扶轮路交叉口东北140米,住宅小区,,120302,商务住宅,住宅区,住宅小区
武铁余家头小区,114.344455,30.609967,余家头铁机路18号,住宅小区,,120302,商务住宅,住宅区,住宅小区
滨江苑3期,114.323568,30.622234,黄浦路下段,住宅小区,,120302,商务住宅,住宅区,住宅小区
橡树湾,114.347759,30.610727,国盛路,住宅小区,,120302,商务住宅,住宅区,住宅小区
华润橡树湾二期B组团,114.347872,30.608441,铁机路与橡寿路交叉口北120米,住宅小区,,120302,商务住宅,住宅区,住宅小区
锦绣家园2期,114.350595,30.609768,橡寿路与橡学路交叉口南80米,住宅小区,,120302,商务住宅,住宅区,住宅小区
岸芷汀兰,114.35036,30.608056,杨园街(国棉二厂)(余家头地铁站D口步行190米),住宅小区,,120302,商务住宅,住宅区,住宅小区
锦绣家园,114.350866,30.609462,铁机路7号,住宅小区,,120302,商务住宅,住宅区,住宅小区
武昌首府B地块,114.350524,30.607579,铁机路与和平大道交汇处,住宅小区,,120302,商务住宅,住宅区,住宅小区
安胜花园,114.350312,30.61301,国盛路1号,住宅小区,,120302,商务住宅,住宅区,住宅小区
德安苑,114.351304,30.611989,国盛路3号,住宅小区,,120302,商务住宅,住宅区,住宅小区
中铁十四局生活区,114.351831,30.611672,国盛路3(余家头地铁站C口步行440米),住宅小区,,120302,商务住宅,住宅区,住宅小区
怡景苑,114.350826,30.615123,临江大道附近,住宅小区,,120302,商务住宅,住宅区,住宅小区
南国鼎峰,114.353347,30.60974,和平大道783号金鑫家居余家头商场,住宅小区,,120302,商务住宅,住宅区,住宅小区
盛唐盛景,114.353355,30.609711,和平大道783号(余家头地铁站C口步行130米),住宅小区,,120302,商务住宅,住宅区,住宅小区
怡君苑,114.351096,30.61676,杨园街办事处德平路,住宅小区,,120302,商务住宅,住宅区,住宅小区
怡芳苑,114.35384,30.617542,武昌文化生态长廊与德平路交叉口东140米,住宅小区,,120302,商务住宅,住宅区,住宅小区
余家头村H6地块,114.356225,30.614825,余家头路与德平路交叉口东100米,住宅小区,,120302,商务住宅,住宅区,住宅小区
欧景苑,114.355391,30.616274,水厂路特1号,住宅小区,,120302,商务住宅,住宅区,住宅小区
欧景苑5期,114.35497,30.617022,上杨家路与德平路交叉口东北180米,住宅小区,,120302,商务住宅,住宅区,住宅小区
怡华苑,114.356942,30.615152,余家头路与罗家港西路交叉口西南180米,住宅小区,,120302,商务住宅,住宅区,住宅小区
和平社区,114.359203,30.611513,德平路与和平大道辅路交叉口东南140米,住宅小区,,120302,商务住宅,住宅区,住宅小区
联盟小区,114.359453,30.608652,交通三路与青年园南路交叉口东160米,住宅小区,,120302,商务住宅,住宅区,住宅小区
余家头小区,114.360432,30.610139,联盟路43号,住宅小区,,120302,商务住宅,住宅区,住宅小区
城建江南岸(建设中),114.34682,30.612953,临江大道与国盛路交叉口西南180米,住宅小区,,120302,商务住宅,住宅区,住宅小区
绿城·梧桐里,114.360688,30.610571,联盟路76号,住宅小区,,120302,商务住宅,住宅区,住宅小区
钢都花园125小区,114.363055,30.613421,南干渠路3号,住宅小区,,120302,商务住宅,住宅区,住宅小区
钢都花园126街坊,114.365301,30.611161,友谊大道737号(钢都花园露天广场旁),住宅小区,,120302,商务住宅,住宅区,住宅小区
青扬六和,114.362122,30.614844,罗家港路3(科普公园地铁站A口步行310米),住宅小区,,120302,商务住宅,住宅区,住宅小区
柴林尚城,114.366447,30.609195,二七长江大桥与友谊大道交汇处(柴林花园车站旁),住宅小区,,120302,商务住宅,住宅区,住宅小区
融侨悦府1期,114.366125,30.607824,和平港路与罗家港路交叉口东北140米,住宅小区,,120302,商务住宅,住宅区,住宅小区
柴林新村,114.36576,30.613621,钢都花园管理委员会钢都花园123街,住宅小区,,120302,商务住宅,住宅区,住宅小区
柴林花园,114.367084,30.608319,友谊大道720号,住宅小区,,120302,商务住宅,住宅区,住宅小区
林秀家园,114.36553,30.614348,园林路46号(科普公园地铁站A口步行430米),住宅小区,,120302,商务住宅,住宅区,住宅小区
宝钢冶金建设公司武汉地区职工住宅区,114.364425,30.615399,园林巷与才聚巷交汇处东南200米,住宅小区,,120302,商务住宅,住宅区,住宅小区
奥山世纪城CC尚品,114.361335,30.616559,和平大道809号奥山世纪城,住宅小区,,120302,商务住宅,住宅区,住宅小区
才聚社区62街坊,114.365904,30.615337,青山区罗家桥青扬六合旁,住宅小区,,120302,商务住宅,住宅区,住宅小区
和平花苑西区,114.362678,30.617082,园林北巷与和平大道辅路交叉口北80米,住宅小区,,120302,商务住宅,住宅区,住宅小区
钢都花园127街坊,114.368819,30.609439,园林路127号,住宅小区,,120302,商务住宅,住宅区,住宅小区
农商行小院,114.363547,30.617114,和平大道辅路与园林北巷交叉口东北100米,住宅小区,,120302,商务住宅,住宅区,住宅小区
民族新村,114.363475,30.617871,罗家路(科普公园地铁站D口步行50米),住宅小区,,120302,商务住宅,住宅区,住宅小区
奥山世纪城V公馆,114.358888,30.618493,和平大道奥山世纪城,住宅小区,,120302,商务住宅,住宅区,住宅小区
奥山世纪城澜郡,114.362092,30.618785,园林北巷与罗家港二街交叉口东140米,住宅小区,,120302,商务住宅,住宅区,住宅小区
林湘新苑,114.36855,30.616063,园林科普公园旁(科普公园地铁站A口步行470米),住宅小区,,120302,商务住宅,住宅区,住宅小区
新湘小区,114.369061,30.615741,建港南街与三弓路交叉口西约200米,住宅小区,,120302,商务住宅,住宅区,住宅小区
才聚社区,114.364612,30.619015,七棉路与和平大道辅路交叉口西北120米,住宅小区,,120302,商务住宅,住宅区,住宅小区
钢都花园123街坊,114.370701,30.614099,友谊大道759号,住宅小区,,120302,商务住宅,住宅区,住宅小区
宏盈花园,114.364212,30.619427,罗家路六十五街(科普公园地铁站C口步行180米),住宅小区,,120302,商务住宅,住宅区,住宅小区
武钢书园C区,114.365975,30.618725,和平大道辅路与七棉路交叉口东北40米,住宅小区,,120302,商务住宅,住宅区,住宅小区
钢都花园124街坊,114.371703,30.611285,园林路124号,住宅小区,,120302,商务住宅,住宅区,住宅小区
奥山世纪城澜橼,114.360242,30.620238,园林路,住宅小区,,120302,商务住宅,住宅区,住宅小区
武钢云谷书园,114.366194,30.618858,和平大道辅路与七棉路交叉口东北60米,住宅小区,,120302,商务住宅,住宅区,住宅小区
和平花苑东区,114.36325,30.620134,园林路29号,住宅小区,,120302,商务住宅,住宅区,住宅小区
和平花苑,114.363269,30.620141,园林路(科普公园地铁站D口步行440米),住宅小区,,120302,商务住宅,住宅区,住宅小区
绿景花园,114.372578,30.609278,园林路75号,住宅小区,,120302,商务住宅,住宅区,住宅小区
青合仕家,114.363915,30.62054,七棉路1(科普公园地铁站C口步行280米),住宅小区,,120302,商务住宅,住宅区,住宅小区
大华·滨江天地铂金华府西区,114.362772,30.62115,园林路与罗家港二街交叉口东北120米,住宅小区,,120302,商务住宅,住宅区,住宅小区
大洲社区,114.373266,30.610969,友谊大道与三弓路交叉口南300米,住宅小区,,120302,商务住宅,住宅区,住宅小区
春笋园小区,114.371938,30.615299,三弓路与建港南街交叉口南140米,住宅小区,,120302,商务住宅,住宅区,住宅小区
康裕苑,114.370783,30.617066,南干渠街12-8号附近,住宅小区,,120302,商务住宅,住宅区,住宅小区
大华·滨江天地铂金华府,114.363216,30.621435,七棉路与旅大街交叉口南80米,住宅小区,,120302,商务住宅,住宅区,住宅小区
东兴天地A区,114.364707,30.621081,七棉路4号(科普公园地铁站C口步行280米),住宅小区,,120302,商务住宅,住宅区,住宅小区
怡江苑,114.358633,30.621801,园林路西侧,住宅小区,,120302,商务住宅,住宅区,住宅小区
钢花新村118街坊,114.371239,30.616896,三弓路与建港南街交叉口西北40米,住宅小区,,120302,商务住宅,住宅区,住宅小区
121街工安小院,114.371981,30.615905,三弓路与建港南街交叉口东南80米,住宅小区,,120302,商务住宅,住宅区,住宅小区
大洲星城A区,114.374066,30.611138,三弓路189号,住宅小区,,120302,商务住宅,住宅区,住宅小区
艺城·紫金滨江,114.361472,30.622138,园林路与抚顺街交汇处,住宅小区,,120302,商务住宅,住宅区,住宅小区
122社区冶建花园西区,114.37393,30.612575,三弓路30号,住宅小区,,120302,商务住宅,住宅区,住宅小区
大华·滨江天地铂金华府东区,114.364018,30.621956,七棉路与旅大街交叉口东80米,住宅小区,,120302,商务住宅,住宅区,住宅小区
才惠社区58小区,114.370998,30.618157,三弓路与吉林街交叉口东80米,住宅小区,,120302,商务住宅,住宅区,住宅小区
园林星城,114.371587,30.61755,三弓路15号,住宅小区,,120302,商务住宅,住宅区,住宅小区
郦俯,114.362551,30.622351,旅大街与七棉路交叉口西80米,住宅小区,,120302,商务住宅,住宅区,住宅小区
武汉江山2期,114.357722,30.622416,临江大道与园林路交汇处,住宅小区,,120302,商务住宅,住宅区,住宅小区
大华滨江天地南区,114.361775,30.622675,抚顺街与园林路交叉口东140米,住宅小区,,120302,商务住宅,住宅区,住宅小区
青教花园2期,114.366638,30.621673,和平大道947号西南方向80米,住宅小区,,120302,商务住宅,住宅区,住宅小区
桂桔里,114.372725,30.617375,建港南街与三弓路交叉口东北140米,住宅小区,,120302,商务住宅,住宅区,住宅小区
武汉江山,114.358353,30.623161,临江大道与园林路交汇处,住宅小区,,120302,商务住宅,住宅区,住宅小区
青教花园,114.366183,30.622217,三弓路2附11旁边,住宅小区,,120302,商务住宅,住宅区,住宅小区
大洲星城B区,114.375802,30.61182,三弓路189号,住宅小区,,120302,商务住宅,住宅区,住宅小区
金鹤园北区,114.37773,30.609699,祥丰路138号,住宅小区,,120302,商务住宅,住宅区,住宅小区
金鹤园,114.378243,30.609349,祥丰路138号,住宅小区,,120302,商务住宅,住宅区,住宅小区
122社区冶建花园,114.375223,30.613187,友谊大道868号,住宅小区,,120302,商务住宅,住宅区,住宅小区
122社区冶建花园东区,114.375806,30.613459,友谊大道830号,住宅小区,,120302,商务住宅,住宅区,住宅小区
大洲星城C区,114.378365,30.61313,祥丰路与和平港路交叉口西220米,住宅小区,,120302,商务住宅,住宅区,住宅小区
新鑫园社区,114.379356,30.612291,祥丰路8号,住宅小区,,120302,商务住宅,住宅区,住宅小区
景苑小区,114.377539,30.614083,龙谊大道886号,住宅小区,,120302,商务住宅,住宅区,住宅小区
金鹤园南区,114.379957,30.608128,金鹤园小区81号,住宅小区,,120302,商务住宅,住宅区,住宅小区
大洲星城,114.378946,30.613369,祥丰路,住宅小区,,120302,商务住宅,住宅区,住宅小区
鑫园大厦,114.38041,30.612434,祥丰路122号,住宅小区,,120302,商务住宅,住宅区,住宅小区
青洲花园,114.378427,30.614386,祥丰路8号,住宅小区,,120302,商务住宅,住宅区,住宅小区
武钢钢花新村121小区,114.375017,30.616262,建设一路与辽宁街交叉口西南220米,住宅小区,,120302,商务住宅,住宅区,住宅小区
钢花新村,114.374779,30.616489,建设一路与辽宁街交叉口西南220米,住宅小区,,120302,商务住宅,住宅区,住宅小区
大洲星城D区,114.380683,30.614335,和平街道友谊大道94号,住宅小区,,120302,商务住宅,住宅区,住宅小区
景胜花园1期,114.383,30.609,北洋桥西路与祥丰路交叉口南140米,住宅小区,,120302,商务住宅,住宅区,住宅小区
钢都公寓,114.383051,30.610764,祥丰路(青山公安分局旁边),住宅小区,,120302,商务住宅,住宅区,住宅小区
钢洲花园,114.380029,30.615687,友谊大道906号,住宅小区,,120302,商务住宅,住宅区,住宅小区
景胜花园,114.383463,30.609336,北洋桥西路156号,住宅小区,,120302,商务住宅,住宅区,住宅小区
百胜·青城壹品,114.382659,30.613218,祥丰路,住宅小区,,120302,商务住宅,住宅区,住宅小区
荣星苑,114.373234,30.617734,建港南街与三弓路交叉口东北200米,住宅小区,,120302,商务住宅,住宅区,住宅小区
金科城三期,114.382116,30.615016,建二南路,住宅小区,,120302,商务住宅,住宅区,住宅小区
菁华园,114.384285,30.608235,丰园路1号,住宅小区,,120302,商务住宅,住宅区,住宅小区
雀苑一品(玲珑汇店),114.381134,30.616618,友谊大道944号二楼,住宅小区,,120302,商务住宅,住宅区,住宅小区
钢花村街120社区,114.379777,30.617534,建设二路72号附2号,住宅小区,,120302,商务住宅,住宅区,住宅小区
宏昌·玲珑汇,114.381794,30.616429,友谊大道948号,住宅小区,,120302|120201,商务住宅,住宅区,住宅小区
红卫路街才惠社区58街坊,114.373463,30.619357,建设一路12附7旁边,住宅小区,,120302,商务住宅,住宅区,住宅小区
钢花新村119街坊,114.377944,30.619442,建港南街与建设二路交叉口西南220米,住宅小区,,120302,商务住宅,住宅区,住宅小区
和平公园公寓,114.375125,30.620075,建设一路宝业中心武汉·宝业中心,住宅小区,,120302,商务住宅,住宅区,住宅小区
金科城,114.384612,30.615897,仁和路88号,住宅小区,,120302,商务住宅,住宅区,住宅小区
一二零小区,114.380932,30.618923,建设二路70号,住宅小区,,120302,商务住宅,住宅区,住宅小区
TCL康城绿洲A地块,114.386975,30.608275,仁和路与丰福路交叉口西120米,住宅小区,,120302,商务住宅,住宅区,住宅小区
金科城1期,114.38511,30.616138,仁和路与青翠路交叉口西南240米,住宅小区,,120302,商务住宅,住宅区,住宅小区
武汉市星桥苑小区,114.384147,30.617387,友谊大道988号,住宅小区,,120302,商务住宅,住宅区,住宅小区
金科城12期,114.385478,30.616186,仁和路与青翠路交叉口西南200米,住宅小区,,120302,商务住宅,住宅区,住宅小区
洪福美邻,114.375039,30.62097,建设一路29号,住宅小区,,120302,商务住宅,住宅区,住宅小区
才惠社区56街坊,114.372619,30.621049,建设一路与吉林街交叉口西140米,住宅小区,,120302,商务住宅,住宅区,住宅小区
葛洲坝生活区,114.375163,30.621364,吉林街与建设一路交叉口东北120米,住宅小区,,120302,商务住宅,住宅区,住宅小区
生态家园,114.388481,30.609704,仁和路与北洋桥西路交叉口东南120米,住宅小区,,120302,商务住宅,住宅区,住宅小区
大米先生(金科城店),114.386624,30.615894,仁和路88号金科城,住宅小区,,120302,商务住宅,住宅区,住宅小区
能建·青誉府,114.376343,30.62159,吉林街与建设二路交叉口西南200米,住宅小区,,120302,商务住宅,住宅区,住宅小区
金科城2期,114.385863,30.617218,仁和路与青翠路交叉口西140米,住宅小区,,120302,商务住宅,住宅区,住宅小区
钢花村街118社区,114.383176,30.619558,建设三路70号,住宅小区,,120302,商务住宅,住宅区,住宅小区
能建青誉府二期,114.374881,30.62215,"北至任家路中学,南至建港南路,东至建设二路,西至建设一路",住宅小区,,120302,商务住宅,住宅区,住宅小区
山河阁调,114.385655,30.618451,建三路口特1号,住宅小区,,120302,商务住宅,住宅区,住宅小区
冶勘金地花园,114.37691,30.622747,吉林街(建设二路地铁站A口步行350米),住宅小区,,120302,商务住宅,住宅区,住宅小区
吾行里,114.3748,30.622867,和平大道南(建设二路地铁站A口步行140米),住宅小区,,120302,商务住宅,住宅区,住宅小区
钢花村街117社区,114.381572,30.621623,辽宁街70对面,住宅小区,,120302,商务住宅,住宅区,住宅小区
楠山有约南苑坊,114.387488,30.617184,青翠路与仁和路交叉口东北20米,住宅小区,,120302,商务住宅,住宅区,住宅小区
钢花村街社区,114.382763,30.621258,辽宁街与建设三路交叉口西南140米,住宅小区,,120302,商务住宅,住宅区,住宅小区
福星惠誉·青城华府,114.388828,30.61571,仁和路99号,住宅小区,,120302,商务住宅,住宅区,住宅小区
公汽小区,114.372648,30.623135,和平大道辅路与建设一路交叉口北60米,住宅小区,,120302,商务住宅,住宅区,住宅小区
武汉理工大学余家头三期小区,114.359475,30.609275,青年园北路与交通三路交叉口东160米,住宅小区,,120302,商务住宅,住宅区,住宅小区
东方玉龙居,114.390864,30.609219,仁和路团结大道(仁和路地铁站D口步行440米),住宅小区,,120302,商务住宅,住宅区,住宅小区
青城华府1期,114.389425,30.616075,青翠路与仁和路交叉口东南240米,住宅小区,,120302,商务住宅,住宅区,住宅小区
东方尚锦,114.397064,30.609387,礼和路与团结大道交叉口北300米,住宅小区,,120302,商务住宅,住宅区,住宅小区
东方尚锦B区,114.397177,30.608748,礼和路与团结大道交叉口东北240米,住宅小区,,120302,商务住宅,住宅区,住宅小区
青翠苑社区三号院,114.39077,30.616607,青翠路青翠苑一期-三号院,住宅小区,,120302,商务住宅,住宅区,住宅小区
青翠苑社区四号院,114.392332,30.616736,工业一路41号附10号青翠苑一期,住宅小区,,120302,商务住宅,住宅区,住宅小区
东方雅园1期西区,114.397861,30.612226,礼和路与和平港路交叉口东南340米,住宅小区,,120302,商务住宅,住宅区,住宅小区
东方雅园二期西区,114.397062,30.613965,和平港路与礼和路交叉口东南140米,住宅小区,,120302,商务住宅,住宅区,住宅小区
青翠苑社区房产院,114.391749,30.617227,青翠路与义和路交叉口东北20米,住宅小区,,120302,商务住宅,住宅区,住宅小区
青翠苑社区工安苑,114.393405,30.616906,青翠路与义和路交叉口东约180米,住宅小区,,120302,商务住宅,住宅区,住宅小区
东方雅园1期,114.398486,30.612207,智和路,住宅小区,,120302,商务住宅,住宅区,住宅小区
青翠苑社区,114.392386,30.617593,友谊大道1128号,住宅小区,,120302,商务住宅,住宅区,住宅小区
青翠苑社区一号院,114.390898,30.61785,义和路与青翠路交叉口西北100米,住宅小区,,120302,商务住宅,住宅区,住宅小区
东方雅园12期,114.398491,30.613041,和平港路与智和路交叉口西南280米,住宅小区,,120302,商务住宅,住宅区,住宅小区
东方雅园二期,114.39817,30.614014,工业三路,住宅小区,,120302,商务住宅,住宅区,住宅小区
青翠苑社区二期,114.390898,30.618136,友谊大道1096号,住宅小区,,120302,商务住宅,住宅区,住宅小区
钢花南苑,114.38882,30.61815,友谊大道1062号,住宅小区,,120302,商务住宅,住宅区,住宅小区
阳光小镇,114.397973,30.614538,和平港路(东方雅园-二期),住宅小区,,120302,商务住宅,住宅区,住宅小区
青翠苑社区二号院,114.392364,30.618144,义和路青翠苑一期-二号院,住宅小区,,120302,商务住宅,住宅区,住宅小区
东方雅园1期东区,114.399699,30.612095,智和路与和平港路交叉口南300米,住宅小区,,120302,商务住宅,住宅区,住宅小区
东方雅园二期东区,114.399042,30.614058,和平港路与智和路交叉口西南160米,住宅小区,,120302,商务住宅,住宅区,住宅小区
智和路106号院,114.399475,30.613428,智和路与和平港路交叉口西南180米,住宅小区,,120302,商务住宅,住宅区,住宅小区
东方雅园,114.399918,30.613151,智和路,住宅小区,,120302,商务住宅,住宅区,住宅小区
梅竹园小区,114.395063,30.6181,友谊大道1142号,住宅小区,,120302,商务住宅,住宅区,住宅小区
海朝阳光,114.398886,30.615291,智和路86号,住宅小区,,120302,商务住宅,住宅区,住宅小区
东方丽锦西区,114.399795,30.615906,和平街东方红村,住宅小区,,120302,商务住宅,住宅区,住宅小区
钢花村街115社区,114.389353,30.620326,工业路恩施街,住宅小区,,120302,商务住宅,住宅区,住宅小区
钢花东村112物业小区,114.393771,30.620386,恩施街与工业一路交叉口东南220米,住宅小区,,120302,商务住宅,住宅区,住宅小区
东方丽锦,114.400862,30.615904,工业三路与友谊大道交汇处南200米,住宅小区,,120302,商务住宅,住宅区,住宅小区
东方雅园三期,114.402363,30.613309,和平乡东方红村,住宅小区,,120302,商务住宅,住宅区,住宅小区
东方丽锦东区,114.401639,30.615912,东方红村,住宅小区,,120302,商务住宅,住宅区,住宅小区
钢花新村114街坊,114.388438,30.621867,恩施街1号附13号,住宅小区,,120302,商务住宅,住宅区,住宅小区
钢花村街114社区,114.390925,30.622362,黄州街19号,住宅小区,,120302,商务住宅,住宅区,住宅小区
冶金109街坊,114.398456,30.620337,恩施街26附23附近,住宅小区,,120302,商务住宅,住宅区,住宅小区
智和雅庭,114.401436,30.618083,智和路65号,住宅小区,,120302,商务住宅,住宅区,住宅小区
钢花村街111社区,114.393436,30.622463,黄州街18号,住宅小区,,120302,商务住宅,住宅区,住宅小区
方园,114.388814,30.622806,工业路与黄州街交汇处,住宅小区,,120302,商务住宅,住宅区,住宅小区
钢花新村116街坊,114.385475,30.622291,建设三路与辽宁街交汇处东100米,住宅小区,,120302,商务住宅,住宅区,住宅小区
东方花园,114.403772,30.615236,友谊大道工业四路,住宅小区,,120302,商务住宅,住宅区,住宅小区
冶金新苑,114.400775,30.619675,工业三路与友谊大道交叉口东北40米,住宅小区,,120302,商务住宅,住宅区,住宅小区
北洋桥社区,114.410525,30.611375,北洋桥路与迎鹤湖路交叉口西140米,住宅小区,,120302,商务住宅,住宅区,住宅小区
北洋桥鑫园南区西区,114.410187,30.613014,北洋桥路与迎鹤湖路交叉口西北200米,住宅小区,,120302,商务住宅,住宅区,住宅小区
舜安文苑,114.411493,30.609743,北洋桥路与迎鹤湖路交叉口南240米,住宅小区,,120302,商务住宅,住宅区,住宅小区
华侨城欢乐天际,114.411474,30.608451,团结大道与杨春湖路交叉口西340米,住宅小区,,120302,商务住宅,住宅区,住宅小区
欢乐天际·中央区一期,114.411938,30.608112,团结大道1919号,住宅小区,,120302,商务住宅,住宅区,住宅小区
现代花园C区,114.406811,30.616385,信和路与工业园路交叉口东北200米,住宅小区,,120302,商务住宅,住宅区,住宅小区
万科东湖堤白,114.412868,30.61128,杨春湖路30号,住宅小区,,120302,商务住宅,住宅区,住宅小区
北洋桥鑫园,114.411734,30.614064,蓝天路,住宅小区,,120302,商务住宅,住宅区,住宅小区
北洋桥鑫园B区,114.412475,30.612975,迎鹤湖路与北洋桥路交叉口东北140米,住宅小区,,120302,商务住宅,住宅区,住宅小区
北洋桥鑫园东区,114.412712,30.613384,杨春湖路与蓝天路交叉口西南180米,住宅小区,,120302,商务住宅,住宅区,住宅小区
北洋桥鑫园小区食享会社区店,114.412859,30.613452,北洋桥鑫园小区19号楼,住宅小区,,120302,商务住宅,住宅区,住宅小区
牡丹园,114.403462,30.617707,友谊大道937对面西南方向90米,住宅小区,,120302,商务住宅,住宅区,住宅小区
现代花园B区,114.406602,30.617764,信和路与友谊大道交汇处南100米路东,住宅小区,,120302,商务住宅,住宅区,住宅小区
现代花园,114.40679,30.618322,友谊大道,住宅小区,,120302,商务住宅,住宅区,住宅小区
东方红花园,114.404297,30.618525,友谊大道边钢花新村106街对面,住宅小区,,120302,商务住宅,住宅区,住宅小区
北洋桥鑫园北区,114.412291,30.616233,杨春湖路,住宅小区,,120302,商务住宅,住宅区,住宅小区
钢花新村106街坊物业小区,114.402846,30.620373,友谊大道冶金苑106号,住宅小区,,120302,商务住宅,住宅区,住宅小区
现代花园A区,114.407194,30.620376,友谊大道979号,住宅小区,,120302,商务住宅,住宅区,住宅小区
悦达新天地,114.400176,30.620363,友谊大道与109街坊工业三路交汇处,住宅小区,,120302,商务住宅,住宅区,住宅小区
杨春湖景苑2期,114.414091,30.619606,友谊大道与建设十路交叉口东40米,住宅小区,,120302,商务住宅,住宅区,住宅小区
利加华庭二期小区,114.408825,30.621975,工业四路与恩施街交叉口东360米,住宅小区,,120302,商务住宅,住宅区,住宅小区
利加华庭东区,114.408827,30.621976,友谊大道1003号,住宅小区,,120302,商务住宅,住宅区,住宅小区
利加华庭,114.408016,30.62228,工业四路与恩施街交叉口东300米,住宅小区,,120302,商务住宅,住宅区,住宅小区
欣城社区105小区,114.402376,30.622414,黄州街与工业三路交叉口东南200米,住宅小区,,120302,商务住宅,住宅区,住宅小区
利加华庭西区,114.4077,30.622411,和平街友谊大道1003号,住宅小区,,120302,商务住宅,住宅区,住宅小区
杨春湖畔西区,114.416242,30.618329,友谊大道与杨春湖路交叉口东260米,住宅小区,,120302,商务住宅,住宅区,住宅小区
楚天都市春水行云(西门),114.424443,30.61136,团结大道2035号楚天都市·春水行云,住宅小区,,120302,商务住宅,住宅区,住宅小区
武汉站铁路公寓,114.425594,30.610391,白云路特1号(武汉站东广场地铁站C口步行470米),住宅小区,,120302,商务住宅,住宅区,住宅小区
楚天都市·春水行云,114.425628,30.612606,团结大道2035号,住宅小区,,120302,商务住宅,住宅区,住宅小区
杨春湖畔东区,114.418648,30.618284,友谊大道与杨春湖东路交叉口西南200米,住宅小区,,120302,商务住宅,住宅区,住宅小区
杨春湖畔,114.417618,30.618302,友谊大道1388号,住宅小区,,120302,商务住宅,住宅区,住宅小区
杨春湖景苑3期南区,114.418389,30.620323,友谊大道与杨春湖东路交叉口西北240米,住宅小区,,120302,商务住宅,住宅区,住宅小区
杨春湖景苑3期,114.418274,30.620355,友谊大道与杨春湖东路交叉口西北240米,住宅小区,,120302,商务住宅,住宅区,住宅小区
杨春湖景苑1期,114.415855,30.620232,友谊大道与建设十路交叉口东220米,住宅小区,,120302,商务住宅,住宅区,住宅小区
杨春湖景苑,114.415586,30.620392,友谊大道1387号,住宅小区,,120302,商务住宅,住宅区,住宅小区
杨春湖景苑2期西区,114.431023,30.617373,厂前西路与友谊大道立交桥交叉口西南180米,住宅小区,,120302,商务住宅,住宅区,住宅小区
杨春湖景苑3期北区,114.417258,30.622091,杨春湖景苑3期,住宅小区,,120302,商务住宅,住宅区,住宅小区
杨春湖景苑2期,114.431945,30.617547,友谊大道立交桥杨春湖景苑2期何家湾对面杨春湖景苑,住宅小区,,120302,商务住宅,住宅区,住宅小区
华生·汉口城市广场四期,114.179624,30.629486,北盛路44号附1102号,住宅小区,,120302,商务住宅,住宅区,住宅小区
华生·汉口城市广场三期北区,114.174849,30.623909,宜秀路辅路与张竹路交叉口东北260米,住宅小区,,120302,商务住宅,住宅区,住宅小区
华生·汉口城市广场四期三区,114.179609,30.629621,曦景路与北馨路交叉口东北200米,住宅小区,,120302,商务住宅,住宅区,住宅小区
华生·汉口城市广场四期二区,114.183075,30.62884,金银湖南街,住宅小区,,120302,商务住宅,住宅区,住宅小区
华生·汉口城市广场四期一区,114.185954,30.627955,北盛路与古田一路辅路交叉口西南200米,住宅小区,,120302,商务住宅,住宅区,住宅小区
华生·汉口城市广场四期四区,114.175346,30.630417,北盛路,住宅小区,,120302,商务住宅,住宅区,住宅小区
华生汉口城市广场,114.187192,30.628356,金银湖南街华生地产金珠港湾,住宅小区,,120302,商务住宅,住宅区,住宅小区
正格幕墙检测枕溪庭,114.17795,30.6319,北盛路与曦景路交叉口东40米,住宅小区,,120302,商务住宅,住宅区,住宅小区
凌云集团青年公寓,114.188516,30.63097,金银湖南街,住宅小区,,120302,商务住宅,住宅区,住宅小区
凌云金湖家园E区,114.185141,30.633411,金湖家园内,住宅小区,,120302,商务住宅,住宅区,住宅小区
凌云金湖家园F区,114.187281,30.632953,金山大道146号,住宅小区,,120302,商务住宅,住宅区,住宅小区
鑫桥新村,114.192229,30.626976,金银湖南街1号,住宅小区,,120302,商务住宅,住宅区,住宅小区
凌云金湖家园A区,114.184623,30.635366,金山大道与小港路交叉口东南340米,住宅小区,,120302,商务住宅,住宅区,住宅小区
凌云金湖家园,114.187043,30.634675,金山大道152号,住宅小区,,120302,商务住宅,住宅区,住宅小区
凌云金湖家园B区,114.185945,30.635447,金山大道金湖家园东西湖区,住宅小区,,120302,商务住宅,住宅区,住宅小区
凌云金湖家园D区,114.18841,30.63415,金湖家园内,住宅小区,,120302,商务住宅,住宅区,住宅小区
金珠港湾北区,114.190775,30.632125,金银湖南街与古田一路辅路交叉口东北440米,住宅小区,,120302,商务住宅,住宅区,住宅小区
凌云金湖家园C区,114.187279,30.634978,金湖家园(金山大道南300米),住宅小区,,120302,商务住宅,住宅区,住宅小区
华夏蓝天金银湖万达,114.177225,30.637675,海口六路与新桥一路交叉口东北140米,住宅小区,,120302,商务住宅,住宅区,住宅小区
金地格林春岸,114.194055,30.630564,金银湖南街北50米,住宅小区,,120302,商务住宅,住宅区,住宅小区
翠堤春晓西区,114.198979,30.626938,古田二路,住宅小区,,120302,商务住宅,住宅区,住宅小区
翠堤春晓,114.201777,30.626969,金银湖南街,住宅小区,,120302,商务住宅,住宅区,住宅小区
裕亚银湖城1期,114.201475,30.628375,金银湖南街与金银湖西一路交叉口东北80米,住宅小区,,120302,商务住宅,住宅区,住宅小区
翡翠园,114.20305,30.62305,园博园南路与古田二路交叉口东60米,住宅小区,,120302,商务住宅,住宅区,住宅小区
裕亚银湖城南苑,114.201988,30.629179,金银湖路5号,住宅小区,,120302,商务住宅,住宅区,住宅小区
金地格林春岸泽园,114.193657,30.632376,环湖西路与金银湖南三街交叉口西南360米,住宅小区,,120302,商务住宅,住宅区,住宅小区
阅景国际,114.20233,30.630715,金银湖路7号,住宅小区,,120302,商务住宅,住宅区,住宅小区
翠堤春晓东区,114.206044,30.627005,金银湖南街附近,住宅小区,,120302,商务住宅,住宅区,住宅小区
金盛·食光里,114.203225,30.631775,金银湖路与金银湖南三街交叉口西南100米,住宅小区,,120302,商务住宅,住宅区,住宅小区
丽水俊园,114.196937,30.634952,金银湖西二路1号,住宅小区,,120302,商务住宅,住宅区,住宅小区
金湖御品2期,114.204625,30.630775,金银湖路与金银湖南四街交叉口东140米,住宅小区,,120302,商务住宅,住宅区,住宅小区
裕亚·金湖御品,114.204941,30.630983,金银湖路6号,住宅小区,,120302,商务住宅,住宅区,住宅小区
金湖湾,114.196777,30.636121,环湖西路1号,住宅小区,,120302,商务住宅,住宅区,住宅小区
东方海棠花园,114.203749,30.635421,金银湖路13号(金银湖地铁站B口步行450米),住宅小区,,120302,商务住宅,住宅区,住宅小区
金湖天地1期,114.201425,30.636625,金银湖南二街与金银湖西一路交叉口西北220米,住宅小区,,120302,商务住宅,住宅区,住宅小区
万科四季花城米兰苑,114.206535,30.633641,金银湖东一路与金银湖南二街交叉口东80米,住宅小区,,120302,商务住宅,住宅区,住宅小区
金湖天地,114.200093,30.637439,金银湖南二街(金银湖地铁站A口步行410米),住宅小区,,120302,商务住宅,住宅区,住宅小区
万科四季花城丁香苑,114.207731,30.632366,金银湖南三街万科四季花城,住宅小区,,120302,商务住宅,住宅区,住宅小区
金湖听语,114.196576,30.638328,金银湖南一街2号(金银湖南一街与环湖西路交汇处),住宅小区,,120302,商务住宅,住宅区,住宅小区
丰泽园,114.211246,30.629075,环湖东路与金银湖东三路交叉口南100米,住宅小区,,120302,商务住宅,住宅区,住宅小区
开来·银湖鑫城,114.213635,30.628997,金银湖东三路,住宅小区,,120302,商务住宅,住宅区,住宅小区
银湖御园,114.214463,30.629997,环湖东路6号,住宅小区,,120302,商务住宅,住宅区,住宅小区
万科四季花城荷花苑,114.211332,30.631699,金山大道万科四季花城,住宅小区,,120302,商务住宅,住宅区,住宅小区
万科四季花城紫罗兰苑,114.209747,30.63199,金山大道万科四季花城,住宅小区,,120302,商务住宅,住宅区,住宅小区
万科四季花城紫荆苑,114.209883,30.632939,金银湖南三街与金银湖东二路交叉口东北180米,住宅小区,,120302,商务住宅,住宅区,住宅小区
万科四季花城银湖美舍,114.21104,30.633142,金山大道万科四季花城,住宅小区,,120302,商务住宅,住宅区,住宅小区
万科四季花城水仙苑,114.20848,30.633118,金银湖南三街与金银湖东二路交叉口北160米,住宅小区,,120302,商务住宅,住宅区,住宅小区
万科四季花城左岸枫林,114.208798,30.633921,金银湖南三街与金银湖东二路交叉口北260米,住宅小区,,120302,商务住宅,住宅区,住宅小区
万科四季花城,114.208604,30.633924,金银湖南三街3号,住宅小区,,120302,商务住宅,住宅区,住宅小区
万科四季花城郁金香苑,114.207847,30.633884,金银湖东一路与金银湖南二街交叉口东200米,住宅小区,,120302,商务住宅,住宅区,住宅小区
银湖翡翠瞰湖轩,114.216311,30.633306,金山大道88号,住宅小区,,120302,商务住宅,住宅区,住宅小区
万科四季花城蔷薇苑,114.208236,30.634853,金山大道万科四季花城,住宅小区,,120302,商务住宅,住宅区,住宅小区
万科四季花城银湖丽舍,114.209244,30.635412,金山大道18号,住宅小区,,120302,商务住宅,住宅区,住宅小区
万科四季花城海棠苑,114.206926,30.635129,金银湖东一路与金银湖南二街交叉口东北200米,住宅小区,,120302,商务住宅,住宅区,住宅小区
万科四季花城杜鹃苑,114.208291,30.635685,金山大道万科四季花城(金银湖东一路),住宅小区,,120302,商务住宅,住宅区,住宅小区
万科四季花城西半岛1期,114.205415,30.635088,金银湖路与金银湖南二街交叉口东北160米,住宅小区,,120302,商务住宅,住宅区,住宅小区
万科四季花城玫瑰苑,114.206954,30.635947,金银湖东一路与环湖东路交叉口南180米,住宅小区,,120302,商务住宅,住宅区,住宅小区
银湖翡翠尚院,114.213138,30.636104,金山大道,住宅小区,,120302,商务住宅,住宅区,住宅小区
银湖翡翠揽湖轩,114.21562,30.635372,金山大道88号,住宅小区,,120302,商务住宅,住宅区,住宅小区
恒基旭辉·铂悦园著,114.220722,30.631912,园博园北路18号武汉园博园北门对面,住宅小区,,120302,商务住宅,住宅区,住宅小区
万科四季花城百合苑,114.208256,30.636509,金银湖南三街3附63号附近,住宅小区,,120302,商务住宅,住宅区,住宅小区
万科四季花城牡丹苑,114.207236,30.63664,金银湖东一路与环湖东路交叉口东南120米,住宅小区,,120302,商务住宅,住宅区,住宅小区
常安马城壹号,114.223084,30.628995,金南一路9号,住宅小区,,120302,商务住宅,住宅区,住宅小区
卧龙·丽景湾名著苑,114.218085,30.634872,金南二路17号,住宅小区,,120302,商务住宅,住宅区,住宅小区
银湖翡翠倚湖轩,114.213078,30.637185,金南二路与马城西路交叉口西380米,住宅小区,,120302,商务住宅,住宅区,住宅小区
园博园社区,114.217725,30.635725,马城西路与金南二路交叉口东南100米,住宅小区,,120302,商务住宅,住宅区,住宅小区
卧龙·丽景湾(马城西路),114.220891,30.633714,金南一路5号,住宅小区,,120302,商务住宅,住宅区,住宅小区
常安佳苑,114.223655,30.630182,金南路1号(园博园北地铁站E口步行420米),住宅小区,,120302,商务住宅,住宅区,住宅小区
卧龙·丽景湾乐山苑,114.219981,30.634626,金银湖卧龙丽景湾(园博园北地铁站E口步行320米),住宅小区,,120302,商务住宅,住宅区,住宅小区
卧龙·丽景湾米兰苑,114.223348,30.631518,金南一路5号(园博园北地铁站E口步行370米),住宅小区,,120302,商务住宅,住宅区,住宅小区
卧龙·丽景湾香山苑,114.221285,30.634276,金南一路特1号(园博园北地铁站E口步行330米),住宅小区,,120302,商务住宅,住宅区,住宅小区
金银湖新村南区,114.226122,30.627831,金南一路1号,住宅小区,,120302,商务住宅,住宅区,住宅小区
金银湖新村,114.225768,30.628204,金银湖东方马城对面,住宅小区,,120302,商务住宅,住宅区,住宅小区
金银湖新村北区,114.22492,30.629125,金南一路1附26号附近,住宅小区,,120302,商务住宅,住宅区,住宅小区
园博社区,114.226234,30.629155,金南一路辅路与金银湖南街交叉口西100米,住宅小区,,120302,商务住宅,住宅区,住宅小区
卧龙东方郡,114.226161,30.63006,金南一路与丽景南路交叉口南160米,住宅小区,,120302,商务住宅,住宅区,住宅小区
万科城一期,114.232503,30.625183,常青街办事处常青路,住宅小区,,120302,商务住宅,住宅区,住宅小区
卧龙·丽景湾一期,114.22446,30.632442,丽景东路与秋涛路交叉口北80米,住宅小区,,120302,商务住宅,住宅区,住宅小区
卧龙·丽景湾依云苑,114.223369,30.632622,金南一路(园博园北地铁站E口步行160米),住宅小区,,120302,商务住宅,住宅区,住宅小区
万科城,114.234622,30.625901,常青路167号(民航新村站),住宅小区,,120302,商务住宅,住宅区,住宅小区
万科城二期,114.234809,30.625329,发展二路与江兴路交叉口北140米,住宅小区,,120302,商务住宅,住宅区,住宅小区
万科城三期,114.235319,30.626588,三环线与常青立交桥交叉口南200米,住宅小区,,120302,商务住宅,住宅区,住宅小区
卧龙·丽景湾蓝山苑,114.222508,30.633957,金银湖金南一路(园博园北地铁站E口步行390米),住宅小区,,120302,商务住宅,住宅区,住宅小区
迎宾花园,114.236785,30.625467,江兴路1号附5号,住宅小区,,120302,商务住宅,住宅区,住宅小区
台银别墅,114.237527,30.624247,江汉经济开发区常宁里,住宅小区,,120302,商务住宅,住宅区,住宅小区
常宁里,114.237522,30.624102,常青路江汉经济开发区江兴路2号,住宅小区,,120302,商务住宅,住宅区,住宅小区
常青花园一小区5村,114.236275,30.629825,常青北路与康居一路交叉口东40米,住宅小区,,120302,商务住宅,住宅区,住宅小区
江汉经发公寓,114.237913,30.625427,江兴路1号,住宅小区,,120302,商务住宅,住宅区,住宅小区
常青花园三村,114.235046,30.632358,香樟一路37号,住宅小区,,120302,商务住宅,住宅区,住宅小区
常宁里特一号,114.2383,30.624766,江兴路与常青路交叉口西南100米,住宅小区,,120302,商务住宅,住宅区,住宅小区
常青花园一村,114.236267,30.631119,香樟一路9号,住宅小区,,120302,商务住宅,住宅区,住宅小区
常青花园六村,114.232903,30.634292,东西湖康居二路6号(常青第一学校旁),住宅小区,,120302,商务住宅,住宅区,住宅小区
东方名都,114.238339,30.623468,常青路149号,住宅小区,,120302,商务住宅,住宅区,住宅小区
恺德信达樾景臺,114.221745,30.63628,金南一路7号(园博园北地铁站E口步行260米),住宅小区,,120302,商务住宅,住宅区,住宅小区
科技创业社区,114.238673,30.624854,常青路163附2附近,住宅小区,,120302,商务住宅,住宅区,住宅小区
常青花园骏岭,114.231789,30.636298,常青花园7村,住宅小区,,120302,商务住宅,住宅区,住宅小区
民航小区,114.239184,30.628713,民航里1号,住宅小区,,120302,商务住宅,住宅区,住宅小区
常青花园七村南村,114.232675,30.635964,康居二路与香樟二路交叉口西100米,住宅小区,,120302,商务住宅,住宅区,住宅小区
常青花园四村,114.236411,30.633586,东西湖香樟一路22号(常青阳光幼儿园旁),住宅小区,,120302,商务住宅,住宅区,住宅小区
常青花园七村,114.232468,30.6364,香樟二路5号,住宅小区,,120302,商务住宅,住宅区,住宅小区
常青花园二村,114.237543,30.63241,常青花园一街,住宅小区,,120302,商务住宅,住宅区,住宅小区
常青花园五村,114.235061,30.634929,香樟一路26号1,住宅小区,,120302,商务住宅,住宅区,住宅小区
常青花园B座,114.230925,30.637275,汉飞大道与金山大道交叉口东北40米,住宅小区,,120302,商务住宅,住宅区,住宅小区
常青锦园,114.241074,30.626186,长港路4号,住宅小区,,120302,商务住宅,住宅区,住宅小区
边防家园,114.242028,30.626603,新湾一路7号(长港路地铁站A口步行440米),住宅小区,,120302,商务住宅,住宅区,住宅小区
南航小区,114.241178,30.627994,杨汊湖长港路民航小区附近(南航花苑旁),住宅小区,,120302,商务住宅,住宅区,住宅小区
泽皓雅居,114.243318,30.627028,汉兴街办事处民航新村新湾一路,住宅小区,,120302,商务住宅,住宅区,住宅小区
民航里社区海关宿舍,114.2406,30.62944,民航里105-109号,住宅小区,,120302,商务住宅,住宅区,住宅小区
南航花苑,114.242908,30.628797,长港路11号(长港路地铁站A口步行260米),住宅小区,,120302,商务住宅,住宅区,住宅小区
金色雅园金池苑,114.244797,30.62793,长港路10号(长港路地铁站G口步行90米),住宅小区,,120302,商务住宅,住宅区,住宅小区
金色雅园金源苑,114.245583,30.623261,常青三路7号(长港路地铁站D口步行160米),住宅小区,,120302,商务住宅,住宅区,住宅小区
武汉跃达建筑公司住宅小区,114.24292,30.630395,新湾路与新湾一路交叉口东160米,住宅小区,,120302,商务住宅,住宅区,住宅小区
常青花园社区,114.245699,30.628514,新湾二路与长港路交叉口东南40米(长港路地铁站H口旁),住宅小区,,120302,商务住宅,住宅区,住宅小区
金色雅园,114.247049,30.624727,红旗渠路常青一路88号(长港路地铁站E口步行170米),住宅小区,,120302,商务住宅,住宅区,住宅小区
长春小区,114.241887,30.630949,新湾路3号(长港路地铁站A口步行480米),住宅小区,,120302,商务住宅,住宅区,住宅小区
常青南苑1期,114.247425,30.627225,常青五路与新湾二路交叉口东140米,住宅小区,,120302,商务住宅,住宅区,住宅小区
金色雅园金涛苑,114.24786,30.626184,杨汊湖常青五路(长港路地铁站E口步行140米),住宅小区,,120302,商务住宅,住宅区,住宅小区
新世界·常青南园南区,114.24713,30.628188,常青五路与新湾三路交叉口西北180米,住宅小区,,120302,商务住宅,住宅区,住宅小区
新世界·常青南园,114.246838,30.628676,长港路58号(地铁2号线长港路F出口),住宅小区,,120302,商务住宅,住宅区,住宅小区
新世界·常青南园北区,114.246081,30.629782,长港路58号(长港路地铁站J口步行130米),住宅小区,,120302,商务住宅,住宅区,住宅小区
金色雅园金沙苑,114.248623,30.624051,新湾二路16号(长港路地铁站E口步行200米),住宅小区,,120302,商务住宅,住宅区,住宅小区
莱特花园,114.248034,30.622089,新湾二路与红旗渠路交叉口东南60米,住宅小区,,120302,商务住宅,住宅区,住宅小区
金色雅园,114.244096,30.631713,新湾二路与新湾路交叉口西北80米,住宅小区,,120302,商务住宅,住宅区,住宅小区
福星华府K1地块,114.243706,30.632438,新湾二路与新湾北路交叉口南60米,住宅小区,,120302,商务住宅,住宅区,住宅小区
阳光花园·益康苑,114.249148,30.628421,常青五路21号(长港路地铁站G口步行330米),住宅小区,,120302,商务住宅,住宅区,住宅小区
阳光花园4期,114.249459,30.627839,新湾五路105号阳光花园,住宅小区,,120302,商务住宅,住宅区,住宅小区
阳光丽舍,114.248713,30.629509,长港路88附5号(长港路地铁站H口步行340米),住宅小区,,120302,商务住宅,住宅区,住宅小区
常青花园二十七村西区,114.238168,30.633705,学府南路38号,住宅小区,,120302,商务住宅,住宅区,住宅小区
常青花园二十七村,114.240036,30.633913,康居一路13号,住宅小区,,120302,商务住宅,住宅区,住宅小区
常青花园二十七村东区,114.240955,30.634078,康居一路16号,住宅小区,,120302,商务住宅,住宅区,住宅小区
巾帼园,114.250275,30.628076,常青五路25号1号楼(长港路地铁站G口步行400米),住宅小区,,120201|120302,商务住宅,楼宇,商务写字楼
福星惠誉·琛境,114.250885,30.624635,红旗渠路与新湾三路交汇处,住宅小区,,120302,商务住宅,住宅区,住宅小区
二滩国际,114.247187,30.63213,新湾路与新湾三路交叉口东北20米,住宅小区,,120302,商务住宅,住宅区,住宅小区
统建阳光北苑,114.250966,30.626916,常青五路38号(长港路地铁站E口步行440米),住宅小区,,120302,商务住宅,住宅区,住宅小区
红光小区,114.248943,30.630985,新湾路40号(长港路地铁站H口步行480米),住宅小区,,120302,商务住宅,住宅区,住宅小区
武汉市红光小区1期,114.248968,30.631009,长港路与新湾四路交叉口西140米,住宅小区,,120302,商务住宅,住宅区,住宅小区
红光小区二期,114.249968,30.629867,新湾四路25号,住宅小区,,120302,商务住宅,住宅区,住宅小区
盛世江城,114.246749,30.633035,新湾路9号(长港路地铁站J口步行310米),住宅小区,,120302,商务住宅,住宅区,住宅小区
盛世江城3期,114.247725,30.632575,新湾路与新湾三路交叉口东北100米,住宅小区,,120302,商务住宅,住宅区,住宅小区
和成天下,114.250275,30.630775,新湾四路与长港路交叉口西北20米,住宅小区,,120302,商务住宅,住宅区,住宅小区
城投红树林,114.251325,30.629275,常青五路162号,住宅小区,,120302,商务住宅,住宅区,住宅小区
金盛时代,114.252612,30.624153,红旗渠路18号付10号,住宅小区,,120302,商务住宅,住宅区,住宅小区
长城港湾,114.250786,30.631361,汉兴街办事处长港路301号,住宅小区,,120302,商务住宅,住宅区,住宅小区
万景橘苑,114.250576,30.632502,新湾路80号,住宅小区,,120302,商务住宅,住宅区,住宅小区
武汉轻工大学常青花园十小区,114.246075,30.635925,明德东路与明德中路交叉口东南100米,住宅小区,,120302,商务住宅,住宅区,住宅小区
阳光花园,114.254139,30.62547,新湾五路105号,住宅小区,,120302,商务住宅,住宅区,住宅小区
顶琇国际公馆,114.254262,30.623974,红旗渠路108号,住宅小区,,120302,商务住宅,住宅区,住宅小区
馨苑小区,114.254007,30.627684,新湾五路141号,住宅小区,,120302,商务住宅,住宅区,住宅小区
福星华府K3区,114.249725,30.634325,新湾四路与新秀路交叉口北120米,住宅小区,,120302,商务住宅,住宅区,住宅小区
鼎尚居,114.254175,30.628625,常青五路与新湾五路交叉口西南60米,住宅小区,,120302,商务住宅,住宅区,住宅小区
常青花园八村,114.233896,30.636857,香樟二路2号(轻工大学地铁站A口步行420米),住宅小区,,120302,商务住宅,住宅区,住宅小区
阳光新苑,114.252398,30.632446,新湾五路201号,住宅小区,,120302,商务住宅,住宅区,住宅小区
福星华府,114.250497,30.634566,新湾路99号,住宅小区,,120302,商务住宅,住宅区,住宅小区
福星华府东区,114.250638,30.634508,新湾路25号,住宅小区,,120302,商务住宅,住宅区,住宅小区
邮政小区,114.255757,30.624364,红旗渠路166号,住宅小区,,120302,商务住宅,住宅区,住宅小区
浩海丰太花园,114.256646,30.626112,红旗渠路133号,住宅小区,,120302,商务住宅,住宅区,住宅小区
博海名居,114.258236,30.625778,红旗渠路中段特1号,住宅小区,,120302,商务住宅,住宅区,住宅小区
丰太园,114.257014,30.627319,常青三路与常兴街交叉口西40米,住宅小区,,120302,商务住宅,住宅区,住宅小区
浩海小区,114.257865,30.626711,红旗渠路133号,住宅小区,,120302,商务住宅,住宅区,住宅小区
常青三垸社区,114.255996,30.628076,汉兴街,住宅小区,,120302,商务住宅,住宅区,住宅小区
江汉区城管局宿舍,114.259125,30.625575,红旗渠路172号,住宅小区,,120302,商务住宅,住宅区,住宅小区
和成天下,114.260325,30.623525,常青一路与新华路交叉口西20米,住宅小区,,120302,商务住宅,住宅区,住宅小区
常青四垸社区,114.255887,30.629906,常青五路,住宅小区,,120302,商务住宅,住宅区,住宅小区
万丰花园,114.260773,30.625225,红旗渠路176号,住宅小区,,120302,商务住宅,住宅区,住宅小区
常二社区,114.258851,30.628842,常青三路128附近,住宅小区,,120302,商务住宅,住宅区,住宅小区
京华时代,114.260889,30.62413,站前北路特1号,住宅小区,,120302,商务住宅,住宅区,住宅小区
常青五垸,114.255,30.630737,新湾五路与常青三路交叉口,住宅小区,,120302,商务住宅,住宅区,住宅小区
新华家园悦景居,114.26179,30.625262,红旗渠路178号,住宅小区,,120302,商务住宅,住宅区,住宅小区
华苑小区,114.261358,30.62733,杨汊湖新华下路,住宅小区,,120302,商务住宅,住宅区,住宅小区
常青二苑,114.259846,30.629293,双华路8号,住宅小区,,120302,商务住宅,住宅区,住宅小区
紫薇苑,114.262025,30.626625,红旗渠路与双华路交叉口西20米,住宅小区,,120302,商务住宅,住宅区,住宅小区
远洋心里1期,114.259425,30.630525,姑嫂树路与S19机场二高速出口交叉口西南180米,住宅小区,,120302,商务住宅,住宅区,住宅小区
万科汉口传奇1期,114.262363,30.622426,双华路与常青一路交叉口南200米,住宅小区,,120302,商务住宅,住宅区,住宅小区
新华家园,114.263198,30.625659,姑嫂树路11号,住宅小区,,120302,商务住宅,住宅区,住宅小区
绿色家园南区,114.256736,30.631941,长港路288号,住宅小区,,120302,商务住宅,住宅区,住宅小区
远洋心里,114.259644,30.630973,姑嫂树路与常青五路交汇处,住宅小区,,120302,商务住宅,住宅区,住宅小区
江汉区汉兴街和祥里社区,114.261581,30.629529,姑嫂树路31号(石桥地铁站C口步行450米),住宅小区,,120302,商务住宅,住宅区,住宅小区
常青一垸,114.261589,30.629533,杨汊湖常青五路,住宅小区,,120302,商务住宅,住宅区,住宅小区
绿色家园,114.256447,30.632255,长港路288号,住宅小区,,120302,商务住宅,住宅区,住宅小区
新华家园一期,114.263971,30.625833,姑嫂树路8号(石桥地铁站F口步行420米),住宅小区,,120302,商务住宅,住宅区,住宅小区
绿色家园北区,114.255876,30.633023,长港路343号,住宅小区,,120302,商务住宅,住宅区,住宅小区
园丁苑,114.25899,30.632576,姑嫂树路51号(杨汊湖地铁站D2口步行400米),住宅小区,,120302,商务住宅,住宅区,住宅小区
德华楼(新华家园店),114.264798,30.626591,姑嫂树路9号新华家园A区1层1.2室,住宅小区,,120302|050100,商务住宅,住宅区,住宅小区
富康花园,114.254717,30.633628,杨汊湖长港路与新湾五路交汇处,住宅小区,,120302,商务住宅,住宅区,住宅小区
公安住宅楼,114.265125,30.624575,常青一路与姑嫂树路交叉口西南140米,住宅小区,,120302,商务住宅,住宅区,住宅小区
万科汉口传奇锦棠,114.264986,30.623366,常青一路与双华路交叉口东200米,住宅小区,,120302,商务住宅,住宅区,住宅小区
半秋山(南国北都),114.265683,30.627104,姑嫂树路12号南国北都城市广场F2层,住宅小区,,050201|120302,餐饮服务,外国餐厅,
江花苑,114.260702,30.6334,姑嫂树路38号(杨汊湖地铁站D2口步行420米),住宅小区,,120302,商务住宅,住宅区,住宅小区
和道银座,114.255236,30.634812,新湾路与姑嫂树路交叉口西180米,住宅小区,,120302,商务住宅,住宅区,住宅小区
富士·君荟天地,114.263982,30.631139,姑嫂树路20号东侧(地铁石桥站E出口),住宅小区,,120302,商务住宅,住宅区,住宅小区
姑嫂树派出所微寓公寓A区,114.262675,30.632575,绿柳路与秋桂街交叉口西120米,住宅小区,,120302,商务住宅,住宅区,住宅小区
盛丰花园小区,114.2666,30.623756,姑嫂树路1号,住宅小区,,120302,商务住宅,住宅区,住宅小区
新湾社区,114.255594,30.635153,新湾路与姑嫂树路交叉口西160米,住宅小区,,120302,商务住宅,住宅区,住宅小区
闸眼港,114.253442,30.635255,新湾路与新湾五路交叉口东北180米,住宅小区,,120302,商务住宅,住宅区,住宅小区
集中公寓,114.263151,30.632665,绿柳路与秋桂街交叉口西北80米,住宅小区,,120302,商务住宅,住宅区,住宅小区
绿柳路3号新建商业项目,114.266891,30.628355,冬梅街与绿柳路交叉口南20米,住宅小区,,120200|120302,商务住宅,楼宇,
新华锦绣公寓,114.267747,30.626,姑嫂树路10号,住宅小区,,120302,商务住宅,住宅区,住宅小区
站东社区,114.26747,30.62201,发展大道,住宅小区,,120302,商务住宅,住宅区,住宅小区
中电建工地,114.256284,30.636288,S19机场二高速与姑嫂树互通交叉口西北100米,住宅小区,,120302,商务住宅,住宅区,住宅小区
福星华府·誉境,114.253837,30.636387,姑嫂树路99号,住宅小区,,120302,商务住宅,住宅区,住宅小区
金融街·恒江雅筑(建设中),114.268177,30.628164,"江汉区兴业路,北至东梅街,西至绿柳路",住宅小区,,120302,商务住宅,住宅区,住宅小区
江汉人家A区,114.268809,30.624626,绿柳路与石桥一路交叉口西北160米,住宅小区,,120302,商务住宅,住宅区,住宅小区
美联时光里二期,114.267667,30.630063,冬梅街107号(石桥地铁站A口步行140米),住宅小区,,120302,商务住宅,住宅区,住宅小区
汉口花园一期B区韵竹里,114.267229,30.630927,后湖大道52附33号附近(石桥地铁站B口步行90米),住宅小区,,120302,商务住宅,住宅区,住宅小区
汉口花园一期,114.266568,30.631966,后湖街办事处后湖大道(石桥地铁站C口步行270米),住宅小区,,120302,商务住宅,住宅区,住宅小区
美联时光里,114.267993,30.629763,冬梅街107号(石桥地铁站A口步行350米),住宅小区,,120302,商务住宅,住宅区,住宅小区
汉口花园一期A区,114.266189,30.632449,后湖大道与绿柳路交叉口北200米,住宅小区,,120302,商务住宅,住宅区,住宅小区
美联时光里一期,114.268684,30.629065,绿柳路与冬梅街交叉口东160米,住宅小区,,120302,商务住宅,住宅区,住宅小区
武汉城建·信达后湖里,114.264744,30.634293,和谐大道128号,住宅小区,,120302,商务住宅,住宅区,住宅小区
江汉人家,114.269696,30.624908,唐家墩街办事处兴业路(北京现代旁),住宅小区,,120302,商务住宅,住宅区,住宅小区
福星华府·峯境,114.257596,30.637514,姑嫂树互通与S19机场二高速交叉口北200米,住宅小区,,120302,商务住宅,住宅区,住宅小区
江汉人家B区,114.27065,30.625367,,住宅小区,,120302,商务住宅,住宅区,住宅小区
石桥花园D区,114.272031,30.624956,石桥墩,住宅小区,,120302,商务住宅,住宅区,住宅小区
石桥村城中村改造H4+TJ1西地块还建房项目,114.271678,30.627726,青松路与兴业路辅路交叉口东南20米,住宅小区,,120302,商务住宅,住宅区,住宅小区
石桥花园一期东区,114.272525,30.627225,青松路与兴业路辅路交叉口东南120米,住宅小区,,120302,商务住宅,住宅区,住宅小区
汉和蕙苑,114.272461,30.622678,八古墩东三巷田园小区西2门附近,住宅小区,,120302,商务住宅,住宅区,住宅小区
万科公园5号铂樾小区,114.271408,30.621825,八古墩东一巷10号(唐家墩地铁站B口步行450米),住宅小区,,120302,商务住宅,住宅区,住宅小区
石桥花园B区,114.269919,30.629244,青松路与冬梅街交叉口南160米,住宅小区,,120302,商务住宅,住宅区,住宅小区
聚诚竹苑,114.275442,30.623423,发展大道371号(田园小区旁),住宅小区,,120302,商务住宅,住宅区,住宅小区
石桥花园A区,114.272068,30.62986,兴业路9号,住宅小区,,120302,商务住宅,住宅区,住宅小区
田园小区,114.275224,30.621833,发展大道371号,住宅小区,,120302,商务住宅,住宅区,住宅小区
农苑,114.274215,30.620841,唐家墩街办事处八古墩东一巷78号,住宅小区,,120302,商务住宅,住宅区,住宅小区
荷花苑,114.276529,30.62326,园丰村1号-12号,住宅小区,,120302,商务住宅,住宅区,住宅小区
荷花苑2期,114.276675,30.623725,红桥小路与红桥路交叉口西北160米,住宅小区,,120302,商务住宅,住宅区,住宅小区
园丰供电小区,114.276886,30.622802,红桥路与红桥小路交叉口西100米,住宅小区,,120302,商务住宅,住宅区,住宅小区
园丰村,114.277346,30.623284,花桥街办事处发展大道蔡家田北区,住宅小区,,120302,商务住宅,住宅区,住宅小区
武铁宿舍,114.277736,30.624095,花桥街办事处发展大道红桥脑科园,住宅小区,,120302,商务住宅,住宅区,住宅小区
红桥苑,114.277075,30.62175,红桥小路1号,住宅小区,,120302,商务住宅,住宅区,住宅小区
汉口花园3期G区,114.272811,30.631809,冬梅街与翠柏路交叉口东北20米,住宅小区,,120302,商务住宅,住宅区,住宅小区
美联·城观,114.274872,30.630915,兴业路辅路与文清路交叉口西北200米,住宅小区,,120302,商务住宅,住宅区,住宅小区
汉口花园逸松庭,114.270636,30.632241,后湖大道54号,住宅小区,,120302,商务住宅,住宅区,住宅小区
华创2期,114.276875,30.629325,兴业路辅路与文博路交叉口西南80米,住宅小区,,120302,商务住宅,住宅区,住宅小区
汉口花园3期,114.273439,30.631937,冬梅街与翠柏路交叉口东80米,住宅小区,,120302,商务住宅,住宅区,住宅小区
园丰村382号,114.278824,30.623219,红桥路与红桥小路交叉口东北120米,住宅小区,,120302,商务住宅,住宅区,住宅小区
集家公寓B区,114.279375,30.626625,文博路与石桥一路交叉口东南60米,住宅小区,,120302,商务住宅,住宅区,住宅小区
百胜·家想时代,114.278701,30.621337,发展大道399号,住宅小区,,120302,商务住宅,住宅区,住宅小区
政府华电小区,114.279561,30.621948,发展大道405号,住宅小区,,120302,商务住宅,住宅区,住宅小区
汉口花园·淡莲轩,114.273157,30.633475,后湖大道56号(后湖大道与翠柏交汇处),住宅小区,,120302,商务住宅,住宅区,住宅小区
亿馨·科技公寓,114.280359,30.626301,石桥小路6号,住宅小区,,120302,商务住宅,住宅区,住宅小区
蔡家田小区A区,114.278598,30.619613,江大路与三眼桥路交汇处190米,住宅小区,,120302,商务住宅,住宅区,住宅小区
博城,114.279825,30.628525,石桥二路与金凰路交叉口西南60米,住宅小区,,120302,商务住宅,住宅区,住宅小区
汉口花园,114.268293,30.634225,后湖大道(石桥地铁站C口步行1000米),住宅小区,,120302,商务住宅,住宅区,住宅小区
美联联邦生活区,114.277442,30.632106,兴业路99号,住宅小区,,120302,商务住宅,住宅区,住宅小区
美联联邦生活区二期,114.277657,30.632108,兴业路与文博路交叉口,住宅小区,,120302,商务住宅,住宅区,住宅小区
汉口花园五期,114.269061,30.634727,江岸新华下路杨汊湖,住宅小区,,120302,商务住宅,住宅区,住宅小区
红桥新城,114.281404,30.623819,红桥路99号,住宅小区,,120302,商务住宅,住宅区,住宅小区
众联·天美国际,114.274561,30.634146,后湖大道58号,住宅小区,,120302,商务住宅,住宅区,住宅小区
龙蟠1号,114.266506,30.634798,青松路与秋桂街交叉口西北80米,住宅小区,,120302,商务住宅,住宅区,住宅小区
武华住宅小区4区,114.281155,30.621234,花桥街办事处,住宅小区,,120302,商务住宅,住宅区,住宅小区
武华住宅小区3区,114.281284,30.620413,花桥街办事处蔡家田小区,住宅小区,,120302,商务住宅,住宅区,住宅小区
武华住宅小区,114.281676,30.620236,俊才街与发展大道交叉口东南180米,住宅小区,,120302,商务住宅,住宅区,住宅小区
三元中央公园,114.276569,30.634849,塔子湖街道后湖大道66号,住宅小区,,120302,商务住宅,住宅区,住宅小区
汉口花园四期,114.271869,30.63631,后湖大道21号,住宅小区,,120302,商务住宅,住宅区,住宅小区
竹叶新村西区,114.283268,30.623436,发展大道与中一路交叉口西120米,住宅小区,,120302,商务住宅,住宅区,住宅小区
武轮小区,114.282974,30.621742,发展大道与文博路交叉口东200米,住宅小区,,120302,商务住宅,住宅区,住宅小区
德才一里,114.283111,30.622164,发展大道与欣竹小路交叉口西南160米,住宅小区,,120302,商务住宅,住宅区,住宅小区
望才里社区,114.28221,30.619939,北斗大厦对面,住宅小区,,120302,商务住宅,住宅区,住宅小区
陌陌屋小区,114.27803,30.634462,连湖路与冬梅街交叉口北80米,住宅小区,,120302,商务住宅,住宅区,住宅小区
中一花园西区,114.279482,30.63341,兴业路119号,住宅小区,,120302,商务住宅,住宅区,住宅小区
汉口花园幽兰居,114.267915,30.636593,秋桂街19号,住宅小区,,120302,商务住宅,住宅区,住宅小区
白门楼七号院,114.283516,30.627144,中一路7号(中一路地下道上方的人行道),住宅小区,,120302,商务住宅,住宅区,住宅小区
竹叶新村,114.284073,30.624052,竹叶山(竹叶山地铁站C1口步行330米),住宅小区,,120302,商务住宅,住宅区,住宅小区
星悦城五期,114.266006,30.636721,和谐大道128号,住宅小区,,120302,商务住宅,住宅区,住宅小区
棠颂星悦城,114.266409,30.636818,和谐大道与青松路交叉口东120米,住宅小区,,120302,商务住宅,住宅区,住宅小区
德才里,114.283933,30.62202,发展大道598号(竹叶山地铁站C1口步行300米),住宅小区,,120302,商务住宅,住宅区,住宅小区
中一花园,114.280194,30.633797,中一路11号(中一路地铁站B口步行280米),住宅小区,,120302,商务住宅,住宅区,住宅小区
石桥花园淌湖苑,114.284356,30.627929,中一路8号,住宅小区,,120302,商务住宅,住宅区,住宅小区
竹叶新村北区,114.28484,30.625143,中一路辅路与红桥路交叉口东北100米,住宅小区,,120302,商务住宅,住宅区,住宅小区
美联·中心,114.284207,30.629392,金桥大道15号,住宅小区,,120201|120302|170200,商务住宅,楼宇,商务写字楼
星悦城一期,114.27067,30.637989,塔子湖西路1号(后湖大道与塔子湖西路交汇处),住宅小区,,120302,商务住宅,住宅区,住宅小区
高才里,114.284949,30.622939,黄孝河路101号(竹叶山地铁站C1口步行290米),住宅小区,,120302,商务住宅,住宅区,住宅小区
竹叶新村东区,114.285186,30.624636,中一路辅路与红桥路交叉口东100米,住宅小区,,120302,商务住宅,住宅区,住宅小区
金海楼·小海鲜湖南菜(杨汊湖店),114.264361,30.63726,青松路汉口秀园第一栋4.5.6.7号门面,住宅小区,,050119|120302,餐饮服务,中餐厅,
广怡楼,114.285046,30.622497,欣竹小路与发展大道交叉口东南80米,住宅小区,,120302|120200,商务住宅,住宅区,住宅小区
中一花园东区,114.281276,30.634126,后湖街办事处中一路,住宅小区,,120302,商务住宅,住宅区,住宅小区
希望大厦,114.284908,30.621241,黄孝河路95号(竹叶山地铁站C1口步行440米),住宅小区,,120302,商务住宅,住宅区,住宅小区
绿城楚留香,114.266525,30.638075,和谐大道与青松路交叉口东北180米,住宅小区,,120302,商务住宅,住宅区,住宅小区
汉口花园幽兰居C区,114.268675,30.638375,翠柏路与和谐大道交叉口南60米,住宅小区,,120302,商务住宅,住宅区,住宅小区
竹苑雅居,114.285624,30.625892,黄孝河路125号(竹叶山地铁站A口步行110米),住宅小区,,120302,商务住宅,住宅区,住宅小区
康润楼,114.285625,30.622575,花桥街办事处黄孝河路103号(残联宿舍),住宅小区,,120302,商务住宅,住宅区,住宅小区
盈蓝花园,114.288601,30.625489,金桥大道辅路与发展大道交叉口东北80米,住宅小区,,120302,商务住宅,住宅区,住宅小区
漫悦花园,114.286375,30.621674,黄孝河路与欣竹小路交叉口东北120米,住宅小区,,120302,商务住宅,住宅区,住宅小区
华中国际广场2期,114.287127,30.621524,黄孝河路与欣竹小路交叉口北约140米,住宅小区,,120302,商务住宅,住宅区,住宅小区
金桥怡景苑,114.289655,30.62652,二环线(竹叶山地铁站C2口步行490米),住宅小区,,120302,商务住宅,住宅区,住宅小区
协昌一里,114.286475,30.620825,黄孝河路与欣竹小路交叉口东60米,住宅小区,,120302,商务住宅,住宅区,住宅小区
协昌花园,114.287219,30.620433,黄孝河路154号(竹叶山地铁站C1口步行450米),住宅小区,,120302,商务住宅,住宅区,住宅小区
红跃星城,114.288604,30.62886,正义二路与金桥大道交叉口东140米,住宅小区,,120302,商务住宅,住宅区,住宅小区
瑞云居南苑,114.287844,30.62977,正义路与金桥大道辅路交叉口东100米,住宅小区,,120302,商务住宅,住宅区,住宅小区
瑞云居,114.287677,30.630196,正义路2号,住宅小区,,120302,商务住宅,住宅区,住宅小区
晟蓝花园,114.291627,30.626546,二七路,住宅小区,,120302,商务住宅,住宅区,住宅小区
七一中学教工社区,114.288785,30.630098,正义路2号,住宅小区,,120302,商务住宅,住宅区,住宅小区
瑞云居北苑,114.287471,30.630722,正义路1号,住宅小区,,120302,商务住宅,住宅区,住宅小区
长江委后九小区,114.290916,30.62156,后九万方三村32-35,住宅小区,,120302,商务住宅,住宅区,住宅小区
中胜小区,114.290119,30.629703,美庐路与正义路交叉口南140米,住宅小区,,120302,商务住宅,住宅区,住宅小区
南山公寓,114.289444,30.61981,花桥街办事处南山公寓江大路后九万方三村一号,住宅小区,,120302,商务住宅,住宅区,住宅小区
金桥福景苑,114.289441,30.63044,正义路,住宅小区,,120302,商务住宅,住宅区,住宅小区
后九万方二村,114.291468,30.621266,黄浦大街289号,住宅小区,,120302,商务住宅,住宅区,住宅小区
九万方保润小区,114.290321,30.620019,后九万方三村3号,住宅小区,,120302,商务住宅,住宅区,住宅小区
雪莲小区2期,114.292925,30.624275,黄浦大街辅路与九万方路交叉口东北220米,住宅小区,,120302,商务住宅,住宅区,住宅小区
雪莲小区,114.292925,30.624275,黄浦大街辅路与九万方路交叉口东北220米,住宅小区,,120302,商务住宅,住宅区,住宅小区
塔尖观邸,114.287151,30.631636,金桥大道与兴业南路交汇处(金桥永旺正对面),住宅小区,,120302,商务住宅,住宅区,住宅小区
盛景花园,114.290962,30.629735,后湖一路1号,住宅小区,,120302,商务住宅,住宅区,住宅小区
青青美庐西区,114.288678,30.631298,正义路与美庐路交叉口西100米,住宅小区,,120302,商务住宅,住宅区,住宅小区
花北小区,114.293097,30.622953,黄浦大街258号,住宅小区,,120302,商务住宅,住宅区,住宅小区
盛景天地盛景公馆,114.293512,30.626932,竹叶山转盘旁发展大道525号(中胜国际旁),住宅小区,,120302,商务住宅,住宅区,住宅小区
红军小区,114.291425,30.619625,后九万方路与江大路交叉口北140米,住宅小区,,120302,商务住宅,住宅区,住宅小区
紫御公馆,114.287014,30.632634,金桥大道与兴业路交汇处,住宅小区,,120302,商务住宅,住宅区,住宅小区
盛景国际,114.294366,30.625674,二七街道二七路201号(K5地块),住宅小区,,120302,商务住宅,住宅区,住宅小区
青青美庐,114.289836,30.631964,正义路特1号东区5栋三单元110室,住宅小区,,120302,商务住宅,住宅区,住宅小区
花桥三期南苑,114.293024,30.620584,黄浦大街259号,住宅小区,,120302,商务住宅,住宅区,住宅小区
天梨阁南苑,114.293322,30.620942,黄浦大街259号附44号,住宅小区,,120302,商务住宅,住宅区,住宅小区
花桥三期,114.293088,30.620593,黄浦大街辅路与黄浦大街入口交叉口西160米,住宅小区,,120302,商务住宅,住宅区,住宅小区
竹叶山江花小区,114.291132,30.6186,江大路与后九万方路交叉口西北40米,住宅小区,,120302,商务住宅,住宅区,住宅小区
青青美庐东区,114.290333,30.632268,兴业南路与后湖一路交叉口西南140米,住宅小区,,120302,商务住宅,住宅区,住宅小区
东方恒星园,114.287205,30.633614,金桥大道18号,住宅小区,,120302,商务住宅,住宅区,住宅小区
塔子湖街道中星社区,114.283916,30.633854,兴业路与金桥大道交叉口西140米,住宅小区,,120302,商务住宅,住宅区,住宅小区
黄浦大街241号,114.294155,30.620703,黄埔大街241号(赵家条地铁站B口步行450米),住宅小区,,120302,商务住宅,住宅区,住宅小区
华享雕墅,114.293114,30.631529,正义路16附2附近,住宅小区,,120302,商务住宅,住宅区,住宅小区
日月星城,114.283519,30.634551,中一路26号(中一路地铁站C口步行350米),住宅小区,,120302,商务住宅,住宅区,住宅小区
防汛宿舍,114.293668,30.631824,后湖街办事处正义路江岸法院旁边武华苑对面,住宅小区,,120302,商务住宅,住宅区,住宅小区
武华苑,114.292366,30.632917,正义路7号,住宅小区,,120302,商务住宅,住宅区,住宅小区
盛景美寓,114.296408,30.627653,发展大道567号,住宅小区,,120302,商务住宅,住宅区,住宅小区
仁和嘉居,114.297041,30.626581,二七街办事处,住宅小区,,120302,商务住宅,住宅区,住宅小区
联体一号,114.293825,30.632525,后湖二路与正义路交叉口北20米,住宅小区,,120302,商务住宅,住宅区,住宅小区
紫轩·美佳,114.294552,30.631838,正义路临18号(育才行知小学旁),住宅小区,,120302,商务住宅,住宅区,住宅小区
雅叙蘭庭茶空间,114.294779,30.632442,正义路紫轩美佳,住宅小区,,120302,商务住宅,住宅区,住宅小区
华发沁园,114.295271,30.632038,后湖三路与正义路交叉口西南140米,住宅小区,,120302,商务住宅,住宅区,住宅小区
御景东方,114.292309,30.634395,兴业南路3号,住宅小区,,120302,商务住宅,住宅区,住宅小区
预警学院社区,114.298203,30.623523,树人路与二七侧路交叉口西南120米,住宅小区,,120302,商务住宅,住宅区,住宅小区
紫竹园,114.288011,30.636217,兴业路153号,住宅小区,,120302,商务住宅,住宅区,住宅小区
粮油小区,114.298257,30.626555,二七侧路1号,住宅小区,,120302,商务住宅,住宅区,住宅小区
黄浦公馆,114.298397,30.625337,二七侧路6号(汉口医院对面),住宅小区,,120302,商务住宅,住宅区,住宅小区
锦苑公寓,114.29806,30.627983,发展大道二七路500号,住宅小区,,120302,商务住宅,住宅区,住宅小区
菊园,114.289701,30.63591,后湖一路与兴业路交叉口西北60米,住宅小区,,120302,商务住宅,住宅区,住宅小区
国际百纳2期,114.282404,30.63655,中一路与德胜堂路交叉口北120米,住宅小区,,120302,商务住宅,住宅区,住宅小区
佳海华苑(正义路),114.294494,30.633624,正义路9号,住宅小区,,120302,商务住宅,住宅区,住宅小区
国际百纳,114.283357,30.636902,后湖大道与中一路交汇处(塔子湖体育中心正对面),住宅小区,,120302,商务住宅,住宅区,住宅小区
新五冷小区,114.299208,30.626656,二七街街道二七侧路联合社区对面甲栋201,住宅小区,,120302,商务住宅,住宅区,住宅小区
后湖华庭,114.290624,30.636365,兴业路157附13号附近,住宅小区,,120302,商务住宅,住宅区,住宅小区
赵家条69号家属区,114.299475,30.624225,二七侧路与树人路交叉口东40米,住宅小区,,120302,商务住宅,住宅区,住宅小区
德泰昇,114.299752,30.626667,二七路189号,住宅小区,,120302,商务住宅,住宅区,住宅小区
铁路公寓,114.297858,30.631612,后湖三路与正义路交叉口东南240米,住宅小区,,120302,商务住宅,住宅区,住宅小区
新地·东方花都A区,114.293599,30.635634,后湖街街道兴业路168号新地东方花都后湖街办事处后湖兴业路,住宅小区,,120302,商务住宅,住宅区,住宅小区
液压小区,114.300058,30.624309,二七侧路与树人路交叉口东100米,住宅小区,,120302,商务住宅,住宅区,住宅小区
竹叶苑B区,114.295425,30.634675,后湖三路与兴业南路交叉口东南40米,住宅小区,,120302,商务住宅,住宅区,住宅小区
金岛御璟世家1期,114.300269,30.623031,建设大道(罗家庄地铁站D口步行380米),住宅小区,,120302,商务住宅,住宅区,住宅小区
圣诚和园,114.290091,30.637621,后湖二路65号,住宅小区,,120302,商务住宅,住宅区,住宅小区
汇龙花园,114.29771,30.632805,后湖乡正义路(竹叶苑对面),住宅小区,,120302,商务住宅,住宅区,住宅小区
金岛御璟世家,114.300484,30.623188,二七街办事处二七侧路(罗家庄地铁站D口步行450米),住宅小区,,120302,商务住宅,住宅区,住宅小区
竹叶苑A区,114.296925,30.633725,正义路与后湖四路交叉口西120米,住宅小区,,120302,商务住宅,住宅区,住宅小区
御璟世家,114.301498,30.62492,韦桑西路与韦桑路交叉口西南60米,住宅小区,,120302,商务住宅,住宅区,住宅小区
跃境2期,114.301475,30.624725,韦桑西路与韦桑路交叉口西南80米,住宅小区,,120302,商务住宅,住宅区,住宅小区
金岛御璟世家2期,114.301439,30.624584,韦桑路,住宅小区,,120302,商务住宅,住宅区,住宅小区
供电局小区,114.302242,30.624606,罗家庄132号(罗家庄地铁站D口步行310米),住宅小区,,120302,商务住宅,住宅区,住宅小区
科技村老小区,114.301085,30.623222,建设大道与科技馆路交叉口北180米,住宅小区,,120302,商务住宅,住宅区,住宅小区
武汉科技村,114.302262,30.623186,二七街办事处二七路赵家条144号(武汉科技馆旁),住宅小区,,120302,商务住宅,住宅区,住宅小区
江岸区新江岸一村,114.301197,30.628765,二七街办事处发展大道,住宅小区,,120302,商务住宅,住宅区,住宅小区
韦家桑园,114.304596,30.623193,建设大道与韦桑路交叉口东南80米,住宅小区,,120302,商务住宅,住宅区,住宅小区
新江岸二村,114.304325,30.629375,二环线入口与发展大道交叉口西北40米,住宅小区,,120302,商务住宅,住宅区,住宅小区
韦桑家园,114.306643,30.624211,韦桑路11号君豪商务住宿以北近建设大道,住宅小区,,120302,商务住宅,住宅区,住宅小区
二七街韦桑社区,114.306695,30.624246,韦桑路29号(罗家庄地铁站B口步行200米),住宅小区,,120302,商务住宅,住宅区,住宅小区
华工小区,114.306727,30.623556,韦桑路278(罗家庄地铁站B口步行200米),住宅小区,,120302,商务住宅,住宅区,住宅小区
翰林紫园,114.307869,30.624176,工农兵路与韦桑路交汇处(东立国际4号门对面),住宅小区,,120302,商务住宅,住宅区,住宅小区
新江岸社区二七花园,114.305525,30.630317,新江岸三村5号(二七小路地铁站C口步行160米),住宅小区,,120302,商务住宅,住宅区,住宅小区
利腾国际,114.306516,30.630441,二七路155(二七小路地铁站C口步行90米),住宅小区,,120302,商务住宅,住宅区,住宅小区
人和公寓,114.309511,30.625425,工农兵路127号,住宅小区,,120302,商务住宅,住宅区,住宅小区
长江委刘家庙小区,114.309219,30.627239,二七路129号(二七小路地铁站A口步行250米),住宅小区,,120302,商务住宅,住宅区,住宅小区
天伦华庭,114.310286,30.625737,工农兵路107号,住宅小区,,120302,商务住宅,住宅区,住宅小区
新江岸四村,114.305888,30.632381,新村街铁北社区铁北路1号,住宅小区,,120302,商务住宅,住宅区,住宅小区
香杉花园,114.310552,30.6271,二七路119号(二七小路地铁站A口步行440米),住宅小区,,120302,商务住宅,住宅区,住宅小区
金涛·翰林苑,114.30949,30.629851,二七路316号,住宅小区,,120302,商务住宅,住宅区,住宅小区
恒昌欧景华庭,114.311343,30.625207,工农兵路东南30米,住宅小区,,120302,商务住宅,住宅区,住宅小区
竹叶苑,114.296595,30.634393,后湖街办事处正义路11号,住宅小区,,120302,商务住宅,住宅区,住宅小区
昌盛小区,114.311502,30.624293,工农兵路116号,住宅小区,,120302,商务住宅,住宅区,住宅小区
天上人间,114.298321,30.634948,兴业南路6号,住宅小区,,120302,商务住宅,住宅区,住宅小区
新大地花园,114.311762,30.627024,工农兵路109号,住宅小区,,120302,商务住宅,住宅区,住宅小区
二七新江岸生活广场,114.303224,30.635117,后湖五路(东方华府东侧),住宅小区,,120302,商务住宅,住宅区,住宅小区
竹叶苑C区,114.295975,30.634925,兴业南路与后湖三路交叉口东80米,住宅小区,,120302,商务住宅,住宅区,住宅小区
星海蓝天,114.31101,30.629694,二七路300号(二七小路地铁站B口步行350米),住宅小区,,120302,商务住宅,住宅区,住宅小区
东方华府,114.300221,30.635867,兴业南路6-8,住宅小区,,120302,商务住宅,住宅区,住宅小区
东立国际,114.312672,30.62435,二七街道工农兵路152号,住宅小区,,120302,商务住宅,住宅区,住宅小区
新江岸五村,114.306879,30.634275,二环线出口与发展大道交叉口西北440米,住宅小区,,120302,商务住宅,住宅区,住宅小区
永红小区B区,114.305905,30.635117,建设大道1177号(兴业路地铁站A口步行460米),住宅小区,,120302,商务住宅,住宅区,住宅小区
能建·长江华府,114.312248,30.629466,"二七路与黑泥湖路(规划道路)交汇处,黑泥湖路西侧",住宅小区,,120302,商务住宅,住宅区,住宅小区
永红小区,114.306416,30.635185,建设大道与二环线入口交叉口北460米,住宅小区,,120302,商务住宅,住宅区,住宅小区
永红咖之云1期,114.307256,30.635032,建设大道与二环线入口交叉口北420米,住宅小区,,120302,商务住宅,住宅区,住宅小区
东立国际2期,114.31375,30.62551,东立街与二七横路交叉口西北140米,住宅小区,,120302,商务住宅,住宅区,住宅小区
永红村城中村,114.306973,30.635293,建设新村路与铁北路交叉口西南440米,住宅小区,,120302,商务住宅,住宅区,住宅小区
新地·东方花都,114.294623,30.636052,兴业路168号,住宅小区,,120302,商务住宅,住宅区,住宅小区
新地·东方花都B区,114.295626,30.636448,兴业南路,住宅小区,,120302,商务住宅,住宅区,住宅小区
永红小区A区,114.307083,30.635417,建设大道966号,住宅小区,,120302,商务住宅,住宅区,住宅小区
永红小区H2区,114.306075,30.635925,建设大道与兴业南路交叉口南460米,住宅小区,,120302,商务住宅,住宅区,住宅小区
二七公寓,114.305816,30.6361,建设大道与兴业南路交叉口南420米,住宅小区,,120302,商务住宅,住宅区,住宅小区
东立国际1期,114.314058,30.626547,二七路与工农兵路交叉口东南180米,住宅小区,,120302,商务住宅,住宅区,住宅小区
美伦美舍,114.305191,30.636369,建设大道延长线(二七小路和建设新村路交汇处),住宅小区,,120302,商务住宅,住宅区,住宅小区
二七人家,114.312562,30.631386,黑泥湖路249号,住宅小区,,120302,商务住宅,住宅区,住宅小区
新地·东方明珠,114.298723,30.637937,后湖兴业南路以北(东方花都旁),住宅小区,,120302,商务住宅,住宅区,住宅小区
国汇雅苑小区,114.314402,30.629187,二七路新村小学旁边,住宅小区,,120302,商务住宅,住宅区,住宅小区
药检小区,114.315383,30.627184,二七路与二七横路交叉口西北100米,住宅小区,,120302,商务住宅,住宅区,住宅小区
花样年·锦上花,114.304295,30.63795,建设大道1353号(兴业路地铁站K出站口南50米),住宅小区,,120302,商务住宅,住宅区,住宅小区
航天星都,114.316775,30.624075,解放大道辅路与江码路交叉口西120米,住宅小区,,120302,商务住宅,住宅区,住宅小区
二七横路小区,114.31611,30.62691,二七路与二七横路交叉口西北20米,住宅小区,,120302,商务住宅,住宅区,住宅小区
武汉天宸,114.317168,30.626938,二七路与二七横路交叉口东100米,住宅小区,,120302,商务住宅,住宅区,住宅小区
御玺滨江A区,114.31912,30.623965,福瑞街与江码路交叉口北100米,住宅小区,,120302,商务住宅,住宅区,住宅小区
黄埔人家,114.316428,30.628901,二七北路75号,住宅小区,,120302,商务住宅,住宅区,住宅小区
誉城千里,114.319723,30.62592,解放大道辅路与二七东路交叉口东北40米,住宅小区,,120302,商务住宅,住宅区,住宅小区
御玺滨江,114.319421,30.623142,江码路(二七路地铁站A口步行200米),住宅小区,,120302,商务住宅,住宅区,住宅小区
劳动新二村,114.318479,30.628113,二七路口(二七路地铁站B口步行440米),住宅小区,,120302,商务住宅,住宅区,住宅小区
洪叶云台,114.317375,30.629025,二七横路与二七北路交叉口西南80米,住宅小区,,120302,商务住宅,住宅区,住宅小区
劳动社区,114.318957,30.627984,解放大道辅路与桃园小路交叉口西北140米,住宅小区,,120302,商务住宅,住宅区,住宅小区
铁南社区劳动片,114.319669,30.628767,徐州新村地铁站B口步行480米,住宅小区,,120302,商务住宅,住宅区,住宅小区
航务二院,114.318374,30.629846,二七横路13号,住宅小区,,120302,商务住宅,住宅区,住宅小区
航务一院,114.31728,30.630357,二七北路24号,住宅小区,,120302,商务住宅,住宅区,住宅小区
劳动新一村,114.320275,30.628675,新村街办事处(二七路地铁站B口步行450米),住宅小区,,120302,商务住宅,住宅区,住宅小区
二航嘉苑,114.316278,30.630776,二七北路34号,住宅小区,,120302,商务住宅,住宅区,住宅小区
为群一村,114.32016,30.629656,二七街办事处二七路(徐州新村地铁站B口步行320米),住宅小区,,120302,商务住宅,住宅区,住宅小区
宸嘉100嘉佰道,114.322051,30.622698,二七沿江商务核心区南二片,住宅小区,,120302,商务住宅,住宅区,住宅小区
黄埔佳苑,114.317663,30.63136,二七横路109号,住宅小区,,120302,商务住宅,住宅区,住宅小区
武汉铁路黄埔住宅小区,114.315384,30.631935,二七北路48(二七人家对面),住宅小区,,120302,商务住宅,住宅区,住宅小区
为群四村,114.319055,30.631008,二七横路(徐州新村地铁站B口步行470米),住宅小区,,120302,商务住宅,住宅区,住宅小区
工农二村,114.317196,30.632328,工农村路与二七横路交叉口西140米,住宅小区,,120302,商务住宅,住宅区,住宅小区
为群二村,114.319589,30.632076,二七街办事处二七横路,住宅小区,,120302,商务住宅,住宅区,住宅小区
工农一村,114.317075,30.633275,发展大道与二七横路交叉口西南120米,住宅小区,,120302,商务住宅,住宅区,住宅小区
东新熙园,114.320167,30.632742,长湖地一村2号附1号(徐州新村地铁站B口步行320米),住宅小区,,120302,商务住宅,住宅区,住宅小区
中建二局30号地块,114.321834,30.632486,长湖路与二环线出口交叉口西北160米,住宅小区,,120302,商务住宅,住宅区,住宅小区
新家苑,114.321025,30.633025,工农村路与二七横路交叉口东240米,住宅小区,,120302,商务住宅,住宅区,住宅小区
长湖地一村,114.321438,30.633363,长湖地一村22号(徐州新村地铁站B口步行380米),住宅小区,,120302,商务住宅,住宅区,住宅小区
连城小区,114.322598,30.632722,新村街街道(徐州新村地铁站B口步行180米),住宅小区,,120302,商务住宅,住宅区,住宅小区
中信泰富滨江金融城三期九庐,114.326085,30.628948,"二七沿江商务核心区北片,东至沿江大道,南至规划206号路,西至解放大道,北至规划201号路",住宅小区,,120302,商务住宅,住宅区,住宅小区
长电公寓,114.324274,30.632082,解放大道1800号,住宅小区,,120302,商务住宅,住宅区,住宅小区
九庐一期,114.327368,30.63091,中山大道2366号,住宅小区,,120302,商务住宅,住宅区,住宅小区
中信泰富滨江金融城九玺,114.328394,30.630295,沿江大道与长沙路交叉口西南120米,住宅小区,,120302,商务住宅,住宅区,住宅小区
城开二七城市广场,114.318579,30.637507,解放大道与二七长江大桥交汇处,住宅小区,,120302,商务住宅,住宅区,住宅小区
新希望·D10天元,114.326498,30.633526,解放大道2025号,住宅小区,,120302,商务住宅,住宅区,住宅小区
中信泰富滨江金融城·雍江荟(建设中),114.328767,30.630548,解放大道一号徐州新村站(27纪念馆对面)2,住宅小区,,120302,商务住宅,住宅区,住宅小区
仁恒滨江园,114.32946,30.631924,长沙路和昌瑞街交叉口,住宅小区,,120302,商务住宅,住宅区,住宅小区
中海·长江十里,114.33021,30.63414,汉口滨江商务区五期二七社区特1号,住宅小区,,120302,商务住宅,住宅区,住宅小区
新希望D10天琴,114.33111,30.634784,"汉口滨江国际商务区五期,北至15米规划道路、东至沿江大道、南至20米规划道路、西至中山大道",住宅小区,,120302,商务住宅,住宅区,住宅小区
二航小区,114.325216,30.635362,解放大道2505号,住宅小区,,120302,商务住宅,住宅区,住宅小区
武汉保利天珺,114.329278,30.636151,"汉口滨江国际商务区五期P11-1、S1地块,北至15米规划道路,南至25米规划道路,西至解放大道,东至中山大道",住宅小区,,120302,商务住宅,住宅区,住宅小区
华恒建设生活区,114.329125,30.637425,连城南路与解放大道交叉口东200米,住宅小区,,120302|120303,商务住宅,住宅区,住宅小区
武汉江山1期,114.359918,30.624483,沿江大道,住宅小区,,120302,商务住宅,住宅区,住宅小区
大华·滨江天地铂金瑞府,114.362035,30.624516,园林路与抚顺街交汇处,住宅小区,,120302,商务住宅,住宅区,住宅小区
邦泰·璟和,114.362338,30.626383,临江大道与三弓路交汇处,住宅小区,,120302,商务住宅,住宅区,住宅小区
大华·滨江天地,114.362852,30.623586,园林路15号,住宅小区,,120302,商务住宅,住宅区,住宅小区
郦府2期,114.362875,30.623425,旅大街与七棉路交叉口北140米,住宅小区,,120302,商务住宅,住宅区,住宅小区
大华·滨江天地铂金郦府,114.363598,30.623414,旅大街与七棉路交叉口北140米,住宅小区,,120302,商务住宅,住宅区,住宅小区
东兴天地B区,114.3654,30.624843,旅大街金地国际花园附近,住宅小区,,120302,商务住宅,住宅区,住宅小区
科大馨苑,114.36617,30.62545,旅大街1-1号附近,住宅小区,,120302,商务住宅,住宅区,住宅小区
青教花园1期,114.365848,30.622615,三弓路2附5号旁边,住宅小区,,120302,商务住宅,住宅区,住宅小区
御江尚品·江玺,114.366258,30.627613,抚顺街与建设一路交叉口西180米,住宅小区,,120302,商务住宅,住宅区,住宅小区
东兴天地C区,114.367635,30.626308,建设一路,住宅小区,,120302,商务住宅,住宅区,住宅小区
武冶小区,114.367993,30.625279,旅大街1附22号附近,住宅小区,,120302,商务住宅,住宅区,住宅小区
中建八局生活区,114.367075,30.628975,建设一路与临江大道交叉口东南60米,住宅小区,,120302,商务住宅,住宅区,住宅小区
东兴天地,114.368727,30.626749,建设一路附近,住宅小区,,120302,商务住宅,住宅区,住宅小区
石化小区,114.369143,30.625892,建设一路59街,住宅小区,,120302,商务住宅,住宅区,住宅小区
翠竹苑,114.369375,30.627205,建一路武汉科技大学后,住宅小区,,120302,商务住宅,住宅区,住宅小区
四十九街住宅小区,114.370329,30.626697,建设二路20号靠近御江壹品青山印,住宅小区,,120302,商务住宅,住宅区,住宅小区
东兴天地D区,114.369606,30.629239,任家路附近,住宅小区,,120302,商务住宅,住宅区,住宅小区
四十九街小区C组团,114.37105,30.628369,抚顺街与建设二路交叉口西南180米,住宅小区,,120302,商务住宅,住宅区,住宅小区
科大社区,114.371939,30.625675,建设一路与旅大街交叉口东200米,住宅小区,,120302,商务住宅,住宅区,住宅小区
大华铂金悦府,114.370968,30.630021,青山区建设二路与抚顺路交汇处,住宅小区,,120302,商务住宅,住宅区,住宅小区
红卫路街碧园社区,114.372033,30.627759,旅大街与建设二路交叉口西140米,住宅小区,,120302,商务住宅,住宅区,住宅小区
青山青安小区,114.372471,30.628634,建设二路与旅大街交叉口西北100米,住宅小区,,120302,商务住宅,住宅区,住宅小区
红卫路街碧园社区东区,114.372575,30.628362,建设二路与旅大街交叉口西80米,住宅小区,,120302,商务住宅,住宅区,住宅小区
新奥·学府佳邻,114.37344,30.627399,建设二路地铁站D口步行390米,住宅小区,,120302,商务住宅,住宅区,住宅小区
51街坊,114.373931,30.626799,武钢集团公司和平大道建设二路五,住宅小区,,120302,商务住宅,住宅区,住宅小区
大华锦绣年华二期,114.372461,30.631223,建设三路与抚顺街交汇处,住宅小区,,120302,商务住宅,住宅区,住宅小区
御江壹品青山印,114.373747,30.62954,建设二路与抚顺街交汇处,住宅小区,,120302,商务住宅,住宅区,住宅小区
建源小区,114.374704,30.625889,建设二路与本溪街交叉口南60米,住宅小区,,120302,商务住宅,住宅区,住宅小区
青江小区,114.374734,30.624556,和平大道辅路与建设二路交叉口西120米,住宅小区,,120302,商务住宅,住宅区,住宅小区
御江壹品,114.373774,30.630018,抚顺街与建三侧路交叉口南100米,住宅小区,,120302,商务住宅,住宅区,住宅小区
武商奥莱A区,114.377375,30.625325,和平大道辅路与建设二路交叉口东北120米,住宅小区,,120302,商务住宅,住宅区,住宅小区
大华锦绣时代2期,114.37787,30.624639,和平大道与建设二路交叉口东160米,住宅小区,,120302,商务住宅,住宅区,住宅小区
兰亭雅居,114.37868,30.624038,吉林街13号(建设二路地铁站B口步行450米),住宅小区,,120302,商务住宅,住宅区,住宅小区
中建·开元公馆,114.375631,30.62827,建设二路与本溪街交汇处,住宅小区,,120302,商务住宅,住宅区,住宅小区
青城国际,114.379458,30.625889,和平大道1258号(建设二路地铁站B口步行250米),住宅小区,,120302,商务住宅,住宅区,住宅小区
碧苑C区,114.377554,30.628563,本溪街附近,住宅小区,,120302,商务住宅,住宅区,住宅小区
青山·世纪坊,114.377508,30.628709,建设三路45街,住宅小区,,120302,商务住宅,住宅区,住宅小区
鹏程花苑,114.380364,30.625544,建设三路30号(建设二路地铁站B口步行460米),住宅小区,,120302,商务住宅,住宅区,住宅小区
武汉城建集团人才公寓,114.377025,30.629425,建设三路与旅大街交叉口南100米,住宅小区,,120302,商务住宅,住宅区,住宅小区
47街坊,114.380591,30.625193,吉林街以北,住宅小区,,120302,商务住宅,住宅区,住宅小区
45街坊,114.376604,30.629861,旅大街与建设三路交叉口西南80米,住宅小区,,120302,商务住宅,住宅区,住宅小区
大华锦绣时代1期,114.380534,30.623045,吉林街与九医院路交叉口东南160米,住宅小区,,120302,商务住宅,住宅区,住宅小区
九医院宿舍,114.380998,30.624569,吉林路48街坊,住宅小区,,120302,商务住宅,住宅区,住宅小区
新长江·青源,114.377987,30.629759,建设三路(和平公园附近),住宅小区,,120302,商务住宅,住宅区,住宅小区
江南春城北区,114.37873,30.629422,本溪街与建设三路交叉口东北100米,住宅小区,,120302,商务住宅,住宅区,住宅小区
八大家花园42街坊,114.381462,30.626596,吉林街与建设三路交叉口北160米,住宅小区,,120302,商务住宅,住宅区,住宅小区
大华锦绣时代,114.381614,30.623766,和平大道与建设二路交汇处,住宅小区,,120302,商务住宅,住宅区,住宅小区
御境3期,114.377925,30.630375,旅大街与建设三路交叉口东100米,住宅小区,,120302,商务住宅,住宅区,住宅小区
东兴天地E区,114.374746,30.631004,和平大道建设三路8号,住宅小区,,120302,商务住宅,住宅区,住宅小区
江南春城御境,114.378845,30.63042,红卫路39街31门1号,住宅小区,,120302,商务住宅,住宅区,住宅小区
江南春城南区,114.380713,30.62905,和平大道,住宅小区,,120302,商务住宅,住宅区,住宅小区
八大家花园C区,114.382425,30.625725,吉林街与建设三路交叉口东120米,住宅小区,,120302,商务住宅,住宅区,住宅小区
41街坊,114.380455,30.629596,建设三路47路,住宅小区,,120302,商务住宅,住宅区,住宅小区
八大家花园43街坊,114.383136,30.625302,吉林街与建设三路交叉口东180米,住宅小区,,120302,商务住宅,住宅区,住宅小区
大华锦绣年华一期,114.374185,30.63213,红卫路街东兴洲村,住宅小区,,120302,商务住宅,住宅区,住宅小区
中冶·39大街,114.377557,30.632098,建设三路7号,住宅小区,,120302,商务住宅,住宅区,住宅小区
红坊里商业街,114.383074,30.627723,建设四路文苑社区,住宅小区,,120302|061000,商务住宅,住宅区,住宅小区
八大家花园红坊,114.383675,30.624475,朝阳街与建设三路交叉口东北140米,住宅小区,,120302,商务住宅,住宅区,住宅小区
御江壹品青山樽阅江园,114.375768,30.633042,建设三路与武昌文化生态长廊交叉口东100米,住宅小区,,120302,商务住宅,住宅区,住宅小区
南洋金谷,114.379158,30.632527,建设四路6号,住宅小区,,120302,商务住宅,住宅区,住宅小区
御江壹品青山樽-南区,114.37662,30.633333,建设三路与武昌文化生态长廊交叉口东180米,住宅小区,,120302,商务住宅,住宅区,住宅小区
新奥风尚,114.384599,30.62692,建设四路14号,住宅小区,,120302,商务住宅,住宅区,住宅小区
吉庆苑小区,114.379837,30.632775,红卫路39街坊23-32门,住宅小区,,120302,商务住宅,住宅区,住宅小区
八大家花园,114.385303,30.627684,建设四路,住宅小区,,120302,商务住宅,住宅区,住宅小区
八大家花园社区教师楼,114.38554,30.62709,建设四路,住宅小区,,120302,商务住宅,住宅区,住宅小区
御江壹品青山樽揽江园,114.375832,30.63435,临江大道864号,住宅小区,,120302,商务住宅,住宅区,住宅小区
锦绣龙潭,114.385987,30.624385,工业路28号,住宅小区,,120302,商务住宅,住宅区,住宅小区
御江壹品青山樽,114.376811,30.634365,"临江大道以南,建设一路以东、建设四路以西、旅大街以北",住宅小区,,120302,商务住宅,住宅区,住宅小区
中国一冶武建院,114.386025,30.626425,荆州街与建设四路交叉口东80米,住宅小区,,120302,商务住宅,住宅区,住宅小区
新家园,114.386332,30.624995,工业路26号,住宅小区,,120302,商务住宅,住宅区,住宅小区
金域花园,114.386386,30.625746,工业大道,住宅小区,,120302,商务住宅,住宅区,住宅小区
38街坊,114.38588,30.628746,建设四路14-附1号,住宅小区,,120302,商务住宅,住宅区,住宅小区
御江壹品青山樽凌江园,114.377532,30.635315,建设四路与抚顺街交叉口西北200米,住宅小区,,120302,商务住宅,住宅区,住宅小区
八大家花园A区,114.386674,30.628301,工业路与鄂州街交叉口西南80米,住宅小区,,120302,商务住宅,住宅区,住宅小区
融创临江府,114.381285,30.634116,建设四路与旅大街交叉口东北180米,住宅小区,,120302,商务住宅,住宅区,住宅小区
和平科技公寓,114.387819,30.625047,工业路9号,住宅小区,,120302,商务住宅,住宅区,住宅小区
玉翠苑,114.388663,30.624363,随州街6号,住宅小区,,120302,商务住宅,住宅区,住宅小区
乐友印象城,114.386668,30.631615,工业路与鄂州街交叉口北320米,住宅小区,,120302,商务住宅,住宅区,住宅小区
温馨花园小区,114.388921,30.623681,黄州街5号,住宅小区,,120302,商务住宅,住宅区,住宅小区
香域水岸商业D区,114.380125,30.636275,建设四路与临江大道交叉口东南160米,住宅小区,,120302,商务住宅,住宅区,住宅小区
联泰香域水岸,114.380696,30.636347,临江大道与建设四路交叉口东南150米(和平公园旁),住宅小区,,120302,商务住宅,住宅区,住宅小区
奥园滨江国际,114.388676,30.629733,冶金街道冶金大道8号,住宅小区,,120302,商务住宅,住宅区,住宅小区
中交·澄园,114.390355,30.624535,工业一路81号,住宅小区,,120302,商务住宅,住宅区,住宅小区
雅澜苑,114.39051,30.627744,鄂州街6号附20号,住宅小区,,120302,商务住宅,住宅区,住宅小区
钢花村街110社区,114.393819,30.624366,黄州街31-附7号,住宅小区,,120302,商务住宅,住宅区,住宅小区
雅沥苑,114.391917,30.628277,工业一路与鄂州街交叉口东南60米,住宅小区,,120302,商务住宅,住宅区,住宅小区
雅汀苑,114.39277,30.628407,冶金街道鄂州街6号附8号,住宅小区,,120302,商务住宅,住宅区,住宅小区
铁投江南御景,114.390616,30.629872,冶金大道,住宅小区,,120302,商务住宅,住宅区,住宅小区
钢花一冶116街坊,114.395975,30.624325,工业二路与黄州街交叉口北100米,住宅小区,,120302,商务住宅,住宅区,住宅小区
江南御景中心,114.391282,30.630234,工业一路江南御景,住宅小区,,120302|061000,商务住宅,住宅区,住宅小区
青山工业二路金色年华,114.396185,30.623858,工业二路公园家商铺F18,住宅小区,,120302,商务住宅,住宅区,住宅小区
科技苑社区,114.393809,30.629596,工业大道12号附3号,住宅小区,,120302,商务住宅,住宅区,住宅小区
悦品天下公园家店,114.396805,30.623457,黄州街35号附2号,住宅小区,,120302,商务住宅,住宅区,住宅小区
印力中心,114.390082,30.631464,和平大道与冶金大道交汇处(和平公园正对面),住宅小区,,120302,商务住宅,住宅区,住宅小区
公园家,114.398056,30.624271,随州街20号,住宅小区,,120302,商务住宅,住宅区,住宅小区
健吾公馆,114.392686,30.632184,冶金大道9号,住宅小区,,120302,商务住宅,住宅区,住宅小区
公园家2期,114.39887,30.62454,随州街与工业三路交叉口西南180米,住宅小区,,120302,商务住宅,住宅区,住宅小区
冶金街26街社区,114.396599,30.630242,工业二路与冶金大道交叉口东南80米,住宅小区,,120302,商务住宅,住宅区,住宅小区
通达社区108小区,114.398418,30.622303,恩施街,住宅小区,,120302,商务住宅,住宅区,住宅小区
青澳公寓,114.393386,30.632484,冶金一街2号,住宅小区,,120302,商务住宅,住宅区,住宅小区
慧石山山水,114.391286,30.633034,工业一路与冶金一街交叉口西南40米,住宅小区,,120302,商务住宅,住宅区,住宅小区
光明社区南区,114.394313,30.6323,冶金一街2号附16号,住宅小区,,120302,商务住宅,住宅区,住宅小区
天伦107公馆,114.399813,30.624921,工业三路与随州街交汇处西南100米,住宅小区,,120302,商务住宅,住宅区,住宅小区
成功花园,114.395318,30.632337,青山片工业二路成功花园,住宅小区,,120302,商务住宅,住宅区,住宅小区
通达社区北区,114.400003,30.623982,黄州街37号,住宅小区,,120302,商务住宅,住宅区,住宅小区
恒大御府,114.398575,30.629786,工业二路与冶金大道交汇处,住宅小区,,120302,商务住宅,住宅区,住宅小区
静安社区,114.392551,30.633558,红钢城18街,住宅小区,,120302,商务住宅,住宅区,住宅小区
25街坊,114.396893,30.631694,冶金大道,住宅小区,,120302,商务住宅,住宅区,住宅小区
皇冠幸福里(工业三路店),114.400452,30.624861,工业三路42号天伦107公馆C栋1层商网19,住宅小区,,120302|050800,商务住宅,住宅区,住宅小区
凡尔赛花园,114.399124,30.629753,鄂州街与工业三路交叉口西北180米,住宅小区,,120302,商务住宅,住宅区,住宅小区
勘苑社区,114.39692,30.632456,冶金一街与工业二路交叉口东南120米,住宅小区,,120302,商务住宅,住宅区,住宅小区
新安小区,114.401089,30.624388,工业一路12附6号附近,住宅小区,,120302,商务住宅,住宅区,住宅小区
兴达花园,114.395211,30.633599,新沟桥街道28街,住宅小区,,120302,商务住宅,住宅区,住宅小区
康盛大厦,114.396653,30.632931,和平大道1238号25街坊,住宅小区,,120201|120302,商务住宅,楼宇,商务写字楼
新桥社区,114.397867,30.632661,冶金一街与向欣路交叉口南60米,住宅小区,,120302,商务住宅,住宅区,住宅小区
武地滨江国际·融创和平中心,114.391188,30.635229,建设五路与和平大道交叉口北140米,住宅小区,,120302,商务住宅,住宅区,住宅小区
光明社区北区,114.392367,30.635291,和平大道与建设五路交叉口东北180米,住宅小区,,120302,商务住宅,住宅区,住宅小区
青山区31街坊(建设中),114.393969,30.627842,鄂州街6号附16号,住宅小区,,120302,商务住宅,住宅区,住宅小区
武汉楚中置业青山27街坊旧改060号地块(建设中),114.398409,30.628086,青山区鄂州街与工业二路交汇处,住宅小区,,120302,商务住宅,住宅区,住宅小区
中冶置业青山28街坊146号地块(建设中),114.391349,30.634576,青山区和平大道与工业一路交汇处,住宅小区,,120302,商务住宅,住宅区,住宅小区
光明社区,114.392347,30.635348,建设五路7号(武汉青山信访局西),住宅小区,,120302,商务住宅,住宅区,住宅小区
中冶书画名苑,114.393875,30.635075,和平大道辅路与建设六路交叉口西南180米,住宅小区,,120302,商务住宅,住宅区,住宅小区
松阅,114.401023,30.629817,冶金大道18号附1号,住宅小区,,120302,商务住宅,住宅区,住宅小区
青扬·新桥花园西区,114.395524,30.63456,工业二路与市政侧街交叉口西南100米,住宅小区,,120302,商务住宅,住宅区,住宅小区
青扬·新桥花园,114.396251,30.634459,工业二路与市政侧街交叉口南100米,住宅小区,,120302,商务住宅,住宅区,住宅小区
青扬·新桥花园东区,114.396741,30.634305,和平大道与市政侧街交叉口东南150米,住宅小区,,120302,商务住宅,住宅区,住宅小区
雅苑公寓(和平大道),114.393667,30.635736,八大家18街,住宅小区,,120302,商务住宅,住宅区,住宅小区
欣城社区104小区,114.403426,30.624328,随州街26正西方向90米,住宅小区,,120302,商务住宅,住宅区,住宅小区
雅泓苑,114.403223,30.627848,工业四路与怡兴巷交叉口西140米,住宅小区,,120302,商务住宅,住宅区,住宅小区
热电小区西区,114.389654,30.636906,新沟桥倒口湖12,住宅小区,,120302,商务住宅,住宅区,住宅小区
华侨城红坊右岸18街坊,114.393177,30.636697,建设五路以东、建设六路以西、临江大道以南、武九铁路以北区域,住宅小区,,120302,商务住宅,住宅区,住宅小区
华侨城红坊右岸,114.392819,30.636816,建设五路以东、建设六路以西、临江大道以南、武九铁路以北区域,住宅小区,,120302,商务住宅,住宅区,住宅小区
热电小区,114.38905,30.63705,建设五路与红钢二街交叉口西南100米,住宅小区,,120302,商务住宅,住宅区,住宅小区
安欣·幸福里,114.401757,30.631603,冶金大道25号,住宅小区,,120302,商务住宅,住宅区,住宅小区
华侨城红坊右岸17街坊,114.391118,30.637397,建设五路以东、建设六路以西、临江大道以南、武九铁路以北区域,住宅小区,,120302,商务住宅,住宅区,住宅小区
24街坊,114.397564,30.635616,市政侧街3号附3号,住宅小区,,120302,商务住宅,住宅区,住宅小区
中建五局生活区,114.394725,30.636825,建设六路与和平大道辅路交叉口西北80米,住宅小区,,120302,商务住宅,住宅区,住宅小区
二十四街小区,114.399748,30.634303,市政侧街与市政侧路交叉口东南100米,住宅小区,,120302,商务住宅,住宅区,住宅小区
雅泓苑东区,114.40445,30.62815,工业四路与怡兴巷交叉口西北80米,住宅小区,,120302,商务住宅,住宅区,住宅小区
丽华园邻里食堂(工业四路店),114.405375,30.623625,工业四路与黄州街交叉口东北40米,住宅小区,,120302,商务住宅,住宅区,住宅小区
丹青苑小区A区,114.405504,30.624909,随州街30号,住宅小区,,120302,商务住宅,住宅区,住宅小区
工业四路小区,114.405327,30.62717,鄂州街26号(旧鄂州街18号),住宅小区,,120302,商务住宅,住宅区,住宅小区
丹青苑小区,114.405724,30.625432,随州街与工业四路交叉口东60米,住宅小区,,120302,商务住宅,住宅区,住宅小区
丹青苑小区B区,114.405845,30.625767,随州街9号附15号,住宅小区,,120302,商务住宅,住宅区,住宅小区
楠姆社区南区,114.406686,30.624517,随州街34号,住宅小区,,120302,商务住宅,住宅区,住宅小区
楠姆社区,114.407006,30.62526,随州街与工业四路交叉口东180米,住宅小区,,120302,商务住宅,住宅区,住宅小区
二航大院,114.407025,30.625275,随州街与工业四路交叉口东180米,住宅小区,,120302,商务住宅,住宅区,住宅小区
青城华庭,114.407673,30.624664,随州街101号,住宅小区,,120302,商务住宅,住宅区,住宅小区
怡兴花园,114.406834,30.626844,工业四路,住宅小区,,120302,商务住宅,住宅区,住宅小区
冶金街怡兴社区,114.405677,30.627798,怡兴巷与工业四路交叉口东60米,住宅小区,,120302,商务住宅,住宅区,住宅小区
绿苑小区,114.408235,30.625758,随州街11号附21号,住宅小区,,120302,商务住宅,住宅区,住宅小区
冶金101小区,114.409025,30.625025,楠山巷与随州街交叉口西南40米,住宅小区,,120302,商务住宅,住宅区,住宅小区
碧苑花园南区,114.407865,30.627809,鄂州街东150米,住宅小区,,120302,商务住宅,住宅区,住宅小区
朗姆社区,114.409375,30.624125,楠山巷与随州街交叉口南140米,住宅小区,,120302,商务住宅,住宅区,住宅小区
碧苑花园,114.407586,30.628379,冶金大道38号,住宅小区,,120302,商务住宅,住宅区,住宅小区
碧苑花园西区,114.406482,30.628974,鄂州街19附4号附近,住宅小区,,120302,商务住宅,住宅区,住宅小区
楠姆社区东区,114.410035,30.624707,友谊大道1387附3号附近,住宅小区,,120302,商务住宅,住宅区,住宅小区
碧苑花园东区,114.409313,30.627288,冶金大道38号,住宅小区,,120302,商务住宅,住宅区,住宅小区
碧苑花园北区,114.407987,30.629766,鄂州街与冶金大道交叉口南80米,住宅小区,,120302,商务住宅,住宅区,住宅小区
冶金街楠姆社区,114.410036,30.628831,北洋桥路与冶金大道交叉口南120米,住宅小区,,120302,商务住宅,住宅区,住宅小区
青馨居A区,114.413576,30.626038,随州街与建设十路交叉口东北120米,住宅小区,,120302,商务住宅,住宅区,住宅小区
青馨居,114.413886,30.625133,杨春湖路,住宅小区,,120302,商务住宅,住宅区,住宅小区
科苑社区,114.402084,30.634116,数码广场附近,住宅小区,,120302,商务住宅,住宅区,住宅小区
市政小区南区,114.402518,30.634708,沿港路与市政侧路交叉口西南100米,住宅小区,,120302,商务住宅,住宅区,住宅小区
市政小区,114.40182,30.635527,市政侧路23号,住宅小区,,120302,商务住宅,住宅区,住宅小区
市政小区北区,114.401821,30.635532,市政侧路63号,住宅小区,,120302,商务住宅,住宅区,住宅小区
红钢城十九街坊,114.40213,30.63657,和平大道1540号(红钢城地铁站A口步行240米),住宅小区,,120302,商务住宅,住宅区,住宅小区
楠姆庙还建楼,114.418675,30.629725,,住宅小区,,120302,商务住宅,住宅区,住宅小区
铁路家属区,114.418717,30.629954,,住宅小区,,120302,商务住宅,住宅区,住宅小区
红钢城车站街,114.398317,30.636472,悦宾巷与和平大道辅路交叉口东南100米,住宅小区,,120302,商务住宅,住宅区,住宅小区
蔚景云,114.431075,30.624675,冶金大道与松柏路交叉口东220米,住宅小区,,120302,商务住宅,住宅区,住宅小区
厂前村还建小区,114.432019,30.619435,冶金大道与华荣路交叉口南300米,住宅小区,,120302,商务住宅,住宅区,住宅小区
青雅居,114.420634,30.636792,宜居路与星雅路交叉口南380米,住宅小区,,120302,商务住宅,住宅区,住宅小区
杨春湖景苑2期东区,114.433039,30.617599,和平街道杨春湖社区(武钢地铁站A1口步行460米),住宅小区,,120302,商务住宅,住宅区,住宅小区
一邦澜廷,114.176843,30.639419,万达北路与环湖路辅路交叉口西160米,住宅小区,,120302,商务住宅,住宅区,住宅小区
融创观澜壹号东区,114.17419,30.642661,新桥四路15号,住宅小区,,120302,商务住宅,住宅区,住宅小区
长源假日港湾南A区,114.170325,30.641525,新桥二路与海口五路交叉口西北320米,住宅小区,,120302,商务住宅,住宅区,住宅小区
长源·假日港湾,114.168724,30.643723,新桥四路,住宅小区,,120302,商务住宅,住宅区,住宅小区
长源·假日港湾东区,114.168511,30.644012,新桥四路与海口三路交叉口东北300米,住宅小区,,120302,商务住宅,住宅区,住宅小区
长源假日港湾北区,114.166925,30.644975,新桥五路与柏景湾路交叉口南320米,住宅小区,,120302,商务住宅,住宅区,住宅小区
联发向湖(建设中),114.17596,30.641278,环湖路5号,住宅小区,,120302,商务住宅,住宅区,住宅小区
天辰商寓2期,114.196125,30.646925,金银湖北街与金银湖侧路交叉口东北120米,住宅小区,,120302,商务住宅,住宅区,住宅小区
碧海花园海云苑,114.195384,30.647453,金银湖侧路与环湖西路交叉口南80米,住宅小区,,120302,商务住宅,住宅区,住宅小区
金珠港湾2期,114.192875,30.647749,环湖西路8号,住宅小区,,120302,商务住宅,住宅区,住宅小区
碧海社区,114.199403,30.648044,金银湖北街与金银湖中路交叉口东北160米,住宅小区,,120302,商务住宅,住宅区,住宅小区
东西湖天辰公寓,114.200286,30.648429,金银湖北街3号附9号,住宅小区,,120302|100000,商务住宅,住宅区,住宅小区
鼎盛豪宅,114.206357,30.639886,金山大道与金银湖路交叉口东北140米,住宅小区,,120302,商务住宅,住宅区,住宅小区
碧海花园海风苑,114.193028,30.649698,环湖西路与金银湖侧路交叉口东120米,住宅小区,,120302,商务住宅,住宅区,住宅小区
万科银桥,114.206574,30.638649,金银湖南一街与金银湖东一路交叉口北120米,住宅小区,,120302,商务住宅,住宅区,住宅小区
碧海花园,114.196185,30.650309,金银湖北街,住宅小区,,120302,商务住宅,住宅区,住宅小区
银湖荟,114.207174,30.639953,欧亚写字楼1-104-105,住宅小区,,120302,商务住宅,住宅区,住宅小区
碧海花园3期,114.191181,30.651593,金银湖绿道与金银湖侧路交叉口东北200米,住宅小区,,120302,商务住宅,住宅区,住宅小区
金汇阁,114.210124,30.64314,万科高尔夫城市花园,住宅小区,,120302,商务住宅,住宅区,住宅小区
万科高尔夫城市花园2期,114.212129,30.640917,金山大道特8号,住宅小区,,120302,商务住宅,住宅区,住宅小区
金海阁,114.210975,30.642075,,住宅小区,,120302,商务住宅,住宅区,住宅小区
万科高尔夫城市花园,114.212499,30.643782,金山大道187号,住宅小区,,120302,商务住宅,住宅区,住宅小区
万科高尔夫城市花园5期,114.212575,30.645075,环湖西路与联通路交叉口南500米,住宅小区,,120302,商务住宅,住宅区,住宅小区
万科高尔夫城市花园4期,114.212233,30.64543,汉口金山大道特8号,住宅小区,,120302,商务住宅,住宅区,住宅小区
中交·泓园,114.216278,30.637426,金南二路25号,住宅小区,,120302,商务住宅,住宅区,住宅小区
万科高尔夫熙岸,114.212269,30.651584,环湖路81西南方向160米,住宅小区,,120302,商务住宅,住宅区,住宅小区
银湖9号,114.220085,30.649374,马池路,住宅小区,,120302,商务住宅,住宅区,住宅小区
常青花园九村北村,114.231892,30.639384,香樟二路15号(轻工大学地铁站A口步行180米),住宅小区,,120302,商务住宅,住宅区,住宅小区
常青花园九村南村,114.231705,30.638486,香樟二路13号(轻工大学地铁站A口步行260米),住宅小区,,120302,商务住宅,住宅区,住宅小区
常青花园九村,114.232093,30.638463,香樟二路15号(轻工大学地铁站A口步行380米),住宅小区,,120302,商务住宅,住宅区,住宅小区
常青花园十一村,114.232255,30.64083,香樟三路1号(常青北路与常青花园中路交汇处),住宅小区,,120302,商务住宅,住宅区,住宅小区
常青花园七村北村,114.231989,30.637358,S18机场高速出口与金山大道交叉口东北140米,住宅小区,,120302,商务住宅,住宅区,住宅小区
常青花园十二村,114.232296,30.642115,香樟三路15号(轻工大学地铁站D口步行310米),住宅小区,,120302,商务住宅,住宅区,住宅小区
常青花园十四村,114.232555,30.643302,香樟三路27号(轻工大学地铁站D口步行450米),住宅小区,,120302,商务住宅,住宅区,住宅小区
常青花园十村,114.233423,30.638301,香樟二路10号(轻工大学地铁站A口步行250米),住宅小区,,120302,商务住宅,住宅区,住宅小区
常青花园十三村,114.234165,30.641418,香樟三路二街6附3(轻工大学地铁站D口步行270米),住宅小区,,120302,商务住宅,住宅区,住宅小区
常青花园十六村,114.232801,30.644564,香樟三路29号,住宅小区,,120302,商务住宅,住宅区,住宅小区
常青花园十五村,114.234802,30.642975,香樟三路二街3号(常青花园十三村北门对面),住宅小区,,120302,商务住宅,住宅区,住宅小区
常青花园十七村,114.234213,30.644347,香樟三路52号,住宅小区,,120302,商务住宅,住宅区,住宅小区
常青花园二十三村,114.235937,30.640953,学府北路一街与康居三路一巷交叉口西120米,住宅小区,,120302,商务住宅,住宅区,住宅小区
常青花园十八村,114.23546,30.644209,香樟三路三街9号,住宅小区,,120302,商务住宅,住宅区,住宅小区
沿海丽水佳园三期,114.22647,30.650267,马池路特1号,住宅小区,,120302,商务住宅,住宅区,住宅小区
沿海丽水佳园四期,114.22648,30.650267,马池路特1号(马池地铁站B口步行210米),住宅小区,,120302,商务住宅,住宅区,住宅小区
沿海丽水佳园二期,114.226459,30.650272,环湖中路与马池路辅路交叉口东100米,住宅小区,,120302,商务住宅,住宅区,住宅小区
常青花园二十五村,114.237057,30.643254,常青花园25村,住宅小区,,120302,商务住宅,住宅区,住宅小区
常青花园二十四村,114.237833,30.640801,康居三路一巷1(轻工大学地铁站C口步行410米),住宅小区,,120302,商务住宅,住宅区,住宅小区
常青花园四小区,114.235754,30.6469,学府北路65号,住宅小区,,120302,商务住宅,住宅区,住宅小区
常青花园二十六村,114.238304,30.642271,康居三路1巷1(机场路旁),住宅小区,,120302,商务住宅,住宅区,住宅小区
沿海丽水佳园一二期,114.226499,30.652004,马池路特1号(马池地铁站B口步行380米),住宅小区,,120302,商务住宅,住宅区,住宅小区
常青花园8号小区,114.239125,30.639375,常青花园中路与公园环路交叉口东80米,住宅小区,,120302,商务住宅,住宅区,住宅小区
炒(常青花园店),114.239625,30.639725,常青花园中路与公园环路交叉口东北140米,住宅小区,,120302,商务住宅,住宅区,住宅小区
沿海丽水佳园,114.227622,30.652455,马池中路1附96号附近(马池地铁站B口步行150米),住宅小区,,120302,商务住宅,住宅区,住宅小区
常青花园金苑,114.238949,30.644211,公园环路125号,住宅小区,,120302,商务住宅,住宅区,住宅小区
楚苑佳境,114.239881,30.640606,常青花园中路9号(常青花园地铁站A2口步行350米),住宅小区,,120302,商务住宅,住宅区,住宅小区
都市假日,114.230476,30.651992,金银湖马池路特1号,住宅小区,,120302,商务住宅,住宅区,住宅小区
新世界·常青二分之一中心,114.240106,30.638755,常青花园(常青花园地铁站B1口步行240米),住宅小区,,120302,商务住宅,住宅区,住宅小区
常青花园9村,114.240375,30.641875,公园环路与康居三路交叉口东南120米,住宅小区,,120302,商务住宅,住宅区,住宅小区
常青花园十四区,114.243255,30.638239,公园南路3号(常青花园地铁站B1口步行290米),住宅小区,,120302,商务住宅,住宅区,住宅小区
常青花园十二小区,114.241866,30.645401,公园环路与康居五路交叉口,住宅小区,,120302,商务住宅,住宅区,住宅小区
武汉轻工大学常青校区常青公寓,114.246569,30.640558,公园南路8号(常青花园地铁站D口步行190米),住宅小区,,120302,商务住宅,住宅区,住宅小区
常青花园十一小区,114.244961,30.644429,张公堤外常青花园地铁口旁,住宅小区,,120302,商务住宅,住宅区,住宅小区
长青壹号北区,114.246725,30.643452,中环东路与常青花园中路交叉口西140米,住宅小区,,120302,商务住宅,住宅区,住宅小区
长青壹号,114.247214,30.642626,常青花园中路与中环东路交叉口西南100米,住宅小区,,120302,商务住宅,住宅区,住宅小区
长青壹号南区,114.24778,30.641753,常青花园中路与中环东路交叉口西南140米,住宅小区,,120302,商务住宅,住宅区,住宅小区
常青花园,114.241792,30.64689,学府北路与金银潭小路交叉口西100米,住宅小区,,120302,商务住宅,住宅区,住宅小区
常青花园十小区东区西区,114.248192,30.638769,公园南路与明德东路交叉口北220米,住宅小区,,120302,商务住宅,住宅区,住宅小区
常青花园十小区,114.249083,30.63891,公园南路6号,住宅小区,,120302,商务住宅,住宅区,住宅小区
常青花园五小区,114.24113,30.648193,学府北路111号(学府北路与康居四路交汇处),住宅小区,,120302,商务住宅,住宅区,住宅小区
汽车换电站(奥动换电常青花园),114.243887,30.648312,康居五路9号(金银潭地铁站B2口步行270米),住宅小区,,120302|011101,商务住宅,住宅区,住宅小区
当代春风十里小区,114.249519,30.644802,常青花园中路与中环东路交叉口东北220米,住宅小区,,120302,商务住宅,住宅区,住宅小区
常青花园十小区东区,114.251321,30.639321,学府东路2号,住宅小区,,120302,商务住宅,住宅区,住宅小区
常青花园六小区,114.247854,30.647118,学府北路239号,住宅小区,,120302,商务住宅,住宅区,住宅小区
克拉公馆5期,114.243214,30.64985,金银潭大道与康居五路交叉口南80米,住宅小区,,120302,商务住宅,住宅区,住宅小区
常青花园恒大御景,114.246001,30.649737,姑李路与康居六路交叉口西260米,住宅小区,,120302,商务住宅,住宅区,住宅小区
愿景时代,114.25307,30.64067,公园南路6东北方向150米,住宅小区,,120302,商务住宅,住宅区,住宅小区
美联·奥林匹克花园六期,114.238189,30.651626,奥园东路3号,住宅小区,,120302,商务住宅,住宅区,住宅小区
将军路商业公司住宅院,114.251378,30.647668,将军路3附7号附近,住宅小区,,120302,商务住宅,住宅区,住宅小区
荣昌花园,114.249732,30.649246,姑李路将军花园门口荣昌花园4栋2号门面,住宅小区,,120302,商务住宅,住宅区,住宅小区
商业公司住宅院-干部楼,114.251467,30.64767,将军路与姑李路交叉口东北80米,住宅小区,,120302,商务住宅,住宅区,住宅小区
福园,114.252428,30.646878,姑李路152号,住宅小区,,120302,商务住宅,住宅区,住宅小区
美联·奥公馆,114.240696,30.652718,奥园东路6号,住宅小区,,120302,商务住宅,住宅区,住宅小区
巴西奥运村,114.239325,30.652725,奥园中路与奥园东路交叉口西20米,住宅小区,,120302,商务住宅,住宅区,住宅小区
伊甸园,114.249116,30.650149,姑李路208号,住宅小区,,120302,商务住宅,住宅区,住宅小区
新城俊园,114.253099,30.646295,东西湖将军路街姑李路公交站点,住宅小区,,120302,商务住宅,住宅区,住宅小区
美联·奥林匹克花园一期,114.23513,30.65247,将军路街道美联·奥林匹克花园康居四路2号东南附近,住宅小区,,120302,商务住宅,住宅区,住宅小区
将军花园2期,114.250279,30.649863,康居六路与姑李路交叉口东120米,住宅小区,,120302,商务住宅,住宅区,住宅小区
美联·奥林匹克花园,114.236551,30.652926,常青花园公交总站西路2号,住宅小区,,120302,商务住宅,住宅区,住宅小区
华星·晨龙城A区,114.253998,30.645725,银杏街105号,住宅小区,,120302,商务住宅,住宅区,住宅小区
华星融城,114.254966,30.643584,姑李路88号,住宅小区,,120302,商务住宅,住宅区,住宅小区
美联·奥林匹克花园二期,114.237772,30.653242,奥园东路,住宅小区,,120302,商务住宅,住宅区,住宅小区
华星·晨龙城龙枫苑,114.256484,30.643959,将军一路7号,住宅小区,,120302,商务住宅,住宅区,住宅小区
华星·晨龙城,114.254924,30.64436,新华下路姑李路88号,住宅小区,,120302,商务住宅,住宅区,住宅小区
华星·晨龙城龙樱苑,114.255259,30.645104,银杏街与将军一路交叉口西南140米,住宅小区,,120302,商务住宅,住宅区,住宅小区
融创融公馆二期,114.261065,30.639864,青松路259号,住宅小区,,120302,商务住宅,住宅区,住宅小区
新龙和苑,114.260621,30.637991,机电路39(杨汊湖地铁站B口步行150米),住宅小区,,120302,商务住宅,住宅区,住宅小区
翠林雅居,114.257622,30.645254,将军一路8号,住宅小区,,120302,商务住宅,住宅区,住宅小区
融创融公馆,114.262157,30.639434,青松路259号(杨汊湖地铁站A2口步行490米),住宅小区,,120302,商务住宅,住宅区,住宅小区
绿城留香园,114.262126,30.638646,青松路与夏鹃街交汇处(杨汊湖地铁站B口步行260米),住宅小区,,120302,商务住宅,住宅区,住宅小区
晨龙城龙竹宛,114.256375,30.646325,银杏街与将军一路交叉口东20米,住宅小区,,120302,商务住宅,住宅区,住宅小区
跃进郭湖墩家园,114.262375,30.638625,夏鹃街与青松路交叉口西120米,住宅小区,,120302,商务住宅,住宅区,住宅小区
星悦城六期,114.262946,30.641037,青松路与春兰街交汇处,住宅小区,,120302,商务住宅,住宅区,住宅小区
星悦城·玺樾,114.263025,30.640925,春兰街与振跃路交叉口南140米,住宅小区,,120302,商务住宅,住宅区,住宅小区
九禾邻里,114.255875,30.647075,将军一路与银杏街交叉口北100米,住宅小区,,120302,商务住宅,住宅区,住宅小区
龙竹苑,114.254691,30.647271,将军一路,住宅小区,,120302,商务住宅,住宅区,住宅小区
城开·汉口秀园,114.263038,30.637162,和谐大道7号(杨汊湖地铁站A2口步行110米),住宅小区,,120302,商务住宅,住宅区,住宅小区
翠林居,114.256878,30.6474,将军一路38号,住宅小区,,120302,商务住宅,住宅区,住宅小区
将军公寓,114.254292,30.648312,将军路146号附2号,住宅小区,,120302,商务住宅,住宅区,住宅小区
融创融公馆一期,114.264763,30.638408,青松路与夏鹃街交叉口东120米,住宅小区,,120302,商务住宅,住宅区,住宅小区
萌家乐养生馆,114.264918,30.641755,塔子湖街道星悦城四期门面萌家乐养生馆,住宅小区,,120302,商务住宅,住宅区,住宅小区
将花社区,114.253399,30.648653,将军路55号,住宅小区,,120302,商务住宅,住宅区,住宅小区
将军家苑,114.256141,30.648784,将军路198号,住宅小区,,120302,商务住宅,住宅区,住宅小区
将军家苑A区,114.255625,30.649125,将军路与将军一路交叉口东100米,住宅小区,,120302,商务住宅,住宅区,住宅小区
星悦城三期,114.265769,30.641025,翠柏路177号2号楼,住宅小区,,120302,商务住宅,住宅区,住宅小区
跃进家园B区,114.264728,30.644318,春兰街97号,住宅小区,,120302,商务住宅,住宅区,住宅小区
鹏海家园,114.252511,30.649234,将军路银花街46号,住宅小区,,120302,商务住宅,住宅区,住宅小区
梅花池社区,114.255469,30.64984,将军路97号将军路文化广场,住宅小区,,120302,商务住宅,住宅区,住宅小区
融泰·嘉境,114.253561,30.649819,银花街48号,住宅小区,,120302,商务住宅,住宅区,住宅小区
星悦城二期,114.267073,30.639466,罗家嘴路7附近,住宅小区,,120302,商务住宅,住宅区,住宅小区
将军花园A区,114.250852,30.649799,姑李路196号,住宅小区,,120302,商务住宅,住宅区,住宅小区
星悦城,114.267255,30.640207,塔子湖西路1号,住宅小区,,120302,商务住宅,住宅区,住宅小区
跃进家园,114.266477,30.644451,杨汊湖姑嫂树菜场,住宅小区,,120302,商务住宅,住宅区,住宅小区
将军花园B区,114.252473,30.65072,将军一路与银花街交叉口西南80米,住宅小区,,120302,商务住宅,住宅区,住宅小区
将军花园,114.251364,30.650658,姑李路179号,住宅小区,,120302,商务住宅,住宅区,住宅小区
养殖西村,114.256847,30.651068,将军二路与将军路交叉口西北140米,住宅小区,,120302,商务住宅,住宅区,住宅小区
跃进家园A区,114.26734,30.643908,罗家嘴路18号,住宅小区,,120302,商务住宅,住宅区,住宅小区
将军花园D区,114.250719,30.650939,将军一路与银花街交叉口西220米,住宅小区,,120302,商务住宅,住宅区,住宅小区
将军新村一期,114.254855,30.651753,银花街与将军一路交叉口东180米,住宅小区,,120302,商务住宅,住宅区,住宅小区
跃进家园C区,114.267092,30.645535,春兰街与翠柏路交叉口东北320米,住宅小区,,120302,商务住宅,住宅区,住宅小区
将军花园C区,114.251748,30.651513,将军一路与银花街交叉口西100米,住宅小区,,120302,商务住宅,住宅区,住宅小区
富士·君安花园北区,114.269625,30.640055,和谐大道与翠柏路交叉口东北140米,住宅小区,,120302,商务住宅,住宅区,住宅小区
将军新村二期,114.253341,30.652538,将军新村路与将军一路交叉口东120米,住宅小区,,120302,商务住宅,住宅区,住宅小区
振跃尚府,114.269892,30.642226,和谐大道与塔子湖西路交叉口西北240米,住宅小区,,120302,商务住宅,住宅区,住宅小区
青青佳园,114.25072,30.652486,将军一路与金银潭大道交汇处,住宅小区,,120302,商务住宅,住宅区,住宅小区
何湾,114.270432,30.640833,夏鹃街726路,住宅小区,,120302,商务住宅,住宅区,住宅小区
富士·君安花园,114.270602,30.639543,井南大道与塔子湖西路交汇处(星悦城旁),住宅小区,,120302,商务住宅,住宅区,住宅小区
富士·君安花园南区,114.271017,30.639319,塔子湖街办事处罗家嘴路,住宅小区,,120302,商务住宅,住宅区,住宅小区
跃进家园D区,114.273428,30.639181,秋桂街与塔子湖西路交叉口北100米,住宅小区,,120302,商务住宅,住宅区,住宅小区
清芷园,114.274399,30.64049,连湖路65号,住宅小区,,120302,商务住宅,住宅区,住宅小区
塔子湖·锦绣家园·雅菊苑,114.274198,30.64171,连湖路69号,住宅小区,,120302,商务住宅,住宅区,住宅小区
塔子湖·锦绣家园馨竹苑,114.275206,30.639803,秋桂街与连湖路交叉口西60米,住宅小区,,120302,商务住宅,住宅区,住宅小区
塔子湖社区,114.274975,30.641975,连湖路与和谐大道交叉口东南80米,住宅小区,,120302,商务住宅,住宅区,住宅小区
梦湖香郡梦涟轩,114.273563,30.643696,碧波街与梦湖路交叉口东北60米,住宅小区,,120302,商务住宅,住宅区,住宅小区
富强·天合熙园,114.275707,30.638564,连湖路与秋桂街交叉口南140米,住宅小区,,120302,商务住宅,住宅区,住宅小区
塔子湖·锦绣家园咏梅苑,114.270855,30.645284,梦湖路8号,住宅小区,,120302,商务住宅,住宅区,住宅小区
融创公园壹号,114.276876,30.639815,塔子湖东路余家墩(中一路地铁站F口步行490米),住宅小区,,120302,商务住宅,住宅区,住宅小区
塔子湖·锦绣家园幽兰苑,114.276687,30.641587,华盛路1号,住宅小区,,120302,商务住宅,住宅区,住宅小区
融创公园壹号一期,114.276945,30.639387,连湖路56号(中一路地铁站F口步行470米),住宅小区,,120302,商务住宅,住宅区,住宅小区
塔子湖·锦绣家园,114.276855,30.641177,望湖路与秋桂街交叉口西140米,住宅小区,,120302,商务住宅,住宅区,住宅小区
融创澜岸,114.275516,30.644453,和谐大道393号,住宅小区,,120302,商务住宅,住宅区,住宅小区
尚都一品西区,114.27794,30.639864,望湖路与秋桂街交叉口南120米,住宅小区,,120302,商务住宅,住宅区,住宅小区
湖北省武汉市江岸区塔子湖村城中村改造还建用地H3地块,114.276975,30.643725,望湖路与和谐大道交叉口南60米,住宅小区,,120302,商务住宅,住宅区,住宅小区
尚都一品,114.278663,30.640153,后湖大道体育西路(塔子湖体育中心旁),住宅小区,,120302,商务住宅,住宅区,住宅小区
奥林紫园,114.278583,30.641899,塔子湖东路与井南一路交汇处,住宅小区,,120302,商务住宅,住宅区,住宅小区
尚都一品东区,114.279225,30.64036,望湖路8(中一路地铁站E口步行260米),住宅小区,,120302,商务住宅,住宅区,住宅小区
融创公园壹号二期,114.27884,30.643433,塔子湖东路(中一路地铁站F口步行170米),住宅小区,,120302,商务住宅,住宅区,住宅小区
富强·天合园,114.279709,30.642443,后湖街办事处后湖大道(中一路地铁站F口旁),住宅小区,,120302,商务住宅,住宅区,住宅小区
尚湖熙园,114.278141,30.646245,江岸塔子湖东路,住宅小区,,120302,商务住宅,住宅区,住宅小区
中铁十一局工人生活区,114.281025,30.639025,塔子湖东路与后湖大道交叉口西北60米,住宅小区,,120303|120302,商务住宅,住宅区,
融创公园大观,114.282808,30.645139,和谐大道590号,住宅小区,,120302,商务住宅,住宅区,住宅小区
越秀星汇君泊一二期,114.281713,30.648388,塔子湖东路18号(塔子湖地铁站C口步行320米),住宅小区,,120302,商务住宅,住宅区,住宅小区
佳海茗苑南区,114.288918,30.638855,金桥大道30号,住宅小区,,120302,商务住宅,住宅区,住宅小区
佳海茗苑,114.290142,30.640803,金桥大道辅路与后湖二路交叉口东180米,住宅小区,,120302,商务住宅,住宅区,住宅小区
后湖生态花园二期,114.290504,30.639991,后湖南路与后湖二路交叉口北100米,住宅小区,,120302,商务住宅,住宅区,住宅小区
佳海茗苑北区,114.29081,30.640683,后湖二路198号,住宅小区,,120302,商务住宅,住宅区,住宅小区
嘉锦苑,114.29069,30.641814,后湖街办事处后湖大道,住宅小区,,120302,商务住宅,住宅区,住宅小区
后湖生态花园,114.291332,30.639311,金桥大道30号,住宅小区,,120302,商务住宅,住宅区,住宅小区
后湖生态花园一期,114.291831,30.638934,后湖二路68号,住宅小区,,120302,商务住宅,住宅区,住宅小区
塔子湖球员公寓,114.286442,30.646493,塔子湖街街道后湖大道99号,住宅小区,,120302|120303,商务住宅,住宅区,住宅小区
瑞景天成,114.292568,30.637549,后湖二路2号,住宅小区,,120302,商务住宅,住宅区,住宅小区
世纪家园,114.293021,30.642428,后湖大道150号,住宅小区,,120302,商务住宅,住宅区,住宅小区
世纪家园2期,114.293625,30.642325,后湖四路与后湖南路交叉口西北140米,住宅小区,,120302,商务住宅,住宅区,住宅小区
香山花园,114.296017,30.641105,后湖幸福大道二七村旁,住宅小区,,120302,商务住宅,住宅区,住宅小区
长投·海德公园,114.284682,30.649719,华盛路66号,住宅小区,,120302,商务住宅,住宅区,住宅小区
越秀星汇君泊,114.281782,30.649336,塔子湖东路18号,住宅小区,,120302,商务住宅,住宅区,住宅小区
楚邦汉界,114.296505,30.63943,兴业路163号(后湖四路),住宅小区,,120302,商务住宅,住宅区,住宅小区
百胜春天,114.294605,30.647061,金桥大道辅路与新春路交叉口东南180米,住宅小区,,120302,商务住宅,住宅区,住宅小区
消防人家,114.295725,30.646689,后湖街街道后湖大道103号,住宅小区,,120302,商务住宅,住宅区,住宅小区
东方花都F区,114.298219,30.641272,后湖五路215号,住宅小区,,120302,商务住宅,住宅区,住宅小区
越秀星汇君泊-北区,114.281527,30.651173,健康街与塔子湖东路交叉口东南120米,住宅小区,,120302,商务住宅,住宅区,住宅小区
越秀·星汇君泊三期西区,114.280879,30.651021,塔子湖东路与健康街交叉口东南100米,住宅小区,,120302,商务住宅,住宅区,住宅小区
汇悦天地三期,114.291103,30.650586,和谐大道596号,住宅小区,,120302,商务住宅,住宅区,住宅小区
越秀·星汇君泊三期东区,114.282102,30.651756,健康街与塔子湖东路交叉口东140米,住宅小区,,120302,商务住宅,住宅区,住宅小区
余华岭社区,114.294223,30.649039,金桥大道辅路与新春路交叉口东北140米,住宅小区,,120302,商务住宅,住宅区,住宅小区
幸福人家北苑,114.297493,30.645539,后湖大道154号,住宅小区,,120302,商务住宅,住宅区,住宅小区
嗡蜜佳园(后湖南路店)(装修中),114.292337,30.640136,后湖南路3附12号与后湖三路交叉口,住宅小区,,120302,商务住宅,住宅区,住宅小区
HUIYUETIANDI,114.290565,30.651119,和谐大道与华岭路交叉口东140米,住宅小区,,120302,商务住宅,住宅区,住宅小区
百步亭·金桥汇1期,114.293004,30.650543,金桥大道81号,住宅小区,,120302,商务住宅,住宅区,住宅小区
百步亭.和谐里,114.289205,30.652101,和谐大道华岭路交汇处(东北角),住宅小区,,120302,商务住宅,住宅区,住宅小区
农房上海公馆1期,114.28323,30.652542,华盛路与健康街交叉口东南80米,住宅小区,,120302,商务住宅,住宅区,住宅小区
乐活馨居,114.288097,30.652732,健美街与华岭路交叉口东40米,住宅小区,,120302,商务住宅,住宅区,住宅小区
光明上海公馆,114.28513,30.653027,塔子湖东路华盛路98号(塔子湖地铁站D口步行490米),住宅小区,,120302,商务住宅,住宅区,住宅小区
同鑫花园景福苑,114.299048,30.645514,后湖大道156号,住宅小区,,120302,商务住宅,住宅区,住宅小区
东方明珠3期,114.300513,30.638756,后湖五路与兴业南路交叉口西北120米,住宅小区,,120302,商务住宅,住宅区,住宅小区
盛世东方,114.302406,30.640265,兴业路(兴业路地铁站J口步行290米),住宅小区,,120302,商务住宅,住宅区,住宅小区
天伦·二七嘉园我的寓所,114.303909,30.639993,兴业南路9号(兴业路地铁站J口步行170米),住宅小区,,120302,商务住宅,住宅区,住宅小区
丹水嘉园,114.304015,30.639517,兴业南路与建设大道交叉口西南80米,住宅小区,,120302,商务住宅,住宅区,住宅小区
鼎盛华城,114.301179,30.643355,兴业路167号,住宅小区,,120302,商务住宅,住宅区,住宅小区
鼎盛璟城,114.302095,30.643952,后湖乡淌湖村,住宅小区,,120302,商务住宅,住宅区,住宅小区
雷苑小区2期,114.305875,30.638675,建设大道与安居西路交叉口东南160米,住宅小区,,120302,商务住宅,住宅区,住宅小区
雷苑小区,114.306026,30.639142,新江岸五村175号(兴业路地铁站A口旁),住宅小区,,120302,商务住宅,住宅区,住宅小区
银泰·御华园2期,114.307872,30.639856,安居西路(兴业路地铁站B口步行400米),住宅小区,,120302,商务住宅,住宅区,住宅小区
同鑫花园,114.300876,30.646793,后湖大道158号(同安花园对面),住宅小区,,120302,商务住宅,住宅区,住宅小区
银泰·御华园3期,114.30785,30.64221,安居西路(兴业路地铁站B口步行320米),住宅小区,,120302,商务住宅,住宅区,住宅小区
海赋江城·天韵,114.305479,30.645442,怡和西路,住宅小区,,120302,商务住宅,住宅区,住宅小区
银泰·御华园,114.308535,30.639959,怡和南路商网1-2号,住宅小区,,120302,商务住宅,住宅区,住宅小区
海赋江城·天韵C区,114.306787,30.645292,淌湖三路与怡和西路交叉口东140米,住宅小区,,120302,商务住宅,住宅区,住宅小区
银泰御华里C区,114.308875,30.642675,怡和路与安居西路交叉口西北140米,住宅小区,,120302,商务住宅,住宅区,住宅小区
海赋江城·天韵B区,114.305832,30.646567,兴业路169号,住宅小区,,120302,商务住宅,住宅区,住宅小区
银泰·御华园1期,114.30954,30.638898,建设新村路853号,住宅小区,,120302,商务住宅,住宅区,住宅小区
同安家园1期,114.298212,30.648266,后湖大道与后湖五路交叉口北140米,住宅小区,,120302,商务住宅,住宅区,住宅小区
惠康居,114.306922,30.646995,怡和路与淌湖三路交叉口西北80米,住宅小区,,120302,商务住宅,住宅区,住宅小区
兴业国际,114.308947,30.645748,兴业路171号,住宅小区,,120302,商务住宅,住宅区,住宅小区
怡和苑北区,114.310553,30.643584,安居西路118号,住宅小区,,120302,商务住宅,住宅区,住宅小区
同安家园3期,114.302131,30.649609,后湖大道105号(后湖大道地铁站D口步行240米),住宅小区,,120302,商务住宅,住宅区,住宅小区
怡和苑南区,114.311407,30.640502,怡和路18号,住宅小区,,120302,商务住宅,住宅区,住宅小区
同安家园5期,114.30249,30.64969,后湖大道105附217正西方向10米,住宅小区,,120302,商务住宅,住宅区,住宅小区
同安家园,114.300663,30.650494,后湖大道105号(后湖大道地铁站C1口步行80米),住宅小区,,120302,商务住宅,住宅区,住宅小区
同安家园2期,114.298918,30.650706,后湖街办事处,住宅小区,,120302,商务住宅,住宅区,住宅小区
海赋江城,114.310116,30.646599,建设大道延长线与兴业路交汇处海赋江城·天韵附近,住宅小区,,120302,商务住宅,住宅区,住宅小区
宏宇绿色新都3期,114.295475,30.650325,金桥大道辅路与新春路交叉口东北320米,住宅小区,,120302,商务住宅,住宅区,住宅小区
同安家园4期,114.302075,30.651648,建设大道1683正北方向50米,住宅小区,,120302,商务住宅,住宅区,住宅小区
二七星城,114.307289,30.650024,怡和路与后湖大道交叉口东南140米,住宅小区,,120302,商务住宅,住宅区,住宅小区
宏宇绿色新都,114.295539,30.651436,金桥大道38号,住宅小区,,120302,商务住宅,住宅区,住宅小区
绿色新都1期,114.296125,30.651875,金桥大道辅路与和谐大道交叉口东南220米,住宅小区,,120302,商务住宅,住宅区,住宅小区
和成天下,114.314475,30.639525,怡康路与建设新村路交叉口北60米,住宅小区,,120302,商务住宅,住宅区,住宅小区
怡康苑,114.313753,30.644014,安居西路85号,住宅小区,,120302,商务住宅,住宅区,住宅小区
怡康苑北区,114.313489,30.644772,百步亭花园路18号,住宅小区,,120302,商务住宅,住宅区,住宅小区
怡康苑南区,114.314332,30.64241,安居西路85号,住宅小区,,120302,商务住宅,住宅区,住宅小区
书香社区,114.303688,30.652401,建设大道与新益街交叉口西南180米,住宅小区,,120302,商务住宅,住宅区,住宅小区
汉悦府·坤璟,114.309064,30.650735,后湖大道与怡康路交汇处,住宅小区,,120302,商务住宅,住宅区,住宅小区
景城,114.297615,30.653131,金桥大道38号,住宅小区,,120302,商务住宅,住宅区,住宅小区
惠民居,114.311634,30.648775,后湖南路与温馨路交叉口,住宅小区,,120302,商务住宅,住宅区,住宅小区
汉口城市广场2期,114.306583,30.652079,后湖大道与怡和路交叉口北140米,住宅小区,,120302,商务住宅,住宅区,住宅小区
汉悦府坤璟西区,114.308995,30.650947,怡康路与后湖大道交叉口南100米,住宅小区,,120302,商务住宅,住宅区,住宅小区
建设新村青年公寓,114.317025,30.639275,建设新村路与温馨路交叉口南140米,住宅小区,,120302,商务住宅,住宅区,住宅小区
百步亭社区,114.315134,30.643795,安居西路与温馨路交叉口西40米,住宅小区,,120302,商务住宅,住宅区,住宅小区
温馨苑D区,114.317737,30.643471,安居西路39号,住宅小区,,120302,商务住宅,住宅区,住宅小区
城开温馨里,114.319475,30.638325,连城中路与连城南路交叉口西300米,住宅小区,,120302,商务住宅,住宅区,住宅小区
温馨苑CD区,114.317762,30.643467,安居西路39号,住宅小区,,120302,商务住宅,住宅区,住宅小区
建设新村,114.319236,30.64236,建设新村路,住宅小区,,120302,商务住宅,住宅区,住宅小区
温馨苑,114.317151,30.644961,安居西路与百步亭花园路交叉口西200米,住宅小区,,120302,商务住宅,住宅区,住宅小区
温馨苑B区,114.316984,30.645199,百步亭花园路18号,住宅小区,,120302,商务住宅,住宅区,住宅小区
连城家园,114.322671,30.640445,连城环路1号,住宅小区,,120302,商务住宅,住宅区,住宅小区
温馨苑A区,114.316483,30.64686,百步亭花园路73号,住宅小区,,120302,商务住宅,住宅区,住宅小区
百步亭花园安居苑D区,114.32101,30.645212,安居路18号,住宅小区,,120302,商务住宅,住宅区,住宅小区
花园路小区,114.322439,30.643597,百步亭花园路与建设新村路交叉口东北80米,住宅小区,,120302,商务住宅,住宅区,住宅小区
长江委长顺园,114.322511,30.644448,百步亭花园路12号,住宅小区,,120302,商务住宅,住宅区,住宅小区
百步亭花园现代城一区,114.324352,30.643112,百步亭花园路8号,住宅小区,,120302,商务住宅,住宅区,住宅小区
武汉城建·电建滨江云城,114.324775,30.637895,连城南路22号,住宅小区,,120302,商务住宅,住宅区,住宅小区
百步亭花园安居苑A区,114.319332,30.647834,安居小路26号,住宅小区,,120302,商务住宅,住宅区,住宅小区
中海万锦江城,114.315386,30.649212,兴业路与百步亭花园路交汇处,住宅小区,,120302,商务住宅,住宅区,住宅小区
百步亭花园安居苑C区,114.322193,30.646889,安居路22号,住宅小区,,120302,商务住宅,住宅区,住宅小区
百步亭花园安居苑,114.320518,30.648241,安居小路26号,住宅小区,,120302,商务住宅,住宅区,住宅小区
百步亭花园现代城二区,114.324546,30.645608,百步亭花园路18号(百步亭花园解放大道入口处),住宅小区,,120302,商务住宅,住宅区,住宅小区
百步亭花园现代城四区,114.326382,30.641921,百步亭花园路,住宅小区,,120302,商务住宅,住宅区,住宅小区
百步亭花园现代城,114.325978,30.643732,百步亭花园路18号,住宅小区,,120302,商务住宅,住宅区,住宅小区
万锦公馆,114.315024,30.650394,后湖南路56号(万锦江城旁),住宅小区,,120302,商务住宅,住宅区,住宅小区
新远大花园,114.327125,30.639126,百步亭花园,住宅小区,,120302,商务住宅,住宅区,住宅小区
百步亭花园安居苑B区,114.321585,30.648831,安居路52号,住宅小区,,120302,商务住宅,住宅区,住宅小区
银湖湾小区B,114.320325,30.649525,安居路与兴业路交叉口东北40米,住宅小区,,120302,商务住宅,住宅区,住宅小区
长投·汉口年华,114.311149,30.650041,后湖南路99号附31(后湖大道地铁站K口步行380米),住宅小区,,120302,商务住宅,住宅区,住宅小区
百合苑,114.318542,30.65046,兴业路177号附18号,住宅小区,,120302,商务住宅,住宅区,住宅小区
银湖湾,114.320445,30.649926,兴业路191号3层301号,住宅小区,,120302,商务住宅,住宅区,住宅小区
百步亭花园现代城三区,114.327249,30.644128,百花一路88号(丹水池地铁站C口步行230米),住宅小区,,120302,商务住宅,住宅区,住宅小区
丹水嘉苑,114.323551,30.648943,百步亭48号,住宅小区,,120302,商务住宅,住宅区,住宅小区
百步华庭,114.314094,30.651844,百步亭花园路201号,住宅小区,,120302,商务住宅,住宅区,住宅小区
宏兴苑,114.321776,30.650487,兴业路181号,住宅小区,,120302,商务住宅,住宅区,住宅小区
花样年花好园,114.310982,30.651519,温馨路与后湖大道交叉口西南160米,住宅小区,,120302,商务住宅,住宅区,住宅小区
汉悦府坤璟东区,114.309544,30.651116,怡康路与后湖大道交叉口东南100米,住宅小区,,120302,商务住宅,住宅区,住宅小区
丹南社区,114.329073,30.639834,解放大道1964号(丹水池地铁站A口步行440米),住宅小区,,120302,商务住宅,住宅区,住宅小区
云栖美域,114.328929,30.642105,丹水池街道百步亭花园里商业街3号楼2楼8号,住宅小区,,120302,商务住宅,住宅区,住宅小区
丹亭懿府,114.326103,30.64757,丹水池街道,住宅小区,,120302,商务住宅,住宅区,住宅小区
长湖地五村,114.329162,30.639181,解放大道,住宅小区,,120302,商务住宅,住宅区,住宅小区
百步亭花园现代城五区,114.328847,30.643366,解放大道辅路与百步亭路交叉口西南160米,住宅小区,,120302,商务住宅,住宅区,住宅小区
百步亭10号居住项目,114.327075,30.647225,百花一路与百步亭路交叉口北180米,住宅小区,,120302,商务住宅,住宅区,住宅小区
武汉城建·万科云泊江岸一期,114.328564,30.645364,百步亭路与解放大道辅路交叉口西北180米,住宅小区,,120302,商务住宅,住宅区,住宅小区
武汉城建·万科云泊江岸,114.328913,30.645336,解放大道辅路与百步亭路交叉口西北160米,住宅小区,,120302,商务住宅,住宅区,住宅小区
方舟花园,114.325196,30.650212,兴业路324号,住宅小区,,120302,商务住宅,住宅区,住宅小区
武汉城建·启元,114.33553,30.639368,江北快速路出口与江北快速路交叉口西140米,住宅小区,,120302,商务住宅,住宅区,住宅小区
丹南社区,114.334967,30.643317,丹水池路105号,住宅小区,,120302,商务住宅,住宅区,住宅小区
丹东社区右,114.331377,30.645479,解放大道辅路与百步亭路交叉口东北140米,住宅小区,,120302,商务住宅,住宅区,住宅小区
丹西社区,114.330279,30.64657,解放大道2641号(丹水池地铁站C口步行320米),住宅小区,,120302,商务住宅,住宅区,住宅小区
丹东社区,114.336802,30.645791,,住宅小区,,120302,商务住宅,住宅区,住宅小区
电力新村,114.337788,30.646261,汉堤路与丹水池路交叉口东北360米,住宅小区,,120302,商务住宅,住宅区,住宅小区
丹枫苑小区,114.331435,30.649612,解放大道2657号,住宅小区,,120302,商务住宅,住宅区,住宅小区
生态家园(解放大道店),114.333648,30.649728,解放大道辅路与兴业路交叉口南300米,住宅小区,,120302,商务住宅,住宅区,住宅小区
武汉城建·万科云泊江岸二期,114.331324,30.650333,百花一路与百花横路交叉口向北100米,住宅小区,,120302,商务住宅,住宅区,住宅小区
武汉城建·融创御央首府,114.328857,30.6511,吉祥路与兴业路交汇处,住宅小区,,120302,商务住宅,住宅区,住宅小区
秀泽园南区,114.326301,30.65086,后湖大道特8号秀泽园,住宅小区,,120302,商务住宅,住宅区,住宅小区
佳园小区,114.334402,30.650716,解放大道丹水池2020号,住宅小区,,120302,商务住宅,住宅区,住宅小区
江印一期,114.331766,30.651295,解放大道辅路与兴业路交叉口西南180米,住宅小区,,120302,商务住宅,住宅区,住宅小区
江印,114.331317,30.651587,解放大道辅路与兴业路交叉口西南200米,住宅小区,,120302,商务住宅,住宅区,住宅小区
江印二期,114.331037,30.651786,百花一路与兴业路交叉口东南180米,住宅小区,,120302,商务住宅,住宅区,住宅小区
中城·青年汇,114.332466,30.652379,丹水池街办事处,住宅小区,,120302,商务住宅,住宅区,住宅小区
秀泽园,114.325417,30.652123,兴业路199号,住宅小区,,120302,商务住宅,住宅区,住宅小区
丹水池惠民苑,114.337201,30.651195,解放大道2024号,住宅小区,,120302,商务住宅,住宅区,住宅小区
名流世家,114.326924,30.652719,兴业路201号,住宅小区,,120302,商务住宅,住宅区,住宅小区
丹水国际,114.334244,30.65273,解放大道2030号(新荣地铁站B口步行460米),住宅小区,,120302,商务住宅,住宅区,住宅小区
秀泽园北区,114.325126,30.652564,兴业路191号,住宅小区,,120302,商务住宅,住宅区,住宅小区
丹北池街丹北社区,114.336021,30.652265,丹水池街街道解放大道2032号,住宅小区,,120302,商务住宅,住宅区,住宅小区
十大家·云禧,114.328036,30.653323,兴业路与吉祥路交叉口北120米,住宅小区,,120302,商务住宅,住宅区,住宅小区
冯家墩241号,114.341099,30.650488,新南路21号,住宅小区,,120302,商务住宅,住宅区,住宅小区
新奥·依江畔园,114.38354,30.637896,临江大道868号,住宅小区,,120302,商务住宅,住宅区,住宅小区
热电社区,114.387868,30.639374,建设五路4号附7号,住宅小区,,120302,商务住宅,住宅区,住宅小区
临江雅居,114.389936,30.642159,临江大道与建设六路交叉口西南140米,住宅小区,,120302,商务住宅,住宅区,住宅小区
华侨城红坊云岸一期,114.392435,30.642756,红钢一街与馨园北巷交叉口西140米,住宅小区,,120302,商务住宅,住宅区,住宅小区
华侨城红坊云岸,114.393385,30.643236,红钢城红钢一街,住宅小区,,120302,商务住宅,住宅区,住宅小区
招商·一江璟城西区,114.395329,30.639528,红钢二街与馨园北巷交叉口南120米,住宅小区,,120302,商务住宅,住宅区,住宅小区
华侨城红坊云岸二期,114.394384,30.643581,红钢一街与馨园北巷交叉口东北160米,住宅小区,,120302,商务住宅,住宅区,住宅小区
大华锦绣前城,114.395536,30.642108,建设七路与红钢一街交汇处(武汉红钢城小学正对面),住宅小区,,120302,商务住宅,住宅区,住宅小区
招商·一江璟城,114.395979,30.638957,和平大道与建设七路交汇处,住宅小区,,120302,商务住宅,住宅区,住宅小区
招商·一江璟城北区,114.3961,30.639911,红钢二街与馨园北巷交叉口东南140米,住宅小区,,120302,商务住宅,住宅区,住宅小区
招商·一江璟城南区,114.39572,30.637899,红钢三街10号附13号,住宅小区,,120302,商务住宅,住宅区,住宅小区
遂荷花园,114.396777,30.639421,红钢三街17号附13号一江璟城北区A9栋1层2号商铺,住宅小区,,120302,商务住宅,住宅区,住宅小区
十三街坊,114.397696,30.640353,红钢三街9-附5号,住宅小区,,120302,商务住宅,住宅区,住宅小区
招商·一江璟城东区,114.397623,30.638886,红钢三街与建设七路交叉口西南140米,住宅小区,,120302,商务住宅,住宅区,住宅小区
华侨城红坊8街坊,114.398588,30.642792,建设五路以东、建设六路以西、临江大道以南、武九铁路以北区域,住宅小区,,120302,商务住宅,住宅区,住宅小区
华侨城红坊7街坊,114.397398,30.645027,临江大道建七路口,住宅小区,,120302,商务住宅,住宅区,住宅小区
车站社区,114.39915,30.637595,null(红钢城地铁站C口步行270米),住宅小区,,120302,商务住宅,住宅区,住宅小区
青扬十街西区,114.399601,30.639688,红钢城(红钢城地铁站C口步行300米),住宅小区,,120302,商务住宅,住宅区,住宅小区
华侨城红坊右岸9街坊,114.399613,30.64172,建设五路以东、建设六路以西、临江大道以南、武九铁路以北区域,住宅小区,,120302,商务住宅,住宅区,住宅小区
青扬十街,114.399823,30.639745,红钢三街与建设七路交叉口东140米,住宅小区,,120302,商务住宅,住宅区,住宅小区
华侨城红坊,114.398598,30.645352,红钢一街,住宅小区,,120302,商务住宅,住宅区,住宅小区
红坊·云囍公馆,114.400748,30.640066,和平大道红钢城地铁站北侧,住宅小区,,120302,商务住宅,住宅区,住宅小区
青扬十街东区,114.401735,30.640694,红钢三街17附4号(红钢城地铁站B口步行270米),住宅小区,,120302,商务住宅,住宅区,住宅小区
武钢科技人才园,114.400642,30.645114,建设八路四街,住宅小区,,120302,商务住宅,住宅区,住宅小区
中国邮政大院,114.402175,30.638925,和平大道与沿港一巷交叉口东100米,住宅小区,,120302,商务住宅,住宅区,住宅小区
红钢城四街坊,114.401528,30.646231,红钢一街,住宅小区,,120302,商务住宅,住宅区,住宅小区
红钢城五街坊,114.403483,30.643584,建设九路,住宅小区,,120302,商务住宅,住宅区,住宅小区
十九街社区园林小院,114.404229,30.639155,沿港路与和平大道交叉口东南120米,住宅小区,,120302,商务住宅,住宅区,住宅小区
红钢城三街坊,114.40426,30.642905,红钢三街与建设九路交叉口西南160米,住宅小区,,120302,商务住宅,住宅区,住宅小区
四街坊物业小区,114.403064,30.646268,建设八路红钢城四街,住宅小区,,120302,商务住宅,住宅区,住宅小区
元兴苑,114.408753,30.642066,和平大道1560号,住宅小区,,120302,商务住宅,住宅区,住宅小区
中交·江锦湾,114.404034,30.646766,红钢二街13号,住宅小区,,120302,商务住宅,住宅区,住宅小区
华通小区,114.414992,30.644371,和平大道建设十一路1091号,住宅小区,,120302,商务住宅,住宅区,住宅小区
七星天兴花园,114.415064,30.645849,青宜居地铁站D口步行410米,住宅小区,,120302,商务住宅,住宅区,住宅小区
七星富利天城,114.410596,30.649653,临江大道888号,住宅小区,,120302,商务住宅,住宅区,住宅小区
城投秀水青城,114.417113,30.645982,建设十一路2号(青宜居地铁站D口步行430米),住宅小区,,120302,商务住宅,住宅区,住宅小区
绿地·香树花城派克公馆,114.419504,30.639959,新村路(青宜居地铁站B口步行70米),住宅小区,,120302,商务住宅,住宅区,住宅小区
临江港湾,114.413003,30.650744,武丰二路,住宅小区,,120302,商务住宅,住宅区,住宅小区
青宜居西区,114.419318,30.644008,建设十一路31号(青宜居地铁站D口旁),住宅小区,,120302,商务住宅,住宅区,住宅小区
青山国投绿城·锦棠翠晓(建设中),114.407634,30.642424,和平大道与建设九路交汇处,住宅小区,,120302,商务住宅,住宅区,住宅小区
绿地·香树花城,114.420967,30.640006,和平大道1650号,住宅小区,,120302,商务住宅,住宅区,住宅小区
青城阳光,114.420803,30.64129,和平大道与新村路交汇处西南角,住宅小区,,120302,商务住宅,住宅区,住宅小区
绿地香树花城2期,114.422598,30.641205,星雅路与宜居路交叉口东北160米,住宅小区,,120302,商务住宅,住宅区,住宅小区
绿地香树花城C区,114.42318,30.641529,和平大道与工人村路交叉口西南120米,住宅小区,,120302,商务住宅,住宅区,住宅小区
绿地香树花城1期,114.423725,30.639375,星雅路与宜居路交叉口东240米,住宅小区,,120302,商务住宅,住宅区,住宅小区
青宜居,114.420681,30.64389,和平大道1095号(青宜居地铁站D口步行310米),住宅小区,,120302,商务住宅,住宅区,住宅小区
青宜居东区,114.422695,30.643614,建设十一路(青宜居地铁站C口步行320米),住宅小区,,120302,商务住宅,住宅区,住宅小区
泓森康桥,114.422675,30.644925,和居路与宜居路交叉口东100米,住宅小区,,120302,商务住宅,住宅区,住宅小区
青和居二期,114.42127,30.64621,宜居路与和居路交叉口西北120米,住宅小区,,120302,商务住宅,住宅区,住宅小区
青和居,114.422109,30.646091,二十一号公路(青宜居地铁站C口步行470米),住宅小区,,120302,商务住宅,住宅区,住宅小区
青和居一期,114.423033,30.646001,宜居路与康居路交叉口南120米,住宅小区,,120302,商务住宅,住宅区,住宅小区
青山区大学生公寓,114.421113,30.646569,宜居路与康居路交叉口西160米,住宅小区,,120302,商务住宅,住宅区,住宅小区
青康居,114.419629,30.648169,建设十一路附近,住宅小区,,120302,商务住宅,住宅区,住宅小区
新长江香樟林,114.423482,30.647915,工人村路66号,住宅小区,,120302,商务住宅,住宅区,住宅小区
青山绿水花园,114.417099,30.648824,建设十一路2号,住宅小区,,120302,商务住宅,住宅区,住宅小区
万科四季花城西半岛右岛3区,114.178464,30.656076,,住宅小区,,120302,商务住宅,住宅区,住宅小区
万科四季花城西半岛右岛一区,114.17591,30.65586,环湖路18号万科西半岛右岛,住宅小区,,120302,商务住宅,住宅区,住宅小区
万科·翠湖隐秀,114.174815,30.659568,环湖路46号,住宅小区,,120302,商务住宅,住宅区,住宅小区
万科四季花城西半岛,114.172711,30.657079,环湖路18号(近金山大道),住宅小区,,120302,商务住宅,住宅区,住宅小区
万科四季花城西半岛左岛2区,114.172357,30.656315,新桥路与环湖路辅路交叉口东280米,住宅小区,,120302,商务住宅,住宅区,住宅小区
万科四季花城西半岛左岛一区,114.171748,30.657296,新桥路与环湖路辅路交叉口东北280米,住宅小区,,120302,商务住宅,住宅区,住宅小区
怡情雅筑,114.169665,30.657734,环湖路辅路与新桥路交叉口北240米,住宅小区,,120302,商务住宅,住宅区,住宅小区
武汉悦湖公馆·2号公寓(恒大城市广场店),114.172196,30.662104,环湖中路43号恒大城市广场,住宅小区,,120302|100200,商务住宅,住宅区,住宅小区
武汉·恒大城二期,114.171119,30.66287,环湖中路东200米,住宅小区,,120302,商务住宅,住宅区,住宅小区
泰跃金河,114.167159,30.656505,环湖路5号,住宅小区,,120302,商务住宅,住宅区,住宅小区
恒大城,114.168905,30.660978,环湖路43号,住宅小区,,120302,商务住宅,住宅区,住宅小区
祥生·柏景湾东区,114.168269,30.649634,环湖路39号(径河街道与金银湖街道交汇处),住宅小区,,120302,商务住宅,住宅区,住宅小区
金湖·清水湾-东区,114.172891,30.665469,清水湾路与柏环一路交叉口东北120米,住宅小区,,120302,商务住宅,住宅区,住宅小区
武汉·恒大城1期,114.166686,30.659053,环湖路43号,住宅小区,,120302,商务住宅,住宅区,住宅小区
东西湖区金银湖街环湖中路西柏环二路北TCL百合庄园G1-G11及配套,114.167575,30.661275,环湖中路与柏环二路交叉口北60米,住宅小区,,120302,商务住宅,住宅区,住宅小区
金湖清水湾经济适用房小区,114.170675,30.664525,柏环一路与环湖中路交叉口东100米,住宅小区,,120302,商务住宅,住宅区,住宅小区
祥生·柏景湾,114.166444,30.649321,金银湖环湖路39号,住宅小区,,120302,商务住宅,住宅区,住宅小区
花样年花样城1期,114.166502,30.661703,柏环一路5号,住宅小区,,120302,商务住宅,住宅区,住宅小区
恋湖家园7期,114.210051,30.65367,亲湖路与环湖路辅路交叉口西380米,住宅小区,,120302,商务住宅,住宅区,住宅小区
恋湖家园,114.21146,30.655018,金山大道环湖路8号,住宅小区,,120302,商务住宅,住宅区,住宅小区
恋湖家园6期,114.210549,30.656799,金银湖旁,住宅小区,,120302,商务住宅,住宅区,住宅小区
恋湖家园3期,114.212009,30.653552,亲湖路与环湖路辅路交叉口西200米,住宅小区,,120302,商务住宅,住宅区,住宅小区
恋湖家园2期,114.212948,30.65575,金山大道环湖路8号,住宅小区,,120302,商务住宅,住宅区,住宅小区
恋湖家园5期,114.213177,30.653352,亲湖路与环湖路辅路交叉口西80米,住宅小区,,120302,商务住宅,住宅区,住宅小区
恋湖家园(西南门),114.214217,30.654883,环湖路辅路与马池中路交叉口北180米,住宅小区,,120302,商务住宅,住宅区,住宅小区
金银湖东岸,114.212875,30.658025,环湖路辅路与马池北路交叉口西180米,住宅小区,,120302,商务住宅,住宅区,住宅小区
月亮湾,114.212825,30.659175,环湖路辅路与马池北路交叉口西北240米,住宅小区,,120302,商务住宅,住宅区,住宅小区
升华现代城,114.216119,30.655135,金银湖环湖路武汉工业学院旁恋湖家园对面,住宅小区,,120302,商务住宅,住宅区,住宅小区
金海苑,114.214774,30.658466,环湖路辅路与马池北路交叉口北100米,住宅小区,,120302,商务住宅,住宅区,住宅小区
丽水湾,114.213175,30.660325,环湖路辅路与金银湖绿道交叉口西南260米,住宅小区,,120302,商务住宅,住宅区,住宅小区
银海苑3期,114.216525,30.657325,马池北路与环湖路辅路交叉口东140米,住宅小区,,120302,商务住宅,住宅区,住宅小区
银海苑小区,114.216657,30.657067,环湖路与马池北路交叉口东150米,住宅小区,,120302,商务住宅,住宅区,住宅小区
马池三期还建房,114.216675,30.657125,马池北路与环湖路辅路交叉口东160米,住宅小区,,120302,商务住宅,住宅区,住宅小区
东兴华庭,114.218241,30.656241,汀香北路与二号路交叉口西80米,住宅小区,,120302,商务住宅,住宅区,住宅小区
银湖苑,114.218129,30.657756,马池北路,住宅小区,,120302,商务住宅,住宅区,住宅小区
庭瑞新汉口A区,114.220447,30.656524,二号路与汀香北路交叉口东150米,住宅小区,,120302,商务住宅,住宅区,住宅小区
云轩阁小区,114.220662,30.656406,马池中路与马池西路交叉口西140米,住宅小区,,120302,商务住宅,住宅区,住宅小区
马池还建小区,114.220542,30.657563,二号路与马池西路交叉口西140米,住宅小区,,120302,商务住宅,住宅区,住宅小区
金湖苑小区,114.220614,30.658347,金银湖街金湖苑小区(马池还建小区附近)附近,住宅小区,,120302,商务住宅,住宅区,住宅小区
龙泽苑,114.217825,30.662525,亲湖路与汀香北路交叉口西140米,住宅小区,,120302,商务住宅,住宅区,住宅小区
东方之昕,114.22191,30.659039,金银湖街道金湖苑16一4号,住宅小区,,120302,商务住宅,住宅区,住宅小区
华景居,114.221125,30.660975,马池西路与马池北路交叉口西北120米,住宅小区,,120302,商务住宅,住宅区,住宅小区
顺驰·泊林,114.209942,30.666422,环湖路8号,住宅小区,,120302,商务住宅,住宅区,住宅小区
顺驰·泊林1期,114.210013,30.666428,环湖路辅路与环湖二路交叉口西南280米,住宅小区,,120302,商务住宅,住宅区,住宅小区
庭瑞新汉口,114.223162,30.658792,马池中路9号(马池地铁站A1口步行410米),住宅小区,,120302,商务住宅,住宅区,住宅小区
庭瑞新汉口B区,114.223593,30.657681,马池小路与马池西路交叉口东140米,住宅小区,,120302|080113,商务住宅,住宅区,住宅小区
庭瑞新汉口C区,114.22353,30.65964,马池北路与环湖中路交汇处,住宅小区,,120302,商务住宅,住宅区,住宅小区
家美天晟阳光城,114.223975,30.658575,马池小路与环湖中路交叉口西140米,住宅小区,,120302,商务住宅,住宅区,住宅小区
银湖·水印桃源,114.21489,30.66712,环湖路65号,住宅小区,,120302,商务住宅,住宅区,住宅小区
怡呵美,114.226548,30.656309,金银湖街道金拓银湖时代G1-1-5号,住宅小区,,120302,商务住宅,住宅区,住宅小区
航天·兴隆国际,114.227565,30.657296,金银湖街马池中路以南(马池地铁站C口步行190米),住宅小区,,120302,商务住宅,住宅区,住宅小区
马池中路航天兴隆国际1期,114.22705,30.65905,环湖中路与马池小路交叉口东160米,住宅小区,,120302,商务住宅,住宅区,住宅小区
新城璟汇,114.229487,30.657823,马池东路与马池中路交叉口西南360米,住宅小区,,120302,商务住宅,住宅区,住宅小区
联通佳苑,114.230533,30.656264,马池路工业学院新校区对面,住宅小区,,120302,商务住宅,住宅区,住宅小区
国际丽都,114.224762,30.659947,马池中路,住宅小区,,120302,商务住宅,住宅区,住宅小区
新澳阳光城西区,114.227625,30.660275,环湖中路与马池北路交叉口东南260米,住宅小区,,120302,商务住宅,住宅区,住宅小区
新城璟汇二期,114.230722,30.658068,环湖中路东300米,住宅小区,,120302,商务住宅,住宅区,住宅小区
香槟花语,114.226725,30.660775,环湖中路与马池北路交叉口东南160米,住宅小区,,120302,商务住宅,住宅区,住宅小区
新澳阳光城,114.229791,30.659956,金银湖马池路特5号,住宅小区,,120302,商务住宅,住宅区,住宅小区
美联奥林匹克花园-北区,114.234184,30.652928,常青北路与奥园路交叉口南280米,住宅小区,,120302,商务住宅,住宅区,住宅小区
美联·奥林匹克花园四期,114.236484,30.654905,奥园西路2号,住宅小区,,120302,商务住宅,住宅区,住宅小区
美联·奥林匹克花园五期,114.236461,30.658273,奥园东路5号附78号,住宅小区,,120302,商务住宅,住宅区,住宅小区
金海苑,114.223187,30.665627,金银湖街亲湖路2号,住宅小区,,120302,商务住宅,住宅区,住宅小区
金海苑4期,114.223275,30.666175,亲湖路与环湖中路交叉口西南180米,住宅小区,,120302,商务住宅,住宅区,住宅小区
越秀·逸府,114.237807,30.658514,奥园东路9号,住宅小区,,120302,商务住宅,住宅区,住宅小区
常青村111号,114.234512,30.663765,马池二村靓靓副食对面,住宅小区,,120302,商务住宅,住宅区,住宅小区
金地北辰阅风华,114.240116,30.65499,奥园东路8号,住宅小区,,120302,商务住宅,住宅区,住宅小区
喜庭汇,114.245525,30.653475,S19机场二高速入口与姑李路交叉口西北200米,住宅小区,,120302,商务住宅,住宅区,住宅小区
将军梧桐树下工薪小区,114.245971,30.652788,将军路将军花园对面,住宅小区,,120302,商务住宅,住宅区,住宅小区
愿景城A区,114.243661,30.659796,将军路街姑李路456号,住宅小区,,120302,商务住宅,住宅区,住宅小区
东西湖车场南路P(2023)027号地块,114.246609,30.65607,东西湖区机场二通道以东、车场南路以南,住宅小区,,120302,商务住宅,住宅区,住宅小区
愿景城C区,114.246951,30.6573,车场南路1号,住宅小区,,120302,商务住宅,住宅区,住宅小区
凯旋名居,114.247741,30.653903,金银潭大道将军一路,住宅小区,,120302,商务住宅,住宅区,住宅小区
愿景城,114.247487,30.657184,车场南路与将军一路交叉口西240米,住宅小区,,120302,商务住宅,住宅区,住宅小区
愿景城B区,114.248411,30.659721,姑李路450号,住宅小区,,120302,商务住宅,住宅区,住宅小区
颐和家园,114.252274,30.656778,常青城地铁站B口步行280米,住宅小区,,120302,商务住宅,住宅区,住宅小区
地铁时代·常青城C区,114.251577,30.659149,车场南路8号(常青城地铁站A口步行320米),住宅小区,,120302,商务住宅,住宅区,住宅小区
将军新村五期,114.253371,30.655853,将军二路与金银潭大道交叉口西100米,住宅小区,,120302,商务住宅,住宅区,住宅小区
常青城C6区,114.252975,30.658925,车场南路与将军二路交叉口北100米,住宅小区,,120302,商务住宅,住宅区,住宅小区
刘家墩社区,114.253089,30.658974,车场南路与将军二路交叉口北120米,住宅小区,,120302,商务住宅,住宅区,住宅小区
将军新村三期,114.253851,30.653812,金银潭大道与将军二路交叉口南200米,住宅小区,,120302,商务住宅,住宅区,住宅小区
地铁时代·常青城B区,114.25248,30.660609,车场南路与将军二路交叉口北300米,住宅小区,,120302,商务住宅,住宅区,住宅小区
将军新村,114.25418,30.654062,将军路,住宅小区,,120302,商务住宅,住宅区,住宅小区
合一·常青里,114.254585,30.65848,2号线(常青城地铁站B口旁),住宅小区,,120302,商务住宅,住宅区,住宅小区
保利锦上印,114.255269,30.657239,金银潭大道48号(常青城地铁站B口步行60米),住宅小区,,120302,商务住宅,住宅区,住宅小区
将军新村四期,114.256565,30.654917,金银潭大道与将军二路交叉口东南200米,住宅小区,,120302,商务住宅,住宅区,住宅小区
将军新村四期南区,114.256707,30.654321,银花街与将军二路交叉口北140米,住宅小区,,120302,商务住宅,住宅区,住宅小区
壹站城E区,114.257675,30.658925,车场南路与金银潭大道交叉口西200米,住宅小区,,120302,商务住宅,住宅区,住宅小区
中天生活区,114.258725,30.658475,车场南路与金银潭大道交叉口西120米,住宅小区,,120302|120303,商务住宅,住宅区,住宅小区
常青车辆段门卫室,114.254774,30.659916,金银潭大道43号靠近地铁时代·常青城,住宅小区,,120302,商务住宅,住宅区,住宅小区
地铁时代·常青城,114.254774,30.659916,金银潭大道5号,住宅小区,,120302,商务住宅,住宅区,住宅小区
地铁时代·常青城D区,114.257541,30.660066,车场南路与金银潭大道交叉口西北260米,住宅小区,,120302,商务住宅,住宅区,住宅小区
鹏海花园,114.265528,30.652936,将军路鹏海花园,住宅小区,,120302,商务住宅,住宅区,住宅小区
碧桂园海昌天澜3期,114.2723,30.657696,金银潭大道96号,住宅小区,,120302,商务住宅,住宅区,住宅小区
碧桂园海昌天澜2期,114.273092,30.659736,金银潭大道96号,住宅小区,,120302,商务住宅,住宅区,住宅小区
碧桂园海昌天澜,114.272967,30.660396,金银潭大道96号,住宅小区,,120302,商务住宅,住宅区,住宅小区
碧桂园海昌天澜4期,114.269742,30.661202,金银潭一路与金银潭大道交叉口南200米,住宅小区,,120302,商务住宅,住宅区,住宅小区
碧桂园海昌天澜白鹭湾,114.269603,30.661518,金银潭大道96号,住宅小区,,120302,商务住宅,住宅区,住宅小区
碧桂园海昌·克拉公馆,114.271284,30.662454,金银潭大道96号武汉碧桂园,住宅小区,,120302,商务住宅,住宅区,住宅小区
碧桂园海昌天澜1期,114.275893,30.661144,金银潭大道96号,住宅小区,,120302,商务住宅,住宅区,住宅小区
梦湖香郡泓区,114.280163,30.653522,塔子湖东路与健康街交叉口西北160米,住宅小区,,120302,商务住宅,住宅区,住宅小区
塔子湖·锦绣家园兴隆苑,114.281503,30.653358,盘龙立交与塔子湖东路交叉口东100米,住宅小区,,120302,商务住宅,住宅区,住宅小区
梦湖华苑,114.282582,30.655428,塔子湖华盛路102号,住宅小区,,120302,商务住宅,住宅区,住宅小区
余华岭佳园A区,114.283128,30.657378,塔子湖街街道塔子湖街办事处,住宅小区,,120302,商务住宅,住宅区,住宅小区
余华岭佳园D区,114.283557,30.656607,华盛路102号,住宅小区,,120302,商务住宅,住宅区,住宅小区
汇悦天地,114.284076,30.655106,健康街与华岭路交叉口西200米,住宅小区,,120302,商务住宅,住宅区,住宅小区
汇悦天地一二期,114.284134,30.655085,健康街,住宅小区,,120302,商务住宅,住宅区,住宅小区
光明上海公馆二期,114.285094,30.65348,健康街与华岭路交叉口西南180米,住宅小区,,120302,商务住宅,住宅区,住宅小区
百步亭社区,114.285346,30.656289,华岭路与兆瑞大道交叉口东南160米,住宅小区,,120302,商务住宅,住宅区,住宅小区
百步亭金桥汇2期,114.286748,30.656905,汇悦天地附近,住宅小区,,120302,商务住宅,住宅区,住宅小区
首地·云梦台,114.288363,30.654505,华岭路66号,住宅小区,,120302,商务住宅,住宅区,住宅小区
百步亭花园金桥汇,114.287102,30.65772,华隆路与兆瑞大道交叉口南140米,住宅小区,,120302,商务住宅,住宅区,住宅小区
余华岭佳园B区,114.285269,30.658974,兆瑞大道,住宅小区,,120302,商务住宅,住宅区,住宅小区
余华岭佳园,114.285824,30.659234,盘龙立交桥,住宅小区,,120302,商务住宅,住宅区,住宅小区
中央华城,114.290299,30.653045,健美街,住宅小区,,120302,商务住宅,住宅区,住宅小区
仁恒·公园世纪,114.28986,30.658425,健身路与兆瑞大道交叉口西南,住宅小区,,120302,商务住宅,住宅区,住宅小区
余华岭佳园C区,114.288093,30.66027,兆瑞大道附近,住宅小区,,120302,商务住宅,住宅区,住宅小区
绿地汉口中心,114.291826,30.656333,华隆路66号,住宅小区,,120302,商务住宅,住宅区,住宅小区
碧桂园·蜜柚,114.292082,30.653853,金桥大道与井南大道交汇处,住宅小区,,120302,商务住宅,住宅区,住宅小区
汇雅居,114.292499,30.65556,健康街66号绿地汉口中心熙街6栋609室,住宅小区,,120302,商务住宅,住宅区,住宅小区
同心雅庭,114.289246,30.661313,兆瑞大道与华泰路交叉口北140米,住宅小区,,120302,商务住宅,住宅区,住宅小区
凯旋名苑小区,114.294199,30.656147,金桥大道111号,住宅小区,,120302,商务住宅,住宅区,住宅小区
中建西勘院,114.294975,30.657275,金桥大道辅路与金桥大道出口交叉口西100米,住宅小区,,120302,商务住宅,住宅区,住宅小区
保利公园家,114.282702,30.664383,宏图大道6号,住宅小区,,120302,商务住宅,住宅区,住宅小区
吉祥谷,114.296836,30.656106,后湖街金桥大道40号,住宅小区,,120302,商务住宅,住宅区,住宅小区
吉祥谷一期,114.297471,30.656637,后湖街金桥大道40号,住宅小区,,120302,商务住宅,住宅区,住宅小区
宏图雅居,114.281816,30.665798,宏图路与金银潭大道交叉口东南260米,住宅小区,,120302,商务住宅,住宅区,住宅小区
金桥庭院,114.299855,30.655189,金桥大道辅路与华泰路交叉口东南460米,住宅小区,,120302,商务住宅,住宅区,住宅小区
晋合·金桥世家,114.299338,30.658887,金桥大道68号(市民之家地铁站F口步行110米),住宅小区,,120302,商务住宅,住宅区,住宅小区
伟星·星宸玖序(建设中),114.291937,30.659556,金桥大道特115号,住宅小区,,120302,商务住宅,住宅区,住宅小区
伟星·星宸玖序二期(建设中),114.291757,30.659918,兆瑞大道与华泰路交叉口东220米,住宅小区,,120302,商务住宅,住宅区,住宅小区
牧嶺易城,114.303316,30.654132,建设大道1777号(后湖大道地铁站C2口步行430米),住宅小区,,120302,商务住宅,住宅区,住宅小区
牧畜岭,114.303259,30.657458,建设大道与和谐大道交叉口西南180米,住宅小区,,120302,商务住宅,住宅区,住宅小区
汉口幸福万象,114.305627,30.652713,后湖大道111号正北方向90米,住宅小区,,120302,商务住宅,住宅区,住宅小区
汉口城市广场1期,114.306426,30.654801,后湖大道地铁站L口步行350米,住宅小区,,120302,商务住宅,住宅区,住宅小区
汉口城市广场三期,114.307079,30.653404,新益街与怡康路交叉口西南120米,住宅小区,,120302,商务住宅,住宅区,住宅小区
紫澄花园,114.307812,30.65625,永兴路1号,住宅小区,,120302,商务住宅,住宅区,住宅小区
东方墨兰,114.308075,30.653825,怡康路与新益街交叉口东南40米,住宅小区,,120302,商务住宅,住宅区,住宅小区
汉口城市广场·尚城,114.309672,30.654099,后湖街街道后湖大道111号,住宅小区,,120302,商务住宅,住宅区,住宅小区
汉口城市广场·尚邸,114.309758,30.656035,永盛路与新益街交叉口西北140米,住宅小区,,120302,商务住宅,住宅区,住宅小区
汉口城市广场B6区,114.310575,30.653475,后湖大道111号汉口城市广场,住宅小区,,120200|120302,商务住宅,楼宇,
幸福时代四期,114.311313,30.656454,百步亭花园路160-162号,住宅小区,,120302,商务住宅,住宅区,住宅小区
幸福时代,114.313004,30.65579,百步亭花园路160-162附近,住宅小区,,120302,商务住宅,住宅区,住宅小区
幸福时代南区,114.313382,30.655015,后湖大道335附23正北方向90米,住宅小区,,120302,商务住宅,住宅区,住宅小区
幸福时代三期,114.313412,30.656988,新益街135号(百步亭花园路地铁站D口步行390米),住宅小区,,120302,商务住宅,住宅区,住宅小区
泓博·悦府,114.3051,30.66596,不锈钢路与商贸二街交叉口北100米,住宅小区,,120302,商务住宅,住宅区,住宅小区
三金潭·福星家园,114.301525,30.667124,三金潭路6号,住宅小区,,120302,商务住宅,住宅区,住宅小区
保利云璟,114.303738,30.667956,三环线与武汉大道交汇处福溢环路,住宅小区,,120302,商务住宅,住宅区,住宅小区
武汉城建后湖保障性租赁房098号地块(建设中),114.313464,30.659399,江岸区温馨路和幸福街交叉口东北角,住宅小区,,120302,商务住宅,住宅区,住宅小区
百步龙庭,114.317794,30.653598,百步亭花园路158号,住宅小区,,120302,商务住宅,住宅区,住宅小区
百步亭·世博园,114.316752,30.657552,百步亭花园路168号,住宅小区,,120302,商务住宅,住宅区,住宅小区
文南苑,114.31868,30.658324,安居路与幸福街交叉口南140米,住宅小区,,120302,商务住宅,住宅区,住宅小区
圣诚·阳光丽景,114.314956,30.659676,幸福街19号,住宅小区,,120302,商务住宅,住宅区,住宅小区
百步亭花园百步雅庭,114.320569,30.654458,安居路156-158附近,住宅小区,,120302,商务住宅,住宅区,住宅小区
文卉苑,114.320388,30.658904,安居路198号,住宅小区,,120302,商务住宅,住宅区,住宅小区
悦秀苑,114.31653,30.66112,安居路,住宅小区,,120302,商务住宅,住宅区,住宅小区
武汉星河2049,114.315503,30.662989,温馨路与景秀街交汇处,住宅小区,,120302,商务住宅,住宅区,住宅小区
景兰苑,114.320075,30.661799,百步亭花园18号,住宅小区,,120302,商务住宅,住宅区,住宅小区
北大家世纪城北区,114.324325,30.656225,百步亭路与后湖大道交叉口东南80米,住宅小区,,120302,商务住宅,住宅区,住宅小区
十大家世纪城,114.324529,30.654744,后湖大道336号附近,住宅小区,,120302,商务住宅,住宅区,住宅小区
幸福时代·大家K3地块,114.32441,30.658033,新十路与新盛路交叉口西南140米,住宅小区,,120302,商务住宅,住宅区,住宅小区
季佳里,114.325685,30.656232,百步亭花园后湖大道与百步亭路交汇处,住宅小区,,120302,商务住宅,住宅区,住宅小区
幸福时代大家2期,114.324371,30.659781,十大家村K2地块,住宅小区,,120302,商务住宅,住宅区,住宅小区
武汉星河2049星里城,114.318746,30.663865,安居路291号,住宅小区,,120302,商务住宅,住宅区,住宅小区
大家K4苑区,114.325775,30.656925,后湖大道与新盛路交叉口东北20米,住宅小区,,120302,商务住宅,住宅区,住宅小区
幸福时代·大家K2地块,114.324451,30.660076,十大家村K2地块,住宅小区,,120302,商务住宅,住宅区,住宅小区
星河2049二期星里程,114.319675,30.663725,景秀街与百步亭路交叉口西180米,住宅小区,,120302,商务住宅,住宅区,住宅小区
武汉市江岸区红桥村K3地块,114.326675,30.655875,后湖大道与新盛路交叉口东南160米,住宅小区,,120302,商务住宅,住宅区,住宅小区
福星惠誉·榜样小区,114.326781,30.65548,后湖大道,住宅小区,,120302,商务住宅,住宅区,住宅小区
幸福时代·大家,114.325926,30.659163,后湖大道与百步亭路交汇处,住宅小区,,120302,商务住宅,住宅区,住宅小区
东勤佳苑西区,114.320456,30.664194,景秀街与百步亭路交叉口西100米,住宅小区,,120302,商务住宅,住宅区,住宅小区
幸福时代大家东区,114.32705,30.65705,后湖大道与吉祥路交叉口西100米,住宅小区,,120302,商务住宅,住宅区,住宅小区
东勤佳苑,114.322627,30.663374,井南路特1号,住宅小区,,120302,商务住宅,住宅区,住宅小区
十大家世纪城北区,114.326867,30.65815,后湖大道十大家公交站,住宅小区,,120302,商务住宅,住宅区,住宅小区
幸福时代·大家K1地块,114.326247,30.659917,新盛路与十大家路交叉口东南140米,住宅小区,,120302,商务住宅,住宅区,住宅小区
东勤佳苑(西门),114.321374,30.664659,百步亭路与景秀街交叉口北80米,住宅小区,,120302,商务住宅,住宅区,住宅小区
幸福时代·大家丨传宸,114.326473,30.660362,后湖大道与新盛路交汇处,住宅小区,,120302,商务住宅,住宅区,住宅小区
新荣苑2期,114.328129,30.654197,兴业路与百花一路交叉口西北200米,住宅小区,,120302,商务住宅,住宅区,住宅小区
新荣苑幸福小城,114.328613,30.654308,兴业路与百花一路交叉口西北180米,住宅小区,,120302,商务住宅,住宅区,住宅小区
新荣苑,114.328685,30.655799,后湖大道362号,住宅小区,,120302,商务住宅,住宅区,住宅小区
和美·A区,114.311236,30.666777,和谐大道与温馨路交叉口西北180米,住宅小区,,120302,商务住宅,住宅区,住宅小区
和美,114.311303,30.666885,和谐大道与温馨路交叉口西60米,住宅小区,,120302,商务住宅,住宅区,住宅小区
中森华国际城,114.329831,30.654964,后湖大道(新荣客运站地铁站A口步行300米),住宅小区,,120302,商务住宅,住宅区,住宅小区
工地生活区,114.32796,30.662495,幸福街与新盛路交叉口东280米,住宅小区,,120302|120303,商务住宅,住宅区,住宅小区
轴馨苑,114.323934,30.666028,汉黄路15号,住宅小区,,120302,商务住宅,住宅区,住宅小区
城开云悦邸,114.330952,30.65569,后湖大道366号(新荣地铁站E口步行230米),住宅小区,,120302,商务住宅,住宅区,住宅小区
华森佳园,114.33155,30.654467,兴业路213号(新荣客运站地铁站A口步行330米),住宅小区,,120302,商务住宅,住宅区,住宅小区
美城汉口派,114.332053,30.656459,解放大道与后湖大道交汇处(轻轨1号线新荣站旁),住宅小区,,120302,商务住宅,住宅区,住宅小区
新荣美城,114.332075,30.656725,后湖大道与汉黄路交叉口西南260米(新荣地铁站E口旁),住宅小区,,120302,商务住宅,住宅区,住宅小区
解放大道2703号院,114.333942,30.655357,解放大道与新湖街交叉口西北40米,住宅小区,,120302,商务住宅,住宅区,住宅小区
龙湖清能天曜B区,114.33028,30.658733,吉祥路与新十路交叉口东200米,住宅小区,,120302,商务住宅,住宅区,住宅小区
龙湖清能天曜,114.330707,30.659576,汉黄路特5号,住宅小区,,120302,商务住宅,住宅区,住宅小区
堤角小区西1区,114.335308,30.656216,解放大道与汉黄路交叉口南120米,住宅小区,,120302,商务住宅,住宅区,住宅小区
城开星园2期,114.335475,30.656725,解放大道与汉黄路交叉口南80米,住宅小区,,120302,商务住宅,住宅区,住宅小区
堤角小区城开心园,114.335466,30.656791,解放大道与汉黄路交叉口南60米,住宅小区,,120302,商务住宅,住宅区,住宅小区
堤角小区西2区,114.336105,30.656128,解放大道与汉黄路交叉口东南160米,住宅小区,,120302,商务住宅,住宅区,住宅小区
华珑国际,114.336325,30.654875,,住宅小区,,120302,商务住宅,住宅区,住宅小区
龙湖清能天曜A区,114.331085,30.660398,汉黄路特5号,住宅小区,,120302,商务住宅,住宅区,住宅小区
新湖三村,114.336255,30.652361,解放大道辅路与兴业路交叉口东260米,住宅小区,,120302,商务住宅,住宅区,住宅小区
城开星园,114.336863,30.657279,解放大道2770号(新荣地铁站B口步行240米),住宅小区,,120302,商务住宅,住宅区,住宅小区
新湖四村,114.337375,30.655175,新湖街与解放大道交叉口东280米,住宅小区,,120302,商务住宅,住宅区,住宅小区
堤角小区,114.337422,30.655671,解放大道2048号(新荣地铁站A口步行140米),住宅小区,,120302,商务住宅,住宅区,住宅小区
天悦尚景,114.331011,30.661759,新荣村客运站旁(新荣村客运站沿汉黄路前行100米),住宅小区,,120302,商务住宅,住宅区,住宅小区
堤角小区-东区,114.338078,30.655582,新北路与堤角路交叉口西260米,住宅小区,,120302,商务住宅,住宅区,住宅小区
新湖六村,114.33842,30.655238,新湖街与新北路交叉口西220米,住宅小区,,120302,商务住宅,住宅区,住宅小区
美联·公园前,114.334562,30.661535,解放大道2727号(新荣客运站地铁站C口步行420米),住宅小区,,120302,商务住宅,住宅区,住宅小区
福星惠誉·红桥城,114.333421,30.663229,汉黄路6号,住宅小区,,120302,商务住宅,住宅区,住宅小区
化园小区,114.330073,30.664228,汉黄路与幸福街交叉口西北120米,住宅小区,,120302,商务住宅,住宅区,住宅小区
红卫新村,114.340595,30.657334,新北路与堤角街交叉口南100米,住宅小区,,120302,商务住宅,住宅区,住宅小区
武汉后湖20351期,114.332625,30.665625,机电园路与青芷路交叉口西220米,住宅小区,,120302,商务住宅,住宅区,住宅小区
汉悦府郎镜,114.335025,30.665025,青芷路与机电园路交叉口东南20米,住宅小区,,120302,商务住宅,住宅区,住宅小区
汉口新城公园世家,114.341199,30.660146,堤角前街田园村18号,住宅小区,,120302,商务住宅,住宅区,住宅小区
汉口新城一期,114.342546,30.657372,矿场路6号,住宅小区,,120302,商务住宅,住宅区,住宅小区
泊寓2期,114.332025,30.665925,汉黄路与幸福街交叉口东北300米,住宅小区,,120302,商务住宅,住宅区,住宅小区
堤角新湖五村,114.343075,30.654325,新湖街与新南路交叉口东60米,住宅小区,,120302,商务住宅,住宅区,住宅小区
武汉城建·电建·汉悦府·朗境,114.333683,30.666048,机电园路与青芷路交叉口西北160米,住宅小区,,120302,商务住宅,住宅区,住宅小区
观园小区,114.341359,30.661443,田元村150号,住宅小区,,120302,商务住宅,住宅区,住宅小区
统建新干线西,114.337725,30.664775,堤角南街与解放大道辅路交叉口西20米,住宅小区,,120302,商务住宅,住宅区,住宅小区
汉口新城二期,114.343538,30.657701,矿场路5号,住宅小区,,120302,商务住宅,住宅区,住宅小区
田园二村,114.342715,30.660054,丹水池街街道,住宅小区,,120302,商务住宅,住宅区,住宅小区
汉黄小区,114.328144,30.667014,汉黄路21号,住宅小区,,120302,商务住宅,住宅区,住宅小区
岱山佳苑,114.327569,30.667112,汉黄路23号,住宅小区,,120302,商务住宅,住宅区,住宅小区
汉黄路25号院,114.326858,30.667052,汉黄路与和谐大道交叉口南200米,住宅小区,,120302,商务住宅,住宅区,住宅小区
江南社区,114.344649,30.656337,黄合二村65,住宅小区,,120302,商务住宅,住宅区,住宅小区
良友红坊文化艺术社区,114.330269,30.668434,丹水池街街道汉黄路29号,住宅小区,,120302,商务住宅,住宅区,住宅小区
文惠苑小区,114.319622,30.644917,百步亭花园路18号,住宅小区,,120302,商务住宅,住宅区,住宅小区
石油小区,114.346338,30.653896,灌装路与长城三路交叉口西南380米,住宅小区,,120302,商务住宅,住宅区,住宅小区
俱乐部小区,114.343998,30.661064,堤角前街17号,住宅小区,,120302,商务住宅,住宅区,住宅小区
锦湖金利花园2期,114.344453,30.663219,解放大道2082号,住宅小区,,120302,商务住宅,住宅区,住宅小区
亿丰园,114.352503,30.660395,沿江大道西北侧,住宅小区,,120302,商务住宅,住宅区,住宅小区
锦湖金利花园,114.344066,30.663786,江岸路12号,住宅小区,,120302,商务住宅,住宅区,住宅小区
锦湖金利花园1期,114.343102,30.66506,江北路与堤角南街交叉口东140米,住宅小区,,120302,商务住宅,住宅区,住宅小区
江北社区,114.340819,30.665327,堤角南街与江北路交汇处西50米,住宅小区,,120302,商务住宅,住宅区,住宅小区
雷龙世家,114.343964,30.666047,堤边路与江北路交叉口东180米,住宅小区,,120302,商务住宅,住宅区,住宅小区
统建新干线,114.339569,30.665693,丹水池街道办事处解放大道轨道交通1号线堤角站旁,住宅小区,,120302,商务住宅,住宅区,住宅小区
佰昌公馆A区,114.346147,30.667487,佰昌公馆,住宅小区,,120302,商务住宅,住宅区,住宅小区
木蘭大業·尊,114.3419,30.667306,堤边路与江北路交叉口北120米,住宅小区,,120302,商务住宅,住宅区,住宅小区
佰昌公馆B区,114.344406,30.668184,解放大道2098号,住宅小区,,120302,商务住宅,住宅区,住宅小区
中建八局武汉万华项目生活区,114.356975,30.666875,谌家矶大道西北侧,住宅小区,,120303|120302,商务住宅,住宅区,
青教楼小区,114.429148,30.654882,长青路与新桃路交叉口西南140米,住宅小区,,120302,商务住宅,住宅区,住宅小区
青山区青山镇街桃园社区,114.429225,30.655143,长青路与新桃路交叉口西南120米,住宅小区,,120302,商务住宅,住宅区,住宅小区
石化生活区,114.43229,30.656837,长青路与许家村路交叉口西北180米,住宅小区,,120302,商务住宅,住宅区,住宅小区
石化生活区一区,114.433863,30.6548,凤凰路4附2临附近,住宅小区,,120302|120303,商务住宅,住宅区,住宅小区
武汉市仪表电子学校学生公寓,114.444046,30.465169,流芳园路与流芳园东路交叉口西北100米,住宅小区,,120302,商务住宅,住宅区,住宅小区
卓越楼,114.435975,30.460075,东湖新技术开发区光谷一路206号武汉工程大学流芳校区,住宅小区,,120302|120200,商务住宅,住宅区,住宅小区
启寓,114.44717,30.466744,流芳园路3号,住宅小区,,120302,商务住宅,住宅区,住宅小区
凌云科技公租房,114.446275,30.460825,流芳园东路与流芳园横路交叉口北80米,住宅小区,,120302,商务住宅,住宅区,住宅小区
宜盛花园,114.439717,30.472925,东湖高新技术开发区湖新路10号,住宅小区,,120302,商务住宅,住宅区,住宅小区
光谷和昌城,114.444679,30.472224,黄龙山北路与湖新路交叉口东300米,住宅小区,,120302,商务住宅,住宅区,住宅小区
城市之光,114.438169,30.474191,光谷一路和高新大道交汇处,住宅小区,,120302,商务住宅,住宅区,住宅小区
佳源花都2期,114.447186,30.472393,高新二路128号,住宅小区,,120302,商务住宅,住宅区,住宅小区
佳源花都,114.446636,30.473455,高新二路126号,住宅小区,,120302,商务住宅,住宅区,住宅小区
光谷和昌城·逸园,114.440167,30.475451,武汉东湖新技术开发区佛祖岭街道湖新路8号,住宅小区,,120302,商务住宅,住宅区,住宅小区
佳源花都一期,114.445993,30.474779,高新二路128号,住宅小区,,120302,商务住宅,住宅区,住宅小区
光谷未来城,114.4407,30.476438,高新二路与湖新路交叉口西100米,住宅小区,,120302,商务住宅,住宅区,住宅小区
光谷和昌城·雅园,114.447502,30.475805,高新二路130号,住宅小区,,120302,商务住宅,住宅区,住宅小区
金龙凯旋广场,114.436425,30.477275,光谷一路与高新二路交叉口西北60米,住宅小区,,120302|120200,商务住宅,住宅区,住宅小区
时代雅居,114.43637,30.477373,光谷一路与高新二路交叉口西北80米,住宅小区,,120302,商务住宅,住宅区,住宅小区
光谷悦城,114.440852,30.477909,高新二路101号,住宅小区,,120302,商务住宅,住宅区,住宅小区
驰柒花岛,114.448399,30.475753,高新二路134号湖口综合大市场内D005号商铺,住宅小区,,120302,商务住宅,住宅区,住宅小区
光谷悦城1期,114.438556,30.478354,东湖高新区光谷1路101号,住宅小区,,120302,商务住宅,住宅区,住宅小区
金谷明珠园小区西区,114.443775,30.478077,湖口村,住宅小区,,120302,商务住宅,住宅区,住宅小区
佳梦苑2店(装修中),114.44535,30.475696,高新二路佳源花都1期农村商业银行旁北1门前行100米11栋,住宅小区,,120302,商务住宅,住宅区,住宅小区
星寓3期,114.463525,30.454675,佛祖岭一路与高新四路交叉口南200米,住宅小区,,120302,商务住宅,住宅区,住宅小区
汉阳市政生活区,114.47303,30.469929,佛祖岭三路与高新三路交叉口南40米,住宅小区,,120302,商务住宅,住宅区,住宅小区
光谷澎湃城奥山府,114.483783,30.464876,佛祖岭东街与云风路交叉口南200米,住宅小区,,120302,商务住宅,住宅区,住宅小区
烽云慧城,114.4836,30.467591,光谷三路东150米,住宅小区,,120302,商务住宅,住宅区,住宅小区
龙净小筑,114.476095,30.462343,流芳园横路与佛祖岭四路交叉口西南120米,住宅小区,,120302,商务住宅,住宅区,住宅小区
烽云慧城B区,114.484724,30.467491,云风路与佛祖岭东街交叉口东北120米,住宅小区,,120302,商务住宅,住宅区,住宅小区
绿地国际理想城五期,114.482794,30.469773,云风路与风林街交叉口西北160米,住宅小区,,120302,商务住宅,住宅区,住宅小区
光谷·航天城,114.484909,30.469439,光谷三路附近,住宅小区,,120302,商务住宅,住宅区,住宅小区
璞樾门第,114.488625,30.464804,光谷四路佛祖岭东街4号,住宅小区,,120302,商务住宅,住宅区,住宅小区
绿地国际理想城四期,114.487204,30.469889,大吕路光谷航天城东160米,住宅小区,,120302,商务住宅,住宅区,住宅小区
光谷十里春风,114.488362,30.461397,光谷四路100号,住宅小区,,120302,商务住宅,住宅区,住宅小区
恺德·光谷熙园,114.483841,30.472698,高新二路与大吕路交汇处,住宅小区,,120302,商务住宅,住宅区,住宅小区
绿地国际理想城一期,114.489493,30.467519,佛祖岭东街与书风路交叉口西北140米,住宅小区,,120302,商务住宅,住宅区,住宅小区
绿地国际理想城,114.488997,30.46905,高新三路与光谷四路交汇处,住宅小区,,120302,商务住宅,住宅区,住宅小区
绿地国际理想城三期,114.489478,30.4698,风林街与语风路交叉口东北160米,住宅小区,,120302,商务住宅,住宅区,住宅小区
葛洲坝·太阳城,114.475216,30.45607,高新四路40号,住宅小区,,120302,商务住宅,住宅区,住宅小区
云境,114.483833,30.474308,高新二路260号,住宅小区,,120302,商务住宅,住宅区,住宅小区
绿地国际理想城二期,114.491472,30.468001,光谷四路与佛祖岭东街交叉口西北120米,住宅小区,,120302,商务住宅,住宅区,住宅小区
北辰当代优+国际青年互动特区,114.488605,30.473654,高新二路266号,住宅小区,,120302,商务住宅,住宅区,住宅小区
北辰当代优+小区,114.487025,30.475025,高新二路与大吕路交叉口东100米,住宅小区,,120302,商务住宅,住宅区,住宅小区
当代云谷三期A区,114.472488,30.455013,佛祖岭三路与港边田路交叉口西北80米,住宅小区,,120302,商务住宅,住宅区,住宅小区
当代云谷三期,114.472105,30.455096,港边田路与佛祖岭三路交叉口西北120米,住宅小区,,120302,商务住宅,住宅区,住宅小区
当代云谷三期C区,114.472366,30.454778,港边田路与佛祖岭三路交叉口西北80米,住宅小区,,120302,商务住宅,住宅区,住宅小区
当代云谷,114.471502,30.45374,东湖高新区佛祖岭二路与高新四路交汇处,住宅小区,,120302,商务住宅,住宅区,住宅小区
武汉光谷梦幻世界(建设中),114.491122,30.458609,豹溪路以东,住宅小区,,120302,商务住宅,住宅区,住宅小区
光谷华府,114.496916,30.46397,流芳园横路与豹溪路辅路交叉口东320米,住宅小区,,120302,商务住宅,住宅区,住宅小区
大家传宸府,114.494679,30.458315,豹溪路与高新四路辅路交叉口北200米,住宅小区,,120302,商务住宅,住宅区,住宅小区
万和光谷,114.499198,30.456485,高新四路与光谷五路交汇处,住宅小区,,120302,商务住宅,住宅区,住宅小区
中建二局生活区,114.496125,30.456575,高新四路辅路与豹溪路交叉口东160米,住宅小区,,120302,商务住宅,住宅区,住宅小区
中国一冶生活区,114.508425,30.470525,清湾路与高新三路交叉口北180米,住宅小区,,120303|120302,商务住宅,住宅区,
光谷鼎正悦府,114.495066,30.45686,高新四路与光谷四路交汇处,住宅小区,,120302,商务住宅,住宅区,住宅小区
光谷·文荟城,114.507384,30.472431,神墩三路s1-08号,住宅小区,,120302,商务住宅,住宅区,住宅小区
中国建筑第三工程局P(2024)164号地块住宅项目,114.497839,30.455375,高新四路61号,住宅小区,,120302,商务住宅,住宅区,住宅小区
香颂公寓,114.501475,30.475175,高新二路与高科园二路交叉口西南140米,住宅小区,,120302,商务住宅,住宅区,住宅小区
龙湖中锦光谷城香颂C区,114.501825,30.475175,高新二路光谷龙湖天街南侧,住宅小区,,120302,商务住宅,住宅区,住宅小区
万和竞界,114.507569,30.473158,驿山南路与神墩五路交叉口西北40米,住宅小区,,120302,商务住宅,住宅区,住宅小区
民发·盛特区,114.508917,30.472201,光谷五路与神墩五路交会处,住宅小区,,120302,商务住宅,住宅区,住宅小区
光谷满庭春MOMΛ焕城,114.492338,30.473447,东湖高新区高新二路268号,住宅小区,,120302,商务住宅,住宅区,住宅小区
万和竞界一期,114.508916,30.473406,神墩五路与驿山南路交叉口东北120米,住宅小区,,120302,商务住宅,住宅区,住宅小区
龙湖光谷城,114.49869,30.476559,东湖新技术开发区高新二路,住宅小区,,120302,商务住宅,住宅区,住宅小区
光谷地产金地铂樾,114.496475,30.453725,豹溪路与高新四路辅路交叉口东南300米,住宅小区,,120302,商务住宅,住宅区,住宅小区
中建壹品·光谷元著营销中心,114.507753,30.475542,神墩三路s1-08号,住宅小区,,120302,商务住宅,住宅区,住宅小区
大家玖宸(建设中),114.496043,30.465479,佛祖岭东街1号,住宅小区,,120302,商务住宅,住宅区,住宅小区
招商·天青府(建设中),114.499337,30.471985,高新二路268号,住宅小区,,120302,商务住宅,住宅区,住宅小区
武汉光谷大家中心(建设中),114.499702,30.457736,豹溪路与高新四路辅路交叉口北220米,住宅小区,,120302,商务住宅,住宅区,住宅小区
万和竞界二期(建设中),114.509047,30.474509,驿山南路与高新二路辅路交叉口东南200米,住宅小区,,120302,商务住宅,住宅区,住宅小区
光谷中心城投·雲庐(建设中),114.495331,30.45237,豹溪路与南新街交叉口东北160米,住宅小区,,120302,商务住宅,住宅区,住宅小区
香港置地·元庐星启,114.518944,30.470596,东湖高新区星愿街以南、星芒路以西、高科园三路以北、星高路以东,住宅小区,,120302,商务住宅,住宅区,住宅小区
香港置地·元庐星礼,114.520826,30.470675,东湖高新区星愿街以南、星芒路以西、高科园三路以北、星高路以东,住宅小区,,120302,商务住宅,住宅区,住宅小区
香港置地·元庐,114.519654,30.470995,中国·光谷中心城外校旁,住宅小区,,120302,商务住宅,住宅区,住宅小区
香港置地·元庐星樾,114.518961,30.472075,星高路与星愿街交叉口东北100米,住宅小区,,120302,商务住宅,住宅区,住宅小区
光谷创新天地4期逸境,114.515843,30.472155,星愿街与高科园西路交叉口东北100米,住宅小区,,120302,商务住宅,住宅区,住宅小区
光谷创新天地4期,114.514943,30.472103,高新二路333号,住宅小区,,120302,商务住宅,住宅区,住宅小区
光谷创新天地4期悦庭,114.514093,30.472094,神墩五路与高科园西路交叉口西南120米,住宅小区,,120302,商务住宅,住宅区,住宅小区
同位素园1期,114.528233,30.470846,高科园三路与高科园二路交叉口东140米,住宅小区,,120302,商务住宅,住宅区,住宅小区
光谷创新天地3期,114.514267,30.473422,神墩五路与高科园西路交叉口西北100米,住宅小区,,120302,商务住宅,住宅区,住宅小区
光谷创新天地2期,114.51461,30.474923,光谷六路与高新二路交叉口东南,住宅小区,,120302,商务住宅,住宅区,住宅小区
光谷创新天地,114.514679,30.47497,高科园西路与星河街交叉口西北140米,住宅小区,,120302,商务住宅,住宅区,住宅小区
朗诗·里程七八期,114.519199,30.477251,高科园路与高新二路辅路交叉口西北140米,住宅小区,,120302,商务住宅,住宅区,住宅小区
光谷学府,114.521386,30.477344,东湖新技术开发区高新二路与高科园路交叉口东100米,住宅小区,,120302,商务住宅,住宅区,住宅小区
朗诗·里程五六期,114.517012,30.477275,高科园西路与高新二路辅路交叉口东北140米,住宅小区,,120302,商务住宅,住宅区,住宅小区
绿地光谷星河绘B区,114.523667,30.477448,神墩四路与高科园二路交叉口西320米,住宅小区,,120302,商务住宅,住宅区,住宅小区
光谷创新天地1期,114.51474,30.477386,光谷六路与神墩四路交汇处东南,住宅小区,,120302,商务住宅,住宅区,住宅小区
朗诗·里程,114.518063,30.478201,高科园路与神墩三路交汇,住宅小区,,120302,商务住宅,住宅区,住宅小区
豹澥街新建还建社区商铺大型商超项目,114.543275,30.462075,高新四路与生物园路交叉口东220米,住宅小区,,120302,商务住宅,住宅区,住宅小区
万年台社区,114.546258,30.46357,光谷八路,住宅小区,,120302,商务住宅,住宅区,住宅小区
三眼桥社区,114.545186,30.46011,高新四路202号,住宅小区,,120302,商务住宅,住宅区,住宅小区
豹澥社区4期,114.548325,30.461075,高新四路与桥北路交叉口西160米,住宅小区,,120302,商务住宅,住宅区,住宅小区
豹澥社区1期,114.547865,30.460112,桥北路与新兴路交叉口西200米,住宅小区,,120302,商务住宅,住宅区,住宅小区
桃花源南区,114.536142,30.477218,东湖新技术开发区光谷七路高新二路,住宅小区,,120302,商务住宅,住宅区,住宅小区
桃花源二期广场,114.536222,30.477466,光谷七路,住宅小区,,110105|120302,商务住宅,住宅区,住宅小区
华美楼,114.563825,30.467875,神墩五路与九龙中路交叉口东200米,住宅小区,,120302|120200,商务住宅,住宅区,住宅小区
金开瑞楼,114.563825,30.467875,神墩五路与九龙中路交叉口东200米,住宅小区,,120302,商务住宅,住宅区,住宅小区
豹澥九龙湖社区北区,114.556907,30.460631,东湖新技术开发区,住宅小区,,120302,商务住宅,住宅区,住宅小区
示范社区1期,114.556675,30.459875,新兴路与虎山一路交叉口东140米,住宅小区,,120302,商务住宅,住宅区,住宅小区
豹解还建小区,114.561025,30.459025,虎山二路与新兴路交叉口东北80米,住宅小区,,120302,商务住宅,住宅区,住宅小区
豹澥小区,114.556786,30.459611,新兴路与虎山一路交叉口东160米,住宅小区,,120302,商务住宅,住宅区,住宅小区
豹澥镇还建小区1期,114.556425,30.459725,新兴路与虎山一路交叉口东120米,住宅小区,,120302,商务住宅,住宅区,住宅小区
博爱楼,114.555007,30.46066,新兴路与虎山一路交叉口北80米,住宅小区,,120302,商务住宅,住宅区,住宅小区
豹澥还建社区2期,114.559983,30.45884,关豹高速神墩桥还建社区西北侧约200米豹澥还建小区2期37栋,住宅小区,,120302,商务住宅,住宅区,住宅小区
神墩桥还建社区,114.562093,30.458755,新兴路与神墩一路交叉口西北140米,住宅小区,,120302,商务住宅,住宅区,住宅小区
豹澥还建社区四区,114.557556,30.458116,高新五路与窑口路交叉口北120米,住宅小区,,120302,商务住宅,住宅区,住宅小区
豹澥还建社区5区南,114.561313,30.457552,东湖新技术开发区豹澥新还建小区5期正南方向150米,住宅小区,,120302,商务住宅,住宅区,住宅小区
豹澥还建社区,114.559873,30.457439,新兴路与神墩一路交叉口西300米,住宅小区,,120302,商务住宅,住宅区,住宅小区
豹澥黄金堂社区东区,114.555224,30.456327,虎山一路与新兴路交叉口南340米,住宅小区,,120302,商务住宅,住宅区,住宅小区
豹澥还建社区6期东区,114.557207,30.455356,窑口路与神墩一路交叉口北160米,住宅小区,,120302,商务住宅,住宅区,住宅小区
豹澥还建社区6期,114.55691,30.45515,桥南路44号,住宅小区,,120302,商务住宅,住宅区,住宅小区
豹澥镇新村,114.559412,30.454402,神墩一路与窑口路交叉口东240米,住宅小区,,120302,商务住宅,住宅区,住宅小区
豹澥黄金堂社区9期,114.552819,30.455931,虎山一路豹澥黄金堂社区,住宅小区,,120302,商务住宅,住宅区,住宅小区
豹澥黄金堂社区,114.553921,30.455124,桥正街豹澥新镇,住宅小区,,120302,商务住宅,住宅区,住宅小区
豹澥示范小区,114.554025,30.454975,神墩一路与窑口路交叉口西300米,住宅小区,,120302,商务住宅,住宅区,住宅小区
C8新区,114.554125,30.454925,神墩一路与窑口路交叉口西300米,住宅小区,,120302,商务住宅,住宅区,住宅小区
豹澥黄金堂社区西区,114.552773,30.454072,神墩一路与窑口路交叉口西400米,住宅小区,,120302,商务住宅,住宅区,住宅小区
五合新苑,114.439781,30.484185,湖口一路与光谷一路交叉口东南160米,住宅小区,,120302,商务住宅,住宅区,住宅小区
湖口社区,114.442812,30.486126,湖口地铁站A口步行420米,住宅小区,,120302,商务住宅,住宅区,住宅小区
屈臣氏(天成美景店),114.436647,30.484621,统建·天成美景,住宅小区,,120302,商务住宅,住宅区,住宅小区
统建·天成美景,114.436551,30.484755,东湖高新区光谷一路与湖口一路交汇处(光谷火车站东侧),住宅小区,,120302,商务住宅,住宅区,住宅小区
统建·天成美雅,114.437051,30.48692,东湖高新区光谷一路与湖口一路交汇处,住宅小区,,120302,商务住宅,住宅区,住宅小区
关南社区四期,114.435796,30.482778,黄龙山路北50米,住宅小区,,120302,商务住宅,住宅区,住宅小区
光谷悦城2期,114.438721,30.480159,光谷一路与湖口二路交叉口东南160米,住宅小区,,120302,商务住宅,住宅区,住宅小区
中建东湖锦城,114.443537,30.48104,湖新路与湖口二路交叉口东北200米,住宅小区,,120302,商务住宅,住宅区,住宅小区
金谷明珠园小区东区,114.444761,30.47981,高新二路127号,住宅小区,,120302,商务住宅,住宅区,住宅小区
国创光谷上城,114.44763,30.48585,高新大道与湖口路交汇处(湖口地铁站B口步行340米),住宅小区,,120302,商务住宅,住宅区,住宅小区
金谷明珠园小区,114.44466,30.479628,高新二路127号,住宅小区,,120302,商务住宅,住宅区,住宅小区
国创·山姆公馆,114.447577,30.486885,高新大道405号(湖口地铁站C口步行260米),住宅小区,,120302,商务住宅,住宅区,住宅小区
关南公寓,114.434725,30.479775,光谷一路与湖口二路交叉口西南360米,住宅小区,,100200|120302,住宿服务,,
金谷明珠园小区7期,114.445004,30.478951,笃行大道与崇教路交叉口西南180米,住宅小区,,120302,商务住宅,住宅区,住宅小区
406库小区,114.438993,30.497125,文华学院,住宅小区,,120302,商务住宅,住宅区,住宅小区
文华教师公寓,114.444116,30.496671,光谷一路附近,住宅小区,,120302,商务住宅,住宅区,住宅小区
成园小区,114.44231,30.498099,雅园路,住宅小区,,120302,商务住宅,住宅区,住宅小区
祥和雅居,114.437049,30.498224,文华路,住宅小区,,120302,商务住宅,住宅区,住宅小区
融创武汉桃花源(建设中),114.448233,30.493863,光谷一路9号,住宅小区,,120302,商务住宅,住宅区,住宅小区
楚源国际大厦,114.469968,30.489047,药监路,住宅小区,,120302,商务住宅,住宅区,住宅小区
融创光谷壹号院(建设中),114.451035,30.495804,东湖高新区光谷一路9号,住宅小区,,120302,商务住宅,住宅区,住宅小区
国药器械公寓,114.480297,30.482448,高新大道666号生物创新园,住宅小区,,120302,商务住宅,住宅区,住宅小区
中粮光谷祥云A区,114.483154,30.482597,神墩三路1号,住宅小区,,120302,商务住宅,住宅区,住宅小区
人才公寓光谷三路,114.480114,30.481022,科创南路与光谷三路辅路交叉口西南120米,住宅小区,,120302,商务住宅,住宅区,住宅小区
中粮光谷祥云,114.48481,30.482365,神墩三路1号,住宅小区,,120302,商务住宅,住宅区,住宅小区
中粮光谷祥云B区,114.485376,30.482773,豹墩路与豹山西街交叉口东北140米,住宅小区,,120302,商务住宅,住宅区,住宅小区
中粮·光谷祥云C区,114.485641,30.48128,豹山西街,住宅小区,,120302,商务住宅,住宅区,住宅小区
长江广电光谷家一区,114.488401,30.483251,豹山路与豹山西街交叉口东北200米,住宅小区,,120302,商务住宅,住宅区,住宅小区
长江广电光谷家二区,114.489103,30.480702,豹山路与神墩三路交叉口东北220米,住宅小区,,120302,商务住宅,住宅区,住宅小区
长江广电光谷家,114.489749,30.481627,东湖新技术开发区光谷四路66号,住宅小区,,120302,商务住宅,住宅区,住宅小区
铭山筑,114.474016,30.493473,光谷三路中建星光城对面,住宅小区,,120302,商务住宅,住宅区,住宅小区
中建·星光城一期,114.479112,30.495348,三星巷,住宅小区,,120302,商务住宅,住宅区,住宅小区
中建·星光城,114.480502,30.495944,光谷三路59号,住宅小区,,120302,商务住宅,住宅区,住宅小区
长江广电光谷家三区,114.492713,30.481607,光谷四路与神墩三路交叉口西北180米,住宅小区,,120302,商务住宅,住宅区,住宅小区
中建·星光城二期,114.48158,30.496443,何刘街18号,住宅小区,,120302,商务住宅,住宅区,住宅小区
九峰街·同安里社区1期,114.477222,30.497354,三星路23号,住宅小区,,120302,商务住宅,住宅区,住宅小区
九峰街·同安里社区,114.477227,30.497369,光谷三路57号,住宅小区,,120302,商务住宅,住宅区,住宅小区
九峰街·明畅里社区2期,114.484829,30.496947,三星巷与孟新路交叉口东北160米,住宅小区,,120302,商务住宅,住宅区,住宅小区
九峰街·明畅里社区,114.484388,30.497815,群建小路附近,住宅小区,,120302,商务住宅,住宅区,住宅小区
深业翠微谷(建设中),114.490043,30.494942,高新大道727号,住宅小区,,120302,商务住宅,住宅区,住宅小区
中建壹品·汉韵公馆(建设中),114.488145,30.496463,三星巷,住宅小区,,120302,商务住宅,住宅区,住宅小区
哈哈花园,114.499125,30.485975,揽月路与神墩一路交叉口西北100米,住宅小区,,120302,商务住宅,住宅区,住宅小区
绿地光谷中心城C区,114.498714,30.484325,雾华路与四方街交叉口西北60米,住宅小区,,120302,商务住宅,住宅区,住宅小区
绿地光谷中心城G区,114.499755,30.483706,四方街与雾华路交叉口东南60米,住宅小区,,120302,商务住宅,住宅区,住宅小区
绿地光谷中心城D区,114.498493,30.483685,雾华路与四方街交叉口西南80米,住宅小区,,120302,商务住宅,住宅区,住宅小区
武汉大悦城铂悦,114.499156,30.48677,高新大道718号武汉大悦城,住宅小区,,120302,商务住宅,住宅区,住宅小区
武汉大悦城B区,114.498612,30.48671,二泉街与豹溪路辅路交叉口东120米,住宅小区,,120302,商务住宅,住宅区,住宅小区
绿地光谷中心城,114.499126,30.482864,神墩三路s1-08号,住宅小区,,120302,商务住宅,住宅区,住宅小区
绿地光谷中心城H区,114.499733,30.482663,五彩西街与雾华路交叉口东南80米,住宅小区,,120302,商务住宅,住宅区,住宅小区
大悦城1期,114.497875,30.486675,豹溪路辅路与二泉街交叉口东南60米,住宅小区,,120302,商务住宅,住宅区,住宅小区
绿地光谷中心城E区,114.498534,30.482467,神墩三路s1-08号,住宅小区,,120302,商务住宅,住宅区,住宅小区
绿地光谷中心城I区,114.499551,30.481615,雾华路与神墩三路交叉口东北100米,住宅小区,,120302,商务住宅,住宅区,住宅小区
绿地光谷中心城F区,114.498636,30.481628,豹溪路与神墩三路交叉口北80米,住宅小区,,120302,商务住宅,住宅区,住宅小区
龙湖光谷城御景-北区,114.500888,30.480215,神墩三路与雾华路交叉口东180米,住宅小区,,120302,商务住宅,住宅区,住宅小区
龙湖光谷城A区,114.499372,30.480007,神墩三路与雾华路交叉口南80米,住宅小区,,120302,商务住宅,住宅区,住宅小区
九峰街道豹子溪社区,114.498444,30.480113,神墩三路s1-08号,住宅小区,,120302,商务住宅,住宅区,住宅小区
龙湖光谷城御景,114.501549,30.479715,神墩三路s1-08号,住宅小区,,120302,商务住宅,住宅区,住宅小区
武汉市东湖新技术开发区神墩三路商务居住项目,114.500625,30.479275,神墩三路s1-08号龙湖光谷城御景,住宅小区,,120200|120302,商务住宅,楼宇,
龙湖光谷城御景-南区,114.50098,30.479188,光谷五路与神墩三路交叉口西南240米,住宅小区,,120302,商务住宅,住宅区,住宅小区
南宁1号,114.501425,30.479025,光谷五路与神墩三路交叉口西南220米,住宅小区,,120302,商务住宅,住宅区,住宅小区
华翔中心,114.506682,30.48795,高新大道776号,住宅小区,,120302,商务住宅,住宅区,住宅小区
龙湖新壹城-西区,114.508544,30.485736,三泰街与松涛路交叉口东南60米,住宅小区,,120302,商务住宅,住宅区,住宅小区
奥山光谷世纪城1区,114.508167,30.488312,松涛路与一心街交叉口东北40米,住宅小区,,120302,商务住宅,住宅区,住宅小区
龙湖新壹城,114.509226,30.485546,驿山南路与神墩一路交汇处,住宅小区,,120302,商务住宅,住宅区,住宅小区
奥山光谷世纪城3区,114.508983,30.486953,二泉街与飞霞路交叉口西20米,住宅小区,,120302,商务住宅,住宅区,住宅小区
奥山光谷世纪城4区,114.509577,30.486521,飞霞路与三泰街交叉口东北60米,住宅小区,,120302,商务住宅,住宅区,住宅小区
龙湖新壹城东区,114.509945,30.485631,三泰街与朝曦路交叉口西南80米,住宅小区,,120302,商务住宅,住宅区,住宅小区
新汇1号地块,114.509875,30.488175,一心街与朝曦路交叉口西60米,住宅小区,,120302,商务住宅,住宅区,住宅小区
创新天地南里,114.511175,30.483175,五彩东街与云涛路交叉口西北60米,住宅小区,,120302|120200,商务住宅,住宅区,住宅小区
世界城·创世界,114.509152,30.478798,神墩三路与松涛路交叉口南240米,住宅小区,,120302,商务住宅,住宅区,住宅小区
三泰里公寓,114.511637,30.486463,朝曦路28号(光谷六路地铁站C2口步行190米),住宅小区,,120302,商务住宅,住宅区,住宅小区
朝曦荟,114.51164,30.486481,三泰街与朝曦路交叉口东120米,住宅小区,,120302,商务住宅,住宅区,住宅小区
国采光立方,114.510809,30.492541,九峰一路88号,住宅小区,,120302,商务住宅,住宅区,住宅小区
碧桂园云玺星荟4期,114.513775,30.479275,光谷六路辅路与神墩四路交叉口东北80米,住宅小区,,120302,商务住宅,住宅区,住宅小区
联投驿园二期,114.515322,30.483907,高科园西路100号(光谷六路地铁站B2口步行190米),住宅小区,,120302,商务住宅,住宅区,住宅小区
联投驿园,114.515412,30.484983,高科园西路88号(光谷六路地铁站C1口步行160米),住宅小区,,120302,商务住宅,住宅区,住宅小区
光谷崇文中心,114.51514,30.487794,东湖新技术开发区高新大道792号,住宅小区,,120302,商务住宅,住宅区,住宅小区
联投驿园一期,114.515475,30.486232,高科园西路88号(光谷六路地铁站C1口步行170米),住宅小区,,120302,商务住宅,住宅区,住宅小区
光谷188国际社区二期,114.519283,30.483936,高科园路与神墩一路交叉口西南140米,住宅小区,,120302,商务住宅,住宅区,住宅小区
湖北科投万科璞拾光屿,114.518556,30.485877,高新大道796号,住宅小区,,120302,商务住宅,住宅区,住宅小区
光谷洺悦天玺A区,114.521405,30.483935,神墩二路与高科园路交叉口东北140米,住宅小区,,120302,商务住宅,住宅区,住宅小区
中建三局科投总部住宅项目,114.520669,30.486958,高新大道798号(豹澥地铁站A口步行360米),住宅小区,,120302,商务住宅,住宅区,住宅小区
华诚里社区,114.519007,30.48309,神墩二路与星高路交叉口东80米,住宅小区,,120302,商务住宅,住宅区,住宅小区
光谷188国际社区,114.518148,30.483045,高科园西路188号,住宅小区,,120302,商务住宅,住宅区,住宅小区
光谷188国际社区一期,114.51704,30.48406,高科园西路188号(光谷六路地铁站C1口步行380米),住宅小区,,120302,商务住宅,住宅区,住宅小区
光谷洺悦天玺B区,114.52088,30.482043,高科园路与神墩二路交叉口东南100米,住宅小区,,120302,商务住宅,住宅区,住宅小区
光谷188国际社区三期东区,114.519223,30.482018,神墩二路与高科园路交叉口西南140米,住宅小区,,120302,商务住宅,住宅区,住宅小区
光谷188国际社区三期,114.518176,30.482028,星高路与神墩二路交叉口南100米,住宅小区,,120302,商务住宅,住宅区,住宅小区
光谷188国际社区三期西区,114.517129,30.482031,神墩二路与高科园西路交叉口东南140米,住宅小区,,120302,商务住宅,住宅区,住宅小区
光谷·南山府1期,114.524925,30.484375,神墩一路光谷第十七小学东侧,住宅小区,,120302,商务住宅,住宅区,住宅小区
宝业·璞园,114.5251,30.485936,光谷神墩一路111号,住宅小区,,120302,商务住宅,住宅区,住宅小区
宝业·璞园(北门),114.525125,30.485925,光谷神墩一路111号宝业·璞园,住宅小区,,120302,商务住宅,住宅区,住宅小区
郎诗里34期,114.519625,30.480275,高科园路与神墩三路交叉口西60米,住宅小区,,120302,商务住宅,住宅区,住宅小区
光谷·南山府,114.525564,30.483857,神墩一路与高科园路交汇处(光谷十七小旁),住宅小区,,120302,商务住宅,住宅区,住宅小区
碧桂园云玺二期,114.515347,30.481789,高科园西路168号,住宅小区,,120302,商务住宅,住宅区,住宅小区
绿地光谷星河绘A区,114.521817,30.47945,神墩三路与高科园一路交叉口西南160米,住宅小区,,120302,商务住宅,住宅区,住宅小区
朗诗·里程一二期,114.519102,30.479223,星高路与神墩四路交叉口东北120米,住宅小区,,120302,商务住宅,住宅区,住宅小区
碧桂园云玺,114.515345,30.480753,高科园西路168号,住宅小区,,120302,商务住宅,住宅区,住宅小区
光谷南山天樾,114.525884,30.481841,神墩二路76号,住宅小区,,120302,商务住宅,住宅区,住宅小区
光谷南山府物业,114.526716,30.483511,高科园二路与神墩二路交叉口北80米,住宅小区,,120302|170200,商务住宅,住宅区,住宅小区
朗诗·里程三四期,114.517072,30.47933,高科园西路与神墩四路交叉口东北120米,住宅小区,,120302,商务住宅,住宅区,住宅小区
南山天樾2期,114.525225,30.480725,神墩二路76号,住宅小区,,120302,商务住宅,住宅区,住宅小区
碧桂园云玺一期,114.515352,30.47958,光谷六路与神墩四路交汇处,住宅小区,,120302,商务住宅,住宅区,住宅小区
绿地光谷星河绘,114.522609,30.478597,神墩四路与高科园路交叉口东220米,住宅小区,,120302,商务住宅,住宅区,住宅小区
光谷翡丽天玺-北区,114.525626,30.479584,神墩三路与高科园二路交叉口西南140米,住宅小区,,120302,商务住宅,住宅区,住宅小区
中建光谷之星独栋合院D区,114.515675,30.491825,丽日街与旭日路交叉口西南60米,住宅小区,,120302,商务住宅,住宅区,住宅小区
碧桂园云玺3期,114.514425,30.478625,神墩四路与星辰路交叉口西北20米,住宅小区,,120302,商务住宅,住宅区,住宅小区
翡丽天玺,114.526035,30.478837,高新二路与高科园二路交汇处,住宅小区,,120302,商务住宅,住宅区,住宅小区
星利居,114.514175,30.478625,神墩四路与星辰路交叉口西40米,住宅小区,,120302,商务住宅,住宅区,住宅小区
宜业公寓,114.529531,30.485988,神墩一路与高科园二路交叉口东260米,住宅小区,,120302,商务住宅,住宅区,住宅小区
中建光谷之星B区,114.516442,30.493662,九峰南路与红日街交叉口西南80米,住宅小区,,120302,商务住宅,住宅区,住宅小区
中建光谷之星A区,114.51456,30.493069,光谷六路与九峰一路交叉口东南160米,住宅小区,,120302,商务住宅,住宅区,住宅小区
光谷国际社区一标段,114.520425,30.495025,高科园路与马驿西路交叉口东160米,住宅小区,,120302,商务住宅,住宅区,住宅小区
中建光谷之星C区,114.517721,30.494841,红日街与九峰南路交叉口东北100米,住宅小区,,120302,商务住宅,住宅区,住宅小区
工友之家生活区,114.526675,30.494925,高科园二路与九峰二路交叉口西北100米,住宅小区,,120303|120302,商务住宅,住宅区,
光谷国际社区(建设中),114.522733,30.495846,九峰一路148号,住宅小区,,120302,商务住宅,住宅区,住宅小区
武汉·驿山高尔夫观岭(装修中),114.519515,30.497322,九峰一路与日升路交叉口西180米,住宅小区,,120302,商务住宅,住宅区,住宅小区
光谷星城,114.541636,30.487038,东湖新技术开发区高新大道888号生物园路1号,住宅小区,,120302,商务住宅,住宅区,住宅小区
天悦时光,114.543175,30.490425,龙山南街与龙山溪路交叉口东200米,住宅小区,,120302,商务住宅,住宅区,住宅小区
侨梦苑,114.541344,30.478961,生物园路与神墩四路交叉口西北60米,住宅小区,,120302,商务住宅,住宅区,住宅小区
桃花源北区,114.536135,30.479316,神墩三路桃花源,住宅小区,,120302,商务住宅,住宅区,住宅小区
桃花源,114.53613,30.478365,,住宅小区,,120302,商务住宅,住宅区,住宅小区
高农创寓,114.547458,30.477926,神墩四路高农国际1层,住宅小区,,120302,商务住宅,住宅区,住宅小区
山水年华人才公寓,114.538683,30.49455,龙山溪二路与龙山街交叉口西北100米,住宅小区,,120302,商务住宅,住宅区,住宅小区
武汉未来科技城人才公寓,114.539918,30.494692,珊瑚北路东50米,住宅小区,,120302,商务住宅,住宅区,住宅小区
龙山郡小区1期2区,114.538548,30.495537,龙山溪二路与龙山街交叉口北220米,住宅小区,,120302,商务住宅,住宅区,住宅小区
光谷未来广场,114.550644,30.478826,神墩四路与光谷八路交叉口东北120米,住宅小区,,120302,商务住宅,住宅区,住宅小区
高农国际2期,114.549225,30.477125,光谷八路与神墩四路交叉口南120米,住宅小区,,120302,商务住宅,住宅区,住宅小区
北大资源山水年华一期,114.53731,30.496279,顶冠峰路与九峰二路交叉口东南140米,住宅小区,,120302,商务住宅,住宅区,住宅小区
北大资源山水年华,114.539021,30.496775,东湖新技术开发区珊瑚北路8号,住宅小区,,120302,商务住宅,住宅区,住宅小区
北大资源山水年华二期,114.539677,30.496951,九峰二路与龙山溪二路交叉口东220米,住宅小区,,120302,商务住宅,住宅区,住宅小区
中建三局生活区,114.563175,30.482925,启明一路与科技三路交叉口北280米,住宅小区,,120302,商务住宅,住宅区,住宅小区
现代森林花园,114.438379,30.503944,珞喻东路14号,住宅小区,,120302,商务住宅,住宅区,住宅小区
森林花园A区,114.438125,30.503925,珞喻东路与东湖绿道交叉口东南240米,住宅小区,,120302,商务住宅,住宅区,住宅小区
高新公寓,114.437325,30.504211,珞喻东路与吹笛路交叉口东南160米,住宅小区,,120302,商务住宅,住宅区,住宅小区
新翊居,114.441386,30.502799,光谷创业街与光谷一路交叉口西南220米,住宅小区,,120302,商务住宅,住宅区,住宅小区
恒大华府C区,114.440675,30.502425,光谷创业街与光谷一路交叉口西南300米,住宅小区,,120302,商务住宅,住宅区,住宅小区
恒大金碧天下,114.442843,30.506657,光谷一路与珞喻东路交叉口东120米,住宅小区,,120302,商务住宅,住宅区,住宅小区
关东康居园,114.436714,30.502971,珞喻东路10号(森林公园对面),住宅小区,,120302,商务住宅,住宅区,住宅小区
恒大华府A区,114.44397,30.505696,光谷一路与光谷创业街交叉口北200米,住宅小区,,120302,商务住宅,住宅区,住宅小区
诗影苑,114.436309,30.503454,关东园路与玉兰路交叉口东180米,住宅小区,,120302,商务住宅,住宅区,住宅小区
壹云玖曦台,114.437915,30.508402,东湖绿道与南韵路交叉口南200米,住宅小区,,120302,商务住宅,住宅区,住宅小区
武汉新世界恒大华府,114.442351,30.501537,东湖开发区光谷一路10号,住宅小区,,120302,商务住宅,住宅区,住宅小区
珞瑜·华公馆,114.444116,30.507413,珞瑜路恒大华府西北门商业街,住宅小区,,120302|050100,商务住宅,住宅区,住宅小区
瑞成佳苑,114.436876,30.500699,光谷创业街与关东园路交叉口北60米,住宅小区,,120302,商务住宅,住宅区,住宅小区
恒大华府B区,114.445603,30.503065,光谷创业街99号,住宅小区,,120302,商务住宅,住宅区,住宅小区
联投清能曼雲天樾,114.435903,30.500632,光谷创业街60号,住宅小区,,120302,商务住宅,住宅区,住宅小区
东湖高新关东园路P(2023)024号地块,114.436113,30.500425,东湖开发区光谷创业街以北、关东园路以西,住宅小区,,120302,商务住宅,住宅区,住宅小区
葛洲坝·卡尔顿庄园,114.44632,30.506982,关东园五路与光谷创业街交汇处,住宅小区,,120302,商务住宅,住宅区,住宅小区
森林公园小区,114.43583,30.510652,东湖绿道与南韵路交叉口西200米,住宅小区,,120302,商务住宅,住宅区,住宅小区
葛洲坝·世纪花园1期,114.448057,30.504267,珞喻东路26号,住宅小区,,120302,商务住宅,住宅区,住宅小区
YESIDO椰岛美容(光谷万科店),114.445555,30.499728,光谷一路万科嘉园印象里3层,住宅小区,,120302|071100,商务住宅,住宅区,住宅小区
万科嘉园,114.444818,30.498806,光谷一路12号,住宅小区,,120302,商务住宅,住宅区,住宅小区
光谷中央公园小区,114.447962,30.500094,"东湖开发区东至瑞云路,南、北至荷叶山路,西至光谷一路",住宅小区,,120302,商务住宅,住宅区,住宅小区
万科嘉园1期,114.445771,30.497908,荷叶山路与光谷一路交叉口西60米,住宅小区,,120302,商务住宅,住宅区,住宅小区
葛洲坝·世纪花园,114.450144,30.505139,光谷创业街与关东园五路交叉口,住宅小区,,120302,商务住宅,住宅区,住宅小区
华润中城昆仑御,114.450633,30.507923,光谷创业街路与秦云路交口,住宅小区,,120302,商务住宅,住宅区,住宅小区
葛洲坝·世纪花园2期,114.451552,30.505144,创业街76号,住宅小区,,120302,商务住宅,住宅区,住宅小区
葛洲坝·世纪花园3期,114.452146,30.50678,光谷创业街76号,住宅小区,,120302,商务住宅,住宅区,住宅小区
蓝光COCO时代,114.45103,30.499666,秦云路6号,住宅小区,,120302,商务住宅,住宅区,住宅小区
荷叶山社区,114.453709,30.502796,秦云路1号,住宅小区,,120302,商务住宅,住宅区,住宅小区
荷叶山社区2期,114.454475,30.503325,乔家山北路与荷叶山路交叉口西北420米,住宅小区,,120302,商务住宅,住宅区,住宅小区
左岭新城开发投资光谷珞喻路064号地块(建设中),114.435982,30.504781,"东湖高新珞瑜东路以南,关东园路以东",住宅小区,,120302,商务住宅,住宅区,住宅小区
珞路号家属区,114.464075,30.509025,珞喻东路辅路与群英路交叉口东南60米,住宅小区,,120302,商务住宅,住宅区,住宅小区
珞喻首府,114.471383,30.507082,光谷三路辅路与森林大道交叉口南200米,住宅小区,,120302,商务住宅,住宅区,住宅小区
吹笛社区,114.455475,30.517725,圃园路与圃卉路交叉口西80米,住宅小区,,120302,商务住宅,住宅区,住宅小区
沁源桩景,114.464807,30.51773,青王路东湖花木城沁园桩景,住宅小区,,120302,商务住宅,住宅区,住宅小区
华润光谷润璟(建设中),114.455129,30.500925,荷叶山路与乔家山北路交叉口西240米,住宅小区,,120302,商务住宅,住宅区,住宅小区
九峰首府(建设中),114.471632,30.506036,光谷三路辅路与玉林巷交叉口北220米,住宅小区,,120302,商务住宅,住宅区,住宅小区
铂金都汇(建设中),114.473045,30.503,东湖高新区光谷三路与玉林巷交汇处,住宅小区,,120302,商务住宅,住宅区,住宅小区
武汉成樾公寓,114.480347,30.506012,森林大道九峰王家店休闲广场,住宅小区,,120302|100200,商务住宅,住宅区,住宅小区
九峰街·景源里社区西苑,114.480438,30.503528,王家店,住宅小区,,120302,商务住宅,住宅区,住宅小区
九峯新社区,114.481888,30.505255,森林大道与光谷四路交叉口西260米,住宅小区,,120302,商务住宅,住宅区,住宅小区
九峰街·景源里社区,114.481815,30.503871,百合路,住宅小区,,120302,商务住宅,住宅区,住宅小区
同安里社区2期,114.478242,30.502325,紫兰路10号,住宅小区,,120302,商务住宅,住宅区,住宅小区
九峰街·景源里社区东苑,114.483499,30.504237,光谷四路附近,住宅小区,,120302,商务住宅,住宅区,住宅小区
三星苑,114.482173,30.501335,玉合巷8号,住宅小区,,120302,商务住宅,住宅区,住宅小区
九峰新区,114.48454,30.50206,东湖新技术开发区光谷四路18号,住宅小区,,120302,商务住宅,住宅区,住宅小区
幸福里社区,114.475492,30.501045,孟桥里与玉合巷交叉口西180米,住宅小区,,120302,商务住宅,住宅区,住宅小区
王店社区,114.484349,30.50084,光谷四路玉合巷群建里路,住宅小区,,120302,商务住宅,住宅区,住宅小区
九峰街·德欣里社区东苑,114.482993,30.499994,何刘街与群建里交叉口西180米,住宅小区,,120302,商务住宅,住宅区,住宅小区
九峰街·德欣里社区西苑,114.480189,30.498708,何刘街与王家店小路交叉口东北180米,住宅小区,,120302,商务住宅,住宅区,住宅小区
森林公寓西苑,114.485865,30.508912,森林大道(石门峰纪念公园南侧约100米)森林公寓,住宅小区,,120302,商务住宅,住宅区,住宅小区
民建楼,114.486325,30.508675,森林大道与光谷四路交叉口东北320米,住宅小区,,120302,商务住宅,住宅区,住宅小区
九峰街明畅里社区1期,114.483825,30.499125,何刘街与群建里交叉口西南120米,住宅小区,,120302,商务住宅,住宅区,住宅小区
森林公寓东苑,114.486818,30.508637,森林大道9号,住宅小区,,120302,商务住宅,住宅区,住宅小区
森林公寓南苑,114.488963,30.50839,森林大道9号(正点歌城旁),住宅小区,,120302,商务住宅,住宅区,住宅小区
进德楼,114.486688,30.497683,群建里与三星巷交叉口北80米,住宅小区,,120302,商务住宅,住宅区,住宅小区
九峰街清和里社区,114.488395,30.499101,三星路23号,住宅小区,,120302,商务住宅,住宅区,住宅小区
常青苑,114.480561,30.51434,,住宅小区,,120302,商务住宅,住宅区,住宅小区
物回小区,114.473498,30.512517,青王路与石门峰路交叉口南280米,住宅小区,,120302,商务住宅,住宅区,住宅小区
福星园2区,114.486965,30.51337,,住宅小区,,120302,商务住宅,住宅区,住宅小区
福山园11区,114.489887,30.514447,,住宅小区,,120302,商务住宅,住宅区,住宅小区
之寓未来,114.532647,30.499377,光谷七路17号,住宅小区,,120302,商务住宅,住宅区,住宅小区
之寓未来D区,114.533377,30.500405,顶冠峰路与九峰一路交叉口南220米,住宅小区,,120302,商务住宅,住宅区,住宅小区
武汉城建·光谷龙山湖,114.535598,30.501288,九峰一路珊瑚北路交汇处,住宅小区,,120302,商务住宅,住宅区,住宅小区
之寓未来A区,114.533824,30.498486,九峰一路194号,住宅小区,,120302,商务住宅,住宅区,住宅小区
中冶南方生活区,114.564825,30.502375,苏湖路与科技一路交叉口东南200米,住宅小区,,120302,商务住宅,住宅区,住宅小区
中乐园,114.434955,30.527691,洪山区吹笛景区东湖龙谷,住宅小区,,120302,商务住宅,住宅区,住宅小区
如院,114.436611,30.523798,武汉马鞍山森林公园缘山路,住宅小区,,120302,商务住宅,住宅区,住宅小区
东湖一叶,114.435764,30.531742,珞瑜东路619号吹笛景区(西北角),住宅小区,,120302,商务住宅,住宅区,住宅小区
马鞍山苗圃生活区,114.448227,30.521344,东临路与猴山路交叉口东南480米,住宅小区,,120302,商务住宅,住宅区,住宅小区
东都城还建房,114.461415,30.521387,森林公园,住宅小区,,120302,商务住宅,住宅区,住宅小区
万都花境,114.464398,30.521411,东湖花木城C302,住宅小区,,120302,商务住宅,住宅区,住宅小区
如茵花境,114.464456,30.521441,东湖六路与圃园路交叉口南80米,住宅小区,,120302,商务住宅,住宅区,住宅小区
晏家村31号,114.45646,30.519476,青王路150号,住宅小区,,120302,商务住宅,住宅区,住宅小区
东湖花木城C区,114.464725,30.519625,东湖六路与圃园路交叉口南280米,住宅小区,,120302,商务住宅,住宅区,住宅小区
溢景园,114.466367,30.519475,东湖六路与圃园路交叉口东南360米,住宅小区,,120302,商务住宅,住宅区,住宅小区
涧鸣花园,114.454077,30.517662,马鞍山森林公园苗圃晏家村2号,住宅小区,,120302,商务住宅,住宅区,住宅小区
建强小区,114.459026,30.534436,建强一路5号,住宅小区,,120302,商务住宅,住宅区,住宅小区
建强小区1期,114.459369,30.534873,建强一路与东湖绿道交叉口西北140米,住宅小区,,120302,商务住宅,住宅区,住宅小区
东湖笛苑,114.45887,30.536096,青王路与建强一路交叉口西北400米,住宅小区,,120302,商务住宅,住宅区,住宅小区
半岛·御舍,114.491025,30.530025,,住宅小区,,120302,商务住宅,住宅区,住宅小区
联投光谷瑞园一期,114.508491,30.533467,大长山路与希琥路交叉口东200米,住宅小区,,120302,商务住宅,住宅区,住宅小区
联投光谷瑞园,114.510193,30.532035,羡璧路与大长山路交叉口东北140米,住宅小区,,120302,商务住宅,住宅区,住宅小区
联投光谷瑞园二期,114.511902,30.530797,清正路1号,住宅小区,,120302,商务住宅,住宅区,住宅小区
武汉玺院,114.506573,30.535484,希琥路与大长山路交叉口北200米,住宅小区,,120302,商务住宅,住宅区,住宅小区
联投新青年花山河社区四期保障性租赁住房项目,114.514014,30.530564,花山大道35号,住宅小区,,120302,商务住宅,住宅区,住宅小区
花城家园梅园,114.514752,30.520727,土吴路2号,住宅小区,,120302,商务住宅,住宅区,住宅小区
花城家园李园,114.520818,30.523966,花福路林院居西100米,住宅小区,,120302,商务住宅,住宅区,住宅小区
铁花小苑,114.517202,30.52524,花福街与花福一里交叉口北360米,住宅小区,,120302,商务住宅,住宅区,住宅小区
林院居,114.523204,30.523598,花福北巷与花福二里交叉口西北60米,住宅小区,,120302,商务住宅,住宅区,住宅小区
花城家园橘园,114.516652,30.52347,东湖高新技术开发区花山小区,住宅小区,,120302,商务住宅,住宅区,住宅小区
艳阳景轩宴会中心(花山店),114.522552,30.522406,东湖新技术开发区花福路6号(宜尚酒店旁),住宅小区,,120302,商务住宅,住宅区,住宅小区
花城家园杏园,114.524855,30.523383,东湖新技术开发区花山街花城家园,住宅小区,,120302,商务住宅,住宅区,住宅小区
花城家园竹园,114.519825,30.520465,花福街4号,住宅小区,,120302,商务住宅,住宅区,住宅小区
花城家园,114.523474,30.521283,东湖新技术开发区,住宅小区,,120302,商务住宅,住宅区,住宅小区
花城家园桂园,114.525182,30.521092,森林大道花城家园,住宅小区,,120302,商务住宅,住宅区,住宅小区
花城家园荷园,114.5259,30.529851,,住宅小区,,120302,商务住宅,住宅区,住宅小区
花山社区,114.525776,30.530654,花山街荷园小区,住宅小区,,120302,商务住宅,住宅区,住宅小区
工人生活区,114.51625,30.53205,大长山路与立琮路交叉口西120米,住宅小区,,120302,商务住宅,住宅区,住宅小区
中国二十冶集团有限公司花城家园D1地块,114.523725,30.532225,庆珪路与大长山东路交叉口北120米,住宅小区,,120302,商务住宅,住宅区,住宅小区
花城家园,114.516125,30.532175,大长山路与立琮路交叉口西120米,住宅小区,,120302,商务住宅,住宅区,住宅小区
花城家园棠园,114.528168,30.520629,花福南巷与花福三里交叉口东160米,住宅小区,,120302,商务住宅,住宅区,住宅小区
联投花山河社区三期保障性租赁住房,114.51547,30.532472,大长山路与立琮路交叉口西200米,住宅小区,,120302,商务住宅,住宅区,住宅小区
花城家园兰园,114.528386,30.518936,花福南巷与花福四里交叉口西180米,住宅小区,,120302,商务住宅,住宅区,住宅小区
花城家园槿园,114.5312,30.520866,花福南巷与花福四里交叉口东北180米,住宅小区,,120302,商务住宅,住宅区,住宅小区
交投华园1期花山的小叠院,114.525781,30.534776,庆珪路与纹璜街交叉口东南380米,住宅小区,,120302,商务住宅,住宅区,住宅小区
联投新青年社区2期,114.511475,30.535044,羡璧路联投青年城,住宅小区,,120302,商务住宅,住宅区,住宅小区
联投新青年·花山河社区,114.512096,30.53547,联合路西150米,住宅小区,,120302,商务住宅,住宅区,住宅小区
交投华园,114.52555,30.536589,庆珪路与纹璜街交叉口东南180米,住宅小区,,120302,商务住宅,住宅区,住宅小区
交投华园1期宋雅阁,114.525649,30.536721,纹璜街与庆珪路交叉口东南180米,住宅小区,,120302,商务住宅,住宅区,住宅小区
花城家园樱园,114.53255,30.518341,花福南巷与花福四里交叉口东南280米,住宅小区,,120302,商务住宅,住宅区,住宅小区
湖北联投花山河商业街南岸137号地块(建设中),114.516751,30.535568,东湖高新花山河以南、赞璋街以北,住宅小区,,120302,商务住宅,住宅区,住宅小区
滨湖花园2期,114.451606,30.549248,青王路与甘刘村小路交叉口南500米,住宅小区,,120302,商务住宅,住宅区,住宅小区
滨湖花园,114.452961,30.547308,三环线附近,住宅小区,,120302,商务住宅,住宅区,住宅小区
滨湖花园1期,114.453497,30.546589,,住宅小区,,120302,商务住宅,住宅区,住宅小区
滨湖花园3期,114.454368,30.545193,青王路159号,住宅小区,,120302,商务住宅,住宅区,住宅小区
东湖云鹤湾,114.441925,30.557325,归雁一路与归雁二路交叉口西160米,住宅小区,,120302,商务住宅,住宅区,住宅小区
鼓架小区,114.465277,30.551193,东彭路鼓架社区物流北门,住宅小区,,120302,商务住宅,住宅区,住宅小区
华润联投半岛九里,114.494756,30.544483,花山大道与春和路交汇处,住宅小区,,120302,商务住宅,住宅区,住宅小区
安屿那,114.501433,30.543089,花山大道与春和路交汇处,住宅小区,,120302,商务住宅,住宅区,住宅小区
联投悦西湖,114.497819,30.54723,春和小路1号,住宅小区,,120302,商务住宅,住宅区,住宅小区
碧桂园·生态城叠翠台小区,114.502428,30.547099,山湖南路92号,住宅小区,,120302,商务住宅,住宅区,住宅小区
碧桂园·生态城观澜,114.50452,30.549377,花城南路附近,住宅小区,,120302,商务住宅,住宅区,住宅小区
碧桂园·生态城山湖间,114.501954,30.551252,花城大道旁边,住宅小区,,120302,商务住宅,住宅区,住宅小区
碧桂园·生态城依云,114.508072,30.545778,花山大道与春河路交叉口西行100米,住宅小区,,120302,商务住宅,住宅区,住宅小区
碧桂园生态城山湖间1期,114.500362,30.552763,鸿雁路与花城南路交叉口西南60米,住宅小区,,120302,商务住宅,住宅区,住宅小区
碧桂园·生态城剑桥郡,114.499564,30.552845,碧桂园生态城,住宅小区,,120302,商务住宅,住宅区,住宅小区
白羊山社区,114.514075,30.543125,希琥路与纹璜街交叉口东北240米,住宅小区,,120302,商务住宅,住宅区,住宅小区
花山印象二期,114.520996,30.548425,"松云路以北,立琮路以西",住宅小区,,120302,商务住宅,住宅区,住宅小区
碧桂园·生态城·东境,114.517267,30.547961,东湖高新区花城大道以北花山大道以东,住宅小区,,120302,商务住宅,住宅区,住宅小区
碧桂园生态城·左岸,114.515889,30.54296,花城大道与花山大道交汇处,住宅小区,,120302,商务住宅,住宅区,住宅小区
花山印象,114.51866,30.549032,花城大道与希琥路交叉口东北400米,住宅小区,,120302,商务住宅,住宅区,住宅小区
花山花锦A区,114.525313,30.540936,光谷八路与花城大道交叉口西南140米,住宅小区,,120302,商务住宅,住宅区,住宅小区
花山印象一期,114.515045,30.549594,花城大道35号,住宅小区,,120302,商务住宅,住宅区,住宅小区
联投花山河,114.515151,30.539946,纹璜街与羡璧路交叉口西120米,住宅小区,,120302,商务住宅,住宅区,住宅小区
交投华园2期,114.523636,30.539092,庆珪路与纹璜街交叉口西北140米,住宅小区,,120302,商务住宅,住宅区,住宅小区
白羊佳苑一期,114.532181,30.548047,白羊南街与建设路交叉口东北260米,住宅小区,,120302,商务住宅,住宅区,住宅小区
白羊佳苑,114.531742,30.549319,白羊南街与建设路交叉口东北340米,住宅小区,,120302,商务住宅,住宅区,住宅小区
白羊佳苑二期,114.531462,30.550171,白羊南街与建设路交叉口东北420米,住宅小区,,120302,商务住宅,住宅区,住宅小区
中交越秀·知园,114.51271,30.556797,山湖北路与白羊山路交叉口南240米,住宅小区,,120302,商务住宅,住宅区,住宅小区
花山印象三期(建设中),114.522015,30.547136,东湖开发区松云路以北、立琮路以西,住宅小区,,120302,商务住宅,住宅区,住宅小区
湖北联投花山板块103号地块(建设中),114.523631,30.542639,东湖开发区花城大道以北、立琮路以东,住宅小区,,120302,商务住宅,住宅区,住宅小区
城投·碧云原著(建设中),114.522952,30.541853,花城大道以南,住宅小区,,120302,商务住宅,住宅区,住宅小区
白羊佳苑三期(建设中),114.52944,30.548599,花山大道300号,住宅小区,,120302,商务住宅,住宅区,住宅小区
柠檬花院,114.545475,30.551225,,住宅小区,,120302,商务住宅,住宅区,住宅小区
